case,tick,time,ice_index,x,y,angle,vx,vy,angular_velocity,measured_speed,sleeping,contacts,near_liquid_count,near_liquid_mean_speed,near_liquid_p95_speed,deep_liquid_inside_ice,active_ml,retired_ml
Kinematic-Cluster4-Empty,300,6.02,0,-3.08138323,-1.608662,-1.85726678,0,0,0,0,1,7,0,0,0,0,0,0
Kinematic-Cluster4-Empty,300,6.02,1,-2.702986,-1.61551046,-3.85045,0,0,0,0,1,9,0,0,0,0,0,0
Kinematic-Cluster4-Empty,300,6.02,2,-3.061415,-1.23170364,0.3415946,0,0,0,0,1,6,0,0,0,0,0,0
Kinematic-Cluster4-Empty,300,6.02,3,-2.68727064,-1.24569011,-10.7984133,0,0,0,0,1,7,0,0,0,0,0,0
Kinematic-Cluster4-Empty,301,6.04,0,-3.08138323,-1.608662,-1.85726678,0,0,0,0,1,7,0,0,0,0,0,0
Kinematic-Cluster4-Empty,301,6.04,1,-2.702986,-1.61551046,-3.85045,0,0,0,0,1,9,0,0,0,0,0,0
Kinematic-Cluster4-Empty,301,6.04,2,-3.061415,-1.23170364,0.3415946,0,0,0,0,1,6,0,0,0,0,0,0
Kinematic-Cluster4-Empty,301,6.04,3,-2.68727064,-1.24569011,-10.7984133,0,0,0,0,1,7,0,0,0,0,0,0
Kinematic-Cluster4-Empty,302,6.06,0,-3.08138323,-1.608662,-1.85726678,0,0,0,0,1,7,0,0,0,0,0,0
Kinematic-Cluster4-Empty,302,6.06,1,-2.702986,-1.61551046,-3.85045,0,0,0,0,1,9,0,0,0,0,0,0
Kinematic-Cluster4-Empty,302,6.06,2,-3.061415,-1.23170364,0.3415946,0,0,0,0,1,6,0,0,0,0,0,0
Kinematic-Cluster4-Empty,302,6.06,3,-2.68727064,-1.24569011,-10.7984133,0,0,0,0,1,7,0,0,0,0,0,0
Kinematic-Cluster4-Empty,303,6.08,0,-3.08138323,-1.608662,-1.85726678,0,0,0,0,1,7,0,0,0,0,0,0
Kinematic-Cluster4-Empty,303,6.08,1,-2.702986,-1.61551046,-3.85045,0,0,0,0,1,9,0,0,0,0,0,0
Kinematic-Cluster4-Empty,303,6.08,2,-3.061415,-1.23170364,0.3415946,0,0,0,0,1,6,0,0,0,0,0,0
Kinematic-Cluster4-Empty,303,6.08,3,-2.68727064,-1.24569011,-10.7984133,0,0,0,0,1,7,0,0,0,0,0,0
Kinematic-Cluster4-Empty,304,6.1,0,-3.08138323,-1.608662,-1.85726678,0,0,0,0,1,7,0,0,0,0,0,0
Kinematic-Cluster4-Empty,304,6.1,1,-2.702986,-1.61551046,-3.85045,0,0,0,0,1,9,0,0,0,0,0,0
Kinematic-Cluster4-Empty,304,6.1,2,-3.061415,-1.23170364,0.3415946,0,0,0,0,1,6,0,0,0,0,0,0
Kinematic-Cluster4-Empty,304,6.1,3,-2.68727064,-1.24569011,-10.7984133,0,0,0,0,1,7,0,0,0,0,0,0
Kinematic-Cluster4-Empty,305,6.12,0,-3.08138323,-1.608662,-1.85726678,0,0,0,0,1,7,0,0,0,0,0,0
Kinematic-Cluster4-Empty,305,6.12,1,-2.702986,-1.61551046,-3.85045,0,0,0,0,1,9,0,0,0,0,0,0
Kinematic-Cluster4-Empty,305,6.12,2,-3.061415,-1.23170364,0.3415946,0,0,0,0,1,6,0,0,0,0,0,0
Kinematic-Cluster4-Empty,305,6.12,3,-2.68727064,-1.24569011,-10.7984133,0,0,0,0,1,7,0,0,0,0,0,0
Kinematic-Cluster4-Empty,306,6.14,0,-3.08138323,-1.608662,-1.85726678,0,0,0,0,1,7,0,0,0,0,0,0
Kinematic-Cluster4-Empty,306,6.14,1,-2.702986,-1.61551046,-3.85045,0,0,0,0,1,9,0,0,0,0,0,0
Kinematic-Cluster4-Empty,306,6.14,2,-3.061415,-1.23170364,0.3415946,0,0,0,0,1,6,0,0,0,0,0,0
Kinematic-Cluster4-Empty,306,6.14,3,-2.68727064,-1.24569011,-10.7984133,0,0,0,0,1,7,0,0,0,0,0,0
Kinematic-Cluster4-Empty,307,6.16,0,-3.08138323,-1.608662,-1.85726678,0,0,0,0,1,7,0,0,0,0,0,0
Kinematic-Cluster4-Empty,307,6.16,1,-2.702986,-1.61551046,-3.85045,0,0,0,0,1,9,0,0,0,0,0,0
Kinematic-Cluster4-Empty,307,6.16,2,-3.061415,-1.23170364,0.3415946,0,0,0,0,1,6,0,0,0,0,0,0
Kinematic-Cluster4-Empty,307,6.16,3,-2.68727064,-1.24569011,-10.7984133,0,0,0,0,1,7,0,0,0,0,0,0
Kinematic-Cluster4-Empty,308,6.18,0,-3.08138323,-1.608662,-1.85726678,0,0,0,0,1,7,0,0,0,0,0,0
Kinematic-Cluster4-Empty,308,6.18,1,-2.702986,-1.61551046,-3.85045,0,0,0,0,1,9,0,0,0,0,0,0
Kinematic-Cluster4-Empty,308,6.18,2,-3.061415,-1.23170364,0.3415946,0,0,0,0,1,6,0,0,0,0,0,0
Kinematic-Cluster4-Empty,308,6.18,3,-2.68727064,-1.24569011,-10.7984133,0,0,0,0,1,7,0,0,0,0,0,0
Kinematic-Cluster4-Empty,309,6.2,0,-3.08138323,-1.608662,-1.85726678,0,0,0,0,1,7,0,0,0,0,0,0
Kinematic-Cluster4-Empty,309,6.2,1,-2.702986,-1.61551046,-3.85045,0,0,0,0,1,9,0,0,0,0,0,0
Kinematic-Cluster4-Empty,309,6.2,2,-3.061415,-1.23170364,0.3415946,0,0,0,0,1,6,0,0,0,0,0,0
Kinematic-Cluster4-Empty,309,6.2,3,-2.68727064,-1.24569011,-10.7984133,0,0,0,0,1,7,0,0,0,0,0,0
Kinematic-Cluster4-Empty,310,6.22,0,-3.08138323,-1.608662,-1.85726678,0,0,0,0,1,7,0,0,0,0,0,0
Kinematic-Cluster4-Empty,310,6.22,1,-2.702986,-1.61551046,-3.85045,0,0,0,0,1,9,0,0,0,0,0,0
Kinematic-Cluster4-Empty,310,6.22,2,-3.061415,-1.23170364,0.3415946,0,0,0,0,1,6,0,0,0,0,0,0
Kinematic-Cluster4-Empty,310,6.22,3,-2.68727064,-1.24569011,-10.7984133,0,0,0,0,1,7,0,0,0,0,0,0
Kinematic-Cluster4-Empty,311,6.24,0,-3.08138323,-1.608662,-1.85726678,0,0,0,0,1,7,0,0,0,0,0,0
Kinematic-Cluster4-Empty,311,6.24,1,-2.702986,-1.61551046,-3.85045,0,0,0,0,1,9,0,0,0,0,0,0
Kinematic-Cluster4-Empty,311,6.24,2,-3.061415,-1.23170364,0.3415946,0,0,0,0,1,6,0,0,0,0,0,0
Kinematic-Cluster4-Empty,311,6.24,3,-2.68727064,-1.24569011,-10.7984133,0,0,0,0,1,7,0,0,0,0,0,0
Kinematic-Cluster4-Empty,312,6.25999975,0,-3.08138323,-1.608662,-1.85726678,0,0,0,0,1,7,0,0,0,0,0,0
Kinematic-Cluster4-Empty,312,6.25999975,1,-2.702986,-1.61551046,-3.85045,0,0,0,0,1,9,0,0,0,0,0,0
Kinematic-Cluster4-Empty,312,6.25999975,2,-3.061415,-1.23170364,0.3415946,0,0,0,0,1,6,0,0,0,0,0,0
Kinematic-Cluster4-Empty,312,6.25999975,3,-2.68727064,-1.24569011,-10.7984133,0,0,0,0,1,7,0,0,0,0,0,0
Kinematic-Cluster4-Empty,313,6.27999973,0,-3.08138323,-1.608662,-1.85726678,0,0,0,0,1,7,0,0,0,0,0,0
Kinematic-Cluster4-Empty,313,6.27999973,1,-2.702986,-1.61551046,-3.85045,0,0,0,0,1,9,0,0,0,0,0,0
Kinematic-Cluster4-Empty,313,6.27999973,2,-3.061415,-1.23170364,0.3415946,0,0,0,0,1,6,0,0,0,0,0,0
Kinematic-Cluster4-Empty,313,6.27999973,3,-2.68727064,-1.24569011,-10.7984133,0,0,0,0,1,7,0,0,0,0,0,0
Kinematic-Cluster4-Empty,314,6.29999971,0,-3.08138323,-1.608662,-1.85726678,0,0,0,0,1,7,0,0,0,0,0,0
Kinematic-Cluster4-Empty,314,6.29999971,1,-2.702986,-1.61551046,-3.85045,0,0,0,0,1,9,0,0,0,0,0,0
Kinematic-Cluster4-Empty,314,6.29999971,2,-3.061415,-1.23170364,0.3415946,0,0,0,0,1,6,0,0,0,0,0,0
Kinematic-Cluster4-Empty,314,6.29999971,3,-2.68727064,-1.24569011,-10.7984133,0,0,0,0,1,7,0,0,0,0,0,0
Kinematic-Cluster4-Empty,315,6.31999969,0,-3.08138323,-1.608662,-1.85726678,0,0,0,0,1,7,0,0,0,0,0,0
Kinematic-Cluster4-Empty,315,6.31999969,1,-2.702986,-1.61551046,-3.85045,0,0,0,0,1,9,0,0,0,0,0,0
Kinematic-Cluster4-Empty,315,6.31999969,2,-3.061415,-1.23170364,0.3415946,0,0,0,0,1,6,0,0,0,0,0,0
Kinematic-Cluster4-Empty,315,6.31999969,3,-2.68727064,-1.24569011,-10.7984133,0,0,0,0,1,7,0,0,0,0,0,0
Kinematic-Cluster4-Empty,316,6.33999968,0,-3.08138323,-1.608662,-1.85726678,0,0,0,0,1,7,0,0,0,0,0,0
Kinematic-Cluster4-Empty,316,6.33999968,1,-2.702986,-1.61551046,-3.85045,0,0,0,0,1,9,0,0,0,0,0,0
Kinematic-Cluster4-Empty,316,6.33999968,2,-3.061415,-1.23170364,0.3415946,0,0,0,0,1,6,0,0,0,0,0,0
Kinematic-Cluster4-Empty,316,6.33999968,3,-2.68727064,-1.24569011,-10.7984133,0,0,0,0,1,7,0,0,0,0,0,0
Kinematic-Cluster4-Empty,317,6.35999966,0,-3.08138323,-1.608662,-1.85726678,0,0,0,0,1,7,0,0,0,0,0,0
Kinematic-Cluster4-Empty,317,6.35999966,1,-2.702986,-1.61551046,-3.85045,0,0,0,0,1,9,0,0,0,0,0,0
Kinematic-Cluster4-Empty,317,6.35999966,2,-3.061415,-1.23170364,0.3415946,0,0,0,0,1,6,0,0,0,0,0,0
Kinematic-Cluster4-Empty,317,6.35999966,3,-2.68727064,-1.24569011,-10.7984133,0,0,0,0,1,7,0,0,0,0,0,0
Kinematic-Cluster4-Empty,318,6.37999964,0,-3.08138323,-1.608662,-1.85726678,0,0,0,0,1,7,0,0,0,0,0,0
Kinematic-Cluster4-Empty,318,6.37999964,1,-2.702986,-1.61551046,-3.85045,0,0,0,0,1,9,0,0,0,0,0,0
Kinematic-Cluster4-Empty,318,6.37999964,2,-3.061415,-1.23170364,0.3415946,0,0,0,0,1,6,0,0,0,0,0,0
Kinematic-Cluster4-Empty,318,6.37999964,3,-2.68727064,-1.24569011,-10.7984133,0,0,0,0,1,7,0,0,0,0,0,0
Kinematic-Cluster4-Empty,319,6.39999962,0,-3.08138323,-1.608662,-1.85726678,0,0,0,0,1,7,0,0,0,0,0,0
Kinematic-Cluster4-Empty,319,6.39999962,1,-2.702986,-1.61551046,-3.85045,0,0,0,0,1,9,0,0,0,0,0,0
Kinematic-Cluster4-Empty,319,6.39999962,2,-3.061415,-1.23170364,0.3415946,0,0,0,0,1,6,0,0,0,0,0,0
Kinematic-Cluster4-Empty,319,6.39999962,3,-2.68727064,-1.24569011,-10.7984133,0,0,0,0,1,7,0,0,0,0,0,0
Kinematic-Cluster4-Empty,320,6.42,0,-3.08138323,-1.608662,-1.85726678,0,0,0,0,1,7,0,0,0,0,0,0
Kinematic-Cluster4-Empty,320,6.42,1,-2.702986,-1.61551046,-3.85045,0,0,0,0,1,9,0,0,0,0,0,0
Kinematic-Cluster4-Empty,320,6.42,2,-3.061415,-1.23170364,0.3415946,0,0,0,0,1,6,0,0,0,0,0,0
Kinematic-Cluster4-Empty,320,6.42,3,-2.68727064,-1.24569011,-10.7984133,0,0,0,0,1,7,0,0,0,0,0,0
Kinematic-Cluster4-Empty,321,6.44,0,-3.08138323,-1.608662,-1.85726678,0,0,0,0,1,7,0,0,0,0,0,0
Kinematic-Cluster4-Empty,321,6.44,1,-2.702986,-1.61551046,-3.85045,0,0,0,0,1,9,0,0,0,0,0,0
Kinematic-Cluster4-Empty,321,6.44,2,-3.061415,-1.23170364,0.3415946,0,0,0,0,1,6,0,0,0,0,0,0
Kinematic-Cluster4-Empty,321,6.44,3,-2.68727064,-1.24569011,-10.7984133,0,0,0,0,1,7,0,0,0,0,0,0
Kinematic-Cluster4-Empty,322,6.46,0,-3.08138323,-1.608662,-1.85726678,0,0,0,0,1,7,0,0,0,0,0,0
Kinematic-Cluster4-Empty,322,6.46,1,-2.702986,-1.61551046,-3.85045,0,0,0,0,1,9,0,0,0,0,0,0
Kinematic-Cluster4-Empty,322,6.46,2,-3.061415,-1.23170364,0.3415946,0,0,0,0,1,6,0,0,0,0,0,0
Kinematic-Cluster4-Empty,322,6.46,3,-2.68727064,-1.24569011,-10.7984133,0,0,0,0,1,7,0,0,0,0,0,0
Kinematic-Cluster4-Empty,323,6.48,0,-3.08138323,-1.608662,-1.85726678,0,0,0,0,1,7,0,0,0,0,0,0
Kinematic-Cluster4-Empty,323,6.48,1,-2.702986,-1.61551046,-3.85045,0,0,0,0,1,9,0,0,0,0,0,0
Kinematic-Cluster4-Empty,323,6.48,2,-3.061415,-1.23170364,0.3415946,0,0,0,0,1,6,0,0,0,0,0,0
Kinematic-Cluster4-Empty,323,6.48,3,-2.68727064,-1.24569011,-10.7984133,0,0,0,0,1,7,0,0,0,0,0,0
Kinematic-Cluster4-Empty,324,6.5,0,-3.08138323,-1.608662,-1.85726678,0,0,0,0,1,7,0,0,0,0,0,0
Kinematic-Cluster4-Empty,324,6.5,1,-2.702986,-1.61551046,-3.85045,0,0,0,0,1,9,0,0,0,0,0,0
Kinematic-Cluster4-Empty,324,6.5,2,-3.061415,-1.23170364,0.3415946,0,0,0,0,1,6,0,0,0,0,0,0
Kinematic-Cluster4-Empty,324,6.5,3,-2.68727064,-1.24569011,-10.7984133,0,0,0,0,1,7,0,0,0,0,0,0
Kinematic-Cluster4-Empty,325,6.52,0,-3.08138323,-1.608662,-1.85726678,0,0,0,0,1,7,0,0,0,0,0,0
Kinematic-Cluster4-Empty,325,6.52,1,-2.702986,-1.61551046,-3.85045,0,0,0,0,1,9,0,0,0,0,0,0
Kinematic-Cluster4-Empty,325,6.52,2,-3.061415,-1.23170364,0.3415946,0,0,0,0,1,6,0,0,0,0,0,0
Kinematic-Cluster4-Empty,325,6.52,3,-2.68727064,-1.24569011,-10.7984133,0,0,0,0,1,7,0,0,0,0,0,0
Kinematic-Cluster4-Empty,326,6.54,0,-3.08138323,-1.608662,-1.85726678,0,0,0,0,1,7,0,0,0,0,0,0
Kinematic-Cluster4-Empty,326,6.54,1,-2.702986,-1.61551046,-3.85045,0,0,0,0,1,9,0,0,0,0,0,0
Kinematic-Cluster4-Empty,326,6.54,2,-3.061415,-1.23170364,0.3415946,0,0,0,0,1,6,0,0,0,0,0,0
Kinematic-Cluster4-Empty,326,6.54,3,-2.68727064,-1.24569011,-10.7984133,0,0,0,0,1,7,0,0,0,0,0,0
Kinematic-Cluster4-Empty,327,6.56,0,-3.08138323,-1.608662,-1.85726678,0,0,0,0,1,7,0,0,0,0,0,0
Kinematic-Cluster4-Empty,327,6.56,1,-2.702986,-1.61551046,-3.85045,0,0,0,0,1,9,0,0,0,0,0,0
Kinematic-Cluster4-Empty,327,6.56,2,-3.061415,-1.23170364,0.3415946,0,0,0,0,1,6,0,0,0,0,0,0
Kinematic-Cluster4-Empty,327,6.56,3,-2.68727064,-1.24569011,-10.7984133,0,0,0,0,1,7,0,0,0,0,0,0
Kinematic-Cluster4-Empty,328,6.58,0,-3.08138323,-1.608662,-1.85726678,0,0,0,0,1,7,0,0,0,0,0,0
Kinematic-Cluster4-Empty,328,6.58,1,-2.702986,-1.61551046,-3.85045,0,0,0,0,1,9,0,0,0,0,0,0
Kinematic-Cluster4-Empty,328,6.58,2,-3.061415,-1.23170364,0.3415946,0,0,0,0,1,6,0,0,0,0,0,0
Kinematic-Cluster4-Empty,328,6.58,3,-2.68727064,-1.24569011,-10.7984133,0,0,0,0,1,7,0,0,0,0,0,0
Kinematic-Cluster4-Empty,329,6.6,0,-3.08138323,-1.608662,-1.85726678,0,0,0,0,1,7,0,0,0,0,0,0
Kinematic-Cluster4-Empty,329,6.6,1,-2.702986,-1.61551046,-3.85045,0,0,0,0,1,9,0,0,0,0,0,0
Kinematic-Cluster4-Empty,329,6.6,2,-3.061415,-1.23170364,0.3415946,0,0,0,0,1,6,0,0,0,0,0,0
Kinematic-Cluster4-Empty,329,6.6,3,-2.68727064,-1.24569011,-10.7984133,0,0,0,0,1,7,0,0,0,0,0,0
Kinematic-Cluster4-Empty,330,6.62,0,-3.08138323,-1.608662,-1.85726678,0,0,0,0,1,7,0,0,0,0,0,0
Kinematic-Cluster4-Empty,330,6.62,1,-2.702986,-1.61551046,-3.85045,0,0,0,0,1,9,0,0,0,0,0,0
Kinematic-Cluster4-Empty,330,6.62,2,-3.061415,-1.23170364,0.3415946,0,0,0,0,1,6,0,0,0,0,0,0
Kinematic-Cluster4-Empty,330,6.62,3,-2.68727064,-1.24569011,-10.7984133,0,0,0,0,1,7,0,0,0,0,0,0
Kinematic-Cluster4-Empty,331,6.64,0,-3.08138323,-1.608662,-1.85726678,0,0,0,0,1,7,0,0,0,0,0,0
Kinematic-Cluster4-Empty,331,6.64,1,-2.702986,-1.61551046,-3.85045,0,0,0,0,1,9,0,0,0,0,0,0
Kinematic-Cluster4-Empty,331,6.64,2,-3.061415,-1.23170364,0.3415946,0,0,0,0,1,6,0,0,0,0,0,0
Kinematic-Cluster4-Empty,331,6.64,3,-2.68727064,-1.24569011,-10.7984133,0,0,0,0,1,7,0,0,0,0,0,0
Kinematic-Cluster4-Empty,332,6.66,0,-3.08138323,-1.608662,-1.85726678,0,0,0,0,1,7,0,0,0,0,0,0
Kinematic-Cluster4-Empty,332,6.66,1,-2.702986,-1.61551046,-3.85045,0,0,0,0,1,9,0,0,0,0,0,0
Kinematic-Cluster4-Empty,332,6.66,2,-3.061415,-1.23170364,0.3415946,0,0,0,0,1,6,0,0,0,0,0,0
Kinematic-Cluster4-Empty,332,6.66,3,-2.68727064,-1.24569011,-10.7984133,0,0,0,0,1,7,0,0,0,0,0,0
Kinematic-Cluster4-Empty,333,6.68,0,-3.08138323,-1.608662,-1.85726678,0,0,0,0,1,7,0,0,0,0,0,0
Kinematic-Cluster4-Empty,333,6.68,1,-2.702986,-1.61551046,-3.85045,0,0,0,0,1,9,0,0,0,0,0,0
Kinematic-Cluster4-Empty,333,6.68,2,-3.061415,-1.23170364,0.3415946,0,0,0,0,1,6,0,0,0,0,0,0
Kinematic-Cluster4-Empty,333,6.68,3,-2.68727064,-1.24569011,-10.7984133,0,0,0,0,1,7,0,0,0,0,0,0
Kinematic-Cluster4-Empty,334,6.7,0,-3.08138323,-1.608662,-1.85726678,0,0,0,0,1,7,0,0,0,0,0,0
Kinematic-Cluster4-Empty,334,6.7,1,-2.702986,-1.61551046,-3.85045,0,0,0,0,1,9,0,0,0,0,0,0
Kinematic-Cluster4-Empty,334,6.7,2,-3.061415,-1.23170364,0.3415946,0,0,0,0,1,6,0,0,0,0,0,0
Kinematic-Cluster4-Empty,334,6.7,3,-2.68727064,-1.24569011,-10.7984133,0,0,0,0,1,7,0,0,0,0,0,0
Kinematic-Cluster4-Empty,335,6.72,0,-3.08138323,-1.608662,-1.85726678,0,0,0,0,1,7,0,0,0,0,0,0
Kinematic-Cluster4-Empty,335,6.72,1,-2.702986,-1.61551046,-3.85045,0,0,0,0,1,9,0,0,0,0,0,0
Kinematic-Cluster4-Empty,335,6.72,2,-3.061415,-1.23170364,0.3415946,0,0,0,0,1,6,0,0,0,0,0,0
Kinematic-Cluster4-Empty,335,6.72,3,-2.68727064,-1.24569011,-10.7984133,0,0,0,0,1,7,0,0,0,0,0,0
Kinematic-Cluster4-Empty,336,6.74,0,-3.08138323,-1.608662,-1.85726678,0,0,0,0,1,7,0,0,0,0,0,0
Kinematic-Cluster4-Empty,336,6.74,1,-2.702986,-1.61551046,-3.85045,0,0,0,0,1,9,0,0,0,0,0,0
Kinematic-Cluster4-Empty,336,6.74,2,-3.061415,-1.23170364,0.3415946,0,0,0,0,1,6,0,0,0,0,0,0
Kinematic-Cluster4-Empty,336,6.74,3,-2.68727064,-1.24569011,-10.7984133,0,0,0,0,1,7,0,0,0,0,0,0
Kinematic-Cluster4-Empty,337,6.75999975,0,-3.08138323,-1.608662,-1.85726678,0,0,0,0,1,7,0,0,0,0,0,0
Kinematic-Cluster4-Empty,337,6.75999975,1,-2.702986,-1.61551046,-3.85045,0,0,0,0,1,9,0,0,0,0,0,0
Kinematic-Cluster4-Empty,337,6.75999975,2,-3.061415,-1.23170364,0.3415946,0,0,0,0,1,6,0,0,0,0,0,0
Kinematic-Cluster4-Empty,337,6.75999975,3,-2.68727064,-1.24569011,-10.7984133,0,0,0,0,1,7,0,0,0,0,0,0
Kinematic-Cluster4-Empty,338,6.77999973,0,-3.08138323,-1.608662,-1.85726678,0,0,0,0,1,7,0,0,0,0,0,0
Kinematic-Cluster4-Empty,338,6.77999973,1,-2.702986,-1.61551046,-3.85045,0,0,0,0,1,9,0,0,0,0,0,0
Kinematic-Cluster4-Empty,338,6.77999973,2,-3.061415,-1.23170364,0.3415946,0,0,0,0,1,6,0,0,0,0,0,0
Kinematic-Cluster4-Empty,338,6.77999973,3,-2.68727064,-1.24569011,-10.7984133,0,0,0,0,1,7,0,0,0,0,0,0
Kinematic-Cluster4-Empty,339,6.79999971,0,-3.08138323,-1.608662,-1.85726678,0,0,0,0,1,7,0,0,0,0,0,0
Kinematic-Cluster4-Empty,339,6.79999971,1,-2.702986,-1.61551046,-3.85045,0,0,0,0,1,9,0,0,0,0,0,0
Kinematic-Cluster4-Empty,339,6.79999971,2,-3.061415,-1.23170364,0.3415946,0,0,0,0,1,6,0,0,0,0,0,0
Kinematic-Cluster4-Empty,339,6.79999971,3,-2.68727064,-1.24569011,-10.7984133,0,0,0,0,1,7,0,0,0,0,0,0
Kinematic-Cluster4-Empty,340,6.81999969,0,-3.08138323,-1.608662,-1.85726678,0,0,0,0,1,7,0,0,0,0,0,0
Kinematic-Cluster4-Empty,340,6.81999969,1,-2.702986,-1.61551046,-3.85045,0,0,0,0,1,9,0,0,0,0,0,0
Kinematic-Cluster4-Empty,340,6.81999969,2,-3.061415,-1.23170364,0.3415946,0,0,0,0,1,6,0,0,0,0,0,0
Kinematic-Cluster4-Empty,340,6.81999969,3,-2.68727064,-1.24569011,-10.7984133,0,0,0,0,1,7,0,0,0,0,0,0
Kinematic-Cluster4-Empty,341,6.83999968,0,-3.08138323,-1.608662,-1.85726678,0,0,0,0,1,7,0,0,0,0,0,0
Kinematic-Cluster4-Empty,341,6.83999968,1,-2.702986,-1.61551046,-3.85045,0,0,0,0,1,9,0,0,0,0,0,0
Kinematic-Cluster4-Empty,341,6.83999968,2,-3.061415,-1.23170364,0.3415946,0,0,0,0,1,6,0,0,0,0,0,0
Kinematic-Cluster4-Empty,341,6.83999968,3,-2.68727064,-1.24569011,-10.7984133,0,0,0,0,1,7,0,0,0,0,0,0
Kinematic-Cluster4-Empty,342,6.85999966,0,-3.08138323,-1.608662,-1.85726678,0,0,0,0,1,7,0,0,0,0,0,0
Kinematic-Cluster4-Empty,342,6.85999966,1,-2.702986,-1.61551046,-3.85045,0,0,0,0,1,9,0,0,0,0,0,0
Kinematic-Cluster4-Empty,342,6.85999966,2,-3.061415,-1.23170364,0.3415946,0,0,0,0,1,6,0,0,0,0,0,0
Kinematic-Cluster4-Empty,342,6.85999966,3,-2.68727064,-1.24569011,-10.7984133,0,0,0,0,1,7,0,0,0,0,0,0
Kinematic-Cluster4-Empty,343,6.87999964,0,-3.08138323,-1.608662,-1.85726678,0,0,0,0,1,7,0,0,0,0,0,0
Kinematic-Cluster4-Empty,343,6.87999964,1,-2.702986,-1.61551046,-3.85045,0,0,0,0,1,9,0,0,0,0,0,0
Kinematic-Cluster4-Empty,343,6.87999964,2,-3.061415,-1.23170364,0.3415946,0,0,0,0,1,6,0,0,0,0,0,0
Kinematic-Cluster4-Empty,343,6.87999964,3,-2.68727064,-1.24569011,-10.7984133,0,0,0,0,1,7,0,0,0,0,0,0
Kinematic-Cluster4-Empty,344,6.89999962,0,-3.08138323,-1.608662,-1.85726678,0,0,0,0,1,7,0,0,0,0,0,0
Kinematic-Cluster4-Empty,344,6.89999962,1,-2.702986,-1.61551046,-3.85045,0,0,0,0,1,9,0,0,0,0,0,0
Kinematic-Cluster4-Empty,344,6.89999962,2,-3.061415,-1.23170364,0.3415946,0,0,0,0,1,6,0,0,0,0,0,0
Kinematic-Cluster4-Empty,344,6.89999962,3,-2.68727064,-1.24569011,-10.7984133,0,0,0,0,1,7,0,0,0,0,0,0
Kinematic-Cluster4-Empty,345,6.92,0,-3.08138323,-1.608662,-1.85726678,0,0,0,0,1,7,0,0,0,0,0,0
Kinematic-Cluster4-Empty,345,6.92,1,-2.702986,-1.61551046,-3.85045,0,0,0,0,1,9,0,0,0,0,0,0
Kinematic-Cluster4-Empty,345,6.92,2,-3.061415,-1.23170364,0.3415946,0,0,0,0,1,6,0,0,0,0,0,0
Kinematic-Cluster4-Empty,345,6.92,3,-2.68727064,-1.24569011,-10.7984133,0,0,0,0,1,7,0,0,0,0,0,0
Kinematic-Cluster4-Empty,346,6.94,0,-3.08138323,-1.608662,-1.85726678,0,0,0,0,1,7,0,0,0,0,0,0
Kinematic-Cluster4-Empty,346,6.94,1,-2.702986,-1.61551046,-3.85045,0,0,0,0,1,9,0,0,0,0,0,0
Kinematic-Cluster4-Empty,346,6.94,2,-3.061415,-1.23170364,0.3415946,0,0,0,0,1,6,0,0,0,0,0,0
Kinematic-Cluster4-Empty,346,6.94,3,-2.68727064,-1.24569011,-10.7984133,0,0,0,0,1,7,0,0,0,0,0,0
Kinematic-Cluster4-Empty,347,6.96,0,-3.08138323,-1.608662,-1.85726678,0,0,0,0,1,7,0,0,0,0,0,0
Kinematic-Cluster4-Empty,347,6.96,1,-2.702986,-1.61551046,-3.85045,0,0,0,0,1,9,0,0,0,0,0,0
Kinematic-Cluster4-Empty,347,6.96,2,-3.061415,-1.23170364,0.3415946,0,0,0,0,1,6,0,0,0,0,0,0
Kinematic-Cluster4-Empty,347,6.96,3,-2.68727064,-1.24569011,-10.7984133,0,0,0,0,1,7,0,0,0,0,0,0
Kinematic-Cluster4-Empty,348,6.98,0,-3.08138323,-1.608662,-1.85726678,0,0,0,0,1,7,0,0,0,0,0,0
Kinematic-Cluster4-Empty,348,6.98,1,-2.702986,-1.61551046,-3.85045,0,0,0,0,1,9,0,0,0,0,0,0
Kinematic-Cluster4-Empty,348,6.98,2,-3.061415,-1.23170364,0.3415946,0,0,0,0,1,6,0,0,0,0,0,0
Kinematic-Cluster4-Empty,348,6.98,3,-2.68727064,-1.24569011,-10.7984133,0,0,0,0,1,7,0,0,0,0,0,0
Kinematic-Cluster4-Empty,349,7,0,-3.08138323,-1.608662,-1.85726678,0,0,0,0,1,7,0,0,0,0,0,0
Kinematic-Cluster4-Empty,349,7,1,-2.702986,-1.61551046,-3.85045,0,0,0,0,1,9,0,0,0,0,0,0
Kinematic-Cluster4-Empty,349,7,2,-3.061415,-1.23170364,0.3415946,0,0,0,0,1,6,0,0,0,0,0,0
Kinematic-Cluster4-Empty,349,7,3,-2.68727064,-1.24569011,-10.7984133,0,0,0,0,1,7,0,0,0,0,0,0
Kinematic-Cluster4-Empty,350,7.02,0,-3.08138323,-1.608662,-1.85726678,0,0,0,0,1,7,0,0,0,0,0,0
Kinematic-Cluster4-Empty,350,7.02,1,-2.702986,-1.61551046,-3.85045,0,0,0,0,1,9,0,0,0,0,0,0
Kinematic-Cluster4-Empty,350,7.02,2,-3.061415,-1.23170364,0.3415946,0,0,0,0,1,6,0,0,0,0,0,0
Kinematic-Cluster4-Empty,350,7.02,3,-2.68727064,-1.24569011,-10.7984133,0,0,0,0,1,7,0,0,0,0,0,0
Kinematic-Cluster4-Empty,351,7.04,0,-3.08138323,-1.608662,-1.85726678,0,0,0,0,1,7,0,0,0,0,0,0
Kinematic-Cluster4-Empty,351,7.04,1,-2.702986,-1.61551046,-3.85045,0,0,0,0,1,9,0,0,0,0,0,0
Kinematic-Cluster4-Empty,351,7.04,2,-3.061415,-1.23170364,0.3415946,0,0,0,0,1,6,0,0,0,0,0,0
Kinematic-Cluster4-Empty,351,7.04,3,-2.68727064,-1.24569011,-10.7984133,0,0,0,0,1,7,0,0,0,0,0,0
Kinematic-Cluster4-Empty,352,7.06,0,-3.08138323,-1.608662,-1.85726678,0,0,0,0,1,7,0,0,0,0,0,0
Kinematic-Cluster4-Empty,352,7.06,1,-2.702986,-1.61551046,-3.85045,0,0,0,0,1,9,0,0,0,0,0,0
Kinematic-Cluster4-Empty,352,7.06,2,-3.061415,-1.23170364,0.3415946,0,0,0,0,1,6,0,0,0,0,0,0
Kinematic-Cluster4-Empty,352,7.06,3,-2.68727064,-1.24569011,-10.7984133,0,0,0,0,1,7,0,0,0,0,0,0
Kinematic-Cluster4-Empty,353,7.08,0,-3.08138323,-1.608662,-1.85726678,0,0,0,0,1,7,0,0,0,0,0,0
Kinematic-Cluster4-Empty,353,7.08,1,-2.702986,-1.61551046,-3.85045,0,0,0,0,1,9,0,0,0,0,0,0
Kinematic-Cluster4-Empty,353,7.08,2,-3.061415,-1.23170364,0.3415946,0,0,0,0,1,6,0,0,0,0,0,0
Kinematic-Cluster4-Empty,353,7.08,3,-2.68727064,-1.24569011,-10.7984133,0,0,0,0,1,7,0,0,0,0,0,0
Kinematic-Cluster4-Empty,354,7.1,0,-3.08138323,-1.608662,-1.85726678,0,0,0,0,1,7,0,0,0,0,0,0
Kinematic-Cluster4-Empty,354,7.1,1,-2.702986,-1.61551046,-3.85045,0,0,0,0,1,9,0,0,0,0,0,0
Kinematic-Cluster4-Empty,354,7.1,2,-3.061415,-1.23170364,0.3415946,0,0,0,0,1,6,0,0,0,0,0,0
Kinematic-Cluster4-Empty,354,7.1,3,-2.68727064,-1.24569011,-10.7984133,0,0,0,0,1,7,0,0,0,0,0,0
Kinematic-Cluster4-Empty,355,7.12,0,-3.08138323,-1.608662,-1.85726678,0,0,0,0,1,7,0,0,0,0,0,0
Kinematic-Cluster4-Empty,355,7.12,1,-2.702986,-1.61551046,-3.85045,0,0,0,0,1,9,0,0,0,0,0,0
Kinematic-Cluster4-Empty,355,7.12,2,-3.061415,-1.23170364,0.3415946,0,0,0,0,1,6,0,0,0,0,0,0
Kinematic-Cluster4-Empty,355,7.12,3,-2.68727064,-1.24569011,-10.7984133,0,0,0,0,1,7,0,0,0,0,0,0
Kinematic-Cluster4-Empty,356,7.14,0,-3.08138323,-1.608662,-1.85726678,0,0,0,0,1,7,0,0,0,0,0,0
Kinematic-Cluster4-Empty,356,7.14,1,-2.702986,-1.61551046,-3.85045,0,0,0,0,1,9,0,0,0,0,0,0
Kinematic-Cluster4-Empty,356,7.14,2,-3.061415,-1.23170364,0.3415946,0,0,0,0,1,6,0,0,0,0,0,0
Kinematic-Cluster4-Empty,356,7.14,3,-2.68727064,-1.24569011,-10.7984133,0,0,0,0,1,7,0,0,0,0,0,0
Kinematic-Cluster4-Empty,357,7.16,0,-3.08138323,-1.608662,-1.85726678,0,0,0,0,1,7,0,0,0,0,0,0
Kinematic-Cluster4-Empty,357,7.16,1,-2.702986,-1.61551046,-3.85045,0,0,0,0,1,9,0,0,0,0,0,0
Kinematic-Cluster4-Empty,357,7.16,2,-3.061415,-1.23170364,0.3415946,0,0,0,0,1,6,0,0,0,0,0,0
Kinematic-Cluster4-Empty,357,7.16,3,-2.68727064,-1.24569011,-10.7984133,0,0,0,0,1,7,0,0,0,0,0,0
Kinematic-Cluster4-Empty,358,7.18,0,-3.08138323,-1.608662,-1.85726678,0,0,0,0,1,7,0,0,0,0,0,0
Kinematic-Cluster4-Empty,358,7.18,1,-2.702986,-1.61551046,-3.85045,0,0,0,0,1,9,0,0,0,0,0,0
Kinematic-Cluster4-Empty,358,7.18,2,-3.061415,-1.23170364,0.3415946,0,0,0,0,1,6,0,0,0,0,0,0
Kinematic-Cluster4-Empty,358,7.18,3,-2.68727064,-1.24569011,-10.7984133,0,0,0,0,1,7,0,0,0,0,0,0
Kinematic-Cluster4-Empty,359,7.2,0,-3.08138323,-1.608662,-1.85726678,0,0,0,0,1,7,0,0,0,0,0,0
Kinematic-Cluster4-Empty,359,7.2,1,-2.702986,-1.61551046,-3.85045,0,0,0,0,1,9,0,0,0,0,0,0
Kinematic-Cluster4-Empty,359,7.2,2,-3.061415,-1.23170364,0.3415946,0,0,0,0,1,6,0,0,0,0,0,0
Kinematic-Cluster4-Empty,359,7.2,3,-2.68727064,-1.24569011,-10.7984133,0,0,0,0,1,7,0,0,0,0,0,0
Kinematic-Cluster4-Empty,360,7.22,0,-3.08138323,-1.608662,-1.85726678,0,0,0,0,1,7,0,0,0,0,0,0
Kinematic-Cluster4-Empty,360,7.22,1,-2.702986,-1.61551046,-3.85045,0,0,0,0,1,9,0,0,0,0,0,0
Kinematic-Cluster4-Empty,360,7.22,2,-3.061415,-1.23170364,0.3415946,0,0,0,0,1,6,0,0,0,0,0,0
Kinematic-Cluster4-Empty,360,7.22,3,-2.68727064,-1.24569011,-10.7984133,0,0,0,0,1,7,0,0,0,0,0,0
Kinematic-Cluster4-Empty,361,7.24,0,-3.08138323,-1.608662,-1.85726678,0,0,0,0,1,7,0,0,0,0,0,0
Kinematic-Cluster4-Empty,361,7.24,1,-2.702986,-1.61551046,-3.85045,0,0,0,0,1,9,0,0,0,0,0,0
Kinematic-Cluster4-Empty,361,7.24,2,-3.061415,-1.23170364,0.3415946,0,0,0,0,1,6,0,0,0,0,0,0
Kinematic-Cluster4-Empty,361,7.24,3,-2.68727064,-1.24569011,-10.7984133,0,0,0,0,1,7,0,0,0,0,0,0
Kinematic-Cluster4-Empty,362,7.25999975,0,-3.08138323,-1.608662,-1.85726678,0,0,0,0,1,7,0,0,0,0,0,0
Kinematic-Cluster4-Empty,362,7.25999975,1,-2.702986,-1.61551046,-3.85045,0,0,0,0,1,9,0,0,0,0,0,0
Kinematic-Cluster4-Empty,362,7.25999975,2,-3.061415,-1.23170364,0.3415946,0,0,0,0,1,6,0,0,0,0,0,0
Kinematic-Cluster4-Empty,362,7.25999975,3,-2.68727064,-1.24569011,-10.7984133,0,0,0,0,1,7,0,0,0,0,0,0
Kinematic-Cluster4-Empty,363,7.27999973,0,-3.08138323,-1.608662,-1.85726678,0,0,0,0,1,7,0,0,0,0,0,0
Kinematic-Cluster4-Empty,363,7.27999973,1,-2.702986,-1.61551046,-3.85045,0,0,0,0,1,9,0,0,0,0,0,0
Kinematic-Cluster4-Empty,363,7.27999973,2,-3.061415,-1.23170364,0.3415946,0,0,0,0,1,6,0,0,0,0,0,0
Kinematic-Cluster4-Empty,363,7.27999973,3,-2.68727064,-1.24569011,-10.7984133,0,0,0,0,1,7,0,0,0,0,0,0
Kinematic-Cluster4-Empty,364,7.29999971,0,-3.08138323,-1.608662,-1.85726678,0,0,0,0,1,7,0,0,0,0,0,0
Kinematic-Cluster4-Empty,364,7.29999971,1,-2.702986,-1.61551046,-3.85045,0,0,0,0,1,9,0,0,0,0,0,0
Kinematic-Cluster4-Empty,364,7.29999971,2,-3.061415,-1.23170364,0.3415946,0,0,0,0,1,6,0,0,0,0,0,0
Kinematic-Cluster4-Empty,364,7.29999971,3,-2.68727064,-1.24569011,-10.7984133,0,0,0,0,1,7,0,0,0,0,0,0
Kinematic-Cluster4-Empty,365,7.31999969,0,-3.08138323,-1.608662,-1.85726678,0,0,0,0,1,7,0,0,0,0,0,0
Kinematic-Cluster4-Empty,365,7.31999969,1,-2.702986,-1.61551046,-3.85045,0,0,0,0,1,9,0,0,0,0,0,0
Kinematic-Cluster4-Empty,365,7.31999969,2,-3.061415,-1.23170364,0.3415946,0,0,0,0,1,6,0,0,0,0,0,0
Kinematic-Cluster4-Empty,365,7.31999969,3,-2.68727064,-1.24569011,-10.7984133,0,0,0,0,1,7,0,0,0,0,0,0
Kinematic-Cluster4-Empty,366,7.33999968,0,-3.08138323,-1.608662,-1.85726678,0,0,0,0,1,7,0,0,0,0,0,0
Kinematic-Cluster4-Empty,366,7.33999968,1,-2.702986,-1.61551046,-3.85045,0,0,0,0,1,9,0,0,0,0,0,0
Kinematic-Cluster4-Empty,366,7.33999968,2,-3.061415,-1.23170364,0.3415946,0,0,0,0,1,6,0,0,0,0,0,0
Kinematic-Cluster4-Empty,366,7.33999968,3,-2.68727064,-1.24569011,-10.7984133,0,0,0,0,1,7,0,0,0,0,0,0
Kinematic-Cluster4-Empty,367,7.35999966,0,-3.08138323,-1.608662,-1.85726678,0,0,0,0,1,7,0,0,0,0,0,0
Kinematic-Cluster4-Empty,367,7.35999966,1,-2.702986,-1.61551046,-3.85045,0,0,0,0,1,9,0,0,0,0,0,0
Kinematic-Cluster4-Empty,367,7.35999966,2,-3.061415,-1.23170364,0.3415946,0,0,0,0,1,6,0,0,0,0,0,0
Kinematic-Cluster4-Empty,367,7.35999966,3,-2.68727064,-1.24569011,-10.7984133,0,0,0,0,1,7,0,0,0,0,0,0
Kinematic-Cluster4-Empty,368,7.37999964,0,-3.08138323,-1.608662,-1.85726678,0,0,0,0,1,7,0,0,0,0,0,0
Kinematic-Cluster4-Empty,368,7.37999964,1,-2.702986,-1.61551046,-3.85045,0,0,0,0,1,9,0,0,0,0,0,0
Kinematic-Cluster4-Empty,368,7.37999964,2,-3.061415,-1.23170364,0.3415946,0,0,0,0,1,6,0,0,0,0,0,0
Kinematic-Cluster4-Empty,368,7.37999964,3,-2.68727064,-1.24569011,-10.7984133,0,0,0,0,1,7,0,0,0,0,0,0
Kinematic-Cluster4-Empty,369,7.39999962,0,-3.08138323,-1.608662,-1.85726678,0,0,0,0,1,7,0,0,0,0,0,0
Kinematic-Cluster4-Empty,369,7.39999962,1,-2.702986,-1.61551046,-3.85045,0,0,0,0,1,9,0,0,0,0,0,0
Kinematic-Cluster4-Empty,369,7.39999962,2,-3.061415,-1.23170364,0.3415946,0,0,0,0,1,6,0,0,0,0,0,0
Kinematic-Cluster4-Empty,369,7.39999962,3,-2.68727064,-1.24569011,-10.7984133,0,0,0,0,1,7,0,0,0,0,0,0
Kinematic-Cluster4-Empty,370,7.4199996,0,-3.08138323,-1.608662,-1.85726678,0,0,0,0,1,7,0,0,0,0,0,0
Kinematic-Cluster4-Empty,370,7.4199996,1,-2.702986,-1.61551046,-3.85045,0,0,0,0,1,9,0,0,0,0,0,0
Kinematic-Cluster4-Empty,370,7.4199996,2,-3.061415,-1.23170364,0.3415946,0,0,0,0,1,6,0,0,0,0,0,0
Kinematic-Cluster4-Empty,370,7.4199996,3,-2.68727064,-1.24569011,-10.7984133,0,0,0,0,1,7,0,0,0,0,0,0
Kinematic-Cluster4-Empty,371,7.44,0,-3.08138323,-1.608662,-1.85726678,0,0,0,0,1,7,0,0,0,0,0,0
Kinematic-Cluster4-Empty,371,7.44,1,-2.702986,-1.61551046,-3.85045,0,0,0,0,1,9,0,0,0,0,0,0
Kinematic-Cluster4-Empty,371,7.44,2,-3.061415,-1.23170364,0.3415946,0,0,0,0,1,6,0,0,0,0,0,0
Kinematic-Cluster4-Empty,371,7.44,3,-2.68727064,-1.24569011,-10.7984133,0,0,0,0,1,7,0,0,0,0,0,0
Kinematic-Cluster4-Empty,372,7.46,0,-3.08138323,-1.608662,-1.85726678,0,0,0,0,1,7,0,0,0,0,0,0
Kinematic-Cluster4-Empty,372,7.46,1,-2.702986,-1.61551046,-3.85045,0,0,0,0,1,9,0,0,0,0,0,0
Kinematic-Cluster4-Empty,372,7.46,2,-3.061415,-1.23170364,0.3415946,0,0,0,0,1,6,0,0,0,0,0,0
Kinematic-Cluster4-Empty,372,7.46,3,-2.68727064,-1.24569011,-10.7984133,0,0,0,0,1,7,0,0,0,0,0,0
Kinematic-Cluster4-Empty,373,7.48,0,-3.08138323,-1.608662,-1.85726678,0,0,0,0,1,7,0,0,0,0,0,0
Kinematic-Cluster4-Empty,373,7.48,1,-2.702986,-1.61551046,-3.85045,0,0,0,0,1,9,0,0,0,0,0,0
Kinematic-Cluster4-Empty,373,7.48,2,-3.061415,-1.23170364,0.3415946,0,0,0,0,1,6,0,0,0,0,0,0
Kinematic-Cluster4-Empty,373,7.48,3,-2.68727064,-1.24569011,-10.7984133,0,0,0,0,1,7,0,0,0,0,0,0
Kinematic-Cluster4-Empty,374,7.5,0,-3.08138323,-1.608662,-1.85726678,0,0,0,0,1,7,0,0,0,0,0,0
Kinematic-Cluster4-Empty,374,7.5,1,-2.702986,-1.61551046,-3.85045,0,0,0,0,1,9,0,0,0,0,0,0
Kinematic-Cluster4-Empty,374,7.5,2,-3.061415,-1.23170364,0.3415946,0,0,0,0,1,6,0,0,0,0,0,0
Kinematic-Cluster4-Empty,374,7.5,3,-2.68727064,-1.24569011,-10.7984133,0,0,0,0,1,7,0,0,0,0,0,0
Kinematic-Cluster4-Empty,375,7.52,0,-3.08138323,-1.608662,-1.85726678,0,0,0,0,1,7,0,0,0,0,0,0
Kinematic-Cluster4-Empty,375,7.52,1,-2.702986,-1.61551046,-3.85045,0,0,0,0,1,9,0,0,0,0,0,0
Kinematic-Cluster4-Empty,375,7.52,2,-3.061415,-1.23170364,0.3415946,0,0,0,0,1,6,0,0,0,0,0,0
Kinematic-Cluster4-Empty,375,7.52,3,-2.68727064,-1.24569011,-10.7984133,0,0,0,0,1,7,0,0,0,0,0,0
Kinematic-Cluster4-Empty,376,7.54,0,-3.08138323,-1.608662,-1.85726678,0,0,0,0,1,7,0,0,0,0,0,0
Kinematic-Cluster4-Empty,376,7.54,1,-2.702986,-1.61551046,-3.85045,0,0,0,0,1,9,0,0,0,0,0,0
Kinematic-Cluster4-Empty,376,7.54,2,-3.061415,-1.23170364,0.3415946,0,0,0,0,1,6,0,0,0,0,0,0
Kinematic-Cluster4-Empty,376,7.54,3,-2.68727064,-1.24569011,-10.7984133,0,0,0,0,1,7,0,0,0,0,0,0
Kinematic-Cluster4-Empty,377,7.56,0,-3.08138323,-1.608662,-1.85726678,0,0,0,0,1,7,0,0,0,0,0,0
Kinematic-Cluster4-Empty,377,7.56,1,-2.702986,-1.61551046,-3.85045,0,0,0,0,1,9,0,0,0,0,0,0
Kinematic-Cluster4-Empty,377,7.56,2,-3.061415,-1.23170364,0.3415946,0,0,0,0,1,6,0,0,0,0,0,0
Kinematic-Cluster4-Empty,377,7.56,3,-2.68727064,-1.24569011,-10.7984133,0,0,0,0,1,7,0,0,0,0,0,0
Kinematic-Cluster4-Empty,378,7.58,0,-3.08138323,-1.608662,-1.85726678,0,0,0,0,1,7,0,0,0,0,0,0
Kinematic-Cluster4-Empty,378,7.58,1,-2.702986,-1.61551046,-3.85045,0,0,0,0,1,9,0,0,0,0,0,0
Kinematic-Cluster4-Empty,378,7.58,2,-3.061415,-1.23170364,0.3415946,0,0,0,0,1,6,0,0,0,0,0,0
Kinematic-Cluster4-Empty,378,7.58,3,-2.68727064,-1.24569011,-10.7984133,0,0,0,0,1,7,0,0,0,0,0,0
Kinematic-Cluster4-Empty,379,7.6,0,-3.08138323,-1.608662,-1.85726678,0,0,0,0,1,7,0,0,0,0,0,0
Kinematic-Cluster4-Empty,379,7.6,1,-2.702986,-1.61551046,-3.85045,0,0,0,0,1,9,0,0,0,0,0,0
Kinematic-Cluster4-Empty,379,7.6,2,-3.061415,-1.23170364,0.3415946,0,0,0,0,1,6,0,0,0,0,0,0
Kinematic-Cluster4-Empty,379,7.6,3,-2.68727064,-1.24569011,-10.7984133,0,0,0,0,1,7,0,0,0,0,0,0
Kinematic-Cluster4-Empty,380,7.62,0,-3.08138323,-1.608662,-1.85726678,0,0,0,0,1,7,0,0,0,0,0,0
Kinematic-Cluster4-Empty,380,7.62,1,-2.702986,-1.61551046,-3.85045,0,0,0,0,1,9,0,0,0,0,0,0
Kinematic-Cluster4-Empty,380,7.62,2,-3.061415,-1.23170364,0.3415946,0,0,0,0,1,6,0,0,0,0,0,0
Kinematic-Cluster4-Empty,380,7.62,3,-2.68727064,-1.24569011,-10.7984133,0,0,0,0,1,7,0,0,0,0,0,0
Kinematic-Cluster4-Empty,381,7.64,0,-3.08138323,-1.608662,-1.85726678,0,0,0,0,1,7,0,0,0,0,0,0
Kinematic-Cluster4-Empty,381,7.64,1,-2.702986,-1.61551046,-3.85045,0,0,0,0,1,9,0,0,0,0,0,0
Kinematic-Cluster4-Empty,381,7.64,2,-3.061415,-1.23170364,0.3415946,0,0,0,0,1,6,0,0,0,0,0,0
Kinematic-Cluster4-Empty,381,7.64,3,-2.68727064,-1.24569011,-10.7984133,0,0,0,0,1,7,0,0,0,0,0,0
Kinematic-Cluster4-Empty,382,7.66,0,-3.08138323,-1.608662,-1.85726678,0,0,0,0,1,7,0,0,0,0,0,0
Kinematic-Cluster4-Empty,382,7.66,1,-2.702986,-1.61551046,-3.85045,0,0,0,0,1,9,0,0,0,0,0,0
Kinematic-Cluster4-Empty,382,7.66,2,-3.061415,-1.23170364,0.3415946,0,0,0,0,1,6,0,0,0,0,0,0
Kinematic-Cluster4-Empty,382,7.66,3,-2.68727064,-1.24569011,-10.7984133,0,0,0,0,1,7,0,0,0,0,0,0
Kinematic-Cluster4-Empty,383,7.68,0,-3.08138323,-1.608662,-1.85726678,0,0,0,0,1,7,0,0,0,0,0,0
Kinematic-Cluster4-Empty,383,7.68,1,-2.702986,-1.61551046,-3.85045,0,0,0,0,1,9,0,0,0,0,0,0
Kinematic-Cluster4-Empty,383,7.68,2,-3.061415,-1.23170364,0.3415946,0,0,0,0,1,6,0,0,0,0,0,0
Kinematic-Cluster4-Empty,383,7.68,3,-2.68727064,-1.24569011,-10.7984133,0,0,0,0,1,7,0,0,0,0,0,0
Kinematic-Cluster4-Empty,384,7.7,0,-3.08138323,-1.608662,-1.85726678,0,0,0,0,1,7,0,0,0,0,0,0
Kinematic-Cluster4-Empty,384,7.7,1,-2.702986,-1.61551046,-3.85045,0,0,0,0,1,9,0,0,0,0,0,0
Kinematic-Cluster4-Empty,384,7.7,2,-3.061415,-1.23170364,0.3415946,0,0,0,0,1,6,0,0,0,0,0,0
Kinematic-Cluster4-Empty,384,7.7,3,-2.68727064,-1.24569011,-10.7984133,0,0,0,0,1,7,0,0,0,0,0,0
Kinematic-Cluster4-Empty,385,7.72,0,-3.08138323,-1.608662,-1.85726678,0,0,0,0,1,7,0,0,0,0,0,0
Kinematic-Cluster4-Empty,385,7.72,1,-2.702986,-1.61551046,-3.85045,0,0,0,0,1,9,0,0,0,0,0,0
Kinematic-Cluster4-Empty,385,7.72,2,-3.061415,-1.23170364,0.3415946,0,0,0,0,1,6,0,0,0,0,0,0
Kinematic-Cluster4-Empty,385,7.72,3,-2.68727064,-1.24569011,-10.7984133,0,0,0,0,1,7,0,0,0,0,0,0
Kinematic-Cluster4-Empty,386,7.74,0,-3.08138323,-1.608662,-1.85726678,0,0,0,0,1,7,0,0,0,0,0,0
Kinematic-Cluster4-Empty,386,7.74,1,-2.702986,-1.61551046,-3.85045,0,0,0,0,1,9,0,0,0,0,0,0
Kinematic-Cluster4-Empty,386,7.74,2,-3.061415,-1.23170364,0.3415946,0,0,0,0,1,6,0,0,0,0,0,0
Kinematic-Cluster4-Empty,386,7.74,3,-2.68727064,-1.24569011,-10.7984133,0,0,0,0,1,7,0,0,0,0,0,0
Kinematic-Cluster4-Empty,387,7.75999975,0,-3.08138323,-1.608662,-1.85726678,0,0,0,0,1,7,0,0,0,0,0,0
Kinematic-Cluster4-Empty,387,7.75999975,1,-2.702986,-1.61551046,-3.85045,0,0,0,0,1,9,0,0,0,0,0,0
Kinematic-Cluster4-Empty,387,7.75999975,2,-3.061415,-1.23170364,0.3415946,0,0,0,0,1,6,0,0,0,0,0,0
Kinematic-Cluster4-Empty,387,7.75999975,3,-2.68727064,-1.24569011,-10.7984133,0,0,0,0,1,7,0,0,0,0,0,0
Kinematic-Cluster4-Empty,388,7.77999973,0,-3.08138323,-1.608662,-1.85726678,0,0,0,0,1,7,0,0,0,0,0,0
Kinematic-Cluster4-Empty,388,7.77999973,1,-2.702986,-1.61551046,-3.85045,0,0,0,0,1,9,0,0,0,0,0,0
Kinematic-Cluster4-Empty,388,7.77999973,2,-3.061415,-1.23170364,0.3415946,0,0,0,0,1,6,0,0,0,0,0,0
Kinematic-Cluster4-Empty,388,7.77999973,3,-2.68727064,-1.24569011,-10.7984133,0,0,0,0,1,7,0,0,0,0,0,0
Kinematic-Cluster4-Empty,389,7.79999971,0,-3.08138323,-1.608662,-1.85726678,0,0,0,0,1,7,0,0,0,0,0,0
Kinematic-Cluster4-Empty,389,7.79999971,1,-2.702986,-1.61551046,-3.85045,0,0,0,0,1,9,0,0,0,0,0,0
Kinematic-Cluster4-Empty,389,7.79999971,2,-3.061415,-1.23170364,0.3415946,0,0,0,0,1,6,0,0,0,0,0,0
Kinematic-Cluster4-Empty,389,7.79999971,3,-2.68727064,-1.24569011,-10.7984133,0,0,0,0,1,7,0,0,0,0,0,0
Kinematic-Cluster4-Empty,390,7.81999969,0,-3.08138323,-1.608662,-1.85726678,0,0,0,0,1,7,0,0,0,0,0,0
Kinematic-Cluster4-Empty,390,7.81999969,1,-2.702986,-1.61551046,-3.85045,0,0,0,0,1,9,0,0,0,0,0,0
Kinematic-Cluster4-Empty,390,7.81999969,2,-3.061415,-1.23170364,0.3415946,0,0,0,0,1,6,0,0,0,0,0,0
Kinematic-Cluster4-Empty,390,7.81999969,3,-2.68727064,-1.24569011,-10.7984133,0,0,0,0,1,7,0,0,0,0,0,0
Kinematic-Cluster4-Empty,391,7.83999968,0,-3.08138323,-1.608662,-1.85726678,0,0,0,0,1,7,0,0,0,0,0,0
Kinematic-Cluster4-Empty,391,7.83999968,1,-2.702986,-1.61551046,-3.85045,0,0,0,0,1,9,0,0,0,0,0,0
Kinematic-Cluster4-Empty,391,7.83999968,2,-3.061415,-1.23170364,0.3415946,0,0,0,0,1,6,0,0,0,0,0,0
Kinematic-Cluster4-Empty,391,7.83999968,3,-2.68727064,-1.24569011,-10.7984133,0,0,0,0,1,7,0,0,0,0,0,0
Kinematic-Cluster4-Empty,392,7.85999966,0,-3.08138323,-1.608662,-1.85726678,0,0,0,0,1,7,0,0,0,0,0,0
Kinematic-Cluster4-Empty,392,7.85999966,1,-2.702986,-1.61551046,-3.85045,0,0,0,0,1,9,0,0,0,0,0,0
Kinematic-Cluster4-Empty,392,7.85999966,2,-3.061415,-1.23170364,0.3415946,0,0,0,0,1,6,0,0,0,0,0,0
Kinematic-Cluster4-Empty,392,7.85999966,3,-2.68727064,-1.24569011,-10.7984133,0,0,0,0,1,7,0,0,0,0,0,0
Kinematic-Cluster4-Empty,393,7.87999964,0,-3.08138323,-1.608662,-1.85726678,0,0,0,0,1,7,0,0,0,0,0,0
Kinematic-Cluster4-Empty,393,7.87999964,1,-2.702986,-1.61551046,-3.85045,0,0,0,0,1,9,0,0,0,0,0,0
Kinematic-Cluster4-Empty,393,7.87999964,2,-3.061415,-1.23170364,0.3415946,0,0,0,0,1,6,0,0,0,0,0,0
Kinematic-Cluster4-Empty,393,7.87999964,3,-2.68727064,-1.24569011,-10.7984133,0,0,0,0,1,7,0,0,0,0,0,0
Kinematic-Cluster4-Empty,394,7.89999962,0,-3.08138323,-1.608662,-1.85726678,0,0,0,0,1,7,0,0,0,0,0,0
Kinematic-Cluster4-Empty,394,7.89999962,1,-2.702986,-1.61551046,-3.85045,0,0,0,0,1,9,0,0,0,0,0,0
Kinematic-Cluster4-Empty,394,7.89999962,2,-3.061415,-1.23170364,0.3415946,0,0,0,0,1,6,0,0,0,0,0,0
Kinematic-Cluster4-Empty,394,7.89999962,3,-2.68727064,-1.24569011,-10.7984133,0,0,0,0,1,7,0,0,0,0,0,0
Kinematic-Cluster4-Empty,395,7.9199996,0,-3.08138323,-1.608662,-1.85726678,0,0,0,0,1,7,0,0,0,0,0,0
Kinematic-Cluster4-Empty,395,7.9199996,1,-2.702986,-1.61551046,-3.85045,0,0,0,0,1,9,0,0,0,0,0,0
Kinematic-Cluster4-Empty,395,7.9199996,2,-3.061415,-1.23170364,0.3415946,0,0,0,0,1,6,0,0,0,0,0,0
Kinematic-Cluster4-Empty,395,7.9199996,3,-2.68727064,-1.24569011,-10.7984133,0,0,0,0,1,7,0,0,0,0,0,0
Kinematic-Cluster4-Empty,396,7.94,0,-3.08138323,-1.608662,-1.85726678,0,0,0,0,1,7,0,0,0,0,0,0
Kinematic-Cluster4-Empty,396,7.94,1,-2.702986,-1.61551046,-3.85045,0,0,0,0,1,9,0,0,0,0,0,0
Kinematic-Cluster4-Empty,396,7.94,2,-3.061415,-1.23170364,0.3415946,0,0,0,0,1,6,0,0,0,0,0,0
Kinematic-Cluster4-Empty,396,7.94,3,-2.68727064,-1.24569011,-10.7984133,0,0,0,0,1,7,0,0,0,0,0,0
Kinematic-Cluster4-Empty,397,7.96,0,-3.08138323,-1.608662,-1.85726678,0,0,0,0,1,7,0,0,0,0,0,0
Kinematic-Cluster4-Empty,397,7.96,1,-2.702986,-1.61551046,-3.85045,0,0,0,0,1,9,0,0,0,0,0,0
Kinematic-Cluster4-Empty,397,7.96,2,-3.061415,-1.23170364,0.3415946,0,0,0,0,1,6,0,0,0,0,0,0
Kinematic-Cluster4-Empty,397,7.96,3,-2.68727064,-1.24569011,-10.7984133,0,0,0,0,1,7,0,0,0,0,0,0
Kinematic-Cluster4-Empty,398,7.98,0,-3.08138323,-1.608662,-1.85726678,0,0,0,0,1,7,0,0,0,0,0,0
Kinematic-Cluster4-Empty,398,7.98,1,-2.702986,-1.61551046,-3.85045,0,0,0,0,1,9,0,0,0,0,0,0
Kinematic-Cluster4-Empty,398,7.98,2,-3.061415,-1.23170364,0.3415946,0,0,0,0,1,6,0,0,0,0,0,0
Kinematic-Cluster4-Empty,398,7.98,3,-2.68727064,-1.24569011,-10.7984133,0,0,0,0,1,7,0,0,0,0,0,0
Kinematic-Cluster4-Empty,399,8,0,-3.08138323,-1.608662,-1.85726678,0,0,0,0,1,7,0,0,0,0,0,0
Kinematic-Cluster4-Empty,399,8,1,-2.702986,-1.61551046,-3.85045,0,0,0,0,1,9,0,0,0,0,0,0
Kinematic-Cluster4-Empty,399,8,2,-3.061415,-1.23170364,0.3415946,0,0,0,0,1,6,0,0,0,0,0,0
Kinematic-Cluster4-Empty,399,8,3,-2.68727064,-1.24569011,-10.7984133,0,0,0,0,1,7,0,0,0,0,0,0
Kinematic-Cluster4-F,300,6.02,0,-3.081476,-1.60871744,-1.91185474,0,0,0,0,1,9,36,0.000712163164,0.0031053063,0,41,0
Kinematic-Cluster4-F,300,6.02,1,-2.704337,-1.614902,-4.06368828,0,0,0,0,1,11,36,0.000712163164,0.0031053063,0,41,0
Kinematic-Cluster4-F,300,6.02,2,-3.06382728,-1.23058152,0.7355184,0,0,0,0,1,6,36,0.000712163164,0.0031053063,0,41,0
Kinematic-Cluster4-F,300,6.02,3,-2.6860075,-1.24465644,-11.5427189,0,0,0,0,1,7,36,0.000712163164,0.0031053063,0,41,0
Kinematic-Cluster4-F,301,6.04,0,-3.081476,-1.60871744,-1.91185474,0,0,0,0,1,9,36,0.000864628237,0.006126812,0,41,0
Kinematic-Cluster4-F,301,6.04,1,-2.704337,-1.614902,-4.06368828,0,0,0,0,1,11,36,0.000864628237,0.006126812,0,41,0
Kinematic-Cluster4-F,301,6.04,2,-3.06382728,-1.23058152,0.7355184,0,0,0,0,1,6,36,0.000864628237,0.006126812,0,41,0
Kinematic-Cluster4-F,301,6.04,3,-2.6860075,-1.24465644,-11.5427189,0,0,0,0,1,7,36,0.000864628237,0.006126812,0,41,0
Kinematic-Cluster4-F,302,6.06,0,-3.081476,-1.60871744,-1.91185474,0,0,0,0,1,9,36,0.0009359967,0.004176975,0,41,0
Kinematic-Cluster4-F,302,6.06,1,-2.704337,-1.614902,-4.06368828,0,0,0,0,1,11,36,0.0009359967,0.004176975,0,41,0
Kinematic-Cluster4-F,302,6.06,2,-3.06382728,-1.23058152,0.7355184,0,0,0,0,1,6,36,0.0009359967,0.004176975,0,41,0
Kinematic-Cluster4-F,302,6.06,3,-2.6860075,-1.24465644,-11.5427189,0,0,0,0,1,7,36,0.0009359967,0.004176975,0,41,0
Kinematic-Cluster4-F,303,6.08,0,-3.081476,-1.60871744,-1.91185474,0,0,0,0,1,9,36,0.00158562115,0.005722692,0,41,0
Kinematic-Cluster4-F,303,6.08,1,-2.704337,-1.614902,-4.06368828,0,0,0,0,1,11,36,0.00158562115,0.005722692,0,41,0
Kinematic-Cluster4-F,303,6.08,2,-3.06382728,-1.23058152,0.7355184,0,0,0,0,1,6,36,0.00158562115,0.005722692,0,41,0
Kinematic-Cluster4-F,303,6.08,3,-2.6860075,-1.24465644,-11.5427189,0,0,0,0,1,7,36,0.00158562115,0.005722692,0,41,0
Kinematic-Cluster4-F,304,6.1,0,-3.081476,-1.60871744,-1.91185474,0,0,0,0,1,9,36,0.001732531,0.006863529,0,41,0
Kinematic-Cluster4-F,304,6.1,1,-2.704337,-1.614902,-4.06368828,0,0,0,0,1,11,36,0.001732531,0.006863529,0,41,0
Kinematic-Cluster4-F,304,6.1,2,-3.06382728,-1.23058152,0.7355184,0,0,0,0,1,6,36,0.001732531,0.006863529,0,41,0
Kinematic-Cluster4-F,304,6.1,3,-2.6860075,-1.24465644,-11.5427189,0,0,0,0,1,7,36,0.001732531,0.006863529,0,41,0
Kinematic-Cluster4-F,305,6.12,0,-3.081476,-1.60871744,-1.91185474,0,0,0,0,1,9,36,0.0005275198,0.00254146685,0,41,0
Kinematic-Cluster4-F,305,6.12,1,-2.704337,-1.614902,-4.06368828,0,0,0,0,1,11,36,0.0005275198,0.00254146685,0,41,0
Kinematic-Cluster4-F,305,6.12,2,-3.06382728,-1.23058152,0.7355184,0,0,0,0,1,6,36,0.0005275198,0.00254146685,0,41,0
Kinematic-Cluster4-F,305,6.12,3,-2.6860075,-1.24465644,-11.5427189,0,0,0,0,1,7,36,0.0005275198,0.00254146685,0,41,0
Kinematic-Cluster4-F,306,6.14,0,-3.081476,-1.60871744,-1.91185474,0,0,0,0,1,9,36,0.0008547981,0.00295855175,0,41,0
Kinematic-Cluster4-F,306,6.14,1,-2.704337,-1.614902,-4.06368828,0,0,0,0,1,11,36,0.0008547981,0.00295855175,0,41,0
Kinematic-Cluster4-F,306,6.14,2,-3.06382728,-1.23058152,0.7355184,0,0,0,0,1,6,36,0.0008547981,0.00295855175,0,41,0
Kinematic-Cluster4-F,306,6.14,3,-2.6860075,-1.24465644,-11.5427189,0,0,0,0,1,7,36,0.0008547981,0.00295855175,0,41,0
Kinematic-Cluster4-F,307,6.16,0,-3.081476,-1.60871744,-1.91185474,0,0,0,0,1,9,36,0.00136453542,0.006215476,0,41,0
Kinematic-Cluster4-F,307,6.16,1,-2.704337,-1.614902,-4.06368828,0,0,0,0,1,11,36,0.00136453542,0.006215476,0,41,0
Kinematic-Cluster4-F,307,6.16,2,-3.06382728,-1.23058152,0.7355184,0,0,0,0,1,6,36,0.00136453542,0.006215476,0,41,0
Kinematic-Cluster4-F,307,6.16,3,-2.6860075,-1.24465644,-11.5427189,0,0,0,0,1,7,36,0.00136453542,0.006215476,0,41,0
Kinematic-Cluster4-F,308,6.18,0,-3.081476,-1.60871744,-1.91185474,0,0,0,0,1,9,36,0.00183157809,0.00730251847,0,41,0
Kinematic-Cluster4-F,308,6.18,1,-2.704337,-1.614902,-4.06368828,0,0,0,0,1,11,36,0.00183157809,0.00730251847,0,41,0
Kinematic-Cluster4-F,308,6.18,2,-3.06382728,-1.23058152,0.7355184,0,0,0,0,1,6,36,0.00183157809,0.00730251847,0,41,0
Kinematic-Cluster4-F,308,6.18,3,-2.6860075,-1.24465644,-11.5427189,0,0,0,0,1,7,36,0.00183157809,0.00730251847,0,41,0
Kinematic-Cluster4-F,309,6.2,0,-3.081476,-1.60871744,-1.91185474,0,0,0,0,1,9,36,0.000644277956,0.00333599932,0,41,0
Kinematic-Cluster4-F,309,6.2,1,-2.704337,-1.614902,-4.06368828,0,0,0,0,1,11,36,0.000644277956,0.00333599932,0,41,0
Kinematic-Cluster4-F,309,6.2,2,-3.06382728,-1.23058152,0.7355184,0,0,0,0,1,6,36,0.000644277956,0.00333599932,0,41,0
Kinematic-Cluster4-F,309,6.2,3,-2.6860075,-1.24465644,-11.5427189,0,0,0,0,1,7,36,0.000644277956,0.00333599932,0,41,0
Kinematic-Cluster4-F,310,6.22,0,-3.081476,-1.60871744,-1.91185474,0,0,0,0,1,9,36,0.000970104069,0.00642446429,0,41,0
Kinematic-Cluster4-F,310,6.22,1,-2.704337,-1.614902,-4.06368828,0,0,0,0,1,11,36,0.000970104069,0.00642446429,0,41,0
Kinematic-Cluster4-F,310,6.22,2,-3.06382728,-1.23058152,0.7355184,0,0,0,0,1,6,36,0.000970104069,0.00642446429,0,41,0
Kinematic-Cluster4-F,310,6.22,3,-2.6860075,-1.24465644,-11.5427189,0,0,0,0,1,7,36,0.000970104069,0.00642446429,0,41,0
Kinematic-Cluster4-F,311,6.24,0,-3.081476,-1.60871744,-1.91185474,0,0,0,0,1,9,36,0.00134078914,0.00523622241,0,41,0
Kinematic-Cluster4-F,311,6.24,1,-2.704337,-1.614902,-4.06368828,0,0,0,0,1,11,36,0.00134078914,0.00523622241,0,41,0
Kinematic-Cluster4-F,311,6.24,2,-3.06382728,-1.23058152,0.7355184,0,0,0,0,1,6,36,0.00134078914,0.00523622241,0,41,0
Kinematic-Cluster4-F,311,6.24,3,-2.6860075,-1.24465644,-11.5427189,0,0,0,0,1,7,36,0.00134078914,0.00523622241,0,41,0
Kinematic-Cluster4-F,312,6.25999975,0,-3.081476,-1.60871744,-1.91185474,0,0,0,0,1,9,36,0.00138984481,0.0049206377,0,41,0
Kinematic-Cluster4-F,312,6.25999975,1,-2.704337,-1.614902,-4.06368828,0,0,0,0,1,11,36,0.00138984481,0.0049206377,0,41,0
Kinematic-Cluster4-F,312,6.25999975,2,-3.06382728,-1.23058152,0.7355184,0,0,0,0,1,6,36,0.00138984481,0.0049206377,0,41,0
Kinematic-Cluster4-F,312,6.25999975,3,-2.6860075,-1.24465644,-11.5427189,0,0,0,0,1,7,36,0.00138984481,0.0049206377,0,41,0
Kinematic-Cluster4-F,313,6.27999973,0,-3.081476,-1.60871744,-1.91185474,0,0,0,0,1,9,36,0.00179407792,0.007390922,0,41,0
Kinematic-Cluster4-F,313,6.27999973,1,-2.704337,-1.614902,-4.06368828,0,0,0,0,1,11,36,0.00179407792,0.007390922,0,41,0
Kinematic-Cluster4-F,313,6.27999973,2,-3.06382728,-1.23058152,0.7355184,0,0,0,0,1,6,36,0.00179407792,0.007390922,0,41,0
Kinematic-Cluster4-F,313,6.27999973,3,-2.6860075,-1.24465644,-11.5427189,0,0,0,0,1,7,36,0.00179407792,0.007390922,0,41,0
Kinematic-Cluster4-F,314,6.29999971,0,-3.081476,-1.60871744,-1.91185474,0,0,0,0,1,9,36,0.0005896991,0.0026255846,0,41,0
Kinematic-Cluster4-F,314,6.29999971,1,-2.704337,-1.614902,-4.06368828,0,0,0,0,1,11,36,0.0005896991,0.0026255846,0,41,0
Kinematic-Cluster4-F,314,6.29999971,2,-3.06382728,-1.23058152,0.7355184,0,0,0,0,1,6,36,0.0005896991,0.0026255846,0,41,0
Kinematic-Cluster4-F,314,6.29999971,3,-2.6860075,-1.24465644,-11.5427189,0,0,0,0,1,7,36,0.0005896991,0.0026255846,0,41,0
Kinematic-Cluster4-F,315,6.31999969,0,-3.081476,-1.60871744,-1.91185474,0,0,0,0,1,9,36,0.00153339433,0.00575482752,0,41,0
Kinematic-Cluster4-F,315,6.31999969,1,-2.704337,-1.614902,-4.06368828,0,0,0,0,1,11,36,0.00153339433,0.00575482752,0,41,0
Kinematic-Cluster4-F,315,6.31999969,2,-3.06382728,-1.23058152,0.7355184,0,0,0,0,1,6,36,0.00153339433,0.00575482752,0,41,0
Kinematic-Cluster4-F,315,6.31999969,3,-2.6860075,-1.24465644,-11.5427189,0,0,0,0,1,7,36,0.00153339433,0.00575482752,0,41,0
Kinematic-Cluster4-F,316,6.33999968,0,-3.081476,-1.60871744,-1.91185474,0,0,0,0,1,9,36,0.001145709,0.00556623749,0,41,0
Kinematic-Cluster4-F,316,6.33999968,1,-2.704337,-1.614902,-4.06368828,0,0,0,0,1,11,36,0.001145709,0.00556623749,0,41,0
Kinematic-Cluster4-F,316,6.33999968,2,-3.06382728,-1.23058152,0.7355184,0,0,0,0,1,6,36,0.001145709,0.00556623749,0,41,0
Kinematic-Cluster4-F,316,6.33999968,3,-2.6860075,-1.24465644,-11.5427189,0,0,0,0,1,7,36,0.001145709,0.00556623749,0,41,0
Kinematic-Cluster4-F,317,6.35999966,0,-3.081476,-1.60871744,-1.91185474,0,0,0,0,1,9,36,0.00150493521,0.0060362895,0,41,0
Kinematic-Cluster4-F,317,6.35999966,1,-2.704337,-1.614902,-4.06368828,0,0,0,0,1,11,36,0.00150493521,0.0060362895,0,41,0
Kinematic-Cluster4-F,317,6.35999966,2,-3.06382728,-1.23058152,0.7355184,0,0,0,0,1,6,36,0.00150493521,0.0060362895,0,41,0
Kinematic-Cluster4-F,317,6.35999966,3,-2.6860075,-1.24465644,-11.5427189,0,0,0,0,1,7,36,0.00150493521,0.0060362895,0,41,0
Kinematic-Cluster4-F,318,6.37999964,0,-3.081476,-1.60871744,-1.91185474,0,0,0,0,1,9,36,0.0008803681,0.00371608138,0,41,0
Kinematic-Cluster4-F,318,6.37999964,1,-2.704337,-1.614902,-4.06368828,0,0,0,0,1,11,36,0.0008803681,0.00371608138,0,41,0
Kinematic-Cluster4-F,318,6.37999964,2,-3.06382728,-1.23058152,0.7355184,0,0,0,0,1,6,36,0.0008803681,0.00371608138,0,41,0
Kinematic-Cluster4-F,318,6.37999964,3,-2.6860075,-1.24465644,-11.5427189,0,0,0,0,1,7,36,0.0008803681,0.00371608138,0,41,0
Kinematic-Cluster4-F,319,6.39999962,0,-3.081476,-1.60871744,-1.91185474,0,0,0,0,1,9,36,0.00161929778,0.00727180764,0,41,0
Kinematic-Cluster4-F,319,6.39999962,1,-2.704337,-1.614902,-4.06368828,0,0,0,0,1,11,36,0.00161929778,0.00727180764,0,41,0
Kinematic-Cluster4-F,319,6.39999962,2,-3.06382728,-1.23058152,0.7355184,0,0,0,0,1,6,36,0.00161929778,0.00727180764,0,41,0
Kinematic-Cluster4-F,319,6.39999962,3,-2.6860075,-1.24465644,-11.5427189,0,0,0,0,1,7,36,0.00161929778,0.00727180764,0,41,0
Kinematic-Cluster4-F,320,6.42,0,-3.081476,-1.60871744,-1.91185474,0,0,0,0,1,9,36,0.00183721038,0.00671585836,0,41,0
Kinematic-Cluster4-F,320,6.42,1,-2.704337,-1.614902,-4.06368828,0,0,0,0,1,11,36,0.00183721038,0.00671585836,0,41,0
Kinematic-Cluster4-F,320,6.42,2,-3.06382728,-1.23058152,0.7355184,0,0,0,0,1,6,36,0.00183721038,0.00671585836,0,41,0
Kinematic-Cluster4-F,320,6.42,3,-2.6860075,-1.24465644,-11.5427189,0,0,0,0,1,7,36,0.00183721038,0.00671585836,0,41,0
Kinematic-Cluster4-F,321,6.44,0,-3.081476,-1.60871744,-1.91185474,0,0,0,0,1,9,36,0.000461885676,0.002001389,0,41,0
Kinematic-Cluster4-F,321,6.44,1,-2.704337,-1.614902,-4.06368828,0,0,0,0,1,11,36,0.000461885676,0.002001389,0,41,0
Kinematic-Cluster4-F,321,6.44,2,-3.06382728,-1.23058152,0.7355184,0,0,0,0,1,6,36,0.000461885676,0.002001389,0,41,0
Kinematic-Cluster4-F,321,6.44,3,-2.6860075,-1.24465644,-11.5427189,0,0,0,0,1,7,36,0.000461885676,0.002001389,0,41,0
Kinematic-Cluster4-F,322,6.46,0,-3.081476,-1.60871744,-1.91185474,0,0,0,0,1,9,36,0.000883205,0.00382434228,0,41,0
Kinematic-Cluster4-F,322,6.46,1,-2.704337,-1.614902,-4.06368828,0,0,0,0,1,11,36,0.000883205,0.00382434228,0,41,0
Kinematic-Cluster4-F,322,6.46,2,-3.06382728,-1.23058152,0.7355184,0,0,0,0,1,6,36,0.000883205,0.00382434228,0,41,0
Kinematic-Cluster4-F,322,6.46,3,-2.6860075,-1.24465644,-11.5427189,0,0,0,0,1,7,36,0.000883205,0.00382434228,0,41,0
Kinematic-Cluster4-F,323,6.48,0,-3.081476,-1.60871744,-1.91185474,0,0,0,0,1,9,36,0.000683110266,0.00358282519,0,41,0
Kinematic-Cluster4-F,323,6.48,1,-2.704337,-1.614902,-4.06368828,0,0,0,0,1,11,36,0.000683110266,0.00358282519,0,41,0
Kinematic-Cluster4-F,323,6.48,2,-3.06382728,-1.23058152,0.7355184,0,0,0,0,1,6,36,0.000683110266,0.00358282519,0,41,0
Kinematic-Cluster4-F,323,6.48,3,-2.6860075,-1.24465644,-11.5427189,0,0,0,0,1,7,36,0.000683110266,0.00358282519,0,41,0
Kinematic-Cluster4-F,324,6.5,0,-3.081476,-1.60871744,-1.91185474,0,0,0,0,1,9,36,0.0007857358,0.00471991953,0,41,0
Kinematic-Cluster4-F,324,6.5,1,-2.704337,-1.614902,-4.06368828,0,0,0,0,1,11,36,0.0007857358,0.00471991953,0,41,0
Kinematic-Cluster4-F,324,6.5,2,-3.06382728,-1.23058152,0.7355184,0,0,0,0,1,6,36,0.0007857358,0.00471991953,0,41,0
Kinematic-Cluster4-F,324,6.5,3,-2.6860075,-1.24465644,-11.5427189,0,0,0,0,1,7,36,0.0007857358,0.00471991953,0,41,0
Kinematic-Cluster4-F,325,6.52,0,-3.081476,-1.60871744,-1.91185474,0,0,0,0,1,9,36,0.00046424655,0.00296484958,0,41,0
Kinematic-Cluster4-F,325,6.52,1,-2.704337,-1.614902,-4.06368828,0,0,0,0,1,11,36,0.00046424655,0.00296484958,0,41,0
Kinematic-Cluster4-F,325,6.52,2,-3.06382728,-1.23058152,0.7355184,0,0,0,0,1,6,36,0.00046424655,0.00296484958,0,41,0
Kinematic-Cluster4-F,325,6.52,3,-2.6860075,-1.24465644,-11.5427189,0,0,0,0,1,7,36,0.00046424655,0.00296484958,0,41,0
Kinematic-Cluster4-F,326,6.54,0,-3.081476,-1.60871744,-1.91185474,0,0,0,0,1,9,36,0.0004450823,0.00168274506,0,41,0
Kinematic-Cluster4-F,326,6.54,1,-2.704337,-1.614902,-4.06368828,0,0,0,0,1,11,36,0.0004450823,0.00168274506,0,41,0
Kinematic-Cluster4-F,326,6.54,2,-3.06382728,-1.23058152,0.7355184,0,0,0,0,1,6,36,0.0004450823,0.00168274506,0,41,0
Kinematic-Cluster4-F,326,6.54,3,-2.6860075,-1.24465644,-11.5427189,0,0,0,0,1,7,36,0.0004450823,0.00168274506,0,41,0
Kinematic-Cluster4-F,327,6.56,0,-3.081476,-1.60871744,-1.91185474,0,0,0,0,1,9,36,0.00143587682,0.00493212324,0,41,0
Kinematic-Cluster4-F,327,6.56,1,-2.704337,-1.614902,-4.06368828,0,0,0,0,1,11,36,0.00143587682,0.00493212324,0,41,0
Kinematic-Cluster4-F,327,6.56,2,-3.06382728,-1.23058152,0.7355184,0,0,0,0,1,6,36,0.00143587682,0.00493212324,0,41,0
Kinematic-Cluster4-F,327,6.56,3,-2.6860075,-1.24465644,-11.5427189,0,0,0,0,1,7,36,0.00143587682,0.00493212324,0,41,0
Kinematic-Cluster4-F,328,6.58,0,-3.081476,-1.60871744,-1.91185474,0,0,0,0,1,9,36,0.0011760412,0.004610645,0,41,0
Kinematic-Cluster4-F,328,6.58,1,-2.704337,-1.614902,-4.06368828,0,0,0,0,1,11,36,0.0011760412,0.004610645,0,41,0
Kinematic-Cluster4-F,328,6.58,2,-3.06382728,-1.23058152,0.7355184,0,0,0,0,1,6,36,0.0011760412,0.004610645,0,41,0
Kinematic-Cluster4-F,328,6.58,3,-2.6860075,-1.24465644,-11.5427189,0,0,0,0,1,7,36,0.0011760412,0.004610645,0,41,0
Kinematic-Cluster4-F,329,6.6,0,-3.081476,-1.60871744,-1.91185474,0,0,0,0,1,9,36,0.00158353348,0.006620278,0,41,0
Kinematic-Cluster4-F,329,6.6,1,-2.704337,-1.614902,-4.06368828,0,0,0,0,1,11,36,0.00158353348,0.006620278,0,41,0
Kinematic-Cluster4-F,329,6.6,2,-3.06382728,-1.23058152,0.7355184,0,0,0,0,1,6,36,0.00158353348,0.006620278,0,41,0
Kinematic-Cluster4-F,329,6.6,3,-2.6860075,-1.24465644,-11.5427189,0,0,0,0,1,7,36,0.00158353348,0.006620278,0,41,0
Kinematic-Cluster4-F,330,6.62,0,-3.081476,-1.60871744,-1.91185474,0,0,0,0,1,9,36,0.00101110653,0.004661914,0,41,0
Kinematic-Cluster4-F,330,6.62,1,-2.704337,-1.614902,-4.06368828,0,0,0,0,1,11,36,0.00101110653,0.004661914,0,41,0
Kinematic-Cluster4-F,330,6.62,2,-3.06382728,-1.23058152,0.7355184,0,0,0,0,1,6,36,0.00101110653,0.004661914,0,41,0
Kinematic-Cluster4-F,330,6.62,3,-2.6860075,-1.24465644,-11.5427189,0,0,0,0,1,7,36,0.00101110653,0.004661914,0,41,0
Kinematic-Cluster4-F,331,6.64,0,-3.081476,-1.60871744,-1.91185474,0,0,0,0,1,9,36,0.00148586475,0.00550708733,0,41,0
Kinematic-Cluster4-F,331,6.64,1,-2.704337,-1.614902,-4.06368828,0,0,0,0,1,11,36,0.00148586475,0.00550708733,0,41,0
Kinematic-Cluster4-F,331,6.64,2,-3.06382728,-1.23058152,0.7355184,0,0,0,0,1,6,36,0.00148586475,0.00550708733,0,41,0
Kinematic-Cluster4-F,331,6.64,3,-2.6860075,-1.24465644,-11.5427189,0,0,0,0,1,7,36,0.00148586475,0.00550708733,0,41,0
Kinematic-Cluster4-F,332,6.66,0,-3.081476,-1.60871744,-1.91185474,0,0,0,0,1,9,36,0.00195101136,0.008536729,0,41,0
Kinematic-Cluster4-F,332,6.66,1,-2.704337,-1.614902,-4.06368828,0,0,0,0,1,11,36,0.00195101136,0.008536729,0,41,0
Kinematic-Cluster4-F,332,6.66,2,-3.06382728,-1.23058152,0.7355184,0,0,0,0,1,6,36,0.00195101136,0.008536729,0,41,0
Kinematic-Cluster4-F,332,6.66,3,-2.6860075,-1.24465644,-11.5427189,0,0,0,0,1,7,36,0.00195101136,0.008536729,0,41,0
Kinematic-Cluster4-F,333,6.68,0,-3.081476,-1.60871744,-1.91185474,0,0,0,0,1,9,36,0.000650121,0.00386536238,0,41,0
Kinematic-Cluster4-F,333,6.68,1,-2.704337,-1.614902,-4.06368828,0,0,0,0,1,11,36,0.000650121,0.00386536238,0,41,0
Kinematic-Cluster4-F,333,6.68,2,-3.06382728,-1.23058152,0.7355184,0,0,0,0,1,6,36,0.000650121,0.00386536238,0,41,0
Kinematic-Cluster4-F,333,6.68,3,-2.6860075,-1.24465644,-11.5427189,0,0,0,0,1,7,36,0.000650121,0.00386536238,0,41,0
Kinematic-Cluster4-F,334,6.7,0,-3.081476,-1.60871744,-1.91185474,0,0,0,0,1,9,36,0.000707386062,0.00334167155,0,41,0
Kinematic-Cluster4-F,334,6.7,1,-2.704337,-1.614902,-4.06368828,0,0,0,0,1,11,36,0.000707386062,0.00334167155,0,41,0
Kinematic-Cluster4-F,334,6.7,2,-3.06382728,-1.23058152,0.7355184,0,0,0,0,1,6,36,0.000707386062,0.00334167155,0,41,0
Kinematic-Cluster4-F,334,6.7,3,-2.6860075,-1.24465644,-11.5427189,0,0,0,0,1,7,36,0.000707386062,0.00334167155,0,41,0
Kinematic-Cluster4-F,335,6.72,0,-3.081476,-1.60871744,-1.91185474,0,0,0,0,1,9,36,0.0006128042,0.00348625146,0,41,0
Kinematic-Cluster4-F,335,6.72,1,-2.704337,-1.614902,-4.06368828,0,0,0,0,1,11,36,0.0006128042,0.00348625146,0,41,0
Kinematic-Cluster4-F,335,6.72,2,-3.06382728,-1.23058152,0.7355184,0,0,0,0,1,6,36,0.0006128042,0.00348625146,0,41,0
Kinematic-Cluster4-F,335,6.72,3,-2.6860075,-1.24465644,-11.5427189,0,0,0,0,1,7,36,0.0006128042,0.00348625146,0,41,0
Kinematic-Cluster4-F,336,6.74,0,-3.081476,-1.60871744,-1.91185474,0,0,0,0,1,9,36,0.0008476321,0.004027117,0,41,0
Kinematic-Cluster4-F,336,6.74,1,-2.704337,-1.614902,-4.06368828,0,0,0,0,1,11,36,0.0008476321,0.004027117,0,41,0
Kinematic-Cluster4-F,336,6.74,2,-3.06382728,-1.23058152,0.7355184,0,0,0,0,1,6,36,0.0008476321,0.004027117,0,41,0
Kinematic-Cluster4-F,336,6.74,3,-2.6860075,-1.24465644,-11.5427189,0,0,0,0,1,7,36,0.0008476321,0.004027117,0,41,0
Kinematic-Cluster4-F,337,6.75999975,0,-3.081476,-1.60871744,-1.91185474,0,0,0,0,1,9,36,0.0009816578,0.004977653,0,41,0
Kinematic-Cluster4-F,337,6.75999975,1,-2.704337,-1.614902,-4.06368828,0,0,0,0,1,11,36,0.0009816578,0.004977653,0,41,0
Kinematic-Cluster4-F,337,6.75999975,2,-3.06382728,-1.23058152,0.7355184,0,0,0,0,1,6,36,0.0009816578,0.004977653,0,41,0
Kinematic-Cluster4-F,337,6.75999975,3,-2.6860075,-1.24465644,-11.5427189,0,0,0,0,1,7,36,0.0009816578,0.004977653,0,41,0
Kinematic-Cluster4-F,338,6.77999973,0,-3.081476,-1.60871744,-1.91185474,0,0,0,0,1,9,36,0.00110759481,0.005509904,0,41,0
Kinematic-Cluster4-F,338,6.77999973,1,-2.704337,-1.614902,-4.06368828,0,0,0,0,1,11,36,0.00110759481,0.005509904,0,41,0
Kinematic-Cluster4-F,338,6.77999973,2,-3.06382728,-1.23058152,0.7355184,0,0,0,0,1,6,36,0.00110759481,0.005509904,0,41,0
Kinematic-Cluster4-F,338,6.77999973,3,-2.6860075,-1.24465644,-11.5427189,0,0,0,0,1,7,36,0.00110759481,0.005509904,0,41,0
Kinematic-Cluster4-F,339,6.79999971,0,-3.081476,-1.60871744,-1.91185474,0,0,0,0,1,9,36,0.00100670638,0.006523669,0,41,0
Kinematic-Cluster4-F,339,6.79999971,1,-2.704337,-1.614902,-4.06368828,0,0,0,0,1,11,36,0.00100670638,0.006523669,0,41,0
Kinematic-Cluster4-F,339,6.79999971,2,-3.06382728,-1.23058152,0.7355184,0,0,0,0,1,6,36,0.00100670638,0.006523669,0,41,0
Kinematic-Cluster4-F,339,6.79999971,3,-2.6860075,-1.24465644,-11.5427189,0,0,0,0,1,7,36,0.00100670638,0.006523669,0,41,0
Kinematic-Cluster4-F,340,6.81999969,0,-3.081476,-1.60871744,-1.91185474,0,0,0,0,1,9,36,0.000404711638,0.00230352557,0,41,0
Kinematic-Cluster4-F,340,6.81999969,1,-2.704337,-1.614902,-4.06368828,0,0,0,0,1,11,36,0.000404711638,0.00230352557,0,41,0
Kinematic-Cluster4-F,340,6.81999969,2,-3.06382728,-1.23058152,0.7355184,0,0,0,0,1,6,36,0.000404711638,0.00230352557,0,41,0
Kinematic-Cluster4-F,340,6.81999969,3,-2.6860075,-1.24465644,-11.5427189,0,0,0,0,1,7,36,0.000404711638,0.00230352557,0,41,0
Kinematic-Cluster4-F,341,6.83999968,0,-3.081476,-1.60871744,-1.91185474,0,0,0,0,1,9,36,0.0007897509,0.00427063,0,41,0
Kinematic-Cluster4-F,341,6.83999968,1,-2.704337,-1.614902,-4.06368828,0,0,0,0,1,11,36,0.0007897509,0.00427063,0,41,0
Kinematic-Cluster4-F,341,6.83999968,2,-3.06382728,-1.23058152,0.7355184,0,0,0,0,1,6,36,0.0007897509,0.00427063,0,41,0
Kinematic-Cluster4-F,341,6.83999968,3,-2.6860075,-1.24465644,-11.5427189,0,0,0,0,1,7,36,0.0007897509,0.00427063,0,41,0
Kinematic-Cluster4-F,342,6.85999966,0,-3.081476,-1.60871744,-1.91185474,0,0,0,0,1,9,36,0.00066869607,0.002871054,0,41,0
Kinematic-Cluster4-F,342,6.85999966,1,-2.704337,-1.614902,-4.06368828,0,0,0,0,1,11,36,0.00066869607,0.002871054,0,41,0
Kinematic-Cluster4-F,342,6.85999966,2,-3.06382728,-1.23058152,0.7355184,0,0,0,0,1,6,36,0.00066869607,0.002871054,0,41,0
Kinematic-Cluster4-F,342,6.85999966,3,-2.6860075,-1.24465644,-11.5427189,0,0,0,0,1,7,36,0.00066869607,0.002871054,0,41,0
Kinematic-Cluster4-F,343,6.87999964,0,-3.081476,-1.60871744,-1.91185474,0,0,0,0,1,9,36,0.000841756,0.00413024332,0,41,0
Kinematic-Cluster4-F,343,6.87999964,1,-2.704337,-1.614902,-4.06368828,0,0,0,0,1,11,36,0.000841756,0.00413024332,0,41,0
Kinematic-Cluster4-F,343,6.87999964,2,-3.06382728,-1.23058152,0.7355184,0,0,0,0,1,6,36,0.000841756,0.00413024332,0,41,0
Kinematic-Cluster4-F,343,6.87999964,3,-2.6860075,-1.24465644,-11.5427189,0,0,0,0,1,7,36,0.000841756,0.00413024332,0,41,0
Kinematic-Cluster4-F,344,6.89999962,0,-3.081476,-1.60871744,-1.91185474,0,0,0,0,1,9,36,0.00114547752,0.005748249,0,41,0
Kinematic-Cluster4-F,344,6.89999962,1,-2.704337,-1.614902,-4.06368828,0,0,0,0,1,11,36,0.00114547752,0.005748249,0,41,0
Kinematic-Cluster4-F,344,6.89999962,2,-3.06382728,-1.23058152,0.7355184,0,0,0,0,1,6,36,0.00114547752,0.005748249,0,41,0
Kinematic-Cluster4-F,344,6.89999962,3,-2.6860075,-1.24465644,-11.5427189,0,0,0,0,1,7,36,0.00114547752,0.005748249,0,41,0
Kinematic-Cluster4-F,345,6.92,0,-3.081476,-1.60871744,-1.91185474,0,0,0,0,1,9,36,0.00103675888,0.00721620675,0,41,0
Kinematic-Cluster4-F,345,6.92,1,-2.704337,-1.614902,-4.06368828,0,0,0,0,1,11,36,0.00103675888,0.00721620675,0,41,0
Kinematic-Cluster4-F,345,6.92,2,-3.06382728,-1.23058152,0.7355184,0,0,0,0,1,6,36,0.00103675888,0.00721620675,0,41,0
Kinematic-Cluster4-F,345,6.92,3,-2.6860075,-1.24465644,-11.5427189,0,0,0,0,1,7,36,0.00103675888,0.00721620675,0,41,0
Kinematic-Cluster4-F,346,6.94,0,-3.081476,-1.60871744,-1.91185474,0,0,0,0,1,9,36,0.000873484241,0.00559075037,0,41,0
Kinematic-Cluster4-F,346,6.94,1,-2.704337,-1.614902,-4.06368828,0,0,0,0,1,11,36,0.000873484241,0.00559075037,0,41,0
Kinematic-Cluster4-F,346,6.94,2,-3.06382728,-1.23058152,0.7355184,0,0,0,0,1,6,36,0.000873484241,0.00559075037,0,41,0
Kinematic-Cluster4-F,346,6.94,3,-2.6860075,-1.24465644,-11.5427189,0,0,0,0,1,7,36,0.000873484241,0.00559075037,0,41,0
Kinematic-Cluster4-F,347,6.96,0,-3.081476,-1.60871744,-1.91185474,0,0,0,0,1,9,36,0.00159969484,0.007089165,0,41,0
Kinematic-Cluster4-F,347,6.96,1,-2.704337,-1.614902,-4.06368828,0,0,0,0,1,11,36,0.00159969484,0.007089165,0,41,0
Kinematic-Cluster4-F,347,6.96,2,-3.06382728,-1.23058152,0.7355184,0,0,0,0,1,6,36,0.00159969484,0.007089165,0,41,0
Kinematic-Cluster4-F,347,6.96,3,-2.6860075,-1.24465644,-11.5427189,0,0,0,0,1,7,36,0.00159969484,0.007089165,0,41,0
Kinematic-Cluster4-F,348,6.98,0,-3.081476,-1.60871744,-1.91185474,0,0,0,0,1,9,36,0.0007346597,0.00301421364,0,41,0
Kinematic-Cluster4-F,348,6.98,1,-2.704337,-1.614902,-4.06368828,0,0,0,0,1,11,36,0.0007346597,0.00301421364,0,41,0
Kinematic-Cluster4-F,348,6.98,2,-3.06382728,-1.23058152,0.7355184,0,0,0,0,1,6,36,0.0007346597,0.00301421364,0,41,0
Kinematic-Cluster4-F,348,6.98,3,-2.6860075,-1.24465644,-11.5427189,0,0,0,0,1,7,36,0.0007346597,0.00301421364,0,41,0
Kinematic-Cluster4-F,349,7,0,-3.081476,-1.60871744,-1.91185474,0,0,0,0,1,9,36,0.0011591193,0.003925687,0,41,0
Kinematic-Cluster4-F,349,7,1,-2.704337,-1.614902,-4.06368828,0,0,0,0,1,11,36,0.0011591193,0.003925687,0,41,0
Kinematic-Cluster4-F,349,7,2,-3.06382728,-1.23058152,0.7355184,0,0,0,0,1,6,36,0.0011591193,0.003925687,0,41,0
Kinematic-Cluster4-F,349,7,3,-2.6860075,-1.24465644,-11.5427189,0,0,0,0,1,7,36,0.0011591193,0.003925687,0,41,0
Kinematic-Cluster4-F,350,7.02,0,-3.081476,-1.60871744,-1.91185474,0,0,0,0,1,9,36,0.00101567584,0.004365557,0,41,0
Kinematic-Cluster4-F,350,7.02,1,-2.704337,-1.614902,-4.06368828,0,0,0,0,1,11,36,0.00101567584,0.004365557,0,41,0
Kinematic-Cluster4-F,350,7.02,2,-3.06382728,-1.23058152,0.7355184,0,0,0,0,1,6,36,0.00101567584,0.004365557,0,41,0
Kinematic-Cluster4-F,350,7.02,3,-2.6860075,-1.24465644,-11.5427189,0,0,0,0,1,7,36,0.00101567584,0.004365557,0,41,0
Kinematic-Cluster4-F,351,7.04,0,-3.081476,-1.60871744,-1.91185474,0,0,0,0,1,9,36,0.001581664,0.0053544566,0,41,0
Kinematic-Cluster4-F,351,7.04,1,-2.704337,-1.614902,-4.06368828,0,0,0,0,1,11,36,0.001581664,0.0053544566,0,41,0
Kinematic-Cluster4-F,351,7.04,2,-3.06382728,-1.23058152,0.7355184,0,0,0,0,1,6,36,0.001581664,0.0053544566,0,41,0
Kinematic-Cluster4-F,351,7.04,3,-2.6860075,-1.24465644,-11.5427189,0,0,0,0,1,7,36,0.001581664,0.0053544566,0,41,0
Kinematic-Cluster4-F,352,7.06,0,-3.081476,-1.60871744,-1.91185474,0,0,0,0,1,9,36,0.000480094634,0.002465466,0,41,0
Kinematic-Cluster4-F,352,7.06,1,-2.704337,-1.614902,-4.06368828,0,0,0,0,1,11,36,0.000480094634,0.002465466,0,41,0
Kinematic-Cluster4-F,352,7.06,2,-3.06382728,-1.23058152,0.7355184,0,0,0,0,1,6,36,0.000480094634,0.002465466,0,41,0
Kinematic-Cluster4-F,352,7.06,3,-2.6860075,-1.24465644,-11.5427189,0,0,0,0,1,7,36,0.000480094634,0.002465466,0,41,0
Kinematic-Cluster4-F,353,7.08,0,-3.081476,-1.60871744,-1.91185474,0,0,0,0,1,9,36,0.00126137771,0.005259229,0,41,0
Kinematic-Cluster4-F,353,7.08,1,-2.704337,-1.614902,-4.06368828,0,0,0,0,1,11,36,0.00126137771,0.005259229,0,41,0
Kinematic-Cluster4-F,353,7.08,2,-3.06382728,-1.23058152,0.7355184,0,0,0,0,1,6,36,0.00126137771,0.005259229,0,41,0
Kinematic-Cluster4-F,353,7.08,3,-2.6860075,-1.24465644,-11.5427189,0,0,0,0,1,7,36,0.00126137771,0.005259229,0,41,0
Kinematic-Cluster4-F,354,7.1,0,-3.081476,-1.60871744,-1.91185474,0,0,0,0,1,9,36,0.00159692066,0.007235021,0,41,0
Kinematic-Cluster4-F,354,7.1,1,-2.704337,-1.614902,-4.06368828,0,0,0,0,1,11,36,0.00159692066,0.007235021,0,41,0
Kinematic-Cluster4-F,354,7.1,2,-3.06382728,-1.23058152,0.7355184,0,0,0,0,1,6,36,0.00159692066,0.007235021,0,41,0
Kinematic-Cluster4-F,354,7.1,3,-2.6860075,-1.24465644,-11.5427189,0,0,0,0,1,7,36,0.00159692066,0.007235021,0,41,0
Kinematic-Cluster4-F,355,7.12,0,-3.081476,-1.60871744,-1.91185474,0,0,0,0,1,9,36,0.0005224111,0.00244750688,0,41,0
Kinematic-Cluster4-F,355,7.12,1,-2.704337,-1.614902,-4.06368828,0,0,0,0,1,11,36,0.0005224111,0.00244750688,0,41,0
Kinematic-Cluster4-F,355,7.12,2,-3.06382728,-1.23058152,0.7355184,0,0,0,0,1,6,36,0.0005224111,0.00244750688,0,41,0
Kinematic-Cluster4-F,355,7.12,3,-2.6860075,-1.24465644,-11.5427189,0,0,0,0,1,7,36,0.0005224111,0.00244750688,0,41,0
Kinematic-Cluster4-F,356,7.14,0,-3.081476,-1.60871744,-1.91185474,0,0,0,0,1,9,36,0.000832296442,0.00304469024,0,41,0
Kinematic-Cluster4-F,356,7.14,1,-2.704337,-1.614902,-4.06368828,0,0,0,0,1,11,36,0.000832296442,0.00304469024,0,41,0
Kinematic-Cluster4-F,356,7.14,2,-3.06382728,-1.23058152,0.7355184,0,0,0,0,1,6,36,0.000832296442,0.00304469024,0,41,0
Kinematic-Cluster4-F,356,7.14,3,-2.6860075,-1.24465644,-11.5427189,0,0,0,0,1,7,36,0.000832296442,0.00304469024,0,41,0
Kinematic-Cluster4-F,357,7.16,0,-3.081476,-1.60871744,-1.91185474,0,0,0,0,1,9,36,0.0008923514,0.00421279855,0,41,0
Kinematic-Cluster4-F,357,7.16,1,-2.704337,-1.614902,-4.06368828,0,0,0,0,1,11,36,0.0008923514,0.00421279855,0,41,0
Kinematic-Cluster4-F,357,7.16,2,-3.06382728,-1.23058152,0.7355184,0,0,0,0,1,6,36,0.0008923514,0.00421279855,0,41,0
Kinematic-Cluster4-F,357,7.16,3,-2.6860075,-1.24465644,-11.5427189,0,0,0,0,1,7,36,0.0008923514,0.00421279855,0,41,0
Kinematic-Cluster4-F,358,7.18,0,-3.081476,-1.60871744,-1.91185474,0,0,0,0,1,9,36,0.00108804414,0.004785779,0,41,0
Kinematic-Cluster4-F,358,7.18,1,-2.704337,-1.614902,-4.06368828,0,0,0,0,1,11,36,0.00108804414,0.004785779,0,41,0
Kinematic-Cluster4-F,358,7.18,2,-3.06382728,-1.23058152,0.7355184,0,0,0,0,1,6,36,0.00108804414,0.004785779,0,41,0
Kinematic-Cluster4-F,358,7.18,3,-2.6860075,-1.24465644,-11.5427189,0,0,0,0,1,7,36,0.00108804414,0.004785779,0,41,0
Kinematic-Cluster4-F,359,7.2,0,-3.081476,-1.60871744,-1.91185474,0,0,0,0,1,9,36,0.00162775978,0.00742571335,0,41,0
Kinematic-Cluster4-F,359,7.2,1,-2.704337,-1.614902,-4.06368828,0,0,0,0,1,11,36,0.00162775978,0.00742571335,0,41,0
Kinematic-Cluster4-F,359,7.2,2,-3.06382728,-1.23058152,0.7355184,0,0,0,0,1,6,36,0.00162775978,0.00742571335,0,41,0
Kinematic-Cluster4-F,359,7.2,3,-2.6860075,-1.24465644,-11.5427189,0,0,0,0,1,7,36,0.00162775978,0.00742571335,0,41,0
Kinematic-Cluster4-F,360,7.22,0,-3.081476,-1.60871744,-1.91185474,0,0,0,0,1,9,36,0.000788559963,0.00317926263,0,41,0
Kinematic-Cluster4-F,360,7.22,1,-2.704337,-1.614902,-4.06368828,0,0,0,0,1,11,36,0.000788559963,0.00317926263,0,41,0
Kinematic-Cluster4-F,360,7.22,2,-3.06382728,-1.23058152,0.7355184,0,0,0,0,1,6,36,0.000788559963,0.00317926263,0,41,0
Kinematic-Cluster4-F,360,7.22,3,-2.6860075,-1.24465644,-11.5427189,0,0,0,0,1,7,36,0.000788559963,0.00317926263,0,41,0
Kinematic-Cluster4-F,361,7.24,0,-3.081476,-1.60871744,-1.91185474,0,0,0,0,1,9,36,0.0016489987,0.007370412,0,41,0
Kinematic-Cluster4-F,361,7.24,1,-2.704337,-1.614902,-4.06368828,0,0,0,0,1,11,36,0.0016489987,0.007370412,0,41,0
Kinematic-Cluster4-F,361,7.24,2,-3.06382728,-1.23058152,0.7355184,0,0,0,0,1,6,36,0.0016489987,0.007370412,0,41,0
Kinematic-Cluster4-F,361,7.24,3,-2.6860075,-1.24465644,-11.5427189,0,0,0,0,1,7,36,0.0016489987,0.007370412,0,41,0
Kinematic-Cluster4-F,362,7.25999975,0,-3.081476,-1.60871744,-1.91185474,0,0,0,0,1,9,36,0.0015784438,0.00663499674,0,41,0
Kinematic-Cluster4-F,362,7.25999975,1,-2.704337,-1.614902,-4.06368828,0,0,0,0,1,11,36,0.0015784438,0.00663499674,0,41,0
Kinematic-Cluster4-F,362,7.25999975,2,-3.06382728,-1.23058152,0.7355184,0,0,0,0,1,6,36,0.0015784438,0.00663499674,0,41,0
Kinematic-Cluster4-F,362,7.25999975,3,-2.6860075,-1.24465644,-11.5427189,0,0,0,0,1,7,36,0.0015784438,0.00663499674,0,41,0
Kinematic-Cluster4-F,363,7.27999973,0,-3.081476,-1.60871744,-1.91185474,0,0,0,0,1,9,36,0.000539257,0.00244778628,0,41,0
Kinematic-Cluster4-F,363,7.27999973,1,-2.704337,-1.614902,-4.06368828,0,0,0,0,1,11,36,0.000539257,0.00244778628,0,41,0
Kinematic-Cluster4-F,363,7.27999973,2,-3.06382728,-1.23058152,0.7355184,0,0,0,0,1,6,36,0.000539257,0.00244778628,0,41,0
Kinematic-Cluster4-F,363,7.27999973,3,-2.6860075,-1.24465644,-11.5427189,0,0,0,0,1,7,36,0.000539257,0.00244778628,0,41,0
Kinematic-Cluster4-F,364,7.29999971,0,-3.081476,-1.60871744,-1.91185474,0,0,0,0,1,9,36,0.00102679583,0.00423544,0,41,0
Kinematic-Cluster4-F,364,7.29999971,1,-2.704337,-1.614902,-4.06368828,0,0,0,0,1,11,36,0.00102679583,0.00423544,0,41,0
Kinematic-Cluster4-F,364,7.29999971,2,-3.06382728,-1.23058152,0.7355184,0,0,0,0,1,6,36,0.00102679583,0.00423544,0,41,0
Kinematic-Cluster4-F,364,7.29999971,3,-2.6860075,-1.24465644,-11.5427189,0,0,0,0,1,7,36,0.00102679583,0.00423544,0,41,0
Kinematic-Cluster4-F,365,7.31999969,0,-3.081476,-1.60871744,-1.91185474,0,0,0,0,1,9,36,0.0008704711,0.00350343669,0,41,0
Kinematic-Cluster4-F,365,7.31999969,1,-2.704337,-1.614902,-4.06368828,0,0,0,0,1,11,36,0.0008704711,0.00350343669,0,41,0
Kinematic-Cluster4-F,365,7.31999969,2,-3.06382728,-1.23058152,0.7355184,0,0,0,0,1,6,36,0.0008704711,0.00350343669,0,41,0
Kinematic-Cluster4-F,365,7.31999969,3,-2.6860075,-1.24465644,-11.5427189,0,0,0,0,1,7,36,0.0008704711,0.00350343669,0,41,0
Kinematic-Cluster4-F,366,7.33999968,0,-3.081476,-1.60871744,-1.91185474,0,0,0,0,1,9,36,0.00103974168,0.00475186,0,41,0
Kinematic-Cluster4-F,366,7.33999968,1,-2.704337,-1.614902,-4.06368828,0,0,0,0,1,11,36,0.00103974168,0.00475186,0,41,0
Kinematic-Cluster4-F,366,7.33999968,2,-3.06382728,-1.23058152,0.7355184,0,0,0,0,1,6,36,0.00103974168,0.00475186,0,41,0
Kinematic-Cluster4-F,366,7.33999968,3,-2.6860075,-1.24465644,-11.5427189,0,0,0,0,1,7,36,0.00103974168,0.00475186,0,41,0
Kinematic-Cluster4-F,367,7.35999966,0,-3.081476,-1.60871744,-1.91185474,0,0,0,0,1,9,36,0.00175292813,0.008103844,0,41,0
Kinematic-Cluster4-F,367,7.35999966,1,-2.704337,-1.614902,-4.06368828,0,0,0,0,1,11,36,0.00175292813,0.008103844,0,41,0
Kinematic-Cluster4-F,367,7.35999966,2,-3.06382728,-1.23058152,0.7355184,0,0,0,0,1,6,36,0.00175292813,0.008103844,0,41,0
Kinematic-Cluster4-F,367,7.35999966,3,-2.6860075,-1.24465644,-11.5427189,0,0,0,0,1,7,36,0.00175292813,0.008103844,0,41,0
Kinematic-Cluster4-F,368,7.37999964,0,-3.081476,-1.60871744,-1.91185474,0,0,0,0,1,9,36,0.0007495512,0.0033431456,0,41,0
Kinematic-Cluster4-F,368,7.37999964,1,-2.704337,-1.614902,-4.06368828,0,0,0,0,1,11,36,0.0007495512,0.0033431456,0,41,0
Kinematic-Cluster4-F,368,7.37999964,2,-3.06382728,-1.23058152,0.7355184,0,0,0,0,1,6,36,0.0007495512,0.0033431456,0,41,0
Kinematic-Cluster4-F,368,7.37999964,3,-2.6860075,-1.24465644,-11.5427189,0,0,0,0,1,7,36,0.0007495512,0.0033431456,0,41,0
Kinematic-Cluster4-F,369,7.39999962,0,-3.081476,-1.60871744,-1.91185474,0,0,0,0,1,9,36,0.00119372236,0.004842641,0,41,0
Kinematic-Cluster4-F,369,7.39999962,1,-2.704337,-1.614902,-4.06368828,0,0,0,0,1,11,36,0.00119372236,0.004842641,0,41,0
Kinematic-Cluster4-F,369,7.39999962,2,-3.06382728,-1.23058152,0.7355184,0,0,0,0,1,6,36,0.00119372236,0.004842641,0,41,0
Kinematic-Cluster4-F,369,7.39999962,3,-2.6860075,-1.24465644,-11.5427189,0,0,0,0,1,7,36,0.00119372236,0.004842641,0,41,0
Kinematic-Cluster4-F,370,7.4199996,0,-3.081476,-1.60871744,-1.91185474,0,0,0,0,1,9,36,0.00129232765,0.005083267,0,41,0
Kinematic-Cluster4-F,370,7.4199996,1,-2.704337,-1.614902,-4.06368828,0,0,0,0,1,11,36,0.00129232765,0.005083267,0,41,0
Kinematic-Cluster4-F,370,7.4199996,2,-3.06382728,-1.23058152,0.7355184,0,0,0,0,1,6,36,0.00129232765,0.005083267,0,41,0
Kinematic-Cluster4-F,370,7.4199996,3,-2.6860075,-1.24465644,-11.5427189,0,0,0,0,1,7,36,0.00129232765,0.005083267,0,41,0
Kinematic-Cluster4-F,371,7.44,0,-3.081476,-1.60871744,-1.91185474,0,0,0,0,1,9,36,0.00131336483,0.006027509,0,41,0
Kinematic-Cluster4-F,371,7.44,1,-2.704337,-1.614902,-4.06368828,0,0,0,0,1,11,36,0.00131336483,0.006027509,0,41,0
Kinematic-Cluster4-F,371,7.44,2,-3.06382728,-1.23058152,0.7355184,0,0,0,0,1,6,36,0.00131336483,0.006027509,0,41,0
Kinematic-Cluster4-F,371,7.44,3,-2.6860075,-1.24465644,-11.5427189,0,0,0,0,1,7,36,0.00131336483,0.006027509,0,41,0
Kinematic-Cluster4-F,372,7.46,0,-3.081476,-1.60871744,-1.91185474,0,0,0,0,1,9,36,0.00112850254,0.004456293,0,41,0
Kinematic-Cluster4-F,372,7.46,1,-2.704337,-1.614902,-4.06368828,0,0,0,0,1,11,36,0.00112850254,0.004456293,0,41,0
Kinematic-Cluster4-F,372,7.46,2,-3.06382728,-1.23058152,0.7355184,0,0,0,0,1,6,36,0.00112850254,0.004456293,0,41,0
Kinematic-Cluster4-F,372,7.46,3,-2.6860075,-1.24465644,-11.5427189,0,0,0,0,1,7,36,0.00112850254,0.004456293,0,41,0
Kinematic-Cluster4-F,373,7.48,0,-3.081476,-1.60871744,-1.91185474,0,0,0,0,1,9,36,0.00108733587,0.00501776161,0,41,0
Kinematic-Cluster4-F,373,7.48,1,-2.704337,-1.614902,-4.06368828,0,0,0,0,1,11,36,0.00108733587,0.00501776161,0,41,0
Kinematic-Cluster4-F,373,7.48,2,-3.06382728,-1.23058152,0.7355184,0,0,0,0,1,6,36,0.00108733587,0.00501776161,0,41,0
Kinematic-Cluster4-F,373,7.48,3,-2.6860075,-1.24465644,-11.5427189,0,0,0,0,1,7,36,0.00108733587,0.00501776161,0,41,0
Kinematic-Cluster4-F,374,7.5,0,-3.081476,-1.60871744,-1.91185474,0,0,0,0,1,9,36,0.00165479688,0.0073565254,0,41,0
Kinematic-Cluster4-F,374,7.5,1,-2.704337,-1.614902,-4.06368828,0,0,0,0,1,11,36,0.00165479688,0.0073565254,0,41,0
Kinematic-Cluster4-F,374,7.5,2,-3.06382728,-1.23058152,0.7355184,0,0,0,0,1,6,36,0.00165479688,0.0073565254,0,41,0
Kinematic-Cluster4-F,374,7.5,3,-2.6860075,-1.24465644,-11.5427189,0,0,0,0,1,7,36,0.00165479688,0.0073565254,0,41,0
Kinematic-Cluster4-F,375,7.52,0,-3.081476,-1.60871744,-1.91185474,0,0,0,0,1,9,36,0.000398361852,0.00262915133,0,41,0
Kinematic-Cluster4-F,375,7.52,1,-2.704337,-1.614902,-4.06368828,0,0,0,0,1,11,36,0.000398361852,0.00262915133,0,41,0
Kinematic-Cluster4-F,375,7.52,2,-3.06382728,-1.23058152,0.7355184,0,0,0,0,1,6,36,0.000398361852,0.00262915133,0,41,0
Kinematic-Cluster4-F,375,7.52,3,-2.6860075,-1.24465644,-11.5427189,0,0,0,0,1,7,36,0.000398361852,0.00262915133,0,41,0
Kinematic-Cluster4-F,376,7.54,0,-3.081476,-1.60871744,-1.91185474,0,0,0,0,1,9,36,0.0011393053,0.004635351,0,41,0
Kinematic-Cluster4-F,376,7.54,1,-2.704337,-1.614902,-4.06368828,0,0,0,0,1,11,36,0.0011393053,0.004635351,0,41,0
Kinematic-Cluster4-F,376,7.54,2,-3.06382728,-1.23058152,0.7355184,0,0,0,0,1,6,36,0.0011393053,0.004635351,0,41,0
Kinematic-Cluster4-F,376,7.54,3,-2.6860075,-1.24465644,-11.5427189,0,0,0,0,1,7,36,0.0011393053,0.004635351,0,41,0
Kinematic-Cluster4-F,377,7.56,0,-3.081476,-1.60871744,-1.91185474,0,0,0,0,1,9,36,0.00107210665,0.00481292652,0,41,0
Kinematic-Cluster4-F,377,7.56,1,-2.704337,-1.614902,-4.06368828,0,0,0,0,1,11,36,0.00107210665,0.00481292652,0,41,0
Kinematic-Cluster4-F,377,7.56,2,-3.06382728,-1.23058152,0.7355184,0,0,0,0,1,6,36,0.00107210665,0.00481292652,0,41,0
Kinematic-Cluster4-F,377,7.56,3,-2.6860075,-1.24465644,-11.5427189,0,0,0,0,1,7,36,0.00107210665,0.00481292652,0,41,0
Kinematic-Cluster4-F,378,7.58,0,-3.081476,-1.60871744,-1.91185474,0,0,0,0,1,9,36,0.00170489086,0.00656252168,0,41,0
Kinematic-Cluster4-F,378,7.58,1,-2.704337,-1.614902,-4.06368828,0,0,0,0,1,11,36,0.00170489086,0.00656252168,0,41,0
Kinematic-Cluster4-F,378,7.58,2,-3.06382728,-1.23058152,0.7355184,0,0,0,0,1,6,36,0.00170489086,0.00656252168,0,41,0
Kinematic-Cluster4-F,378,7.58,3,-2.6860075,-1.24465644,-11.5427189,0,0,0,0,1,7,36,0.00170489086,0.00656252168,0,41,0
Kinematic-Cluster4-F,379,7.6,0,-3.081476,-1.60871744,-1.91185474,0,0,0,0,1,9,36,0.000817387248,0.00331843528,0,41,0
Kinematic-Cluster4-F,379,7.6,1,-2.704337,-1.614902,-4.06368828,0,0,0,0,1,11,36,0.000817387248,0.00331843528,0,41,0
Kinematic-Cluster4-F,379,7.6,2,-3.06382728,-1.23058152,0.7355184,0,0,0,0,1,6,36,0.000817387248,0.00331843528,0,41,0
Kinematic-Cluster4-F,379,7.6,3,-2.6860075,-1.24465644,-11.5427189,0,0,0,0,1,7,36,0.000817387248,0.00331843528,0,41,0
Kinematic-Cluster4-F,380,7.62,0,-3.081476,-1.60871744,-1.91185474,0,0,0,0,1,9,36,0.0008720479,0.003633122,0,41,0
Kinematic-Cluster4-F,380,7.62,1,-2.704337,-1.614902,-4.06368828,0,0,0,0,1,11,36,0.0008720479,0.003633122,0,41,0
Kinematic-Cluster4-F,380,7.62,2,-3.06382728,-1.23058152,0.7355184,0,0,0,0,1,6,36,0.0008720479,0.003633122,0,41,0
Kinematic-Cluster4-F,380,7.62,3,-2.6860075,-1.24465644,-11.5427189,0,0,0,0,1,7,36,0.0008720479,0.003633122,0,41,0
Kinematic-Cluster4-F,381,7.64,0,-3.081476,-1.60871744,-1.91185474,0,0,0,0,1,9,36,0.0009467165,0.00561206369,0,41,0
Kinematic-Cluster4-F,381,7.64,1,-2.704337,-1.614902,-4.06368828,0,0,0,0,1,11,36,0.0009467165,0.00561206369,0,41,0
Kinematic-Cluster4-F,381,7.64,2,-3.06382728,-1.23058152,0.7355184,0,0,0,0,1,6,36,0.0009467165,0.00561206369,0,41,0
Kinematic-Cluster4-F,381,7.64,3,-2.6860075,-1.24465644,-11.5427189,0,0,0,0,1,7,36,0.0009467165,0.00561206369,0,41,0
Kinematic-Cluster4-F,382,7.66,0,-3.081476,-1.60871744,-1.91185474,0,0,0,0,1,9,36,0.000728160143,0.00463891076,0,41,0
Kinematic-Cluster4-F,382,7.66,1,-2.704337,-1.614902,-4.06368828,0,0,0,0,1,11,36,0.000728160143,0.00463891076,0,41,0
Kinematic-Cluster4-F,382,7.66,2,-3.06382728,-1.23058152,0.7355184,0,0,0,0,1,6,36,0.000728160143,0.00463891076,0,41,0
Kinematic-Cluster4-F,382,7.66,3,-2.6860075,-1.24465644,-11.5427189,0,0,0,0,1,7,36,0.000728160143,0.00463891076,0,41,0
Kinematic-Cluster4-F,383,7.68,0,-3.081476,-1.60871744,-1.91185474,0,0,0,0,1,9,36,0.000824533461,0.0033439023,0,41,0
Kinematic-Cluster4-F,383,7.68,1,-2.704337,-1.614902,-4.06368828,0,0,0,0,1,11,36,0.000824533461,0.0033439023,0,41,0
Kinematic-Cluster4-F,383,7.68,2,-3.06382728,-1.23058152,0.7355184,0,0,0,0,1,6,36,0.000824533461,0.0033439023,0,41,0
Kinematic-Cluster4-F,383,7.68,3,-2.6860075,-1.24465644,-11.5427189,0,0,0,0,1,7,36,0.000824533461,0.0033439023,0,41,0
Kinematic-Cluster4-F,384,7.7,0,-3.081476,-1.60871744,-1.91185474,0,0,0,0,1,9,36,0.0008505086,0.005311213,0,41,0
Kinematic-Cluster4-F,384,7.7,1,-2.704337,-1.614902,-4.06368828,0,0,0,0,1,11,36,0.0008505086,0.005311213,0,41,0
Kinematic-Cluster4-F,384,7.7,2,-3.06382728,-1.23058152,0.7355184,0,0,0,0,1,6,36,0.0008505086,0.005311213,0,41,0
Kinematic-Cluster4-F,384,7.7,3,-2.6860075,-1.24465644,-11.5427189,0,0,0,0,1,7,36,0.0008505086,0.005311213,0,41,0
Kinematic-Cluster4-F,385,7.72,0,-3.081476,-1.60871744,-1.91185474,0,0,0,0,1,9,36,0.0007787524,0.00509950425,0,41,0
Kinematic-Cluster4-F,385,7.72,1,-2.704337,-1.614902,-4.06368828,0,0,0,0,1,11,36,0.0007787524,0.00509950425,0,41,0
Kinematic-Cluster4-F,385,7.72,2,-3.06382728,-1.23058152,0.7355184,0,0,0,0,1,6,36,0.0007787524,0.00509950425,0,41,0
Kinematic-Cluster4-F,385,7.72,3,-2.6860075,-1.24465644,-11.5427189,0,0,0,0,1,7,36,0.0007787524,0.00509950425,0,41,0
Kinematic-Cluster4-F,386,7.74,0,-3.081476,-1.60871744,-1.91185474,0,0,0,0,1,9,36,0.000733907451,0.004441651,0,41,0
Kinematic-Cluster4-F,386,7.74,1,-2.704337,-1.614902,-4.06368828,0,0,0,0,1,11,36,0.000733907451,0.004441651,0,41,0
Kinematic-Cluster4-F,386,7.74,2,-3.06382728,-1.23058152,0.7355184,0,0,0,0,1,6,36,0.000733907451,0.004441651,0,41,0
Kinematic-Cluster4-F,386,7.74,3,-2.6860075,-1.24465644,-11.5427189,0,0,0,0,1,7,36,0.000733907451,0.004441651,0,41,0
Kinematic-Cluster4-F,387,7.75999975,0,-3.081476,-1.60871744,-1.91185474,0,0,0,0,1,9,36,0.000607843569,0.00288283569,0,41,0
Kinematic-Cluster4-F,387,7.75999975,1,-2.704337,-1.614902,-4.06368828,0,0,0,0,1,11,36,0.000607843569,0.00288283569,0,41,0
Kinematic-Cluster4-F,387,7.75999975,2,-3.06382728,-1.23058152,0.7355184,0,0,0,0,1,6,36,0.000607843569,0.00288283569,0,41,0
Kinematic-Cluster4-F,387,7.75999975,3,-2.6860075,-1.24465644,-11.5427189,0,0,0,0,1,7,36,0.000607843569,0.00288283569,0,41,0
Kinematic-Cluster4-F,388,7.77999973,0,-3.081476,-1.60871744,-1.91185474,0,0,0,0,1,9,36,0.0009493832,0.005713262,0,41,0
Kinematic-Cluster4-F,388,7.77999973,1,-2.704337,-1.614902,-4.06368828,0,0,0,0,1,11,36,0.0009493832,0.005713262,0,41,0
Kinematic-Cluster4-F,388,7.77999973,2,-3.06382728,-1.23058152,0.7355184,0,0,0,0,1,6,36,0.0009493832,0.005713262,0,41,0
Kinematic-Cluster4-F,388,7.77999973,3,-2.6860075,-1.24465644,-11.5427189,0,0,0,0,1,7,36,0.0009493832,0.005713262,0,41,0
Kinematic-Cluster4-F,389,7.79999971,0,-3.081476,-1.60871744,-1.91185474,0,0,0,0,1,9,36,0.000884493755,0.006426539,0,41,0
Kinematic-Cluster4-F,389,7.79999971,1,-2.704337,-1.614902,-4.06368828,0,0,0,0,1,11,36,0.000884493755,0.006426539,0,41,0
Kinematic-Cluster4-F,389,7.79999971,2,-3.06382728,-1.23058152,0.7355184,0,0,0,0,1,6,36,0.000884493755,0.006426539,0,41,0
Kinematic-Cluster4-F,389,7.79999971,3,-2.6860075,-1.24465644,-11.5427189,0,0,0,0,1,7,36,0.000884493755,0.006426539,0,41,0
Kinematic-Cluster4-F,390,7.81999969,0,-3.081476,-1.60871744,-1.91185474,0,0,0,0,1,9,36,0.0008562465,0.00524616567,0,41,0
Kinematic-Cluster4-F,390,7.81999969,1,-2.704337,-1.614902,-4.06368828,0,0,0,0,1,11,36,0.0008562465,0.00524616567,0,41,0
Kinematic-Cluster4-F,390,7.81999969,2,-3.06382728,-1.23058152,0.7355184,0,0,0,0,1,6,36,0.0008562465,0.00524616567,0,41,0
Kinematic-Cluster4-F,390,7.81999969,3,-2.6860075,-1.24465644,-11.5427189,0,0,0,0,1,7,36,0.0008562465,0.00524616567,0,41,0
Kinematic-Cluster4-F,391,7.83999968,0,-3.081476,-1.60871744,-1.91185474,0,0,0,0,1,9,36,0.000716457958,0.00296548568,0,41,0
Kinematic-Cluster4-F,391,7.83999968,1,-2.704337,-1.614902,-4.06368828,0,0,0,0,1,11,36,0.000716457958,0.00296548568,0,41,0
Kinematic-Cluster4-F,391,7.83999968,2,-3.06382728,-1.23058152,0.7355184,0,0,0,0,1,6,36,0.000716457958,0.00296548568,0,41,0
Kinematic-Cluster4-F,391,7.83999968,3,-2.6860075,-1.24465644,-11.5427189,0,0,0,0,1,7,36,0.000716457958,0.00296548568,0,41,0
Kinematic-Cluster4-F,392,7.85999966,0,-3.081476,-1.60871744,-1.91185474,0,0,0,0,1,9,36,0.0005842496,0.002718427,0,41,0
Kinematic-Cluster4-F,392,7.85999966,1,-2.704337,-1.614902,-4.06368828,0,0,0,0,1,11,36,0.0005842496,0.002718427,0,41,0
Kinematic-Cluster4-F,392,7.85999966,2,-3.06382728,-1.23058152,0.7355184,0,0,0,0,1,6,36,0.0005842496,0.002718427,0,41,0
Kinematic-Cluster4-F,392,7.85999966,3,-2.6860075,-1.24465644,-11.5427189,0,0,0,0,1,7,36,0.0005842496,0.002718427,0,41,0
Kinematic-Cluster4-F,393,7.87999964,0,-3.081476,-1.60871744,-1.91185474,0,0,0,0,1,9,36,0.00113653473,0.0057247933,0,41,0
Kinematic-Cluster4-F,393,7.87999964,1,-2.704337,-1.614902,-4.06368828,0,0,0,0,1,11,36,0.00113653473,0.0057247933,0,41,0
Kinematic-Cluster4-F,393,7.87999964,2,-3.06382728,-1.23058152,0.7355184,0,0,0,0,1,6,36,0.00113653473,0.0057247933,0,41,0
Kinematic-Cluster4-F,393,7.87999964,3,-2.6860075,-1.24465644,-11.5427189,0,0,0,0,1,7,36,0.00113653473,0.0057247933,0,41,0
Kinematic-Cluster4-F,394,7.89999962,0,-3.081476,-1.60871744,-1.91185474,0,0,0,0,1,9,36,0.0008009629,0.005956115,0,41,0
Kinematic-Cluster4-F,394,7.89999962,1,-2.704337,-1.614902,-4.06368828,0,0,0,0,1,11,36,0.0008009629,0.005956115,0,41,0
Kinematic-Cluster4-F,394,7.89999962,2,-3.06382728,-1.23058152,0.7355184,0,0,0,0,1,6,36,0.0008009629,0.005956115,0,41,0
Kinematic-Cluster4-F,394,7.89999962,3,-2.6860075,-1.24465644,-11.5427189,0,0,0,0,1,7,36,0.0008009629,0.005956115,0,41,0
Kinematic-Cluster4-F,395,7.9199996,0,-3.081476,-1.60871744,-1.91185474,0,0,0,0,1,9,36,0.0006124594,0.002695605,0,41,0
Kinematic-Cluster4-F,395,7.9199996,1,-2.704337,-1.614902,-4.06368828,0,0,0,0,1,11,36,0.0006124594,0.002695605,0,41,0
Kinematic-Cluster4-F,395,7.9199996,2,-3.06382728,-1.23058152,0.7355184,0,0,0,0,1,6,36,0.0006124594,0.002695605,0,41,0
Kinematic-Cluster4-F,395,7.9199996,3,-2.6860075,-1.24465644,-11.5427189,0,0,0,0,1,7,36,0.0006124594,0.002695605,0,41,0
Kinematic-Cluster4-F,396,7.94,0,-3.081476,-1.60871744,-1.91185474,0,0,0,0,1,9,36,0.001171721,0.00713725,0,41,0
Kinematic-Cluster4-F,396,7.94,1,-2.704337,-1.614902,-4.06368828,0,0,0,0,1,11,36,0.001171721,0.00713725,0,41,0
Kinematic-Cluster4-F,396,7.94,2,-3.06382728,-1.23058152,0.7355184,0,0,0,0,1,6,36,0.001171721,0.00713725,0,41,0
Kinematic-Cluster4-F,396,7.94,3,-2.6860075,-1.24465644,-11.5427189,0,0,0,0,1,7,36,0.001171721,0.00713725,0,41,0
Kinematic-Cluster4-F,397,7.96,0,-3.081476,-1.60871744,-1.91185474,0,0,0,0,1,9,36,0.000815107,0.00547865266,0,41,0
Kinematic-Cluster4-F,397,7.96,1,-2.704337,-1.614902,-4.06368828,0,0,0,0,1,11,36,0.000815107,0.00547865266,0,41,0
Kinematic-Cluster4-F,397,7.96,2,-3.06382728,-1.23058152,0.7355184,0,0,0,0,1,6,36,0.000815107,0.00547865266,0,41,0
Kinematic-Cluster4-F,397,7.96,3,-2.6860075,-1.24465644,-11.5427189,0,0,0,0,1,7,36,0.000815107,0.00547865266,0,41,0
Kinematic-Cluster4-F,398,7.98,0,-3.081476,-1.60871744,-1.91185474,0,0,0,0,1,9,36,0.0009594434,0.00480755465,0,41,0
Kinematic-Cluster4-F,398,7.98,1,-2.704337,-1.614902,-4.06368828,0,0,0,0,1,11,36,0.0009594434,0.00480755465,0,41,0
Kinematic-Cluster4-F,398,7.98,2,-3.06382728,-1.23058152,0.7355184,0,0,0,0,1,6,36,0.0009594434,0.00480755465,0,41,0
Kinematic-Cluster4-F,398,7.98,3,-2.6860075,-1.24465644,-11.5427189,0,0,0,0,1,7,36,0.0009594434,0.00480755465,0,41,0
Kinematic-Cluster4-F,399,8,0,-3.081476,-1.60871744,-1.91185474,0,0,0,0,1,9,36,0.0009128468,0.004577642,0,41,0
Kinematic-Cluster4-F,399,8,1,-2.704337,-1.614902,-4.06368828,0,0,0,0,1,11,36,0.0009128468,0.004577642,0,41,0
Kinematic-Cluster4-F,399,8,2,-3.06382728,-1.23058152,0.7355184,0,0,0,0,1,6,36,0.0009128468,0.004577642,0,41,0
Kinematic-Cluster4-F,399,8,3,-2.6860075,-1.24465644,-11.5427189,0,0,0,0,1,7,36,0.0009128468,0.004577642,0,41,0
Kinematic-FixedSingle-F,300,6.02,0,-2.903136,-1.51917422,0,0,0,0,0,1,0,29,0.001353029,0.005637789,0,40.5,0
Kinematic-FixedSingle-F,301,6.04,0,-2.903136,-1.51917422,0,0,0,0,0,1,0,29,0.00127808482,0.0053921584,0,40.5,0
Kinematic-FixedSingle-F,302,6.06,0,-2.903136,-1.51917422,0,0,0,0,0,1,0,29,0.00120994519,0.00512082176,0,40.5,0
Kinematic-FixedSingle-F,303,6.08,0,-2.903136,-1.51917422,0,0,0,0,0,1,0,29,0.00113652949,0.00483892253,0,40.5,0
Kinematic-FixedSingle-F,304,6.1,0,-2.903136,-1.51917422,0,0,0,0,0,1,0,29,0.00105573982,0.004526727,0,40.5,0
Kinematic-FixedSingle-F,305,6.12,0,-2.903136,-1.51917422,0,0,0,0,0,1,0,29,0.0009915537,0.004186839,0,40.5,0
Kinematic-FixedSingle-F,306,6.14,0,-2.903136,-1.51917422,0,0,0,0,0,1,0,29,0.0009251141,0.00387067115,0,40.5,0
Kinematic-FixedSingle-F,307,6.16,0,-2.903136,-1.51917422,0,0,0,0,0,1,0,29,0.00086428097,0.003569784,0,40.5,0
Kinematic-FixedSingle-F,308,6.18,0,-2.903136,-1.51917422,0,0,0,0,0,1,0,29,0.000801772,0.003452922,0,40.5,0
Kinematic-FixedSingle-F,309,6.2,0,-2.903136,-1.51917422,0,0,0,0,0,1,0,29,0.0007484867,0.00336413,0,40.5,0
Kinematic-FixedSingle-F,310,6.22,0,-2.903136,-1.51917422,0,0,0,0,0,1,0,29,0.000697529758,0.00306754163,0,40.5,0
Kinematic-FixedSingle-F,311,6.24,0,-2.903136,-1.51917422,0,0,0,0,0,1,0,29,0.000639392645,0.0027604755,0,40.5,0
Kinematic-FixedSingle-F,312,6.25999975,0,-2.903136,-1.51917422,0,0,0,0,0,1,0,29,0.00062335754,0.00263377675,0,40.5,0
Kinematic-FixedSingle-F,313,6.27999973,0,-2.903136,-1.51917422,0,0,0,0,0,1,0,29,0.0005616215,0.00231496082,0,40.5,0
Kinematic-FixedSingle-F,314,6.29999971,0,-2.903136,-1.51917422,0,0,0,0,0,1,0,29,0.0005435769,0.00213332474,0,40.5,0
Kinematic-FixedSingle-F,315,6.31999969,0,-2.903136,-1.51917422,0,0,0,0,0,1,0,29,0.000483415322,0.00191644207,0,40.5,0
Kinematic-FixedSingle-F,316,6.33999968,0,-2.903136,-1.51917422,0,0,0,0,0,1,0,29,0.000470414147,0.00168653857,0,40.5,0
Kinematic-FixedSingle-F,317,6.35999966,0,-2.903136,-1.51917422,0,0,0,0,0,1,0,29,0.000417261472,0.00159054983,0,40.5,0
Kinematic-FixedSingle-F,318,6.37999964,0,-2.903136,-1.51917422,0,0,0,0,0,1,0,29,0.0004051397,0.00127350853,0,40.5,0
Kinematic-FixedSingle-F,319,6.39999962,0,-2.903136,-1.51917422,0,0,0,0,0,1,0,29,0.000356727483,0.0012135281,0,40.5,0
Kinematic-FixedSingle-F,320,6.42,0,-2.903136,-1.51917422,0,0,0,0,0,1,0,29,0.000347352732,0.0011392663,0,40.5,0
Kinematic-FixedSingle-F,321,6.44,0,-2.903136,-1.51917422,0,0,0,0,0,1,0,29,0.000332191878,0.00108202046,0,40.5,0
Kinematic-FixedSingle-F,322,6.46,0,-2.903136,-1.51917422,0,0,0,0,0,1,0,29,0.000323356915,0.000956353557,0,40.5,0
Kinematic-FixedSingle-F,323,6.48,0,-2.903136,-1.51917422,0,0,0,0,0,1,0,29,0.0003135322,0.000799375353,0,40.5,0
Kinematic-FixedSingle-F,324,6.5,0,-2.903136,-1.51917422,0,0,0,0,0,1,0,29,0.000294516765,0.000767741934,0,40.5,0
Kinematic-FixedSingle-F,325,6.52,0,-2.903136,-1.51917422,0,0,0,0,0,1,0,29,0.0002872414,0.000745753758,0,40.5,0
Kinematic-FixedSingle-F,326,6.54,0,-2.903136,-1.51917422,0,0,0,0,0,1,0,29,0.0002798893,0.000711398839,0,40.5,0
Kinematic-FixedSingle-F,327,6.56,0,-2.903136,-1.51917422,0,0,0,0,0,1,0,29,0.0002745821,0.0007246607,0,40.5,0
Kinematic-FixedSingle-F,328,6.58,0,-2.903136,-1.51917422,0,0,0,0,0,1,0,29,0.000271436467,0.0007287867,0,40.5,0
Kinematic-FixedSingle-F,329,6.6,0,-2.903136,-1.51917422,0,0,0,0,0,1,0,29,0.000270564,0.0007167649,0,40.5,0
Kinematic-FixedSingle-F,330,6.62,0,-2.903136,-1.51917422,0,0,0,0,0,1,0,29,0.00026393577,0.0007059985,0,40.5,0
Kinematic-FixedSingle-F,331,6.64,0,-2.903136,-1.51917422,0,0,0,0,0,1,0,29,0.0002646029,0.0006943245,0,40.5,0
Kinematic-FixedSingle-F,332,6.66,0,-2.903136,-1.51917422,0,0,0,0,0,1,0,29,0.000264710427,0.0007312034,0,40.5,0
Kinematic-FixedSingle-F,333,6.68,0,-2.903136,-1.51917422,0,0,0,0,0,1,0,29,0.000255864521,0.000698182848,0,40.5,0
Kinematic-FixedSingle-F,334,6.7,0,-2.903136,-1.51917422,0,0,0,0,0,1,0,29,0.0002512597,0.0007211179,0,40.5,0
Kinematic-FixedSingle-F,335,6.72,0,-2.903136,-1.51917422,0,0,0,0,0,1,0,29,0.000247214,0.000703939062,0,40.5,0
Kinematic-FixedSingle-F,336,6.74,0,-2.903136,-1.51917422,0,0,0,0,0,1,0,29,0.0002463502,0.0007063386,0,40.5,0
Kinematic-FixedSingle-F,337,6.75999975,0,-2.903136,-1.51917422,0,0,0,0,0,1,0,29,0.000235367668,0.000690877263,0,40.5,0
Kinematic-FixedSingle-F,338,6.77999973,0,-2.903136,-1.51917422,0,0,0,0,0,1,0,29,0.00023165594,0.000695308147,0,40.5,0
Kinematic-FixedSingle-F,339,6.79999971,0,-2.903136,-1.51917422,0,0,0,0,0,1,0,29,0.00023623211,0.0006908312,0,40.5,0
Kinematic-FixedSingle-F,340,6.81999969,0,-2.903136,-1.51917422,0,0,0,0,0,1,0,29,0.000234789026,0.000690568937,0,40.5,0
Kinematic-FixedSingle-F,341,6.83999968,0,-2.903136,-1.51917422,0,0,0,0,0,1,0,29,0.000225394455,0.000688998844,0,40.5,0
Kinematic-FixedSingle-F,342,6.85999966,0,-2.903136,-1.51917422,0,0,0,0,0,1,0,29,0.000219500682,0.000698771735,0,40.5,0
Kinematic-FixedSingle-F,343,6.87999964,0,-2.903136,-1.51917422,0,0,0,0,0,1,0,29,0.000211996638,0.000697681564,0,40.5,0
Kinematic-FixedSingle-F,344,6.89999962,0,-2.903136,-1.51917422,0,0,0,0,0,1,0,29,0.00020662375,0.0006804297,0,40.5,0
Kinematic-FixedSingle-F,345,6.92,0,-2.903136,-1.51917422,0,0,0,0,0,1,0,29,0.000203029093,0.0006692538,0,40.5,0
Kinematic-FixedSingle-F,346,6.94,0,-2.903136,-1.51917422,0,0,0,0,0,1,0,29,0.000200390918,0.000688556349,0,40.5,0
Kinematic-FixedSingle-F,347,6.96,0,-2.903136,-1.51917422,0,0,0,0,0,1,0,29,0.000197617774,0.000710962049,0,40.5,0
Kinematic-FixedSingle-F,348,6.98,0,-2.903136,-1.51917422,0,0,0,0,0,1,0,29,0.000196214882,0.0007017112,0,40.5,0
Kinematic-FixedSingle-F,349,7,0,-2.903136,-1.51917422,0,0,0,0,0,1,0,29,0.000191768035,0.0006883406,0,40.5,0
Kinematic-FixedSingle-F,350,7.02,0,-2.903136,-1.51917422,0,0,0,0,0,1,0,29,0.0001915724,0.0006890462,0,40.5,0
Kinematic-FixedSingle-F,351,7.04,0,-2.903136,-1.51917422,0,0,0,0,0,1,0,29,0.000190575767,0.0006626714,0,40.5,0
Kinematic-FixedSingle-F,352,7.06,0,-2.903136,-1.51917422,0,0,0,0,0,1,0,29,0.000187369034,0.0006795437,0,40.5,0
Kinematic-FixedSingle-F,353,7.08,0,-2.903136,-1.51917422,0,0,0,0,0,1,0,29,0.000178643837,0.000698494143,0,40.5,0
Kinematic-FixedSingle-F,354,7.1,0,-2.903136,-1.51917422,0,0,0,0,0,1,0,29,0.000177683352,0.000686139567,0,40.5,0
Kinematic-FixedSingle-F,355,7.12,0,-2.903136,-1.51917422,0,0,0,0,0,1,0,29,0.0001723956,0.000685055158,0,40.5,0
Kinematic-FixedSingle-F,356,7.14,0,-2.903136,-1.51917422,0,0,0,0,0,1,0,29,0.000171422987,0.0006595144,0,40.5,0
Kinematic-FixedSingle-F,357,7.16,0,-2.903136,-1.51917422,0,0,0,0,0,1,0,29,0.000176169153,0.00069362123,0,40.5,0
Kinematic-FixedSingle-F,358,7.18,0,-2.903136,-1.51917422,0,0,0,0,0,1,0,29,0.000163159159,0.0006499674,0,40.5,0
Kinematic-FixedSingle-F,359,7.2,0,-2.903136,-1.51917422,0,0,0,0,0,1,0,29,0.0001650255,0.000699383148,0,40.5,0
Kinematic-FixedSingle-F,360,7.22,0,-2.903136,-1.51917422,0,0,0,0,0,1,0,29,0.000151427987,0.000676116149,0,40.5,0
Kinematic-FixedSingle-F,361,7.24,0,-2.903136,-1.51917422,0,0,0,0,0,1,0,29,0.000164954021,0.000687742,0,40.5,0
Kinematic-FixedSingle-F,362,7.25999975,0,-2.903136,-1.51917422,0,0,0,0,0,1,0,29,0.000153268935,0.000639542646,0,40.5,0
Kinematic-FixedSingle-F,363,7.27999973,0,-2.903136,-1.51917422,0,0,0,0,0,1,0,29,0.00016803843,0.000716037059,0,40.5,0
Kinematic-FixedSingle-F,364,7.29999971,0,-2.903136,-1.51917422,0,0,0,0,0,1,0,29,0.0001470518,0.0006846169,0,40.5,0
Kinematic-FixedSingle-F,365,7.31999969,0,-2.903136,-1.51917422,0,0,0,0,0,1,0,29,0.000142713048,0.0007141201,0,40.5,0
Kinematic-FixedSingle-F,366,7.33999968,0,-2.903136,-1.51917422,0,0,0,0,0,1,0,29,0.000147441548,0.0006917612,0,40.5,0
Kinematic-FixedSingle-F,367,7.35999966,0,-2.903136,-1.51917422,0,0,0,0,0,1,0,29,0.000143646626,0.000679767865,0,40.5,0
Kinematic-FixedSingle-F,368,7.37999964,0,-2.903136,-1.51917422,0,0,0,0,0,1,0,29,0.000151361281,0.000714531867,0,40.5,0
Kinematic-FixedSingle-F,369,7.39999962,0,-2.903136,-1.51917422,0,0,0,0,0,1,0,29,0.000143044585,0.0006881583,0,40.5,0
Kinematic-FixedSingle-F,370,7.4199996,0,-2.903136,-1.51917422,0,0,0,0,0,1,0,29,0.000142962686,0.0006780835,0,40.5,0
Kinematic-FixedSingle-F,371,7.44,0,-2.903136,-1.51917422,0,0,0,0,0,1,0,29,0.000140703312,0.000692820351,0,40.5,0
Kinematic-FixedSingle-F,372,7.46,0,-2.903136,-1.51917422,0,0,0,0,0,1,0,29,0.000126551618,0.0006822689,0,40.5,0
Kinematic-FixedSingle-F,373,7.48,0,-2.903136,-1.51917422,0,0,0,0,0,1,0,29,0.000134544782,0.00065649813,0,40.5,0
Kinematic-FixedSingle-F,374,7.5,0,-2.903136,-1.51917422,0,0,0,0,0,1,0,29,0.000128610089,0.0006300059,0,40.5,0
Kinematic-FixedSingle-F,375,7.52,0,-2.903136,-1.51917422,0,0,0,0,0,1,0,29,0.000129281558,0.000675558462,0,40.5,0
Kinematic-FixedSingle-F,376,7.54,0,-2.903136,-1.51917422,0,0,0,0,0,1,0,29,0.0001266202,0.000662679842,0,40.5,0
Kinematic-FixedSingle-F,377,7.56,0,-2.903136,-1.51917422,0,0,0,0,0,1,0,29,0.000124384562,0.0006738272,0,40.5,0
Kinematic-FixedSingle-F,378,7.58,0,-2.903136,-1.51917422,0,0,0,0,0,1,0,29,0.000122729412,0.0006968449,0,40.5,0
Kinematic-FixedSingle-F,379,7.6,0,-2.903136,-1.51917422,0,0,0,0,0,1,0,29,0.000120110977,0.000695885043,0,40.5,0
Kinematic-FixedSingle-F,380,7.62,0,-2.903136,-1.51917422,0,0,0,0,0,1,0,29,0.000114513547,0.000670473557,0,40.5,0
Kinematic-FixedSingle-F,381,7.64,0,-2.903136,-1.51917422,0,0,0,0,0,1,0,29,0.000110971865,0.0006909771,0,40.5,0
Kinematic-FixedSingle-F,382,7.66,0,-2.903136,-1.51917422,0,0,0,0,0,1,0,29,0.000116470488,0.0006731665,0,40.5,0
Kinematic-FixedSingle-F,383,7.68,0,-2.903136,-1.51917422,0,0,0,0,0,1,0,29,0.000115467272,0.000670116162,0,40.5,0
Kinematic-FixedSingle-F,384,7.7,0,-2.903136,-1.51917422,0,0,0,0,0,1,0,29,0.000109811335,0.000668217,0,40.5,0
Kinematic-FixedSingle-F,385,7.72,0,-2.903136,-1.51917422,0,0,0,0,0,1,0,29,0.000109143337,0.0006536842,0,40.5,0
Kinematic-FixedSingle-F,386,7.74,0,-2.903136,-1.51917422,0,0,0,0,0,1,0,29,0.000106551583,0.000646622968,0,40.5,0
Kinematic-FixedSingle-F,387,7.75999975,0,-2.903136,-1.51917422,0,0,0,0,0,1,0,29,0.000105567553,0.0006397047,0,40.5,0
Kinematic-FixedSingle-F,388,7.77999973,0,-2.903136,-1.51917422,0,0,0,0,0,1,0,29,0.000104704573,0.0006397047,0,40.5,0
Kinematic-FixedSingle-F,389,7.79999971,0,-2.903136,-1.51917422,0,0,0,0,0,1,0,29,0.000103964616,0.0006134404,0,40.5,0
Kinematic-FixedSingle-F,390,7.81999969,0,-2.903136,-1.51917422,0,0,0,0,0,1,0,29,9.989958E-05,0.000620423933,0,40.5,0
Kinematic-FixedSingle-F,391,7.83999968,0,-2.903136,-1.51917422,0,0,0,0,0,1,0,29,9.678979E-05,0.000568130868,0,40.5,0
Kinematic-FixedSingle-F,392,7.85999966,0,-2.903136,-1.51917422,0,0,0,0,0,1,0,29,9.505277E-05,0.000542047,0,40.5,0
Kinematic-FixedSingle-F,393,7.87999964,0,-2.903136,-1.51917422,0,0,0,0,0,1,0,29,9.441886E-05,0.000516013359,0,40.5,0
Kinematic-FixedSingle-F,394,7.89999962,0,-2.903136,-1.51917422,0,0,0,0,0,1,0,29,8.85289337E-05,0.000497618166,0,40.5,0
Kinematic-FixedSingle-F,395,7.9199996,0,-2.903136,-1.51917422,0,0,0,0,0,1,0,29,9.086584E-05,0.000516013359,0,40.5,0
Kinematic-FixedSingle-F,396,7.94,0,-2.903136,-1.51917422,0,0,0,0,0,1,0,29,8.933282E-05,0.0005234873,0,40.5,0
Kinematic-FixedSingle-F,397,7.96,0,-2.903136,-1.51917422,0,0,0,0,0,1,0,29,8.677522E-05,0.000497618166,0,40.5,0
Kinematic-FixedSingle-F,398,7.98,0,-2.903136,-1.51917422,0,0,0,0,0,1,0,29,9.03031541E-05,0.000516013359,0,40.5,0
Kinematic-FixedSingle-F,399,8,0,-2.903136,-1.51917422,0,0,0,0,0,1,0,29,8.27255062E-05,0.000516013359,0,40.5,0
Held-Cluster4-Empty,300,6.02,0,-3.08123255,-1.6089282,-2.00765157,0,0,0,0,1,7,0,0,0,0,0,0
Held-Cluster4-Empty,300,6.02,1,-2.70247316,-1.61492693,-4.17594528,0,0,0,0,1,9,0,0,0,0,0,0
Held-Cluster4-Empty,300,6.02,2,-3.06315637,-1.230924,0.7361944,0,0,0,0,1,6,0,0,0,0,0,0
Held-Cluster4-Empty,300,6.02,3,-2.686197,-1.24503827,-10.9873152,0,0,0,0,1,7,0,0,0,0,0,0
Held-Cluster4-Empty,301,6.04,0,-3.08123255,-1.6089282,-2.00765157,0,0,0,0,1,7,0,0,0,0,0,0
Held-Cluster4-Empty,301,6.04,1,-2.70247316,-1.61492693,-4.17594528,0,0,0,0,1,9,0,0,0,0,0,0
Held-Cluster4-Empty,301,6.04,2,-3.06315637,-1.230924,0.7361944,0,0,0,0,1,6,0,0,0,0,0,0
Held-Cluster4-Empty,301,6.04,3,-2.686197,-1.24503827,-10.9873152,0,0,0,0,1,7,0,0,0,0,0,0
Held-Cluster4-Empty,302,6.06,0,-3.08123255,-1.6089282,-2.00765157,0,0,0,0,1,7,0,0,0,0,0,0
Held-Cluster4-Empty,302,6.06,1,-2.70247316,-1.61492693,-4.17594528,0,0,0,0,1,9,0,0,0,0,0,0
Held-Cluster4-Empty,302,6.06,2,-3.06315637,-1.230924,0.7361944,0,0,0,0,1,6,0,0,0,0,0,0
Held-Cluster4-Empty,302,6.06,3,-2.686197,-1.24503827,-10.9873152,0,0,0,0,1,7,0,0,0,0,0,0
Held-Cluster4-Empty,303,6.08,0,-3.08123255,-1.6089282,-2.00765157,0,0,0,0,1,7,0,0,0,0,0,0
Held-Cluster4-Empty,303,6.08,1,-2.70247316,-1.61492693,-4.17594528,0,0,0,0,1,9,0,0,0,0,0,0
Held-Cluster4-Empty,303,6.08,2,-3.06315637,-1.230924,0.7361944,0,0,0,0,1,6,0,0,0,0,0,0
Held-Cluster4-Empty,303,6.08,3,-2.686197,-1.24503827,-10.9873152,0,0,0,0,1,7,0,0,0,0,0,0
Held-Cluster4-Empty,304,6.1,0,-3.08123255,-1.6089282,-2.00765157,0,0,0,0,1,7,0,0,0,0,0,0
Held-Cluster4-Empty,304,6.1,1,-2.70247316,-1.61492693,-4.17594528,0,0,0,0,1,9,0,0,0,0,0,0
Held-Cluster4-Empty,304,6.1,2,-3.06315637,-1.230924,0.7361944,0,0,0,0,1,6,0,0,0,0,0,0
Held-Cluster4-Empty,304,6.1,3,-2.686197,-1.24503827,-10.9873152,0,0,0,0,1,7,0,0,0,0,0,0
Held-Cluster4-Empty,305,6.12,0,-3.08123255,-1.6089282,-2.00765157,0,0,0,0,1,7,0,0,0,0,0,0
Held-Cluster4-Empty,305,6.12,1,-2.70247316,-1.61492693,-4.17594528,0,0,0,0,1,9,0,0,0,0,0,0
Held-Cluster4-Empty,305,6.12,2,-3.06315637,-1.230924,0.7361944,0,0,0,0,1,6,0,0,0,0,0,0
Held-Cluster4-Empty,305,6.12,3,-2.686197,-1.24503827,-10.9873152,0,0,0,0,1,7,0,0,0,0,0,0
Held-Cluster4-Empty,306,6.14,0,-3.08123255,-1.6089282,-2.00765157,0,0,0,0,1,7,0,0,0,0,0,0
Held-Cluster4-Empty,306,6.14,1,-2.70247316,-1.61492693,-4.17594528,0,0,0,0,1,9,0,0,0,0,0,0
Held-Cluster4-Empty,306,6.14,2,-3.06315637,-1.230924,0.7361944,0,0,0,0,1,6,0,0,0,0,0,0
Held-Cluster4-Empty,306,6.14,3,-2.686197,-1.24503827,-10.9873152,0,0,0,0,1,7,0,0,0,0,0,0
Held-Cluster4-Empty,307,6.16,0,-3.08123255,-1.6089282,-2.00765157,0,0,0,0,1,7,0,0,0,0,0,0
Held-Cluster4-Empty,307,6.16,1,-2.70247316,-1.61492693,-4.17594528,0,0,0,0,1,9,0,0,0,0,0,0
Held-Cluster4-Empty,307,6.16,2,-3.06315637,-1.230924,0.7361944,0,0,0,0,1,6,0,0,0,0,0,0
Held-Cluster4-Empty,307,6.16,3,-2.686197,-1.24503827,-10.9873152,0,0,0,0,1,7,0,0,0,0,0,0
Held-Cluster4-Empty,308,6.18,0,-3.08123255,-1.6089282,-2.00765157,0,0,0,0,1,7,0,0,0,0,0,0
Held-Cluster4-Empty,308,6.18,1,-2.70247316,-1.61492693,-4.17594528,0,0,0,0,1,9,0,0,0,0,0,0
Held-Cluster4-Empty,308,6.18,2,-3.06315637,-1.230924,0.7361944,0,0,0,0,1,6,0,0,0,0,0,0
Held-Cluster4-Empty,308,6.18,3,-2.686197,-1.24503827,-10.9873152,0,0,0,0,1,7,0,0,0,0,0,0
Held-Cluster4-Empty,309,6.2,0,-3.08123255,-1.6089282,-2.00765157,0,0,0,0,1,7,0,0,0,0,0,0
Held-Cluster4-Empty,309,6.2,1,-2.70247316,-1.61492693,-4.17594528,0,0,0,0,1,9,0,0,0,0,0,0
Held-Cluster4-Empty,309,6.2,2,-3.06315637,-1.230924,0.7361944,0,0,0,0,1,6,0,0,0,0,0,0
Held-Cluster4-Empty,309,6.2,3,-2.686197,-1.24503827,-10.9873152,0,0,0,0,1,7,0,0,0,0,0,0
Held-Cluster4-Empty,310,6.22,0,-3.08123255,-1.6089282,-2.00765157,0,0,0,0,1,7,0,0,0,0,0,0
Held-Cluster4-Empty,310,6.22,1,-2.70247316,-1.61492693,-4.17594528,0,0,0,0,1,9,0,0,0,0,0,0
Held-Cluster4-Empty,310,6.22,2,-3.06315637,-1.230924,0.7361944,0,0,0,0,1,6,0,0,0,0,0,0
Held-Cluster4-Empty,310,6.22,3,-2.686197,-1.24503827,-10.9873152,0,0,0,0,1,7,0,0,0,0,0,0
Held-Cluster4-Empty,311,6.24,0,-3.08123255,-1.6089282,-2.00765157,0,0,0,0,1,7,0,0,0,0,0,0
Held-Cluster4-Empty,311,6.24,1,-2.70247316,-1.61492693,-4.17594528,0,0,0,0,1,9,0,0,0,0,0,0
Held-Cluster4-Empty,311,6.24,2,-3.06315637,-1.230924,0.7361944,0,0,0,0,1,6,0,0,0,0,0,0
Held-Cluster4-Empty,311,6.24,3,-2.686197,-1.24503827,-10.9873152,0,0,0,0,1,7,0,0,0,0,0,0
Held-Cluster4-Empty,312,6.25999975,0,-3.08123255,-1.6089282,-2.00765157,0,0,0,0,1,7,0,0,0,0,0,0
Held-Cluster4-Empty,312,6.25999975,1,-2.70247316,-1.61492693,-4.17594528,0,0,0,0,1,9,0,0,0,0,0,0
Held-Cluster4-Empty,312,6.25999975,2,-3.06315637,-1.230924,0.7361944,0,0,0,0,1,6,0,0,0,0,0,0
Held-Cluster4-Empty,312,6.25999975,3,-2.686197,-1.24503827,-10.9873152,0,0,0,0,1,7,0,0,0,0,0,0
Held-Cluster4-Empty,313,6.27999973,0,-3.08123255,-1.6089282,-2.00765157,0,0,0,0,1,7,0,0,0,0,0,0
Held-Cluster4-Empty,313,6.27999973,1,-2.70247316,-1.61492693,-4.17594528,0,0,0,0,1,9,0,0,0,0,0,0
Held-Cluster4-Empty,313,6.27999973,2,-3.06315637,-1.230924,0.7361944,0,0,0,0,1,6,0,0,0,0,0,0
Held-Cluster4-Empty,313,6.27999973,3,-2.686197,-1.24503827,-10.9873152,0,0,0,0,1,7,0,0,0,0,0,0
Held-Cluster4-Empty,314,6.29999971,0,-3.08123255,-1.6089282,-2.00765157,0,0,0,0,1,7,0,0,0,0,0,0
Held-Cluster4-Empty,314,6.29999971,1,-2.70247316,-1.61492693,-4.17594528,0,0,0,0,1,9,0,0,0,0,0,0
Held-Cluster4-Empty,314,6.29999971,2,-3.06315637,-1.230924,0.7361944,0,0,0,0,1,6,0,0,0,0,0,0
Held-Cluster4-Empty,314,6.29999971,3,-2.686197,-1.24503827,-10.9873152,0,0,0,0,1,7,0,0,0,0,0,0
Held-Cluster4-Empty,315,6.31999969,0,-3.08123255,-1.6089282,-2.00765157,0,0,0,0,1,7,0,0,0,0,0,0
Held-Cluster4-Empty,315,6.31999969,1,-2.70247316,-1.61492693,-4.17594528,0,0,0,0,1,9,0,0,0,0,0,0
Held-Cluster4-Empty,315,6.31999969,2,-3.06315637,-1.230924,0.7361944,0,0,0,0,1,6,0,0,0,0,0,0
Held-Cluster4-Empty,315,6.31999969,3,-2.686197,-1.24503827,-10.9873152,0,0,0,0,1,7,0,0,0,0,0,0
Held-Cluster4-Empty,316,6.33999968,0,-3.08123255,-1.6089282,-2.00765157,0,0,0,0,1,7,0,0,0,0,0,0
Held-Cluster4-Empty,316,6.33999968,1,-2.70247316,-1.61492693,-4.17594528,0,0,0,0,1,9,0,0,0,0,0,0
Held-Cluster4-Empty,316,6.33999968,2,-3.06315637,-1.230924,0.7361944,0,0,0,0,1,6,0,0,0,0,0,0
Held-Cluster4-Empty,316,6.33999968,3,-2.686197,-1.24503827,-10.9873152,0,0,0,0,1,7,0,0,0,0,0,0
Held-Cluster4-Empty,317,6.35999966,0,-3.08123255,-1.6089282,-2.00765157,0,0,0,0,1,7,0,0,0,0,0,0
Held-Cluster4-Empty,317,6.35999966,1,-2.70247316,-1.61492693,-4.17594528,0,0,0,0,1,9,0,0,0,0,0,0
Held-Cluster4-Empty,317,6.35999966,2,-3.06315637,-1.230924,0.7361944,0,0,0,0,1,6,0,0,0,0,0,0
Held-Cluster4-Empty,317,6.35999966,3,-2.686197,-1.24503827,-10.9873152,0,0,0,0,1,7,0,0,0,0,0,0
Held-Cluster4-Empty,318,6.37999964,0,-3.08123255,-1.6089282,-2.00765157,0,0,0,0,1,7,0,0,0,0,0,0
Held-Cluster4-Empty,318,6.37999964,1,-2.70247316,-1.61492693,-4.17594528,0,0,0,0,1,9,0,0,0,0,0,0
Held-Cluster4-Empty,318,6.37999964,2,-3.06315637,-1.230924,0.7361944,0,0,0,0,1,6,0,0,0,0,0,0
Held-Cluster4-Empty,318,6.37999964,3,-2.686197,-1.24503827,-10.9873152,0,0,0,0,1,7,0,0,0,0,0,0
Held-Cluster4-Empty,319,6.39999962,0,-3.08123255,-1.6089282,-2.00765157,0,0,0,0,1,7,0,0,0,0,0,0
Held-Cluster4-Empty,319,6.39999962,1,-2.70247316,-1.61492693,-4.17594528,0,0,0,0,1,9,0,0,0,0,0,0
Held-Cluster4-Empty,319,6.39999962,2,-3.06315637,-1.230924,0.7361944,0,0,0,0,1,6,0,0,0,0,0,0
Held-Cluster4-Empty,319,6.39999962,3,-2.686197,-1.24503827,-10.9873152,0,0,0,0,1,7,0,0,0,0,0,0
Held-Cluster4-Empty,320,6.42,0,-3.08123255,-1.6089282,-2.00765157,0,0,0,0,1,7,0,0,0,0,0,0
Held-Cluster4-Empty,320,6.42,1,-2.70247316,-1.61492693,-4.17594528,0,0,0,0,1,9,0,0,0,0,0,0
Held-Cluster4-Empty,320,6.42,2,-3.06315637,-1.230924,0.7361944,0,0,0,0,1,6,0,0,0,0,0,0
Held-Cluster4-Empty,320,6.42,3,-2.686197,-1.24503827,-10.9873152,0,0,0,0,1,7,0,0,0,0,0,0
Held-Cluster4-Empty,321,6.44,0,-3.08123255,-1.6089282,-2.00765157,0,0,0,0,1,7,0,0,0,0,0,0
Held-Cluster4-Empty,321,6.44,1,-2.70247316,-1.61492693,-4.17594528,0,0,0,0,1,9,0,0,0,0,0,0
Held-Cluster4-Empty,321,6.44,2,-3.06315637,-1.230924,0.7361944,0,0,0,0,1,6,0,0,0,0,0,0
Held-Cluster4-Empty,321,6.44,3,-2.686197,-1.24503827,-10.9873152,0,0,0,0,1,7,0,0,0,0,0,0
Held-Cluster4-Empty,322,6.46,0,-3.08123255,-1.6089282,-2.00765157,0,0,0,0,1,7,0,0,0,0,0,0
Held-Cluster4-Empty,322,6.46,1,-2.70247316,-1.61492693,-4.17594528,0,0,0,0,1,9,0,0,0,0,0,0
Held-Cluster4-Empty,322,6.46,2,-3.06315637,-1.230924,0.7361944,0,0,0,0,1,6,0,0,0,0,0,0
Held-Cluster4-Empty,322,6.46,3,-2.686197,-1.24503827,-10.9873152,0,0,0,0,1,7,0,0,0,0,0,0
Held-Cluster4-Empty,323,6.48,0,-3.08123255,-1.6089282,-2.00765157,0,0,0,0,1,7,0,0,0,0,0,0
Held-Cluster4-Empty,323,6.48,1,-2.70247316,-1.61492693,-4.17594528,0,0,0,0,1,9,0,0,0,0,0,0
Held-Cluster4-Empty,323,6.48,2,-3.06315637,-1.230924,0.7361944,0,0,0,0,1,6,0,0,0,0,0,0
Held-Cluster4-Empty,323,6.48,3,-2.686197,-1.24503827,-10.9873152,0,0,0,0,1,7,0,0,0,0,0,0
Held-Cluster4-Empty,324,6.5,0,-3.08123255,-1.6089282,-2.00765157,0,0,0,0,1,7,0,0,0,0,0,0
Held-Cluster4-Empty,324,6.5,1,-2.70247316,-1.61492693,-4.17594528,0,0,0,0,1,9,0,0,0,0,0,0
Held-Cluster4-Empty,324,6.5,2,-3.06315637,-1.230924,0.7361944,0,0,0,0,1,6,0,0,0,0,0,0
Held-Cluster4-Empty,324,6.5,3,-2.686197,-1.24503827,-10.9873152,0,0,0,0,1,7,0,0,0,0,0,0
Held-Cluster4-Empty,325,6.52,0,-3.08123255,-1.6089282,-2.00765157,0,0,0,0,1,7,0,0,0,0,0,0
Held-Cluster4-Empty,325,6.52,1,-2.70247316,-1.61492693,-4.17594528,0,0,0,0,1,9,0,0,0,0,0,0
Held-Cluster4-Empty,325,6.52,2,-3.06315637,-1.230924,0.7361944,0,0,0,0,1,6,0,0,0,0,0,0
Held-Cluster4-Empty,325,6.52,3,-2.686197,-1.24503827,-10.9873152,0,0,0,0,1,7,0,0,0,0,0,0
Held-Cluster4-Empty,326,6.54,0,-3.08123255,-1.6089282,-2.00765157,0,0,0,0,1,7,0,0,0,0,0,0
Held-Cluster4-Empty,326,6.54,1,-2.70247316,-1.61492693,-4.17594528,0,0,0,0,1,9,0,0,0,0,0,0
Held-Cluster4-Empty,326,6.54,2,-3.06315637,-1.230924,0.7361944,0,0,0,0,1,6,0,0,0,0,0,0
Held-Cluster4-Empty,326,6.54,3,-2.686197,-1.24503827,-10.9873152,0,0,0,0,1,7,0,0,0,0,0,0
Held-Cluster4-Empty,327,6.56,0,-3.08123255,-1.6089282,-2.00765157,0,0,0,0,1,7,0,0,0,0,0,0
Held-Cluster4-Empty,327,6.56,1,-2.70247316,-1.61492693,-4.17594528,0,0,0,0,1,9,0,0,0,0,0,0
Held-Cluster4-Empty,327,6.56,2,-3.06315637,-1.230924,0.7361944,0,0,0,0,1,6,0,0,0,0,0,0
Held-Cluster4-Empty,327,6.56,3,-2.686197,-1.24503827,-10.9873152,0,0,0,0,1,7,0,0,0,0,0,0
Held-Cluster4-Empty,328,6.58,0,-3.08123255,-1.6089282,-2.00765157,0,0,0,0,1,7,0,0,0,0,0,0
Held-Cluster4-Empty,328,6.58,1,-2.70247316,-1.61492693,-4.17594528,0,0,0,0,1,9,0,0,0,0,0,0
Held-Cluster4-Empty,328,6.58,2,-3.06315637,-1.230924,0.7361944,0,0,0,0,1,6,0,0,0,0,0,0
Held-Cluster4-Empty,328,6.58,3,-2.686197,-1.24503827,-10.9873152,0,0,0,0,1,7,0,0,0,0,0,0
Held-Cluster4-Empty,329,6.6,0,-3.08123255,-1.6089282,-2.00765157,0,0,0,0,1,7,0,0,0,0,0,0
Held-Cluster4-Empty,329,6.6,1,-2.70247316,-1.61492693,-4.17594528,0,0,0,0,1,9,0,0,0,0,0,0
Held-Cluster4-Empty,329,6.6,2,-3.06315637,-1.230924,0.7361944,0,0,0,0,1,6,0,0,0,0,0,0
Held-Cluster4-Empty,329,6.6,3,-2.686197,-1.24503827,-10.9873152,0,0,0,0,1,7,0,0,0,0,0,0
Held-Cluster4-Empty,330,6.62,0,-3.08123255,-1.6089282,-2.00765157,0,0,0,0,1,7,0,0,0,0,0,0
Held-Cluster4-Empty,330,6.62,1,-2.70247316,-1.61492693,-4.17594528,0,0,0,0,1,9,0,0,0,0,0,0
Held-Cluster4-Empty,330,6.62,2,-3.06315637,-1.230924,0.7361944,0,0,0,0,1,6,0,0,0,0,0,0
Held-Cluster4-Empty,330,6.62,3,-2.686197,-1.24503827,-10.9873152,0,0,0,0,1,7,0,0,0,0,0,0
Held-Cluster4-Empty,331,6.64,0,-3.08123255,-1.6089282,-2.00765157,0,0,0,0,1,7,0,0,0,0,0,0
Held-Cluster4-Empty,331,6.64,1,-2.70247316,-1.61492693,-4.17594528,0,0,0,0,1,9,0,0,0,0,0,0
Held-Cluster4-Empty,331,6.64,2,-3.06315637,-1.230924,0.7361944,0,0,0,0,1,6,0,0,0,0,0,0
Held-Cluster4-Empty,331,6.64,3,-2.686197,-1.24503827,-10.9873152,0,0,0,0,1,7,0,0,0,0,0,0
Held-Cluster4-Empty,332,6.66,0,-3.08123255,-1.6089282,-2.00765157,0,0,0,0,1,7,0,0,0,0,0,0
Held-Cluster4-Empty,332,6.66,1,-2.70247316,-1.61492693,-4.17594528,0,0,0,0,1,9,0,0,0,0,0,0
Held-Cluster4-Empty,332,6.66,2,-3.06315637,-1.230924,0.7361944,0,0,0,0,1,6,0,0,0,0,0,0
Held-Cluster4-Empty,332,6.66,3,-2.686197,-1.24503827,-10.9873152,0,0,0,0,1,7,0,0,0,0,0,0
Held-Cluster4-Empty,333,6.68,0,-3.08123255,-1.6089282,-2.00765157,0,0,0,0,1,7,0,0,0,0,0,0
Held-Cluster4-Empty,333,6.68,1,-2.70247316,-1.61492693,-4.17594528,0,0,0,0,1,9,0,0,0,0,0,0
Held-Cluster4-Empty,333,6.68,2,-3.06315637,-1.230924,0.7361944,0,0,0,0,1,6,0,0,0,0,0,0
Held-Cluster4-Empty,333,6.68,3,-2.686197,-1.24503827,-10.9873152,0,0,0,0,1,7,0,0,0,0,0,0
Held-Cluster4-Empty,334,6.7,0,-3.08123255,-1.6089282,-2.00765157,0,0,0,0,1,7,0,0,0,0,0,0
Held-Cluster4-Empty,334,6.7,1,-2.70247316,-1.61492693,-4.17594528,0,0,0,0,1,9,0,0,0,0,0,0
Held-Cluster4-Empty,334,6.7,2,-3.06315637,-1.230924,0.7361944,0,0,0,0,1,6,0,0,0,0,0,0
Held-Cluster4-Empty,334,6.7,3,-2.686197,-1.24503827,-10.9873152,0,0,0,0,1,7,0,0,0,0,0,0
Held-Cluster4-Empty,335,6.72,0,-3.08123255,-1.6089282,-2.00765157,0,0,0,0,1,7,0,0,0,0,0,0
Held-Cluster4-Empty,335,6.72,1,-2.70247316,-1.61492693,-4.17594528,0,0,0,0,1,9,0,0,0,0,0,0
Held-Cluster4-Empty,335,6.72,2,-3.06315637,-1.230924,0.7361944,0,0,0,0,1,6,0,0,0,0,0,0
Held-Cluster4-Empty,335,6.72,3,-2.686197,-1.24503827,-10.9873152,0,0,0,0,1,7,0,0,0,0,0,0
Held-Cluster4-Empty,336,6.74,0,-3.08123255,-1.6089282,-2.00765157,0,0,0,0,1,7,0,0,0,0,0,0
Held-Cluster4-Empty,336,6.74,1,-2.70247316,-1.61492693,-4.17594528,0,0,0,0,1,9,0,0,0,0,0,0
Held-Cluster4-Empty,336,6.74,2,-3.06315637,-1.230924,0.7361944,0,0,0,0,1,6,0,0,0,0,0,0
Held-Cluster4-Empty,336,6.74,3,-2.686197,-1.24503827,-10.9873152,0,0,0,0,1,7,0,0,0,0,0,0
Held-Cluster4-Empty,337,6.75999975,0,-3.08123255,-1.6089282,-2.00765157,0,0,0,0,1,7,0,0,0,0,0,0
Held-Cluster4-Empty,337,6.75999975,1,-2.70247316,-1.61492693,-4.17594528,0,0,0,0,1,9,0,0,0,0,0,0
Held-Cluster4-Empty,337,6.75999975,2,-3.06315637,-1.230924,0.7361944,0,0,0,0,1,6,0,0,0,0,0,0
Held-Cluster4-Empty,337,6.75999975,3,-2.686197,-1.24503827,-10.9873152,0,0,0,0,1,7,0,0,0,0,0,0
Held-Cluster4-Empty,338,6.77999973,0,-3.08123255,-1.6089282,-2.00765157,0,0,0,0,1,7,0,0,0,0,0,0
Held-Cluster4-Empty,338,6.77999973,1,-2.70247316,-1.61492693,-4.17594528,0,0,0,0,1,9,0,0,0,0,0,0
Held-Cluster4-Empty,338,6.77999973,2,-3.06315637,-1.230924,0.7361944,0,0,0,0,1,6,0,0,0,0,0,0
Held-Cluster4-Empty,338,6.77999973,3,-2.686197,-1.24503827,-10.9873152,0,0,0,0,1,7,0,0,0,0,0,0
Held-Cluster4-Empty,339,6.79999971,0,-3.08123255,-1.6089282,-2.00765157,0,0,0,0,1,7,0,0,0,0,0,0
Held-Cluster4-Empty,339,6.79999971,1,-2.70247316,-1.61492693,-4.17594528,0,0,0,0,1,9,0,0,0,0,0,0
Held-Cluster4-Empty,339,6.79999971,2,-3.06315637,-1.230924,0.7361944,0,0,0,0,1,6,0,0,0,0,0,0
Held-Cluster4-Empty,339,6.79999971,3,-2.686197,-1.24503827,-10.9873152,0,0,0,0,1,7,0,0,0,0,0,0
Held-Cluster4-Empty,340,6.81999969,0,-3.08123255,-1.6089282,-2.00765157,0,0,0,0,1,7,0,0,0,0,0,0
Held-Cluster4-Empty,340,6.81999969,1,-2.70247316,-1.61492693,-4.17594528,0,0,0,0,1,9,0,0,0,0,0,0
Held-Cluster4-Empty,340,6.81999969,2,-3.06315637,-1.230924,0.7361944,0,0,0,0,1,6,0,0,0,0,0,0
Held-Cluster4-Empty,340,6.81999969,3,-2.686197,-1.24503827,-10.9873152,0,0,0,0,1,7,0,0,0,0,0,0
Held-Cluster4-Empty,341,6.83999968,0,-3.08123255,-1.6089282,-2.00765157,0,0,0,0,1,7,0,0,0,0,0,0
Held-Cluster4-Empty,341,6.83999968,1,-2.70247316,-1.61492693,-4.17594528,0,0,0,0,1,9,0,0,0,0,0,0
Held-Cluster4-Empty,341,6.83999968,2,-3.06315637,-1.230924,0.7361944,0,0,0,0,1,6,0,0,0,0,0,0
Held-Cluster4-Empty,341,6.83999968,3,-2.686197,-1.24503827,-10.9873152,0,0,0,0,1,7,0,0,0,0,0,0
Held-Cluster4-Empty,342,6.85999966,0,-3.08123255,-1.6089282,-2.00765157,0,0,0,0,1,7,0,0,0,0,0,0
Held-Cluster4-Empty,342,6.85999966,1,-2.70247316,-1.61492693,-4.17594528,0,0,0,0,1,9,0,0,0,0,0,0
Held-Cluster4-Empty,342,6.85999966,2,-3.06315637,-1.230924,0.7361944,0,0,0,0,1,6,0,0,0,0,0,0
Held-Cluster4-Empty,342,6.85999966,3,-2.686197,-1.24503827,-10.9873152,0,0,0,0,1,7,0,0,0,0,0,0
Held-Cluster4-Empty,343,6.87999964,0,-3.08123255,-1.6089282,-2.00765157,0,0,0,0,1,7,0,0,0,0,0,0
Held-Cluster4-Empty,343,6.87999964,1,-2.70247316,-1.61492693,-4.17594528,0,0,0,0,1,9,0,0,0,0,0,0
Held-Cluster4-Empty,343,6.87999964,2,-3.06315637,-1.230924,0.7361944,0,0,0,0,1,6,0,0,0,0,0,0
Held-Cluster4-Empty,343,6.87999964,3,-2.686197,-1.24503827,-10.9873152,0,0,0,0,1,7,0,0,0,0,0,0
Held-Cluster4-Empty,344,6.89999962,0,-3.08123255,-1.6089282,-2.00765157,0,0,0,0,1,7,0,0,0,0,0,0
Held-Cluster4-Empty,344,6.89999962,1,-2.70247316,-1.61492693,-4.17594528,0,0,0,0,1,9,0,0,0,0,0,0
Held-Cluster4-Empty,344,6.89999962,2,-3.06315637,-1.230924,0.7361944,0,0,0,0,1,6,0,0,0,0,0,0
Held-Cluster4-Empty,344,6.89999962,3,-2.686197,-1.24503827,-10.9873152,0,0,0,0,1,7,0,0,0,0,0,0
Held-Cluster4-Empty,345,6.92,0,-3.08123255,-1.6089282,-2.00765157,0,0,0,0,1,7,0,0,0,0,0,0
Held-Cluster4-Empty,345,6.92,1,-2.70247316,-1.61492693,-4.17594528,0,0,0,0,1,9,0,0,0,0,0,0
Held-Cluster4-Empty,345,6.92,2,-3.06315637,-1.230924,0.7361944,0,0,0,0,1,6,0,0,0,0,0,0
Held-Cluster4-Empty,345,6.92,3,-2.686197,-1.24503827,-10.9873152,0,0,0,0,1,7,0,0,0,0,0,0
Held-Cluster4-Empty,346,6.94,0,-3.08123255,-1.6089282,-2.00765157,0,0,0,0,1,7,0,0,0,0,0,0
Held-Cluster4-Empty,346,6.94,1,-2.70247316,-1.61492693,-4.17594528,0,0,0,0,1,9,0,0,0,0,0,0
Held-Cluster4-Empty,346,6.94,2,-3.06315637,-1.230924,0.7361944,0,0,0,0,1,6,0,0,0,0,0,0
Held-Cluster4-Empty,346,6.94,3,-2.686197,-1.24503827,-10.9873152,0,0,0,0,1,7,0,0,0,0,0,0
Held-Cluster4-Empty,347,6.96,0,-3.08123255,-1.6089282,-2.00765157,0,0,0,0,1,7,0,0,0,0,0,0
Held-Cluster4-Empty,347,6.96,1,-2.70247316,-1.61492693,-4.17594528,0,0,0,0,1,9,0,0,0,0,0,0
Held-Cluster4-Empty,347,6.96,2,-3.06315637,-1.230924,0.7361944,0,0,0,0,1,6,0,0,0,0,0,0
Held-Cluster4-Empty,347,6.96,3,-2.686197,-1.24503827,-10.9873152,0,0,0,0,1,7,0,0,0,0,0,0
Held-Cluster4-Empty,348,6.98,0,-3.08123255,-1.6089282,-2.00765157,0,0,0,0,1,7,0,0,0,0,0,0
Held-Cluster4-Empty,348,6.98,1,-2.70247316,-1.61492693,-4.17594528,0,0,0,0,1,9,0,0,0,0,0,0
Held-Cluster4-Empty,348,6.98,2,-3.06315637,-1.230924,0.7361944,0,0,0,0,1,6,0,0,0,0,0,0
Held-Cluster4-Empty,348,6.98,3,-2.686197,-1.24503827,-10.9873152,0,0,0,0,1,7,0,0,0,0,0,0
Held-Cluster4-Empty,349,7,0,-3.08123255,-1.6089282,-2.00765157,0,0,0,0,1,7,0,0,0,0,0,0
Held-Cluster4-Empty,349,7,1,-2.70247316,-1.61492693,-4.17594528,0,0,0,0,1,9,0,0,0,0,0,0
Held-Cluster4-Empty,349,7,2,-3.06315637,-1.230924,0.7361944,0,0,0,0,1,6,0,0,0,0,0,0
Held-Cluster4-Empty,349,7,3,-2.686197,-1.24503827,-10.9873152,0,0,0,0,1,7,0,0,0,0,0,0
Held-Cluster4-Empty,350,7.02,0,-3.08123255,-1.6089282,-2.00765157,0,0,0,0,1,7,0,0,0,0,0,0
Held-Cluster4-Empty,350,7.02,1,-2.70247316,-1.61492693,-4.17594528,0,0,0,0,1,9,0,0,0,0,0,0
Held-Cluster4-Empty,350,7.02,2,-3.06315637,-1.230924,0.7361944,0,0,0,0,1,6,0,0,0,0,0,0
Held-Cluster4-Empty,350,7.02,3,-2.686197,-1.24503827,-10.9873152,0,0,0,0,1,7,0,0,0,0,0,0
Held-Cluster4-Empty,351,7.04,0,-3.08123255,-1.6089282,-2.00765157,0,0,0,0,1,7,0,0,0,0,0,0
Held-Cluster4-Empty,351,7.04,1,-2.70247316,-1.61492693,-4.17594528,0,0,0,0,1,9,0,0,0,0,0,0
Held-Cluster4-Empty,351,7.04,2,-3.06315637,-1.230924,0.7361944,0,0,0,0,1,6,0,0,0,0,0,0
Held-Cluster4-Empty,351,7.04,3,-2.686197,-1.24503827,-10.9873152,0,0,0,0,1,7,0,0,0,0,0,0
Held-Cluster4-Empty,352,7.06,0,-3.08123255,-1.6089282,-2.00765157,0,0,0,0,1,7,0,0,0,0,0,0
Held-Cluster4-Empty,352,7.06,1,-2.70247316,-1.61492693,-4.17594528,0,0,0,0,1,9,0,0,0,0,0,0
Held-Cluster4-Empty,352,7.06,2,-3.06315637,-1.230924,0.7361944,0,0,0,0,1,6,0,0,0,0,0,0
Held-Cluster4-Empty,352,7.06,3,-2.686197,-1.24503827,-10.9873152,0,0,0,0,1,7,0,0,0,0,0,0
Held-Cluster4-Empty,353,7.08,0,-3.08123255,-1.6089282,-2.00765157,0,0,0,0,1,7,0,0,0,0,0,0
Held-Cluster4-Empty,353,7.08,1,-2.70247316,-1.61492693,-4.17594528,0,0,0,0,1,9,0,0,0,0,0,0
Held-Cluster4-Empty,353,7.08,2,-3.06315637,-1.230924,0.7361944,0,0,0,0,1,6,0,0,0,0,0,0
Held-Cluster4-Empty,353,7.08,3,-2.686197,-1.24503827,-10.9873152,0,0,0,0,1,7,0,0,0,0,0,0
Held-Cluster4-Empty,354,7.1,0,-3.08123255,-1.6089282,-2.00765157,0,0,0,0,1,7,0,0,0,0,0,0
Held-Cluster4-Empty,354,7.1,1,-2.70247316,-1.61492693,-4.17594528,0,0,0,0,1,9,0,0,0,0,0,0
Held-Cluster4-Empty,354,7.1,2,-3.06315637,-1.230924,0.7361944,0,0,0,0,1,6,0,0,0,0,0,0
Held-Cluster4-Empty,354,7.1,3,-2.686197,-1.24503827,-10.9873152,0,0,0,0,1,7,0,0,0,0,0,0
Held-Cluster4-Empty,355,7.12,0,-3.08123255,-1.6089282,-2.00765157,0,0,0,0,1,7,0,0,0,0,0,0
Held-Cluster4-Empty,355,7.12,1,-2.70247316,-1.61492693,-4.17594528,0,0,0,0,1,9,0,0,0,0,0,0
Held-Cluster4-Empty,355,7.12,2,-3.06315637,-1.230924,0.7361944,0,0,0,0,1,6,0,0,0,0,0,0
Held-Cluster4-Empty,355,7.12,3,-2.686197,-1.24503827,-10.9873152,0,0,0,0,1,7,0,0,0,0,0,0
Held-Cluster4-Empty,356,7.14,0,-3.08123255,-1.6089282,-2.00765157,0,0,0,0,1,7,0,0,0,0,0,0
Held-Cluster4-Empty,356,7.14,1,-2.70247316,-1.61492693,-4.17594528,0,0,0,0,1,9,0,0,0,0,0,0
Held-Cluster4-Empty,356,7.14,2,-3.06315637,-1.230924,0.7361944,0,0,0,0,1,6,0,0,0,0,0,0
Held-Cluster4-Empty,356,7.14,3,-2.686197,-1.24503827,-10.9873152,0,0,0,0,1,7,0,0,0,0,0,0
Held-Cluster4-Empty,357,7.16,0,-3.08123255,-1.6089282,-2.00765157,0,0,0,0,1,7,0,0,0,0,0,0
Held-Cluster4-Empty,357,7.16,1,-2.70247316,-1.61492693,-4.17594528,0,0,0,0,1,9,0,0,0,0,0,0
Held-Cluster4-Empty,357,7.16,2,-3.06315637,-1.230924,0.7361944,0,0,0,0,1,6,0,0,0,0,0,0
Held-Cluster4-Empty,357,7.16,3,-2.686197,-1.24503827,-10.9873152,0,0,0,0,1,7,0,0,0,0,0,0
Held-Cluster4-Empty,358,7.18,0,-3.08123255,-1.6089282,-2.00765157,0,0,0,0,1,7,0,0,0,0,0,0
Held-Cluster4-Empty,358,7.18,1,-2.70247316,-1.61492693,-4.17594528,0,0,0,0,1,9,0,0,0,0,0,0
Held-Cluster4-Empty,358,7.18,2,-3.06315637,-1.230924,0.7361944,0,0,0,0,1,6,0,0,0,0,0,0
Held-Cluster4-Empty,358,7.18,3,-2.686197,-1.24503827,-10.9873152,0,0,0,0,1,7,0,0,0,0,0,0
Held-Cluster4-Empty,359,7.2,0,-3.08123255,-1.6089282,-2.00765157,0,0,0,0,1,7,0,0,0,0,0,0
Held-Cluster4-Empty,359,7.2,1,-2.70247316,-1.61492693,-4.17594528,0,0,0,0,1,9,0,0,0,0,0,0
Held-Cluster4-Empty,359,7.2,2,-3.06315637,-1.230924,0.7361944,0,0,0,0,1,6,0,0,0,0,0,0
Held-Cluster4-Empty,359,7.2,3,-2.686197,-1.24503827,-10.9873152,0,0,0,0,1,7,0,0,0,0,0,0
Held-Cluster4-Empty,360,7.22,0,-3.08123255,-1.6089282,-2.00765157,0,0,0,0,1,7,0,0,0,0,0,0
Held-Cluster4-Empty,360,7.22,1,-2.70247316,-1.61492693,-4.17594528,0,0,0,0,1,9,0,0,0,0,0,0
Held-Cluster4-Empty,360,7.22,2,-3.06315637,-1.230924,0.7361944,0,0,0,0,1,6,0,0,0,0,0,0
Held-Cluster4-Empty,360,7.22,3,-2.686197,-1.24503827,-10.9873152,0,0,0,0,1,7,0,0,0,0,0,0
Held-Cluster4-Empty,361,7.24,0,-3.08123255,-1.6089282,-2.00765157,0,0,0,0,1,7,0,0,0,0,0,0
Held-Cluster4-Empty,361,7.24,1,-2.70247316,-1.61492693,-4.17594528,0,0,0,0,1,9,0,0,0,0,0,0
Held-Cluster4-Empty,361,7.24,2,-3.06315637,-1.230924,0.7361944,0,0,0,0,1,6,0,0,0,0,0,0
Held-Cluster4-Empty,361,7.24,3,-2.686197,-1.24503827,-10.9873152,0,0,0,0,1,7,0,0,0,0,0,0
Held-Cluster4-Empty,362,7.25999975,0,-3.08123255,-1.6089282,-2.00765157,0,0,0,0,1,7,0,0,0,0,0,0
Held-Cluster4-Empty,362,7.25999975,1,-2.70247316,-1.61492693,-4.17594528,0,0,0,0,1,9,0,0,0,0,0,0
Held-Cluster4-Empty,362,7.25999975,2,-3.06315637,-1.230924,0.7361944,0,0,0,0,1,6,0,0,0,0,0,0
Held-Cluster4-Empty,362,7.25999975,3,-2.686197,-1.24503827,-10.9873152,0,0,0,0,1,7,0,0,0,0,0,0
Held-Cluster4-Empty,363,7.27999973,0,-3.08123255,-1.6089282,-2.00765157,0,0,0,0,1,7,0,0,0,0,0,0
Held-Cluster4-Empty,363,7.27999973,1,-2.70247316,-1.61492693,-4.17594528,0,0,0,0,1,9,0,0,0,0,0,0
Held-Cluster4-Empty,363,7.27999973,2,-3.06315637,-1.230924,0.7361944,0,0,0,0,1,6,0,0,0,0,0,0
Held-Cluster4-Empty,363,7.27999973,3,-2.686197,-1.24503827,-10.9873152,0,0,0,0,1,7,0,0,0,0,0,0
Held-Cluster4-Empty,364,7.29999971,0,-3.08123255,-1.6089282,-2.00765157,0,0,0,0,1,7,0,0,0,0,0,0
Held-Cluster4-Empty,364,7.29999971,1,-2.70247316,-1.61492693,-4.17594528,0,0,0,0,1,9,0,0,0,0,0,0
Held-Cluster4-Empty,364,7.29999971,2,-3.06315637,-1.230924,0.7361944,0,0,0,0,1,6,0,0,0,0,0,0
Held-Cluster4-Empty,364,7.29999971,3,-2.686197,-1.24503827,-10.9873152,0,0,0,0,1,7,0,0,0,0,0,0
Held-Cluster4-Empty,365,7.31999969,0,-3.08123255,-1.6089282,-2.00765157,0,0,0,0,1,7,0,0,0,0,0,0
Held-Cluster4-Empty,365,7.31999969,1,-2.70247316,-1.61492693,-4.17594528,0,0,0,0,1,9,0,0,0,0,0,0
Held-Cluster4-Empty,365,7.31999969,2,-3.06315637,-1.230924,0.7361944,0,0,0,0,1,6,0,0,0,0,0,0
Held-Cluster4-Empty,365,7.31999969,3,-2.686197,-1.24503827,-10.9873152,0,0,0,0,1,7,0,0,0,0,0,0
Held-Cluster4-Empty,366,7.33999968,0,-3.08123255,-1.6089282,-2.00765157,0,0,0,0,1,7,0,0,0,0,0,0
Held-Cluster4-Empty,366,7.33999968,1,-2.70247316,-1.61492693,-4.17594528,0,0,0,0,1,9,0,0,0,0,0,0
Held-Cluster4-Empty,366,7.33999968,2,-3.06315637,-1.230924,0.7361944,0,0,0,0,1,6,0,0,0,0,0,0
Held-Cluster4-Empty,366,7.33999968,3,-2.686197,-1.24503827,-10.9873152,0,0,0,0,1,7,0,0,0,0,0,0
Held-Cluster4-Empty,367,7.35999966,0,-3.08123255,-1.6089282,-2.00765157,0,0,0,0,1,7,0,0,0,0,0,0
Held-Cluster4-Empty,367,7.35999966,1,-2.70247316,-1.61492693,-4.17594528,0,0,0,0,1,9,0,0,0,0,0,0
Held-Cluster4-Empty,367,7.35999966,2,-3.06315637,-1.230924,0.7361944,0,0,0,0,1,6,0,0,0,0,0,0
Held-Cluster4-Empty,367,7.35999966,3,-2.686197,-1.24503827,-10.9873152,0,0,0,0,1,7,0,0,0,0,0,0
Held-Cluster4-Empty,368,7.37999964,0,-3.08123255,-1.6089282,-2.00765157,0,0,0,0,1,7,0,0,0,0,0,0
Held-Cluster4-Empty,368,7.37999964,1,-2.70247316,-1.61492693,-4.17594528,0,0,0,0,1,9,0,0,0,0,0,0
Held-Cluster4-Empty,368,7.37999964,2,-3.06315637,-1.230924,0.7361944,0,0,0,0,1,6,0,0,0,0,0,0
Held-Cluster4-Empty,368,7.37999964,3,-2.686197,-1.24503827,-10.9873152,0,0,0,0,1,7,0,0,0,0,0,0
Held-Cluster4-Empty,369,7.39999962,0,-3.08123255,-1.6089282,-2.00765157,0,0,0,0,1,7,0,0,0,0,0,0
Held-Cluster4-Empty,369,7.39999962,1,-2.70247316,-1.61492693,-4.17594528,0,0,0,0,1,9,0,0,0,0,0,0
Held-Cluster4-Empty,369,7.39999962,2,-3.06315637,-1.230924,0.7361944,0,0,0,0,1,6,0,0,0,0,0,0
Held-Cluster4-Empty,369,7.39999962,3,-2.686197,-1.24503827,-10.9873152,0,0,0,0,1,7,0,0,0,0,0,0
Held-Cluster4-Empty,370,7.4199996,0,-3.08123255,-1.6089282,-2.00765157,0,0,0,0,1,7,0,0,0,0,0,0
Held-Cluster4-Empty,370,7.4199996,1,-2.70247316,-1.61492693,-4.17594528,0,0,0,0,1,9,0,0,0,0,0,0
Held-Cluster4-Empty,370,7.4199996,2,-3.06315637,-1.230924,0.7361944,0,0,0,0,1,6,0,0,0,0,0,0
Held-Cluster4-Empty,370,7.4199996,3,-2.686197,-1.24503827,-10.9873152,0,0,0,0,1,7,0,0,0,0,0,0
Held-Cluster4-Empty,371,7.44,0,-3.08123255,-1.6089282,-2.00765157,0,0,0,0,1,7,0,0,0,0,0,0
Held-Cluster4-Empty,371,7.44,1,-2.70247316,-1.61492693,-4.17594528,0,0,0,0,1,9,0,0,0,0,0,0
Held-Cluster4-Empty,371,7.44,2,-3.06315637,-1.230924,0.7361944,0,0,0,0,1,6,0,0,0,0,0,0
Held-Cluster4-Empty,371,7.44,3,-2.686197,-1.24503827,-10.9873152,0,0,0,0,1,7,0,0,0,0,0,0
Held-Cluster4-Empty,372,7.46,0,-3.08123255,-1.6089282,-2.00765157,0,0,0,0,1,7,0,0,0,0,0,0
Held-Cluster4-Empty,372,7.46,1,-2.70247316,-1.61492693,-4.17594528,0,0,0,0,1,9,0,0,0,0,0,0
Held-Cluster4-Empty,372,7.46,2,-3.06315637,-1.230924,0.7361944,0,0,0,0,1,6,0,0,0,0,0,0
Held-Cluster4-Empty,372,7.46,3,-2.686197,-1.24503827,-10.9873152,0,0,0,0,1,7,0,0,0,0,0,0
Held-Cluster4-Empty,373,7.48,0,-3.08123255,-1.6089282,-2.00765157,0,0,0,0,1,7,0,0,0,0,0,0
Held-Cluster4-Empty,373,7.48,1,-2.70247316,-1.61492693,-4.17594528,0,0,0,0,1,9,0,0,0,0,0,0
Held-Cluster4-Empty,373,7.48,2,-3.06315637,-1.230924,0.7361944,0,0,0,0,1,6,0,0,0,0,0,0
Held-Cluster4-Empty,373,7.48,3,-2.686197,-1.24503827,-10.9873152,0,0,0,0,1,7,0,0,0,0,0,0
Held-Cluster4-Empty,374,7.5,0,-3.08123255,-1.6089282,-2.00765157,0,0,0,0,1,7,0,0,0,0,0,0
Held-Cluster4-Empty,374,7.5,1,-2.70247316,-1.61492693,-4.17594528,0,0,0,0,1,9,0,0,0,0,0,0
Held-Cluster4-Empty,374,7.5,2,-3.06315637,-1.230924,0.7361944,0,0,0,0,1,6,0,0,0,0,0,0
Held-Cluster4-Empty,374,7.5,3,-2.686197,-1.24503827,-10.9873152,0,0,0,0,1,7,0,0,0,0,0,0
Held-Cluster4-Empty,375,7.52,0,-3.08123255,-1.6089282,-2.00765157,0,0,0,0,1,7,0,0,0,0,0,0
Held-Cluster4-Empty,375,7.52,1,-2.70247316,-1.61492693,-4.17594528,0,0,0,0,1,9,0,0,0,0,0,0
Held-Cluster4-Empty,375,7.52,2,-3.06315637,-1.230924,0.7361944,0,0,0,0,1,6,0,0,0,0,0,0
Held-Cluster4-Empty,375,7.52,3,-2.686197,-1.24503827,-10.9873152,0,0,0,0,1,7,0,0,0,0,0,0
Held-Cluster4-Empty,376,7.54,0,-3.08123255,-1.6089282,-2.00765157,0,0,0,0,1,7,0,0,0,0,0,0
Held-Cluster4-Empty,376,7.54,1,-2.70247316,-1.61492693,-4.17594528,0,0,0,0,1,9,0,0,0,0,0,0
Held-Cluster4-Empty,376,7.54,2,-3.06315637,-1.230924,0.7361944,0,0,0,0,1,6,0,0,0,0,0,0
Held-Cluster4-Empty,376,7.54,3,-2.686197,-1.24503827,-10.9873152,0,0,0,0,1,7,0,0,0,0,0,0
Held-Cluster4-Empty,377,7.56,0,-3.08123255,-1.6089282,-2.00765157,0,0,0,0,1,7,0,0,0,0,0,0
Held-Cluster4-Empty,377,7.56,1,-2.70247316,-1.61492693,-4.17594528,0,0,0,0,1,9,0,0,0,0,0,0
Held-Cluster4-Empty,377,7.56,2,-3.06315637,-1.230924,0.7361944,0,0,0,0,1,6,0,0,0,0,0,0
Held-Cluster4-Empty,377,7.56,3,-2.686197,-1.24503827,-10.9873152,0,0,0,0,1,7,0,0,0,0,0,0
Held-Cluster4-Empty,378,7.58,0,-3.08123255,-1.6089282,-2.00765157,0,0,0,0,1,7,0,0,0,0,0,0
Held-Cluster4-Empty,378,7.58,1,-2.70247316,-1.61492693,-4.17594528,0,0,0,0,1,9,0,0,0,0,0,0
Held-Cluster4-Empty,378,7.58,2,-3.06315637,-1.230924,0.7361944,0,0,0,0,1,6,0,0,0,0,0,0
Held-Cluster4-Empty,378,7.58,3,-2.686197,-1.24503827,-10.9873152,0,0,0,0,1,7,0,0,0,0,0,0
Held-Cluster4-Empty,379,7.6,0,-3.08123255,-1.6089282,-2.00765157,0,0,0,0,1,7,0,0,0,0,0,0
Held-Cluster4-Empty,379,7.6,1,-2.70247316,-1.61492693,-4.17594528,0,0,0,0,1,9,0,0,0,0,0,0
Held-Cluster4-Empty,379,7.6,2,-3.06315637,-1.230924,0.7361944,0,0,0,0,1,6,0,0,0,0,0,0
Held-Cluster4-Empty,379,7.6,3,-2.686197,-1.24503827,-10.9873152,0,0,0,0,1,7,0,0,0,0,0,0
Held-Cluster4-Empty,380,7.62,0,-3.08123255,-1.6089282,-2.00765157,0,0,0,0,1,7,0,0,0,0,0,0
Held-Cluster4-Empty,380,7.62,1,-2.70247316,-1.61492693,-4.17594528,0,0,0,0,1,9,0,0,0,0,0,0
Held-Cluster4-Empty,380,7.62,2,-3.06315637,-1.230924,0.7361944,0,0,0,0,1,6,0,0,0,0,0,0
Held-Cluster4-Empty,380,7.62,3,-2.686197,-1.24503827,-10.9873152,0,0,0,0,1,7,0,0,0,0,0,0
Held-Cluster4-Empty,381,7.64,0,-3.08123255,-1.6089282,-2.00765157,0,0,0,0,1,7,0,0,0,0,0,0
Held-Cluster4-Empty,381,7.64,1,-2.70247316,-1.61492693,-4.17594528,0,0,0,0,1,9,0,0,0,0,0,0
Held-Cluster4-Empty,381,7.64,2,-3.06315637,-1.230924,0.7361944,0,0,0,0,1,6,0,0,0,0,0,0
Held-Cluster4-Empty,381,7.64,3,-2.686197,-1.24503827,-10.9873152,0,0,0,0,1,7,0,0,0,0,0,0
Held-Cluster4-Empty,382,7.66,0,-3.08123255,-1.6089282,-2.00765157,0,0,0,0,1,7,0,0,0,0,0,0
Held-Cluster4-Empty,382,7.66,1,-2.70247316,-1.61492693,-4.17594528,0,0,0,0,1,9,0,0,0,0,0,0
Held-Cluster4-Empty,382,7.66,2,-3.06315637,-1.230924,0.7361944,0,0,0,0,1,6,0,0,0,0,0,0
Held-Cluster4-Empty,382,7.66,3,-2.686197,-1.24503827,-10.9873152,0,0,0,0,1,7,0,0,0,0,0,0
Held-Cluster4-Empty,383,7.68,0,-3.08123255,-1.6089282,-2.00765157,0,0,0,0,1,7,0,0,0,0,0,0
Held-Cluster4-Empty,383,7.68,1,-2.70247316,-1.61492693,-4.17594528,0,0,0,0,1,9,0,0,0,0,0,0
Held-Cluster4-Empty,383,7.68,2,-3.06315637,-1.230924,0.7361944,0,0,0,0,1,6,0,0,0,0,0,0
Held-Cluster4-Empty,383,7.68,3,-2.686197,-1.24503827,-10.9873152,0,0,0,0,1,7,0,0,0,0,0,0
Held-Cluster4-Empty,384,7.7,0,-3.08123255,-1.6089282,-2.00765157,0,0,0,0,1,7,0,0,0,0,0,0
Held-Cluster4-Empty,384,7.7,1,-2.70247316,-1.61492693,-4.17594528,0,0,0,0,1,9,0,0,0,0,0,0
Held-Cluster4-Empty,384,7.7,2,-3.06315637,-1.230924,0.7361944,0,0,0,0,1,6,0,0,0,0,0,0
Held-Cluster4-Empty,384,7.7,3,-2.686197,-1.24503827,-10.9873152,0,0,0,0,1,7,0,0,0,0,0,0
Held-Cluster4-Empty,385,7.72,0,-3.08123255,-1.6089282,-2.00765157,0,0,0,0,1,7,0,0,0,0,0,0
Held-Cluster4-Empty,385,7.72,1,-2.70247316,-1.61492693,-4.17594528,0,0,0,0,1,9,0,0,0,0,0,0
Held-Cluster4-Empty,385,7.72,2,-3.06315637,-1.230924,0.7361944,0,0,0,0,1,6,0,0,0,0,0,0
Held-Cluster4-Empty,385,7.72,3,-2.686197,-1.24503827,-10.9873152,0,0,0,0,1,7,0,0,0,0,0,0
Held-Cluster4-Empty,386,7.74,0,-3.08123255,-1.6089282,-2.00765157,0,0,0,0,1,7,0,0,0,0,0,0
Held-Cluster4-Empty,386,7.74,1,-2.70247316,-1.61492693,-4.17594528,0,0,0,0,1,9,0,0,0,0,0,0
Held-Cluster4-Empty,386,7.74,2,-3.06315637,-1.230924,0.7361944,0,0,0,0,1,6,0,0,0,0,0,0
Held-Cluster4-Empty,386,7.74,3,-2.686197,-1.24503827,-10.9873152,0,0,0,0,1,7,0,0,0,0,0,0
Held-Cluster4-Empty,387,7.75999975,0,-3.08123255,-1.6089282,-2.00765157,0,0,0,0,1,7,0,0,0,0,0,0
Held-Cluster4-Empty,387,7.75999975,1,-2.70247316,-1.61492693,-4.17594528,0,0,0,0,1,9,0,0,0,0,0,0
Held-Cluster4-Empty,387,7.75999975,2,-3.06315637,-1.230924,0.7361944,0,0,0,0,1,6,0,0,0,0,0,0
Held-Cluster4-Empty,387,7.75999975,3,-2.686197,-1.24503827,-10.9873152,0,0,0,0,1,7,0,0,0,0,0,0
Held-Cluster4-Empty,388,7.77999973,0,-3.08123255,-1.6089282,-2.00765157,0,0,0,0,1,7,0,0,0,0,0,0
Held-Cluster4-Empty,388,7.77999973,1,-2.70247316,-1.61492693,-4.17594528,0,0,0,0,1,9,0,0,0,0,0,0
Held-Cluster4-Empty,388,7.77999973,2,-3.06315637,-1.230924,0.7361944,0,0,0,0,1,6,0,0,0,0,0,0
Held-Cluster4-Empty,388,7.77999973,3,-2.686197,-1.24503827,-10.9873152,0,0,0,0,1,7,0,0,0,0,0,0
Held-Cluster4-Empty,389,7.79999971,0,-3.08123255,-1.6089282,-2.00765157,0,0,0,0,1,7,0,0,0,0,0,0
Held-Cluster4-Empty,389,7.79999971,1,-2.70247316,-1.61492693,-4.17594528,0,0,0,0,1,9,0,0,0,0,0,0
Held-Cluster4-Empty,389,7.79999971,2,-3.06315637,-1.230924,0.7361944,0,0,0,0,1,6,0,0,0,0,0,0
Held-Cluster4-Empty,389,7.79999971,3,-2.686197,-1.24503827,-10.9873152,0,0,0,0,1,7,0,0,0,0,0,0
Held-Cluster4-Empty,390,7.81999969,0,-3.08123255,-1.6089282,-2.00765157,0,0,0,0,1,7,0,0,0,0,0,0
Held-Cluster4-Empty,390,7.81999969,1,-2.70247316,-1.61492693,-4.17594528,0,0,0,0,1,9,0,0,0,0,0,0
Held-Cluster4-Empty,390,7.81999969,2,-3.06315637,-1.230924,0.7361944,0,0,0,0,1,6,0,0,0,0,0,0
Held-Cluster4-Empty,390,7.81999969,3,-2.686197,-1.24503827,-10.9873152,0,0,0,0,1,7,0,0,0,0,0,0
Held-Cluster4-Empty,391,7.83999968,0,-3.08123255,-1.6089282,-2.00765157,0,0,0,0,1,7,0,0,0,0,0,0
Held-Cluster4-Empty,391,7.83999968,1,-2.70247316,-1.61492693,-4.17594528,0,0,0,0,1,9,0,0,0,0,0,0
Held-Cluster4-Empty,391,7.83999968,2,-3.06315637,-1.230924,0.7361944,0,0,0,0,1,6,0,0,0,0,0,0
Held-Cluster4-Empty,391,7.83999968,3,-2.686197,-1.24503827,-10.9873152,0,0,0,0,1,7,0,0,0,0,0,0
Held-Cluster4-Empty,392,7.85999966,0,-3.08123255,-1.6089282,-2.00765157,0,0,0,0,1,7,0,0,0,0,0,0
Held-Cluster4-Empty,392,7.85999966,1,-2.70247316,-1.61492693,-4.17594528,0,0,0,0,1,9,0,0,0,0,0,0
Held-Cluster4-Empty,392,7.85999966,2,-3.06315637,-1.230924,0.7361944,0,0,0,0,1,6,0,0,0,0,0,0
Held-Cluster4-Empty,392,7.85999966,3,-2.686197,-1.24503827,-10.9873152,0,0,0,0,1,7,0,0,0,0,0,0
Held-Cluster4-Empty,393,7.87999964,0,-3.08123255,-1.6089282,-2.00765157,0,0,0,0,1,7,0,0,0,0,0,0
Held-Cluster4-Empty,393,7.87999964,1,-2.70247316,-1.61492693,-4.17594528,0,0,0,0,1,9,0,0,0,0,0,0
Held-Cluster4-Empty,393,7.87999964,2,-3.06315637,-1.230924,0.7361944,0,0,0,0,1,6,0,0,0,0,0,0
Held-Cluster4-Empty,393,7.87999964,3,-2.686197,-1.24503827,-10.9873152,0,0,0,0,1,7,0,0,0,0,0,0
Held-Cluster4-Empty,394,7.89999962,0,-3.08123255,-1.6089282,-2.00765157,0,0,0,0,1,7,0,0,0,0,0,0
Held-Cluster4-Empty,394,7.89999962,1,-2.70247316,-1.61492693,-4.17594528,0,0,0,0,1,9,0,0,0,0,0,0
Held-Cluster4-Empty,394,7.89999962,2,-3.06315637,-1.230924,0.7361944,0,0,0,0,1,6,0,0,0,0,0,0
Held-Cluster4-Empty,394,7.89999962,3,-2.686197,-1.24503827,-10.9873152,0,0,0,0,1,7,0,0,0,0,0,0
Held-Cluster4-Empty,395,7.9199996,0,-3.08123255,-1.6089282,-2.00765157,0,0,0,0,1,7,0,0,0,0,0,0
Held-Cluster4-Empty,395,7.9199996,1,-2.70247316,-1.61492693,-4.17594528,0,0,0,0,1,9,0,0,0,0,0,0
Held-Cluster4-Empty,395,7.9199996,2,-3.06315637,-1.230924,0.7361944,0,0,0,0,1,6,0,0,0,0,0,0
Held-Cluster4-Empty,395,7.9199996,3,-2.686197,-1.24503827,-10.9873152,0,0,0,0,1,7,0,0,0,0,0,0
Held-Cluster4-Empty,396,7.94,0,-3.08123255,-1.6089282,-2.00765157,0,0,0,0,1,7,0,0,0,0,0,0
Held-Cluster4-Empty,396,7.94,1,-2.70247316,-1.61492693,-4.17594528,0,0,0,0,1,9,0,0,0,0,0,0
Held-Cluster4-Empty,396,7.94,2,-3.06315637,-1.230924,0.7361944,0,0,0,0,1,6,0,0,0,0,0,0
Held-Cluster4-Empty,396,7.94,3,-2.686197,-1.24503827,-10.9873152,0,0,0,0,1,7,0,0,0,0,0,0
Held-Cluster4-Empty,397,7.96,0,-3.08123255,-1.6089282,-2.00765157,0,0,0,0,1,7,0,0,0,0,0,0
Held-Cluster4-Empty,397,7.96,1,-2.70247316,-1.61492693,-4.17594528,0,0,0,0,1,9,0,0,0,0,0,0
Held-Cluster4-Empty,397,7.96,2,-3.06315637,-1.230924,0.7361944,0,0,0,0,1,6,0,0,0,0,0,0
Held-Cluster4-Empty,397,7.96,3,-2.686197,-1.24503827,-10.9873152,0,0,0,0,1,7,0,0,0,0,0,0
Held-Cluster4-Empty,398,7.98,0,-3.08123255,-1.6089282,-2.00765157,0,0,0,0,1,7,0,0,0,0,0,0
Held-Cluster4-Empty,398,7.98,1,-2.70247316,-1.61492693,-4.17594528,0,0,0,0,1,9,0,0,0,0,0,0
Held-Cluster4-Empty,398,7.98,2,-3.06315637,-1.230924,0.7361944,0,0,0,0,1,6,0,0,0,0,0,0
Held-Cluster4-Empty,398,7.98,3,-2.686197,-1.24503827,-10.9873152,0,0,0,0,1,7,0,0,0,0,0,0
Held-Cluster4-Empty,399,8,0,-3.08123255,-1.6089282,-2.00765157,0,0,0,0,1,7,0,0,0,0,0,0
Held-Cluster4-Empty,399,8,1,-2.70247316,-1.61492693,-4.17594528,0,0,0,0,1,9,0,0,0,0,0,0
Held-Cluster4-Empty,399,8,2,-3.06315637,-1.230924,0.7361944,0,0,0,0,1,6,0,0,0,0,0,0
Held-Cluster4-Empty,399,8,3,-2.686197,-1.24503827,-10.9873152,0,0,0,0,1,7,0,0,0,0,0,0
Held-Cluster4-F,300,6.02,0,-3.08146071,-1.60870457,-1.888698,0,0,0,0,1,10,36,0.000380702666,0.001518029,0,41,0
Held-Cluster4-F,300,6.02,1,-2.70449448,-1.61607778,-3.48986816,0,0,0,0,1,12,36,0.000380702666,0.001518029,0,41,0
Held-Cluster4-F,300,6.02,2,-3.062087,-1.23172629,0.340867937,0,0,0,0,1,6,36,0.000380702666,0.001518029,0,41,0
Held-Cluster4-F,300,6.02,3,-2.68758845,-1.245299,-11.1609268,0,0,0,0,1,7,36,0.000380702666,0.001518029,0,41,0
Held-Cluster4-F,301,6.04,0,-3.08146071,-1.60870457,-1.888698,0,0,0,0,1,10,36,0.0008332338,0.00365859526,0,41,0
Held-Cluster4-F,301,6.04,1,-2.70449448,-1.61607778,-3.48986816,0,0,0,0,1,12,36,0.0008332338,0.00365859526,0,41,0
Held-Cluster4-F,301,6.04,2,-3.062087,-1.23172629,0.340867937,0,0,0,0,1,6,36,0.0008332338,0.00365859526,0,41,0
Held-Cluster4-F,301,6.04,3,-2.68758845,-1.245299,-11.1609268,0,0,0,0,1,7,36,0.0008332338,0.00365859526,0,41,0
Held-Cluster4-F,302,6.06,0,-3.08146071,-1.60870457,-1.888698,0,0,0,0,1,10,36,0.0006849785,0.00268282369,0,41,0
Held-Cluster4-F,302,6.06,1,-2.70449448,-1.61607778,-3.48986816,0,0,0,0,1,12,36,0.0006849785,0.00268282369,0,41,0
Held-Cluster4-F,302,6.06,2,-3.062087,-1.23172629,0.340867937,0,0,0,0,1,6,36,0.0006849785,0.00268282369,0,41,0
Held-Cluster4-F,302,6.06,3,-2.68758845,-1.245299,-11.1609268,0,0,0,0,1,7,36,0.0006849785,0.00268282369,0,41,0
Held-Cluster4-F,303,6.08,0,-3.08146071,-1.60870457,-1.888698,0,0,0,0,1,10,36,0.0006206551,0.00267699454,0,41,0
Held-Cluster4-F,303,6.08,1,-2.70449448,-1.61607778,-3.48986816,0,0,0,0,1,12,36,0.0006206551,0.00267699454,0,41,0
Held-Cluster4-F,303,6.08,2,-3.062087,-1.23172629,0.340867937,0,0,0,0,1,6,36,0.0006206551,0.00267699454,0,41,0
Held-Cluster4-F,303,6.08,3,-2.68758845,-1.245299,-11.1609268,0,0,0,0,1,7,36,0.0006206551,0.00267699454,0,41,0
Held-Cluster4-F,304,6.1,0,-3.08146071,-1.60870457,-1.888698,0,0,0,0,1,10,36,0.0006690667,0.00301336,0,41,0
Held-Cluster4-F,304,6.1,1,-2.70449448,-1.61607778,-3.48986816,0,0,0,0,1,12,36,0.0006690667,0.00301336,0,41,0
Held-Cluster4-F,304,6.1,2,-3.062087,-1.23172629,0.340867937,0,0,0,0,1,6,36,0.0006690667,0.00301336,0,41,0
Held-Cluster4-F,304,6.1,3,-2.68758845,-1.245299,-11.1609268,0,0,0,0,1,7,36,0.0006690667,0.00301336,0,41,0
Held-Cluster4-F,305,6.12,0,-3.08146071,-1.60870457,-1.888698,0,0,0,0,1,10,36,0.00100348319,0.004247901,0,41,0
Held-Cluster4-F,305,6.12,1,-2.70449448,-1.61607778,-3.48986816,0,0,0,0,1,12,36,0.00100348319,0.004247901,0,41,0
Held-Cluster4-F,305,6.12,2,-3.062087,-1.23172629,0.340867937,0,0,0,0,1,6,36,0.00100348319,0.004247901,0,41,0
Held-Cluster4-F,305,6.12,3,-2.68758845,-1.245299,-11.1609268,0,0,0,0,1,7,36,0.00100348319,0.004247901,0,41,0
Held-Cluster4-F,306,6.14,0,-3.08146071,-1.60870457,-1.888698,0,0,0,0,1,10,36,0.000374573341,0.00127076416,0,41,0
Held-Cluster4-F,306,6.14,1,-2.70449448,-1.61607778,-3.48986816,0,0,0,0,1,12,36,0.000374573341,0.00127076416,0,41,0
Held-Cluster4-F,306,6.14,2,-3.062087,-1.23172629,0.340867937,0,0,0,0,1,6,36,0.000374573341,0.00127076416,0,41,0
Held-Cluster4-F,306,6.14,3,-2.68758845,-1.245299,-11.1609268,0,0,0,0,1,7,36,0.000374573341,0.00127076416,0,41,0
Held-Cluster4-F,307,6.16,0,-3.08146071,-1.60870457,-1.888698,0,0,0,0,1,10,36,0.000332840282,0.00116186391,0,41,0
Held-Cluster4-F,307,6.16,1,-2.70449448,-1.61607778,-3.48986816,0,0,0,0,1,12,36,0.000332840282,0.00116186391,0,41,0
Held-Cluster4-F,307,6.16,2,-3.062087,-1.23172629,0.340867937,0,0,0,0,1,6,36,0.000332840282,0.00116186391,0,41,0
Held-Cluster4-F,307,6.16,3,-2.68758845,-1.245299,-11.1609268,0,0,0,0,1,7,36,0.000332840282,0.00116186391,0,41,0
Held-Cluster4-F,308,6.18,0,-3.08146071,-1.60870457,-1.888698,0,0,0,0,1,10,36,0.001058285,0.00390698854,0,41,0
Held-Cluster4-F,308,6.18,1,-2.70449448,-1.61607778,-3.48986816,0,0,0,0,1,12,36,0.001058285,0.00390698854,0,41,0
Held-Cluster4-F,308,6.18,2,-3.062087,-1.23172629,0.340867937,0,0,0,0,1,6,36,0.001058285,0.00390698854,0,41,0
Held-Cluster4-F,308,6.18,3,-2.68758845,-1.245299,-11.1609268,0,0,0,0,1,7,36,0.001058285,0.00390698854,0,41,0
Held-Cluster4-F,309,6.2,0,-3.08146071,-1.60870457,-1.888698,0,0,0,0,1,10,36,0.000427161,0.00184841035,0,41,0
Held-Cluster4-F,309,6.2,1,-2.70449448,-1.61607778,-3.48986816,0,0,0,0,1,12,36,0.000427161,0.00184841035,0,41,0
Held-Cluster4-F,309,6.2,2,-3.062087,-1.23172629,0.340867937,0,0,0,0,1,6,36,0.000427161,0.00184841035,0,41,0
Held-Cluster4-F,309,6.2,3,-2.68758845,-1.245299,-11.1609268,0,0,0,0,1,7,36,0.000427161,0.00184841035,0,41,0
Held-Cluster4-F,310,6.22,0,-3.08146071,-1.60870457,-1.888698,0,0,0,0,1,10,36,0.000587464543,0.00257055112,0,41,0
Held-Cluster4-F,310,6.22,1,-2.70449448,-1.61607778,-3.48986816,0,0,0,0,1,12,36,0.000587464543,0.00257055112,0,41,0
Held-Cluster4-F,310,6.22,2,-3.062087,-1.23172629,0.340867937,0,0,0,0,1,6,36,0.000587464543,0.00257055112,0,41,0
Held-Cluster4-F,310,6.22,3,-2.68758845,-1.245299,-11.1609268,0,0,0,0,1,7,36,0.000587464543,0.00257055112,0,41,0
Held-Cluster4-F,311,6.24,0,-3.08146071,-1.60870457,-1.888698,0,0,0,0,1,10,36,0.0009212175,0.0040596514,0,41,0
Held-Cluster4-F,311,6.24,1,-2.70449448,-1.61607778,-3.48986816,0,0,0,0,1,12,36,0.0009212175,0.0040596514,0,41,0
Held-Cluster4-F,311,6.24,2,-3.062087,-1.23172629,0.340867937,0,0,0,0,1,6,36,0.0009212175,0.0040596514,0,41,0
Held-Cluster4-F,311,6.24,3,-2.68758845,-1.245299,-11.1609268,0,0,0,0,1,7,36,0.0009212175,0.0040596514,0,41,0
Held-Cluster4-F,312,6.25999975,0,-3.08146071,-1.60870457,-1.888698,0,0,0,0,1,10,36,0.000374444615,0.00136994408,0,41,0
Held-Cluster4-F,312,6.25999975,1,-2.70449448,-1.61607778,-3.48986816,0,0,0,0,1,12,36,0.000374444615,0.00136994408,0,41,0
Held-Cluster4-F,312,6.25999975,2,-3.062087,-1.23172629,0.340867937,0,0,0,0,1,6,36,0.000374444615,0.00136994408,0,41,0
Held-Cluster4-F,312,6.25999975,3,-2.68758845,-1.245299,-11.1609268,0,0,0,0,1,7,36,0.000374444615,0.00136994408,0,41,0
Held-Cluster4-F,313,6.27999973,0,-3.08146071,-1.60870457,-1.888698,0,0,0,0,1,10,36,0.000614135934,0.00243574125,0,41,0
Held-Cluster4-F,313,6.27999973,1,-2.70449448,-1.61607778,-3.48986816,0,0,0,0,1,12,36,0.000614135934,0.00243574125,0,41,0
Held-Cluster4-F,313,6.27999973,2,-3.062087,-1.23172629,0.340867937,0,0,0,0,1,6,36,0.000614135934,0.00243574125,0,41,0
Held-Cluster4-F,313,6.27999973,3,-2.68758845,-1.245299,-11.1609268,0,0,0,0,1,7,36,0.000614135934,0.00243574125,0,41,0
Held-Cluster4-F,314,6.29999971,0,-3.08146071,-1.60870457,-1.888698,0,0,0,0,1,10,36,0.0004973905,0.00212983321,0,41,0
Held-Cluster4-F,314,6.29999971,1,-2.70449448,-1.61607778,-3.48986816,0,0,0,0,1,12,36,0.0004973905,0.00212983321,0,41,0
Held-Cluster4-F,314,6.29999971,2,-3.062087,-1.23172629,0.340867937,0,0,0,0,1,6,36,0.0004973905,0.00212983321,0,41,0
Held-Cluster4-F,314,6.29999971,3,-2.68758845,-1.245299,-11.1609268,0,0,0,0,1,7,36,0.0004973905,0.00212983321,0,41,0
Held-Cluster4-F,315,6.31999969,0,-3.08146071,-1.60870457,-1.888698,0,0,0,0,1,10,36,0.000752515334,0.00282428,0,41,0
Held-Cluster4-F,315,6.31999969,1,-2.70449448,-1.61607778,-3.48986816,0,0,0,0,1,12,36,0.000752515334,0.00282428,0,41,0
Held-Cluster4-F,315,6.31999969,2,-3.062087,-1.23172629,0.340867937,0,0,0,0,1,6,36,0.000752515334,0.00282428,0,41,0
Held-Cluster4-F,315,6.31999969,3,-2.68758845,-1.245299,-11.1609268,0,0,0,0,1,7,36,0.000752515334,0.00282428,0,41,0
Held-Cluster4-F,316,6.33999968,0,-3.08146071,-1.60870457,-1.888698,0,0,0,0,1,10,36,0.000442157849,0.00194158487,0,41,0
Held-Cluster4-F,316,6.33999968,1,-2.70449448,-1.61607778,-3.48986816,0,0,0,0,1,12,36,0.000442157849,0.00194158487,0,41,0
Held-Cluster4-F,316,6.33999968,2,-3.062087,-1.23172629,0.340867937,0,0,0,0,1,6,36,0.000442157849,0.00194158487,0,41,0
Held-Cluster4-F,316,6.33999968,3,-2.68758845,-1.245299,-11.1609268,0,0,0,0,1,7,36,0.000442157849,0.00194158487,0,41,0
Held-Cluster4-F,317,6.35999966,0,-3.08146071,-1.60870457,-1.888698,0,0,0,0,1,10,36,0.0008693768,0.003577268,0,41,0
Held-Cluster4-F,317,6.35999966,1,-2.70449448,-1.61607778,-3.48986816,0,0,0,0,1,12,36,0.0008693768,0.003577268,0,41,0
Held-Cluster4-F,317,6.35999966,2,-3.062087,-1.23172629,0.340867937,0,0,0,0,1,6,36,0.0008693768,0.003577268,0,41,0
Held-Cluster4-F,317,6.35999966,3,-2.68758845,-1.245299,-11.1609268,0,0,0,0,1,7,36,0.0008693768,0.003577268,0,41,0
Held-Cluster4-F,318,6.37999964,0,-3.08146071,-1.60870457,-1.888698,0,0,0,0,1,10,36,0.0006544348,0.00248227478,0,41,0
Held-Cluster4-F,318,6.37999964,1,-2.70449448,-1.61607778,-3.48986816,0,0,0,0,1,12,36,0.0006544348,0.00248227478,0,41,0
Held-Cluster4-F,318,6.37999964,2,-3.062087,-1.23172629,0.340867937,0,0,0,0,1,6,36,0.0006544348,0.00248227478,0,41,0
Held-Cluster4-F,318,6.37999964,3,-2.68758845,-1.245299,-11.1609268,0,0,0,0,1,7,36,0.0006544348,0.00248227478,0,41,0
Held-Cluster4-F,319,6.39999962,0,-3.08146071,-1.60870457,-1.888698,0,0,0,0,1,10,36,0.000797354965,0.00338766584,0,41,0
Held-Cluster4-F,319,6.39999962,1,-2.70449448,-1.61607778,-3.48986816,0,0,0,0,1,12,36,0.000797354965,0.00338766584,0,41,0
Held-Cluster4-F,319,6.39999962,2,-3.062087,-1.23172629,0.340867937,0,0,0,0,1,6,36,0.000797354965,0.00338766584,0,41,0
Held-Cluster4-F,319,6.39999962,3,-2.68758845,-1.245299,-11.1609268,0,0,0,0,1,7,36,0.000797354965,0.00338766584,0,41,0
Held-Cluster4-F,320,6.42,0,-3.08146071,-1.60870457,-1.888698,0,0,0,0,1,10,36,0.0003007675,0.00163650117,0,41,0
Held-Cluster4-F,320,6.42,1,-2.70449448,-1.61607778,-3.48986816,0,0,0,0,1,12,36,0.0003007675,0.00163650117,0,41,0
Held-Cluster4-F,320,6.42,2,-3.062087,-1.23172629,0.340867937,0,0,0,0,1,6,36,0.0003007675,0.00163650117,0,41,0
Held-Cluster4-F,320,6.42,3,-2.68758845,-1.245299,-11.1609268,0,0,0,0,1,7,36,0.0003007675,0.00163650117,0,41,0
Held-Cluster4-F,321,6.44,0,-3.08146071,-1.60870457,-1.888698,0,0,0,0,1,10,36,0.000243566159,0.00161489751,0,41,0
Held-Cluster4-F,321,6.44,1,-2.70449448,-1.61607778,-3.48986816,0,0,0,0,1,12,36,0.000243566159,0.00161489751,0,41,0
Held-Cluster4-F,321,6.44,2,-3.062087,-1.23172629,0.340867937,0,0,0,0,1,6,36,0.000243566159,0.00161489751,0,41,0
Held-Cluster4-F,321,6.44,3,-2.68758845,-1.245299,-11.1609268,0,0,0,0,1,7,36,0.000243566159,0.00161489751,0,41,0
Held-Cluster4-F,322,6.46,0,-3.08146071,-1.60870457,-1.888698,0,0,0,0,1,10,36,0.000812141,0.00308311963,0,41,0
Held-Cluster4-F,322,6.46,1,-2.70449448,-1.61607778,-3.48986816,0,0,0,0,1,12,36,0.000812141,0.00308311963,0,41,0
Held-Cluster4-F,322,6.46,2,-3.062087,-1.23172629,0.340867937,0,0,0,0,1,6,36,0.000812141,0.00308311963,0,41,0
Held-Cluster4-F,322,6.46,3,-2.68758845,-1.245299,-11.1609268,0,0,0,0,1,7,36,0.000812141,0.00308311963,0,41,0
Held-Cluster4-F,323,6.48,0,-3.08146071,-1.60870457,-1.888698,0,0,0,0,1,10,36,0.0003536529,0.00164411741,0,41,0
Held-Cluster4-F,323,6.48,1,-2.70449448,-1.61607778,-3.48986816,0,0,0,0,1,12,36,0.0003536529,0.00164411741,0,41,0
Held-Cluster4-F,323,6.48,2,-3.062087,-1.23172629,0.340867937,0,0,0,0,1,6,36,0.0003536529,0.00164411741,0,41,0
Held-Cluster4-F,323,6.48,3,-2.68758845,-1.245299,-11.1609268,0,0,0,0,1,7,36,0.0003536529,0.00164411741,0,41,0
Held-Cluster4-F,324,6.5,0,-3.08146071,-1.60870457,-1.888698,0,0,0,0,1,10,36,0.0009602855,0.003741984,0,41,0
Held-Cluster4-F,324,6.5,1,-2.70449448,-1.61607778,-3.48986816,0,0,0,0,1,12,36,0.0009602855,0.003741984,0,41,0
Held-Cluster4-F,324,6.5,2,-3.062087,-1.23172629,0.340867937,0,0,0,0,1,6,36,0.0009602855,0.003741984,0,41,0
Held-Cluster4-F,324,6.5,3,-2.68758845,-1.245299,-11.1609268,0,0,0,0,1,7,36,0.0009602855,0.003741984,0,41,0
Held-Cluster4-F,325,6.52,0,-3.08146071,-1.60870457,-1.888698,0,0,0,0,1,10,36,0.0003782404,0.00145408511,0,41,0
Held-Cluster4-F,325,6.52,1,-2.70449448,-1.61607778,-3.48986816,0,0,0,0,1,12,36,0.0003782404,0.00145408511,0,41,0
Held-Cluster4-F,325,6.52,2,-3.062087,-1.23172629,0.340867937,0,0,0,0,1,6,36,0.0003782404,0.00145408511,0,41,0
Held-Cluster4-F,325,6.52,3,-2.68758845,-1.245299,-11.1609268,0,0,0,0,1,7,36,0.0003782404,0.00145408511,0,41,0
Held-Cluster4-F,326,6.54,0,-3.08146071,-1.60870457,-1.888698,0,0,0,0,1,10,36,0.0004376989,0.001600387,0,41,0
Held-Cluster4-F,326,6.54,1,-2.70449448,-1.61607778,-3.48986816,0,0,0,0,1,12,36,0.0004376989,0.001600387,0,41,0
Held-Cluster4-F,326,6.54,2,-3.062087,-1.23172629,0.340867937,0,0,0,0,1,6,36,0.0004376989,0.001600387,0,41,0
Held-Cluster4-F,326,6.54,3,-2.68758845,-1.245299,-11.1609268,0,0,0,0,1,7,36,0.0004376989,0.001600387,0,41,0
Held-Cluster4-F,327,6.56,0,-3.08146071,-1.60870457,-1.888698,0,0,0,0,1,10,36,0.0007864082,0.00336524961,0,41,0
Held-Cluster4-F,327,6.56,1,-2.70449448,-1.61607778,-3.48986816,0,0,0,0,1,12,36,0.0007864082,0.00336524961,0,41,0
Held-Cluster4-F,327,6.56,2,-3.062087,-1.23172629,0.340867937,0,0,0,0,1,6,36,0.0007864082,0.00336524961,0,41,0
Held-Cluster4-F,327,6.56,3,-2.68758845,-1.245299,-11.1609268,0,0,0,0,1,7,36,0.0007864082,0.00336524961,0,41,0
Held-Cluster4-F,328,6.58,0,-3.08146071,-1.60870457,-1.888698,0,0,0,0,1,10,36,0.000455198315,0.00229483563,0,41,0
Held-Cluster4-F,328,6.58,1,-2.70449448,-1.61607778,-3.48986816,0,0,0,0,1,12,36,0.000455198315,0.00229483563,0,41,0
Held-Cluster4-F,328,6.58,2,-3.062087,-1.23172629,0.340867937,0,0,0,0,1,6,36,0.000455198315,0.00229483563,0,41,0
Held-Cluster4-F,328,6.58,3,-2.68758845,-1.245299,-11.1609268,0,0,0,0,1,7,36,0.000455198315,0.00229483563,0,41,0
Held-Cluster4-F,329,6.6,0,-3.08146071,-1.60870457,-1.888698,0,0,0,0,1,10,36,0.000460766081,0.00205924,0,41,0
Held-Cluster4-F,329,6.6,1,-2.70449448,-1.61607778,-3.48986816,0,0,0,0,1,12,36,0.000460766081,0.00205924,0,41,0
Held-Cluster4-F,329,6.6,2,-3.062087,-1.23172629,0.340867937,0,0,0,0,1,6,36,0.000460766081,0.00205924,0,41,0
Held-Cluster4-F,329,6.6,3,-2.68758845,-1.245299,-11.1609268,0,0,0,0,1,7,36,0.000460766081,0.00205924,0,41,0
Held-Cluster4-F,330,6.62,0,-3.08146071,-1.60870457,-1.888698,0,0,0,0,1,10,36,0.000890378549,0.00345961377,0,41,0
Held-Cluster4-F,330,6.62,1,-2.70449448,-1.61607778,-3.48986816,0,0,0,0,1,12,36,0.000890378549,0.00345961377,0,41,0
Held-Cluster4-F,330,6.62,2,-3.062087,-1.23172629,0.340867937,0,0,0,0,1,6,36,0.000890378549,0.00345961377,0,41,0
Held-Cluster4-F,330,6.62,3,-2.68758845,-1.245299,-11.1609268,0,0,0,0,1,7,36,0.000890378549,0.00345961377,0,41,0
Held-Cluster4-F,331,6.64,0,-3.08146071,-1.60870457,-1.888698,0,0,0,0,1,10,36,0.000404016144,0.001807538,0,41,0
Held-Cluster4-F,331,6.64,1,-2.70449448,-1.61607778,-3.48986816,0,0,0,0,1,12,36,0.000404016144,0.001807538,0,41,0
Held-Cluster4-F,331,6.64,2,-3.062087,-1.23172629,0.340867937,0,0,0,0,1,6,36,0.000404016144,0.001807538,0,41,0
Held-Cluster4-F,331,6.64,3,-2.68758845,-1.245299,-11.1609268,0,0,0,0,1,7,36,0.000404016144,0.001807538,0,41,0
Held-Cluster4-F,332,6.66,0,-3.08146071,-1.60870457,-1.888698,0,0,0,0,1,10,36,0.000885828631,0.00347137917,0,41,0
Held-Cluster4-F,332,6.66,1,-2.70449448,-1.61607778,-3.48986816,0,0,0,0,1,12,36,0.000885828631,0.00347137917,0,41,0
Held-Cluster4-F,332,6.66,2,-3.062087,-1.23172629,0.340867937,0,0,0,0,1,6,36,0.000885828631,0.00347137917,0,41,0
Held-Cluster4-F,332,6.66,3,-2.68758845,-1.245299,-11.1609268,0,0,0,0,1,7,36,0.000885828631,0.00347137917,0,41,0
Held-Cluster4-F,333,6.68,0,-3.08146071,-1.60870457,-1.888698,0,0,0,0,1,10,36,0.0006361844,0.00296259532,0,41,0
Held-Cluster4-F,333,6.68,1,-2.70449448,-1.61607778,-3.48986816,0,0,0,0,1,12,36,0.0006361844,0.00296259532,0,41,0
Held-Cluster4-F,333,6.68,2,-3.062087,-1.23172629,0.340867937,0,0,0,0,1,6,36,0.0006361844,0.00296259532,0,41,0
Held-Cluster4-F,333,6.68,3,-2.68758845,-1.245299,-11.1609268,0,0,0,0,1,7,36,0.0006361844,0.00296259532,0,41,0
Held-Cluster4-F,334,6.7,0,-3.08146071,-1.60870457,-1.888698,0,0,0,0,1,10,36,0.00049307663,0.00194643612,0,41,0
Held-Cluster4-F,334,6.7,1,-2.70449448,-1.61607778,-3.48986816,0,0,0,0,1,12,36,0.00049307663,0.00194643612,0,41,0
Held-Cluster4-F,334,6.7,2,-3.062087,-1.23172629,0.340867937,0,0,0,0,1,6,36,0.00049307663,0.00194643612,0,41,0
Held-Cluster4-F,334,6.7,3,-2.68758845,-1.245299,-11.1609268,0,0,0,0,1,7,36,0.00049307663,0.00194643612,0,41,0
Held-Cluster4-F,335,6.72,0,-3.08146071,-1.60870457,-1.888698,0,0,0,0,1,10,36,0.0005091633,0.002224243,0,41,0
Held-Cluster4-F,335,6.72,1,-2.70449448,-1.61607778,-3.48986816,0,0,0,0,1,12,36,0.0005091633,0.002224243,0,41,0
Held-Cluster4-F,335,6.72,2,-3.062087,-1.23172629,0.340867937,0,0,0,0,1,6,36,0.0005091633,0.002224243,0,41,0
Held-Cluster4-F,335,6.72,3,-2.68758845,-1.245299,-11.1609268,0,0,0,0,1,7,36,0.0005091633,0.002224243,0,41,0
Held-Cluster4-F,336,6.74,0,-3.08146071,-1.60870457,-1.888698,0,0,0,0,1,10,36,0.000950176734,0.00394199649,0,41,0
Held-Cluster4-F,336,6.74,1,-2.70449448,-1.61607778,-3.48986816,0,0,0,0,1,12,36,0.000950176734,0.00394199649,0,41,0
Held-Cluster4-F,336,6.74,2,-3.062087,-1.23172629,0.340867937,0,0,0,0,1,6,36,0.000950176734,0.00394199649,0,41,0
Held-Cluster4-F,336,6.74,3,-2.68758845,-1.245299,-11.1609268,0,0,0,0,1,7,36,0.000950176734,0.00394199649,0,41,0
Held-Cluster4-F,337,6.75999975,0,-3.08146071,-1.60870457,-1.888698,0,0,0,0,1,10,36,0.000348068133,0.00154630456,0,41,0
Held-Cluster4-F,337,6.75999975,1,-2.70449448,-1.61607778,-3.48986816,0,0,0,0,1,12,36,0.000348068133,0.00154630456,0,41,0
Held-Cluster4-F,337,6.75999975,2,-3.062087,-1.23172629,0.340867937,0,0,0,0,1,6,36,0.000348068133,0.00154630456,0,41,0
Held-Cluster4-F,337,6.75999975,3,-2.68758845,-1.245299,-11.1609268,0,0,0,0,1,7,36,0.000348068133,0.00154630456,0,41,0
Held-Cluster4-F,338,6.77999973,0,-3.08146071,-1.60870457,-1.888698,0,0,0,0,1,10,36,0.0003813059,0.00158862176,0,41,0
Held-Cluster4-F,338,6.77999973,1,-2.70449448,-1.61607778,-3.48986816,0,0,0,0,1,12,36,0.0003813059,0.00158862176,0,41,0
Held-Cluster4-F,338,6.77999973,2,-3.062087,-1.23172629,0.340867937,0,0,0,0,1,6,36,0.0003813059,0.00158862176,0,41,0
Held-Cluster4-F,338,6.77999973,3,-2.68758845,-1.245299,-11.1609268,0,0,0,0,1,7,36,0.0003813059,0.00158862176,0,41,0
Held-Cluster4-F,339,6.79999971,0,-3.08146071,-1.60870457,-1.888698,0,0,0,0,1,10,36,0.000708633335,0.00295341224,0,41,0
Held-Cluster4-F,339,6.79999971,1,-2.70449448,-1.61607778,-3.48986816,0,0,0,0,1,12,36,0.000708633335,0.00295341224,0,41,0
Held-Cluster4-F,339,6.79999971,2,-3.062087,-1.23172629,0.340867937,0,0,0,0,1,6,36,0.000708633335,0.00295341224,0,41,0
Held-Cluster4-F,339,6.79999971,3,-2.68758845,-1.245299,-11.1609268,0,0,0,0,1,7,36,0.000708633335,0.00295341224,0,41,0
Held-Cluster4-F,340,6.81999969,0,-3.08146071,-1.60870457,-1.888698,0,0,0,0,1,10,36,0.000674377836,0.00282450835,0,41,0
Held-Cluster4-F,340,6.81999969,1,-2.70449448,-1.61607778,-3.48986816,0,0,0,0,1,12,36,0.000674377836,0.00282450835,0,41,0
Held-Cluster4-F,340,6.81999969,2,-3.062087,-1.23172629,0.340867937,0,0,0,0,1,6,36,0.000674377836,0.00282450835,0,41,0
Held-Cluster4-F,340,6.81999969,3,-2.68758845,-1.245299,-11.1609268,0,0,0,0,1,7,36,0.000674377836,0.00282450835,0,41,0
Held-Cluster4-F,341,6.83999968,0,-3.08146071,-1.60870457,-1.888698,0,0,0,0,1,10,36,0.0005140434,0.00225646235,0,41,0
Held-Cluster4-F,341,6.83999968,1,-2.70449448,-1.61607778,-3.48986816,0,0,0,0,1,12,36,0.0005140434,0.00225646235,0,41,0
Held-Cluster4-F,341,6.83999968,2,-3.062087,-1.23172629,0.340867937,0,0,0,0,1,6,36,0.0005140434,0.00225646235,0,41,0
Held-Cluster4-F,341,6.83999968,3,-2.68758845,-1.245299,-11.1609268,0,0,0,0,1,7,36,0.0005140434,0.00225646235,0,41,0
Held-Cluster4-F,342,6.85999966,0,-3.08146071,-1.60870457,-1.888698,0,0,0,0,1,10,36,0.0009529771,0.00422437,0,41,0
Held-Cluster4-F,342,6.85999966,1,-2.70449448,-1.61607778,-3.48986816,0,0,0,0,1,12,36,0.0009529771,0.00422437,0,41,0
Held-Cluster4-F,342,6.85999966,2,-3.062087,-1.23172629,0.340867937,0,0,0,0,1,6,36,0.0009529771,0.00422437,0,41,0
Held-Cluster4-F,342,6.85999966,3,-2.68758845,-1.245299,-11.1609268,0,0,0,0,1,7,36,0.0009529771,0.00422437,0,41,0
Held-Cluster4-F,343,6.87999964,0,-3.08146071,-1.60870457,-1.888698,0,0,0,0,1,10,36,0.000510168436,0.0025715814,0,41,0
Held-Cluster4-F,343,6.87999964,1,-2.70449448,-1.61607778,-3.48986816,0,0,0,0,1,12,36,0.000510168436,0.0025715814,0,41,0
Held-Cluster4-F,343,6.87999964,2,-3.062087,-1.23172629,0.340867937,0,0,0,0,1,6,36,0.000510168436,0.0025715814,0,41,0
Held-Cluster4-F,343,6.87999964,3,-2.68758845,-1.245299,-11.1609268,0,0,0,0,1,7,36,0.000510168436,0.0025715814,0,41,0
Held-Cluster4-F,344,6.89999962,0,-3.08146071,-1.60870457,-1.888698,0,0,0,0,1,10,36,0.000417708,0.00195496669,0,41,0
Held-Cluster4-F,344,6.89999962,1,-2.70449448,-1.61607778,-3.48986816,0,0,0,0,1,12,36,0.000417708,0.00195496669,0,41,0
Held-Cluster4-F,344,6.89999962,2,-3.062087,-1.23172629,0.340867937,0,0,0,0,1,6,36,0.000417708,0.00195496669,0,41,0
Held-Cluster4-F,344,6.89999962,3,-2.68758845,-1.245299,-11.1609268,0,0,0,0,1,7,36,0.000417708,0.00195496669,0,41,0
Held-Cluster4-F,345,6.92,0,-3.08146071,-1.60870457,-1.888698,0,0,0,0,1,10,36,0.0006593051,0.002377194,0,41,0
Held-Cluster4-F,345,6.92,1,-2.70449448,-1.61607778,-3.48986816,0,0,0,0,1,12,36,0.0006593051,0.002377194,0,41,0
Held-Cluster4-F,345,6.92,2,-3.062087,-1.23172629,0.340867937,0,0,0,0,1,6,36,0.0006593051,0.002377194,0,41,0
Held-Cluster4-F,345,6.92,3,-2.68758845,-1.245299,-11.1609268,0,0,0,0,1,7,36,0.0006593051,0.002377194,0,41,0
Held-Cluster4-F,346,6.94,0,-3.08146071,-1.60870457,-1.888698,0,0,0,0,1,10,36,0.0006494169,0.00300406013,0,41,0
Held-Cluster4-F,346,6.94,1,-2.70449448,-1.61607778,-3.48986816,0,0,0,0,1,12,36,0.0006494169,0.00300406013,0,41,0
Held-Cluster4-F,346,6.94,2,-3.062087,-1.23172629,0.340867937,0,0,0,0,1,6,36,0.0006494169,0.00300406013,0,41,0
Held-Cluster4-F,346,6.94,3,-2.68758845,-1.245299,-11.1609268,0,0,0,0,1,7,36,0.0006494169,0.00300406013,0,41,0
Held-Cluster4-F,347,6.96,0,-3.08146071,-1.60870457,-1.888698,0,0,0,0,1,10,36,0.000461509946,0.001788634,0,41,0
Held-Cluster4-F,347,6.96,1,-2.70449448,-1.61607778,-3.48986816,0,0,0,0,1,12,36,0.000461509946,0.001788634,0,41,0
Held-Cluster4-F,347,6.96,2,-3.062087,-1.23172629,0.340867937,0,0,0,0,1,6,36,0.000461509946,0.001788634,0,41,0
Held-Cluster4-F,347,6.96,3,-2.68758845,-1.245299,-11.1609268,0,0,0,0,1,7,36,0.000461509946,0.001788634,0,41,0
Held-Cluster4-F,348,6.98,0,-3.08146071,-1.60870457,-1.888698,0,0,0,0,1,10,36,0.000716951152,0.0027769506,0,41,0
Held-Cluster4-F,348,6.98,1,-2.70449448,-1.61607778,-3.48986816,0,0,0,0,1,12,36,0.000716951152,0.0027769506,0,41,0
Held-Cluster4-F,348,6.98,2,-3.062087,-1.23172629,0.340867937,0,0,0,0,1,6,36,0.000716951152,0.0027769506,0,41,0
Held-Cluster4-F,348,6.98,3,-2.68758845,-1.245299,-11.1609268,0,0,0,0,1,7,36,0.000716951152,0.0027769506,0,41,0
Held-Cluster4-F,349,7,0,-3.08146071,-1.60870457,-1.888698,0,0,0,0,1,10,36,0.0007194662,0.00258869654,0,41,0
Held-Cluster4-F,349,7,1,-2.70449448,-1.61607778,-3.48986816,0,0,0,0,1,12,36,0.0007194662,0.00258869654,0,41,0
Held-Cluster4-F,349,7,2,-3.062087,-1.23172629,0.340867937,0,0,0,0,1,6,36,0.0007194662,0.00258869654,0,41,0
Held-Cluster4-F,349,7,3,-2.68758845,-1.245299,-11.1609268,0,0,0,0,1,7,36,0.0007194662,0.00258869654,0,41,0
Held-Cluster4-F,350,7.02,0,-3.08146071,-1.60870457,-1.888698,0,0,0,0,1,10,36,0.000434002926,0.001978215,0,41,0
Held-Cluster4-F,350,7.02,1,-2.70449448,-1.61607778,-3.48986816,0,0,0,0,1,12,36,0.000434002926,0.001978215,0,41,0
Held-Cluster4-F,350,7.02,2,-3.062087,-1.23172629,0.340867937,0,0,0,0,1,6,36,0.000434002926,0.001978215,0,41,0
Held-Cluster4-F,350,7.02,3,-2.68758845,-1.245299,-11.1609268,0,0,0,0,1,7,36,0.000434002926,0.001978215,0,41,0
Held-Cluster4-F,351,7.04,0,-3.08146071,-1.60870457,-1.888698,0,0,0,0,1,10,36,0.0010899863,0.003963714,0,41,0
Held-Cluster4-F,351,7.04,1,-2.70449448,-1.61607778,-3.48986816,0,0,0,0,1,12,36,0.0010899863,0.003963714,0,41,0
Held-Cluster4-F,351,7.04,2,-3.062087,-1.23172629,0.340867937,0,0,0,0,1,6,36,0.0010899863,0.003963714,0,41,0
Held-Cluster4-F,351,7.04,3,-2.68758845,-1.245299,-11.1609268,0,0,0,0,1,7,36,0.0010899863,0.003963714,0,41,0
Held-Cluster4-F,352,7.06,0,-3.08146071,-1.60870457,-1.888698,0,0,0,0,1,10,36,0.000490229344,0.002464097,0,41,0
Held-Cluster4-F,352,7.06,1,-2.70449448,-1.61607778,-3.48986816,0,0,0,0,1,12,36,0.000490229344,0.002464097,0,41,0
Held-Cluster4-F,352,7.06,2,-3.062087,-1.23172629,0.340867937,0,0,0,0,1,6,36,0.000490229344,0.002464097,0,41,0
Held-Cluster4-F,352,7.06,3,-2.68758845,-1.245299,-11.1609268,0,0,0,0,1,7,36,0.000490229344,0.002464097,0,41,0
Held-Cluster4-F,353,7.08,0,-3.08146071,-1.60870457,-1.888698,0,0,0,0,1,10,36,0.0005590807,0.00271500042,0,41,0
Held-Cluster4-F,353,7.08,1,-2.70449448,-1.61607778,-3.48986816,0,0,0,0,1,12,36,0.0005590807,0.00271500042,0,41,0
Held-Cluster4-F,353,7.08,2,-3.062087,-1.23172629,0.340867937,0,0,0,0,1,6,36,0.0005590807,0.00271500042,0,41,0
Held-Cluster4-F,353,7.08,3,-2.68758845,-1.245299,-11.1609268,0,0,0,0,1,7,36,0.0005590807,0.00271500042,0,41,0
Held-Cluster4-F,354,7.1,0,-3.08146071,-1.60870457,-1.888698,0,0,0,0,1,10,36,0.0004132547,0.00185648107,0,41,0
Held-Cluster4-F,354,7.1,1,-2.70449448,-1.61607778,-3.48986816,0,0,0,0,1,12,36,0.0004132547,0.00185648107,0,41,0
Held-Cluster4-F,354,7.1,2,-3.062087,-1.23172629,0.340867937,0,0,0,0,1,6,36,0.0004132547,0.00185648107,0,41,0
Held-Cluster4-F,354,7.1,3,-2.68758845,-1.245299,-11.1609268,0,0,0,0,1,7,36,0.0004132547,0.00185648107,0,41,0
Held-Cluster4-F,355,7.12,0,-3.08146071,-1.60870457,-1.888698,0,0,0,0,1,10,36,0.000509417849,0.00299262442,0,41,0
Held-Cluster4-F,355,7.12,1,-2.70449448,-1.61607778,-3.48986816,0,0,0,0,1,12,36,0.000509417849,0.00299262442,0,41,0
Held-Cluster4-F,355,7.12,2,-3.062087,-1.23172629,0.340867937,0,0,0,0,1,6,36,0.000509417849,0.00299262442,0,41,0
Held-Cluster4-F,355,7.12,3,-2.68758845,-1.245299,-11.1609268,0,0,0,0,1,7,36,0.000509417849,0.00299262442,0,41,0
Held-Cluster4-F,356,7.14,0,-3.08146071,-1.60870457,-1.888698,0,0,0,0,1,10,36,0.0007311511,0.00310886279,0,41,0
Held-Cluster4-F,356,7.14,1,-2.70449448,-1.61607778,-3.48986816,0,0,0,0,1,12,36,0.0007311511,0.00310886279,0,41,0
Held-Cluster4-F,356,7.14,2,-3.062087,-1.23172629,0.340867937,0,0,0,0,1,6,36,0.0007311511,0.00310886279,0,41,0
Held-Cluster4-F,356,7.14,3,-2.68758845,-1.245299,-11.1609268,0,0,0,0,1,7,36,0.0007311511,0.00310886279,0,41,0
Held-Cluster4-F,357,7.16,0,-3.08146071,-1.60870457,-1.888698,0,0,0,0,1,10,36,0.0004642193,0.001777928,0,41,0
Held-Cluster4-F,357,7.16,1,-2.70449448,-1.61607778,-3.48986816,0,0,0,0,1,12,36,0.0004642193,0.001777928,0,41,0
Held-Cluster4-F,357,7.16,2,-3.062087,-1.23172629,0.340867937,0,0,0,0,1,6,36,0.0004642193,0.001777928,0,41,0
Held-Cluster4-F,357,7.16,3,-2.68758845,-1.245299,-11.1609268,0,0,0,0,1,7,36,0.0004642193,0.001777928,0,41,0
Held-Cluster4-F,358,7.18,0,-3.08146071,-1.60870457,-1.888698,0,0,0,0,1,10,36,0.000396494666,0.00222433335,0,41,0
Held-Cluster4-F,358,7.18,1,-2.70449448,-1.61607778,-3.48986816,0,0,0,0,1,12,36,0.000396494666,0.00222433335,0,41,0
Held-Cluster4-F,358,7.18,2,-3.062087,-1.23172629,0.340867937,0,0,0,0,1,6,36,0.000396494666,0.00222433335,0,41,0
Held-Cluster4-F,358,7.18,3,-2.68758845,-1.245299,-11.1609268,0,0,0,0,1,7,36,0.000396494666,0.00222433335,0,41,0
Held-Cluster4-F,359,7.2,0,-3.08146071,-1.60870457,-1.888698,0,0,0,0,1,10,36,0.000479292154,0.00314071984,0,41,0
Held-Cluster4-F,359,7.2,1,-2.70449448,-1.61607778,-3.48986816,0,0,0,0,1,12,36,0.000479292154,0.00314071984,0,41,0
Held-Cluster4-F,359,7.2,2,-3.062087,-1.23172629,0.340867937,0,0,0,0,1,6,36,0.000479292154,0.00314071984,0,41,0
Held-Cluster4-F,359,7.2,3,-2.68758845,-1.245299,-11.1609268,0,0,0,0,1,7,36,0.000479292154,0.00314071984,0,41,0
Held-Cluster4-F,360,7.22,0,-3.08146071,-1.60870457,-1.888698,0,0,0,0,1,10,36,0.0005689178,0.002722147,0,41,0
Held-Cluster4-F,360,7.22,1,-2.70449448,-1.61607778,-3.48986816,0,0,0,0,1,12,36,0.0005689178,0.002722147,0,41,0
Held-Cluster4-F,360,7.22,2,-3.062087,-1.23172629,0.340867937,0,0,0,0,1,6,36,0.0005689178,0.002722147,0,41,0
Held-Cluster4-F,360,7.22,3,-2.68758845,-1.245299,-11.1609268,0,0,0,0,1,7,36,0.0005689178,0.002722147,0,41,0
Held-Cluster4-F,361,7.24,0,-3.08146071,-1.60870457,-1.888698,0,0,0,0,1,10,36,0.000494322157,0.00267104176,0,41,0
Held-Cluster4-F,361,7.24,1,-2.70449448,-1.61607778,-3.48986816,0,0,0,0,1,12,36,0.000494322157,0.00267104176,0,41,0
Held-Cluster4-F,361,7.24,2,-3.062087,-1.23172629,0.340867937,0,0,0,0,1,6,36,0.000494322157,0.00267104176,0,41,0
Held-Cluster4-F,361,7.24,3,-2.68758845,-1.245299,-11.1609268,0,0,0,0,1,7,36,0.000494322157,0.00267104176,0,41,0
Held-Cluster4-F,362,7.25999975,0,-3.08146071,-1.60870457,-1.888698,0,0,0,0,1,10,36,0.0004643745,0.00143547892,0,41,0
Held-Cluster4-F,362,7.25999975,1,-2.70449448,-1.61607778,-3.48986816,0,0,0,0,1,12,36,0.0004643745,0.00143547892,0,41,0
Held-Cluster4-F,362,7.25999975,2,-3.062087,-1.23172629,0.340867937,0,0,0,0,1,6,36,0.0004643745,0.00143547892,0,41,0
Held-Cluster4-F,362,7.25999975,3,-2.68758845,-1.245299,-11.1609268,0,0,0,0,1,7,36,0.0004643745,0.00143547892,0,41,0
Held-Cluster4-F,363,7.27999973,0,-3.08146071,-1.60870457,-1.888698,0,0,0,0,1,10,36,0.000481914438,0.002458797,0,41,0
Held-Cluster4-F,363,7.27999973,1,-2.70449448,-1.61607778,-3.48986816,0,0,0,0,1,12,36,0.000481914438,0.002458797,0,41,0
Held-Cluster4-F,363,7.27999973,2,-3.062087,-1.23172629,0.340867937,0,0,0,0,1,6,36,0.000481914438,0.002458797,0,41,0
Held-Cluster4-F,363,7.27999973,3,-2.68758845,-1.245299,-11.1609268,0,0,0,0,1,7,36,0.000481914438,0.002458797,0,41,0
Held-Cluster4-F,364,7.29999971,0,-3.08146071,-1.60870457,-1.888698,0,0,0,0,1,10,36,0.000519803667,0.00268293777,0,41,0
Held-Cluster4-F,364,7.29999971,1,-2.70449448,-1.61607778,-3.48986816,0,0,0,0,1,12,36,0.000519803667,0.00268293777,0,41,0
Held-Cluster4-F,364,7.29999971,2,-3.062087,-1.23172629,0.340867937,0,0,0,0,1,6,36,0.000519803667,0.00268293777,0,41,0
Held-Cluster4-F,364,7.29999971,3,-2.68758845,-1.245299,-11.1609268,0,0,0,0,1,7,36,0.000519803667,0.00268293777,0,41,0
Held-Cluster4-F,365,7.31999969,0,-3.08146071,-1.60870457,-1.888698,0,0,0,0,1,10,36,0.0005680577,0.00267136912,0,41,0
Held-Cluster4-F,365,7.31999969,1,-2.70449448,-1.61607778,-3.48986816,0,0,0,0,1,12,36,0.0005680577,0.00267136912,0,41,0
Held-Cluster4-F,365,7.31999969,2,-3.062087,-1.23172629,0.340867937,0,0,0,0,1,6,36,0.0005680577,0.00267136912,0,41,0
Held-Cluster4-F,365,7.31999969,3,-2.68758845,-1.245299,-11.1609268,0,0,0,0,1,7,36,0.0005680577,0.00267136912,0,41,0
Held-Cluster4-F,366,7.33999968,0,-3.08146071,-1.60870457,-1.888698,0,0,0,0,1,10,36,0.0004951064,0.0031419592,0,41,0
Held-Cluster4-F,366,7.33999968,1,-2.70449448,-1.61607778,-3.48986816,0,0,0,0,1,12,36,0.0004951064,0.0031419592,0,41,0
Held-Cluster4-F,366,7.33999968,2,-3.062087,-1.23172629,0.340867937,0,0,0,0,1,6,36,0.0004951064,0.0031419592,0,41,0
Held-Cluster4-F,366,7.33999968,3,-2.68758845,-1.245299,-11.1609268,0,0,0,0,1,7,36,0.0004951064,0.0031419592,0,41,0
Held-Cluster4-F,367,7.35999966,0,-3.08146071,-1.60870457,-1.888698,0,0,0,0,1,10,36,0.0006649773,0.00388578116,0,41,0
Held-Cluster4-F,367,7.35999966,1,-2.70449448,-1.61607778,-3.48986816,0,0,0,0,1,12,36,0.0006649773,0.00388578116,0,41,0
Held-Cluster4-F,367,7.35999966,2,-3.062087,-1.23172629,0.340867937,0,0,0,0,1,6,36,0.0006649773,0.00388578116,0,41,0
Held-Cluster4-F,367,7.35999966,3,-2.68758845,-1.245299,-11.1609268,0,0,0,0,1,7,36,0.0006649773,0.00388578116,0,41,0
Held-Cluster4-F,368,7.37999964,0,-3.08146071,-1.60870457,-1.888698,0,0,0,0,1,10,36,0.00068860047,0.003742103,0,41,0
Held-Cluster4-F,368,7.37999964,1,-2.70449448,-1.61607778,-3.48986816,0,0,0,0,1,12,36,0.00068860047,0.003742103,0,41,0
Held-Cluster4-F,368,7.37999964,2,-3.062087,-1.23172629,0.340867937,0,0,0,0,1,6,36,0.00068860047,0.003742103,0,41,0
Held-Cluster4-F,368,7.37999964,3,-2.68758845,-1.245299,-11.1609268,0,0,0,0,1,7,36,0.00068860047,0.003742103,0,41,0
Held-Cluster4-F,369,7.39999962,0,-3.08146071,-1.60870457,-1.888698,0,0,0,0,1,10,36,0.0005107424,0.00330008147,0,41,0
Held-Cluster4-F,369,7.39999962,1,-2.70449448,-1.61607778,-3.48986816,0,0,0,0,1,12,36,0.0005107424,0.00330008147,0,41,0
Held-Cluster4-F,369,7.39999962,2,-3.062087,-1.23172629,0.340867937,0,0,0,0,1,6,36,0.0005107424,0.00330008147,0,41,0
Held-Cluster4-F,369,7.39999962,3,-2.68758845,-1.245299,-11.1609268,0,0,0,0,1,7,36,0.0005107424,0.00330008147,0,41,0
Held-Cluster4-F,370,7.4199996,0,-3.08146071,-1.60870457,-1.888698,0,0,0,0,1,10,36,0.000682111,0.00268282369,0,41,0
Held-Cluster4-F,370,7.4199996,1,-2.70449448,-1.61607778,-3.48986816,0,0,0,0,1,12,36,0.000682111,0.00268282369,0,41,0
Held-Cluster4-F,370,7.4199996,2,-3.062087,-1.23172629,0.340867937,0,0,0,0,1,6,36,0.000682111,0.00268282369,0,41,0
Held-Cluster4-F,370,7.4199996,3,-2.68758845,-1.245299,-11.1609268,0,0,0,0,1,7,36,0.000682111,0.00268282369,0,41,0
Held-Cluster4-F,371,7.44,0,-3.08146071,-1.60870457,-1.888698,0,0,0,0,1,10,36,0.000786422752,0.00345961377,0,41,0
Held-Cluster4-F,371,7.44,1,-2.70449448,-1.61607778,-3.48986816,0,0,0,0,1,12,36,0.000786422752,0.00345961377,0,41,0
Held-Cluster4-F,371,7.44,2,-3.062087,-1.23172629,0.340867937,0,0,0,0,1,6,36,0.000786422752,0.00345961377,0,41,0
Held-Cluster4-F,371,7.44,3,-2.68758845,-1.245299,-11.1609268,0,0,0,0,1,7,36,0.000786422752,0.00345961377,0,41,0
Held-Cluster4-F,372,7.46,0,-3.08146071,-1.60870457,-1.888698,0,0,0,0,1,10,36,0.0004743083,0.00235217321,0,41,0
Held-Cluster4-F,372,7.46,1,-2.70449448,-1.61607778,-3.48986816,0,0,0,0,1,12,36,0.0004743083,0.00235217321,0,41,0
Held-Cluster4-F,372,7.46,2,-3.062087,-1.23172629,0.340867937,0,0,0,0,1,6,36,0.0004743083,0.00235217321,0,41,0
Held-Cluster4-F,372,7.46,3,-2.68758845,-1.245299,-11.1609268,0,0,0,0,1,7,36,0.0004743083,0.00235217321,0,41,0
Held-Cluster4-F,373,7.48,0,-3.08146071,-1.60870457,-1.888698,0,0,0,0,1,10,36,0.000437704148,0.00161215256,0,41,0
Held-Cluster4-F,373,7.48,1,-2.70449448,-1.61607778,-3.48986816,0,0,0,0,1,12,36,0.000437704148,0.00161215256,0,41,0
Held-Cluster4-F,373,7.48,2,-3.062087,-1.23172629,0.340867937,0,0,0,0,1,6,36,0.000437704148,0.00161215256,0,41,0
Held-Cluster4-F,373,7.48,3,-2.68758845,-1.245299,-11.1609268,0,0,0,0,1,7,36,0.000437704148,0.00161215256,0,41,0
Held-Cluster4-F,374,7.5,0,-3.08146071,-1.60870457,-1.888698,0,0,0,0,1,10,36,0.0006751008,0.00285957661,0,41,0
Held-Cluster4-F,374,7.5,1,-2.70449448,-1.61607778,-3.48986816,0,0,0,0,1,12,36,0.0006751008,0.00285957661,0,41,0
Held-Cluster4-F,374,7.5,2,-3.062087,-1.23172629,0.340867937,0,0,0,0,1,6,36,0.0006751008,0.00285957661,0,41,0
Held-Cluster4-F,374,7.5,3,-2.68758845,-1.245299,-11.1609268,0,0,0,0,1,7,36,0.0006751008,0.00285957661,0,41,0
Held-Cluster4-F,375,7.52,0,-3.08146071,-1.60870457,-1.888698,0,0,0,0,1,10,36,0.0005092349,0.00203452166,0,41,0
Held-Cluster4-F,375,7.52,1,-2.70449448,-1.61607778,-3.48986816,0,0,0,0,1,12,36,0.0005092349,0.00203452166,0,41,0
Held-Cluster4-F,375,7.52,2,-3.062087,-1.23172629,0.340867937,0,0,0,0,1,6,36,0.0005092349,0.00203452166,0,41,0
Held-Cluster4-F,375,7.52,3,-2.68758845,-1.245299,-11.1609268,0,0,0,0,1,7,36,0.0005092349,0.00203452166,0,41,0
Held-Cluster4-F,376,7.54,0,-3.08146071,-1.60870457,-1.888698,0,0,0,0,1,10,36,0.000509482168,0.00215733913,0,41,0
Held-Cluster4-F,376,7.54,1,-2.70449448,-1.61607778,-3.48986816,0,0,0,0,1,12,36,0.000509482168,0.00215733913,0,41,0
Held-Cluster4-F,376,7.54,2,-3.062087,-1.23172629,0.340867937,0,0,0,0,1,6,36,0.000509482168,0.00215733913,0,41,0
Held-Cluster4-F,376,7.54,3,-2.68758845,-1.245299,-11.1609268,0,0,0,0,1,7,36,0.000509482168,0.00215733913,0,41,0
Held-Cluster4-F,377,7.56,0,-3.08146071,-1.60870457,-1.888698,0,0,0,0,1,10,36,0.00100068725,0.00413251249,0,41,0
Held-Cluster4-F,377,7.56,1,-2.70449448,-1.61607778,-3.48986816,0,0,0,0,1,12,36,0.00100068725,0.00413251249,0,41,0
Held-Cluster4-F,377,7.56,2,-3.062087,-1.23172629,0.340867937,0,0,0,0,1,6,36,0.00100068725,0.00413251249,0,41,0
Held-Cluster4-F,377,7.56,3,-2.68758845,-1.245299,-11.1609268,0,0,0,0,1,7,36,0.00100068725,0.00413251249,0,41,0
Held-Cluster4-F,378,7.58,0,-3.08146071,-1.60870457,-1.888698,0,0,0,0,1,10,36,0.0006057012,0.00278046681,0,41,0
Held-Cluster4-F,378,7.58,1,-2.70449448,-1.61607778,-3.48986816,0,0,0,0,1,12,36,0.0006057012,0.00278046681,0,41,0
Held-Cluster4-F,378,7.58,2,-3.062087,-1.23172629,0.340867937,0,0,0,0,1,6,36,0.0006057012,0.00278046681,0,41,0
Held-Cluster4-F,378,7.58,3,-2.68758845,-1.245299,-11.1609268,0,0,0,0,1,7,36,0.0006057012,0.00278046681,0,41,0
Held-Cluster4-F,379,7.6,0,-3.08146071,-1.60870457,-1.888698,0,0,0,0,1,10,36,0.0007336717,0.00314340787,0,41,0
Held-Cluster4-F,379,7.6,1,-2.70449448,-1.61607778,-3.48986816,0,0,0,0,1,12,36,0.0007336717,0.00314340787,0,41,0
Held-Cluster4-F,379,7.6,2,-3.062087,-1.23172629,0.340867937,0,0,0,0,1,6,36,0.0007336717,0.00314340787,0,41,0
Held-Cluster4-F,379,7.6,3,-2.68758845,-1.245299,-11.1609268,0,0,0,0,1,7,36,0.0007336717,0.00314340787,0,41,0
Held-Cluster4-F,380,7.62,0,-3.08146071,-1.60870457,-1.888698,0,0,0,0,1,10,36,0.0009407283,0.00404351,0,41,0
Held-Cluster4-F,380,7.62,1,-2.70449448,-1.61607778,-3.48986816,0,0,0,0,1,12,36,0.0009407283,0.00404351,0,41,0
Held-Cluster4-F,380,7.62,2,-3.062087,-1.23172629,0.340867937,0,0,0,0,1,6,36,0.0009407283,0.00404351,0,41,0
Held-Cluster4-F,380,7.62,3,-2.68758845,-1.245299,-11.1609268,0,0,0,0,1,7,36,0.0009407283,0.00404351,0,41,0
Held-Cluster4-F,381,7.64,0,-3.08146071,-1.60870457,-1.888698,0,0,0,0,1,10,36,0.00049994624,0.002794531,0,41,0
Held-Cluster4-F,381,7.64,1,-2.70449448,-1.61607778,-3.48986816,0,0,0,0,1,12,36,0.00049994624,0.002794531,0,41,0
Held-Cluster4-F,381,7.64,2,-3.062087,-1.23172629,0.340867937,0,0,0,0,1,6,36,0.00049994624,0.002794531,0,41,0
Held-Cluster4-F,381,7.64,3,-2.68758845,-1.245299,-11.1609268,0,0,0,0,1,7,36,0.00049994624,0.002794531,0,41,0
Held-Cluster4-F,382,7.66,0,-3.08146071,-1.60870457,-1.888698,0,0,0,0,1,10,36,0.0007734212,0.00301252725,0,41,0
Held-Cluster4-F,382,7.66,1,-2.70449448,-1.61607778,-3.48986816,0,0,0,0,1,12,36,0.0007734212,0.00301252725,0,41,0
Held-Cluster4-F,382,7.66,2,-3.062087,-1.23172629,0.340867937,0,0,0,0,1,6,36,0.0007734212,0.00301252725,0,41,0
Held-Cluster4-F,382,7.66,3,-2.68758845,-1.245299,-11.1609268,0,0,0,0,1,7,36,0.0007734212,0.00301252725,0,41,0
Held-Cluster4-F,383,7.68,0,-3.08146071,-1.60870457,-1.888698,0,0,0,0,1,10,36,0.0007701802,0.00301226927,0,41,0
Held-Cluster4-F,383,7.68,1,-2.70449448,-1.61607778,-3.48986816,0,0,0,0,1,12,36,0.0007701802,0.00301226927,0,41,0
Held-Cluster4-F,383,7.68,2,-3.062087,-1.23172629,0.340867937,0,0,0,0,1,6,36,0.0007701802,0.00301226927,0,41,0
Held-Cluster4-F,383,7.68,3,-2.68758845,-1.245299,-11.1609268,0,0,0,0,1,7,36,0.0007701802,0.00301226927,0,41,0
Held-Cluster4-F,384,7.7,0,-3.08146071,-1.60870457,-1.888698,0,0,0,0,1,10,36,0.0005628811,0.00220042677,0,41,0
Held-Cluster4-F,384,7.7,1,-2.70449448,-1.61607778,-3.48986816,0,0,0,0,1,12,36,0.0005628811,0.00220042677,0,41,0
Held-Cluster4-F,384,7.7,2,-3.062087,-1.23172629,0.340867937,0,0,0,0,1,6,36,0.0005628811,0.00220042677,0,41,0
Held-Cluster4-F,384,7.7,3,-2.68758845,-1.245299,-11.1609268,0,0,0,0,1,7,36,0.0005628811,0.00220042677,0,41,0
Held-Cluster4-F,385,7.72,0,-3.08146071,-1.60870457,-1.888698,0,0,0,0,1,10,36,0.0007713598,0.003094885,0,41,0
Held-Cluster4-F,385,7.72,1,-2.70449448,-1.61607778,-3.48986816,0,0,0,0,1,12,36,0.0007713598,0.003094885,0,41,0
Held-Cluster4-F,385,7.72,2,-3.062087,-1.23172629,0.340867937,0,0,0,0,1,6,36,0.0007713598,0.003094885,0,41,0
Held-Cluster4-F,385,7.72,3,-2.68758845,-1.245299,-11.1609268,0,0,0,0,1,7,36,0.0007713598,0.003094885,0,41,0
Held-Cluster4-F,386,7.74,0,-3.08146071,-1.60870457,-1.888698,0,0,0,0,1,10,36,0.000517533743,0.001942694,0,41,0
Held-Cluster4-F,386,7.74,1,-2.70449448,-1.61607778,-3.48986816,0,0,0,0,1,12,36,0.000517533743,0.001942694,0,41,0
Held-Cluster4-F,386,7.74,2,-3.062087,-1.23172629,0.340867937,0,0,0,0,1,6,36,0.000517533743,0.001942694,0,41,0
Held-Cluster4-F,386,7.74,3,-2.68758845,-1.245299,-11.1609268,0,0,0,0,1,7,36,0.000517533743,0.001942694,0,41,0
Held-Cluster4-F,387,7.75999975,0,-3.08146071,-1.60870457,-1.888698,0,0,0,0,1,10,36,0.0008216341,0.00322405738,0,41,0
Held-Cluster4-F,387,7.75999975,1,-2.70449448,-1.61607778,-3.48986816,0,0,0,0,1,12,36,0.0008216341,0.00322405738,0,41,0
Held-Cluster4-F,387,7.75999975,2,-3.062087,-1.23172629,0.340867937,0,0,0,0,1,6,36,0.0008216341,0.00322405738,0,41,0
Held-Cluster4-F,387,7.75999975,3,-2.68758845,-1.245299,-11.1609268,0,0,0,0,1,7,36,0.0008216341,0.00322405738,0,41,0
Held-Cluster4-F,388,7.77999973,0,-3.08146071,-1.60870457,-1.888698,0,0,0,0,1,10,36,0.000589658448,0.00299531431,0,41,0
Held-Cluster4-F,388,7.77999973,1,-2.70449448,-1.61607778,-3.48986816,0,0,0,0,1,12,36,0.000589658448,0.00299531431,0,41,0
Held-Cluster4-F,388,7.77999973,2,-3.062087,-1.23172629,0.340867937,0,0,0,0,1,6,36,0.000589658448,0.00299531431,0,41,0
Held-Cluster4-F,388,7.77999973,3,-2.68758845,-1.245299,-11.1609268,0,0,0,0,1,7,36,0.000589658448,0.00299531431,0,41,0
Held-Cluster4-F,389,7.79999971,0,-3.08146071,-1.60870457,-1.888698,0,0,0,0,1,10,36,0.000558199245,0.002514405,0,41,0
Held-Cluster4-F,389,7.79999971,1,-2.70449448,-1.61607778,-3.48986816,0,0,0,0,1,12,36,0.000558199245,0.002514405,0,41,0
Held-Cluster4-F,389,7.79999971,2,-3.062087,-1.23172629,0.340867937,0,0,0,0,1,6,36,0.000558199245,0.002514405,0,41,0
Held-Cluster4-F,389,7.79999971,3,-2.68758845,-1.245299,-11.1609268,0,0,0,0,1,7,36,0.000558199245,0.002514405,0,41,0
Held-Cluster4-F,390,7.81999969,0,-3.08146071,-1.60870457,-1.888698,0,0,0,0,1,10,36,0.0011520572,0.004212604,0,41,0
Held-Cluster4-F,390,7.81999969,1,-2.70449448,-1.61607778,-3.48986816,0,0,0,0,1,12,36,0.0011520572,0.004212604,0,41,0
Held-Cluster4-F,390,7.81999969,2,-3.062087,-1.23172629,0.340867937,0,0,0,0,1,6,36,0.0011520572,0.004212604,0,41,0
Held-Cluster4-F,390,7.81999969,3,-2.68758845,-1.245299,-11.1609268,0,0,0,0,1,7,36,0.0011520572,0.004212604,0,41,0
Held-Cluster4-F,391,7.83999968,0,-3.08146071,-1.60870457,-1.888698,0,0,0,0,1,10,36,0.0005348219,0.00246837549,0,41,0
Held-Cluster4-F,391,7.83999968,1,-2.70449448,-1.61607778,-3.48986816,0,0,0,0,1,12,36,0.0005348219,0.00246837549,0,41,0
Held-Cluster4-F,391,7.83999968,2,-3.062087,-1.23172629,0.340867937,0,0,0,0,1,6,36,0.0005348219,0.00246837549,0,41,0
Held-Cluster4-F,391,7.83999968,3,-2.68758845,-1.245299,-11.1609268,0,0,0,0,1,7,36,0.0005348219,0.00246837549,0,41,0
Held-Cluster4-F,392,7.85999966,0,-3.08146071,-1.60870457,-1.888698,0,0,0,0,1,10,36,0.0006370737,0.00280319387,0,41,0
Held-Cluster4-F,392,7.85999966,1,-2.70449448,-1.61607778,-3.48986816,0,0,0,0,1,12,36,0.0006370737,0.00280319387,0,41,0
Held-Cluster4-F,392,7.85999966,2,-3.062087,-1.23172629,0.340867937,0,0,0,0,1,6,36,0.0006370737,0.00280319387,0,41,0
Held-Cluster4-F,392,7.85999966,3,-2.68758845,-1.245299,-11.1609268,0,0,0,0,1,7,36,0.0006370737,0.00280319387,0,41,0
Held-Cluster4-F,393,7.87999964,0,-3.08146071,-1.60870457,-1.888698,0,0,0,0,1,10,36,0.0005249113,0.00237687677,0,41,0
Held-Cluster4-F,393,7.87999964,1,-2.70449448,-1.61607778,-3.48986816,0,0,0,0,1,12,36,0.0005249113,0.00237687677,0,41,0
Held-Cluster4-F,393,7.87999964,2,-3.062087,-1.23172629,0.340867937,0,0,0,0,1,6,36,0.0005249113,0.00237687677,0,41,0
Held-Cluster4-F,393,7.87999964,3,-2.68758845,-1.245299,-11.1609268,0,0,0,0,1,7,36,0.0005249113,0.00237687677,0,41,0
Held-Cluster4-F,394,7.89999962,0,-3.08146071,-1.60870457,-1.888698,0,0,0,0,1,10,36,0.0004424522,0.00229454786,0,41,0
Held-Cluster4-F,394,7.89999962,1,-2.70449448,-1.61607778,-3.48986816,0,0,0,0,1,12,36,0.0004424522,0.00229454786,0,41,0
Held-Cluster4-F,394,7.89999962,2,-3.062087,-1.23172629,0.340867937,0,0,0,0,1,6,36,0.0004424522,0.00229454786,0,41,0
Held-Cluster4-F,394,7.89999962,3,-2.68758845,-1.245299,-11.1609268,0,0,0,0,1,7,36,0.0004424522,0.00229454786,0,41,0
Held-Cluster4-F,395,7.9199996,0,-3.08146071,-1.60870457,-1.888698,0,0,0,0,1,10,36,0.000512264553,0.00211142213,0,41,0
Held-Cluster4-F,395,7.9199996,1,-2.70449448,-1.61607778,-3.48986816,0,0,0,0,1,12,36,0.000512264553,0.00211142213,0,41,0
Held-Cluster4-F,395,7.9199996,2,-3.062087,-1.23172629,0.340867937,0,0,0,0,1,6,36,0.000512264553,0.00211142213,0,41,0
Held-Cluster4-F,395,7.9199996,3,-2.68758845,-1.245299,-11.1609268,0,0,0,0,1,7,36,0.000512264553,0.00211142213,0,41,0
Held-Cluster4-F,396,7.94,0,-3.08146071,-1.60870457,-1.888698,0,0,0,0,1,10,36,0.000439627183,0.00195217517,0,41,0
Held-Cluster4-F,396,7.94,1,-2.70449448,-1.61607778,-3.48986816,0,0,0,0,1,12,36,0.000439627183,0.00195217517,0,41,0
Held-Cluster4-F,396,7.94,2,-3.062087,-1.23172629,0.340867937,0,0,0,0,1,6,36,0.000439627183,0.00195217517,0,41,0
Held-Cluster4-F,396,7.94,3,-2.68758845,-1.245299,-11.1609268,0,0,0,0,1,7,36,0.000439627183,0.00195217517,0,41,0
Held-Cluster4-F,397,7.96,0,-3.08146071,-1.60870457,-1.888698,0,0,0,0,1,10,36,0.000452095555,0.00228975085,0,41,0
Held-Cluster4-F,397,7.96,1,-2.70449448,-1.61607778,-3.48986816,0,0,0,0,1,12,36,0.000452095555,0.00228975085,0,41,0
Held-Cluster4-F,397,7.96,2,-3.062087,-1.23172629,0.340867937,0,0,0,0,1,6,36,0.000452095555,0.00228975085,0,41,0
Held-Cluster4-F,397,7.96,3,-2.68758845,-1.245299,-11.1609268,0,0,0,0,1,7,36,0.000452095555,0.00228975085,0,41,0
Held-Cluster4-F,398,7.98,0,-3.08146071,-1.60870457,-1.888698,0,0,0,0,1,10,36,0.000531683152,0.00253784214,0,41,0
Held-Cluster4-F,398,7.98,1,-2.70449448,-1.61607778,-3.48986816,0,0,0,0,1,12,36,0.000531683152,0.00253784214,0,41,0
Held-Cluster4-F,398,7.98,2,-3.062087,-1.23172629,0.340867937,0,0,0,0,1,6,36,0.000531683152,0.00253784214,0,41,0
Held-Cluster4-F,398,7.98,3,-2.68758845,-1.245299,-11.1609268,0,0,0,0,1,7,36,0.000531683152,0.00253784214,0,41,0
Held-Cluster4-F,399,8,0,-3.08146071,-1.60870457,-1.888698,0,0,0,0,1,10,36,0.0005740706,0.003847873,0,41,0
Held-Cluster4-F,399,8,1,-2.70449448,-1.61607778,-3.48986816,0,0,0,0,1,12,36,0.0005740706,0.003847873,0,41,0
Held-Cluster4-F,399,8,2,-3.062087,-1.23172629,0.340867937,0,0,0,0,1,6,36,0.0005740706,0.003847873,0,41,0
Held-Cluster4-F,399,8,3,-2.68758845,-1.245299,-11.1609268,0,0,0,0,1,7,36,0.0005740706,0.003847873,0,41,0
Held-FixedSingle-F,300,6.02,0,-2.903136,-1.51917422,0,0,0,0,0,1,0,29,0.00140688475,0.005800587,0,40.5,0
Held-FixedSingle-F,301,6.04,0,-2.903136,-1.51917422,0,0,0,0,0,1,0,29,0.00133899669,0.0055778,0,40.5,0
Held-FixedSingle-F,302,6.06,0,-2.903136,-1.51917422,0,0,0,0,0,1,0,29,0.00125992415,0.005300637,0,40.5,0
Held-FixedSingle-F,303,6.08,0,-2.903136,-1.51917422,0,0,0,0,0,1,0,29,0.00119616906,0.005075121,0,40.5,0
Held-FixedSingle-F,304,6.1,0,-2.903136,-1.51917422,0,0,0,0,0,1,0,29,0.00110893475,0.004786525,0,40.5,0
Held-FixedSingle-F,305,6.12,0,-2.903136,-1.51917422,0,0,0,0,0,1,0,29,0.00103819452,0.00437535346,0,40.5,0
Held-FixedSingle-F,306,6.14,0,-2.903136,-1.51917422,0,0,0,0,0,1,0,29,0.000968372333,0.00406973949,0,40.5,0
Held-FixedSingle-F,307,6.16,0,-2.903136,-1.51917422,0,0,0,0,0,1,0,29,0.000901907333,0.00374686741,0,40.5,0
Held-FixedSingle-F,308,6.18,0,-2.903136,-1.51917422,0,0,0,0,0,1,0,29,0.000840176945,0.00345899188,0,40.5,0
Held-FixedSingle-F,309,6.2,0,-2.903136,-1.51917422,0,0,0,0,0,1,0,29,0.0007753943,0.00339385518,0,40.5,0
Held-FixedSingle-F,310,6.22,0,-2.903136,-1.51917422,0,0,0,0,0,1,0,29,0.0007228201,0.00320472242,0,40.5,0
Held-FixedSingle-F,311,6.24,0,-2.903136,-1.51917422,0,0,0,0,0,1,0,29,0.0006645775,0.00288590533,0,40.5,0
Held-FixedSingle-F,312,6.25999975,0,-2.903136,-1.51917422,0,0,0,0,0,1,0,29,0.0006435096,0.00273824716,0,40.5,0
Held-FixedSingle-F,313,6.27999973,0,-2.903136,-1.51917422,0,0,0,0,0,1,0,29,0.000580458553,0.002382914,0,40.5,0
Held-FixedSingle-F,314,6.29999971,0,-2.903136,-1.51917422,0,0,0,0,0,1,0,29,0.0005705214,0.00228352263,0,40.5,0
Held-FixedSingle-F,315,6.31999969,0,-2.903136,-1.51917422,0,0,0,0,0,1,0,29,0.0005171313,0.00202841428,0,40.5,0
Held-FixedSingle-F,316,6.33999968,0,-2.903136,-1.51917422,0,0,0,0,0,1,0,29,0.000509251258,0.00193994073,0,40.5,0
Held-FixedSingle-F,317,6.35999966,0,-2.903136,-1.51917422,0,0,0,0,0,1,0,29,0.000439845462,0.00162184576,0,40.5,0
Held-FixedSingle-F,318,6.37999964,0,-2.903136,-1.51917422,0,0,0,0,0,1,0,29,0.0004291531,0.00139918877,0,40.5,0
Held-FixedSingle-F,319,6.39999962,0,-2.903136,-1.51917422,0,0,0,0,0,1,0,29,0.0003727092,0.00135633873,0,40.5,0
Held-FixedSingle-F,320,6.42,0,-2.903136,-1.51917422,0,0,0,0,0,1,0,29,0.00035887555,0.001182109,0,40.5,0
Held-FixedSingle-F,321,6.44,0,-2.903136,-1.51917422,0,0,0,0,0,1,0,29,0.000340561062,0.00108014164,0,40.5,0
Held-FixedSingle-F,322,6.46,0,-2.903136,-1.51917422,0,0,0,0,0,1,0,29,0.0003289566,0.00100017455,0,40.5,0
Held-FixedSingle-F,323,6.48,0,-2.903136,-1.51917422,0,0,0,0,0,1,0,29,0.000314618257,0.000870780554,0,40.5,0
Held-FixedSingle-F,324,6.5,0,-2.903136,-1.51917422,0,0,0,0,0,1,0,29,0.0003002456,0.000794519146,0,40.5,0
Held-FixedSingle-F,325,6.52,0,-2.903136,-1.51917422,0,0,0,0,0,1,0,29,0.00028745638,0.000755528,0,40.5,0
Held-FixedSingle-F,326,6.54,0,-2.903136,-1.51917422,0,0,0,0,0,1,0,29,0.0002821909,0.00075606833,0,40.5,0
Held-FixedSingle-F,327,6.56,0,-2.903136,-1.51917422,0,0,0,0,0,1,0,29,0.000282213121,0.000760668539,0,40.5,0
Held-FixedSingle-F,328,6.58,0,-2.903136,-1.51917422,0,0,0,0,0,1,0,29,0.000277823,0.000749603845,0,40.5,0
Held-FixedSingle-F,329,6.6,0,-2.903136,-1.51917422,0,0,0,0,0,1,0,29,0.000269620534,0.000740189455,0,40.5,0
Held-FixedSingle-F,330,6.62,0,-2.903136,-1.51917422,0,0,0,0,0,1,0,29,0.000267515978,0.000703651749,0,40.5,0
Held-FixedSingle-F,331,6.64,0,-2.903136,-1.51917422,0,0,0,0,0,1,0,29,0.000266759482,0.0007203517,0,40.5,0
Held-FixedSingle-F,332,6.66,0,-2.903136,-1.51917422,0,0,0,0,0,1,0,29,0.000252854341,0.000710117165,0,40.5,0
Held-FixedSingle-F,333,6.68,0,-2.903136,-1.51917422,0,0,0,0,0,1,0,29,0.0002574935,0.0007229464,0,40.5,0
Held-FixedSingle-F,334,6.7,0,-2.903136,-1.51917422,0,0,0,0,0,1,0,29,0.000258556218,0.0007112257,0,40.5,0
Held-FixedSingle-F,335,6.72,0,-2.903136,-1.51917422,0,0,0,0,0,1,0,29,0.000256774278,0.0006981896,0,40.5,0
Held-FixedSingle-F,336,6.74,0,-2.903136,-1.51917422,0,0,0,0,0,1,0,29,0.0002545899,0.0006963864,0,40.5,0
Held-FixedSingle-F,337,6.75999975,0,-2.903136,-1.51917422,0,0,0,0,0,1,0,29,0.00025066582,0.000695308147,0,40.5,0
Held-FixedSingle-F,338,6.77999973,0,-2.903136,-1.51917422,0,0,0,0,0,1,0,29,0.000238889072,0.0006567832,0,40.5,0
Held-FixedSingle-F,339,6.79999971,0,-2.903136,-1.51917422,0,0,0,0,0,1,0,29,0.000242083217,0.0007023319,0,40.5,0
Held-FixedSingle-F,340,6.81999969,0,-2.903136,-1.51917422,0,0,0,0,0,1,0,29,0.000235707659,0.0006754712,0,40.5,0
Held-FixedSingle-F,341,6.83999968,0,-2.903136,-1.51917422,0,0,0,0,0,1,0,29,0.0002268874,0.0006996657,0,40.5,0
Held-FixedSingle-F,342,6.85999966,0,-2.903136,-1.51917422,0,0,0,0,0,1,0,29,0.000220055736,0.00066183426,0,40.5,0
Held-FixedSingle-F,343,6.87999964,0,-2.903136,-1.51917422,0,0,0,0,0,1,0,29,0.000217039575,0.0006710476,0,40.5,0
Held-FixedSingle-F,344,6.89999962,0,-2.903136,-1.51917422,0,0,0,0,0,1,0,29,0.000215601656,0.0006965516,0,40.5,0
Held-FixedSingle-F,345,6.92,0,-2.903136,-1.51917422,0,0,0,0,0,1,0,29,0.000209460151,0.0006801325,0,40.5,0
Held-FixedSingle-F,346,6.94,0,-2.903136,-1.51917422,0,0,0,0,0,1,0,29,0.000207385616,0.000703368452,0,40.5,0
Held-FixedSingle-F,347,6.96,0,-2.903136,-1.51917422,0,0,0,0,0,1,0,29,0.0002080926,0.00070305384,0,40.5,0
Held-FixedSingle-F,348,6.98,0,-2.903136,-1.51917422,0,0,0,0,0,1,0,29,0.00020157166,0.0007161138,0,40.5,0
Held-FixedSingle-F,349,7,0,-2.903136,-1.51917422,0,0,0,0,0,1,0,29,0.0001949513,0.0007146725,0,40.5,0
Held-FixedSingle-F,350,7.02,0,-2.903136,-1.51917422,0,0,0,0,0,1,0,29,0.000195859073,0.00067821116,0,40.5,0
Held-FixedSingle-F,351,7.04,0,-2.903136,-1.51917422,0,0,0,0,0,1,0,29,0.000187831713,0.000701579032,0,40.5,0
Held-FixedSingle-F,352,7.06,0,-2.903136,-1.51917422,0,0,0,0,0,1,0,29,0.000190698425,0.0006792659,0,40.5,0
Held-FixedSingle-F,353,7.08,0,-2.903136,-1.51917422,0,0,0,0,0,1,0,29,0.000183716329,0.000679012737,0,40.5,0
Held-FixedSingle-F,354,7.1,0,-2.903136,-1.51917422,0,0,0,0,0,1,0,29,0.000175478039,0.0006857352,0,40.5,0
Held-FixedSingle-F,355,7.12,0,-2.903136,-1.51917422,0,0,0,0,0,1,0,29,0.0001777665,0.0006859085,0,40.5,0
Held-FixedSingle-F,356,7.14,0,-2.903136,-1.51917422,0,0,0,0,0,1,0,29,0.0001750692,0.0006717611,0,40.5,0
Held-FixedSingle-F,357,7.16,0,-2.903136,-1.51917422,0,0,0,0,0,1,0,29,0.000175944035,0.000705085346,0,40.5,0
Held-FixedSingle-F,358,7.18,0,-2.903136,-1.51917422,0,0,0,0,0,1,0,29,0.000174335612,0.0006914186,0,40.5,0
Held-FixedSingle-F,359,7.2,0,-2.903136,-1.51917422,0,0,0,0,0,1,0,29,0.000162458091,0.00067906396,0,40.5,0
Held-FixedSingle-F,360,7.22,0,-2.903136,-1.51917422,0,0,0,0,0,1,0,29,0.000153216,0.000701120938,0,40.5,0
Held-FixedSingle-F,361,7.24,0,-2.903136,-1.51917422,0,0,0,0,0,1,0,29,0.000155330432,0.0006770191,0,40.5,0
Held-FixedSingle-F,362,7.25999975,0,-2.903136,-1.51917422,0,0,0,0,0,1,0,29,0.000156488633,0.0007117838,0,40.5,0
Held-FixedSingle-F,363,7.27999973,0,-2.903136,-1.51917422,0,0,0,0,0,1,0,29,0.000152307417,0.000709990039,0,40.5,0
Held-FixedSingle-F,364,7.29999971,0,-2.903136,-1.51917422,0,0,0,0,0,1,0,29,0.000147502,0.0006968032,0,40.5,0
Held-FixedSingle-F,365,7.31999969,0,-2.903136,-1.51917422,0,0,0,0,0,1,0,29,0.000143391124,0.0006930904,0,40.5,0
Held-FixedSingle-F,366,7.33999968,0,-2.903136,-1.51917422,0,0,0,0,0,1,0,29,0.000145613958,0.0007059741,0,40.5,0
Held-FixedSingle-F,367,7.35999966,0,-2.903136,-1.51917422,0,0,0,0,0,1,0,29,0.000143997153,0.000716283,0,40.5,0
Held-FixedSingle-F,368,7.37999964,0,-2.903136,-1.51917422,0,0,0,0,0,1,0,29,0.00014070826,0.000703931029,0,40.5,0
Held-FixedSingle-F,369,7.39999962,0,-2.903136,-1.51917422,0,0,0,0,0,1,0,29,0.000137351584,0.0007055983,0,40.5,0
Held-FixedSingle-F,370,7.4199996,0,-2.903136,-1.51917422,0,0,0,0,0,1,0,29,0.00015241919,0.0006927681,0,40.5,0
Held-FixedSingle-F,371,7.44,0,-2.903136,-1.51917422,0,0,0,0,0,1,0,29,0.000131087814,0.000672613853,0,40.5,0
Held-FixedSingle-F,372,7.46,0,-2.903136,-1.51917422,0,0,0,0,0,1,0,29,0.000133881607,0.0006997219,0,40.5,0
Held-FixedSingle-F,373,7.48,0,-2.903136,-1.51917422,0,0,0,0,0,1,0,29,0.000142749384,0.0006982821,0,40.5,0
Held-FixedSingle-F,374,7.5,0,-2.903136,-1.51917422,0,0,0,0,0,1,0,29,0.00012448091,0.000654155039,0,40.5,0
Held-FixedSingle-F,375,7.52,0,-2.903136,-1.51917422,0,0,0,0,0,1,0,29,0.000148309657,0.0007074562,0,40.5,0
Held-FixedSingle-F,376,7.54,0,-2.903136,-1.51917422,0,0,0,0,0,1,0,29,0.000125251812,0.0006760358,0,40.5,0
Held-FixedSingle-F,377,7.56,0,-2.903136,-1.51917422,0,0,0,0,0,1,0,29,0.00013970588,0.000693188,0,40.5,0
Held-FixedSingle-F,378,7.58,0,-2.903136,-1.51917422,0,0,0,0,0,1,0,29,0.000118602773,0.0006603314,0,40.5,0
Held-FixedSingle-F,379,7.6,0,-2.903136,-1.51917422,0,0,0,0,0,1,0,29,0.000132411384,0.000703252736,0,40.5,0
Held-FixedSingle-F,380,7.62,0,-2.903136,-1.51917422,0,0,0,0,0,1,0,29,0.00012746318,0.0006631995,0,40.5,0
Held-FixedSingle-F,381,7.64,0,-2.903136,-1.51917422,0,0,0,0,0,1,0,29,0.000125163337,0.000684301,0,40.5,0
Held-FixedSingle-F,382,7.66,0,-2.903136,-1.51917422,0,0,0,0,0,1,0,29,0.000120836514,0.000706959341,0,40.5,0
Held-FixedSingle-F,383,7.68,0,-2.903136,-1.51917422,0,0,0,0,0,1,0,29,0.000107732056,0.000679752266,0,40.5,0
Held-FixedSingle-F,384,7.7,0,-2.903136,-1.51917422,0,0,0,0,0,1,0,29,0.000117625663,0.000701930549,0,40.5,0
Held-FixedSingle-F,385,7.72,0,-2.903136,-1.51917422,0,0,0,0,0,1,0,29,0.000111832684,0.0006768751,0,40.5,0
Held-FixedSingle-F,386,7.74,0,-2.903136,-1.51917422,0,0,0,0,0,1,0,29,0.000101447753,0.0005934258,0,40.5,0
Held-FixedSingle-F,387,7.75999975,0,-2.903136,-1.51917422,0,0,0,0,0,1,0,29,0.000111897985,0.0006476053,0,40.5,0
Held-FixedSingle-F,388,7.77999973,0,-2.903136,-1.51917422,0,0,0,0,0,1,0,29,0.000107137304,0.000627554837,0,40.5,0
Held-FixedSingle-F,389,7.79999971,0,-2.903136,-1.51917422,0,0,0,0,0,1,0,29,9.47422E-05,0.000547234144,0,40.5,0
Held-FixedSingle-F,390,7.81999969,0,-2.903136,-1.51917422,0,0,0,0,0,1,0,29,0.000105577921,0.000606026966,0,40.5,0
Held-FixedSingle-F,391,7.83999968,0,-2.903136,-1.51917422,0,0,0,0,0,1,0,29,0.00010264427,0.000620423933,0,40.5,0
Held-FixedSingle-F,392,7.85999966,0,-2.903136,-1.51917422,0,0,0,0,0,1,0,29,9.7528864E-05,0.0005348325,0,40.5,0
Held-FixedSingle-F,393,7.87999964,0,-2.903136,-1.51917422,0,0,0,0,0,1,0,29,0.0001052857,0.0005804295,0,40.5,0
Held-FixedSingle-F,394,7.89999962,0,-2.903136,-1.51917422,0,0,0,0,0,1,0,29,9.42449042E-05,0.0005754188,0,40.5,0
Held-FixedSingle-F,395,7.9199996,0,-2.903136,-1.51917422,0,0,0,0,0,1,0,29,9.28932E-05,0.000494628563,0,40.5,0
Held-FixedSingle-F,396,7.94,0,-2.903136,-1.51917422,0,0,0,0,0,1,0,29,9.333601E-05,0.000537861255,0,40.5,0
Held-FixedSingle-F,397,7.96,0,-2.903136,-1.51917422,0,0,0,0,0,1,0,29,9.44362255E-05,0.000542047,0,40.5,0
Held-FixedSingle-F,398,7.98,0,-2.903136,-1.51917422,0,0,0,0,0,1,0,29,9.07901E-05,0.00053112203,0,40.5,0
Held-FixedSingle-F,399,8,0,-2.903136,-1.51917422,0,0,0,0,0,1,0,29,0.000106013504,0.000487871235,0,40.5,0
