case,tick,time,ice_index,x,y,angle,vx,vy,angular_velocity,measured_speed,sleeping,contacts,near_liquid_count,near_liquid_mean_speed,near_liquid_p95_speed,deep_liquid_inside_ice,active_ml,retired_ml
Kinematic-Cluster4-Empty,300,6.02,0,-3.082418,-1.605537,-1.55332148,0,0,0,0,1,7,0,0,0,0,0,0
Kinematic-Cluster4-Empty,300,6.02,1,-2.70456719,-1.614055,-3.32867932,0,0,0,0,1,9,0,0,0,0,0,0
Kinematic-Cluster4-Empty,300,6.02,2,-3.063569,-1.2290417,0.1164311,0,0,0,0,1,6,0,0,0,0,0,0
Kinematic-Cluster4-Empty,300,6.02,3,-2.6896472,-1.24403358,-10.621748,0,0,0,0,1,7,0,0,0,0,0,0
Kinematic-Cluster4-Empty,301,6.04,0,-3.082418,-1.605537,-1.55332148,0,0,0,0,1,7,0,0,0,0,0,0
Kinematic-Cluster4-Empty,301,6.04,1,-2.70456719,-1.614055,-3.32867932,0,0,0,0,1,9,0,0,0,0,0,0
Kinematic-Cluster4-Empty,301,6.04,2,-3.063569,-1.2290417,0.1164311,0,0,0,0,1,6,0,0,0,0,0,0
Kinematic-Cluster4-Empty,301,6.04,3,-2.6896472,-1.24403358,-10.621748,0,0,0,0,1,7,0,0,0,0,0,0
Kinematic-Cluster4-Empty,302,6.06,0,-3.082418,-1.605537,-1.55332148,0,0,0,0,1,7,0,0,0,0,0,0
Kinematic-Cluster4-Empty,302,6.06,1,-2.70456719,-1.614055,-3.32867932,0,0,0,0,1,9,0,0,0,0,0,0
Kinematic-Cluster4-Empty,302,6.06,2,-3.063569,-1.2290417,0.1164311,0,0,0,0,1,6,0,0,0,0,0,0
Kinematic-Cluster4-Empty,302,6.06,3,-2.6896472,-1.24403358,-10.621748,0,0,0,0,1,7,0,0,0,0,0,0
Kinematic-Cluster4-Empty,303,6.08,0,-3.082418,-1.605537,-1.55332148,0,0,0,0,1,7,0,0,0,0,0,0
Kinematic-Cluster4-Empty,303,6.08,1,-2.70456719,-1.614055,-3.32867932,0,0,0,0,1,9,0,0,0,0,0,0
Kinematic-Cluster4-Empty,303,6.08,2,-3.063569,-1.2290417,0.1164311,0,0,0,0,1,6,0,0,0,0,0,0
Kinematic-Cluster4-Empty,303,6.08,3,-2.6896472,-1.24403358,-10.621748,0,0,0,0,1,7,0,0,0,0,0,0
Kinematic-Cluster4-Empty,304,6.1,0,-3.082418,-1.605537,-1.55332148,0,0,0,0,1,7,0,0,0,0,0,0
Kinematic-Cluster4-Empty,304,6.1,1,-2.70456719,-1.614055,-3.32867932,0,0,0,0,1,9,0,0,0,0,0,0
Kinematic-Cluster4-Empty,304,6.1,2,-3.063569,-1.2290417,0.1164311,0,0,0,0,1,6,0,0,0,0,0,0
Kinematic-Cluster4-Empty,304,6.1,3,-2.6896472,-1.24403358,-10.621748,0,0,0,0,1,7,0,0,0,0,0,0
Kinematic-Cluster4-Empty,305,6.12,0,-3.082418,-1.605537,-1.55332148,0,0,0,0,1,7,0,0,0,0,0,0
Kinematic-Cluster4-Empty,305,6.12,1,-2.70456719,-1.614055,-3.32867932,0,0,0,0,1,9,0,0,0,0,0,0
Kinematic-Cluster4-Empty,305,6.12,2,-3.063569,-1.2290417,0.1164311,0,0,0,0,1,6,0,0,0,0,0,0
Kinematic-Cluster4-Empty,305,6.12,3,-2.6896472,-1.24403358,-10.621748,0,0,0,0,1,7,0,0,0,0,0,0
Kinematic-Cluster4-Empty,306,6.14,0,-3.082418,-1.605537,-1.55332148,0,0,0,0,1,7,0,0,0,0,0,0
Kinematic-Cluster4-Empty,306,6.14,1,-2.70456719,-1.614055,-3.32867932,0,0,0,0,1,9,0,0,0,0,0,0
Kinematic-Cluster4-Empty,306,6.14,2,-3.063569,-1.2290417,0.1164311,0,0,0,0,1,6,0,0,0,0,0,0
Kinematic-Cluster4-Empty,306,6.14,3,-2.6896472,-1.24403358,-10.621748,0,0,0,0,1,7,0,0,0,0,0,0
Kinematic-Cluster4-Empty,307,6.16,0,-3.082418,-1.605537,-1.55332148,0,0,0,0,1,7,0,0,0,0,0,0
Kinematic-Cluster4-Empty,307,6.16,1,-2.70456719,-1.614055,-3.32867932,0,0,0,0,1,9,0,0,0,0,0,0
Kinematic-Cluster4-Empty,307,6.16,2,-3.063569,-1.2290417,0.1164311,0,0,0,0,1,6,0,0,0,0,0,0
Kinematic-Cluster4-Empty,307,6.16,3,-2.6896472,-1.24403358,-10.621748,0,0,0,0,1,7,0,0,0,0,0,0
Kinematic-Cluster4-Empty,308,6.18,0,-3.082418,-1.605537,-1.55332148,0,0,0,0,1,7,0,0,0,0,0,0
Kinematic-Cluster4-Empty,308,6.18,1,-2.70456719,-1.614055,-3.32867932,0,0,0,0,1,9,0,0,0,0,0,0
Kinematic-Cluster4-Empty,308,6.18,2,-3.063569,-1.2290417,0.1164311,0,0,0,0,1,6,0,0,0,0,0,0
Kinematic-Cluster4-Empty,308,6.18,3,-2.6896472,-1.24403358,-10.621748,0,0,0,0,1,7,0,0,0,0,0,0
Kinematic-Cluster4-Empty,309,6.2,0,-3.082418,-1.605537,-1.55332148,0,0,0,0,1,7,0,0,0,0,0,0
Kinematic-Cluster4-Empty,309,6.2,1,-2.70456719,-1.614055,-3.32867932,0,0,0,0,1,9,0,0,0,0,0,0
Kinematic-Cluster4-Empty,309,6.2,2,-3.063569,-1.2290417,0.1164311,0,0,0,0,1,6,0,0,0,0,0,0
Kinematic-Cluster4-Empty,309,6.2,3,-2.6896472,-1.24403358,-10.621748,0,0,0,0,1,7,0,0,0,0,0,0
Kinematic-Cluster4-Empty,310,6.22,0,-3.082418,-1.605537,-1.55332148,0,0,0,0,1,7,0,0,0,0,0,0
Kinematic-Cluster4-Empty,310,6.22,1,-2.70456719,-1.614055,-3.32867932,0,0,0,0,1,9,0,0,0,0,0,0
Kinematic-Cluster4-Empty,310,6.22,2,-3.063569,-1.2290417,0.1164311,0,0,0,0,1,6,0,0,0,0,0,0
Kinematic-Cluster4-Empty,310,6.22,3,-2.6896472,-1.24403358,-10.621748,0,0,0,0,1,7,0,0,0,0,0,0
Kinematic-Cluster4-Empty,311,6.24,0,-3.082418,-1.605537,-1.55332148,0,0,0,0,1,7,0,0,0,0,0,0
Kinematic-Cluster4-Empty,311,6.24,1,-2.70456719,-1.614055,-3.32867932,0,0,0,0,1,9,0,0,0,0,0,0
Kinematic-Cluster4-Empty,311,6.24,2,-3.063569,-1.2290417,0.1164311,0,0,0,0,1,6,0,0,0,0,0,0
Kinematic-Cluster4-Empty,311,6.24,3,-2.6896472,-1.24403358,-10.621748,0,0,0,0,1,7,0,0,0,0,0,0
Kinematic-Cluster4-Empty,312,6.25999975,0,-3.082418,-1.605537,-1.55332148,0,0,0,0,1,7,0,0,0,0,0,0
Kinematic-Cluster4-Empty,312,6.25999975,1,-2.70456719,-1.614055,-3.32867932,0,0,0,0,1,9,0,0,0,0,0,0
Kinematic-Cluster4-Empty,312,6.25999975,2,-3.063569,-1.2290417,0.1164311,0,0,0,0,1,6,0,0,0,0,0,0
Kinematic-Cluster4-Empty,312,6.25999975,3,-2.6896472,-1.24403358,-10.621748,0,0,0,0,1,7,0,0,0,0,0,0
Kinematic-Cluster4-Empty,313,6.27999973,0,-3.082418,-1.605537,-1.55332148,0,0,0,0,1,7,0,0,0,0,0,0
Kinematic-Cluster4-Empty,313,6.27999973,1,-2.70456719,-1.614055,-3.32867932,0,0,0,0,1,9,0,0,0,0,0,0
Kinematic-Cluster4-Empty,313,6.27999973,2,-3.063569,-1.2290417,0.1164311,0,0,0,0,1,6,0,0,0,0,0,0
Kinematic-Cluster4-Empty,313,6.27999973,3,-2.6896472,-1.24403358,-10.621748,0,0,0,0,1,7,0,0,0,0,0,0
Kinematic-Cluster4-Empty,314,6.29999971,0,-3.082418,-1.605537,-1.55332148,0,0,0,0,1,7,0,0,0,0,0,0
Kinematic-Cluster4-Empty,314,6.29999971,1,-2.70456719,-1.614055,-3.32867932,0,0,0,0,1,9,0,0,0,0,0,0
Kinematic-Cluster4-Empty,314,6.29999971,2,-3.063569,-1.2290417,0.1164311,0,0,0,0,1,6,0,0,0,0,0,0
Kinematic-Cluster4-Empty,314,6.29999971,3,-2.6896472,-1.24403358,-10.621748,0,0,0,0,1,7,0,0,0,0,0,0
Kinematic-Cluster4-Empty,315,6.31999969,0,-3.082418,-1.605537,-1.55332148,0,0,0,0,1,7,0,0,0,0,0,0
Kinematic-Cluster4-Empty,315,6.31999969,1,-2.70456719,-1.614055,-3.32867932,0,0,0,0,1,9,0,0,0,0,0,0
Kinematic-Cluster4-Empty,315,6.31999969,2,-3.063569,-1.2290417,0.1164311,0,0,0,0,1,6,0,0,0,0,0,0
Kinematic-Cluster4-Empty,315,6.31999969,3,-2.6896472,-1.24403358,-10.621748,0,0,0,0,1,7,0,0,0,0,0,0
Kinematic-Cluster4-Empty,316,6.33999968,0,-3.082418,-1.605537,-1.55332148,0,0,0,0,1,7,0,0,0,0,0,0
Kinematic-Cluster4-Empty,316,6.33999968,1,-2.70456719,-1.614055,-3.32867932,0,0,0,0,1,9,0,0,0,0,0,0
Kinematic-Cluster4-Empty,316,6.33999968,2,-3.063569,-1.2290417,0.1164311,0,0,0,0,1,6,0,0,0,0,0,0
Kinematic-Cluster4-Empty,316,6.33999968,3,-2.6896472,-1.24403358,-10.621748,0,0,0,0,1,7,0,0,0,0,0,0
Kinematic-Cluster4-Empty,317,6.35999966,0,-3.082418,-1.605537,-1.55332148,0,0,0,0,1,7,0,0,0,0,0,0
Kinematic-Cluster4-Empty,317,6.35999966,1,-2.70456719,-1.614055,-3.32867932,0,0,0,0,1,9,0,0,0,0,0,0
Kinematic-Cluster4-Empty,317,6.35999966,2,-3.063569,-1.2290417,0.1164311,0,0,0,0,1,6,0,0,0,0,0,0
Kinematic-Cluster4-Empty,317,6.35999966,3,-2.6896472,-1.24403358,-10.621748,0,0,0,0,1,7,0,0,0,0,0,0
Kinematic-Cluster4-Empty,318,6.37999964,0,-3.082418,-1.605537,-1.55332148,0,0,0,0,1,7,0,0,0,0,0,0
Kinematic-Cluster4-Empty,318,6.37999964,1,-2.70456719,-1.614055,-3.32867932,0,0,0,0,1,9,0,0,0,0,0,0
Kinematic-Cluster4-Empty,318,6.37999964,2,-3.063569,-1.2290417,0.1164311,0,0,0,0,1,6,0,0,0,0,0,0
Kinematic-Cluster4-Empty,318,6.37999964,3,-2.6896472,-1.24403358,-10.621748,0,0,0,0,1,7,0,0,0,0,0,0
Kinematic-Cluster4-Empty,319,6.39999962,0,-3.082418,-1.605537,-1.55332148,0,0,0,0,1,7,0,0,0,0,0,0
Kinematic-Cluster4-Empty,319,6.39999962,1,-2.70456719,-1.614055,-3.32867932,0,0,0,0,1,9,0,0,0,0,0,0
Kinematic-Cluster4-Empty,319,6.39999962,2,-3.063569,-1.2290417,0.1164311,0,0,0,0,1,6,0,0,0,0,0,0
Kinematic-Cluster4-Empty,319,6.39999962,3,-2.6896472,-1.24403358,-10.621748,0,0,0,0,1,7,0,0,0,0,0,0
Kinematic-Cluster4-Empty,320,6.42,0,-3.082418,-1.605537,-1.55332148,0,0,0,0,1,7,0,0,0,0,0,0
Kinematic-Cluster4-Empty,320,6.42,1,-2.70456719,-1.614055,-3.32867932,0,0,0,0,1,9,0,0,0,0,0,0
Kinematic-Cluster4-Empty,320,6.42,2,-3.063569,-1.2290417,0.1164311,0,0,0,0,1,6,0,0,0,0,0,0
Kinematic-Cluster4-Empty,320,6.42,3,-2.6896472,-1.24403358,-10.621748,0,0,0,0,1,7,0,0,0,0,0,0
Kinematic-Cluster4-Empty,321,6.44,0,-3.082418,-1.605537,-1.55332148,0,0,0,0,1,7,0,0,0,0,0,0
Kinematic-Cluster4-Empty,321,6.44,1,-2.70456719,-1.614055,-3.32867932,0,0,0,0,1,9,0,0,0,0,0,0
Kinematic-Cluster4-Empty,321,6.44,2,-3.063569,-1.2290417,0.1164311,0,0,0,0,1,6,0,0,0,0,0,0
Kinematic-Cluster4-Empty,321,6.44,3,-2.6896472,-1.24403358,-10.621748,0,0,0,0,1,7,0,0,0,0,0,0
Kinematic-Cluster4-Empty,322,6.46,0,-3.082418,-1.605537,-1.55332148,0,0,0,0,1,7,0,0,0,0,0,0
Kinematic-Cluster4-Empty,322,6.46,1,-2.70456719,-1.614055,-3.32867932,0,0,0,0,1,9,0,0,0,0,0,0
Kinematic-Cluster4-Empty,322,6.46,2,-3.063569,-1.2290417,0.1164311,0,0,0,0,1,6,0,0,0,0,0,0
Kinematic-Cluster4-Empty,322,6.46,3,-2.6896472,-1.24403358,-10.621748,0,0,0,0,1,7,0,0,0,0,0,0
Kinematic-Cluster4-Empty,323,6.48,0,-3.082418,-1.605537,-1.55332148,0,0,0,0,1,7,0,0,0,0,0,0
Kinematic-Cluster4-Empty,323,6.48,1,-2.70456719,-1.614055,-3.32867932,0,0,0,0,1,9,0,0,0,0,0,0
Kinematic-Cluster4-Empty,323,6.48,2,-3.063569,-1.2290417,0.1164311,0,0,0,0,1,6,0,0,0,0,0,0
Kinematic-Cluster4-Empty,323,6.48,3,-2.6896472,-1.24403358,-10.621748,0,0,0,0,1,7,0,0,0,0,0,0
Kinematic-Cluster4-Empty,324,6.5,0,-3.082418,-1.605537,-1.55332148,0,0,0,0,1,7,0,0,0,0,0,0
Kinematic-Cluster4-Empty,324,6.5,1,-2.70456719,-1.614055,-3.32867932,0,0,0,0,1,9,0,0,0,0,0,0
Kinematic-Cluster4-Empty,324,6.5,2,-3.063569,-1.2290417,0.1164311,0,0,0,0,1,6,0,0,0,0,0,0
Kinematic-Cluster4-Empty,324,6.5,3,-2.6896472,-1.24403358,-10.621748,0,0,0,0,1,7,0,0,0,0,0,0
Kinematic-Cluster4-Empty,325,6.52,0,-3.082418,-1.605537,-1.55332148,0,0,0,0,1,7,0,0,0,0,0,0
Kinematic-Cluster4-Empty,325,6.52,1,-2.70456719,-1.614055,-3.32867932,0,0,0,0,1,9,0,0,0,0,0,0
Kinematic-Cluster4-Empty,325,6.52,2,-3.063569,-1.2290417,0.1164311,0,0,0,0,1,6,0,0,0,0,0,0
Kinematic-Cluster4-Empty,325,6.52,3,-2.6896472,-1.24403358,-10.621748,0,0,0,0,1,7,0,0,0,0,0,0
Kinematic-Cluster4-Empty,326,6.54,0,-3.082418,-1.605537,-1.55332148,0,0,0,0,1,7,0,0,0,0,0,0
Kinematic-Cluster4-Empty,326,6.54,1,-2.70456719,-1.614055,-3.32867932,0,0,0,0,1,9,0,0,0,0,0,0
Kinematic-Cluster4-Empty,326,6.54,2,-3.063569,-1.2290417,0.1164311,0,0,0,0,1,6,0,0,0,0,0,0
Kinematic-Cluster4-Empty,326,6.54,3,-2.6896472,-1.24403358,-10.621748,0,0,0,0,1,7,0,0,0,0,0,0
Kinematic-Cluster4-Empty,327,6.56,0,-3.082418,-1.605537,-1.55332148,0,0,0,0,1,7,0,0,0,0,0,0
Kinematic-Cluster4-Empty,327,6.56,1,-2.70456719,-1.614055,-3.32867932,0,0,0,0,1,9,0,0,0,0,0,0
Kinematic-Cluster4-Empty,327,6.56,2,-3.063569,-1.2290417,0.1164311,0,0,0,0,1,6,0,0,0,0,0,0
Kinematic-Cluster4-Empty,327,6.56,3,-2.6896472,-1.24403358,-10.621748,0,0,0,0,1,7,0,0,0,0,0,0
Kinematic-Cluster4-Empty,328,6.58,0,-3.082418,-1.605537,-1.55332148,0,0,0,0,1,7,0,0,0,0,0,0
Kinematic-Cluster4-Empty,328,6.58,1,-2.70456719,-1.614055,-3.32867932,0,0,0,0,1,9,0,0,0,0,0,0
Kinematic-Cluster4-Empty,328,6.58,2,-3.063569,-1.2290417,0.1164311,0,0,0,0,1,6,0,0,0,0,0,0
Kinematic-Cluster4-Empty,328,6.58,3,-2.6896472,-1.24403358,-10.621748,0,0,0,0,1,7,0,0,0,0,0,0
Kinematic-Cluster4-Empty,329,6.6,0,-3.082418,-1.605537,-1.55332148,0,0,0,0,1,7,0,0,0,0,0,0
Kinematic-Cluster4-Empty,329,6.6,1,-2.70456719,-1.614055,-3.32867932,0,0,0,0,1,9,0,0,0,0,0,0
Kinematic-Cluster4-Empty,329,6.6,2,-3.063569,-1.2290417,0.1164311,0,0,0,0,1,6,0,0,0,0,0,0
Kinematic-Cluster4-Empty,329,6.6,3,-2.6896472,-1.24403358,-10.621748,0,0,0,0,1,7,0,0,0,0,0,0
Kinematic-Cluster4-Empty,330,6.62,0,-3.082418,-1.605537,-1.55332148,0,0,0,0,1,7,0,0,0,0,0,0
Kinematic-Cluster4-Empty,330,6.62,1,-2.70456719,-1.614055,-3.32867932,0,0,0,0,1,9,0,0,0,0,0,0
Kinematic-Cluster4-Empty,330,6.62,2,-3.063569,-1.2290417,0.1164311,0,0,0,0,1,6,0,0,0,0,0,0
Kinematic-Cluster4-Empty,330,6.62,3,-2.6896472,-1.24403358,-10.621748,0,0,0,0,1,7,0,0,0,0,0,0
Kinematic-Cluster4-Empty,331,6.64,0,-3.082418,-1.605537,-1.55332148,0,0,0,0,1,7,0,0,0,0,0,0
Kinematic-Cluster4-Empty,331,6.64,1,-2.70456719,-1.614055,-3.32867932,0,0,0,0,1,9,0,0,0,0,0,0
Kinematic-Cluster4-Empty,331,6.64,2,-3.063569,-1.2290417,0.1164311,0,0,0,0,1,6,0,0,0,0,0,0
Kinematic-Cluster4-Empty,331,6.64,3,-2.6896472,-1.24403358,-10.621748,0,0,0,0,1,7,0,0,0,0,0,0
Kinematic-Cluster4-Empty,332,6.66,0,-3.082418,-1.605537,-1.55332148,0,0,0,0,1,7,0,0,0,0,0,0
Kinematic-Cluster4-Empty,332,6.66,1,-2.70456719,-1.614055,-3.32867932,0,0,0,0,1,9,0,0,0,0,0,0
Kinematic-Cluster4-Empty,332,6.66,2,-3.063569,-1.2290417,0.1164311,0,0,0,0,1,6,0,0,0,0,0,0
Kinematic-Cluster4-Empty,332,6.66,3,-2.6896472,-1.24403358,-10.621748,0,0,0,0,1,7,0,0,0,0,0,0
Kinematic-Cluster4-Empty,333,6.68,0,-3.082418,-1.605537,-1.55332148,0,0,0,0,1,7,0,0,0,0,0,0
Kinematic-Cluster4-Empty,333,6.68,1,-2.70456719,-1.614055,-3.32867932,0,0,0,0,1,9,0,0,0,0,0,0
Kinematic-Cluster4-Empty,333,6.68,2,-3.063569,-1.2290417,0.1164311,0,0,0,0,1,6,0,0,0,0,0,0
Kinematic-Cluster4-Empty,333,6.68,3,-2.6896472,-1.24403358,-10.621748,0,0,0,0,1,7,0,0,0,0,0,0
Kinematic-Cluster4-Empty,334,6.7,0,-3.082418,-1.605537,-1.55332148,0,0,0,0,1,7,0,0,0,0,0,0
Kinematic-Cluster4-Empty,334,6.7,1,-2.70456719,-1.614055,-3.32867932,0,0,0,0,1,9,0,0,0,0,0,0
Kinematic-Cluster4-Empty,334,6.7,2,-3.063569,-1.2290417,0.1164311,0,0,0,0,1,6,0,0,0,0,0,0
Kinematic-Cluster4-Empty,334,6.7,3,-2.6896472,-1.24403358,-10.621748,0,0,0,0,1,7,0,0,0,0,0,0
Kinematic-Cluster4-Empty,335,6.72,0,-3.082418,-1.605537,-1.55332148,0,0,0,0,1,7,0,0,0,0,0,0
Kinematic-Cluster4-Empty,335,6.72,1,-2.70456719,-1.614055,-3.32867932,0,0,0,0,1,9,0,0,0,0,0,0
Kinematic-Cluster4-Empty,335,6.72,2,-3.063569,-1.2290417,0.1164311,0,0,0,0,1,6,0,0,0,0,0,0
Kinematic-Cluster4-Empty,335,6.72,3,-2.6896472,-1.24403358,-10.621748,0,0,0,0,1,7,0,0,0,0,0,0
Kinematic-Cluster4-Empty,336,6.74,0,-3.082418,-1.605537,-1.55332148,0,0,0,0,1,7,0,0,0,0,0,0
Kinematic-Cluster4-Empty,336,6.74,1,-2.70456719,-1.614055,-3.32867932,0,0,0,0,1,9,0,0,0,0,0,0
Kinematic-Cluster4-Empty,336,6.74,2,-3.063569,-1.2290417,0.1164311,0,0,0,0,1,6,0,0,0,0,0,0
Kinematic-Cluster4-Empty,336,6.74,3,-2.6896472,-1.24403358,-10.621748,0,0,0,0,1,7,0,0,0,0,0,0
Kinematic-Cluster4-Empty,337,6.75999975,0,-3.082418,-1.605537,-1.55332148,0,0,0,0,1,7,0,0,0,0,0,0
Kinematic-Cluster4-Empty,337,6.75999975,1,-2.70456719,-1.614055,-3.32867932,0,0,0,0,1,9,0,0,0,0,0,0
Kinematic-Cluster4-Empty,337,6.75999975,2,-3.063569,-1.2290417,0.1164311,0,0,0,0,1,6,0,0,0,0,0,0
Kinematic-Cluster4-Empty,337,6.75999975,3,-2.6896472,-1.24403358,-10.621748,0,0,0,0,1,7,0,0,0,0,0,0
Kinematic-Cluster4-Empty,338,6.77999973,0,-3.082418,-1.605537,-1.55332148,0,0,0,0,1,7,0,0,0,0,0,0
Kinematic-Cluster4-Empty,338,6.77999973,1,-2.70456719,-1.614055,-3.32867932,0,0,0,0,1,9,0,0,0,0,0,0
Kinematic-Cluster4-Empty,338,6.77999973,2,-3.063569,-1.2290417,0.1164311,0,0,0,0,1,6,0,0,0,0,0,0
Kinematic-Cluster4-Empty,338,6.77999973,3,-2.6896472,-1.24403358,-10.621748,0,0,0,0,1,7,0,0,0,0,0,0
Kinematic-Cluster4-Empty,339,6.79999971,0,-3.082418,-1.605537,-1.55332148,0,0,0,0,1,7,0,0,0,0,0,0
Kinematic-Cluster4-Empty,339,6.79999971,1,-2.70456719,-1.614055,-3.32867932,0,0,0,0,1,9,0,0,0,0,0,0
Kinematic-Cluster4-Empty,339,6.79999971,2,-3.063569,-1.2290417,0.1164311,0,0,0,0,1,6,0,0,0,0,0,0
Kinematic-Cluster4-Empty,339,6.79999971,3,-2.6896472,-1.24403358,-10.621748,0,0,0,0,1,7,0,0,0,0,0,0
Kinematic-Cluster4-Empty,340,6.81999969,0,-3.082418,-1.605537,-1.55332148,0,0,0,0,1,7,0,0,0,0,0,0
Kinematic-Cluster4-Empty,340,6.81999969,1,-2.70456719,-1.614055,-3.32867932,0,0,0,0,1,9,0,0,0,0,0,0
Kinematic-Cluster4-Empty,340,6.81999969,2,-3.063569,-1.2290417,0.1164311,0,0,0,0,1,6,0,0,0,0,0,0
Kinematic-Cluster4-Empty,340,6.81999969,3,-2.6896472,-1.24403358,-10.621748,0,0,0,0,1,7,0,0,0,0,0,0
Kinematic-Cluster4-Empty,341,6.83999968,0,-3.082418,-1.605537,-1.55332148,0,0,0,0,1,7,0,0,0,0,0,0
Kinematic-Cluster4-Empty,341,6.83999968,1,-2.70456719,-1.614055,-3.32867932,0,0,0,0,1,9,0,0,0,0,0,0
Kinematic-Cluster4-Empty,341,6.83999968,2,-3.063569,-1.2290417,0.1164311,0,0,0,0,1,6,0,0,0,0,0,0
Kinematic-Cluster4-Empty,341,6.83999968,3,-2.6896472,-1.24403358,-10.621748,0,0,0,0,1,7,0,0,0,0,0,0
Kinematic-Cluster4-Empty,342,6.85999966,0,-3.082418,-1.605537,-1.55332148,0,0,0,0,1,7,0,0,0,0,0,0
Kinematic-Cluster4-Empty,342,6.85999966,1,-2.70456719,-1.614055,-3.32867932,0,0,0,0,1,9,0,0,0,0,0,0
Kinematic-Cluster4-Empty,342,6.85999966,2,-3.063569,-1.2290417,0.1164311,0,0,0,0,1,6,0,0,0,0,0,0
Kinematic-Cluster4-Empty,342,6.85999966,3,-2.6896472,-1.24403358,-10.621748,0,0,0,0,1,7,0,0,0,0,0,0
Kinematic-Cluster4-Empty,343,6.87999964,0,-3.082418,-1.605537,-1.55332148,0,0,0,0,1,7,0,0,0,0,0,0
Kinematic-Cluster4-Empty,343,6.87999964,1,-2.70456719,-1.614055,-3.32867932,0,0,0,0,1,9,0,0,0,0,0,0
Kinematic-Cluster4-Empty,343,6.87999964,2,-3.063569,-1.2290417,0.1164311,0,0,0,0,1,6,0,0,0,0,0,0
Kinematic-Cluster4-Empty,343,6.87999964,3,-2.6896472,-1.24403358,-10.621748,0,0,0,0,1,7,0,0,0,0,0,0
Kinematic-Cluster4-Empty,344,6.89999962,0,-3.082418,-1.605537,-1.55332148,0,0,0,0,1,7,0,0,0,0,0,0
Kinematic-Cluster4-Empty,344,6.89999962,1,-2.70456719,-1.614055,-3.32867932,0,0,0,0,1,9,0,0,0,0,0,0
Kinematic-Cluster4-Empty,344,6.89999962,2,-3.063569,-1.2290417,0.1164311,0,0,0,0,1,6,0,0,0,0,0,0
Kinematic-Cluster4-Empty,344,6.89999962,3,-2.6896472,-1.24403358,-10.621748,0,0,0,0,1,7,0,0,0,0,0,0
Kinematic-Cluster4-Empty,345,6.92,0,-3.082418,-1.605537,-1.55332148,0,0,0,0,1,7,0,0,0,0,0,0
Kinematic-Cluster4-Empty,345,6.92,1,-2.70456719,-1.614055,-3.32867932,0,0,0,0,1,9,0,0,0,0,0,0
Kinematic-Cluster4-Empty,345,6.92,2,-3.063569,-1.2290417,0.1164311,0,0,0,0,1,6,0,0,0,0,0,0
Kinematic-Cluster4-Empty,345,6.92,3,-2.6896472,-1.24403358,-10.621748,0,0,0,0,1,7,0,0,0,0,0,0
Kinematic-Cluster4-Empty,346,6.94,0,-3.082418,-1.605537,-1.55332148,0,0,0,0,1,7,0,0,0,0,0,0
Kinematic-Cluster4-Empty,346,6.94,1,-2.70456719,-1.614055,-3.32867932,0,0,0,0,1,9,0,0,0,0,0,0
Kinematic-Cluster4-Empty,346,6.94,2,-3.063569,-1.2290417,0.1164311,0,0,0,0,1,6,0,0,0,0,0,0
Kinematic-Cluster4-Empty,346,6.94,3,-2.6896472,-1.24403358,-10.621748,0,0,0,0,1,7,0,0,0,0,0,0
Kinematic-Cluster4-Empty,347,6.96,0,-3.082418,-1.605537,-1.55332148,0,0,0,0,1,7,0,0,0,0,0,0
Kinematic-Cluster4-Empty,347,6.96,1,-2.70456719,-1.614055,-3.32867932,0,0,0,0,1,9,0,0,0,0,0,0
Kinematic-Cluster4-Empty,347,6.96,2,-3.063569,-1.2290417,0.1164311,0,0,0,0,1,6,0,0,0,0,0,0
Kinematic-Cluster4-Empty,347,6.96,3,-2.6896472,-1.24403358,-10.621748,0,0,0,0,1,7,0,0,0,0,0,0
Kinematic-Cluster4-Empty,348,6.98,0,-3.082418,-1.605537,-1.55332148,0,0,0,0,1,7,0,0,0,0,0,0
Kinematic-Cluster4-Empty,348,6.98,1,-2.70456719,-1.614055,-3.32867932,0,0,0,0,1,9,0,0,0,0,0,0
Kinematic-Cluster4-Empty,348,6.98,2,-3.063569,-1.2290417,0.1164311,0,0,0,0,1,6,0,0,0,0,0,0
Kinematic-Cluster4-Empty,348,6.98,3,-2.6896472,-1.24403358,-10.621748,0,0,0,0,1,7,0,0,0,0,0,0
Kinematic-Cluster4-Empty,349,7,0,-3.082418,-1.605537,-1.55332148,0,0,0,0,1,7,0,0,0,0,0,0
Kinematic-Cluster4-Empty,349,7,1,-2.70456719,-1.614055,-3.32867932,0,0,0,0,1,9,0,0,0,0,0,0
Kinematic-Cluster4-Empty,349,7,2,-3.063569,-1.2290417,0.1164311,0,0,0,0,1,6,0,0,0,0,0,0
Kinematic-Cluster4-Empty,349,7,3,-2.6896472,-1.24403358,-10.621748,0,0,0,0,1,7,0,0,0,0,0,0
Kinematic-Cluster4-Empty,350,7.02,0,-3.082418,-1.605537,-1.55332148,0,0,0,0,1,7,0,0,0,0,0,0
Kinematic-Cluster4-Empty,350,7.02,1,-2.70456719,-1.614055,-3.32867932,0,0,0,0,1,9,0,0,0,0,0,0
Kinematic-Cluster4-Empty,350,7.02,2,-3.063569,-1.2290417,0.1164311,0,0,0,0,1,6,0,0,0,0,0,0
Kinematic-Cluster4-Empty,350,7.02,3,-2.6896472,-1.24403358,-10.621748,0,0,0,0,1,7,0,0,0,0,0,0
Kinematic-Cluster4-Empty,351,7.04,0,-3.082418,-1.605537,-1.55332148,0,0,0,0,1,7,0,0,0,0,0,0
Kinematic-Cluster4-Empty,351,7.04,1,-2.70456719,-1.614055,-3.32867932,0,0,0,0,1,9,0,0,0,0,0,0
Kinematic-Cluster4-Empty,351,7.04,2,-3.063569,-1.2290417,0.1164311,0,0,0,0,1,6,0,0,0,0,0,0
Kinematic-Cluster4-Empty,351,7.04,3,-2.6896472,-1.24403358,-10.621748,0,0,0,0,1,7,0,0,0,0,0,0
Kinematic-Cluster4-Empty,352,7.06,0,-3.082418,-1.605537,-1.55332148,0,0,0,0,1,7,0,0,0,0,0,0
Kinematic-Cluster4-Empty,352,7.06,1,-2.70456719,-1.614055,-3.32867932,0,0,0,0,1,9,0,0,0,0,0,0
Kinematic-Cluster4-Empty,352,7.06,2,-3.063569,-1.2290417,0.1164311,0,0,0,0,1,6,0,0,0,0,0,0
Kinematic-Cluster4-Empty,352,7.06,3,-2.6896472,-1.24403358,-10.621748,0,0,0,0,1,7,0,0,0,0,0,0
Kinematic-Cluster4-Empty,353,7.08,0,-3.082418,-1.605537,-1.55332148,0,0,0,0,1,7,0,0,0,0,0,0
Kinematic-Cluster4-Empty,353,7.08,1,-2.70456719,-1.614055,-3.32867932,0,0,0,0,1,9,0,0,0,0,0,0
Kinematic-Cluster4-Empty,353,7.08,2,-3.063569,-1.2290417,0.1164311,0,0,0,0,1,6,0,0,0,0,0,0
Kinematic-Cluster4-Empty,353,7.08,3,-2.6896472,-1.24403358,-10.621748,0,0,0,0,1,7,0,0,0,0,0,0
Kinematic-Cluster4-Empty,354,7.1,0,-3.082418,-1.605537,-1.55332148,0,0,0,0,1,7,0,0,0,0,0,0
Kinematic-Cluster4-Empty,354,7.1,1,-2.70456719,-1.614055,-3.32867932,0,0,0,0,1,9,0,0,0,0,0,0
Kinematic-Cluster4-Empty,354,7.1,2,-3.063569,-1.2290417,0.1164311,0,0,0,0,1,6,0,0,0,0,0,0
Kinematic-Cluster4-Empty,354,7.1,3,-2.6896472,-1.24403358,-10.621748,0,0,0,0,1,7,0,0,0,0,0,0
Kinematic-Cluster4-Empty,355,7.12,0,-3.082418,-1.605537,-1.55332148,0,0,0,0,1,7,0,0,0,0,0,0
Kinematic-Cluster4-Empty,355,7.12,1,-2.70456719,-1.614055,-3.32867932,0,0,0,0,1,9,0,0,0,0,0,0
Kinematic-Cluster4-Empty,355,7.12,2,-3.063569,-1.2290417,0.1164311,0,0,0,0,1,6,0,0,0,0,0,0
Kinematic-Cluster4-Empty,355,7.12,3,-2.6896472,-1.24403358,-10.621748,0,0,0,0,1,7,0,0,0,0,0,0
Kinematic-Cluster4-Empty,356,7.14,0,-3.082418,-1.605537,-1.55332148,0,0,0,0,1,7,0,0,0,0,0,0
Kinematic-Cluster4-Empty,356,7.14,1,-2.70456719,-1.614055,-3.32867932,0,0,0,0,1,9,0,0,0,0,0,0
Kinematic-Cluster4-Empty,356,7.14,2,-3.063569,-1.2290417,0.1164311,0,0,0,0,1,6,0,0,0,0,0,0
Kinematic-Cluster4-Empty,356,7.14,3,-2.6896472,-1.24403358,-10.621748,0,0,0,0,1,7,0,0,0,0,0,0
Kinematic-Cluster4-Empty,357,7.16,0,-3.082418,-1.605537,-1.55332148,0,0,0,0,1,7,0,0,0,0,0,0
Kinematic-Cluster4-Empty,357,7.16,1,-2.70456719,-1.614055,-3.32867932,0,0,0,0,1,9,0,0,0,0,0,0
Kinematic-Cluster4-Empty,357,7.16,2,-3.063569,-1.2290417,0.1164311,0,0,0,0,1,6,0,0,0,0,0,0
Kinematic-Cluster4-Empty,357,7.16,3,-2.6896472,-1.24403358,-10.621748,0,0,0,0,1,7,0,0,0,0,0,0
Kinematic-Cluster4-Empty,358,7.18,0,-3.082418,-1.605537,-1.55332148,0,0,0,0,1,7,0,0,0,0,0,0
Kinematic-Cluster4-Empty,358,7.18,1,-2.70456719,-1.614055,-3.32867932,0,0,0,0,1,9,0,0,0,0,0,0
Kinematic-Cluster4-Empty,358,7.18,2,-3.063569,-1.2290417,0.1164311,0,0,0,0,1,6,0,0,0,0,0,0
Kinematic-Cluster4-Empty,358,7.18,3,-2.6896472,-1.24403358,-10.621748,0,0,0,0,1,7,0,0,0,0,0,0
Kinematic-Cluster4-Empty,359,7.2,0,-3.082418,-1.605537,-1.55332148,0,0,0,0,1,7,0,0,0,0,0,0
Kinematic-Cluster4-Empty,359,7.2,1,-2.70456719,-1.614055,-3.32867932,0,0,0,0,1,9,0,0,0,0,0,0
Kinematic-Cluster4-Empty,359,7.2,2,-3.063569,-1.2290417,0.1164311,0,0,0,0,1,6,0,0,0,0,0,0
Kinematic-Cluster4-Empty,359,7.2,3,-2.6896472,-1.24403358,-10.621748,0,0,0,0,1,7,0,0,0,0,0,0
Kinematic-Cluster4-Empty,360,7.22,0,-3.082418,-1.605537,-1.55332148,0,0,0,0,1,7,0,0,0,0,0,0
Kinematic-Cluster4-Empty,360,7.22,1,-2.70456719,-1.614055,-3.32867932,0,0,0,0,1,9,0,0,0,0,0,0
Kinematic-Cluster4-Empty,360,7.22,2,-3.063569,-1.2290417,0.1164311,0,0,0,0,1,6,0,0,0,0,0,0
Kinematic-Cluster4-Empty,360,7.22,3,-2.6896472,-1.24403358,-10.621748,0,0,0,0,1,7,0,0,0,0,0,0
Kinematic-Cluster4-Empty,361,7.24,0,-3.082418,-1.605537,-1.55332148,0,0,0,0,1,7,0,0,0,0,0,0
Kinematic-Cluster4-Empty,361,7.24,1,-2.70456719,-1.614055,-3.32867932,0,0,0,0,1,9,0,0,0,0,0,0
Kinematic-Cluster4-Empty,361,7.24,2,-3.063569,-1.2290417,0.1164311,0,0,0,0,1,6,0,0,0,0,0,0
Kinematic-Cluster4-Empty,361,7.24,3,-2.6896472,-1.24403358,-10.621748,0,0,0,0,1,7,0,0,0,0,0,0
Kinematic-Cluster4-Empty,362,7.25999975,0,-3.082418,-1.605537,-1.55332148,0,0,0,0,1,7,0,0,0,0,0,0
Kinematic-Cluster4-Empty,362,7.25999975,1,-2.70456719,-1.614055,-3.32867932,0,0,0,0,1,9,0,0,0,0,0,0
Kinematic-Cluster4-Empty,362,7.25999975,2,-3.063569,-1.2290417,0.1164311,0,0,0,0,1,6,0,0,0,0,0,0
Kinematic-Cluster4-Empty,362,7.25999975,3,-2.6896472,-1.24403358,-10.621748,0,0,0,0,1,7,0,0,0,0,0,0
Kinematic-Cluster4-Empty,363,7.27999973,0,-3.082418,-1.605537,-1.55332148,0,0,0,0,1,7,0,0,0,0,0,0
Kinematic-Cluster4-Empty,363,7.27999973,1,-2.70456719,-1.614055,-3.32867932,0,0,0,0,1,9,0,0,0,0,0,0
Kinematic-Cluster4-Empty,363,7.27999973,2,-3.063569,-1.2290417,0.1164311,0,0,0,0,1,6,0,0,0,0,0,0
Kinematic-Cluster4-Empty,363,7.27999973,3,-2.6896472,-1.24403358,-10.621748,0,0,0,0,1,7,0,0,0,0,0,0
Kinematic-Cluster4-Empty,364,7.29999971,0,-3.082418,-1.605537,-1.55332148,0,0,0,0,1,7,0,0,0,0,0,0
Kinematic-Cluster4-Empty,364,7.29999971,1,-2.70456719,-1.614055,-3.32867932,0,0,0,0,1,9,0,0,0,0,0,0
Kinematic-Cluster4-Empty,364,7.29999971,2,-3.063569,-1.2290417,0.1164311,0,0,0,0,1,6,0,0,0,0,0,0
Kinematic-Cluster4-Empty,364,7.29999971,3,-2.6896472,-1.24403358,-10.621748,0,0,0,0,1,7,0,0,0,0,0,0
Kinematic-Cluster4-Empty,365,7.31999969,0,-3.082418,-1.605537,-1.55332148,0,0,0,0,1,7,0,0,0,0,0,0
Kinematic-Cluster4-Empty,365,7.31999969,1,-2.70456719,-1.614055,-3.32867932,0,0,0,0,1,9,0,0,0,0,0,0
Kinematic-Cluster4-Empty,365,7.31999969,2,-3.063569,-1.2290417,0.1164311,0,0,0,0,1,6,0,0,0,0,0,0
Kinematic-Cluster4-Empty,365,7.31999969,3,-2.6896472,-1.24403358,-10.621748,0,0,0,0,1,7,0,0,0,0,0,0
Kinematic-Cluster4-Empty,366,7.33999968,0,-3.082418,-1.605537,-1.55332148,0,0,0,0,1,7,0,0,0,0,0,0
Kinematic-Cluster4-Empty,366,7.33999968,1,-2.70456719,-1.614055,-3.32867932,0,0,0,0,1,9,0,0,0,0,0,0
Kinematic-Cluster4-Empty,366,7.33999968,2,-3.063569,-1.2290417,0.1164311,0,0,0,0,1,6,0,0,0,0,0,0
Kinematic-Cluster4-Empty,366,7.33999968,3,-2.6896472,-1.24403358,-10.621748,0,0,0,0,1,7,0,0,0,0,0,0
Kinematic-Cluster4-Empty,367,7.35999966,0,-3.082418,-1.605537,-1.55332148,0,0,0,0,1,7,0,0,0,0,0,0
Kinematic-Cluster4-Empty,367,7.35999966,1,-2.70456719,-1.614055,-3.32867932,0,0,0,0,1,9,0,0,0,0,0,0
Kinematic-Cluster4-Empty,367,7.35999966,2,-3.063569,-1.2290417,0.1164311,0,0,0,0,1,6,0,0,0,0,0,0
Kinematic-Cluster4-Empty,367,7.35999966,3,-2.6896472,-1.24403358,-10.621748,0,0,0,0,1,7,0,0,0,0,0,0
Kinematic-Cluster4-Empty,368,7.37999964,0,-3.082418,-1.605537,-1.55332148,0,0,0,0,1,7,0,0,0,0,0,0
Kinematic-Cluster4-Empty,368,7.37999964,1,-2.70456719,-1.614055,-3.32867932,0,0,0,0,1,9,0,0,0,0,0,0
Kinematic-Cluster4-Empty,368,7.37999964,2,-3.063569,-1.2290417,0.1164311,0,0,0,0,1,6,0,0,0,0,0,0
Kinematic-Cluster4-Empty,368,7.37999964,3,-2.6896472,-1.24403358,-10.621748,0,0,0,0,1,7,0,0,0,0,0,0
Kinematic-Cluster4-Empty,369,7.39999962,0,-3.082418,-1.605537,-1.55332148,0,0,0,0,1,7,0,0,0,0,0,0
Kinematic-Cluster4-Empty,369,7.39999962,1,-2.70456719,-1.614055,-3.32867932,0,0,0,0,1,9,0,0,0,0,0,0
Kinematic-Cluster4-Empty,369,7.39999962,2,-3.063569,-1.2290417,0.1164311,0,0,0,0,1,6,0,0,0,0,0,0
Kinematic-Cluster4-Empty,369,7.39999962,3,-2.6896472,-1.24403358,-10.621748,0,0,0,0,1,7,0,0,0,0,0,0
Kinematic-Cluster4-Empty,370,7.4199996,0,-3.082418,-1.605537,-1.55332148,0,0,0,0,1,7,0,0,0,0,0,0
Kinematic-Cluster4-Empty,370,7.4199996,1,-2.70456719,-1.614055,-3.32867932,0,0,0,0,1,9,0,0,0,0,0,0
Kinematic-Cluster4-Empty,370,7.4199996,2,-3.063569,-1.2290417,0.1164311,0,0,0,0,1,6,0,0,0,0,0,0
Kinematic-Cluster4-Empty,370,7.4199996,3,-2.6896472,-1.24403358,-10.621748,0,0,0,0,1,7,0,0,0,0,0,0
Kinematic-Cluster4-Empty,371,7.44,0,-3.082418,-1.605537,-1.55332148,0,0,0,0,1,7,0,0,0,0,0,0
Kinematic-Cluster4-Empty,371,7.44,1,-2.70456719,-1.614055,-3.32867932,0,0,0,0,1,9,0,0,0,0,0,0
Kinematic-Cluster4-Empty,371,7.44,2,-3.063569,-1.2290417,0.1164311,0,0,0,0,1,6,0,0,0,0,0,0
Kinematic-Cluster4-Empty,371,7.44,3,-2.6896472,-1.24403358,-10.621748,0,0,0,0,1,7,0,0,0,0,0,0
Kinematic-Cluster4-Empty,372,7.46,0,-3.082418,-1.605537,-1.55332148,0,0,0,0,1,7,0,0,0,0,0,0
Kinematic-Cluster4-Empty,372,7.46,1,-2.70456719,-1.614055,-3.32867932,0,0,0,0,1,9,0,0,0,0,0,0
Kinematic-Cluster4-Empty,372,7.46,2,-3.063569,-1.2290417,0.1164311,0,0,0,0,1,6,0,0,0,0,0,0
Kinematic-Cluster4-Empty,372,7.46,3,-2.6896472,-1.24403358,-10.621748,0,0,0,0,1,7,0,0,0,0,0,0
Kinematic-Cluster4-Empty,373,7.48,0,-3.082418,-1.605537,-1.55332148,0,0,0,0,1,7,0,0,0,0,0,0
Kinematic-Cluster4-Empty,373,7.48,1,-2.70456719,-1.614055,-3.32867932,0,0,0,0,1,9,0,0,0,0,0,0
Kinematic-Cluster4-Empty,373,7.48,2,-3.063569,-1.2290417,0.1164311,0,0,0,0,1,6,0,0,0,0,0,0
Kinematic-Cluster4-Empty,373,7.48,3,-2.6896472,-1.24403358,-10.621748,0,0,0,0,1,7,0,0,0,0,0,0
Kinematic-Cluster4-Empty,374,7.5,0,-3.082418,-1.605537,-1.55332148,0,0,0,0,1,7,0,0,0,0,0,0
Kinematic-Cluster4-Empty,374,7.5,1,-2.70456719,-1.614055,-3.32867932,0,0,0,0,1,9,0,0,0,0,0,0
Kinematic-Cluster4-Empty,374,7.5,2,-3.063569,-1.2290417,0.1164311,0,0,0,0,1,6,0,0,0,0,0,0
Kinematic-Cluster4-Empty,374,7.5,3,-2.6896472,-1.24403358,-10.621748,0,0,0,0,1,7,0,0,0,0,0,0
Kinematic-Cluster4-Empty,375,7.52,0,-3.082418,-1.605537,-1.55332148,0,0,0,0,1,7,0,0,0,0,0,0
Kinematic-Cluster4-Empty,375,7.52,1,-2.70456719,-1.614055,-3.32867932,0,0,0,0,1,9,0,0,0,0,0,0
Kinematic-Cluster4-Empty,375,7.52,2,-3.063569,-1.2290417,0.1164311,0,0,0,0,1,6,0,0,0,0,0,0
Kinematic-Cluster4-Empty,375,7.52,3,-2.6896472,-1.24403358,-10.621748,0,0,0,0,1,7,0,0,0,0,0,0
Kinematic-Cluster4-Empty,376,7.54,0,-3.082418,-1.605537,-1.55332148,0,0,0,0,1,7,0,0,0,0,0,0
Kinematic-Cluster4-Empty,376,7.54,1,-2.70456719,-1.614055,-3.32867932,0,0,0,0,1,9,0,0,0,0,0,0
Kinematic-Cluster4-Empty,376,7.54,2,-3.063569,-1.2290417,0.1164311,0,0,0,0,1,6,0,0,0,0,0,0
Kinematic-Cluster4-Empty,376,7.54,3,-2.6896472,-1.24403358,-10.621748,0,0,0,0,1,7,0,0,0,0,0,0
Kinematic-Cluster4-Empty,377,7.56,0,-3.082418,-1.605537,-1.55332148,0,0,0,0,1,7,0,0,0,0,0,0
Kinematic-Cluster4-Empty,377,7.56,1,-2.70456719,-1.614055,-3.32867932,0,0,0,0,1,9,0,0,0,0,0,0
Kinematic-Cluster4-Empty,377,7.56,2,-3.063569,-1.2290417,0.1164311,0,0,0,0,1,6,0,0,0,0,0,0
Kinematic-Cluster4-Empty,377,7.56,3,-2.6896472,-1.24403358,-10.621748,0,0,0,0,1,7,0,0,0,0,0,0
Kinematic-Cluster4-Empty,378,7.58,0,-3.082418,-1.605537,-1.55332148,0,0,0,0,1,7,0,0,0,0,0,0
Kinematic-Cluster4-Empty,378,7.58,1,-2.70456719,-1.614055,-3.32867932,0,0,0,0,1,9,0,0,0,0,0,0
Kinematic-Cluster4-Empty,378,7.58,2,-3.063569,-1.2290417,0.1164311,0,0,0,0,1,6,0,0,0,0,0,0
Kinematic-Cluster4-Empty,378,7.58,3,-2.6896472,-1.24403358,-10.621748,0,0,0,0,1,7,0,0,0,0,0,0
Kinematic-Cluster4-Empty,379,7.6,0,-3.082418,-1.605537,-1.55332148,0,0,0,0,1,7,0,0,0,0,0,0
Kinematic-Cluster4-Empty,379,7.6,1,-2.70456719,-1.614055,-3.32867932,0,0,0,0,1,9,0,0,0,0,0,0
Kinematic-Cluster4-Empty,379,7.6,2,-3.063569,-1.2290417,0.1164311,0,0,0,0,1,6,0,0,0,0,0,0
Kinematic-Cluster4-Empty,379,7.6,3,-2.6896472,-1.24403358,-10.621748,0,0,0,0,1,7,0,0,0,0,0,0
Kinematic-Cluster4-Empty,380,7.62,0,-3.082418,-1.605537,-1.55332148,0,0,0,0,1,7,0,0,0,0,0,0
Kinematic-Cluster4-Empty,380,7.62,1,-2.70456719,-1.614055,-3.32867932,0,0,0,0,1,9,0,0,0,0,0,0
Kinematic-Cluster4-Empty,380,7.62,2,-3.063569,-1.2290417,0.1164311,0,0,0,0,1,6,0,0,0,0,0,0
Kinematic-Cluster4-Empty,380,7.62,3,-2.6896472,-1.24403358,-10.621748,0,0,0,0,1,7,0,0,0,0,0,0
Kinematic-Cluster4-Empty,381,7.64,0,-3.082418,-1.605537,-1.55332148,0,0,0,0,1,7,0,0,0,0,0,0
Kinematic-Cluster4-Empty,381,7.64,1,-2.70456719,-1.614055,-3.32867932,0,0,0,0,1,9,0,0,0,0,0,0
Kinematic-Cluster4-Empty,381,7.64,2,-3.063569,-1.2290417,0.1164311,0,0,0,0,1,6,0,0,0,0,0,0
Kinematic-Cluster4-Empty,381,7.64,3,-2.6896472,-1.24403358,-10.621748,0,0,0,0,1,7,0,0,0,0,0,0
Kinematic-Cluster4-Empty,382,7.66,0,-3.082418,-1.605537,-1.55332148,0,0,0,0,1,7,0,0,0,0,0,0
Kinematic-Cluster4-Empty,382,7.66,1,-2.70456719,-1.614055,-3.32867932,0,0,0,0,1,9,0,0,0,0,0,0
Kinematic-Cluster4-Empty,382,7.66,2,-3.063569,-1.2290417,0.1164311,0,0,0,0,1,6,0,0,0,0,0,0
Kinematic-Cluster4-Empty,382,7.66,3,-2.6896472,-1.24403358,-10.621748,0,0,0,0,1,7,0,0,0,0,0,0
Kinematic-Cluster4-Empty,383,7.68,0,-3.082418,-1.605537,-1.55332148,0,0,0,0,1,7,0,0,0,0,0,0
Kinematic-Cluster4-Empty,383,7.68,1,-2.70456719,-1.614055,-3.32867932,0,0,0,0,1,9,0,0,0,0,0,0
Kinematic-Cluster4-Empty,383,7.68,2,-3.063569,-1.2290417,0.1164311,0,0,0,0,1,6,0,0,0,0,0,0
Kinematic-Cluster4-Empty,383,7.68,3,-2.6896472,-1.24403358,-10.621748,0,0,0,0,1,7,0,0,0,0,0,0
Kinematic-Cluster4-Empty,384,7.7,0,-3.082418,-1.605537,-1.55332148,0,0,0,0,1,7,0,0,0,0,0,0
Kinematic-Cluster4-Empty,384,7.7,1,-2.70456719,-1.614055,-3.32867932,0,0,0,0,1,9,0,0,0,0,0,0
Kinematic-Cluster4-Empty,384,7.7,2,-3.063569,-1.2290417,0.1164311,0,0,0,0,1,6,0,0,0,0,0,0
Kinematic-Cluster4-Empty,384,7.7,3,-2.6896472,-1.24403358,-10.621748,0,0,0,0,1,7,0,0,0,0,0,0
Kinematic-Cluster4-Empty,385,7.72,0,-3.082418,-1.605537,-1.55332148,0,0,0,0,1,7,0,0,0,0,0,0
Kinematic-Cluster4-Empty,385,7.72,1,-2.70456719,-1.614055,-3.32867932,0,0,0,0,1,9,0,0,0,0,0,0
Kinematic-Cluster4-Empty,385,7.72,2,-3.063569,-1.2290417,0.1164311,0,0,0,0,1,6,0,0,0,0,0,0
Kinematic-Cluster4-Empty,385,7.72,3,-2.6896472,-1.24403358,-10.621748,0,0,0,0,1,7,0,0,0,0,0,0
Kinematic-Cluster4-Empty,386,7.74,0,-3.082418,-1.605537,-1.55332148,0,0,0,0,1,7,0,0,0,0,0,0
Kinematic-Cluster4-Empty,386,7.74,1,-2.70456719,-1.614055,-3.32867932,0,0,0,0,1,9,0,0,0,0,0,0
Kinematic-Cluster4-Empty,386,7.74,2,-3.063569,-1.2290417,0.1164311,0,0,0,0,1,6,0,0,0,0,0,0
Kinematic-Cluster4-Empty,386,7.74,3,-2.6896472,-1.24403358,-10.621748,0,0,0,0,1,7,0,0,0,0,0,0
Kinematic-Cluster4-Empty,387,7.75999975,0,-3.082418,-1.605537,-1.55332148,0,0,0,0,1,7,0,0,0,0,0,0
Kinematic-Cluster4-Empty,387,7.75999975,1,-2.70456719,-1.614055,-3.32867932,0,0,0,0,1,9,0,0,0,0,0,0
Kinematic-Cluster4-Empty,387,7.75999975,2,-3.063569,-1.2290417,0.1164311,0,0,0,0,1,6,0,0,0,0,0,0
Kinematic-Cluster4-Empty,387,7.75999975,3,-2.6896472,-1.24403358,-10.621748,0,0,0,0,1,7,0,0,0,0,0,0
Kinematic-Cluster4-Empty,388,7.77999973,0,-3.082418,-1.605537,-1.55332148,0,0,0,0,1,7,0,0,0,0,0,0
Kinematic-Cluster4-Empty,388,7.77999973,1,-2.70456719,-1.614055,-3.32867932,0,0,0,0,1,9,0,0,0,0,0,0
Kinematic-Cluster4-Empty,388,7.77999973,2,-3.063569,-1.2290417,0.1164311,0,0,0,0,1,6,0,0,0,0,0,0
Kinematic-Cluster4-Empty,388,7.77999973,3,-2.6896472,-1.24403358,-10.621748,0,0,0,0,1,7,0,0,0,0,0,0
Kinematic-Cluster4-Empty,389,7.79999971,0,-3.082418,-1.605537,-1.55332148,0,0,0,0,1,7,0,0,0,0,0,0
Kinematic-Cluster4-Empty,389,7.79999971,1,-2.70456719,-1.614055,-3.32867932,0,0,0,0,1,9,0,0,0,0,0,0
Kinematic-Cluster4-Empty,389,7.79999971,2,-3.063569,-1.2290417,0.1164311,0,0,0,0,1,6,0,0,0,0,0,0
Kinematic-Cluster4-Empty,389,7.79999971,3,-2.6896472,-1.24403358,-10.621748,0,0,0,0,1,7,0,0,0,0,0,0
Kinematic-Cluster4-Empty,390,7.81999969,0,-3.082418,-1.605537,-1.55332148,0,0,0,0,1,7,0,0,0,0,0,0
Kinematic-Cluster4-Empty,390,7.81999969,1,-2.70456719,-1.614055,-3.32867932,0,0,0,0,1,9,0,0,0,0,0,0
Kinematic-Cluster4-Empty,390,7.81999969,2,-3.063569,-1.2290417,0.1164311,0,0,0,0,1,6,0,0,0,0,0,0
Kinematic-Cluster4-Empty,390,7.81999969,3,-2.6896472,-1.24403358,-10.621748,0,0,0,0,1,7,0,0,0,0,0,0
Kinematic-Cluster4-Empty,391,7.83999968,0,-3.082418,-1.605537,-1.55332148,0,0,0,0,1,7,0,0,0,0,0,0
Kinematic-Cluster4-Empty,391,7.83999968,1,-2.70456719,-1.614055,-3.32867932,0,0,0,0,1,9,0,0,0,0,0,0
Kinematic-Cluster4-Empty,391,7.83999968,2,-3.063569,-1.2290417,0.1164311,0,0,0,0,1,6,0,0,0,0,0,0
Kinematic-Cluster4-Empty,391,7.83999968,3,-2.6896472,-1.24403358,-10.621748,0,0,0,0,1,7,0,0,0,0,0,0
Kinematic-Cluster4-Empty,392,7.85999966,0,-3.082418,-1.605537,-1.55332148,0,0,0,0,1,7,0,0,0,0,0,0
Kinematic-Cluster4-Empty,392,7.85999966,1,-2.70456719,-1.614055,-3.32867932,0,0,0,0,1,9,0,0,0,0,0,0
Kinematic-Cluster4-Empty,392,7.85999966,2,-3.063569,-1.2290417,0.1164311,0,0,0,0,1,6,0,0,0,0,0,0
Kinematic-Cluster4-Empty,392,7.85999966,3,-2.6896472,-1.24403358,-10.621748,0,0,0,0,1,7,0,0,0,0,0,0
Kinematic-Cluster4-Empty,393,7.87999964,0,-3.082418,-1.605537,-1.55332148,0,0,0,0,1,7,0,0,0,0,0,0
Kinematic-Cluster4-Empty,393,7.87999964,1,-2.70456719,-1.614055,-3.32867932,0,0,0,0,1,9,0,0,0,0,0,0
Kinematic-Cluster4-Empty,393,7.87999964,2,-3.063569,-1.2290417,0.1164311,0,0,0,0,1,6,0,0,0,0,0,0
Kinematic-Cluster4-Empty,393,7.87999964,3,-2.6896472,-1.24403358,-10.621748,0,0,0,0,1,7,0,0,0,0,0,0
Kinematic-Cluster4-Empty,394,7.89999962,0,-3.082418,-1.605537,-1.55332148,0,0,0,0,1,7,0,0,0,0,0,0
Kinematic-Cluster4-Empty,394,7.89999962,1,-2.70456719,-1.614055,-3.32867932,0,0,0,0,1,9,0,0,0,0,0,0
Kinematic-Cluster4-Empty,394,7.89999962,2,-3.063569,-1.2290417,0.1164311,0,0,0,0,1,6,0,0,0,0,0,0
Kinematic-Cluster4-Empty,394,7.89999962,3,-2.6896472,-1.24403358,-10.621748,0,0,0,0,1,7,0,0,0,0,0,0
Kinematic-Cluster4-Empty,395,7.9199996,0,-3.082418,-1.605537,-1.55332148,0,0,0,0,1,7,0,0,0,0,0,0
Kinematic-Cluster4-Empty,395,7.9199996,1,-2.70456719,-1.614055,-3.32867932,0,0,0,0,1,9,0,0,0,0,0,0
Kinematic-Cluster4-Empty,395,7.9199996,2,-3.063569,-1.2290417,0.1164311,0,0,0,0,1,6,0,0,0,0,0,0
Kinematic-Cluster4-Empty,395,7.9199996,3,-2.6896472,-1.24403358,-10.621748,0,0,0,0,1,7,0,0,0,0,0,0
Kinematic-Cluster4-Empty,396,7.94,0,-3.082418,-1.605537,-1.55332148,0,0,0,0,1,7,0,0,0,0,0,0
Kinematic-Cluster4-Empty,396,7.94,1,-2.70456719,-1.614055,-3.32867932,0,0,0,0,1,9,0,0,0,0,0,0
Kinematic-Cluster4-Empty,396,7.94,2,-3.063569,-1.2290417,0.1164311,0,0,0,0,1,6,0,0,0,0,0,0
Kinematic-Cluster4-Empty,396,7.94,3,-2.6896472,-1.24403358,-10.621748,0,0,0,0,1,7,0,0,0,0,0,0
Kinematic-Cluster4-Empty,397,7.96,0,-3.082418,-1.605537,-1.55332148,0,0,0,0,1,7,0,0,0,0,0,0
Kinematic-Cluster4-Empty,397,7.96,1,-2.70456719,-1.614055,-3.32867932,0,0,0,0,1,9,0,0,0,0,0,0
Kinematic-Cluster4-Empty,397,7.96,2,-3.063569,-1.2290417,0.1164311,0,0,0,0,1,6,0,0,0,0,0,0
Kinematic-Cluster4-Empty,397,7.96,3,-2.6896472,-1.24403358,-10.621748,0,0,0,0,1,7,0,0,0,0,0,0
Kinematic-Cluster4-Empty,398,7.98,0,-3.082418,-1.605537,-1.55332148,0,0,0,0,1,7,0,0,0,0,0,0
Kinematic-Cluster4-Empty,398,7.98,1,-2.70456719,-1.614055,-3.32867932,0,0,0,0,1,9,0,0,0,0,0,0
Kinematic-Cluster4-Empty,398,7.98,2,-3.063569,-1.2290417,0.1164311,0,0,0,0,1,6,0,0,0,0,0,0
Kinematic-Cluster4-Empty,398,7.98,3,-2.6896472,-1.24403358,-10.621748,0,0,0,0,1,7,0,0,0,0,0,0
Kinematic-Cluster4-Empty,399,8,0,-3.082418,-1.605537,-1.55332148,0,0,0,0,1,7,0,0,0,0,0,0
Kinematic-Cluster4-Empty,399,8,1,-2.70456719,-1.614055,-3.32867932,0,0,0,0,1,9,0,0,0,0,0,0
Kinematic-Cluster4-Empty,399,8,2,-3.063569,-1.2290417,0.1164311,0,0,0,0,1,6,0,0,0,0,0,0
Kinematic-Cluster4-Empty,399,8,3,-2.6896472,-1.24403358,-10.621748,0,0,0,0,1,7,0,0,0,0,0,0
Kinematic-Cluster4-F,300,6.02,0,-3.081102,-1.60660553,-2.05217743,0,0,0,0,1,8,36,0.00126715773,0.00599874044,0,41,0
Kinematic-Cluster4-F,300,6.02,1,-2.7023344,-1.61213779,-4.27843952,0,0,0,0,1,9,36,0.00126715773,0.00599874044,0,41,0
Kinematic-Cluster4-F,300,6.02,2,-3.06268382,-1.22840989,0.6927166,0,0,0,0,1,6,36,0.00126715773,0.00599874044,0,41,0
Kinematic-Cluster4-F,300,6.02,3,-2.685102,-1.24236155,-11.1046534,0,0,0,0,1,7,36,0.00126715773,0.00599874044,0,41,0
Kinematic-Cluster4-F,301,6.04,0,-3.081102,-1.60660553,-2.05217743,0,0,0,0,1,8,36,0.00168944336,0.00812124647,0,41,0
Kinematic-Cluster4-F,301,6.04,1,-2.7023344,-1.61213779,-4.27843952,0,0,0,0,1,9,36,0.00168944336,0.00812124647,0,41,0
Kinematic-Cluster4-F,301,6.04,2,-3.06268382,-1.22840989,0.6927166,0,0,0,0,1,6,36,0.00168944336,0.00812124647,0,41,0
Kinematic-Cluster4-F,301,6.04,3,-2.685102,-1.24236155,-11.1046534,0,0,0,0,1,7,36,0.00168944336,0.00812124647,0,41,0
Kinematic-Cluster4-F,302,6.06,0,-3.081102,-1.60660553,-2.05217743,0,0,0,0,1,8,36,0.00100152672,0.0047165975,0,41,0
Kinematic-Cluster4-F,302,6.06,1,-2.7023344,-1.61213779,-4.27843952,0,0,0,0,1,9,36,0.00100152672,0.0047165975,0,41,0
Kinematic-Cluster4-F,302,6.06,2,-3.06268382,-1.22840989,0.6927166,0,0,0,0,1,6,36,0.00100152672,0.0047165975,0,41,0
Kinematic-Cluster4-F,302,6.06,3,-2.685102,-1.24236155,-11.1046534,0,0,0,0,1,7,36,0.00100152672,0.0047165975,0,41,0
Kinematic-Cluster4-F,303,6.08,0,-3.081102,-1.60660553,-2.05217743,0,0,0,0,1,8,36,0.0018137279,0.007923445,0,41,0
Kinematic-Cluster4-F,303,6.08,1,-2.7023344,-1.61213779,-4.27843952,0,0,0,0,1,9,36,0.0018137279,0.007923445,0,41,0
Kinematic-Cluster4-F,303,6.08,2,-3.06268382,-1.22840989,0.6927166,0,0,0,0,1,6,36,0.0018137279,0.007923445,0,41,0
Kinematic-Cluster4-F,303,6.08,3,-2.685102,-1.24236155,-11.1046534,0,0,0,0,1,7,36,0.0018137279,0.007923445,0,41,0
Kinematic-Cluster4-F,304,6.1,0,-3.081102,-1.60660553,-2.05217743,0,0,0,0,1,8,36,0.0003279154,0.00229248847,0,41,0
Kinematic-Cluster4-F,304,6.1,1,-2.7023344,-1.61213779,-4.27843952,0,0,0,0,1,9,36,0.0003279154,0.00229248847,0,41,0
Kinematic-Cluster4-F,304,6.1,2,-3.06268382,-1.22840989,0.6927166,0,0,0,0,1,6,36,0.0003279154,0.00229248847,0,41,0
Kinematic-Cluster4-F,304,6.1,3,-2.685102,-1.24236155,-11.1046534,0,0,0,0,1,7,36,0.0003279154,0.00229248847,0,41,0
Kinematic-Cluster4-F,305,6.12,0,-3.081102,-1.60660553,-2.05217743,0,0,0,0,1,8,36,0.000704739534,0.00296548568,0,41,0
Kinematic-Cluster4-F,305,6.12,1,-2.7023344,-1.61213779,-4.27843952,0,0,0,0,1,9,36,0.000704739534,0.00296548568,0,41,0
Kinematic-Cluster4-F,305,6.12,2,-3.06268382,-1.22840989,0.6927166,0,0,0,0,1,6,36,0.000704739534,0.00296548568,0,41,0
Kinematic-Cluster4-F,305,6.12,3,-2.685102,-1.24236155,-11.1046534,0,0,0,0,1,7,36,0.000704739534,0.00296548568,0,41,0
Kinematic-Cluster4-F,306,6.14,0,-3.081102,-1.60660553,-2.05217743,0,0,0,0,1,8,36,0.00101342448,0.0051311627,0,41,0
Kinematic-Cluster4-F,306,6.14,1,-2.7023344,-1.61213779,-4.27843952,0,0,0,0,1,9,36,0.00101342448,0.0051311627,0,41,0
Kinematic-Cluster4-F,306,6.14,2,-3.06268382,-1.22840989,0.6927166,0,0,0,0,1,6,36,0.00101342448,0.0051311627,0,41,0
Kinematic-Cluster4-F,306,6.14,3,-2.685102,-1.24236155,-11.1046534,0,0,0,0,1,7,36,0.00101342448,0.0051311627,0,41,0
Kinematic-Cluster4-F,307,6.16,0,-3.081102,-1.60660553,-2.05217743,0,0,0,0,1,8,36,0.0009512544,0.0068615214,0,41,0
Kinematic-Cluster4-F,307,6.16,1,-2.7023344,-1.61213779,-4.27843952,0,0,0,0,1,9,36,0.0009512544,0.0068615214,0,41,0
Kinematic-Cluster4-F,307,6.16,2,-3.06268382,-1.22840989,0.6927166,0,0,0,0,1,6,36,0.0009512544,0.0068615214,0,41,0
Kinematic-Cluster4-F,307,6.16,3,-2.685102,-1.24236155,-11.1046534,0,0,0,0,1,7,36,0.0009512544,0.0068615214,0,41,0
Kinematic-Cluster4-F,308,6.18,0,-3.081102,-1.60660553,-2.05217743,0,0,0,0,1,8,36,0.00123057037,0.008809856,0,41,0
Kinematic-Cluster4-F,308,6.18,1,-2.7023344,-1.61213779,-4.27843952,0,0,0,0,1,9,36,0.00123057037,0.008809856,0,41,0
Kinematic-Cluster4-F,308,6.18,2,-3.06268382,-1.22840989,0.6927166,0,0,0,0,1,6,36,0.00123057037,0.008809856,0,41,0
Kinematic-Cluster4-F,308,6.18,3,-2.685102,-1.24236155,-11.1046534,0,0,0,0,1,7,36,0.00123057037,0.008809856,0,41,0
Kinematic-Cluster4-F,309,6.2,0,-3.081102,-1.60660553,-2.05217743,0,0,0,0,1,8,36,0.000538377964,0.0027662348,0,41,0
Kinematic-Cluster4-F,309,6.2,1,-2.7023344,-1.61213779,-4.27843952,0,0,0,0,1,9,36,0.000538377964,0.0027662348,0,41,0
Kinematic-Cluster4-F,309,6.2,2,-3.06268382,-1.22840989,0.6927166,0,0,0,0,1,6,36,0.000538377964,0.0027662348,0,41,0
Kinematic-Cluster4-F,309,6.2,3,-2.685102,-1.24236155,-11.1046534,0,0,0,0,1,7,36,0.000538377964,0.0027662348,0,41,0
Kinematic-Cluster4-F,310,6.22,0,-3.081102,-1.60660553,-2.05217743,0,0,0,0,1,8,36,0.000819171546,0.00559191732,0,41,0
Kinematic-Cluster4-F,310,6.22,1,-2.7023344,-1.61213779,-4.27843952,0,0,0,0,1,9,36,0.000819171546,0.00559191732,0,41,0
Kinematic-Cluster4-F,310,6.22,2,-3.06268382,-1.22840989,0.6927166,0,0,0,0,1,6,36,0.000819171546,0.00559191732,0,41,0
Kinematic-Cluster4-F,310,6.22,3,-2.685102,-1.24236155,-11.1046534,0,0,0,0,1,7,36,0.000819171546,0.00559191732,0,41,0
Kinematic-Cluster4-F,311,6.24,0,-3.081102,-1.60660553,-2.05217743,0,0,0,0,1,8,36,0.0009423003,0.0059400294,0,41,0
Kinematic-Cluster4-F,311,6.24,1,-2.7023344,-1.61213779,-4.27843952,0,0,0,0,1,9,36,0.0009423003,0.0059400294,0,41,0
Kinematic-Cluster4-F,311,6.24,2,-3.06268382,-1.22840989,0.6927166,0,0,0,0,1,6,36,0.0009423003,0.0059400294,0,41,0
Kinematic-Cluster4-F,311,6.24,3,-2.685102,-1.24236155,-11.1046534,0,0,0,0,1,7,36,0.0009423003,0.0059400294,0,41,0
Kinematic-Cluster4-F,312,6.25999975,0,-3.081102,-1.60660553,-2.05217743,0,0,0,0,1,8,36,0.000229898447,0.001303212,0,41,0
Kinematic-Cluster4-F,312,6.25999975,1,-2.7023344,-1.61213779,-4.27843952,0,0,0,0,1,9,36,0.000229898447,0.001303212,0,41,0
Kinematic-Cluster4-F,312,6.25999975,2,-3.06268382,-1.22840989,0.6927166,0,0,0,0,1,6,36,0.000229898447,0.001303212,0,41,0
Kinematic-Cluster4-F,312,6.25999975,3,-2.685102,-1.24236155,-11.1046534,0,0,0,0,1,7,36,0.000229898447,0.001303212,0,41,0
Kinematic-Cluster4-F,313,6.27999973,0,-3.081102,-1.60660553,-2.05217743,0,0,0,0,1,8,36,0.000315395475,0.00143383711,0,41,0
Kinematic-Cluster4-F,313,6.27999973,1,-2.7023344,-1.61213779,-4.27843952,0,0,0,0,1,9,36,0.000315395475,0.00143383711,0,41,0
Kinematic-Cluster4-F,313,6.27999973,2,-3.06268382,-1.22840989,0.6927166,0,0,0,0,1,6,36,0.000315395475,0.00143383711,0,41,0
Kinematic-Cluster4-F,313,6.27999973,3,-2.685102,-1.24236155,-11.1046534,0,0,0,0,1,7,36,0.000315395475,0.00143383711,0,41,0
Kinematic-Cluster4-F,314,6.29999971,0,-3.081102,-1.60660553,-2.05217743,0,0,0,0,1,8,36,0.00104440493,0.00509053,0,41,0
Kinematic-Cluster4-F,314,6.29999971,1,-2.7023344,-1.61213779,-4.27843952,0,0,0,0,1,9,36,0.00104440493,0.00509053,0,41,0
Kinematic-Cluster4-F,314,6.29999971,2,-3.06268382,-1.22840989,0.6927166,0,0,0,0,1,6,36,0.00104440493,0.00509053,0,41,0
Kinematic-Cluster4-F,314,6.29999971,3,-2.685102,-1.24236155,-11.1046534,0,0,0,0,1,7,36,0.00104440493,0.00509053,0,41,0
Kinematic-Cluster4-F,315,6.31999969,0,-3.081102,-1.60660553,-2.05217743,0,0,0,0,1,8,36,0.000907080132,0.00667957868,0,41,0
Kinematic-Cluster4-F,315,6.31999969,1,-2.7023344,-1.61213779,-4.27843952,0,0,0,0,1,9,36,0.000907080132,0.00667957868,0,41,0
Kinematic-Cluster4-F,315,6.31999969,2,-3.06268382,-1.22840989,0.6927166,0,0,0,0,1,6,36,0.000907080132,0.00667957868,0,41,0
Kinematic-Cluster4-F,315,6.31999969,3,-2.685102,-1.24236155,-11.1046534,0,0,0,0,1,7,36,0.000907080132,0.00667957868,0,41,0
Kinematic-Cluster4-F,316,6.33999968,0,-3.081102,-1.60660553,-2.05217743,0,0,0,0,1,8,36,0.00101637479,0.00621423637,0,41,0
Kinematic-Cluster4-F,316,6.33999968,1,-2.7023344,-1.61213779,-4.27843952,0,0,0,0,1,9,36,0.00101637479,0.00621423637,0,41,0
Kinematic-Cluster4-F,316,6.33999968,2,-3.06268382,-1.22840989,0.6927166,0,0,0,0,1,6,36,0.00101637479,0.00621423637,0,41,0
Kinematic-Cluster4-F,316,6.33999968,3,-2.685102,-1.24236155,-11.1046534,0,0,0,0,1,7,36,0.00101637479,0.00621423637,0,41,0
Kinematic-Cluster4-F,317,6.35999966,0,-3.081102,-1.60660553,-2.05217743,0,0,0,0,1,8,36,0.0003672871,0.00203955034,0,41,0
Kinematic-Cluster4-F,317,6.35999966,1,-2.7023344,-1.61213779,-4.27843952,0,0,0,0,1,9,36,0.0003672871,0.00203955034,0,41,0
Kinematic-Cluster4-F,317,6.35999966,2,-3.06268382,-1.22840989,0.6927166,0,0,0,0,1,6,36,0.0003672871,0.00203955034,0,41,0
Kinematic-Cluster4-F,317,6.35999966,3,-2.685102,-1.24236155,-11.1046534,0,0,0,0,1,7,36,0.0003672871,0.00203955034,0,41,0
Kinematic-Cluster4-F,318,6.37999964,0,-3.081102,-1.60660553,-2.05217743,0,0,0,0,1,8,36,0.0008326922,0.00400615251,0,41,0
Kinematic-Cluster4-F,318,6.37999964,1,-2.7023344,-1.61213779,-4.27843952,0,0,0,0,1,9,36,0.0008326922,0.00400615251,0,41,0
Kinematic-Cluster4-F,318,6.37999964,2,-3.06268382,-1.22840989,0.6927166,0,0,0,0,1,6,36,0.0008326922,0.00400615251,0,41,0
Kinematic-Cluster4-F,318,6.37999964,3,-2.685102,-1.24236155,-11.1046534,0,0,0,0,1,7,36,0.0008326922,0.00400615251,0,41,0
Kinematic-Cluster4-F,319,6.39999962,0,-3.081102,-1.60660553,-2.05217743,0,0,0,0,1,8,36,0.00101759471,0.005819614,0,41,0
Kinematic-Cluster4-F,319,6.39999962,1,-2.7023344,-1.61213779,-4.27843952,0,0,0,0,1,9,36,0.00101759471,0.005819614,0,41,0
Kinematic-Cluster4-F,319,6.39999962,2,-3.06268382,-1.22840989,0.6927166,0,0,0,0,1,6,36,0.00101759471,0.005819614,0,41,0
Kinematic-Cluster4-F,319,6.39999962,3,-2.685102,-1.24236155,-11.1046534,0,0,0,0,1,7,36,0.00101759471,0.005819614,0,41,0
Kinematic-Cluster4-F,320,6.42,0,-3.081102,-1.60660553,-2.05217743,0,0,0,0,1,8,36,0.0009767753,0.00385963847,0,41,0
Kinematic-Cluster4-F,320,6.42,1,-2.7023344,-1.61213779,-4.27843952,0,0,0,0,1,9,36,0.0009767753,0.00385963847,0,41,0
Kinematic-Cluster4-F,320,6.42,2,-3.06268382,-1.22840989,0.6927166,0,0,0,0,1,6,36,0.0009767753,0.00385963847,0,41,0
Kinematic-Cluster4-F,320,6.42,3,-2.685102,-1.24236155,-11.1046534,0,0,0,0,1,7,36,0.0009767753,0.00385963847,0,41,0
Kinematic-Cluster4-F,321,6.44,0,-3.081102,-1.60660553,-2.05217743,0,0,0,0,1,8,36,0.001296172,0.00419013342,0,41,0
Kinematic-Cluster4-F,321,6.44,1,-2.7023344,-1.61213779,-4.27843952,0,0,0,0,1,9,36,0.001296172,0.00419013342,0,41,0
Kinematic-Cluster4-F,321,6.44,2,-3.06268382,-1.22840989,0.6927166,0,0,0,0,1,6,36,0.001296172,0.00419013342,0,41,0
Kinematic-Cluster4-F,321,6.44,3,-2.685102,-1.24236155,-11.1046534,0,0,0,0,1,7,36,0.001296172,0.00419013342,0,41,0
Kinematic-Cluster4-F,322,6.46,0,-3.081102,-1.60660553,-2.05217743,0,0,0,0,1,8,36,0.0009443384,0.00559269125,0,41,0
Kinematic-Cluster4-F,322,6.46,1,-2.7023344,-1.61213779,-4.27843952,0,0,0,0,1,9,36,0.0009443384,0.00559269125,0,41,0
Kinematic-Cluster4-F,322,6.46,2,-3.06268382,-1.22840989,0.6927166,0,0,0,0,1,6,36,0.0009443384,0.00559269125,0,41,0
Kinematic-Cluster4-F,322,6.46,3,-2.685102,-1.24236155,-11.1046534,0,0,0,0,1,7,36,0.0009443384,0.00559269125,0,41,0
Kinematic-Cluster4-F,323,6.48,0,-3.081102,-1.60660553,-2.05217743,0,0,0,0,1,8,36,0.001337271,0.00525613129,0,41,0
Kinematic-Cluster4-F,323,6.48,1,-2.7023344,-1.61213779,-4.27843952,0,0,0,0,1,9,36,0.001337271,0.00525613129,0,41,0
Kinematic-Cluster4-F,323,6.48,2,-3.06268382,-1.22840989,0.6927166,0,0,0,0,1,6,36,0.001337271,0.00525613129,0,41,0
Kinematic-Cluster4-F,323,6.48,3,-2.685102,-1.24236155,-11.1046534,0,0,0,0,1,7,36,0.001337271,0.00525613129,0,41,0
Kinematic-Cluster4-F,324,6.5,0,-3.081102,-1.60660553,-2.05217743,0,0,0,0,1,8,36,0.00118846784,0.005722342,0,41,0
Kinematic-Cluster4-F,324,6.5,1,-2.7023344,-1.61213779,-4.27843952,0,0,0,0,1,9,36,0.00118846784,0.005722342,0,41,0
Kinematic-Cluster4-F,324,6.5,2,-3.06268382,-1.22840989,0.6927166,0,0,0,0,1,6,36,0.00118846784,0.005722342,0,41,0
Kinematic-Cluster4-F,324,6.5,3,-2.685102,-1.24236155,-11.1046534,0,0,0,0,1,7,36,0.00118846784,0.005722342,0,41,0
Kinematic-Cluster4-F,325,6.52,0,-3.081102,-1.60660553,-2.05217743,0,0,0,0,1,8,36,0.00130409328,0.00550683727,0,41,0
Kinematic-Cluster4-F,325,6.52,1,-2.7023344,-1.61213779,-4.27843952,0,0,0,0,1,9,36,0.00130409328,0.00550683727,0,41,0
Kinematic-Cluster4-F,325,6.52,2,-3.06268382,-1.22840989,0.6927166,0,0,0,0,1,6,36,0.00130409328,0.00550683727,0,41,0
Kinematic-Cluster4-F,325,6.52,3,-2.685102,-1.24236155,-11.1046534,0,0,0,0,1,7,36,0.00130409328,0.00550683727,0,41,0
Kinematic-Cluster4-F,326,6.54,0,-3.081102,-1.60660553,-2.05217743,0,0,0,0,1,8,36,0.00162343238,0.008063461,0,41,0
Kinematic-Cluster4-F,326,6.54,1,-2.7023344,-1.61213779,-4.27843952,0,0,0,0,1,9,36,0.00162343238,0.008063461,0,41,0
Kinematic-Cluster4-F,326,6.54,2,-3.06268382,-1.22840989,0.6927166,0,0,0,0,1,6,36,0.00162343238,0.008063461,0,41,0
Kinematic-Cluster4-F,326,6.54,3,-2.685102,-1.24236155,-11.1046534,0,0,0,0,1,7,36,0.00162343238,0.008063461,0,41,0
Kinematic-Cluster4-F,327,6.56,0,-3.081102,-1.60660553,-2.05217743,0,0,0,0,1,8,36,0.00109892664,0.00500090653,0,41,0
Kinematic-Cluster4-F,327,6.56,1,-2.7023344,-1.61213779,-4.27843952,0,0,0,0,1,9,36,0.00109892664,0.00500090653,0,41,0
Kinematic-Cluster4-F,327,6.56,2,-3.06268382,-1.22840989,0.6927166,0,0,0,0,1,6,36,0.00109892664,0.00500090653,0,41,0
Kinematic-Cluster4-F,327,6.56,3,-2.685102,-1.24236155,-11.1046534,0,0,0,0,1,7,36,0.00109892664,0.00500090653,0,41,0
Kinematic-Cluster4-F,328,6.58,0,-3.081102,-1.60660553,-2.05217743,0,0,0,0,1,8,36,0.00173259131,0.00841234,0,41,0
Kinematic-Cluster4-F,328,6.58,1,-2.7023344,-1.61213779,-4.27843952,0,0,0,0,1,9,36,0.00173259131,0.00841234,0,41,0
Kinematic-Cluster4-F,328,6.58,2,-3.06268382,-1.22840989,0.6927166,0,0,0,0,1,6,36,0.00173259131,0.00841234,0,41,0
Kinematic-Cluster4-F,328,6.58,3,-2.685102,-1.24236155,-11.1046534,0,0,0,0,1,7,36,0.00173259131,0.00841234,0,41,0
Kinematic-Cluster4-F,329,6.6,0,-3.081102,-1.60660553,-2.05217743,0,0,0,0,1,8,36,0.0007715737,0.003400345,0,41,0
Kinematic-Cluster4-F,329,6.6,1,-2.7023344,-1.61213779,-4.27843952,0,0,0,0,1,9,36,0.0007715737,0.003400345,0,41,0
Kinematic-Cluster4-F,329,6.6,2,-3.06268382,-1.22840989,0.6927166,0,0,0,0,1,6,36,0.0007715737,0.003400345,0,41,0
Kinematic-Cluster4-F,329,6.6,3,-2.685102,-1.24236155,-11.1046534,0,0,0,0,1,7,36,0.0007715737,0.003400345,0,41,0
Kinematic-Cluster4-F,330,6.62,0,-3.081102,-1.60660553,-2.05217743,0,0,0,0,1,8,36,0.00106457842,0.0044272854,0,41,0
Kinematic-Cluster4-F,330,6.62,1,-2.7023344,-1.61213779,-4.27843952,0,0,0,0,1,9,36,0.00106457842,0.0044272854,0,41,0
Kinematic-Cluster4-F,330,6.62,2,-3.06268382,-1.22840989,0.6927166,0,0,0,0,1,6,36,0.00106457842,0.0044272854,0,41,0
Kinematic-Cluster4-F,330,6.62,3,-2.685102,-1.24236155,-11.1046534,0,0,0,0,1,7,36,0.00106457842,0.0044272854,0,41,0
Kinematic-Cluster4-F,331,6.64,0,-3.081102,-1.60660553,-2.05217743,0,0,0,0,1,8,36,0.00100128329,0.00334195932,0,41,0
Kinematic-Cluster4-F,331,6.64,1,-2.7023344,-1.61213779,-4.27843952,0,0,0,0,1,9,36,0.00100128329,0.00334195932,0,41,0
Kinematic-Cluster4-F,331,6.64,2,-3.06268382,-1.22840989,0.6927166,0,0,0,0,1,6,36,0.00100128329,0.00334195932,0,41,0
Kinematic-Cluster4-F,331,6.64,3,-2.685102,-1.24236155,-11.1046534,0,0,0,0,1,7,36,0.00100128329,0.00334195932,0,41,0
Kinematic-Cluster4-F,332,6.66,0,-3.081102,-1.60660553,-2.05217743,0,0,0,0,1,8,36,0.0012941655,0.004976249,0,41,0
Kinematic-Cluster4-F,332,6.66,1,-2.7023344,-1.61213779,-4.27843952,0,0,0,0,1,9,36,0.0012941655,0.004976249,0,41,0
Kinematic-Cluster4-F,332,6.66,2,-3.06268382,-1.22840989,0.6927166,0,0,0,0,1,6,36,0.0012941655,0.004976249,0,41,0
Kinematic-Cluster4-F,332,6.66,3,-2.685102,-1.24236155,-11.1046534,0,0,0,0,1,7,36,0.0012941655,0.004976249,0,41,0
Kinematic-Cluster4-F,333,6.68,0,-3.081102,-1.60660553,-2.05217743,0,0,0,0,1,8,36,0.001516945,0.006697293,0,41,0
Kinematic-Cluster4-F,333,6.68,1,-2.7023344,-1.61213779,-4.27843952,0,0,0,0,1,9,36,0.001516945,0.006697293,0,41,0
Kinematic-Cluster4-F,333,6.68,2,-3.06268382,-1.22840989,0.6927166,0,0,0,0,1,6,36,0.001516945,0.006697293,0,41,0
Kinematic-Cluster4-F,333,6.68,3,-2.685102,-1.24236155,-11.1046534,0,0,0,0,1,7,36,0.001516945,0.006697293,0,41,0
Kinematic-Cluster4-F,334,6.7,0,-3.081102,-1.60660553,-2.05217743,0,0,0,0,1,8,36,0.000579229963,0.00284754625,0,41,0
Kinematic-Cluster4-F,334,6.7,1,-2.7023344,-1.61213779,-4.27843952,0,0,0,0,1,9,36,0.000579229963,0.00284754625,0,41,0
Kinematic-Cluster4-F,334,6.7,2,-3.06268382,-1.22840989,0.6927166,0,0,0,0,1,6,36,0.000579229963,0.00284754625,0,41,0
Kinematic-Cluster4-F,334,6.7,3,-2.685102,-1.24236155,-11.1046534,0,0,0,0,1,7,36,0.000579229963,0.00284754625,0,41,0
Kinematic-Cluster4-F,335,6.72,0,-3.081102,-1.60660553,-2.05217743,0,0,0,0,1,8,36,0.0008603825,0.003393862,0,41,0
Kinematic-Cluster4-F,335,6.72,1,-2.7023344,-1.61213779,-4.27843952,0,0,0,0,1,9,36,0.0008603825,0.003393862,0,41,0
Kinematic-Cluster4-F,335,6.72,2,-3.06268382,-1.22840989,0.6927166,0,0,0,0,1,6,36,0.0008603825,0.003393862,0,41,0
Kinematic-Cluster4-F,335,6.72,3,-2.685102,-1.24236155,-11.1046534,0,0,0,0,1,7,36,0.0008603825,0.003393862,0,41,0
Kinematic-Cluster4-F,336,6.74,0,-3.081102,-1.60660553,-2.05217743,0,0,0,0,1,8,36,0.0008930171,0.00454136031,0,41,0
Kinematic-Cluster4-F,336,6.74,1,-2.7023344,-1.61213779,-4.27843952,0,0,0,0,1,9,36,0.0008930171,0.00454136031,0,41,0
Kinematic-Cluster4-F,336,6.74,2,-3.06268382,-1.22840989,0.6927166,0,0,0,0,1,6,36,0.0008930171,0.00454136031,0,41,0
Kinematic-Cluster4-F,336,6.74,3,-2.685102,-1.24236155,-11.1046534,0,0,0,0,1,7,36,0.0008930171,0.00454136031,0,41,0
Kinematic-Cluster4-F,337,6.75999975,0,-3.081102,-1.60660553,-2.05217743,0,0,0,0,1,8,36,0.00108776626,0.00552110374,0,41,0
Kinematic-Cluster4-F,337,6.75999975,1,-2.7023344,-1.61213779,-4.27843952,0,0,0,0,1,9,36,0.00108776626,0.00552110374,0,41,0
Kinematic-Cluster4-F,337,6.75999975,2,-3.06268382,-1.22840989,0.6927166,0,0,0,0,1,6,36,0.00108776626,0.00552110374,0,41,0
Kinematic-Cluster4-F,337,6.75999975,3,-2.685102,-1.24236155,-11.1046534,0,0,0,0,1,7,36,0.00108776626,0.00552110374,0,41,0
Kinematic-Cluster4-F,338,6.77999973,0,-3.081102,-1.60660553,-2.05217743,0,0,0,0,1,8,36,0.00170883641,0.008083046,0,41,0
Kinematic-Cluster4-F,338,6.77999973,1,-2.7023344,-1.61213779,-4.27843952,0,0,0,0,1,9,36,0.00170883641,0.008083046,0,41,0
Kinematic-Cluster4-F,338,6.77999973,2,-3.06268382,-1.22840989,0.6927166,0,0,0,0,1,6,36,0.00170883641,0.008083046,0,41,0
Kinematic-Cluster4-F,338,6.77999973,3,-2.685102,-1.24236155,-11.1046534,0,0,0,0,1,7,36,0.00170883641,0.008083046,0,41,0
Kinematic-Cluster4-F,339,6.79999971,0,-3.081102,-1.60660553,-2.05217743,0,0,0,0,1,8,36,0.000907860929,0.004019633,0,41,0
Kinematic-Cluster4-F,339,6.79999971,1,-2.7023344,-1.61213779,-4.27843952,0,0,0,0,1,9,36,0.000907860929,0.004019633,0,41,0
Kinematic-Cluster4-F,339,6.79999971,2,-3.06268382,-1.22840989,0.6927166,0,0,0,0,1,6,36,0.000907860929,0.004019633,0,41,0
Kinematic-Cluster4-F,339,6.79999971,3,-2.685102,-1.24236155,-11.1046534,0,0,0,0,1,7,36,0.000907860929,0.004019633,0,41,0
Kinematic-Cluster4-F,340,6.81999969,0,-3.081102,-1.60660553,-2.05217743,0,0,0,0,1,8,36,0.0011833976,0.0045970506,0,41,0
Kinematic-Cluster4-F,340,6.81999969,1,-2.7023344,-1.61213779,-4.27843952,0,0,0,0,1,9,36,0.0011833976,0.0045970506,0,41,0
Kinematic-Cluster4-F,340,6.81999969,2,-3.06268382,-1.22840989,0.6927166,0,0,0,0,1,6,36,0.0011833976,0.0045970506,0,41,0
Kinematic-Cluster4-F,340,6.81999969,3,-2.685102,-1.24236155,-11.1046534,0,0,0,0,1,7,36,0.0011833976,0.0045970506,0,41,0
Kinematic-Cluster4-F,341,6.83999968,0,-3.081102,-1.60660553,-2.05217743,0,0,0,0,1,8,36,0.00169958465,0.008046786,0,41,0
Kinematic-Cluster4-F,341,6.83999968,1,-2.7023344,-1.61213779,-4.27843952,0,0,0,0,1,9,36,0.00169958465,0.008046786,0,41,0
Kinematic-Cluster4-F,341,6.83999968,2,-3.06268382,-1.22840989,0.6927166,0,0,0,0,1,6,36,0.00169958465,0.008046786,0,41,0
Kinematic-Cluster4-F,341,6.83999968,3,-2.685102,-1.24236155,-11.1046534,0,0,0,0,1,7,36,0.00169958465,0.008046786,0,41,0
Kinematic-Cluster4-F,342,6.85999966,0,-3.081102,-1.60660553,-2.05217743,0,0,0,0,1,8,36,0.0008628394,0.004158148,0,41,0
Kinematic-Cluster4-F,342,6.85999966,1,-2.7023344,-1.61213779,-4.27843952,0,0,0,0,1,9,36,0.0008628394,0.004158148,0,41,0
Kinematic-Cluster4-F,342,6.85999966,2,-3.06268382,-1.22840989,0.6927166,0,0,0,0,1,6,36,0.0008628394,0.004158148,0,41,0
Kinematic-Cluster4-F,342,6.85999966,3,-2.685102,-1.24236155,-11.1046534,0,0,0,0,1,7,36,0.0008628394,0.004158148,0,41,0
Kinematic-Cluster4-F,343,6.87999964,0,-3.081102,-1.60660553,-2.05217743,0,0,0,0,1,8,36,0.0008350338,0.00401985273,0,41,0
Kinematic-Cluster4-F,343,6.87999964,1,-2.7023344,-1.61213779,-4.27843952,0,0,0,0,1,9,36,0.0008350338,0.00401985273,0,41,0
Kinematic-Cluster4-F,343,6.87999964,2,-3.06268382,-1.22840989,0.6927166,0,0,0,0,1,6,36,0.0008350338,0.00401985273,0,41,0
Kinematic-Cluster4-F,343,6.87999964,3,-2.685102,-1.24236155,-11.1046534,0,0,0,0,1,7,36,0.0008350338,0.00401985273,0,41,0
Kinematic-Cluster4-F,344,6.89999962,0,-3.081102,-1.60660553,-2.05217743,0,0,0,0,1,8,36,0.00129440567,0.005318158,0,41,0
Kinematic-Cluster4-F,344,6.89999962,1,-2.7023344,-1.61213779,-4.27843952,0,0,0,0,1,9,36,0.00129440567,0.005318158,0,41,0
Kinematic-Cluster4-F,344,6.89999962,2,-3.06268382,-1.22840989,0.6927166,0,0,0,0,1,6,36,0.00129440567,0.005318158,0,41,0
Kinematic-Cluster4-F,344,6.89999962,3,-2.685102,-1.24236155,-11.1046534,0,0,0,0,1,7,36,0.00129440567,0.005318158,0,41,0
Kinematic-Cluster4-F,345,6.92,0,-3.081102,-1.60660553,-2.05217743,0,0,0,0,1,8,36,0.00154465786,0.00673122052,0,41,0
Kinematic-Cluster4-F,345,6.92,1,-2.7023344,-1.61213779,-4.27843952,0,0,0,0,1,9,36,0.00154465786,0.00673122052,0,41,0
Kinematic-Cluster4-F,345,6.92,2,-3.06268382,-1.22840989,0.6927166,0,0,0,0,1,6,36,0.00154465786,0.00673122052,0,41,0
Kinematic-Cluster4-F,345,6.92,3,-2.685102,-1.24236155,-11.1046534,0,0,0,0,1,7,36,0.00154465786,0.00673122052,0,41,0
Kinematic-Cluster4-F,346,6.94,0,-3.081102,-1.60660553,-2.05217743,0,0,0,0,1,8,36,0.000819333538,0.003976105,0,41,0
Kinematic-Cluster4-F,346,6.94,1,-2.7023344,-1.61213779,-4.27843952,0,0,0,0,1,9,36,0.000819333538,0.003976105,0,41,0
Kinematic-Cluster4-F,346,6.94,2,-3.06268382,-1.22840989,0.6927166,0,0,0,0,1,6,36,0.000819333538,0.003976105,0,41,0
Kinematic-Cluster4-F,346,6.94,3,-2.685102,-1.24236155,-11.1046534,0,0,0,0,1,7,36,0.000819333538,0.003976105,0,41,0
Kinematic-Cluster4-F,347,6.96,0,-3.081102,-1.60660553,-2.05217743,0,0,0,0,1,8,36,0.001150123,0.00446019229,0,41,0
Kinematic-Cluster4-F,347,6.96,1,-2.7023344,-1.61213779,-4.27843952,0,0,0,0,1,9,36,0.001150123,0.00446019229,0,41,0
Kinematic-Cluster4-F,347,6.96,2,-3.06268382,-1.22840989,0.6927166,0,0,0,0,1,6,36,0.001150123,0.00446019229,0,41,0
Kinematic-Cluster4-F,347,6.96,3,-2.685102,-1.24236155,-11.1046534,0,0,0,0,1,7,36,0.001150123,0.00446019229,0,41,0
Kinematic-Cluster4-F,348,6.98,0,-3.081102,-1.60660553,-2.05217743,0,0,0,0,1,8,36,0.00116883963,0.00401258934,0,41,0
Kinematic-Cluster4-F,348,6.98,1,-2.7023344,-1.61213779,-4.27843952,0,0,0,0,1,9,36,0.00116883963,0.00401258934,0,41,0
Kinematic-Cluster4-F,348,6.98,2,-3.06268382,-1.22840989,0.6927166,0,0,0,0,1,6,36,0.00116883963,0.00401258934,0,41,0
Kinematic-Cluster4-F,348,6.98,3,-2.685102,-1.24236155,-11.1046534,0,0,0,0,1,7,36,0.00116883963,0.00401258934,0,41,0
Kinematic-Cluster4-F,349,7,0,-3.081102,-1.60660553,-2.05217743,0,0,0,0,1,8,36,0.00110577943,0.00559503026,0,41,0
Kinematic-Cluster4-F,349,7,1,-2.7023344,-1.61213779,-4.27843952,0,0,0,0,1,9,36,0.00110577943,0.00559503026,0,41,0
Kinematic-Cluster4-F,349,7,2,-3.06268382,-1.22840989,0.6927166,0,0,0,0,1,6,36,0.00110577943,0.00559503026,0,41,0
Kinematic-Cluster4-F,349,7,3,-2.685102,-1.24236155,-11.1046534,0,0,0,0,1,7,36,0.00110577943,0.00559503026,0,41,0
Kinematic-Cluster4-F,350,7.02,0,-3.081102,-1.60660553,-2.05217743,0,0,0,0,1,8,36,0.00136936572,0.005223365,0,41,0
Kinematic-Cluster4-F,350,7.02,1,-2.7023344,-1.61213779,-4.27843952,0,0,0,0,1,9,36,0.00136936572,0.005223365,0,41,0
Kinematic-Cluster4-F,350,7.02,2,-3.06268382,-1.22840989,0.6927166,0,0,0,0,1,6,36,0.00136936572,0.005223365,0,41,0
Kinematic-Cluster4-F,350,7.02,3,-2.685102,-1.24236155,-11.1046534,0,0,0,0,1,7,36,0.00136936572,0.005223365,0,41,0
Kinematic-Cluster4-F,351,7.04,0,-3.081102,-1.60660553,-2.05217743,0,0,0,0,1,8,36,0.0005715618,0.0028902262,0,41,0
Kinematic-Cluster4-F,351,7.04,1,-2.7023344,-1.61213779,-4.27843952,0,0,0,0,1,9,36,0.0005715618,0.0028902262,0,41,0
Kinematic-Cluster4-F,351,7.04,2,-3.06268382,-1.22840989,0.6927166,0,0,0,0,1,6,36,0.0005715618,0.0028902262,0,41,0
Kinematic-Cluster4-F,351,7.04,3,-2.685102,-1.24236155,-11.1046534,0,0,0,0,1,7,36,0.0005715618,0.0028902262,0,41,0
Kinematic-Cluster4-F,352,7.06,0,-3.081102,-1.60660553,-2.05217743,0,0,0,0,1,8,36,0.00107130955,0.0041422965,0,41,0
Kinematic-Cluster4-F,352,7.06,1,-2.7023344,-1.61213779,-4.27843952,0,0,0,0,1,9,36,0.00107130955,0.0041422965,0,41,0
Kinematic-Cluster4-F,352,7.06,2,-3.06268382,-1.22840989,0.6927166,0,0,0,0,1,6,36,0.00107130955,0.0041422965,0,41,0
Kinematic-Cluster4-F,352,7.06,3,-2.685102,-1.24236155,-11.1046534,0,0,0,0,1,7,36,0.00107130955,0.0041422965,0,41,0
Kinematic-Cluster4-F,353,7.08,0,-3.081102,-1.60660553,-2.05217743,0,0,0,0,1,8,36,0.001039716,0.004302131,0,41,0
Kinematic-Cluster4-F,353,7.08,1,-2.7023344,-1.61213779,-4.27843952,0,0,0,0,1,9,36,0.001039716,0.004302131,0,41,0
Kinematic-Cluster4-F,353,7.08,2,-3.06268382,-1.22840989,0.6927166,0,0,0,0,1,6,36,0.001039716,0.004302131,0,41,0
Kinematic-Cluster4-F,353,7.08,3,-2.685102,-1.24236155,-11.1046534,0,0,0,0,1,7,36,0.001039716,0.004302131,0,41,0
Kinematic-Cluster4-F,354,7.1,0,-3.081102,-1.60660553,-2.05217743,0,0,0,0,1,8,36,0.001680153,0.007442011,0,41,0
Kinematic-Cluster4-F,354,7.1,1,-2.7023344,-1.61213779,-4.27843952,0,0,0,0,1,9,36,0.001680153,0.007442011,0,41,0
Kinematic-Cluster4-F,354,7.1,2,-3.06268382,-1.22840989,0.6927166,0,0,0,0,1,6,36,0.001680153,0.007442011,0,41,0
Kinematic-Cluster4-F,354,7.1,3,-2.685102,-1.24236155,-11.1046534,0,0,0,0,1,7,36,0.001680153,0.007442011,0,41,0
Kinematic-Cluster4-F,355,7.12,0,-3.081102,-1.60660553,-2.05217743,0,0,0,0,1,8,36,0.000396501942,0.0017415724,0,41,0
Kinematic-Cluster4-F,355,7.12,1,-2.7023344,-1.61213779,-4.27843952,0,0,0,0,1,9,36,0.000396501942,0.0017415724,0,41,0
Kinematic-Cluster4-F,355,7.12,2,-3.06268382,-1.22840989,0.6927166,0,0,0,0,1,6,36,0.000396501942,0.0017415724,0,41,0
Kinematic-Cluster4-F,355,7.12,3,-2.685102,-1.24236155,-11.1046534,0,0,0,0,1,7,36,0.000396501942,0.0017415724,0,41,0
Kinematic-Cluster4-F,356,7.14,0,-3.081102,-1.60660553,-2.05217743,0,0,0,0,1,8,36,0.000743533252,0.004128503,0,41,0
Kinematic-Cluster4-F,356,7.14,1,-2.7023344,-1.61213779,-4.27843952,0,0,0,0,1,9,36,0.000743533252,0.004128503,0,41,0
Kinematic-Cluster4-F,356,7.14,2,-3.06268382,-1.22840989,0.6927166,0,0,0,0,1,6,36,0.000743533252,0.004128503,0,41,0
Kinematic-Cluster4-F,356,7.14,3,-2.685102,-1.24236155,-11.1046534,0,0,0,0,1,7,36,0.000743533252,0.004128503,0,41,0
Kinematic-Cluster4-F,357,7.16,0,-3.081102,-1.60660553,-2.05217743,0,0,0,0,1,8,36,0.00171946536,0.00817114953,0,41,0
Kinematic-Cluster4-F,357,7.16,1,-2.7023344,-1.61213779,-4.27843952,0,0,0,0,1,9,36,0.00171946536,0.00817114953,0,41,0
Kinematic-Cluster4-F,357,7.16,2,-3.06268382,-1.22840989,0.6927166,0,0,0,0,1,6,36,0.00171946536,0.00817114953,0,41,0
Kinematic-Cluster4-F,357,7.16,3,-2.685102,-1.24236155,-11.1046534,0,0,0,0,1,7,36,0.00171946536,0.00817114953,0,41,0
Kinematic-Cluster4-F,358,7.18,0,-3.081102,-1.60660553,-2.05217743,0,0,0,0,1,8,36,0.000975993462,0.00546285557,0,41,0
Kinematic-Cluster4-F,358,7.18,1,-2.7023344,-1.61213779,-4.27843952,0,0,0,0,1,9,36,0.000975993462,0.00546285557,0,41,0
Kinematic-Cluster4-F,358,7.18,2,-3.06268382,-1.22840989,0.6927166,0,0,0,0,1,6,36,0.000975993462,0.00546285557,0,41,0
Kinematic-Cluster4-F,358,7.18,3,-2.685102,-1.24236155,-11.1046534,0,0,0,0,1,7,36,0.000975993462,0.00546285557,0,41,0
Kinematic-Cluster4-F,359,7.2,0,-3.081102,-1.60660553,-2.05217743,0,0,0,0,1,8,36,0.00084973604,0.00310436962,0,41,0
Kinematic-Cluster4-F,359,7.2,1,-2.7023344,-1.61213779,-4.27843952,0,0,0,0,1,9,36,0.00084973604,0.00310436962,0,41,0
Kinematic-Cluster4-F,359,7.2,2,-3.06268382,-1.22840989,0.6927166,0,0,0,0,1,6,36,0.00084973604,0.00310436962,0,41,0
Kinematic-Cluster4-F,359,7.2,3,-2.685102,-1.24236155,-11.1046534,0,0,0,0,1,7,36,0.00084973604,0.00310436962,0,41,0
Kinematic-Cluster4-F,360,7.22,0,-3.081102,-1.60660553,-2.05217743,0,0,0,0,1,8,36,0.0005499528,0.00296299043,0,41,0
Kinematic-Cluster4-F,360,7.22,1,-2.7023344,-1.61213779,-4.27843952,0,0,0,0,1,9,36,0.0005499528,0.00296299043,0,41,0
Kinematic-Cluster4-F,360,7.22,2,-3.06268382,-1.22840989,0.6927166,0,0,0,0,1,6,36,0.0005499528,0.00296299043,0,41,0
Kinematic-Cluster4-F,360,7.22,3,-2.685102,-1.24236155,-11.1046534,0,0,0,0,1,7,36,0.0005499528,0.00296299043,0,41,0
Kinematic-Cluster4-F,361,7.24,0,-3.081102,-1.60660553,-2.05217743,0,0,0,0,1,8,36,0.0008288475,0.00527136726,0,41,0
Kinematic-Cluster4-F,361,7.24,1,-2.7023344,-1.61213779,-4.27843952,0,0,0,0,1,9,36,0.0008288475,0.00527136726,0,41,0
Kinematic-Cluster4-F,361,7.24,2,-3.06268382,-1.22840989,0.6927166,0,0,0,0,1,6,36,0.0008288475,0.00527136726,0,41,0
Kinematic-Cluster4-F,361,7.24,3,-2.685102,-1.24236155,-11.1046534,0,0,0,0,1,7,36,0.0008288475,0.00527136726,0,41,0
Kinematic-Cluster4-F,362,7.25999975,0,-3.081102,-1.60660553,-2.05217743,0,0,0,0,1,8,36,0.00116127671,0.00634727767,0,41,0
Kinematic-Cluster4-F,362,7.25999975,1,-2.7023344,-1.61213779,-4.27843952,0,0,0,0,1,9,36,0.00116127671,0.00634727767,0,41,0
Kinematic-Cluster4-F,362,7.25999975,2,-3.06268382,-1.22840989,0.6927166,0,0,0,0,1,6,36,0.00116127671,0.00634727767,0,41,0
Kinematic-Cluster4-F,362,7.25999975,3,-2.685102,-1.24236155,-11.1046534,0,0,0,0,1,7,36,0.00116127671,0.00634727767,0,41,0
Kinematic-Cluster4-F,363,7.27999973,0,-3.081102,-1.60660553,-2.05217743,0,0,0,0,1,8,36,0.00139569119,0.009295846,0,41,0
Kinematic-Cluster4-F,363,7.27999973,1,-2.7023344,-1.61213779,-4.27843952,0,0,0,0,1,9,36,0.00139569119,0.009295846,0,41,0
Kinematic-Cluster4-F,363,7.27999973,2,-3.06268382,-1.22840989,0.6927166,0,0,0,0,1,6,36,0.00139569119,0.009295846,0,41,0
Kinematic-Cluster4-F,363,7.27999973,3,-2.685102,-1.24236155,-11.1046534,0,0,0,0,1,7,36,0.00139569119,0.009295846,0,41,0
Kinematic-Cluster4-F,364,7.29999971,0,-3.081102,-1.60660553,-2.05217743,0,0,0,0,1,8,36,0.00103695912,0.00564519037,0,41,0
Kinematic-Cluster4-F,364,7.29999971,1,-2.7023344,-1.61213779,-4.27843952,0,0,0,0,1,9,36,0.00103695912,0.00564519037,0,41,0
Kinematic-Cluster4-F,364,7.29999971,2,-3.06268382,-1.22840989,0.6927166,0,0,0,0,1,6,36,0.00103695912,0.00564519037,0,41,0
Kinematic-Cluster4-F,364,7.29999971,3,-2.685102,-1.24236155,-11.1046534,0,0,0,0,1,7,36,0.00103695912,0.00564519037,0,41,0
Kinematic-Cluster4-F,365,7.31999969,0,-3.081102,-1.60660553,-2.05217743,0,0,0,0,1,8,36,0.00120793411,0.00588391256,0,41,0
Kinematic-Cluster4-F,365,7.31999969,1,-2.7023344,-1.61213779,-4.27843952,0,0,0,0,1,9,36,0.00120793411,0.00588391256,0,41,0
Kinematic-Cluster4-F,365,7.31999969,2,-3.06268382,-1.22840989,0.6927166,0,0,0,0,1,6,36,0.00120793411,0.00588391256,0,41,0
Kinematic-Cluster4-F,365,7.31999969,3,-2.685102,-1.24236155,-11.1046534,0,0,0,0,1,7,36,0.00120793411,0.00588391256,0,41,0
Kinematic-Cluster4-F,366,7.33999968,0,-3.081102,-1.60660553,-2.05217743,0,0,0,0,1,8,36,0.00127626408,0.00675211335,0,41,0
Kinematic-Cluster4-F,366,7.33999968,1,-2.7023344,-1.61213779,-4.27843952,0,0,0,0,1,9,36,0.00127626408,0.00675211335,0,41,0
Kinematic-Cluster4-F,366,7.33999968,2,-3.06268382,-1.22840989,0.6927166,0,0,0,0,1,6,36,0.00127626408,0.00675211335,0,41,0
Kinematic-Cluster4-F,366,7.33999968,3,-2.685102,-1.24236155,-11.1046534,0,0,0,0,1,7,36,0.00127626408,0.00675211335,0,41,0
Kinematic-Cluster4-F,367,7.35999966,0,-3.081102,-1.60660553,-2.05217743,0,0,0,0,1,8,36,0.0005455643,0.00189026317,0,41,0
Kinematic-Cluster4-F,367,7.35999966,1,-2.7023344,-1.61213779,-4.27843952,0,0,0,0,1,9,36,0.0005455643,0.00189026317,0,41,0
Kinematic-Cluster4-F,367,7.35999966,2,-3.06268382,-1.22840989,0.6927166,0,0,0,0,1,6,36,0.0005455643,0.00189026317,0,41,0
Kinematic-Cluster4-F,367,7.35999966,3,-2.685102,-1.24236155,-11.1046534,0,0,0,0,1,7,36,0.0005455643,0.00189026317,0,41,0
Kinematic-Cluster4-F,368,7.37999964,0,-3.081102,-1.60660553,-2.05217743,0,0,0,0,1,8,36,0.00175443769,0.006704682,0,41,0
Kinematic-Cluster4-F,368,7.37999964,1,-2.7023344,-1.61213779,-4.27843952,0,0,0,0,1,9,36,0.00175443769,0.006704682,0,41,0
Kinematic-Cluster4-F,368,7.37999964,2,-3.06268382,-1.22840989,0.6927166,0,0,0,0,1,6,36,0.00175443769,0.006704682,0,41,0
Kinematic-Cluster4-F,368,7.37999964,3,-2.685102,-1.24236155,-11.1046534,0,0,0,0,1,7,36,0.00175443769,0.006704682,0,41,0
Kinematic-Cluster4-F,369,7.39999962,0,-3.081102,-1.60660553,-2.05217743,0,0,0,0,1,8,36,0.000629485,0.00238867127,0,41,0
Kinematic-Cluster4-F,369,7.39999962,1,-2.7023344,-1.61213779,-4.27843952,0,0,0,0,1,9,36,0.000629485,0.00238867127,0,41,0
Kinematic-Cluster4-F,369,7.39999962,2,-3.06268382,-1.22840989,0.6927166,0,0,0,0,1,6,36,0.000629485,0.00238867127,0,41,0
Kinematic-Cluster4-F,369,7.39999962,3,-2.685102,-1.24236155,-11.1046534,0,0,0,0,1,7,36,0.000629485,0.00238867127,0,41,0
Kinematic-Cluster4-F,370,7.4199996,0,-3.081102,-1.60660553,-2.05217743,0,0,0,0,1,8,36,0.00102561829,0.006530838,0,41,0
Kinematic-Cluster4-F,370,7.4199996,1,-2.7023344,-1.61213779,-4.27843952,0,0,0,0,1,9,36,0.00102561829,0.006530838,0,41,0
Kinematic-Cluster4-F,370,7.4199996,2,-3.06268382,-1.22840989,0.6927166,0,0,0,0,1,6,36,0.00102561829,0.006530838,0,41,0
Kinematic-Cluster4-F,370,7.4199996,3,-2.685102,-1.24236155,-11.1046534,0,0,0,0,1,7,36,0.00102561829,0.006530838,0,41,0
Kinematic-Cluster4-F,371,7.44,0,-3.081102,-1.60660553,-2.05217743,0,0,0,0,1,8,36,0.0001749643,0.0008952995,0,41,0
Kinematic-Cluster4-F,371,7.44,1,-2.7023344,-1.61213779,-4.27843952,0,0,0,0,1,9,36,0.0001749643,0.0008952995,0,41,0
Kinematic-Cluster4-F,371,7.44,2,-3.06268382,-1.22840989,0.6927166,0,0,0,0,1,6,36,0.0001749643,0.0008952995,0,41,0
Kinematic-Cluster4-F,371,7.44,3,-2.685102,-1.24236155,-11.1046534,0,0,0,0,1,7,36,0.0001749643,0.0008952995,0,41,0
Kinematic-Cluster4-F,372,7.46,0,-3.081102,-1.60660553,-2.05217743,0,0,0,0,1,8,36,0.000382693659,0.00212275633,0,41,0
Kinematic-Cluster4-F,372,7.46,1,-2.7023344,-1.61213779,-4.27843952,0,0,0,0,1,9,36,0.000382693659,0.00212275633,0,41,0
Kinematic-Cluster4-F,372,7.46,2,-3.06268382,-1.22840989,0.6927166,0,0,0,0,1,6,36,0.000382693659,0.00212275633,0,41,0
Kinematic-Cluster4-F,372,7.46,3,-2.685102,-1.24236155,-11.1046534,0,0,0,0,1,7,36,0.000382693659,0.00212275633,0,41,0
Kinematic-Cluster4-F,373,7.48,0,-3.081102,-1.60660553,-2.05217743,0,0,0,0,1,8,36,0.0008805729,0.004264354,0,41,0
Kinematic-Cluster4-F,373,7.48,1,-2.7023344,-1.61213779,-4.27843952,0,0,0,0,1,9,36,0.0008805729,0.004264354,0,41,0
Kinematic-Cluster4-F,373,7.48,2,-3.06268382,-1.22840989,0.6927166,0,0,0,0,1,6,36,0.0008805729,0.004264354,0,41,0
Kinematic-Cluster4-F,373,7.48,3,-2.685102,-1.24236155,-11.1046534,0,0,0,0,1,7,36,0.0008805729,0.004264354,0,41,0
Kinematic-Cluster4-F,374,7.5,0,-3.081102,-1.60660553,-2.05217743,0,0,0,0,1,8,36,0.0008749958,0.004335926,0,41,0
Kinematic-Cluster4-F,374,7.5,1,-2.7023344,-1.61213779,-4.27843952,0,0,0,0,1,9,36,0.0008749958,0.004335926,0,41,0
Kinematic-Cluster4-F,374,7.5,2,-3.06268382,-1.22840989,0.6927166,0,0,0,0,1,6,36,0.0008749958,0.004335926,0,41,0
Kinematic-Cluster4-F,374,7.5,3,-2.685102,-1.24236155,-11.1046534,0,0,0,0,1,7,36,0.0008749958,0.004335926,0,41,0
Kinematic-Cluster4-F,375,7.52,0,-3.081102,-1.60660553,-2.05217743,0,0,0,0,1,8,36,0.000911534,0.005462748,0,41,0
Kinematic-Cluster4-F,375,7.52,1,-2.7023344,-1.61213779,-4.27843952,0,0,0,0,1,9,36,0.000911534,0.005462748,0,41,0
Kinematic-Cluster4-F,375,7.52,2,-3.06268382,-1.22840989,0.6927166,0,0,0,0,1,6,36,0.000911534,0.005462748,0,41,0
Kinematic-Cluster4-F,375,7.52,3,-2.685102,-1.24236155,-11.1046534,0,0,0,0,1,7,36,0.000911534,0.005462748,0,41,0
Kinematic-Cluster4-F,376,7.54,0,-3.081102,-1.60660553,-2.05217743,0,0,0,0,1,8,36,0.0008312872,0.00441261427,0,41,0
Kinematic-Cluster4-F,376,7.54,1,-2.7023344,-1.61213779,-4.27843952,0,0,0,0,1,9,36,0.0008312872,0.00441261427,0,41,0
Kinematic-Cluster4-F,376,7.54,2,-3.06268382,-1.22840989,0.6927166,0,0,0,0,1,6,36,0.0008312872,0.00441261427,0,41,0
Kinematic-Cluster4-F,376,7.54,3,-2.685102,-1.24236155,-11.1046534,0,0,0,0,1,7,36,0.0008312872,0.00441261427,0,41,0
Kinematic-Cluster4-F,377,7.56,0,-3.081102,-1.60660553,-2.05217743,0,0,0,0,1,8,36,0.000939198362,0.00390670076,0,41,0
Kinematic-Cluster4-F,377,7.56,1,-2.7023344,-1.61213779,-4.27843952,0,0,0,0,1,9,36,0.000939198362,0.00390670076,0,41,0
Kinematic-Cluster4-F,377,7.56,2,-3.06268382,-1.22840989,0.6927166,0,0,0,0,1,6,36,0.000939198362,0.00390670076,0,41,0
Kinematic-Cluster4-F,377,7.56,3,-2.685102,-1.24236155,-11.1046534,0,0,0,0,1,7,36,0.000939198362,0.00390670076,0,41,0
Kinematic-Cluster4-F,378,7.58,0,-3.081102,-1.60660553,-2.05217743,0,0,0,0,1,8,36,0.001325792,0.007790935,0,41,0
Kinematic-Cluster4-F,378,7.58,1,-2.7023344,-1.61213779,-4.27843952,0,0,0,0,1,9,36,0.001325792,0.007790935,0,41,0
Kinematic-Cluster4-F,378,7.58,2,-3.06268382,-1.22840989,0.6927166,0,0,0,0,1,6,36,0.001325792,0.007790935,0,41,0
Kinematic-Cluster4-F,378,7.58,3,-2.685102,-1.24236155,-11.1046534,0,0,0,0,1,7,36,0.001325792,0.007790935,0,41,0
Kinematic-Cluster4-F,379,7.6,0,-3.081102,-1.60660553,-2.05217743,0,0,0,0,1,8,36,0.00116068253,0.00422580866,0,41,0
Kinematic-Cluster4-F,379,7.6,1,-2.7023344,-1.61213779,-4.27843952,0,0,0,0,1,9,36,0.00116068253,0.00422580866,0,41,0
Kinematic-Cluster4-F,379,7.6,2,-3.06268382,-1.22840989,0.6927166,0,0,0,0,1,6,36,0.00116068253,0.00422580866,0,41,0
Kinematic-Cluster4-F,379,7.6,3,-2.685102,-1.24236155,-11.1046534,0,0,0,0,1,7,36,0.00116068253,0.00422580866,0,41,0
Kinematic-Cluster4-F,380,7.62,0,-3.081102,-1.60660553,-2.05217743,0,0,0,0,1,8,36,0.000602282,0.00265960465,0,41,0
Kinematic-Cluster4-F,380,7.62,1,-2.7023344,-1.61213779,-4.27843952,0,0,0,0,1,9,36,0.000602282,0.00265960465,0,41,0
Kinematic-Cluster4-F,380,7.62,2,-3.06268382,-1.22840989,0.6927166,0,0,0,0,1,6,36,0.000602282,0.00265960465,0,41,0
Kinematic-Cluster4-F,380,7.62,3,-2.685102,-1.24236155,-11.1046534,0,0,0,0,1,7,36,0.000602282,0.00265960465,0,41,0
Kinematic-Cluster4-F,381,7.64,0,-3.081102,-1.60660553,-2.05217743,0,0,0,0,1,8,36,0.000813093,0.004547842,0,41,0
Kinematic-Cluster4-F,381,7.64,1,-2.7023344,-1.61213779,-4.27843952,0,0,0,0,1,9,36,0.000813093,0.004547842,0,41,0
Kinematic-Cluster4-F,381,7.64,2,-3.06268382,-1.22840989,0.6927166,0,0,0,0,1,6,36,0.000813093,0.004547842,0,41,0
Kinematic-Cluster4-F,381,7.64,3,-2.685102,-1.24236155,-11.1046534,0,0,0,0,1,7,36,0.000813093,0.004547842,0,41,0
Kinematic-Cluster4-F,382,7.66,0,-3.081102,-1.60660553,-2.05217743,0,0,0,0,1,8,36,0.0007432656,0.004920355,0,41,0
Kinematic-Cluster4-F,382,7.66,1,-2.7023344,-1.61213779,-4.27843952,0,0,0,0,1,9,36,0.0007432656,0.004920355,0,41,0
Kinematic-Cluster4-F,382,7.66,2,-3.06268382,-1.22840989,0.6927166,0,0,0,0,1,6,36,0.0007432656,0.004920355,0,41,0
Kinematic-Cluster4-F,382,7.66,3,-2.685102,-1.24236155,-11.1046534,0,0,0,0,1,7,36,0.0007432656,0.004920355,0,41,0
Kinematic-Cluster4-F,383,7.68,0,-3.081102,-1.60660553,-2.05217743,0,0,0,0,1,8,36,0.0005164333,0.00220042677,0,41,0
Kinematic-Cluster4-F,383,7.68,1,-2.7023344,-1.61213779,-4.27843952,0,0,0,0,1,9,36,0.0005164333,0.00220042677,0,41,0
Kinematic-Cluster4-F,383,7.68,2,-3.06268382,-1.22840989,0.6927166,0,0,0,0,1,6,36,0.0005164333,0.00220042677,0,41,0
Kinematic-Cluster4-F,383,7.68,3,-2.685102,-1.24236155,-11.1046534,0,0,0,0,1,7,36,0.0005164333,0.00220042677,0,41,0
Kinematic-Cluster4-F,384,7.7,0,-3.081102,-1.60660553,-2.05217743,0,0,0,0,1,8,36,0.0009850775,0.005071774,0,41,0
Kinematic-Cluster4-F,384,7.7,1,-2.7023344,-1.61213779,-4.27843952,0,0,0,0,1,9,36,0.0009850775,0.005071774,0,41,0
Kinematic-Cluster4-F,384,7.7,2,-3.06268382,-1.22840989,0.6927166,0,0,0,0,1,6,36,0.0009850775,0.005071774,0,41,0
Kinematic-Cluster4-F,384,7.7,3,-2.685102,-1.24236155,-11.1046534,0,0,0,0,1,7,36,0.0009850775,0.005071774,0,41,0
Kinematic-Cluster4-F,385,7.72,0,-3.081102,-1.60660553,-2.05217743,0,0,0,0,1,8,36,0.000907341542,0.00517147966,0,41,0
Kinematic-Cluster4-F,385,7.72,1,-2.7023344,-1.61213779,-4.27843952,0,0,0,0,1,9,36,0.000907341542,0.00517147966,0,41,0
Kinematic-Cluster4-F,385,7.72,2,-3.06268382,-1.22840989,0.6927166,0,0,0,0,1,6,36,0.000907341542,0.00517147966,0,41,0
Kinematic-Cluster4-F,385,7.72,3,-2.685102,-1.24236155,-11.1046534,0,0,0,0,1,7,36,0.000907341542,0.00517147966,0,41,0
Kinematic-Cluster4-F,386,7.74,0,-3.081102,-1.60660553,-2.05217743,0,0,0,0,1,8,36,0.00105425052,0.004824261,0,41,0
Kinematic-Cluster4-F,386,7.74,1,-2.7023344,-1.61213779,-4.27843952,0,0,0,0,1,9,36,0.00105425052,0.004824261,0,41,0
Kinematic-Cluster4-F,386,7.74,2,-3.06268382,-1.22840989,0.6927166,0,0,0,0,1,6,36,0.00105425052,0.004824261,0,41,0
Kinematic-Cluster4-F,386,7.74,3,-2.685102,-1.24236155,-11.1046534,0,0,0,0,1,7,36,0.00105425052,0.004824261,0,41,0
Kinematic-Cluster4-F,387,7.75999975,0,-3.081102,-1.60660553,-2.05217743,0,0,0,0,1,8,36,0.000564051,0.00250632572,0,41,0
Kinematic-Cluster4-F,387,7.75999975,1,-2.7023344,-1.61213779,-4.27843952,0,0,0,0,1,9,36,0.000564051,0.00250632572,0,41,0
Kinematic-Cluster4-F,387,7.75999975,2,-3.06268382,-1.22840989,0.6927166,0,0,0,0,1,6,36,0.000564051,0.00250632572,0,41,0
Kinematic-Cluster4-F,387,7.75999975,3,-2.685102,-1.24236155,-11.1046534,0,0,0,0,1,7,36,0.000564051,0.00250632572,0,41,0
Kinematic-Cluster4-F,388,7.77999973,0,-3.081102,-1.60660553,-2.05217743,0,0,0,0,1,8,36,0.0008718556,0.005011186,0,41,0
Kinematic-Cluster4-F,388,7.77999973,1,-2.7023344,-1.61213779,-4.27843952,0,0,0,0,1,9,36,0.0008718556,0.005011186,0,41,0
Kinematic-Cluster4-F,388,7.77999973,2,-3.06268382,-1.22840989,0.6927166,0,0,0,0,1,6,36,0.0008718556,0.005011186,0,41,0
Kinematic-Cluster4-F,388,7.77999973,3,-2.685102,-1.24236155,-11.1046534,0,0,0,0,1,7,36,0.0008718556,0.005011186,0,41,0
Kinematic-Cluster4-F,389,7.79999971,0,-3.081102,-1.60660553,-2.05217743,0,0,0,0,1,8,36,0.0007796701,0.005003272,0,41,0
Kinematic-Cluster4-F,389,7.79999971,1,-2.7023344,-1.61213779,-4.27843952,0,0,0,0,1,9,36,0.0007796701,0.005003272,0,41,0
Kinematic-Cluster4-F,389,7.79999971,2,-3.06268382,-1.22840989,0.6927166,0,0,0,0,1,6,36,0.0007796701,0.005003272,0,41,0
Kinematic-Cluster4-F,389,7.79999971,3,-2.685102,-1.24236155,-11.1046534,0,0,0,0,1,7,36,0.0007796701,0.005003272,0,41,0
Kinematic-Cluster4-F,390,7.81999969,0,-3.081102,-1.60660553,-2.05217743,0,0,0,0,1,8,36,0.0006048666,0.00317725423,0,41,0
Kinematic-Cluster4-F,390,7.81999969,1,-2.7023344,-1.61213779,-4.27843952,0,0,0,0,1,9,36,0.0006048666,0.00317725423,0,41,0
Kinematic-Cluster4-F,390,7.81999969,2,-3.06268382,-1.22840989,0.6927166,0,0,0,0,1,6,36,0.0006048666,0.00317725423,0,41,0
Kinematic-Cluster4-F,390,7.81999969,3,-2.685102,-1.24236155,-11.1046534,0,0,0,0,1,7,36,0.0006048666,0.00317725423,0,41,0
Kinematic-Cluster4-F,391,7.83999968,0,-3.081102,-1.60660553,-2.05217743,0,0,0,0,1,8,36,0.0008036493,0.00389627134,0,41,0
Kinematic-Cluster4-F,391,7.83999968,1,-2.7023344,-1.61213779,-4.27843952,0,0,0,0,1,9,36,0.0008036493,0.00389627134,0,41,0
Kinematic-Cluster4-F,391,7.83999968,2,-3.06268382,-1.22840989,0.6927166,0,0,0,0,1,6,36,0.0008036493,0.00389627134,0,41,0
Kinematic-Cluster4-F,391,7.83999968,3,-2.685102,-1.24236155,-11.1046534,0,0,0,0,1,7,36,0.0008036493,0.00389627134,0,41,0
Kinematic-Cluster4-F,392,7.85999966,0,-3.081102,-1.60660553,-2.05217743,0,0,0,0,1,8,36,0.0007769826,0.00429107063,0,41,0
Kinematic-Cluster4-F,392,7.85999966,1,-2.7023344,-1.61213779,-4.27843952,0,0,0,0,1,9,36,0.0007769826,0.00429107063,0,41,0
Kinematic-Cluster4-F,392,7.85999966,2,-3.06268382,-1.22840989,0.6927166,0,0,0,0,1,6,36,0.0007769826,0.00429107063,0,41,0
Kinematic-Cluster4-F,392,7.85999966,3,-2.685102,-1.24236155,-11.1046534,0,0,0,0,1,7,36,0.0007769826,0.00429107063,0,41,0
Kinematic-Cluster4-F,393,7.87999964,0,-3.081102,-1.60660553,-2.05217743,0,0,0,0,1,8,36,0.00089325587,0.00352383684,0,41,0
Kinematic-Cluster4-F,393,7.87999964,1,-2.7023344,-1.61213779,-4.27843952,0,0,0,0,1,9,36,0.00089325587,0.00352383684,0,41,0
Kinematic-Cluster4-F,393,7.87999964,2,-3.06268382,-1.22840989,0.6927166,0,0,0,0,1,6,36,0.00089325587,0.00352383684,0,41,0
Kinematic-Cluster4-F,393,7.87999964,3,-2.685102,-1.24236155,-11.1046534,0,0,0,0,1,7,36,0.00089325587,0.00352383684,0,41,0
Kinematic-Cluster4-F,394,7.89999962,0,-3.081102,-1.60660553,-2.05217743,0,0,0,0,1,8,36,0.000685889856,0.00263093482,0,41,0
Kinematic-Cluster4-F,394,7.89999962,1,-2.7023344,-1.61213779,-4.27843952,0,0,0,0,1,9,36,0.000685889856,0.00263093482,0,41,0
Kinematic-Cluster4-F,394,7.89999962,2,-3.06268382,-1.22840989,0.6927166,0,0,0,0,1,6,36,0.000685889856,0.00263093482,0,41,0
Kinematic-Cluster4-F,394,7.89999962,3,-2.685102,-1.24236155,-11.1046534,0,0,0,0,1,7,36,0.000685889856,0.00263093482,0,41,0
Kinematic-Cluster4-F,395,7.9199996,0,-3.081102,-1.60660553,-2.05217743,0,0,0,0,1,8,36,0.0009236091,0.00668057,0,41,0
Kinematic-Cluster4-F,395,7.9199996,1,-2.7023344,-1.61213779,-4.27843952,0,0,0,0,1,9,36,0.0009236091,0.00668057,0,41,0
Kinematic-Cluster4-F,395,7.9199996,2,-3.06268382,-1.22840989,0.6927166,0,0,0,0,1,6,36,0.0009236091,0.00668057,0,41,0
Kinematic-Cluster4-F,395,7.9199996,3,-2.685102,-1.24236155,-11.1046534,0,0,0,0,1,7,36,0.0009236091,0.00668057,0,41,0
Kinematic-Cluster4-F,396,7.94,0,-3.081102,-1.60660553,-2.05217743,0,0,0,0,1,8,36,0.000615733559,0.002660581,0,41,0
Kinematic-Cluster4-F,396,7.94,1,-2.7023344,-1.61213779,-4.27843952,0,0,0,0,1,9,36,0.000615733559,0.002660581,0,41,0
Kinematic-Cluster4-F,396,7.94,2,-3.06268382,-1.22840989,0.6927166,0,0,0,0,1,6,36,0.000615733559,0.002660581,0,41,0
Kinematic-Cluster4-F,396,7.94,3,-2.685102,-1.24236155,-11.1046534,0,0,0,0,1,7,36,0.000615733559,0.002660581,0,41,0
Kinematic-Cluster4-F,397,7.96,0,-3.081102,-1.60660553,-2.05217743,0,0,0,0,1,8,36,0.0012255254,0.005718625,0,41,0
Kinematic-Cluster4-F,397,7.96,1,-2.7023344,-1.61213779,-4.27843952,0,0,0,0,1,9,36,0.0012255254,0.005718625,0,41,0
Kinematic-Cluster4-F,397,7.96,2,-3.06268382,-1.22840989,0.6927166,0,0,0,0,1,6,36,0.0012255254,0.005718625,0,41,0
Kinematic-Cluster4-F,397,7.96,3,-2.685102,-1.24236155,-11.1046534,0,0,0,0,1,7,36,0.0012255254,0.005718625,0,41,0
Kinematic-Cluster4-F,398,7.98,0,-3.081102,-1.60660553,-2.05217743,0,0,0,0,1,8,36,0.00164308434,0.00844789,0,41,0
Kinematic-Cluster4-F,398,7.98,1,-2.7023344,-1.61213779,-4.27843952,0,0,0,0,1,9,36,0.00164308434,0.00844789,0,41,0
Kinematic-Cluster4-F,398,7.98,2,-3.06268382,-1.22840989,0.6927166,0,0,0,0,1,6,36,0.00164308434,0.00844789,0,41,0
Kinematic-Cluster4-F,398,7.98,3,-2.685102,-1.24236155,-11.1046534,0,0,0,0,1,7,36,0.00164308434,0.00844789,0,41,0
Kinematic-Cluster4-F,399,8,0,-3.081102,-1.60660553,-2.05217743,0,0,0,0,1,8,36,0.00117780187,0.00559717743,0,41,0
Kinematic-Cluster4-F,399,8,1,-2.7023344,-1.61213779,-4.27843952,0,0,0,0,1,9,36,0.00117780187,0.00559717743,0,41,0
Kinematic-Cluster4-F,399,8,2,-3.06268382,-1.22840989,0.6927166,0,0,0,0,1,6,36,0.00117780187,0.00559717743,0,41,0
Kinematic-Cluster4-F,399,8,3,-2.685102,-1.24236155,-11.1046534,0,0,0,0,1,7,36,0.00117780187,0.00559717743,0,41,0
Kinematic-FixedSingle-F,300,6.02,0,-2.903136,-1.5167501,0,0,0,0,0,1,0,29,0.00157384877,0.006158463,0,40.5,0
Kinematic-FixedSingle-F,301,6.04,0,-2.903136,-1.5167501,0,0,0,0,0,1,0,29,0.00152022776,0.00610892,0,40.5,0
Kinematic-FixedSingle-F,302,6.06,0,-2.903136,-1.5167501,0,0,0,0,0,1,0,29,0.00146265817,0.006017655,0,40.5,0
Kinematic-FixedSingle-F,303,6.08,0,-2.903136,-1.5167501,0,0,0,0,0,1,0,29,0.001405788,0.00582915032,0,40.5,0
Kinematic-FixedSingle-F,304,6.1,0,-2.903136,-1.5167501,0,0,0,0,0,1,0,29,0.00133826456,0.005609226,0,40.5,0
Kinematic-FixedSingle-F,305,6.12,0,-2.903136,-1.5167501,0,0,0,0,0,1,0,29,0.00126845448,0.00533789024,0,40.5,0
Kinematic-FixedSingle-F,306,6.14,0,-2.903136,-1.5167501,0,0,0,0,0,1,0,29,0.00119985978,0.005172233,0,40.5,0
Kinematic-FixedSingle-F,307,6.16,0,-2.903136,-1.5167501,0,0,0,0,0,1,0,29,0.00112930243,0.00483892253,0,40.5,0
Kinematic-FixedSingle-F,308,6.18,0,-2.903136,-1.5167501,0,0,0,0,0,1,0,29,0.00105311791,0.00453244569,0,40.5,0
Kinematic-FixedSingle-F,309,6.2,0,-2.903136,-1.5167501,0,0,0,0,0,1,0,29,0.0009849153,0.00418398948,0,40.5,0
Kinematic-FixedSingle-F,310,6.22,0,-2.903136,-1.5167501,0,0,0,0,0,1,0,29,0.000920424645,0.00386422337,0,40.5,0
Kinematic-FixedSingle-F,311,6.24,0,-2.903136,-1.5167501,0,0,0,0,0,1,0,29,0.0008609693,0.00357276178,0,40.5,0
Kinematic-FixedSingle-F,312,6.25999975,0,-2.903136,-1.5167501,0,0,0,0,0,1,0,29,0.000799135771,0.00339175249,0,40.5,0
Kinematic-FixedSingle-F,313,6.27999973,0,-2.903136,-1.5167501,0,0,0,0,0,1,0,29,0.000751946354,0.00334689324,0,40.5,0
Kinematic-FixedSingle-F,314,6.29999971,0,-2.903136,-1.5167501,0,0,0,0,0,1,0,29,0.0007039852,0.003079291,0,40.5,0
Kinematic-FixedSingle-F,315,6.31999969,0,-2.903136,-1.5167501,0,0,0,0,0,1,0,29,0.000653505849,0.00281795231,0,40.5,0
Kinematic-FixedSingle-F,316,6.33999968,0,-2.903136,-1.5167501,0,0,0,0,0,1,0,29,0.000609764,0.00256582,0,40.5,0
Kinematic-FixedSingle-F,317,6.35999966,0,-2.903136,-1.5167501,0,0,0,0,0,1,0,29,0.0005874615,0.00240768259,0,40.5,0
Kinematic-FixedSingle-F,318,6.37999964,0,-2.903136,-1.5167501,0,0,0,0,0,1,0,29,0.0005310505,0.00212030555,0,40.5,0
Kinematic-FixedSingle-F,319,6.39999962,0,-2.903136,-1.5167501,0,0,0,0,0,1,0,29,0.000519781432,0.0020053538,0,40.5,0
Kinematic-FixedSingle-F,320,6.42,0,-2.903136,-1.5167501,0,0,0,0,0,1,0,29,0.00045746853,0.001779263,0,40.5,0
Kinematic-FixedSingle-F,321,6.44,0,-2.903136,-1.5167501,0,0,0,0,0,1,0,29,0.000455211441,0.00161985564,0,40.5,0
Kinematic-FixedSingle-F,322,6.46,0,-2.903136,-1.5167501,0,0,0,0,0,1,0,29,0.000400247838,0.00151914463,0,40.5,0
Kinematic-FixedSingle-F,323,6.48,0,-2.903136,-1.5167501,0,0,0,0,0,1,0,29,0.000400048069,0.00125351537,0,40.5,0
Kinematic-FixedSingle-F,324,6.5,0,-2.903136,-1.5167501,0,0,0,0,0,1,0,29,0.000350131741,0.00118582277,0,40.5,0
Kinematic-FixedSingle-F,325,6.52,0,-2.903136,-1.5167501,0,0,0,0,0,1,0,29,0.0003439508,0.00110773381,0,40.5,0
Kinematic-FixedSingle-F,326,6.54,0,-2.903136,-1.5167501,0,0,0,0,0,1,0,29,0.000328891852,0.0009593313,0,40.5,0
Kinematic-FixedSingle-F,327,6.56,0,-2.903136,-1.5167501,0,0,0,0,0,1,0,29,0.00031240526,0.0008593633,0,40.5,0
Kinematic-FixedSingle-F,328,6.58,0,-2.903136,-1.5167501,0,0,0,0,0,1,0,29,0.0002941538,0.00080508797,0,40.5,0
Kinematic-FixedSingle-F,329,6.6,0,-2.903136,-1.5167501,0,0,0,0,0,1,0,29,0.0002827788,0.0007547487,0,40.5,0
Kinematic-FixedSingle-F,330,6.62,0,-2.903136,-1.5167501,0,0,0,0,0,1,0,29,0.000270631135,0.000723147066,0,40.5,0
Kinematic-FixedSingle-F,331,6.64,0,-2.903136,-1.5167501,0,0,0,0,0,1,0,29,0.0002708867,0.000760042341,0,40.5,0
Kinematic-FixedSingle-F,332,6.66,0,-2.903136,-1.5167501,0,0,0,0,0,1,0,29,0.000266686373,0.000740671763,0,40.5,0
Kinematic-FixedSingle-F,333,6.68,0,-2.903136,-1.5167501,0,0,0,0,0,1,0,29,0.000268755684,0.000707287632,0,40.5,0
Kinematic-FixedSingle-F,334,6.7,0,-2.903136,-1.5167501,0,0,0,0,0,1,0,29,0.000261826441,0.000705225742,0,40.5,0
Kinematic-FixedSingle-F,335,6.72,0,-2.903136,-1.5167501,0,0,0,0,0,1,0,29,0.000250393758,0.000698249554,0,40.5,0
Kinematic-FixedSingle-F,336,6.74,0,-2.903136,-1.5167501,0,0,0,0,0,1,0,29,0.0002544866,0.0007048415,0,40.5,0
Kinematic-FixedSingle-F,337,6.75999975,0,-2.903136,-1.5167501,0,0,0,0,0,1,0,29,0.000251002784,0.0007112257,0,40.5,0
Kinematic-FixedSingle-F,338,6.77999973,0,-2.903136,-1.5167501,0,0,0,0,0,1,0,29,0.000249575125,0.0007312034,0,40.5,0
Kinematic-FixedSingle-F,339,6.79999971,0,-2.903136,-1.5167501,0,0,0,0,0,1,0,29,0.000251038844,0.000703939062,0,40.5,0
Kinematic-FixedSingle-F,340,6.81999969,0,-2.903136,-1.5167501,0,0,0,0,0,1,0,29,0.0002462358,0.0007103991,0,40.5,0
Kinematic-FixedSingle-F,341,6.83999968,0,-2.903136,-1.5167501,0,0,0,0,0,1,0,29,0.000238062828,0.000720696,0,40.5,0
Kinematic-FixedSingle-F,342,6.85999966,0,-2.903136,-1.5167501,0,0,0,0,0,1,0,29,0.000237192769,0.000720696,0,40.5,0
Kinematic-FixedSingle-F,343,6.87999964,0,-2.903136,-1.5167501,0,0,0,0,0,1,0,29,0.000233613682,0.0006923046,0,40.5,0
Kinematic-FixedSingle-F,344,6.89999962,0,-2.903136,-1.5167501,0,0,0,0,0,1,0,29,0.000232788778,0.000692202535,0,40.5,0
Kinematic-FixedSingle-F,345,6.92,0,-2.903136,-1.5167501,0,0,0,0,0,1,0,29,0.0002230804,0.0007012261,0,40.5,0
Kinematic-FixedSingle-F,346,6.94,0,-2.903136,-1.5167501,0,0,0,0,0,1,0,29,0.00021559048,0.0006878547,0,40.5,0
Kinematic-FixedSingle-F,347,6.96,0,-2.903136,-1.5167501,0,0,0,0,0,1,0,29,0.00020956996,0.000675016548,0,40.5,0
Kinematic-FixedSingle-F,348,6.98,0,-2.903136,-1.5167501,0,0,0,0,0,1,0,29,0.000209760416,0.000685674837,0,40.5,0
Kinematic-FixedSingle-F,349,7,0,-2.903136,-1.5167501,0,0,0,0,0,1,0,29,0.000211275314,0.000676290947,0,40.5,0
Kinematic-FixedSingle-F,350,7.02,0,-2.903136,-1.5167501,0,0,0,0,0,1,0,29,0.0002072237,0.0006593918,0,40.5,0
Kinematic-FixedSingle-F,351,7.04,0,-2.903136,-1.5167501,0,0,0,0,0,1,0,29,0.000207532416,0.0006699235,0,40.5,0
Kinematic-FixedSingle-F,352,7.06,0,-2.903136,-1.5167501,0,0,0,0,0,1,0,29,0.000197166461,0.0007036742,0,40.5,0
Kinematic-FixedSingle-F,353,7.08,0,-2.903136,-1.5167501,0,0,0,0,0,1,0,29,0.0001965328,0.000690007,0,40.5,0
Kinematic-FixedSingle-F,354,7.1,0,-2.903136,-1.5167501,0,0,0,0,0,1,0,29,0.000192775275,0.00067765126,0,40.5,0
Kinematic-FixedSingle-F,355,7.12,0,-2.903136,-1.5167501,0,0,0,0,0,1,0,29,0.000191856714,0.000686521,0,40.5,0
Kinematic-FixedSingle-F,356,7.14,0,-2.903136,-1.5167501,0,0,0,0,0,1,0,29,0.00018857712,0.0006963484,0,40.5,0
Kinematic-FixedSingle-F,357,7.16,0,-2.903136,-1.5167501,0,0,0,0,0,1,0,29,0.000186121339,0.000697055657,0,40.5,0
Kinematic-FixedSingle-F,358,7.18,0,-2.903136,-1.5167501,0,0,0,0,0,1,0,29,0.000178291491,0.0006847008,0,40.5,0
Kinematic-FixedSingle-F,359,7.2,0,-2.903136,-1.5167501,0,0,0,0,0,1,0,29,0.000174931411,0.0006832614,0,40.5,0
Kinematic-FixedSingle-F,360,7.22,0,-2.903136,-1.5167501,0,0,0,0,0,1,0,29,0.000166832149,0.000696198549,0,40.5,0
Kinematic-FixedSingle-F,361,7.24,0,-2.903136,-1.5167501,0,0,0,0,0,1,0,29,0.00017025345,0.0007178998,0,40.5,0
Kinematic-FixedSingle-F,362,7.25999975,0,-2.903136,-1.5167501,0,0,0,0,0,1,0,29,0.0001647967,0.0006937462,0,40.5,0
Kinematic-FixedSingle-F,363,7.27999973,0,-2.903136,-1.5167501,0,0,0,0,0,1,0,29,0.000166479527,0.0006764921,0,40.5,0
Kinematic-FixedSingle-F,364,7.29999971,0,-2.903136,-1.5167501,0,0,0,0,0,1,0,29,0.000159622592,0.00065214216,0,40.5,0
Kinematic-FixedSingle-F,365,7.31999969,0,-2.903136,-1.5167501,0,0,0,0,0,1,0,29,0.000153992543,0.000667709857,0,40.5,0
Kinematic-FixedSingle-F,366,7.33999968,0,-2.903136,-1.5167501,0,0,0,0,0,1,0,29,0.000164851721,0.00067539,0,40.5,0
Kinematic-FixedSingle-F,367,7.35999966,0,-2.903136,-1.5167501,0,0,0,0,0,1,0,29,0.000152891691,0.000661956437,0,40.5,0
Kinematic-FixedSingle-F,368,7.37999964,0,-2.903136,-1.5167501,0,0,0,0,0,1,0,29,0.000154566282,0.0006945708,0,40.5,0
Kinematic-FixedSingle-F,369,7.39999962,0,-2.903136,-1.5167501,0,0,0,0,0,1,0,29,0.000148014064,0.0006851518,0,40.5,0
Kinematic-FixedSingle-F,370,7.4199996,0,-2.903136,-1.5167501,0,0,0,0,0,1,0,29,0.000152934881,0.0007074562,0,40.5,0
Kinematic-FixedSingle-F,371,7.44,0,-2.903136,-1.5167501,0,0,0,0,0,1,0,29,0.00014566991,0.0006828774,0,40.5,0
Kinematic-FixedSingle-F,372,7.46,0,-2.903136,-1.5167501,0,0,0,0,0,1,0,29,0.0001452783,0.0007029069,0,40.5,0
Kinematic-FixedSingle-F,373,7.48,0,-2.903136,-1.5167501,0,0,0,0,0,1,0,29,0.0001386099,0.00068179745,0,40.5,0
Kinematic-FixedSingle-F,374,7.5,0,-2.903136,-1.5167501,0,0,0,0,0,1,0,29,0.000131278866,0.0006689691,0,40.5,0
Kinematic-FixedSingle-F,375,7.52,0,-2.903136,-1.5167501,0,0,0,0,0,1,0,29,0.000135416456,0.0006784406,0,40.5,0
Kinematic-FixedSingle-F,376,7.54,0,-2.903136,-1.5167501,0,0,0,0,0,1,0,29,0.000127482068,0.00065242697,0,40.5,0
Kinematic-FixedSingle-F,377,7.56,0,-2.903136,-1.5167501,0,0,0,0,0,1,0,29,0.000132411544,0.000662737642,0,40.5,0
Kinematic-FixedSingle-F,378,7.58,0,-2.903136,-1.5167501,0,0,0,0,0,1,0,29,0.000131550041,0.000673046452,0,40.5,0
Kinematic-FixedSingle-F,379,7.6,0,-2.903136,-1.5167501,0,0,0,0,0,1,0,29,0.0001284275,0.0007000136,0,40.5,0
Kinematic-FixedSingle-F,380,7.62,0,-2.903136,-1.5167501,0,0,0,0,0,1,0,29,0.000132729576,0.0006742418,0,40.5,0
Kinematic-FixedSingle-F,381,7.64,0,-2.903136,-1.5167501,0,0,0,0,0,1,0,29,0.000129375054,0.000672630966,0,40.5,0
Kinematic-FixedSingle-F,382,7.66,0,-2.903136,-1.5167501,0,0,0,0,0,1,0,29,0.000129886233,0.000696964737,0,40.5,0
Kinematic-FixedSingle-F,383,7.68,0,-2.903136,-1.5167501,0,0,0,0,0,1,0,29,0.000125743638,0.000675265735,0,40.5,0
Kinematic-FixedSingle-F,384,7.7,0,-2.903136,-1.5167501,0,0,0,0,0,1,0,29,0.00011828453,0.0006620791,0,40.5,0
Kinematic-FixedSingle-F,385,7.72,0,-2.903136,-1.5167501,0,0,0,0,0,1,0,29,0.000120996185,0.0006600421,0,40.5,0
Kinematic-FixedSingle-F,386,7.74,0,-2.903136,-1.5167501,0,0,0,0,0,1,0,29,0.0001187076,0.0006498535,0,40.5,0
Kinematic-FixedSingle-F,387,7.75999975,0,-2.903136,-1.5167501,0,0,0,0,0,1,0,29,0.000114444811,0.000660164165,0,40.5,0
Kinematic-FixedSingle-F,388,7.77999973,0,-2.903136,-1.5167501,0,0,0,0,0,1,0,29,0.0001165982,0.0006713141,0,40.5,0
Kinematic-FixedSingle-F,389,7.79999971,0,-2.903136,-1.5167501,0,0,0,0,0,1,0,29,0.000110641537,0.000657454948,0,40.5,0
Kinematic-FixedSingle-F,390,7.81999969,0,-2.903136,-1.5167501,0,0,0,0,0,1,0,29,0.00011158493,0.000642239058,0,40.5,0
Kinematic-FixedSingle-F,391,7.83999968,0,-2.903136,-1.5167501,0,0,0,0,0,1,0,29,0.000115953255,0.0006397047,0,40.5,0
Kinematic-FixedSingle-F,392,7.85999966,0,-2.903136,-1.5167501,0,0,0,0,0,1,0,29,0.000110039924,0.000665993663,0,40.5,0
Kinematic-FixedSingle-F,393,7.87999964,0,-2.903136,-1.5167501,0,0,0,0,0,1,0,29,0.000105621861,0.000620423933,0,40.5,0
Kinematic-FixedSingle-F,394,7.89999962,0,-2.903136,-1.5167501,0,0,0,0,0,1,0,29,0.000104120416,0.0006134404,0,40.5,0
Kinematic-FixedSingle-F,395,7.9199996,0,-2.903136,-1.5167501,0,0,0,0,0,1,0,29,0.000101045283,0.0006014646,0,40.5,0
Kinematic-FixedSingle-F,396,7.94,0,-2.903136,-1.5167501,0,0,0,0,0,1,0,29,9.990509E-05,0.0005754188,0,40.5,0
Kinematic-FixedSingle-F,397,7.96,0,-2.903136,-1.5167501,0,0,0,0,0,1,0,29,9.873955E-05,0.0005540324,0,40.5,0
Kinematic-FixedSingle-F,398,7.98,0,-2.903136,-1.5167501,0,0,0,0,0,1,0,29,9.805648E-05,0.000547234144,0,40.5,0
Kinematic-FixedSingle-F,399,8,0,-2.903136,-1.5167501,0,0,0,0,0,1,0,29,9.467001E-05,0.000547234144,0,40.5,0
Held-Cluster4-Empty,300,6.02,0,-3.081038,-1.60670257,-2.10062075,0,0,0,0,1,9,0,0,0,0,0,0
Held-Cluster4-Empty,300,6.02,1,-2.70230055,-1.61217618,-4.276262,0,0,0,0,1,9,0,0,0,0,0,0
Held-Cluster4-Empty,300,6.02,2,-3.062141,-1.2283082,0.7511797,0,0,0,0,1,6,0,0,0,0,0,0
Held-Cluster4-Empty,300,6.02,3,-2.6849122,-1.24235117,-11.0804424,0,0,0,0,1,7,0,0,0,0,0,0
Held-Cluster4-Empty,301,6.04,0,-3.081038,-1.60670257,-2.10062075,0,0,0,0,1,9,0,0,0,0,0,0
Held-Cluster4-Empty,301,6.04,1,-2.70230055,-1.61217618,-4.276262,0,0,0,0,1,9,0,0,0,0,0,0
Held-Cluster4-Empty,301,6.04,2,-3.062141,-1.2283082,0.7511797,0,0,0,0,1,6,0,0,0,0,0,0
Held-Cluster4-Empty,301,6.04,3,-2.6849122,-1.24235117,-11.0804424,0,0,0,0,1,7,0,0,0,0,0,0
Held-Cluster4-Empty,302,6.06,0,-3.081038,-1.60670257,-2.10062075,0,0,0,0,1,9,0,0,0,0,0,0
Held-Cluster4-Empty,302,6.06,1,-2.70230055,-1.61217618,-4.276262,0,0,0,0,1,9,0,0,0,0,0,0
Held-Cluster4-Empty,302,6.06,2,-3.062141,-1.2283082,0.7511797,0,0,0,0,1,6,0,0,0,0,0,0
Held-Cluster4-Empty,302,6.06,3,-2.6849122,-1.24235117,-11.0804424,0,0,0,0,1,7,0,0,0,0,0,0
Held-Cluster4-Empty,303,6.08,0,-3.081038,-1.60670257,-2.10062075,0,0,0,0,1,9,0,0,0,0,0,0
Held-Cluster4-Empty,303,6.08,1,-2.70230055,-1.61217618,-4.276262,0,0,0,0,1,9,0,0,0,0,0,0
Held-Cluster4-Empty,303,6.08,2,-3.062141,-1.2283082,0.7511797,0,0,0,0,1,6,0,0,0,0,0,0
Held-Cluster4-Empty,303,6.08,3,-2.6849122,-1.24235117,-11.0804424,0,0,0,0,1,7,0,0,0,0,0,0
Held-Cluster4-Empty,304,6.1,0,-3.081038,-1.60670257,-2.10062075,0,0,0,0,1,9,0,0,0,0,0,0
Held-Cluster4-Empty,304,6.1,1,-2.70230055,-1.61217618,-4.276262,0,0,0,0,1,9,0,0,0,0,0,0
Held-Cluster4-Empty,304,6.1,2,-3.062141,-1.2283082,0.7511797,0,0,0,0,1,6,0,0,0,0,0,0
Held-Cluster4-Empty,304,6.1,3,-2.6849122,-1.24235117,-11.0804424,0,0,0,0,1,7,0,0,0,0,0,0
Held-Cluster4-Empty,305,6.12,0,-3.081038,-1.60670257,-2.10062075,0,0,0,0,1,9,0,0,0,0,0,0
Held-Cluster4-Empty,305,6.12,1,-2.70230055,-1.61217618,-4.276262,0,0,0,0,1,9,0,0,0,0,0,0
Held-Cluster4-Empty,305,6.12,2,-3.062141,-1.2283082,0.7511797,0,0,0,0,1,6,0,0,0,0,0,0
Held-Cluster4-Empty,305,6.12,3,-2.6849122,-1.24235117,-11.0804424,0,0,0,0,1,7,0,0,0,0,0,0
Held-Cluster4-Empty,306,6.14,0,-3.081038,-1.60670257,-2.10062075,0,0,0,0,1,9,0,0,0,0,0,0
Held-Cluster4-Empty,306,6.14,1,-2.70230055,-1.61217618,-4.276262,0,0,0,0,1,9,0,0,0,0,0,0
Held-Cluster4-Empty,306,6.14,2,-3.062141,-1.2283082,0.7511797,0,0,0,0,1,6,0,0,0,0,0,0
Held-Cluster4-Empty,306,6.14,3,-2.6849122,-1.24235117,-11.0804424,0,0,0,0,1,7,0,0,0,0,0,0
Held-Cluster4-Empty,307,6.16,0,-3.081038,-1.60670257,-2.10062075,0,0,0,0,1,9,0,0,0,0,0,0
Held-Cluster4-Empty,307,6.16,1,-2.70230055,-1.61217618,-4.276262,0,0,0,0,1,9,0,0,0,0,0,0
Held-Cluster4-Empty,307,6.16,2,-3.062141,-1.2283082,0.7511797,0,0,0,0,1,6,0,0,0,0,0,0
Held-Cluster4-Empty,307,6.16,3,-2.6849122,-1.24235117,-11.0804424,0,0,0,0,1,7,0,0,0,0,0,0
Held-Cluster4-Empty,308,6.18,0,-3.081038,-1.60670257,-2.10062075,0,0,0,0,1,9,0,0,0,0,0,0
Held-Cluster4-Empty,308,6.18,1,-2.70230055,-1.61217618,-4.276262,0,0,0,0,1,9,0,0,0,0,0,0
Held-Cluster4-Empty,308,6.18,2,-3.062141,-1.2283082,0.7511797,0,0,0,0,1,6,0,0,0,0,0,0
Held-Cluster4-Empty,308,6.18,3,-2.6849122,-1.24235117,-11.0804424,0,0,0,0,1,7,0,0,0,0,0,0
Held-Cluster4-Empty,309,6.2,0,-3.081038,-1.60670257,-2.10062075,0,0,0,0,1,9,0,0,0,0,0,0
Held-Cluster4-Empty,309,6.2,1,-2.70230055,-1.61217618,-4.276262,0,0,0,0,1,9,0,0,0,0,0,0
Held-Cluster4-Empty,309,6.2,2,-3.062141,-1.2283082,0.7511797,0,0,0,0,1,6,0,0,0,0,0,0
Held-Cluster4-Empty,309,6.2,3,-2.6849122,-1.24235117,-11.0804424,0,0,0,0,1,7,0,0,0,0,0,0
Held-Cluster4-Empty,310,6.22,0,-3.081038,-1.60670257,-2.10062075,0,0,0,0,1,9,0,0,0,0,0,0
Held-Cluster4-Empty,310,6.22,1,-2.70230055,-1.61217618,-4.276262,0,0,0,0,1,9,0,0,0,0,0,0
Held-Cluster4-Empty,310,6.22,2,-3.062141,-1.2283082,0.7511797,0,0,0,0,1,6,0,0,0,0,0,0
Held-Cluster4-Empty,310,6.22,3,-2.6849122,-1.24235117,-11.0804424,0,0,0,0,1,7,0,0,0,0,0,0
Held-Cluster4-Empty,311,6.24,0,-3.081038,-1.60670257,-2.10062075,0,0,0,0,1,9,0,0,0,0,0,0
Held-Cluster4-Empty,311,6.24,1,-2.70230055,-1.61217618,-4.276262,0,0,0,0,1,9,0,0,0,0,0,0
Held-Cluster4-Empty,311,6.24,2,-3.062141,-1.2283082,0.7511797,0,0,0,0,1,6,0,0,0,0,0,0
Held-Cluster4-Empty,311,6.24,3,-2.6849122,-1.24235117,-11.0804424,0,0,0,0,1,7,0,0,0,0,0,0
Held-Cluster4-Empty,312,6.25999975,0,-3.081038,-1.60670257,-2.10062075,0,0,0,0,1,9,0,0,0,0,0,0
Held-Cluster4-Empty,312,6.25999975,1,-2.70230055,-1.61217618,-4.276262,0,0,0,0,1,9,0,0,0,0,0,0
Held-Cluster4-Empty,312,6.25999975,2,-3.062141,-1.2283082,0.7511797,0,0,0,0,1,6,0,0,0,0,0,0
Held-Cluster4-Empty,312,6.25999975,3,-2.6849122,-1.24235117,-11.0804424,0,0,0,0,1,7,0,0,0,0,0,0
Held-Cluster4-Empty,313,6.27999973,0,-3.081038,-1.60670257,-2.10062075,0,0,0,0,1,9,0,0,0,0,0,0
Held-Cluster4-Empty,313,6.27999973,1,-2.70230055,-1.61217618,-4.276262,0,0,0,0,1,9,0,0,0,0,0,0
Held-Cluster4-Empty,313,6.27999973,2,-3.062141,-1.2283082,0.7511797,0,0,0,0,1,6,0,0,0,0,0,0
Held-Cluster4-Empty,313,6.27999973,3,-2.6849122,-1.24235117,-11.0804424,0,0,0,0,1,7,0,0,0,0,0,0
Held-Cluster4-Empty,314,6.29999971,0,-3.081038,-1.60670257,-2.10062075,0,0,0,0,1,9,0,0,0,0,0,0
Held-Cluster4-Empty,314,6.29999971,1,-2.70230055,-1.61217618,-4.276262,0,0,0,0,1,9,0,0,0,0,0,0
Held-Cluster4-Empty,314,6.29999971,2,-3.062141,-1.2283082,0.7511797,0,0,0,0,1,6,0,0,0,0,0,0
Held-Cluster4-Empty,314,6.29999971,3,-2.6849122,-1.24235117,-11.0804424,0,0,0,0,1,7,0,0,0,0,0,0
Held-Cluster4-Empty,315,6.31999969,0,-3.081038,-1.60670257,-2.10062075,0,0,0,0,1,9,0,0,0,0,0,0
Held-Cluster4-Empty,315,6.31999969,1,-2.70230055,-1.61217618,-4.276262,0,0,0,0,1,9,0,0,0,0,0,0
Held-Cluster4-Empty,315,6.31999969,2,-3.062141,-1.2283082,0.7511797,0,0,0,0,1,6,0,0,0,0,0,0
Held-Cluster4-Empty,315,6.31999969,3,-2.6849122,-1.24235117,-11.0804424,0,0,0,0,1,7,0,0,0,0,0,0
Held-Cluster4-Empty,316,6.33999968,0,-3.081038,-1.60670257,-2.10062075,0,0,0,0,1,9,0,0,0,0,0,0
Held-Cluster4-Empty,316,6.33999968,1,-2.70230055,-1.61217618,-4.276262,0,0,0,0,1,9,0,0,0,0,0,0
Held-Cluster4-Empty,316,6.33999968,2,-3.062141,-1.2283082,0.7511797,0,0,0,0,1,6,0,0,0,0,0,0
Held-Cluster4-Empty,316,6.33999968,3,-2.6849122,-1.24235117,-11.0804424,0,0,0,0,1,7,0,0,0,0,0,0
Held-Cluster4-Empty,317,6.35999966,0,-3.081038,-1.60670257,-2.10062075,0,0,0,0,1,9,0,0,0,0,0,0
Held-Cluster4-Empty,317,6.35999966,1,-2.70230055,-1.61217618,-4.276262,0,0,0,0,1,9,0,0,0,0,0,0
Held-Cluster4-Empty,317,6.35999966,2,-3.062141,-1.2283082,0.7511797,0,0,0,0,1,6,0,0,0,0,0,0
Held-Cluster4-Empty,317,6.35999966,3,-2.6849122,-1.24235117,-11.0804424,0,0,0,0,1,7,0,0,0,0,0,0
Held-Cluster4-Empty,318,6.37999964,0,-3.081038,-1.60670257,-2.10062075,0,0,0,0,1,9,0,0,0,0,0,0
Held-Cluster4-Empty,318,6.37999964,1,-2.70230055,-1.61217618,-4.276262,0,0,0,0,1,9,0,0,0,0,0,0
Held-Cluster4-Empty,318,6.37999964,2,-3.062141,-1.2283082,0.7511797,0,0,0,0,1,6,0,0,0,0,0,0
Held-Cluster4-Empty,318,6.37999964,3,-2.6849122,-1.24235117,-11.0804424,0,0,0,0,1,7,0,0,0,0,0,0
Held-Cluster4-Empty,319,6.39999962,0,-3.081038,-1.60670257,-2.10062075,0,0,0,0,1,9,0,0,0,0,0,0
Held-Cluster4-Empty,319,6.39999962,1,-2.70230055,-1.61217618,-4.276262,0,0,0,0,1,9,0,0,0,0,0,0
Held-Cluster4-Empty,319,6.39999962,2,-3.062141,-1.2283082,0.7511797,0,0,0,0,1,6,0,0,0,0,0,0
Held-Cluster4-Empty,319,6.39999962,3,-2.6849122,-1.24235117,-11.0804424,0,0,0,0,1,7,0,0,0,0,0,0
Held-Cluster4-Empty,320,6.42,0,-3.081038,-1.60670257,-2.10062075,0,0,0,0,1,9,0,0,0,0,0,0
Held-Cluster4-Empty,320,6.42,1,-2.70230055,-1.61217618,-4.276262,0,0,0,0,1,9,0,0,0,0,0,0
Held-Cluster4-Empty,320,6.42,2,-3.062141,-1.2283082,0.7511797,0,0,0,0,1,6,0,0,0,0,0,0
Held-Cluster4-Empty,320,6.42,3,-2.6849122,-1.24235117,-11.0804424,0,0,0,0,1,7,0,0,0,0,0,0
Held-Cluster4-Empty,321,6.44,0,-3.081038,-1.60670257,-2.10062075,0,0,0,0,1,9,0,0,0,0,0,0
Held-Cluster4-Empty,321,6.44,1,-2.70230055,-1.61217618,-4.276262,0,0,0,0,1,9,0,0,0,0,0,0
Held-Cluster4-Empty,321,6.44,2,-3.062141,-1.2283082,0.7511797,0,0,0,0,1,6,0,0,0,0,0,0
Held-Cluster4-Empty,321,6.44,3,-2.6849122,-1.24235117,-11.0804424,0,0,0,0,1,7,0,0,0,0,0,0
Held-Cluster4-Empty,322,6.46,0,-3.081038,-1.60670257,-2.10062075,0,0,0,0,1,9,0,0,0,0,0,0
Held-Cluster4-Empty,322,6.46,1,-2.70230055,-1.61217618,-4.276262,0,0,0,0,1,9,0,0,0,0,0,0
Held-Cluster4-Empty,322,6.46,2,-3.062141,-1.2283082,0.7511797,0,0,0,0,1,6,0,0,0,0,0,0
Held-Cluster4-Empty,322,6.46,3,-2.6849122,-1.24235117,-11.0804424,0,0,0,0,1,7,0,0,0,0,0,0
Held-Cluster4-Empty,323,6.48,0,-3.081038,-1.60670257,-2.10062075,0,0,0,0,1,9,0,0,0,0,0,0
Held-Cluster4-Empty,323,6.48,1,-2.70230055,-1.61217618,-4.276262,0,0,0,0,1,9,0,0,0,0,0,0
Held-Cluster4-Empty,323,6.48,2,-3.062141,-1.2283082,0.7511797,0,0,0,0,1,6,0,0,0,0,0,0
Held-Cluster4-Empty,323,6.48,3,-2.6849122,-1.24235117,-11.0804424,0,0,0,0,1,7,0,0,0,0,0,0
Held-Cluster4-Empty,324,6.5,0,-3.081038,-1.60670257,-2.10062075,0,0,0,0,1,9,0,0,0,0,0,0
Held-Cluster4-Empty,324,6.5,1,-2.70230055,-1.61217618,-4.276262,0,0,0,0,1,9,0,0,0,0,0,0
Held-Cluster4-Empty,324,6.5,2,-3.062141,-1.2283082,0.7511797,0,0,0,0,1,6,0,0,0,0,0,0
Held-Cluster4-Empty,324,6.5,3,-2.6849122,-1.24235117,-11.0804424,0,0,0,0,1,7,0,0,0,0,0,0
Held-Cluster4-Empty,325,6.52,0,-3.081038,-1.60670257,-2.10062075,0,0,0,0,1,9,0,0,0,0,0,0
Held-Cluster4-Empty,325,6.52,1,-2.70230055,-1.61217618,-4.276262,0,0,0,0,1,9,0,0,0,0,0,0
Held-Cluster4-Empty,325,6.52,2,-3.062141,-1.2283082,0.7511797,0,0,0,0,1,6,0,0,0,0,0,0
Held-Cluster4-Empty,325,6.52,3,-2.6849122,-1.24235117,-11.0804424,0,0,0,0,1,7,0,0,0,0,0,0
Held-Cluster4-Empty,326,6.54,0,-3.081038,-1.60670257,-2.10062075,0,0,0,0,1,9,0,0,0,0,0,0
Held-Cluster4-Empty,326,6.54,1,-2.70230055,-1.61217618,-4.276262,0,0,0,0,1,9,0,0,0,0,0,0
Held-Cluster4-Empty,326,6.54,2,-3.062141,-1.2283082,0.7511797,0,0,0,0,1,6,0,0,0,0,0,0
Held-Cluster4-Empty,326,6.54,3,-2.6849122,-1.24235117,-11.0804424,0,0,0,0,1,7,0,0,0,0,0,0
Held-Cluster4-Empty,327,6.56,0,-3.081038,-1.60670257,-2.10062075,0,0,0,0,1,9,0,0,0,0,0,0
Held-Cluster4-Empty,327,6.56,1,-2.70230055,-1.61217618,-4.276262,0,0,0,0,1,9,0,0,0,0,0,0
Held-Cluster4-Empty,327,6.56,2,-3.062141,-1.2283082,0.7511797,0,0,0,0,1,6,0,0,0,0,0,0
Held-Cluster4-Empty,327,6.56,3,-2.6849122,-1.24235117,-11.0804424,0,0,0,0,1,7,0,0,0,0,0,0
Held-Cluster4-Empty,328,6.58,0,-3.081038,-1.60670257,-2.10062075,0,0,0,0,1,9,0,0,0,0,0,0
Held-Cluster4-Empty,328,6.58,1,-2.70230055,-1.61217618,-4.276262,0,0,0,0,1,9,0,0,0,0,0,0
Held-Cluster4-Empty,328,6.58,2,-3.062141,-1.2283082,0.7511797,0,0,0,0,1,6,0,0,0,0,0,0
Held-Cluster4-Empty,328,6.58,3,-2.6849122,-1.24235117,-11.0804424,0,0,0,0,1,7,0,0,0,0,0,0
Held-Cluster4-Empty,329,6.6,0,-3.081038,-1.60670257,-2.10062075,0,0,0,0,1,9,0,0,0,0,0,0
Held-Cluster4-Empty,329,6.6,1,-2.70230055,-1.61217618,-4.276262,0,0,0,0,1,9,0,0,0,0,0,0
Held-Cluster4-Empty,329,6.6,2,-3.062141,-1.2283082,0.7511797,0,0,0,0,1,6,0,0,0,0,0,0
Held-Cluster4-Empty,329,6.6,3,-2.6849122,-1.24235117,-11.0804424,0,0,0,0,1,7,0,0,0,0,0,0
Held-Cluster4-Empty,330,6.62,0,-3.081038,-1.60670257,-2.10062075,0,0,0,0,1,9,0,0,0,0,0,0
Held-Cluster4-Empty,330,6.62,1,-2.70230055,-1.61217618,-4.276262,0,0,0,0,1,9,0,0,0,0,0,0
Held-Cluster4-Empty,330,6.62,2,-3.062141,-1.2283082,0.7511797,0,0,0,0,1,6,0,0,0,0,0,0
Held-Cluster4-Empty,330,6.62,3,-2.6849122,-1.24235117,-11.0804424,0,0,0,0,1,7,0,0,0,0,0,0
Held-Cluster4-Empty,331,6.64,0,-3.081038,-1.60670257,-2.10062075,0,0,0,0,1,9,0,0,0,0,0,0
Held-Cluster4-Empty,331,6.64,1,-2.70230055,-1.61217618,-4.276262,0,0,0,0,1,9,0,0,0,0,0,0
Held-Cluster4-Empty,331,6.64,2,-3.062141,-1.2283082,0.7511797,0,0,0,0,1,6,0,0,0,0,0,0
Held-Cluster4-Empty,331,6.64,3,-2.6849122,-1.24235117,-11.0804424,0,0,0,0,1,7,0,0,0,0,0,0
Held-Cluster4-Empty,332,6.66,0,-3.081038,-1.60670257,-2.10062075,0,0,0,0,1,9,0,0,0,0,0,0
Held-Cluster4-Empty,332,6.66,1,-2.70230055,-1.61217618,-4.276262,0,0,0,0,1,9,0,0,0,0,0,0
Held-Cluster4-Empty,332,6.66,2,-3.062141,-1.2283082,0.7511797,0,0,0,0,1,6,0,0,0,0,0,0
Held-Cluster4-Empty,332,6.66,3,-2.6849122,-1.24235117,-11.0804424,0,0,0,0,1,7,0,0,0,0,0,0
Held-Cluster4-Empty,333,6.68,0,-3.081038,-1.60670257,-2.10062075,0,0,0,0,1,9,0,0,0,0,0,0
Held-Cluster4-Empty,333,6.68,1,-2.70230055,-1.61217618,-4.276262,0,0,0,0,1,9,0,0,0,0,0,0
Held-Cluster4-Empty,333,6.68,2,-3.062141,-1.2283082,0.7511797,0,0,0,0,1,6,0,0,0,0,0,0
Held-Cluster4-Empty,333,6.68,3,-2.6849122,-1.24235117,-11.0804424,0,0,0,0,1,7,0,0,0,0,0,0
Held-Cluster4-Empty,334,6.7,0,-3.081038,-1.60670257,-2.10062075,0,0,0,0,1,9,0,0,0,0,0,0
Held-Cluster4-Empty,334,6.7,1,-2.70230055,-1.61217618,-4.276262,0,0,0,0,1,9,0,0,0,0,0,0
Held-Cluster4-Empty,334,6.7,2,-3.062141,-1.2283082,0.7511797,0,0,0,0,1,6,0,0,0,0,0,0
Held-Cluster4-Empty,334,6.7,3,-2.6849122,-1.24235117,-11.0804424,0,0,0,0,1,7,0,0,0,0,0,0
Held-Cluster4-Empty,335,6.72,0,-3.081038,-1.60670257,-2.10062075,0,0,0,0,1,9,0,0,0,0,0,0
Held-Cluster4-Empty,335,6.72,1,-2.70230055,-1.61217618,-4.276262,0,0,0,0,1,9,0,0,0,0,0,0
Held-Cluster4-Empty,335,6.72,2,-3.062141,-1.2283082,0.7511797,0,0,0,0,1,6,0,0,0,0,0,0
Held-Cluster4-Empty,335,6.72,3,-2.6849122,-1.24235117,-11.0804424,0,0,0,0,1,7,0,0,0,0,0,0
Held-Cluster4-Empty,336,6.74,0,-3.081038,-1.60670257,-2.10062075,0,0,0,0,1,9,0,0,0,0,0,0
Held-Cluster4-Empty,336,6.74,1,-2.70230055,-1.61217618,-4.276262,0,0,0,0,1,9,0,0,0,0,0,0
Held-Cluster4-Empty,336,6.74,2,-3.062141,-1.2283082,0.7511797,0,0,0,0,1,6,0,0,0,0,0,0
Held-Cluster4-Empty,336,6.74,3,-2.6849122,-1.24235117,-11.0804424,0,0,0,0,1,7,0,0,0,0,0,0
Held-Cluster4-Empty,337,6.75999975,0,-3.081038,-1.60670257,-2.10062075,0,0,0,0,1,9,0,0,0,0,0,0
Held-Cluster4-Empty,337,6.75999975,1,-2.70230055,-1.61217618,-4.276262,0,0,0,0,1,9,0,0,0,0,0,0
Held-Cluster4-Empty,337,6.75999975,2,-3.062141,-1.2283082,0.7511797,0,0,0,0,1,6,0,0,0,0,0,0
Held-Cluster4-Empty,337,6.75999975,3,-2.6849122,-1.24235117,-11.0804424,0,0,0,0,1,7,0,0,0,0,0,0
Held-Cluster4-Empty,338,6.77999973,0,-3.081038,-1.60670257,-2.10062075,0,0,0,0,1,9,0,0,0,0,0,0
Held-Cluster4-Empty,338,6.77999973,1,-2.70230055,-1.61217618,-4.276262,0,0,0,0,1,9,0,0,0,0,0,0
Held-Cluster4-Empty,338,6.77999973,2,-3.062141,-1.2283082,0.7511797,0,0,0,0,1,6,0,0,0,0,0,0
Held-Cluster4-Empty,338,6.77999973,3,-2.6849122,-1.24235117,-11.0804424,0,0,0,0,1,7,0,0,0,0,0,0
Held-Cluster4-Empty,339,6.79999971,0,-3.081038,-1.60670257,-2.10062075,0,0,0,0,1,9,0,0,0,0,0,0
Held-Cluster4-Empty,339,6.79999971,1,-2.70230055,-1.61217618,-4.276262,0,0,0,0,1,9,0,0,0,0,0,0
Held-Cluster4-Empty,339,6.79999971,2,-3.062141,-1.2283082,0.7511797,0,0,0,0,1,6,0,0,0,0,0,0
Held-Cluster4-Empty,339,6.79999971,3,-2.6849122,-1.24235117,-11.0804424,0,0,0,0,1,7,0,0,0,0,0,0
Held-Cluster4-Empty,340,6.81999969,0,-3.081038,-1.60670257,-2.10062075,0,0,0,0,1,9,0,0,0,0,0,0
Held-Cluster4-Empty,340,6.81999969,1,-2.70230055,-1.61217618,-4.276262,0,0,0,0,1,9,0,0,0,0,0,0
Held-Cluster4-Empty,340,6.81999969,2,-3.062141,-1.2283082,0.7511797,0,0,0,0,1,6,0,0,0,0,0,0
Held-Cluster4-Empty,340,6.81999969,3,-2.6849122,-1.24235117,-11.0804424,0,0,0,0,1,7,0,0,0,0,0,0
Held-Cluster4-Empty,341,6.83999968,0,-3.081038,-1.60670257,-2.10062075,0,0,0,0,1,9,0,0,0,0,0,0
Held-Cluster4-Empty,341,6.83999968,1,-2.70230055,-1.61217618,-4.276262,0,0,0,0,1,9,0,0,0,0,0,0
Held-Cluster4-Empty,341,6.83999968,2,-3.062141,-1.2283082,0.7511797,0,0,0,0,1,6,0,0,0,0,0,0
Held-Cluster4-Empty,341,6.83999968,3,-2.6849122,-1.24235117,-11.0804424,0,0,0,0,1,7,0,0,0,0,0,0
Held-Cluster4-Empty,342,6.85999966,0,-3.081038,-1.60670257,-2.10062075,0,0,0,0,1,9,0,0,0,0,0,0
Held-Cluster4-Empty,342,6.85999966,1,-2.70230055,-1.61217618,-4.276262,0,0,0,0,1,9,0,0,0,0,0,0
Held-Cluster4-Empty,342,6.85999966,2,-3.062141,-1.2283082,0.7511797,0,0,0,0,1,6,0,0,0,0,0,0
Held-Cluster4-Empty,342,6.85999966,3,-2.6849122,-1.24235117,-11.0804424,0,0,0,0,1,7,0,0,0,0,0,0
Held-Cluster4-Empty,343,6.87999964,0,-3.081038,-1.60670257,-2.10062075,0,0,0,0,1,9,0,0,0,0,0,0
Held-Cluster4-Empty,343,6.87999964,1,-2.70230055,-1.61217618,-4.276262,0,0,0,0,1,9,0,0,0,0,0,0
Held-Cluster4-Empty,343,6.87999964,2,-3.062141,-1.2283082,0.7511797,0,0,0,0,1,6,0,0,0,0,0,0
Held-Cluster4-Empty,343,6.87999964,3,-2.6849122,-1.24235117,-11.0804424,0,0,0,0,1,7,0,0,0,0,0,0
Held-Cluster4-Empty,344,6.89999962,0,-3.081038,-1.60670257,-2.10062075,0,0,0,0,1,9,0,0,0,0,0,0
Held-Cluster4-Empty,344,6.89999962,1,-2.70230055,-1.61217618,-4.276262,0,0,0,0,1,9,0,0,0,0,0,0
Held-Cluster4-Empty,344,6.89999962,2,-3.062141,-1.2283082,0.7511797,0,0,0,0,1,6,0,0,0,0,0,0
Held-Cluster4-Empty,344,6.89999962,3,-2.6849122,-1.24235117,-11.0804424,0,0,0,0,1,7,0,0,0,0,0,0
Held-Cluster4-Empty,345,6.92,0,-3.081038,-1.60670257,-2.10062075,0,0,0,0,1,9,0,0,0,0,0,0
Held-Cluster4-Empty,345,6.92,1,-2.70230055,-1.61217618,-4.276262,0,0,0,0,1,9,0,0,0,0,0,0
Held-Cluster4-Empty,345,6.92,2,-3.062141,-1.2283082,0.7511797,0,0,0,0,1,6,0,0,0,0,0,0
Held-Cluster4-Empty,345,6.92,3,-2.6849122,-1.24235117,-11.0804424,0,0,0,0,1,7,0,0,0,0,0,0
Held-Cluster4-Empty,346,6.94,0,-3.081038,-1.60670257,-2.10062075,0,0,0,0,1,9,0,0,0,0,0,0
Held-Cluster4-Empty,346,6.94,1,-2.70230055,-1.61217618,-4.276262,0,0,0,0,1,9,0,0,0,0,0,0
Held-Cluster4-Empty,346,6.94,2,-3.062141,-1.2283082,0.7511797,0,0,0,0,1,6,0,0,0,0,0,0
Held-Cluster4-Empty,346,6.94,3,-2.6849122,-1.24235117,-11.0804424,0,0,0,0,1,7,0,0,0,0,0,0
Held-Cluster4-Empty,347,6.96,0,-3.081038,-1.60670257,-2.10062075,0,0,0,0,1,9,0,0,0,0,0,0
Held-Cluster4-Empty,347,6.96,1,-2.70230055,-1.61217618,-4.276262,0,0,0,0,1,9,0,0,0,0,0,0
Held-Cluster4-Empty,347,6.96,2,-3.062141,-1.2283082,0.7511797,0,0,0,0,1,6,0,0,0,0,0,0
Held-Cluster4-Empty,347,6.96,3,-2.6849122,-1.24235117,-11.0804424,0,0,0,0,1,7,0,0,0,0,0,0
Held-Cluster4-Empty,348,6.98,0,-3.081038,-1.60670257,-2.10062075,0,0,0,0,1,9,0,0,0,0,0,0
Held-Cluster4-Empty,348,6.98,1,-2.70230055,-1.61217618,-4.276262,0,0,0,0,1,9,0,0,0,0,0,0
Held-Cluster4-Empty,348,6.98,2,-3.062141,-1.2283082,0.7511797,0,0,0,0,1,6,0,0,0,0,0,0
Held-Cluster4-Empty,348,6.98,3,-2.6849122,-1.24235117,-11.0804424,0,0,0,0,1,7,0,0,0,0,0,0
Held-Cluster4-Empty,349,7,0,-3.081038,-1.60670257,-2.10062075,0,0,0,0,1,9,0,0,0,0,0,0
Held-Cluster4-Empty,349,7,1,-2.70230055,-1.61217618,-4.276262,0,0,0,0,1,9,0,0,0,0,0,0
Held-Cluster4-Empty,349,7,2,-3.062141,-1.2283082,0.7511797,0,0,0,0,1,6,0,0,0,0,0,0
Held-Cluster4-Empty,349,7,3,-2.6849122,-1.24235117,-11.0804424,0,0,0,0,1,7,0,0,0,0,0,0
Held-Cluster4-Empty,350,7.02,0,-3.081038,-1.60670257,-2.10062075,0,0,0,0,1,9,0,0,0,0,0,0
Held-Cluster4-Empty,350,7.02,1,-2.70230055,-1.61217618,-4.276262,0,0,0,0,1,9,0,0,0,0,0,0
Held-Cluster4-Empty,350,7.02,2,-3.062141,-1.2283082,0.7511797,0,0,0,0,1,6,0,0,0,0,0,0
Held-Cluster4-Empty,350,7.02,3,-2.6849122,-1.24235117,-11.0804424,0,0,0,0,1,7,0,0,0,0,0,0
Held-Cluster4-Empty,351,7.04,0,-3.081038,-1.60670257,-2.10062075,0,0,0,0,1,9,0,0,0,0,0,0
Held-Cluster4-Empty,351,7.04,1,-2.70230055,-1.61217618,-4.276262,0,0,0,0,1,9,0,0,0,0,0,0
Held-Cluster4-Empty,351,7.04,2,-3.062141,-1.2283082,0.7511797,0,0,0,0,1,6,0,0,0,0,0,0
Held-Cluster4-Empty,351,7.04,3,-2.6849122,-1.24235117,-11.0804424,0,0,0,0,1,7,0,0,0,0,0,0
Held-Cluster4-Empty,352,7.06,0,-3.081038,-1.60670257,-2.10062075,0,0,0,0,1,9,0,0,0,0,0,0
Held-Cluster4-Empty,352,7.06,1,-2.70230055,-1.61217618,-4.276262,0,0,0,0,1,9,0,0,0,0,0,0
Held-Cluster4-Empty,352,7.06,2,-3.062141,-1.2283082,0.7511797,0,0,0,0,1,6,0,0,0,0,0,0
Held-Cluster4-Empty,352,7.06,3,-2.6849122,-1.24235117,-11.0804424,0,0,0,0,1,7,0,0,0,0,0,0
Held-Cluster4-Empty,353,7.08,0,-3.081038,-1.60670257,-2.10062075,0,0,0,0,1,9,0,0,0,0,0,0
Held-Cluster4-Empty,353,7.08,1,-2.70230055,-1.61217618,-4.276262,0,0,0,0,1,9,0,0,0,0,0,0
Held-Cluster4-Empty,353,7.08,2,-3.062141,-1.2283082,0.7511797,0,0,0,0,1,6,0,0,0,0,0,0
Held-Cluster4-Empty,353,7.08,3,-2.6849122,-1.24235117,-11.0804424,0,0,0,0,1,7,0,0,0,0,0,0
Held-Cluster4-Empty,354,7.1,0,-3.081038,-1.60670257,-2.10062075,0,0,0,0,1,9,0,0,0,0,0,0
Held-Cluster4-Empty,354,7.1,1,-2.70230055,-1.61217618,-4.276262,0,0,0,0,1,9,0,0,0,0,0,0
Held-Cluster4-Empty,354,7.1,2,-3.062141,-1.2283082,0.7511797,0,0,0,0,1,6,0,0,0,0,0,0
Held-Cluster4-Empty,354,7.1,3,-2.6849122,-1.24235117,-11.0804424,0,0,0,0,1,7,0,0,0,0,0,0
Held-Cluster4-Empty,355,7.12,0,-3.081038,-1.60670257,-2.10062075,0,0,0,0,1,9,0,0,0,0,0,0
Held-Cluster4-Empty,355,7.12,1,-2.70230055,-1.61217618,-4.276262,0,0,0,0,1,9,0,0,0,0,0,0
Held-Cluster4-Empty,355,7.12,2,-3.062141,-1.2283082,0.7511797,0,0,0,0,1,6,0,0,0,0,0,0
Held-Cluster4-Empty,355,7.12,3,-2.6849122,-1.24235117,-11.0804424,0,0,0,0,1,7,0,0,0,0,0,0
Held-Cluster4-Empty,356,7.14,0,-3.081038,-1.60670257,-2.10062075,0,0,0,0,1,9,0,0,0,0,0,0
Held-Cluster4-Empty,356,7.14,1,-2.70230055,-1.61217618,-4.276262,0,0,0,0,1,9,0,0,0,0,0,0
Held-Cluster4-Empty,356,7.14,2,-3.062141,-1.2283082,0.7511797,0,0,0,0,1,6,0,0,0,0,0,0
Held-Cluster4-Empty,356,7.14,3,-2.6849122,-1.24235117,-11.0804424,0,0,0,0,1,7,0,0,0,0,0,0
Held-Cluster4-Empty,357,7.16,0,-3.081038,-1.60670257,-2.10062075,0,0,0,0,1,9,0,0,0,0,0,0
Held-Cluster4-Empty,357,7.16,1,-2.70230055,-1.61217618,-4.276262,0,0,0,0,1,9,0,0,0,0,0,0
Held-Cluster4-Empty,357,7.16,2,-3.062141,-1.2283082,0.7511797,0,0,0,0,1,6,0,0,0,0,0,0
Held-Cluster4-Empty,357,7.16,3,-2.6849122,-1.24235117,-11.0804424,0,0,0,0,1,7,0,0,0,0,0,0
Held-Cluster4-Empty,358,7.18,0,-3.081038,-1.60670257,-2.10062075,0,0,0,0,1,9,0,0,0,0,0,0
Held-Cluster4-Empty,358,7.18,1,-2.70230055,-1.61217618,-4.276262,0,0,0,0,1,9,0,0,0,0,0,0
Held-Cluster4-Empty,358,7.18,2,-3.062141,-1.2283082,0.7511797,0,0,0,0,1,6,0,0,0,0,0,0
Held-Cluster4-Empty,358,7.18,3,-2.6849122,-1.24235117,-11.0804424,0,0,0,0,1,7,0,0,0,0,0,0
Held-Cluster4-Empty,359,7.2,0,-3.081038,-1.60670257,-2.10062075,0,0,0,0,1,9,0,0,0,0,0,0
Held-Cluster4-Empty,359,7.2,1,-2.70230055,-1.61217618,-4.276262,0,0,0,0,1,9,0,0,0,0,0,0
Held-Cluster4-Empty,359,7.2,2,-3.062141,-1.2283082,0.7511797,0,0,0,0,1,6,0,0,0,0,0,0
Held-Cluster4-Empty,359,7.2,3,-2.6849122,-1.24235117,-11.0804424,0,0,0,0,1,7,0,0,0,0,0,0
Held-Cluster4-Empty,360,7.22,0,-3.081038,-1.60670257,-2.10062075,0,0,0,0,1,9,0,0,0,0,0,0
Held-Cluster4-Empty,360,7.22,1,-2.70230055,-1.61217618,-4.276262,0,0,0,0,1,9,0,0,0,0,0,0
Held-Cluster4-Empty,360,7.22,2,-3.062141,-1.2283082,0.7511797,0,0,0,0,1,6,0,0,0,0,0,0
Held-Cluster4-Empty,360,7.22,3,-2.6849122,-1.24235117,-11.0804424,0,0,0,0,1,7,0,0,0,0,0,0
Held-Cluster4-Empty,361,7.24,0,-3.081038,-1.60670257,-2.10062075,0,0,0,0,1,9,0,0,0,0,0,0
Held-Cluster4-Empty,361,7.24,1,-2.70230055,-1.61217618,-4.276262,0,0,0,0,1,9,0,0,0,0,0,0
Held-Cluster4-Empty,361,7.24,2,-3.062141,-1.2283082,0.7511797,0,0,0,0,1,6,0,0,0,0,0,0
Held-Cluster4-Empty,361,7.24,3,-2.6849122,-1.24235117,-11.0804424,0,0,0,0,1,7,0,0,0,0,0,0
Held-Cluster4-Empty,362,7.25999975,0,-3.081038,-1.60670257,-2.10062075,0,0,0,0,1,9,0,0,0,0,0,0
Held-Cluster4-Empty,362,7.25999975,1,-2.70230055,-1.61217618,-4.276262,0,0,0,0,1,9,0,0,0,0,0,0
Held-Cluster4-Empty,362,7.25999975,2,-3.062141,-1.2283082,0.7511797,0,0,0,0,1,6,0,0,0,0,0,0
Held-Cluster4-Empty,362,7.25999975,3,-2.6849122,-1.24235117,-11.0804424,0,0,0,0,1,7,0,0,0,0,0,0
Held-Cluster4-Empty,363,7.27999973,0,-3.081038,-1.60670257,-2.10062075,0,0,0,0,1,9,0,0,0,0,0,0
Held-Cluster4-Empty,363,7.27999973,1,-2.70230055,-1.61217618,-4.276262,0,0,0,0,1,9,0,0,0,0,0,0
Held-Cluster4-Empty,363,7.27999973,2,-3.062141,-1.2283082,0.7511797,0,0,0,0,1,6,0,0,0,0,0,0
Held-Cluster4-Empty,363,7.27999973,3,-2.6849122,-1.24235117,-11.0804424,0,0,0,0,1,7,0,0,0,0,0,0
Held-Cluster4-Empty,364,7.29999971,0,-3.081038,-1.60670257,-2.10062075,0,0,0,0,1,9,0,0,0,0,0,0
Held-Cluster4-Empty,364,7.29999971,1,-2.70230055,-1.61217618,-4.276262,0,0,0,0,1,9,0,0,0,0,0,0
Held-Cluster4-Empty,364,7.29999971,2,-3.062141,-1.2283082,0.7511797,0,0,0,0,1,6,0,0,0,0,0,0
Held-Cluster4-Empty,364,7.29999971,3,-2.6849122,-1.24235117,-11.0804424,0,0,0,0,1,7,0,0,0,0,0,0
Held-Cluster4-Empty,365,7.31999969,0,-3.081038,-1.60670257,-2.10062075,0,0,0,0,1,9,0,0,0,0,0,0
Held-Cluster4-Empty,365,7.31999969,1,-2.70230055,-1.61217618,-4.276262,0,0,0,0,1,9,0,0,0,0,0,0
Held-Cluster4-Empty,365,7.31999969,2,-3.062141,-1.2283082,0.7511797,0,0,0,0,1,6,0,0,0,0,0,0
Held-Cluster4-Empty,365,7.31999969,3,-2.6849122,-1.24235117,-11.0804424,0,0,0,0,1,7,0,0,0,0,0,0
Held-Cluster4-Empty,366,7.33999968,0,-3.081038,-1.60670257,-2.10062075,0,0,0,0,1,9,0,0,0,0,0,0
Held-Cluster4-Empty,366,7.33999968,1,-2.70230055,-1.61217618,-4.276262,0,0,0,0,1,9,0,0,0,0,0,0
Held-Cluster4-Empty,366,7.33999968,2,-3.062141,-1.2283082,0.7511797,0,0,0,0,1,6,0,0,0,0,0,0
Held-Cluster4-Empty,366,7.33999968,3,-2.6849122,-1.24235117,-11.0804424,0,0,0,0,1,7,0,0,0,0,0,0
Held-Cluster4-Empty,367,7.35999966,0,-3.081038,-1.60670257,-2.10062075,0,0,0,0,1,9,0,0,0,0,0,0
Held-Cluster4-Empty,367,7.35999966,1,-2.70230055,-1.61217618,-4.276262,0,0,0,0,1,9,0,0,0,0,0,0
Held-Cluster4-Empty,367,7.35999966,2,-3.062141,-1.2283082,0.7511797,0,0,0,0,1,6,0,0,0,0,0,0
Held-Cluster4-Empty,367,7.35999966,3,-2.6849122,-1.24235117,-11.0804424,0,0,0,0,1,7,0,0,0,0,0,0
Held-Cluster4-Empty,368,7.37999964,0,-3.081038,-1.60670257,-2.10062075,0,0,0,0,1,9,0,0,0,0,0,0
Held-Cluster4-Empty,368,7.37999964,1,-2.70230055,-1.61217618,-4.276262,0,0,0,0,1,9,0,0,0,0,0,0
Held-Cluster4-Empty,368,7.37999964,2,-3.062141,-1.2283082,0.7511797,0,0,0,0,1,6,0,0,0,0,0,0
Held-Cluster4-Empty,368,7.37999964,3,-2.6849122,-1.24235117,-11.0804424,0,0,0,0,1,7,0,0,0,0,0,0
Held-Cluster4-Empty,369,7.39999962,0,-3.081038,-1.60670257,-2.10062075,0,0,0,0,1,9,0,0,0,0,0,0
Held-Cluster4-Empty,369,7.39999962,1,-2.70230055,-1.61217618,-4.276262,0,0,0,0,1,9,0,0,0,0,0,0
Held-Cluster4-Empty,369,7.39999962,2,-3.062141,-1.2283082,0.7511797,0,0,0,0,1,6,0,0,0,0,0,0
Held-Cluster4-Empty,369,7.39999962,3,-2.6849122,-1.24235117,-11.0804424,0,0,0,0,1,7,0,0,0,0,0,0
Held-Cluster4-Empty,370,7.4199996,0,-3.081038,-1.60670257,-2.10062075,0,0,0,0,1,9,0,0,0,0,0,0
Held-Cluster4-Empty,370,7.4199996,1,-2.70230055,-1.61217618,-4.276262,0,0,0,0,1,9,0,0,0,0,0,0
Held-Cluster4-Empty,370,7.4199996,2,-3.062141,-1.2283082,0.7511797,0,0,0,0,1,6,0,0,0,0,0,0
Held-Cluster4-Empty,370,7.4199996,3,-2.6849122,-1.24235117,-11.0804424,0,0,0,0,1,7,0,0,0,0,0,0
Held-Cluster4-Empty,371,7.44,0,-3.081038,-1.60670257,-2.10062075,0,0,0,0,1,9,0,0,0,0,0,0
Held-Cluster4-Empty,371,7.44,1,-2.70230055,-1.61217618,-4.276262,0,0,0,0,1,9,0,0,0,0,0,0
Held-Cluster4-Empty,371,7.44,2,-3.062141,-1.2283082,0.7511797,0,0,0,0,1,6,0,0,0,0,0,0
Held-Cluster4-Empty,371,7.44,3,-2.6849122,-1.24235117,-11.0804424,0,0,0,0,1,7,0,0,0,0,0,0
Held-Cluster4-Empty,372,7.46,0,-3.081038,-1.60670257,-2.10062075,0,0,0,0,1,9,0,0,0,0,0,0
Held-Cluster4-Empty,372,7.46,1,-2.70230055,-1.61217618,-4.276262,0,0,0,0,1,9,0,0,0,0,0,0
Held-Cluster4-Empty,372,7.46,2,-3.062141,-1.2283082,0.7511797,0,0,0,0,1,6,0,0,0,0,0,0
Held-Cluster4-Empty,372,7.46,3,-2.6849122,-1.24235117,-11.0804424,0,0,0,0,1,7,0,0,0,0,0,0
Held-Cluster4-Empty,373,7.48,0,-3.081038,-1.60670257,-2.10062075,0,0,0,0,1,9,0,0,0,0,0,0
Held-Cluster4-Empty,373,7.48,1,-2.70230055,-1.61217618,-4.276262,0,0,0,0,1,9,0,0,0,0,0,0
Held-Cluster4-Empty,373,7.48,2,-3.062141,-1.2283082,0.7511797,0,0,0,0,1,6,0,0,0,0,0,0
Held-Cluster4-Empty,373,7.48,3,-2.6849122,-1.24235117,-11.0804424,0,0,0,0,1,7,0,0,0,0,0,0
Held-Cluster4-Empty,374,7.5,0,-3.081038,-1.60670257,-2.10062075,0,0,0,0,1,9,0,0,0,0,0,0
Held-Cluster4-Empty,374,7.5,1,-2.70230055,-1.61217618,-4.276262,0,0,0,0,1,9,0,0,0,0,0,0
Held-Cluster4-Empty,374,7.5,2,-3.062141,-1.2283082,0.7511797,0,0,0,0,1,6,0,0,0,0,0,0
Held-Cluster4-Empty,374,7.5,3,-2.6849122,-1.24235117,-11.0804424,0,0,0,0,1,7,0,0,0,0,0,0
Held-Cluster4-Empty,375,7.52,0,-3.081038,-1.60670257,-2.10062075,0,0,0,0,1,9,0,0,0,0,0,0
Held-Cluster4-Empty,375,7.52,1,-2.70230055,-1.61217618,-4.276262,0,0,0,0,1,9,0,0,0,0,0,0
Held-Cluster4-Empty,375,7.52,2,-3.062141,-1.2283082,0.7511797,0,0,0,0,1,6,0,0,0,0,0,0
Held-Cluster4-Empty,375,7.52,3,-2.6849122,-1.24235117,-11.0804424,0,0,0,0,1,7,0,0,0,0,0,0
Held-Cluster4-Empty,376,7.54,0,-3.081038,-1.60670257,-2.10062075,0,0,0,0,1,9,0,0,0,0,0,0
Held-Cluster4-Empty,376,7.54,1,-2.70230055,-1.61217618,-4.276262,0,0,0,0,1,9,0,0,0,0,0,0
Held-Cluster4-Empty,376,7.54,2,-3.062141,-1.2283082,0.7511797,0,0,0,0,1,6,0,0,0,0,0,0
Held-Cluster4-Empty,376,7.54,3,-2.6849122,-1.24235117,-11.0804424,0,0,0,0,1,7,0,0,0,0,0,0
Held-Cluster4-Empty,377,7.56,0,-3.081038,-1.60670257,-2.10062075,0,0,0,0,1,9,0,0,0,0,0,0
Held-Cluster4-Empty,377,7.56,1,-2.70230055,-1.61217618,-4.276262,0,0,0,0,1,9,0,0,0,0,0,0
Held-Cluster4-Empty,377,7.56,2,-3.062141,-1.2283082,0.7511797,0,0,0,0,1,6,0,0,0,0,0,0
Held-Cluster4-Empty,377,7.56,3,-2.6849122,-1.24235117,-11.0804424,0,0,0,0,1,7,0,0,0,0,0,0
Held-Cluster4-Empty,378,7.58,0,-3.081038,-1.60670257,-2.10062075,0,0,0,0,1,9,0,0,0,0,0,0
Held-Cluster4-Empty,378,7.58,1,-2.70230055,-1.61217618,-4.276262,0,0,0,0,1,9,0,0,0,0,0,0
Held-Cluster4-Empty,378,7.58,2,-3.062141,-1.2283082,0.7511797,0,0,0,0,1,6,0,0,0,0,0,0
Held-Cluster4-Empty,378,7.58,3,-2.6849122,-1.24235117,-11.0804424,0,0,0,0,1,7,0,0,0,0,0,0
Held-Cluster4-Empty,379,7.6,0,-3.081038,-1.60670257,-2.10062075,0,0,0,0,1,9,0,0,0,0,0,0
Held-Cluster4-Empty,379,7.6,1,-2.70230055,-1.61217618,-4.276262,0,0,0,0,1,9,0,0,0,0,0,0
Held-Cluster4-Empty,379,7.6,2,-3.062141,-1.2283082,0.7511797,0,0,0,0,1,6,0,0,0,0,0,0
Held-Cluster4-Empty,379,7.6,3,-2.6849122,-1.24235117,-11.0804424,0,0,0,0,1,7,0,0,0,0,0,0
Held-Cluster4-Empty,380,7.62,0,-3.081038,-1.60670257,-2.10062075,0,0,0,0,1,9,0,0,0,0,0,0
Held-Cluster4-Empty,380,7.62,1,-2.70230055,-1.61217618,-4.276262,0,0,0,0,1,9,0,0,0,0,0,0
Held-Cluster4-Empty,380,7.62,2,-3.062141,-1.2283082,0.7511797,0,0,0,0,1,6,0,0,0,0,0,0
Held-Cluster4-Empty,380,7.62,3,-2.6849122,-1.24235117,-11.0804424,0,0,0,0,1,7,0,0,0,0,0,0
Held-Cluster4-Empty,381,7.64,0,-3.081038,-1.60670257,-2.10062075,0,0,0,0,1,9,0,0,0,0,0,0
Held-Cluster4-Empty,381,7.64,1,-2.70230055,-1.61217618,-4.276262,0,0,0,0,1,9,0,0,0,0,0,0
Held-Cluster4-Empty,381,7.64,2,-3.062141,-1.2283082,0.7511797,0,0,0,0,1,6,0,0,0,0,0,0
Held-Cluster4-Empty,381,7.64,3,-2.6849122,-1.24235117,-11.0804424,0,0,0,0,1,7,0,0,0,0,0,0
Held-Cluster4-Empty,382,7.66,0,-3.081038,-1.60670257,-2.10062075,0,0,0,0,1,9,0,0,0,0,0,0
Held-Cluster4-Empty,382,7.66,1,-2.70230055,-1.61217618,-4.276262,0,0,0,0,1,9,0,0,0,0,0,0
Held-Cluster4-Empty,382,7.66,2,-3.062141,-1.2283082,0.7511797,0,0,0,0,1,6,0,0,0,0,0,0
Held-Cluster4-Empty,382,7.66,3,-2.6849122,-1.24235117,-11.0804424,0,0,0,0,1,7,0,0,0,0,0,0
Held-Cluster4-Empty,383,7.68,0,-3.081038,-1.60670257,-2.10062075,0,0,0,0,1,9,0,0,0,0,0,0
Held-Cluster4-Empty,383,7.68,1,-2.70230055,-1.61217618,-4.276262,0,0,0,0,1,9,0,0,0,0,0,0
Held-Cluster4-Empty,383,7.68,2,-3.062141,-1.2283082,0.7511797,0,0,0,0,1,6,0,0,0,0,0,0
Held-Cluster4-Empty,383,7.68,3,-2.6849122,-1.24235117,-11.0804424,0,0,0,0,1,7,0,0,0,0,0,0
Held-Cluster4-Empty,384,7.7,0,-3.081038,-1.60670257,-2.10062075,0,0,0,0,1,9,0,0,0,0,0,0
Held-Cluster4-Empty,384,7.7,1,-2.70230055,-1.61217618,-4.276262,0,0,0,0,1,9,0,0,0,0,0,0
Held-Cluster4-Empty,384,7.7,2,-3.062141,-1.2283082,0.7511797,0,0,0,0,1,6,0,0,0,0,0,0
Held-Cluster4-Empty,384,7.7,3,-2.6849122,-1.24235117,-11.0804424,0,0,0,0,1,7,0,0,0,0,0,0
Held-Cluster4-Empty,385,7.72,0,-3.081038,-1.60670257,-2.10062075,0,0,0,0,1,9,0,0,0,0,0,0
Held-Cluster4-Empty,385,7.72,1,-2.70230055,-1.61217618,-4.276262,0,0,0,0,1,9,0,0,0,0,0,0
Held-Cluster4-Empty,385,7.72,2,-3.062141,-1.2283082,0.7511797,0,0,0,0,1,6,0,0,0,0,0,0
Held-Cluster4-Empty,385,7.72,3,-2.6849122,-1.24235117,-11.0804424,0,0,0,0,1,7,0,0,0,0,0,0
Held-Cluster4-Empty,386,7.74,0,-3.081038,-1.60670257,-2.10062075,0,0,0,0,1,9,0,0,0,0,0,0
Held-Cluster4-Empty,386,7.74,1,-2.70230055,-1.61217618,-4.276262,0,0,0,0,1,9,0,0,0,0,0,0
Held-Cluster4-Empty,386,7.74,2,-3.062141,-1.2283082,0.7511797,0,0,0,0,1,6,0,0,0,0,0,0
Held-Cluster4-Empty,386,7.74,3,-2.6849122,-1.24235117,-11.0804424,0,0,0,0,1,7,0,0,0,0,0,0
Held-Cluster4-Empty,387,7.75999975,0,-3.081038,-1.60670257,-2.10062075,0,0,0,0,1,9,0,0,0,0,0,0
Held-Cluster4-Empty,387,7.75999975,1,-2.70230055,-1.61217618,-4.276262,0,0,0,0,1,9,0,0,0,0,0,0
Held-Cluster4-Empty,387,7.75999975,2,-3.062141,-1.2283082,0.7511797,0,0,0,0,1,6,0,0,0,0,0,0
Held-Cluster4-Empty,387,7.75999975,3,-2.6849122,-1.24235117,-11.0804424,0,0,0,0,1,7,0,0,0,0,0,0
Held-Cluster4-Empty,388,7.77999973,0,-3.081038,-1.60670257,-2.10062075,0,0,0,0,1,9,0,0,0,0,0,0
Held-Cluster4-Empty,388,7.77999973,1,-2.70230055,-1.61217618,-4.276262,0,0,0,0,1,9,0,0,0,0,0,0
Held-Cluster4-Empty,388,7.77999973,2,-3.062141,-1.2283082,0.7511797,0,0,0,0,1,6,0,0,0,0,0,0
Held-Cluster4-Empty,388,7.77999973,3,-2.6849122,-1.24235117,-11.0804424,0,0,0,0,1,7,0,0,0,0,0,0
Held-Cluster4-Empty,389,7.79999971,0,-3.081038,-1.60670257,-2.10062075,0,0,0,0,1,9,0,0,0,0,0,0
Held-Cluster4-Empty,389,7.79999971,1,-2.70230055,-1.61217618,-4.276262,0,0,0,0,1,9,0,0,0,0,0,0
Held-Cluster4-Empty,389,7.79999971,2,-3.062141,-1.2283082,0.7511797,0,0,0,0,1,6,0,0,0,0,0,0
Held-Cluster4-Empty,389,7.79999971,3,-2.6849122,-1.24235117,-11.0804424,0,0,0,0,1,7,0,0,0,0,0,0
Held-Cluster4-Empty,390,7.81999969,0,-3.081038,-1.60670257,-2.10062075,0,0,0,0,1,9,0,0,0,0,0,0
Held-Cluster4-Empty,390,7.81999969,1,-2.70230055,-1.61217618,-4.276262,0,0,0,0,1,9,0,0,0,0,0,0
Held-Cluster4-Empty,390,7.81999969,2,-3.062141,-1.2283082,0.7511797,0,0,0,0,1,6,0,0,0,0,0,0
Held-Cluster4-Empty,390,7.81999969,3,-2.6849122,-1.24235117,-11.0804424,0,0,0,0,1,7,0,0,0,0,0,0
Held-Cluster4-Empty,391,7.83999968,0,-3.081038,-1.60670257,-2.10062075,0,0,0,0,1,9,0,0,0,0,0,0
Held-Cluster4-Empty,391,7.83999968,1,-2.70230055,-1.61217618,-4.276262,0,0,0,0,1,9,0,0,0,0,0,0
Held-Cluster4-Empty,391,7.83999968,2,-3.062141,-1.2283082,0.7511797,0,0,0,0,1,6,0,0,0,0,0,0
Held-Cluster4-Empty,391,7.83999968,3,-2.6849122,-1.24235117,-11.0804424,0,0,0,0,1,7,0,0,0,0,0,0
Held-Cluster4-Empty,392,7.85999966,0,-3.081038,-1.60670257,-2.10062075,0,0,0,0,1,9,0,0,0,0,0,0
Held-Cluster4-Empty,392,7.85999966,1,-2.70230055,-1.61217618,-4.276262,0,0,0,0,1,9,0,0,0,0,0,0
Held-Cluster4-Empty,392,7.85999966,2,-3.062141,-1.2283082,0.7511797,0,0,0,0,1,6,0,0,0,0,0,0
Held-Cluster4-Empty,392,7.85999966,3,-2.6849122,-1.24235117,-11.0804424,0,0,0,0,1,7,0,0,0,0,0,0
Held-Cluster4-Empty,393,7.87999964,0,-3.081038,-1.60670257,-2.10062075,0,0,0,0,1,9,0,0,0,0,0,0
Held-Cluster4-Empty,393,7.87999964,1,-2.70230055,-1.61217618,-4.276262,0,0,0,0,1,9,0,0,0,0,0,0
Held-Cluster4-Empty,393,7.87999964,2,-3.062141,-1.2283082,0.7511797,0,0,0,0,1,6,0,0,0,0,0,0
Held-Cluster4-Empty,393,7.87999964,3,-2.6849122,-1.24235117,-11.0804424,0,0,0,0,1,7,0,0,0,0,0,0
Held-Cluster4-Empty,394,7.89999962,0,-3.081038,-1.60670257,-2.10062075,0,0,0,0,1,9,0,0,0,0,0,0
Held-Cluster4-Empty,394,7.89999962,1,-2.70230055,-1.61217618,-4.276262,0,0,0,0,1,9,0,0,0,0,0,0
Held-Cluster4-Empty,394,7.89999962,2,-3.062141,-1.2283082,0.7511797,0,0,0,0,1,6,0,0,0,0,0,0
Held-Cluster4-Empty,394,7.89999962,3,-2.6849122,-1.24235117,-11.0804424,0,0,0,0,1,7,0,0,0,0,0,0
Held-Cluster4-Empty,395,7.9199996,0,-3.081038,-1.60670257,-2.10062075,0,0,0,0,1,9,0,0,0,0,0,0
Held-Cluster4-Empty,395,7.9199996,1,-2.70230055,-1.61217618,-4.276262,0,0,0,0,1,9,0,0,0,0,0,0
Held-Cluster4-Empty,395,7.9199996,2,-3.062141,-1.2283082,0.7511797,0,0,0,0,1,6,0,0,0,0,0,0
Held-Cluster4-Empty,395,7.9199996,3,-2.6849122,-1.24235117,-11.0804424,0,0,0,0,1,7,0,0,0,0,0,0
Held-Cluster4-Empty,396,7.94,0,-3.081038,-1.60670257,-2.10062075,0,0,0,0,1,9,0,0,0,0,0,0
Held-Cluster4-Empty,396,7.94,1,-2.70230055,-1.61217618,-4.276262,0,0,0,0,1,9,0,0,0,0,0,0
Held-Cluster4-Empty,396,7.94,2,-3.062141,-1.2283082,0.7511797,0,0,0,0,1,6,0,0,0,0,0,0
Held-Cluster4-Empty,396,7.94,3,-2.6849122,-1.24235117,-11.0804424,0,0,0,0,1,7,0,0,0,0,0,0
Held-Cluster4-Empty,397,7.96,0,-3.081038,-1.60670257,-2.10062075,0,0,0,0,1,9,0,0,0,0,0,0
Held-Cluster4-Empty,397,7.96,1,-2.70230055,-1.61217618,-4.276262,0,0,0,0,1,9,0,0,0,0,0,0
Held-Cluster4-Empty,397,7.96,2,-3.062141,-1.2283082,0.7511797,0,0,0,0,1,6,0,0,0,0,0,0
Held-Cluster4-Empty,397,7.96,3,-2.6849122,-1.24235117,-11.0804424,0,0,0,0,1,7,0,0,0,0,0,0
Held-Cluster4-Empty,398,7.98,0,-3.081038,-1.60670257,-2.10062075,0,0,0,0,1,9,0,0,0,0,0,0
Held-Cluster4-Empty,398,7.98,1,-2.70230055,-1.61217618,-4.276262,0,0,0,0,1,9,0,0,0,0,0,0
Held-Cluster4-Empty,398,7.98,2,-3.062141,-1.2283082,0.7511797,0,0,0,0,1,6,0,0,0,0,0,0
Held-Cluster4-Empty,398,7.98,3,-2.6849122,-1.24235117,-11.0804424,0,0,0,0,1,7,0,0,0,0,0,0
Held-Cluster4-Empty,399,8,0,-3.081038,-1.60670257,-2.10062075,0,0,0,0,1,9,0,0,0,0,0,0
Held-Cluster4-Empty,399,8,1,-2.70230055,-1.61217618,-4.276262,0,0,0,0,1,9,0,0,0,0,0,0
Held-Cluster4-Empty,399,8,2,-3.062141,-1.2283082,0.7511797,0,0,0,0,1,6,0,0,0,0,0,0
Held-Cluster4-Empty,399,8,3,-2.6849122,-1.24235117,-11.0804424,0,0,0,0,1,7,0,0,0,0,0,0
Held-Cluster4-F,300,6.02,0,-3.08205628,-1.60590518,-1.72784173,0,0,0,0,1,9,37,0.000265695446,0.0008506556,0,41,0
Held-Cluster4-F,300,6.02,1,-2.70466018,-1.61410058,-3.29004574,0,0,0,0,1,11,37,0.000265695446,0.0008506556,0,41,0
Held-Cluster4-F,300,6.02,2,-3.064254,-1.2290051,0.394008964,0,0,0,0,1,6,37,0.000265695446,0.0008506556,0,41,0
Held-Cluster4-F,300,6.02,3,-2.69021487,-1.24404836,-10.5881138,0,0,0,0,1,7,37,0.000265695446,0.0008506556,0,41,0
Held-Cluster4-F,301,6.04,0,-3.08205628,-1.60590518,-1.72784173,0,0,0,0,1,9,37,0.000281873741,0.00163207669,0,41,0
Held-Cluster4-F,301,6.04,1,-2.70466018,-1.61410058,-3.29004574,0,0,0,0,1,11,37,0.000281873741,0.00163207669,0,41,0
Held-Cluster4-F,301,6.04,2,-3.064254,-1.2290051,0.394008964,0,0,0,0,1,6,37,0.000281873741,0.00163207669,0,41,0
Held-Cluster4-F,301,6.04,3,-2.69021487,-1.24404836,-10.5881138,0,0,0,0,1,7,37,0.000281873741,0.00163207669,0,41,0
Held-Cluster4-F,302,6.06,0,-3.08205628,-1.60590518,-1.72784173,0,0,0,0,1,9,37,0.000324552675,0.00122389314,0,41,0
Held-Cluster4-F,302,6.06,1,-2.70466018,-1.61410058,-3.29004574,0,0,0,0,1,11,37,0.000324552675,0.00122389314,0,41,0
Held-Cluster4-F,302,6.06,2,-3.064254,-1.2290051,0.394008964,0,0,0,0,1,6,37,0.000324552675,0.00122389314,0,41,0
Held-Cluster4-F,302,6.06,3,-2.69021487,-1.24404836,-10.5881138,0,0,0,0,1,7,37,0.000324552675,0.00122389314,0,41,0
Held-Cluster4-F,303,6.08,0,-3.08205628,-1.60590518,-1.72784173,0,0,0,0,1,9,37,0.000419323158,0.00244670012,0,41,0
Held-Cluster4-F,303,6.08,1,-2.70466018,-1.61410058,-3.29004574,0,0,0,0,1,11,37,0.000419323158,0.00244670012,0,41,0
Held-Cluster4-F,303,6.08,2,-3.064254,-1.2290051,0.394008964,0,0,0,0,1,6,37,0.000419323158,0.00244670012,0,41,0
Held-Cluster4-F,303,6.08,3,-2.69021487,-1.24404836,-10.5881138,0,0,0,0,1,7,37,0.000419323158,0.00244670012,0,41,0
Held-Cluster4-F,304,6.1,0,-3.08205628,-1.60590518,-1.72784173,0,0,0,0,1,9,37,0.0005446699,0.00233249017,0,41,0
Held-Cluster4-F,304,6.1,1,-2.70466018,-1.61410058,-3.29004574,0,0,0,0,1,11,37,0.0005446699,0.00233249017,0,41,0
Held-Cluster4-F,304,6.1,2,-3.064254,-1.2290051,0.394008964,0,0,0,0,1,6,37,0.0005446699,0.00233249017,0,41,0
Held-Cluster4-F,304,6.1,3,-2.69021487,-1.24404836,-10.5881138,0,0,0,0,1,7,37,0.0005446699,0.00233249017,0,41,0
Held-Cluster4-F,305,6.12,0,-3.08205628,-1.60590518,-1.72784173,0,0,0,0,1,9,37,0.000781940762,0.00310665066,0,41,0
Held-Cluster4-F,305,6.12,1,-2.70466018,-1.61410058,-3.29004574,0,0,0,0,1,11,37,0.000781940762,0.00310665066,0,41,0
Held-Cluster4-F,305,6.12,2,-3.064254,-1.2290051,0.394008964,0,0,0,0,1,6,37,0.000781940762,0.00310665066,0,41,0
Held-Cluster4-F,305,6.12,3,-2.69021487,-1.24404836,-10.5881138,0,0,0,0,1,7,37,0.000781940762,0.00310665066,0,41,0
Held-Cluster4-F,306,6.14,0,-3.08205628,-1.60590518,-1.72784173,0,0,0,0,1,9,37,0.000372883369,0.001706276,0,41,0
Held-Cluster4-F,306,6.14,1,-2.70466018,-1.61410058,-3.29004574,0,0,0,0,1,11,37,0.000372883369,0.001706276,0,41,0
Held-Cluster4-F,306,6.14,2,-3.064254,-1.2290051,0.394008964,0,0,0,0,1,6,37,0.000372883369,0.001706276,0,41,0
Held-Cluster4-F,306,6.14,3,-2.69021487,-1.24404836,-10.5881138,0,0,0,0,1,7,37,0.000372883369,0.001706276,0,41,0
Held-Cluster4-F,307,6.16,0,-3.08205628,-1.60590518,-1.72784173,0,0,0,0,1,9,37,0.0002676554,0.0009142618,0,41,0
Held-Cluster4-F,307,6.16,1,-2.70466018,-1.61410058,-3.29004574,0,0,0,0,1,11,37,0.0002676554,0.0009142618,0,41,0
Held-Cluster4-F,307,6.16,2,-3.064254,-1.2290051,0.394008964,0,0,0,0,1,6,37,0.0002676554,0.0009142618,0,41,0
Held-Cluster4-F,307,6.16,3,-2.69021487,-1.24404836,-10.5881138,0,0,0,0,1,7,37,0.0002676554,0.0009142618,0,41,0
Held-Cluster4-F,308,6.18,0,-3.08205628,-1.60590518,-1.72784173,0,0,0,0,1,9,37,0.000429482228,0.00220663217,0,41,0
Held-Cluster4-F,308,6.18,1,-2.70466018,-1.61410058,-3.29004574,0,0,0,0,1,11,37,0.000429482228,0.00220663217,0,41,0
Held-Cluster4-F,308,6.18,2,-3.064254,-1.2290051,0.394008964,0,0,0,0,1,6,37,0.000429482228,0.00220663217,0,41,0
Held-Cluster4-F,308,6.18,3,-2.69021487,-1.24404836,-10.5881138,0,0,0,0,1,7,37,0.000429482228,0.00220663217,0,41,0
Held-Cluster4-F,309,6.2,0,-3.08205628,-1.60590518,-1.72784173,0,0,0,0,1,9,37,0.000937921868,0.00463591376,0,41,0
Held-Cluster4-F,309,6.2,1,-2.70466018,-1.61410058,-3.29004574,0,0,0,0,1,11,37,0.000937921868,0.00463591376,0,41,0
Held-Cluster4-F,309,6.2,2,-3.064254,-1.2290051,0.394008964,0,0,0,0,1,6,37,0.000937921868,0.00463591376,0,41,0
Held-Cluster4-F,309,6.2,3,-2.69021487,-1.24404836,-10.5881138,0,0,0,0,1,7,37,0.000937921868,0.00463591376,0,41,0
Held-Cluster4-F,310,6.22,0,-3.08205628,-1.60590518,-1.72784173,0,0,0,0,1,9,37,0.0008678666,0.00401010644,0,41,0
Held-Cluster4-F,310,6.22,1,-2.70466018,-1.61410058,-3.29004574,0,0,0,0,1,11,37,0.0008678666,0.00401010644,0,41,0
Held-Cluster4-F,310,6.22,2,-3.064254,-1.2290051,0.394008964,0,0,0,0,1,6,37,0.0008678666,0.00401010644,0,41,0
Held-Cluster4-F,310,6.22,3,-2.69021487,-1.24404836,-10.5881138,0,0,0,0,1,7,37,0.0008678666,0.00401010644,0,41,0
Held-Cluster4-F,311,6.24,0,-3.08205628,-1.60590518,-1.72784173,0,0,0,0,1,9,37,0.000418550451,0.0024830827,0,41,0
Held-Cluster4-F,311,6.24,1,-2.70466018,-1.61410058,-3.29004574,0,0,0,0,1,11,37,0.000418550451,0.0024830827,0,41,0
Held-Cluster4-F,311,6.24,2,-3.064254,-1.2290051,0.394008964,0,0,0,0,1,6,37,0.000418550451,0.0024830827,0,41,0
Held-Cluster4-F,311,6.24,3,-2.69021487,-1.24404836,-10.5881138,0,0,0,0,1,7,37,0.000418550451,0.0024830827,0,41,0
Held-Cluster4-F,312,6.25999975,0,-3.08205628,-1.60590518,-1.72784173,0,0,0,0,1,9,37,0.0006111328,0.002565165,0,41,0
Held-Cluster4-F,312,6.25999975,1,-2.70466018,-1.61410058,-3.29004574,0,0,0,0,1,11,37,0.0006111328,0.002565165,0,41,0
Held-Cluster4-F,312,6.25999975,2,-3.064254,-1.2290051,0.394008964,0,0,0,0,1,6,37,0.0006111328,0.002565165,0,41,0
Held-Cluster4-F,312,6.25999975,3,-2.69021487,-1.24404836,-10.5881138,0,0,0,0,1,7,37,0.0006111328,0.002565165,0,41,0
Held-Cluster4-F,313,6.27999973,0,-3.08205628,-1.60590518,-1.72784173,0,0,0,0,1,9,37,0.00041658667,0.00218402734,0,41,0
Held-Cluster4-F,313,6.27999973,1,-2.70466018,-1.61410058,-3.29004574,0,0,0,0,1,11,37,0.00041658667,0.00218402734,0,41,0
Held-Cluster4-F,313,6.27999973,2,-3.064254,-1.2290051,0.394008964,0,0,0,0,1,6,37,0.00041658667,0.00218402734,0,41,0
Held-Cluster4-F,313,6.27999973,3,-2.69021487,-1.24404836,-10.5881138,0,0,0,0,1,7,37,0.00041658667,0.00218402734,0,41,0
Held-Cluster4-F,314,6.29999971,0,-3.08205628,-1.60590518,-1.72784173,0,0,0,0,1,9,37,0.00104377163,0.004586928,0,41,0
Held-Cluster4-F,314,6.29999971,1,-2.70466018,-1.61410058,-3.29004574,0,0,0,0,1,11,37,0.00104377163,0.004586928,0,41,0
Held-Cluster4-F,314,6.29999971,2,-3.064254,-1.2290051,0.394008964,0,0,0,0,1,6,37,0.00104377163,0.004586928,0,41,0
Held-Cluster4-F,314,6.29999971,3,-2.69021487,-1.24404836,-10.5881138,0,0,0,0,1,7,37,0.00104377163,0.004586928,0,41,0
Held-Cluster4-F,315,6.31999969,0,-3.08205628,-1.60590518,-1.72784173,0,0,0,0,1,9,37,0.0007148744,0.00337701547,0,41,0
Held-Cluster4-F,315,6.31999969,1,-2.70466018,-1.61410058,-3.29004574,0,0,0,0,1,11,37,0.0007148744,0.00337701547,0,41,0
Held-Cluster4-F,315,6.31999969,2,-3.064254,-1.2290051,0.394008964,0,0,0,0,1,6,37,0.0007148744,0.00337701547,0,41,0
Held-Cluster4-F,315,6.31999969,3,-2.69021487,-1.24404836,-10.5881138,0,0,0,0,1,7,37,0.0007148744,0.00337701547,0,41,0
Held-Cluster4-F,316,6.33999968,0,-3.08205628,-1.60590518,-1.72784173,0,0,0,0,1,9,37,0.0009042295,0.0037534947,0,41,0
Held-Cluster4-F,316,6.33999968,1,-2.70466018,-1.61410058,-3.29004574,0,0,0,0,1,11,37,0.0009042295,0.0037534947,0,41,0
Held-Cluster4-F,316,6.33999968,2,-3.064254,-1.2290051,0.394008964,0,0,0,0,1,6,37,0.0009042295,0.0037534947,0,41,0
Held-Cluster4-F,316,6.33999968,3,-2.69021487,-1.24404836,-10.5881138,0,0,0,0,1,7,37,0.0009042295,0.0037534947,0,41,0
Held-Cluster4-F,317,6.35999966,0,-3.08205628,-1.60590518,-1.72784173,0,0,0,0,1,9,37,0.0002952205,0.00127059582,0,41,0
Held-Cluster4-F,317,6.35999966,1,-2.70466018,-1.61410058,-3.29004574,0,0,0,0,1,11,37,0.0002952205,0.00127059582,0,41,0
Held-Cluster4-F,317,6.35999966,2,-3.064254,-1.2290051,0.394008964,0,0,0,0,1,6,37,0.0002952205,0.00127059582,0,41,0
Held-Cluster4-F,317,6.35999966,3,-2.69021487,-1.24404836,-10.5881138,0,0,0,0,1,7,37,0.0002952205,0.00127059582,0,41,0
Held-Cluster4-F,318,6.37999964,0,-3.08205628,-1.60590518,-1.72784173,0,0,0,0,1,9,37,0.000185131954,0.00111539627,0,41,0
Held-Cluster4-F,318,6.37999964,1,-2.70466018,-1.61410058,-3.29004574,0,0,0,0,1,11,37,0.000185131954,0.00111539627,0,41,0
Held-Cluster4-F,318,6.37999964,2,-3.064254,-1.2290051,0.394008964,0,0,0,0,1,6,37,0.000185131954,0.00111539627,0,41,0
Held-Cluster4-F,318,6.37999964,3,-2.69021487,-1.24404836,-10.5881138,0,0,0,0,1,7,37,0.000185131954,0.00111539627,0,41,0
Held-Cluster4-F,319,6.39999962,0,-3.08205628,-1.60590518,-1.72784173,0,0,0,0,1,9,37,0.000234836814,0.001140965,0,41,0
Held-Cluster4-F,319,6.39999962,1,-2.70466018,-1.61410058,-3.29004574,0,0,0,0,1,11,37,0.000234836814,0.001140965,0,41,0
Held-Cluster4-F,319,6.39999962,2,-3.064254,-1.2290051,0.394008964,0,0,0,0,1,6,37,0.000234836814,0.001140965,0,41,0
Held-Cluster4-F,319,6.39999962,3,-2.69021487,-1.24404836,-10.5881138,0,0,0,0,1,7,37,0.000234836814,0.001140965,0,41,0
Held-Cluster4-F,320,6.42,0,-3.08205628,-1.60590518,-1.72784173,0,0,0,0,1,9,37,0.000303807581,0.00161079527,0,41,0
Held-Cluster4-F,320,6.42,1,-2.70466018,-1.61410058,-3.29004574,0,0,0,0,1,11,37,0.000303807581,0.00161079527,0,41,0
Held-Cluster4-F,320,6.42,2,-3.064254,-1.2290051,0.394008964,0,0,0,0,1,6,37,0.000303807581,0.00161079527,0,41,0
Held-Cluster4-F,320,6.42,3,-2.69021487,-1.24404836,-10.5881138,0,0,0,0,1,7,37,0.000303807581,0.00161079527,0,41,0
Held-Cluster4-F,321,6.44,0,-3.08205628,-1.60590518,-1.72784173,0,0,0,0,1,9,37,0.000349252659,0.00153805478,0,41,0
Held-Cluster4-F,321,6.44,1,-2.70466018,-1.61410058,-3.29004574,0,0,0,0,1,11,37,0.000349252659,0.00153805478,0,41,0
Held-Cluster4-F,321,6.44,2,-3.064254,-1.2290051,0.394008964,0,0,0,0,1,6,37,0.000349252659,0.00153805478,0,41,0
Held-Cluster4-F,321,6.44,3,-2.69021487,-1.24404836,-10.5881138,0,0,0,0,1,7,37,0.000349252659,0.00153805478,0,41,0
Held-Cluster4-F,322,6.46,0,-3.08205628,-1.60590518,-1.72784173,0,0,0,0,1,9,37,0.0007026388,0.00312649575,0,41,0
Held-Cluster4-F,322,6.46,1,-2.70466018,-1.61410058,-3.29004574,0,0,0,0,1,11,37,0.0007026388,0.00312649575,0,41,0
Held-Cluster4-F,322,6.46,2,-3.064254,-1.2290051,0.394008964,0,0,0,0,1,6,37,0.0007026388,0.00312649575,0,41,0
Held-Cluster4-F,322,6.46,3,-2.69021487,-1.24404836,-10.5881138,0,0,0,0,1,7,37,0.0007026388,0.00312649575,0,41,0
Held-Cluster4-F,323,6.48,0,-3.08205628,-1.60590518,-1.72784173,0,0,0,0,1,9,37,0.000486537057,0.002365147,0,41,0
Held-Cluster4-F,323,6.48,1,-2.70466018,-1.61410058,-3.29004574,0,0,0,0,1,11,37,0.000486537057,0.002365147,0,41,0
Held-Cluster4-F,323,6.48,2,-3.064254,-1.2290051,0.394008964,0,0,0,0,1,6,37,0.000486537057,0.002365147,0,41,0
Held-Cluster4-F,323,6.48,3,-2.69021487,-1.24404836,-10.5881138,0,0,0,0,1,7,37,0.000486537057,0.002365147,0,41,0
Held-Cluster4-F,324,6.5,0,-3.08205628,-1.60590518,-1.72784173,0,0,0,0,1,9,37,0.0007021698,0.00263576023,0,41,0
Held-Cluster4-F,324,6.5,1,-2.70466018,-1.61410058,-3.29004574,0,0,0,0,1,11,37,0.0007021698,0.00263576023,0,41,0
Held-Cluster4-F,324,6.5,2,-3.064254,-1.2290051,0.394008964,0,0,0,0,1,6,37,0.0007021698,0.00263576023,0,41,0
Held-Cluster4-F,324,6.5,3,-2.69021487,-1.24404836,-10.5881138,0,0,0,0,1,7,37,0.0007021698,0.00263576023,0,41,0
Held-Cluster4-F,325,6.52,0,-3.08205628,-1.60590518,-1.72784173,0,0,0,0,1,9,37,0.0004532695,0.0022121924,0,41,0
Held-Cluster4-F,325,6.52,1,-2.70466018,-1.61410058,-3.29004574,0,0,0,0,1,11,37,0.0004532695,0.0022121924,0,41,0
Held-Cluster4-F,325,6.52,2,-3.064254,-1.2290051,0.394008964,0,0,0,0,1,6,37,0.0004532695,0.0022121924,0,41,0
Held-Cluster4-F,325,6.52,3,-2.69021487,-1.24404836,-10.5881138,0,0,0,0,1,7,37,0.0004532695,0.0022121924,0,41,0
Held-Cluster4-F,326,6.54,0,-3.08205628,-1.60590518,-1.72784173,0,0,0,0,1,9,37,0.0005436061,0.00256418041,0,41,0
Held-Cluster4-F,326,6.54,1,-2.70466018,-1.61410058,-3.29004574,0,0,0,0,1,11,37,0.0005436061,0.00256418041,0,41,0
Held-Cluster4-F,326,6.54,2,-3.064254,-1.2290051,0.394008964,0,0,0,0,1,6,37,0.0005436061,0.00256418041,0,41,0
Held-Cluster4-F,326,6.54,3,-2.69021487,-1.24404836,-10.5881138,0,0,0,0,1,7,37,0.0005436061,0.00256418041,0,41,0
Held-Cluster4-F,327,6.56,0,-3.08205628,-1.60590518,-1.72784173,0,0,0,0,1,9,37,0.0005852407,0.0029417444,0,41,0
Held-Cluster4-F,327,6.56,1,-2.70466018,-1.61410058,-3.29004574,0,0,0,0,1,11,37,0.0005852407,0.0029417444,0,41,0
Held-Cluster4-F,327,6.56,2,-3.064254,-1.2290051,0.394008964,0,0,0,0,1,6,37,0.0005852407,0.0029417444,0,41,0
Held-Cluster4-F,327,6.56,3,-2.69021487,-1.24404836,-10.5881138,0,0,0,0,1,7,37,0.0005852407,0.0029417444,0,41,0
Held-Cluster4-F,328,6.58,0,-3.08205628,-1.60590518,-1.72784173,0,0,0,0,1,9,37,0.0008724967,0.003537572,0,41,0
Held-Cluster4-F,328,6.58,1,-2.70466018,-1.61410058,-3.29004574,0,0,0,0,1,11,37,0.0008724967,0.003537572,0,41,0
Held-Cluster4-F,328,6.58,2,-3.064254,-1.2290051,0.394008964,0,0,0,0,1,6,37,0.0008724967,0.003537572,0,41,0
Held-Cluster4-F,328,6.58,3,-2.69021487,-1.24404836,-10.5881138,0,0,0,0,1,7,37,0.0008724967,0.003537572,0,41,0
Held-Cluster4-F,329,6.6,0,-3.08205628,-1.60590518,-1.72784173,0,0,0,0,1,9,37,0.0006081741,0.00290663843,0,41,0
Held-Cluster4-F,329,6.6,1,-2.70466018,-1.61410058,-3.29004574,0,0,0,0,1,11,37,0.0006081741,0.00290663843,0,41,0
Held-Cluster4-F,329,6.6,2,-3.064254,-1.2290051,0.394008964,0,0,0,0,1,6,37,0.0006081741,0.00290663843,0,41,0
Held-Cluster4-F,329,6.6,3,-2.69021487,-1.24404836,-10.5881138,0,0,0,0,1,7,37,0.0006081741,0.00290663843,0,41,0
Held-Cluster4-F,330,6.62,0,-3.08205628,-1.60590518,-1.72784173,0,0,0,0,1,9,37,0.0005610303,0.002752293,0,41,0
Held-Cluster4-F,330,6.62,1,-2.70466018,-1.61410058,-3.29004574,0,0,0,0,1,11,37,0.0005610303,0.002752293,0,41,0
Held-Cluster4-F,330,6.62,2,-3.064254,-1.2290051,0.394008964,0,0,0,0,1,6,37,0.0005610303,0.002752293,0,41,0
Held-Cluster4-F,330,6.62,3,-2.69021487,-1.24404836,-10.5881138,0,0,0,0,1,7,37,0.0005610303,0.002752293,0,41,0
Held-Cluster4-F,331,6.64,0,-3.08205628,-1.60590518,-1.72784173,0,0,0,0,1,9,37,0.000406548235,0.001600377,0,41,0
Held-Cluster4-F,331,6.64,1,-2.70466018,-1.61410058,-3.29004574,0,0,0,0,1,11,37,0.000406548235,0.001600377,0,41,0
Held-Cluster4-F,331,6.64,2,-3.064254,-1.2290051,0.394008964,0,0,0,0,1,6,37,0.000406548235,0.001600377,0,41,0
Held-Cluster4-F,331,6.64,3,-2.69021487,-1.24404836,-10.5881138,0,0,0,0,1,7,37,0.000406548235,0.001600377,0,41,0
Held-Cluster4-F,332,6.66,0,-3.08205628,-1.60590518,-1.72784173,0,0,0,0,1,9,37,0.000387911568,0.00157488079,0,41,0
Held-Cluster4-F,332,6.66,1,-2.70466018,-1.61410058,-3.29004574,0,0,0,0,1,11,37,0.000387911568,0.00157488079,0,41,0
Held-Cluster4-F,332,6.66,2,-3.064254,-1.2290051,0.394008964,0,0,0,0,1,6,37,0.000387911568,0.00157488079,0,41,0
Held-Cluster4-F,332,6.66,3,-2.69021487,-1.24404836,-10.5881138,0,0,0,0,1,7,37,0.000387911568,0.00157488079,0,41,0
Held-Cluster4-F,333,6.68,0,-3.08205628,-1.60590518,-1.72784173,0,0,0,0,1,9,37,0.000323443383,0.00157685613,0,41,0
Held-Cluster4-F,333,6.68,1,-2.70466018,-1.61410058,-3.29004574,0,0,0,0,1,11,37,0.000323443383,0.00157685613,0,41,0
Held-Cluster4-F,333,6.68,2,-3.064254,-1.2290051,0.394008964,0,0,0,0,1,6,37,0.000323443383,0.00157685613,0,41,0
Held-Cluster4-F,333,6.68,3,-2.69021487,-1.24404836,-10.5881138,0,0,0,0,1,7,37,0.000323443383,0.00157685613,0,41,0
Held-Cluster4-F,334,6.7,0,-3.08205628,-1.60590518,-1.72784173,0,0,0,0,1,9,37,0.0003732037,0.00179925619,0,41,0
Held-Cluster4-F,334,6.7,1,-2.70466018,-1.61410058,-3.29004574,0,0,0,0,1,11,37,0.0003732037,0.00179925619,0,41,0
Held-Cluster4-F,334,6.7,2,-3.064254,-1.2290051,0.394008964,0,0,0,0,1,6,37,0.0003732037,0.00179925619,0,41,0
Held-Cluster4-F,334,6.7,3,-2.69021487,-1.24404836,-10.5881138,0,0,0,0,1,7,37,0.0003732037,0.00179925619,0,41,0
Held-Cluster4-F,335,6.72,0,-3.08205628,-1.60590518,-1.72784173,0,0,0,0,1,9,37,0.000597458857,0.00250351569,0,41,0
Held-Cluster4-F,335,6.72,1,-2.70466018,-1.61410058,-3.29004574,0,0,0,0,1,11,37,0.000597458857,0.00250351569,0,41,0
Held-Cluster4-F,335,6.72,2,-3.064254,-1.2290051,0.394008964,0,0,0,0,1,6,37,0.000597458857,0.00250351569,0,41,0
Held-Cluster4-F,335,6.72,3,-2.69021487,-1.24404836,-10.5881138,0,0,0,0,1,7,37,0.000597458857,0.00250351569,0,41,0
Held-Cluster4-F,336,6.74,0,-3.08205628,-1.60590518,-1.72784173,0,0,0,0,1,9,37,0.00048819455,0.002082771,0,41,0
Held-Cluster4-F,336,6.74,1,-2.70466018,-1.61410058,-3.29004574,0,0,0,0,1,11,37,0.00048819455,0.002082771,0,41,0
Held-Cluster4-F,336,6.74,2,-3.064254,-1.2290051,0.394008964,0,0,0,0,1,6,37,0.00048819455,0.002082771,0,41,0
Held-Cluster4-F,336,6.74,3,-2.69021487,-1.24404836,-10.5881138,0,0,0,0,1,7,37,0.00048819455,0.002082771,0,41,0
Held-Cluster4-F,337,6.75999975,0,-3.08205628,-1.60590518,-1.72784173,0,0,0,0,1,9,37,0.0006237499,0.00271812128,0,41,0
Held-Cluster4-F,337,6.75999975,1,-2.70466018,-1.61410058,-3.29004574,0,0,0,0,1,11,37,0.0006237499,0.00271812128,0,41,0
Held-Cluster4-F,337,6.75999975,2,-3.064254,-1.2290051,0.394008964,0,0,0,0,1,6,37,0.0006237499,0.00271812128,0,41,0
Held-Cluster4-F,337,6.75999975,3,-2.69021487,-1.24404836,-10.5881138,0,0,0,0,1,7,37,0.0006237499,0.00271812128,0,41,0
Held-Cluster4-F,338,6.77999973,0,-3.08205628,-1.60590518,-1.72784173,0,0,0,0,1,9,37,0.000410016626,0.00142341712,0,41,0
Held-Cluster4-F,338,6.77999973,1,-2.70466018,-1.61410058,-3.29004574,0,0,0,0,1,11,37,0.000410016626,0.00142341712,0,41,0
Held-Cluster4-F,338,6.77999973,2,-3.064254,-1.2290051,0.394008964,0,0,0,0,1,6,37,0.000410016626,0.00142341712,0,41,0
Held-Cluster4-F,338,6.77999973,3,-2.69021487,-1.24404836,-10.5881138,0,0,0,0,1,7,37,0.000410016626,0.00142341712,0,41,0
Held-Cluster4-F,339,6.79999971,0,-3.08205628,-1.60590518,-1.72784173,0,0,0,0,1,9,37,0.0003410663,0.00134009914,0,41,0
Held-Cluster4-F,339,6.79999971,1,-2.70466018,-1.61410058,-3.29004574,0,0,0,0,1,11,37,0.0003410663,0.00134009914,0,41,0
Held-Cluster4-F,339,6.79999971,2,-3.064254,-1.2290051,0.394008964,0,0,0,0,1,6,37,0.0003410663,0.00134009914,0,41,0
Held-Cluster4-F,339,6.79999971,3,-2.69021487,-1.24404836,-10.5881138,0,0,0,0,1,7,37,0.0003410663,0.00134009914,0,41,0
Held-Cluster4-F,340,6.81999969,0,-3.08205628,-1.60590518,-1.72784173,0,0,0,0,1,9,37,0.0008171009,0.00341338059,0,41,0
Held-Cluster4-F,340,6.81999969,1,-2.70466018,-1.61410058,-3.29004574,0,0,0,0,1,11,37,0.0008171009,0.00341338059,0,41,0
Held-Cluster4-F,340,6.81999969,2,-3.064254,-1.2290051,0.394008964,0,0,0,0,1,6,37,0.0008171009,0.00341338059,0,41,0
Held-Cluster4-F,340,6.81999969,3,-2.69021487,-1.24404836,-10.5881138,0,0,0,0,1,7,37,0.0008171009,0.00341338059,0,41,0
Held-Cluster4-F,341,6.83999968,0,-3.08205628,-1.60590518,-1.72784173,0,0,0,0,1,9,37,0.000825326948,0.00381487119,0,41,0
Held-Cluster4-F,341,6.83999968,1,-2.70466018,-1.61410058,-3.29004574,0,0,0,0,1,11,37,0.000825326948,0.00381487119,0,41,0
Held-Cluster4-F,341,6.83999968,2,-3.064254,-1.2290051,0.394008964,0,0,0,0,1,6,37,0.000825326948,0.00381487119,0,41,0
Held-Cluster4-F,341,6.83999968,3,-2.69021487,-1.24404836,-10.5881138,0,0,0,0,1,7,37,0.000825326948,0.00381487119,0,41,0
Held-Cluster4-F,342,6.85999966,0,-3.08205628,-1.60590518,-1.72784173,0,0,0,0,1,9,37,0.0003703122,0.00181041332,0,41,0
Held-Cluster4-F,342,6.85999966,1,-2.70466018,-1.61410058,-3.29004574,0,0,0,0,1,11,37,0.0003703122,0.00181041332,0,41,0
Held-Cluster4-F,342,6.85999966,2,-3.064254,-1.2290051,0.394008964,0,0,0,0,1,6,37,0.0003703122,0.00181041332,0,41,0
Held-Cluster4-F,342,6.85999966,3,-2.69021487,-1.24404836,-10.5881138,0,0,0,0,1,7,37,0.0003703122,0.00181041332,0,41,0
Held-Cluster4-F,343,6.87999964,0,-3.08205628,-1.60590518,-1.72784173,0,0,0,0,1,9,37,0.0003701043,0.00163878291,0,41,0
Held-Cluster4-F,343,6.87999964,1,-2.70466018,-1.61410058,-3.29004574,0,0,0,0,1,11,37,0.0003701043,0.00163878291,0,41,0
Held-Cluster4-F,343,6.87999964,2,-3.064254,-1.2290051,0.394008964,0,0,0,0,1,6,37,0.0003701043,0.00163878291,0,41,0
Held-Cluster4-F,343,6.87999964,3,-2.69021487,-1.24404836,-10.5881138,0,0,0,0,1,7,37,0.0003701043,0.00163878291,0,41,0
Held-Cluster4-F,344,6.89999962,0,-3.08205628,-1.60590518,-1.72784173,0,0,0,0,1,9,37,0.000283194677,0.00125918945,0,41,0
Held-Cluster4-F,344,6.89999962,1,-2.70466018,-1.61410058,-3.29004574,0,0,0,0,1,11,37,0.000283194677,0.00125918945,0,41,0
Held-Cluster4-F,344,6.89999962,2,-3.064254,-1.2290051,0.394008964,0,0,0,0,1,6,37,0.000283194677,0.00125918945,0,41,0
Held-Cluster4-F,344,6.89999962,3,-2.69021487,-1.24404836,-10.5881138,0,0,0,0,1,7,37,0.000283194677,0.00125918945,0,41,0
Held-Cluster4-F,345,6.92,0,-3.08205628,-1.60590518,-1.72784173,0,0,0,0,1,9,37,0.000298295316,0.00142563193,0,41,0
Held-Cluster4-F,345,6.92,1,-2.70466018,-1.61410058,-3.29004574,0,0,0,0,1,11,37,0.000298295316,0.00142563193,0,41,0
Held-Cluster4-F,345,6.92,2,-3.064254,-1.2290051,0.394008964,0,0,0,0,1,6,37,0.000298295316,0.00142563193,0,41,0
Held-Cluster4-F,345,6.92,3,-2.69021487,-1.24404836,-10.5881138,0,0,0,0,1,7,37,0.000298295316,0.00142563193,0,41,0
Held-Cluster4-F,346,6.94,0,-3.08205628,-1.60590518,-1.72784173,0,0,0,0,1,9,37,0.0005158076,0.00195310067,0,41,0
Held-Cluster4-F,346,6.94,1,-2.70466018,-1.61410058,-3.29004574,0,0,0,0,1,11,37,0.0005158076,0.00195310067,0,41,0
Held-Cluster4-F,346,6.94,2,-3.064254,-1.2290051,0.394008964,0,0,0,0,1,6,37,0.0005158076,0.00195310067,0,41,0
Held-Cluster4-F,346,6.94,3,-2.69021487,-1.24404836,-10.5881138,0,0,0,0,1,7,37,0.0005158076,0.00195310067,0,41,0
Held-Cluster4-F,347,6.96,0,-3.08205628,-1.60590518,-1.72784173,0,0,0,0,1,9,37,0.0004849735,0.00199396885,0,41,0
Held-Cluster4-F,347,6.96,1,-2.70466018,-1.61410058,-3.29004574,0,0,0,0,1,11,37,0.0004849735,0.00199396885,0,41,0
Held-Cluster4-F,347,6.96,2,-3.064254,-1.2290051,0.394008964,0,0,0,0,1,6,37,0.0004849735,0.00199396885,0,41,0
Held-Cluster4-F,347,6.96,3,-2.69021487,-1.24404836,-10.5881138,0,0,0,0,1,7,37,0.0004849735,0.00199396885,0,41,0
Held-Cluster4-F,348,6.98,0,-3.08205628,-1.60590518,-1.72784173,0,0,0,0,1,9,37,0.000434448652,0.00220042677,0,41,0
Held-Cluster4-F,348,6.98,1,-2.70466018,-1.61410058,-3.29004574,0,0,0,0,1,11,37,0.000434448652,0.00220042677,0,41,0
Held-Cluster4-F,348,6.98,2,-3.064254,-1.2290051,0.394008964,0,0,0,0,1,6,37,0.000434448652,0.00220042677,0,41,0
Held-Cluster4-F,348,6.98,3,-2.69021487,-1.24404836,-10.5881138,0,0,0,0,1,7,37,0.000434448652,0.00220042677,0,41,0
Held-Cluster4-F,349,7,0,-3.08205628,-1.60590518,-1.72784173,0,0,0,0,1,9,37,0.00080228463,0.003306663,0,41,0
Held-Cluster4-F,349,7,1,-2.70466018,-1.61410058,-3.29004574,0,0,0,0,1,11,37,0.00080228463,0.003306663,0,41,0
Held-Cluster4-F,349,7,2,-3.064254,-1.2290051,0.394008964,0,0,0,0,1,6,37,0.00080228463,0.003306663,0,41,0
Held-Cluster4-F,349,7,3,-2.69021487,-1.24404836,-10.5881138,0,0,0,0,1,7,37,0.00080228463,0.003306663,0,41,0
Held-Cluster4-F,350,7.02,0,-3.08205628,-1.60590518,-1.72784173,0,0,0,0,1,9,37,0.000431775552,0.00163568335,0,41,0
Held-Cluster4-F,350,7.02,1,-2.70466018,-1.61410058,-3.29004574,0,0,0,0,1,11,37,0.000431775552,0.00163568335,0,41,0
Held-Cluster4-F,350,7.02,2,-3.064254,-1.2290051,0.394008964,0,0,0,0,1,6,37,0.000431775552,0.00163568335,0,41,0
Held-Cluster4-F,350,7.02,3,-2.69021487,-1.24404836,-10.5881138,0,0,0,0,1,7,37,0.000431775552,0.00163568335,0,41,0
Held-Cluster4-F,351,7.04,0,-3.08205628,-1.60590518,-1.72784173,0,0,0,0,1,9,37,0.0006501361,0.00238837535,0,41,0
Held-Cluster4-F,351,7.04,1,-2.70466018,-1.61410058,-3.29004574,0,0,0,0,1,11,37,0.0006501361,0.00238837535,0,41,0
Held-Cluster4-F,351,7.04,2,-3.064254,-1.2290051,0.394008964,0,0,0,0,1,6,37,0.0006501361,0.00238837535,0,41,0
Held-Cluster4-F,351,7.04,3,-2.69021487,-1.24404836,-10.5881138,0,0,0,0,1,7,37,0.0006501361,0.00238837535,0,41,0
Held-Cluster4-F,352,7.06,0,-3.08205628,-1.60590518,-1.72784173,0,0,0,0,1,9,37,0.000687352,0.00309463148,0,41,0
Held-Cluster4-F,352,7.06,1,-2.70466018,-1.61410058,-3.29004574,0,0,0,0,1,11,37,0.000687352,0.00309463148,0,41,0
Held-Cluster4-F,352,7.06,2,-3.064254,-1.2290051,0.394008964,0,0,0,0,1,6,37,0.000687352,0.00309463148,0,41,0
Held-Cluster4-F,352,7.06,3,-2.69021487,-1.24404836,-10.5881138,0,0,0,0,1,7,37,0.000687352,0.00309463148,0,41,0
Held-Cluster4-F,353,7.08,0,-3.08205628,-1.60590518,-1.72784173,0,0,0,0,1,9,37,0.000255495339,0.00110623881,0,41,0
Held-Cluster4-F,353,7.08,1,-2.70466018,-1.61410058,-3.29004574,0,0,0,0,1,11,37,0.000255495339,0.00110623881,0,41,0
Held-Cluster4-F,353,7.08,2,-3.064254,-1.2290051,0.394008964,0,0,0,0,1,6,37,0.000255495339,0.00110623881,0,41,0
Held-Cluster4-F,353,7.08,3,-2.69021487,-1.24404836,-10.5881138,0,0,0,0,1,7,37,0.000255495339,0.00110623881,0,41,0
Held-Cluster4-F,354,7.1,0,-3.08205628,-1.60590518,-1.72784173,0,0,0,0,1,9,37,0.000771651161,0.00315173273,0,41,0
Held-Cluster4-F,354,7.1,1,-2.70466018,-1.61410058,-3.29004574,0,0,0,0,1,11,37,0.000771651161,0.00315173273,0,41,0
Held-Cluster4-F,354,7.1,2,-3.064254,-1.2290051,0.394008964,0,0,0,0,1,6,37,0.000771651161,0.00315173273,0,41,0
Held-Cluster4-F,354,7.1,3,-2.69021487,-1.24404836,-10.5881138,0,0,0,0,1,7,37,0.000771651161,0.00315173273,0,41,0
Held-Cluster4-F,355,7.12,0,-3.08205628,-1.60590518,-1.72784173,0,0,0,0,1,9,37,0.000730803,0.0030001055,0,41,0
Held-Cluster4-F,355,7.12,1,-2.70466018,-1.61410058,-3.29004574,0,0,0,0,1,11,37,0.000730803,0.0030001055,0,41,0
Held-Cluster4-F,355,7.12,2,-3.064254,-1.2290051,0.394008964,0,0,0,0,1,6,37,0.000730803,0.0030001055,0,41,0
Held-Cluster4-F,355,7.12,3,-2.69021487,-1.24404836,-10.5881138,0,0,0,0,1,7,37,0.000730803,0.0030001055,0,41,0
Held-Cluster4-F,356,7.14,0,-3.08205628,-1.60590518,-1.72784173,0,0,0,0,1,9,37,0.0003099116,0.00153409922,0,41,0
Held-Cluster4-F,356,7.14,1,-2.70466018,-1.61410058,-3.29004574,0,0,0,0,1,11,37,0.0003099116,0.00153409922,0,41,0
Held-Cluster4-F,356,7.14,2,-3.064254,-1.2290051,0.394008964,0,0,0,0,1,6,37,0.0003099116,0.00153409922,0,41,0
Held-Cluster4-F,356,7.14,3,-2.69021487,-1.24404836,-10.5881138,0,0,0,0,1,7,37,0.0003099116,0.00153409922,0,41,0
Held-Cluster4-F,357,7.16,0,-3.08205628,-1.60590518,-1.72784173,0,0,0,0,1,9,37,0.00036871768,0.00169869466,0,41,0
Held-Cluster4-F,357,7.16,1,-2.70466018,-1.61410058,-3.29004574,0,0,0,0,1,11,37,0.00036871768,0.00169869466,0,41,0
Held-Cluster4-F,357,7.16,2,-3.064254,-1.2290051,0.394008964,0,0,0,0,1,6,37,0.00036871768,0.00169869466,0,41,0
Held-Cluster4-F,357,7.16,3,-2.69021487,-1.24404836,-10.5881138,0,0,0,0,1,7,37,0.00036871768,0.00169869466,0,41,0
Held-Cluster4-F,358,7.18,0,-3.08205628,-1.60590518,-1.72784173,0,0,0,0,1,9,37,0.0003216115,0.00177686871,0,41,0
Held-Cluster4-F,358,7.18,1,-2.70466018,-1.61410058,-3.29004574,0,0,0,0,1,11,37,0.0003216115,0.00177686871,0,41,0
Held-Cluster4-F,358,7.18,2,-3.064254,-1.2290051,0.394008964,0,0,0,0,1,6,37,0.0003216115,0.00177686871,0,41,0
Held-Cluster4-F,358,7.18,3,-2.69021487,-1.24404836,-10.5881138,0,0,0,0,1,7,37,0.0003216115,0.00177686871,0,41,0
Held-Cluster4-F,359,7.2,0,-3.08205628,-1.60590518,-1.72784173,0,0,0,0,1,9,37,0.000462463126,0.00175318366,0,41,0
Held-Cluster4-F,359,7.2,1,-2.70466018,-1.61410058,-3.29004574,0,0,0,0,1,11,37,0.000462463126,0.00175318366,0,41,0
Held-Cluster4-F,359,7.2,2,-3.064254,-1.2290051,0.394008964,0,0,0,0,1,6,37,0.000462463126,0.00175318366,0,41,0
Held-Cluster4-F,359,7.2,3,-2.69021487,-1.24404836,-10.5881138,0,0,0,0,1,7,37,0.000462463126,0.00175318366,0,41,0
Held-Cluster4-F,360,7.22,0,-3.08205628,-1.60590518,-1.72784173,0,0,0,0,1,9,37,0.0008041165,0.00337553234,0,41,0
Held-Cluster4-F,360,7.22,1,-2.70466018,-1.61410058,-3.29004574,0,0,0,0,1,11,37,0.0008041165,0.00337553234,0,41,0
Held-Cluster4-F,360,7.22,2,-3.064254,-1.2290051,0.394008964,0,0,0,0,1,6,37,0.0008041165,0.00337553234,0,41,0
Held-Cluster4-F,360,7.22,3,-2.69021487,-1.24404836,-10.5881138,0,0,0,0,1,7,37,0.0008041165,0.00337553234,0,41,0
Held-Cluster4-F,361,7.24,0,-3.08205628,-1.60590518,-1.72784173,0,0,0,0,1,9,37,0.000463868055,0.00200251979,0,41,0
Held-Cluster4-F,361,7.24,1,-2.70466018,-1.61410058,-3.29004574,0,0,0,0,1,11,37,0.000463868055,0.00200251979,0,41,0
Held-Cluster4-F,361,7.24,2,-3.064254,-1.2290051,0.394008964,0,0,0,0,1,6,37,0.000463868055,0.00200251979,0,41,0
Held-Cluster4-F,361,7.24,3,-2.69021487,-1.24404836,-10.5881138,0,0,0,0,1,7,37,0.000463868055,0.00200251979,0,41,0
Held-Cluster4-F,362,7.25999975,0,-3.08205628,-1.60590518,-1.72784173,0,0,0,0,1,9,37,0.000766844256,0.00346205244,0,41,0
Held-Cluster4-F,362,7.25999975,1,-2.70466018,-1.61410058,-3.29004574,0,0,0,0,1,11,37,0.000766844256,0.00346205244,0,41,0
Held-Cluster4-F,362,7.25999975,2,-3.064254,-1.2290051,0.394008964,0,0,0,0,1,6,37,0.000766844256,0.00346205244,0,41,0
Held-Cluster4-F,362,7.25999975,3,-2.69021487,-1.24404836,-10.5881138,0,0,0,0,1,7,37,0.000766844256,0.00346205244,0,41,0
Held-Cluster4-F,363,7.27999973,0,-3.08205628,-1.60590518,-1.72784173,0,0,0,0,1,9,37,0.000458607858,0.002203873,0,41,0
Held-Cluster4-F,363,7.27999973,1,-2.70466018,-1.61410058,-3.29004574,0,0,0,0,1,11,37,0.000458607858,0.002203873,0,41,0
Held-Cluster4-F,363,7.27999973,2,-3.064254,-1.2290051,0.394008964,0,0,0,0,1,6,37,0.000458607858,0.002203873,0,41,0
Held-Cluster4-F,363,7.27999973,3,-2.69021487,-1.24404836,-10.5881138,0,0,0,0,1,7,37,0.000458607858,0.002203873,0,41,0
Held-Cluster4-F,364,7.29999971,0,-3.08205628,-1.60590518,-1.72784173,0,0,0,0,1,9,37,0.000421272154,0.00187099213,0,41,0
Held-Cluster4-F,364,7.29999971,1,-2.70466018,-1.61410058,-3.29004574,0,0,0,0,1,11,37,0.000421272154,0.00187099213,0,41,0
Held-Cluster4-F,364,7.29999971,2,-3.064254,-1.2290051,0.394008964,0,0,0,0,1,6,37,0.000421272154,0.00187099213,0,41,0
Held-Cluster4-F,364,7.29999971,3,-2.69021487,-1.24404836,-10.5881138,0,0,0,0,1,7,37,0.000421272154,0.00187099213,0,41,0
Held-Cluster4-F,365,7.31999969,0,-3.08205628,-1.60590518,-1.72784173,0,0,0,0,1,9,37,0.000483209122,0.00253765122,0,41,0
Held-Cluster4-F,365,7.31999969,1,-2.70466018,-1.61410058,-3.29004574,0,0,0,0,1,11,37,0.000483209122,0.00253765122,0,41,0
Held-Cluster4-F,365,7.31999969,2,-3.064254,-1.2290051,0.394008964,0,0,0,0,1,6,37,0.000483209122,0.00253765122,0,41,0
Held-Cluster4-F,365,7.31999969,3,-2.69021487,-1.24404836,-10.5881138,0,0,0,0,1,7,37,0.000483209122,0.00253765122,0,41,0
Held-Cluster4-F,366,7.33999968,0,-3.08205628,-1.60590518,-1.72784173,0,0,0,0,1,9,37,0.000636772136,0.0033229,0,41,0
Held-Cluster4-F,366,7.33999968,1,-2.70466018,-1.61410058,-3.29004574,0,0,0,0,1,11,37,0.000636772136,0.0033229,0,41,0
Held-Cluster4-F,366,7.33999968,2,-3.064254,-1.2290051,0.394008964,0,0,0,0,1,6,37,0.000636772136,0.0033229,0,41,0
Held-Cluster4-F,366,7.33999968,3,-2.69021487,-1.24404836,-10.5881138,0,0,0,0,1,7,37,0.000636772136,0.0033229,0,41,0
Held-Cluster4-F,367,7.35999966,0,-3.08205628,-1.60590518,-1.72784173,0,0,0,0,1,9,37,0.0007041421,0.00326793175,0,41,0
Held-Cluster4-F,367,7.35999966,1,-2.70466018,-1.61410058,-3.29004574,0,0,0,0,1,11,37,0.0007041421,0.00326793175,0,41,0
Held-Cluster4-F,367,7.35999966,2,-3.064254,-1.2290051,0.394008964,0,0,0,0,1,6,37,0.0007041421,0.00326793175,0,41,0
Held-Cluster4-F,367,7.35999966,3,-2.69021487,-1.24404836,-10.5881138,0,0,0,0,1,7,37,0.0007041421,0.00326793175,0,41,0
Held-Cluster4-F,368,7.37999964,0,-3.08205628,-1.60590518,-1.72784173,0,0,0,0,1,9,37,0.000423982681,0.00190628844,0,41,0
Held-Cluster4-F,368,7.37999964,1,-2.70466018,-1.61410058,-3.29004574,0,0,0,0,1,11,37,0.000423982681,0.00190628844,0,41,0
Held-Cluster4-F,368,7.37999964,2,-3.064254,-1.2290051,0.394008964,0,0,0,0,1,6,37,0.000423982681,0.00190628844,0,41,0
Held-Cluster4-F,368,7.37999964,3,-2.69021487,-1.24404836,-10.5881138,0,0,0,0,1,7,37,0.000423982681,0.00190628844,0,41,0
Held-Cluster4-F,369,7.39999962,0,-3.08205628,-1.60590518,-1.72784173,0,0,0,0,1,9,37,0.0006250902,0.00245007314,0,41,0
Held-Cluster4-F,369,7.39999962,1,-2.70466018,-1.61410058,-3.29004574,0,0,0,0,1,11,37,0.0006250902,0.00245007314,0,41,0
Held-Cluster4-F,369,7.39999962,2,-3.064254,-1.2290051,0.394008964,0,0,0,0,1,6,37,0.0006250902,0.00245007314,0,41,0
Held-Cluster4-F,369,7.39999962,3,-2.69021487,-1.24404836,-10.5881138,0,0,0,0,1,7,37,0.0006250902,0.00245007314,0,41,0
Held-Cluster4-F,370,7.4199996,0,-3.08205628,-1.60590518,-1.72784173,0,0,0,0,1,9,37,0.0003757947,0.00157002069,0,41,0
Held-Cluster4-F,370,7.4199996,1,-2.70466018,-1.61410058,-3.29004574,0,0,0,0,1,11,37,0.0003757947,0.00157002069,0,41,0
Held-Cluster4-F,370,7.4199996,2,-3.064254,-1.2290051,0.394008964,0,0,0,0,1,6,37,0.0003757947,0.00157002069,0,41,0
Held-Cluster4-F,370,7.4199996,3,-2.69021487,-1.24404836,-10.5881138,0,0,0,0,1,7,37,0.0003757947,0.00157002069,0,41,0
Held-Cluster4-F,371,7.44,0,-3.08205628,-1.60590518,-1.72784173,0,0,0,0,1,9,37,0.0002964487,0.00108025013,0,41,0
Held-Cluster4-F,371,7.44,1,-2.70466018,-1.61410058,-3.29004574,0,0,0,0,1,11,37,0.0002964487,0.00108025013,0,41,0
Held-Cluster4-F,371,7.44,2,-3.064254,-1.2290051,0.394008964,0,0,0,0,1,6,37,0.0002964487,0.00108025013,0,41,0
Held-Cluster4-F,371,7.44,3,-2.69021487,-1.24404836,-10.5881138,0,0,0,0,1,7,37,0.0002964487,0.00108025013,0,41,0
Held-Cluster4-F,372,7.46,0,-3.08205628,-1.60590518,-1.72784173,0,0,0,0,1,9,37,0.000280346256,0.00157136191,0,41,0
Held-Cluster4-F,372,7.46,1,-2.70466018,-1.61410058,-3.29004574,0,0,0,0,1,11,37,0.000280346256,0.00157136191,0,41,0
Held-Cluster4-F,372,7.46,2,-3.064254,-1.2290051,0.394008964,0,0,0,0,1,6,37,0.000280346256,0.00157136191,0,41,0
Held-Cluster4-F,372,7.46,3,-2.69021487,-1.24404836,-10.5881138,0,0,0,0,1,7,37,0.000280346256,0.00157136191,0,41,0
Held-Cluster4-F,373,7.48,0,-3.08205628,-1.60590518,-1.72784173,0,0,0,0,1,9,37,0.0004388345,0.002031782,0,41,0
Held-Cluster4-F,373,7.48,1,-2.70466018,-1.61410058,-3.29004574,0,0,0,0,1,11,37,0.0004388345,0.002031782,0,41,0
Held-Cluster4-F,373,7.48,2,-3.064254,-1.2290051,0.394008964,0,0,0,0,1,6,37,0.0004388345,0.002031782,0,41,0
Held-Cluster4-F,373,7.48,3,-2.69021487,-1.24404836,-10.5881138,0,0,0,0,1,7,37,0.0004388345,0.002031782,0,41,0
Held-Cluster4-F,374,7.5,0,-3.08205628,-1.60590518,-1.72784173,0,0,0,0,1,9,37,0.0003999199,0.00175595633,0,41,0
Held-Cluster4-F,374,7.5,1,-2.70466018,-1.61410058,-3.29004574,0,0,0,0,1,11,37,0.0003999199,0.00175595633,0,41,0
Held-Cluster4-F,374,7.5,2,-3.064254,-1.2290051,0.394008964,0,0,0,0,1,6,37,0.0003999199,0.00175595633,0,41,0
Held-Cluster4-F,374,7.5,3,-2.69021487,-1.24404836,-10.5881138,0,0,0,0,1,7,37,0.0003999199,0.00175595633,0,41,0
Held-Cluster4-F,375,7.52,0,-3.08205628,-1.60590518,-1.72784173,0,0,0,0,1,9,37,0.0006810498,0.00303844712,0,41,0
Held-Cluster4-F,375,7.52,1,-2.70466018,-1.61410058,-3.29004574,0,0,0,0,1,11,37,0.0006810498,0.00303844712,0,41,0
Held-Cluster4-F,375,7.52,2,-3.064254,-1.2290051,0.394008964,0,0,0,0,1,6,37,0.0006810498,0.00303844712,0,41,0
Held-Cluster4-F,375,7.52,3,-2.69021487,-1.24404836,-10.5881138,0,0,0,0,1,7,37,0.0006810498,0.00303844712,0,41,0
Held-Cluster4-F,376,7.54,0,-3.08205628,-1.60590518,-1.72784173,0,0,0,0,1,9,37,0.0004098371,0.00140748871,0,41,0
Held-Cluster4-F,376,7.54,1,-2.70466018,-1.61410058,-3.29004574,0,0,0,0,1,11,37,0.0004098371,0.00140748871,0,41,0
Held-Cluster4-F,376,7.54,2,-3.064254,-1.2290051,0.394008964,0,0,0,0,1,6,37,0.0004098371,0.00140748871,0,41,0
Held-Cluster4-F,376,7.54,3,-2.69021487,-1.24404836,-10.5881138,0,0,0,0,1,7,37,0.0004098371,0.00140748871,0,41,0
Held-Cluster4-F,377,7.56,0,-3.08205628,-1.60590518,-1.72784173,0,0,0,0,1,9,37,0.000727956,0.00294321356,0,41,0
Held-Cluster4-F,377,7.56,1,-2.70466018,-1.61410058,-3.29004574,0,0,0,0,1,11,37,0.000727956,0.00294321356,0,41,0
Held-Cluster4-F,377,7.56,2,-3.064254,-1.2290051,0.394008964,0,0,0,0,1,6,37,0.000727956,0.00294321356,0,41,0
Held-Cluster4-F,377,7.56,3,-2.69021487,-1.24404836,-10.5881138,0,0,0,0,1,7,37,0.000727956,0.00294321356,0,41,0
Held-Cluster4-F,378,7.58,0,-3.08205628,-1.60590518,-1.72784173,0,0,0,0,1,9,37,0.000386308064,0.00158011657,0,41,0
Held-Cluster4-F,378,7.58,1,-2.70466018,-1.61410058,-3.29004574,0,0,0,0,1,11,37,0.000386308064,0.00158011657,0,41,0
Held-Cluster4-F,378,7.58,2,-3.064254,-1.2290051,0.394008964,0,0,0,0,1,6,37,0.000386308064,0.00158011657,0,41,0
Held-Cluster4-F,378,7.58,3,-2.69021487,-1.24404836,-10.5881138,0,0,0,0,1,7,37,0.000386308064,0.00158011657,0,41,0
Held-Cluster4-F,379,7.6,0,-3.08205628,-1.60590518,-1.72784173,0,0,0,0,1,9,37,0.000358483376,0.00184111844,0,41,0
Held-Cluster4-F,379,7.6,1,-2.70466018,-1.61410058,-3.29004574,0,0,0,0,1,11,37,0.000358483376,0.00184111844,0,41,0
Held-Cluster4-F,379,7.6,2,-3.064254,-1.2290051,0.394008964,0,0,0,0,1,6,37,0.000358483376,0.00184111844,0,41,0
Held-Cluster4-F,379,7.6,3,-2.69021487,-1.24404836,-10.5881138,0,0,0,0,1,7,37,0.000358483376,0.00184111844,0,41,0
Held-Cluster4-F,380,7.62,0,-3.08205628,-1.60590518,-1.72784173,0,0,0,0,1,9,37,0.0005045902,0.00246577128,0,41,0
Held-Cluster4-F,380,7.62,1,-2.70466018,-1.61410058,-3.29004574,0,0,0,0,1,11,37,0.0005045902,0.00246577128,0,41,0
Held-Cluster4-F,380,7.62,2,-3.064254,-1.2290051,0.394008964,0,0,0,0,1,6,37,0.0005045902,0.00246577128,0,41,0
Held-Cluster4-F,380,7.62,3,-2.69021487,-1.24404836,-10.5881138,0,0,0,0,1,7,37,0.0005045902,0.00246577128,0,41,0
Held-Cluster4-F,381,7.64,0,-3.08205628,-1.60590518,-1.72784173,0,0,0,0,1,9,37,0.0005522873,0.0025686454,0,41,0
Held-Cluster4-F,381,7.64,1,-2.70466018,-1.61410058,-3.29004574,0,0,0,0,1,11,37,0.0005522873,0.0025686454,0,41,0
Held-Cluster4-F,381,7.64,2,-3.064254,-1.2290051,0.394008964,0,0,0,0,1,6,37,0.0005522873,0.0025686454,0,41,0
Held-Cluster4-F,381,7.64,3,-2.69021487,-1.24404836,-10.5881138,0,0,0,0,1,7,37,0.0005522873,0.0025686454,0,41,0
Held-Cluster4-F,382,7.66,0,-3.08205628,-1.60590518,-1.72784173,0,0,0,0,1,9,37,0.000790567545,0.003447852,0,41,0
Held-Cluster4-F,382,7.66,1,-2.70466018,-1.61410058,-3.29004574,0,0,0,0,1,11,37,0.000790567545,0.003447852,0,41,0
Held-Cluster4-F,382,7.66,2,-3.064254,-1.2290051,0.394008964,0,0,0,0,1,6,37,0.000790567545,0.003447852,0,41,0
Held-Cluster4-F,382,7.66,3,-2.69021487,-1.24404836,-10.5881138,0,0,0,0,1,7,37,0.000790567545,0.003447852,0,41,0
Held-Cluster4-F,383,7.68,0,-3.08205628,-1.60590518,-1.72784173,0,0,0,0,1,9,37,0.0004717952,0.00155054941,0,41,0
Held-Cluster4-F,383,7.68,1,-2.70466018,-1.61410058,-3.29004574,0,0,0,0,1,11,37,0.0004717952,0.00155054941,0,41,0
Held-Cluster4-F,383,7.68,2,-3.064254,-1.2290051,0.394008964,0,0,0,0,1,6,37,0.0004717952,0.00155054941,0,41,0
Held-Cluster4-F,383,7.68,3,-2.69021487,-1.24404836,-10.5881138,0,0,0,0,1,7,37,0.0004717952,0.00155054941,0,41,0
Held-Cluster4-F,384,7.7,0,-3.08205628,-1.60590518,-1.72784173,0,0,0,0,1,9,37,0.0008181188,0.00321642426,0,41,0
Held-Cluster4-F,384,7.7,1,-2.70466018,-1.61410058,-3.29004574,0,0,0,0,1,11,37,0.0008181188,0.00321642426,0,41,0
Held-Cluster4-F,384,7.7,2,-3.064254,-1.2290051,0.394008964,0,0,0,0,1,6,37,0.0008181188,0.00321642426,0,41,0
Held-Cluster4-F,384,7.7,3,-2.69021487,-1.24404836,-10.5881138,0,0,0,0,1,7,37,0.0008181188,0.00321642426,0,41,0
Held-Cluster4-F,385,7.72,0,-3.08205628,-1.60590518,-1.72784173,0,0,0,0,1,9,37,0.00048796105,0.00189460651,0,41,0
Held-Cluster4-F,385,7.72,1,-2.70466018,-1.61410058,-3.29004574,0,0,0,0,1,11,37,0.00048796105,0.00189460651,0,41,0
Held-Cluster4-F,385,7.72,2,-3.064254,-1.2290051,0.394008964,0,0,0,0,1,6,37,0.00048796105,0.00189460651,0,41,0
Held-Cluster4-F,385,7.72,3,-2.69021487,-1.24404836,-10.5881138,0,0,0,0,1,7,37,0.00048796105,0.00189460651,0,41,0
Held-Cluster4-F,386,7.74,0,-3.08205628,-1.60590518,-1.72784173,0,0,0,0,1,9,37,0.0005299091,0.00234161527,0,41,0
Held-Cluster4-F,386,7.74,1,-2.70466018,-1.61410058,-3.29004574,0,0,0,0,1,11,37,0.0005299091,0.00234161527,0,41,0
Held-Cluster4-F,386,7.74,2,-3.064254,-1.2290051,0.394008964,0,0,0,0,1,6,37,0.0005299091,0.00234161527,0,41,0
Held-Cluster4-F,386,7.74,3,-2.69021487,-1.24404836,-10.5881138,0,0,0,0,1,7,37,0.0005299091,0.00234161527,0,41,0
Held-Cluster4-F,387,7.75999975,0,-3.08205628,-1.60590518,-1.72784173,0,0,0,0,1,9,37,0.0004028216,0.00138230389,0,41,0
Held-Cluster4-F,387,7.75999975,1,-2.70466018,-1.61410058,-3.29004574,0,0,0,0,1,11,37,0.0004028216,0.00138230389,0,41,0
Held-Cluster4-F,387,7.75999975,2,-3.064254,-1.2290051,0.394008964,0,0,0,0,1,6,37,0.0004028216,0.00138230389,0,41,0
Held-Cluster4-F,387,7.75999975,3,-2.69021487,-1.24404836,-10.5881138,0,0,0,0,1,7,37,0.0004028216,0.00138230389,0,41,0
Held-Cluster4-F,388,7.77999973,0,-3.08205628,-1.60590518,-1.72784173,0,0,0,0,1,9,37,0.0004116722,0.00206155516,0,41,0
Held-Cluster4-F,388,7.77999973,1,-2.70466018,-1.61410058,-3.29004574,0,0,0,0,1,11,37,0.0004116722,0.00206155516,0,41,0
Held-Cluster4-F,388,7.77999973,2,-3.064254,-1.2290051,0.394008964,0,0,0,0,1,6,37,0.0004116722,0.00206155516,0,41,0
Held-Cluster4-F,388,7.77999973,3,-2.69021487,-1.24404836,-10.5881138,0,0,0,0,1,7,37,0.0004116722,0.00206155516,0,41,0
Held-Cluster4-F,389,7.79999971,0,-3.08205628,-1.60590518,-1.72784173,0,0,0,0,1,9,37,0.000438858231,0.00213207956,0,41,0
Held-Cluster4-F,389,7.79999971,1,-2.70466018,-1.61410058,-3.29004574,0,0,0,0,1,11,37,0.000438858231,0.00213207956,0,41,0
Held-Cluster4-F,389,7.79999971,2,-3.064254,-1.2290051,0.394008964,0,0,0,0,1,6,37,0.000438858231,0.00213207956,0,41,0
Held-Cluster4-F,389,7.79999971,3,-2.69021487,-1.24404836,-10.5881138,0,0,0,0,1,7,37,0.000438858231,0.00213207956,0,41,0
Held-Cluster4-F,390,7.81999969,0,-3.08205628,-1.60590518,-1.72784173,0,0,0,0,1,9,37,0.000597165839,0.0030831343,0,41,0
Held-Cluster4-F,390,7.81999969,1,-2.70466018,-1.61410058,-3.29004574,0,0,0,0,1,11,37,0.000597165839,0.0030831343,0,41,0
Held-Cluster4-F,390,7.81999969,2,-3.064254,-1.2290051,0.394008964,0,0,0,0,1,6,37,0.000597165839,0.0030831343,0,41,0
Held-Cluster4-F,390,7.81999969,3,-2.69021487,-1.24404836,-10.5881138,0,0,0,0,1,7,37,0.000597165839,0.0030831343,0,41,0
Held-Cluster4-F,391,7.83999968,0,-3.08205628,-1.60590518,-1.72784173,0,0,0,0,1,9,37,0.00036956367,0.00156509713,0,41,0
Held-Cluster4-F,391,7.83999968,1,-2.70466018,-1.61410058,-3.29004574,0,0,0,0,1,11,37,0.00036956367,0.00156509713,0,41,0
Held-Cluster4-F,391,7.83999968,2,-3.064254,-1.2290051,0.394008964,0,0,0,0,1,6,37,0.00036956367,0.00156509713,0,41,0
Held-Cluster4-F,391,7.83999968,3,-2.69021487,-1.24404836,-10.5881138,0,0,0,0,1,7,37,0.00036956367,0.00156509713,0,41,0
Held-Cluster4-F,392,7.85999966,0,-3.08205628,-1.60590518,-1.72784173,0,0,0,0,1,9,37,0.000457864429,0.00264396984,0,41,0
Held-Cluster4-F,392,7.85999966,1,-2.70466018,-1.61410058,-3.29004574,0,0,0,0,1,11,37,0.000457864429,0.00264396984,0,41,0
Held-Cluster4-F,392,7.85999966,2,-3.064254,-1.2290051,0.394008964,0,0,0,0,1,6,37,0.000457864429,0.00264396984,0,41,0
Held-Cluster4-F,392,7.85999966,3,-2.69021487,-1.24404836,-10.5881138,0,0,0,0,1,7,37,0.000457864429,0.00264396984,0,41,0
Held-Cluster4-F,393,7.87999964,0,-3.08205628,-1.60590518,-1.72784173,0,0,0,0,1,9,37,0.0006381929,0.00291842641,0,41,0
Held-Cluster4-F,393,7.87999964,1,-2.70466018,-1.61410058,-3.29004574,0,0,0,0,1,11,37,0.0006381929,0.00291842641,0,41,0
Held-Cluster4-F,393,7.87999964,2,-3.064254,-1.2290051,0.394008964,0,0,0,0,1,6,37,0.0006381929,0.00291842641,0,41,0
Held-Cluster4-F,393,7.87999964,3,-2.69021487,-1.24404836,-10.5881138,0,0,0,0,1,7,37,0.0006381929,0.00291842641,0,41,0
Held-Cluster4-F,394,7.89999962,0,-3.08205628,-1.60590518,-1.72784173,0,0,0,0,1,9,37,0.0004319139,0.001813889,0,41,0
Held-Cluster4-F,394,7.89999962,1,-2.70466018,-1.61410058,-3.29004574,0,0,0,0,1,11,37,0.0004319139,0.001813889,0,41,0
Held-Cluster4-F,394,7.89999962,2,-3.064254,-1.2290051,0.394008964,0,0,0,0,1,6,37,0.0004319139,0.001813889,0,41,0
Held-Cluster4-F,394,7.89999962,3,-2.69021487,-1.24404836,-10.5881138,0,0,0,0,1,7,37,0.0004319139,0.001813889,0,41,0
Held-Cluster4-F,395,7.9199996,0,-3.08205628,-1.60590518,-1.72784173,0,0,0,0,1,9,37,0.000535414554,0.00268280716,0,41,0
Held-Cluster4-F,395,7.9199996,1,-2.70466018,-1.61410058,-3.29004574,0,0,0,0,1,11,37,0.000535414554,0.00268280716,0,41,0
Held-Cluster4-F,395,7.9199996,2,-3.064254,-1.2290051,0.394008964,0,0,0,0,1,6,37,0.000535414554,0.00268280716,0,41,0
Held-Cluster4-F,395,7.9199996,3,-2.69021487,-1.24404836,-10.5881138,0,0,0,0,1,7,37,0.000535414554,0.00268280716,0,41,0
Held-Cluster4-F,396,7.94,0,-3.08205628,-1.60590518,-1.72784173,0,0,0,0,1,9,37,0.0004790795,0.00244013034,0,41,0
Held-Cluster4-F,396,7.94,1,-2.70466018,-1.61410058,-3.29004574,0,0,0,0,1,11,37,0.0004790795,0.00244013034,0,41,0
Held-Cluster4-F,396,7.94,2,-3.064254,-1.2290051,0.394008964,0,0,0,0,1,6,37,0.0004790795,0.00244013034,0,41,0
Held-Cluster4-F,396,7.94,3,-2.69021487,-1.24404836,-10.5881138,0,0,0,0,1,7,37,0.0004790795,0.00244013034,0,41,0
Held-Cluster4-F,397,7.96,0,-3.08205628,-1.60590518,-1.72784173,0,0,0,0,1,9,37,0.0005670222,0.00286653871,0,41,0
Held-Cluster4-F,397,7.96,1,-2.70466018,-1.61410058,-3.29004574,0,0,0,0,1,11,37,0.0005670222,0.00286653871,0,41,0
Held-Cluster4-F,397,7.96,2,-3.064254,-1.2290051,0.394008964,0,0,0,0,1,6,37,0.0005670222,0.00286653871,0,41,0
Held-Cluster4-F,397,7.96,3,-2.69021487,-1.24404836,-10.5881138,0,0,0,0,1,7,37,0.0005670222,0.00286653871,0,41,0
Held-Cluster4-F,398,7.98,0,-3.08205628,-1.60590518,-1.72784173,0,0,0,0,1,9,37,0.000683861552,0.00300078,0,41,0
Held-Cluster4-F,398,7.98,1,-2.70466018,-1.61410058,-3.29004574,0,0,0,0,1,11,37,0.000683861552,0.00300078,0,41,0
Held-Cluster4-F,398,7.98,2,-3.064254,-1.2290051,0.394008964,0,0,0,0,1,6,37,0.000683861552,0.00300078,0,41,0
Held-Cluster4-F,398,7.98,3,-2.69021487,-1.24404836,-10.5881138,0,0,0,0,1,7,37,0.000683861552,0.00300078,0,41,0
Held-Cluster4-F,399,8,0,-3.08205628,-1.60590518,-1.72784173,0,0,0,0,1,9,37,0.000333628035,0.0012599302,0,41,0
Held-Cluster4-F,399,8,1,-2.70466018,-1.61410058,-3.29004574,0,0,0,0,1,11,37,0.000333628035,0.0012599302,0,41,0
Held-Cluster4-F,399,8,2,-3.064254,-1.2290051,0.394008964,0,0,0,0,1,6,37,0.000333628035,0.0012599302,0,41,0
Held-Cluster4-F,399,8,3,-2.69021487,-1.24404836,-10.5881138,0,0,0,0,1,7,37,0.000333628035,0.0012599302,0,41,0
Held-FixedSingle-F,300,6.02,0,-2.903136,-1.5167501,0,0,0,0,0,1,0,29,0.00154184725,0.006193084,0,40.5,0
Held-FixedSingle-F,301,6.04,0,-2.903136,-1.5167501,0,0,0,0,0,1,0,29,0.00148712518,0.005993,0,40.5,0
Held-FixedSingle-F,302,6.06,0,-2.903136,-1.5167501,0,0,0,0,0,1,0,29,0.00143371325,0.005722927,0,40.5,0
Held-FixedSingle-F,303,6.08,0,-2.903136,-1.5167501,0,0,0,0,0,1,0,29,0.00136579282,0.00547327055,0,40.5,0
Held-FixedSingle-F,304,6.1,0,-2.903136,-1.5167501,0,0,0,0,0,1,0,29,0.00129375444,0.00516359555,0,40.5,0
Held-FixedSingle-F,305,6.12,0,-2.903136,-1.5167501,0,0,0,0,0,1,0,29,0.00121836131,0.004958394,0,40.5,0
Held-FixedSingle-F,306,6.14,0,-2.903136,-1.5167501,0,0,0,0,0,1,0,29,0.00113806443,0.004649835,0,40.5,0
Held-FixedSingle-F,307,6.16,0,-2.903136,-1.5167501,0,0,0,0,0,1,0,29,0.00106248644,0.00433482835,0,40.5,0
Held-FixedSingle-F,308,6.18,0,-2.903136,-1.5167501,0,0,0,0,0,1,0,29,0.00100082846,0.00407590158,0,40.5,0
Held-FixedSingle-F,309,6.2,0,-2.903136,-1.5167501,0,0,0,0,0,1,0,29,0.0009419417,0.00382347871,0,40.5,0
Held-FixedSingle-F,310,6.22,0,-2.903136,-1.5167501,0,0,0,0,0,1,0,29,0.000871424563,0.00372671522,0,40.5,0
Held-FixedSingle-F,311,6.24,0,-2.903136,-1.5167501,0,0,0,0,0,1,0,29,0.0008201642,0.00357613782,0,40.5,0
Held-FixedSingle-F,312,6.25999975,0,-2.903136,-1.5167501,0,0,0,0,0,1,0,29,0.0007636092,0.00325732259,0,40.5,0
Held-FixedSingle-F,313,6.27999973,0,-2.903136,-1.5167501,0,0,0,0,0,1,0,29,0.000736071554,0.00304170814,0,40.5,0
Held-FixedSingle-F,314,6.29999971,0,-2.903136,-1.5167501,0,0,0,0,0,1,0,29,0.00068585854,0.00279084733,0,40.5,0
Held-FixedSingle-F,315,6.31999969,0,-2.903136,-1.5167501,0,0,0,0,0,1,0,29,0.000660476,0.00254708854,0,40.5,0
Held-FixedSingle-F,316,6.33999968,0,-2.903136,-1.5167501,0,0,0,0,0,1,0,29,0.000612249,0.002328674,0,40.5,0
Held-FixedSingle-F,317,6.35999966,0,-2.903136,-1.5167501,0,0,0,0,0,1,0,29,0.000586921757,0.00220235065,0,40.5,0
Held-FixedSingle-F,318,6.37999964,0,-2.903136,-1.5167501,0,0,0,0,0,1,0,29,0.000535114,0.001984111,0,40.5,0
Held-FixedSingle-F,319,6.39999962,0,-2.903136,-1.5167501,0,0,0,0,0,1,0,29,0.000516314351,0.00184312079,0,40.5,0
Held-FixedSingle-F,320,6.42,0,-2.903136,-1.5167501,0,0,0,0,0,1,0,29,0.0004817903,0.0016840488,0,40.5,0
Held-FixedSingle-F,321,6.44,0,-2.903136,-1.5167501,0,0,0,0,0,1,0,29,0.000436821167,0.00150791812,0,40.5,0
Held-FixedSingle-F,322,6.46,0,-2.903136,-1.5167501,0,0,0,0,0,1,0,29,0.000414308219,0.001439038,0,40.5,0
Held-FixedSingle-F,323,6.48,0,-2.903136,-1.5167501,0,0,0,0,0,1,0,29,0.000396527728,0.00129111425,0,40.5,0
Held-FixedSingle-F,324,6.5,0,-2.903136,-1.5167501,0,0,0,0,0,1,0,29,0.000371494738,0.00118016778,0,40.5,0
Held-FixedSingle-F,325,6.52,0,-2.903136,-1.5167501,0,0,0,0,0,1,0,29,0.0003549734,0.00112752581,0,40.5,0
Held-FixedSingle-F,326,6.54,0,-2.903136,-1.5167501,0,0,0,0,0,1,0,29,0.000334437762,0.00106117968,0,40.5,0
Held-FixedSingle-F,327,6.56,0,-2.903136,-1.5167501,0,0,0,0,0,1,0,29,0.000318037521,0.0009926782,0,40.5,0
Held-FixedSingle-F,328,6.58,0,-2.903136,-1.5167501,0,0,0,0,0,1,0,29,0.000308122573,0.0009632119,0,40.5,0
Held-FixedSingle-F,329,6.6,0,-2.903136,-1.5167501,0,0,0,0,0,1,0,29,0.000309674069,0.000943430758,0,40.5,0
Held-FixedSingle-F,330,6.62,0,-2.903136,-1.5167501,0,0,0,0,0,1,0,29,0.000301030173,0.0009175472,0,40.5,0
Held-FixedSingle-F,331,6.64,0,-2.903136,-1.5167501,0,0,0,0,0,1,0,29,0.000289409654,0.0009167001,0,40.5,0
Held-FixedSingle-F,332,6.66,0,-2.903136,-1.5167501,0,0,0,0,0,1,0,29,0.000291494041,0.000939830439,0,40.5,0
Held-FixedSingle-F,333,6.68,0,-2.903136,-1.5167501,0,0,0,0,0,1,0,29,0.000286792463,0.000923072745,0,40.5,0
Held-FixedSingle-F,334,6.7,0,-2.903136,-1.5167501,0,0,0,0,0,1,0,29,0.000277455227,0.000871758966,0,40.5,0
Held-FixedSingle-F,335,6.72,0,-2.903136,-1.5167501,0,0,0,0,0,1,0,29,0.000266655523,0.0008251422,0,40.5,0
Held-FixedSingle-F,336,6.74,0,-2.903136,-1.5167501,0,0,0,0,0,1,0,29,0.0002703274,0.0008186974,0,40.5,0
Held-FixedSingle-F,337,6.75999975,0,-2.903136,-1.5167501,0,0,0,0,0,1,0,29,0.000266766176,0.0007902519,0,40.5,0
Held-FixedSingle-F,338,6.77999973,0,-2.903136,-1.5167501,0,0,0,0,0,1,0,29,0.0002618162,0.0007786372,0,40.5,0
Held-FixedSingle-F,339,6.79999971,0,-2.903136,-1.5167501,0,0,0,0,0,1,0,29,0.000256113417,0.0007438443,0,40.5,0
Held-FixedSingle-F,340,6.81999969,0,-2.903136,-1.5167501,0,0,0,0,0,1,0,29,0.0002485332,0.0007438443,0,40.5,0
Held-FixedSingle-F,341,6.83999968,0,-2.903136,-1.5167501,0,0,0,0,0,1,0,29,0.000246254378,0.0007380296,0,40.5,0
Held-FixedSingle-F,342,6.85999966,0,-2.903136,-1.5167501,0,0,0,0,0,1,0,29,0.0002424044,0.0007150881,0,40.5,0
Held-FixedSingle-F,343,6.87999964,0,-2.903136,-1.5167501,0,0,0,0,0,1,0,29,0.000242861672,0.000720696,0,40.5,0
Held-FixedSingle-F,344,6.89999962,0,-2.903136,-1.5167501,0,0,0,0,0,1,0,29,0.000234231076,0.0007380296,0,40.5,0
Held-FixedSingle-F,345,6.92,0,-2.903136,-1.5167501,0,0,0,0,0,1,0,29,0.000236886568,0.000721773133,0,40.5,0
Held-FixedSingle-F,346,6.94,0,-2.903136,-1.5167501,0,0,0,0,0,1,0,29,0.000226689619,0.000721773133,0,40.5,0
Held-FixedSingle-F,347,6.96,0,-2.903136,-1.5167501,0,0,0,0,0,1,0,29,0.00020939899,0.0006860532,0,40.5,0
Held-FixedSingle-F,348,6.98,0,-2.903136,-1.5167501,0,0,0,0,0,1,0,29,0.00021169649,0.0006786093,0,40.5,0
Held-FixedSingle-F,349,7,0,-2.903136,-1.5167501,0,0,0,0,0,1,0,29,0.00020366651,0.000688383239,0,40.5,0
Held-FixedSingle-F,350,7.02,0,-2.903136,-1.5167501,0,0,0,0,0,1,0,29,0.000198220427,0.000697381853,0,40.5,0
Held-FixedSingle-F,351,7.04,0,-2.903136,-1.5167501,0,0,0,0,0,1,0,29,0.0002000366,0.0006959413,0,40.5,0
Held-FixedSingle-F,352,7.06,0,-2.903136,-1.5167501,0,0,0,0,0,1,0,29,0.000193152024,0.0006694372,0,40.5,0
Held-FixedSingle-F,353,7.08,0,-2.903136,-1.5167501,0,0,0,0,0,1,0,29,0.0001932088,0.0007014506,0,40.5,0
Held-FixedSingle-F,354,7.1,0,-2.903136,-1.5167501,0,0,0,0,0,1,0,29,0.000184831224,0.000688615,0,40.5,0
Held-FixedSingle-F,355,7.12,0,-2.903136,-1.5167501,0,0,0,0,0,1,0,29,0.000175464185,0.000684903,0,40.5,0
Held-FixedSingle-F,356,7.14,0,-2.903136,-1.5167501,0,0,0,0,0,1,0,29,0.000180177216,0.00068328355,0,40.5,0
Held-FixedSingle-F,357,7.16,0,-2.903136,-1.5167501,0,0,0,0,0,1,0,29,0.000176199988,0.000691672,0,40.5,0
Held-FixedSingle-F,358,7.18,0,-2.903136,-1.5167501,0,0,0,0,0,1,0,29,0.000169152467,0.0006993547,0,40.5,0
Held-FixedSingle-F,359,7.2,0,-2.903136,-1.5167501,0,0,0,0,0,1,0,29,0.00016481035,0.0006987484,0,40.5,0
Held-FixedSingle-F,360,7.22,0,-2.903136,-1.5167501,0,0,0,0,0,1,0,29,0.000162851837,0.0007217631,0,40.5,0
Held-FixedSingle-F,361,7.24,0,-2.903136,-1.5167501,0,0,0,0,0,1,0,29,0.000156104041,0.0006867459,0,40.5,0
Held-FixedSingle-F,362,7.25999975,0,-2.903136,-1.5167501,0,0,0,0,0,1,0,29,0.000155971487,0.0006864946,0,40.5,0
Held-FixedSingle-F,363,7.27999973,0,-2.903136,-1.5167501,0,0,0,0,0,1,0,29,0.000155253583,0.00071165897,0,40.5,0
Held-FixedSingle-F,364,7.29999971,0,-2.903136,-1.5167501,0,0,0,0,0,1,0,29,0.000160526877,0.00068624405,0,40.5,0
Held-FixedSingle-F,365,7.31999969,0,-2.903136,-1.5167501,0,0,0,0,0,1,0,29,0.000156362512,0.000697866548,0,40.5,0
Held-FixedSingle-F,366,7.33999968,0,-2.903136,-1.5167501,0,0,0,0,0,1,0,29,0.0001487199,0.000687733,0,40.5,0
Held-FixedSingle-F,367,7.35999966,0,-2.903136,-1.5167501,0,0,0,0,0,1,0,29,0.000149001688,0.000688088243,0,40.5,0
Held-FixedSingle-F,368,7.37999964,0,-2.903136,-1.5167501,0,0,0,0,0,1,0,29,0.00015124942,0.0006975635,0,40.5,0
Held-FixedSingle-F,369,7.39999962,0,-2.903136,-1.5167501,0,0,0,0,0,1,0,29,0.000142353485,0.0006834181,0,40.5,0
Held-FixedSingle-F,370,7.4199996,0,-2.903136,-1.5167501,0,0,0,0,0,1,0,29,0.0001439043,0.00068412855,0,40.5,0
Held-FixedSingle-F,371,7.44,0,-2.903136,-1.5167501,0,0,0,0,0,1,0,29,0.000143544719,0.000670819,0,40.5,0
Held-FixedSingle-F,372,7.46,0,-2.903136,-1.5167501,0,0,0,0,0,1,0,29,0.000137018316,0.0006661486,0,40.5,0
Held-FixedSingle-F,373,7.48,0,-2.903136,-1.5167501,0,0,0,0,0,1,0,29,0.0001432037,0.0006782517,0,40.5,0
Held-FixedSingle-F,374,7.5,0,-2.903136,-1.5167501,0,0,0,0,0,1,0,29,0.000133958223,0.0006784865,0,40.5,0
Held-FixedSingle-F,375,7.52,0,-2.903136,-1.5167501,0,0,0,0,0,1,0,29,0.000134192931,0.0007173203,0,40.5,0
Held-FixedSingle-F,376,7.54,0,-2.903136,-1.5167501,0,0,0,0,0,1,0,29,0.000136175076,0.0006761587,0,40.5,0
Held-FixedSingle-F,377,7.56,0,-2.903136,-1.5167501,0,0,0,0,0,1,0,29,0.0001331096,0.0006749551,0,40.5,0
Held-FixedSingle-F,378,7.58,0,-2.903136,-1.5167501,0,0,0,0,0,1,0,29,0.000129598629,0.000698929536,0,40.5,0
Held-FixedSingle-F,379,7.6,0,-2.903136,-1.5167501,0,0,0,0,0,1,0,29,0.000120033874,0.0006733953,0,40.5,0
Held-FixedSingle-F,380,7.62,0,-2.903136,-1.5167501,0,0,0,0,0,1,0,29,0.000121859368,0.0006955759,0,40.5,0
Held-FixedSingle-F,381,7.64,0,-2.903136,-1.5167501,0,0,0,0,0,1,0,29,0.00012327444,0.0006591304,0,40.5,0
Held-FixedSingle-F,382,7.66,0,-2.903136,-1.5167501,0,0,0,0,0,1,0,29,0.000118619057,0.000683105667,0,40.5,0
Held-FixedSingle-F,383,7.68,0,-2.903136,-1.5167501,0,0,0,0,0,1,0,29,0.000109176377,0.0006916206,0,40.5,0
Held-FixedSingle-F,384,7.7,0,-2.903136,-1.5167501,0,0,0,0,0,1,0,29,0.0001226685,0.0006911417,0,40.5,0
Held-FixedSingle-F,385,7.72,0,-2.903136,-1.5167501,0,0,0,0,0,1,0,29,0.000103067,0.0006352731,0,40.5,0
Held-FixedSingle-F,386,7.74,0,-2.903136,-1.5167501,0,0,0,0,0,1,0,29,0.000122264741,0.000686827756,0,40.5,0
Held-FixedSingle-F,387,7.75999975,0,-2.903136,-1.5167501,0,0,0,0,0,1,0,29,0.000107189328,0.0006163121,0,40.5,0
Held-FixedSingle-F,388,7.77999973,0,-2.903136,-1.5167501,0,0,0,0,0,1,0,29,0.00011378347,0.0006348282,0,40.5,0
Held-FixedSingle-F,389,7.79999971,0,-2.903136,-1.5167501,0,0,0,0,0,1,0,29,0.000108629734,0.0006731665,0,40.5,0
Held-FixedSingle-F,390,7.81999969,0,-2.903136,-1.5167501,0,0,0,0,0,1,0,29,0.000109635534,0.0006536842,0,40.5,0
Held-FixedSingle-F,391,7.83999968,0,-2.903136,-1.5167501,0,0,0,0,0,1,0,29,0.000102406579,0.0005540324,0,40.5,0
Held-FixedSingle-F,392,7.85999966,0,-2.903136,-1.5167501,0,0,0,0,0,1,0,29,0.000102103477,0.000614015851,0,40.5,0
Held-FixedSingle-F,393,7.87999964,0,-2.903136,-1.5167501,0,0,0,0,0,1,0,29,0.000102433842,0.0005803078,0,40.5,0
Held-FixedSingle-F,394,7.89999962,0,-2.903136,-1.5167501,0,0,0,0,0,1,0,29,9.68099048E-05,0.0005540324,0,40.5,0
Held-FixedSingle-F,395,7.9199996,0,-2.903136,-1.5167501,0,0,0,0,0,1,0,29,9.26062E-05,0.0004894611,0,40.5,0
Held-FixedSingle-F,396,7.94,0,-2.903136,-1.5167501,0,0,0,0,0,1,0,29,9.721095E-05,0.0005569567,0,40.5,0
Held-FixedSingle-F,397,7.96,0,-2.903136,-1.5167501,0,0,0,0,0,1,0,29,9.558647E-05,0.0005406118,0,40.5,0
Held-FixedSingle-F,398,7.98,0,-2.903136,-1.5167501,0,0,0,0,0,1,0,29,9.3886214E-05,0.0005209175,0,40.5,0
Held-FixedSingle-F,399,8,0,-2.903136,-1.5167501,0,0,0,0,0,1,0,29,8.820815E-05,0.0004615364,0,40.5,0
