case,tick,time,ice_index,x,y,angle,vx,vy,angular_velocity,measured_speed,sleeping,contacts,near_liquid_count,near_liquid_mean_speed,near_liquid_p95_speed,deep_liquid_inside_ice,active_ml,retired_ml
Kinematic-Cluster4-Empty,300,6.02,0,-3.08217072,-1.6063484,-1.68017471,0,0,0,0,1,10,0,0,0,0,0,0
Kinematic-Cluster4-Empty,300,6.02,1,-2.70558667,-1.614671,-3.72491765,0,0,0,0,1,13,0,0,0,0,0,0
Kinematic-Cluster4-Empty,300,6.02,2,-3.06076384,-1.23009312,-0.1508817,0,0,0,0,1,6,0,0,0,0,0,0
Kinematic-Cluster4-Empty,300,6.02,3,-2.68580079,-1.243833,-11.476017,0,0,0,0,1,8,0,0,0,0,0,0
Kinematic-Cluster4-Empty,301,6.04,0,-3.08217072,-1.6063484,-1.68017471,0,0,0,0,1,10,0,0,0,0,0,0
Kinematic-Cluster4-Empty,301,6.04,1,-2.70558667,-1.614671,-3.72491765,0,0,0,0,1,13,0,0,0,0,0,0
Kinematic-Cluster4-Empty,301,6.04,2,-3.06076384,-1.23009312,-0.1508817,0,0,0,0,1,6,0,0,0,0,0,0
Kinematic-Cluster4-Empty,301,6.04,3,-2.68580079,-1.243833,-11.476017,0,0,0,0,1,8,0,0,0,0,0,0
Kinematic-Cluster4-Empty,302,6.06,0,-3.08217072,-1.6063484,-1.68017471,0,0,0,0,1,10,0,0,0,0,0,0
Kinematic-Cluster4-Empty,302,6.06,1,-2.70558667,-1.614671,-3.72491765,0,0,0,0,1,13,0,0,0,0,0,0
Kinematic-Cluster4-Empty,302,6.06,2,-3.06076384,-1.23009312,-0.1508817,0,0,0,0,1,6,0,0,0,0,0,0
Kinematic-Cluster4-Empty,302,6.06,3,-2.68580079,-1.243833,-11.476017,0,0,0,0,1,8,0,0,0,0,0,0
Kinematic-Cluster4-Empty,303,6.08,0,-3.08217072,-1.6063484,-1.68017471,0,0,0,0,1,10,0,0,0,0,0,0
Kinematic-Cluster4-Empty,303,6.08,1,-2.70558667,-1.614671,-3.72491765,0,0,0,0,1,13,0,0,0,0,0,0
Kinematic-Cluster4-Empty,303,6.08,2,-3.06076384,-1.23009312,-0.1508817,0,0,0,0,1,6,0,0,0,0,0,0
Kinematic-Cluster4-Empty,303,6.08,3,-2.68580079,-1.243833,-11.476017,0,0,0,0,1,8,0,0,0,0,0,0
Kinematic-Cluster4-Empty,304,6.1,0,-3.08217072,-1.6063484,-1.68017471,0,0,0,0,1,10,0,0,0,0,0,0
Kinematic-Cluster4-Empty,304,6.1,1,-2.70558667,-1.614671,-3.72491765,0,0,0,0,1,13,0,0,0,0,0,0
Kinematic-Cluster4-Empty,304,6.1,2,-3.06076384,-1.23009312,-0.1508817,0,0,0,0,1,6,0,0,0,0,0,0
Kinematic-Cluster4-Empty,304,6.1,3,-2.68580079,-1.243833,-11.476017,0,0,0,0,1,8,0,0,0,0,0,0
Kinematic-Cluster4-Empty,305,6.12,0,-3.08217072,-1.6063484,-1.68017471,0,0,0,0,1,10,0,0,0,0,0,0
Kinematic-Cluster4-Empty,305,6.12,1,-2.70558667,-1.614671,-3.72491765,0,0,0,0,1,13,0,0,0,0,0,0
Kinematic-Cluster4-Empty,305,6.12,2,-3.06076384,-1.23009312,-0.1508817,0,0,0,0,1,6,0,0,0,0,0,0
Kinematic-Cluster4-Empty,305,6.12,3,-2.68580079,-1.243833,-11.476017,0,0,0,0,1,8,0,0,0,0,0,0
Kinematic-Cluster4-Empty,306,6.14,0,-3.08217072,-1.6063484,-1.68017471,0,0,0,0,1,10,0,0,0,0,0,0
Kinematic-Cluster4-Empty,306,6.14,1,-2.70558667,-1.614671,-3.72491765,0,0,0,0,1,13,0,0,0,0,0,0
Kinematic-Cluster4-Empty,306,6.14,2,-3.06076384,-1.23009312,-0.1508817,0,0,0,0,1,6,0,0,0,0,0,0
Kinematic-Cluster4-Empty,306,6.14,3,-2.68580079,-1.243833,-11.476017,0,0,0,0,1,8,0,0,0,0,0,0
Kinematic-Cluster4-Empty,307,6.16,0,-3.08217072,-1.6063484,-1.68017471,0,0,0,0,1,10,0,0,0,0,0,0
Kinematic-Cluster4-Empty,307,6.16,1,-2.70558667,-1.614671,-3.72491765,0,0,0,0,1,13,0,0,0,0,0,0
Kinematic-Cluster4-Empty,307,6.16,2,-3.06076384,-1.23009312,-0.1508817,0,0,0,0,1,6,0,0,0,0,0,0
Kinematic-Cluster4-Empty,307,6.16,3,-2.68580079,-1.243833,-11.476017,0,0,0,0,1,8,0,0,0,0,0,0
Kinematic-Cluster4-Empty,308,6.18,0,-3.08217072,-1.6063484,-1.68017471,0,0,0,0,1,10,0,0,0,0,0,0
Kinematic-Cluster4-Empty,308,6.18,1,-2.70558667,-1.614671,-3.72491765,0,0,0,0,1,13,0,0,0,0,0,0
Kinematic-Cluster4-Empty,308,6.18,2,-3.06076384,-1.23009312,-0.1508817,0,0,0,0,1,6,0,0,0,0,0,0
Kinematic-Cluster4-Empty,308,6.18,3,-2.68580079,-1.243833,-11.476017,0,0,0,0,1,8,0,0,0,0,0,0
Kinematic-Cluster4-Empty,309,6.2,0,-3.08217072,-1.6063484,-1.68017471,0,0,0,0,1,10,0,0,0,0,0,0
Kinematic-Cluster4-Empty,309,6.2,1,-2.70558667,-1.614671,-3.72491765,0,0,0,0,1,13,0,0,0,0,0,0
Kinematic-Cluster4-Empty,309,6.2,2,-3.06076384,-1.23009312,-0.1508817,0,0,0,0,1,6,0,0,0,0,0,0
Kinematic-Cluster4-Empty,309,6.2,3,-2.68580079,-1.243833,-11.476017,0,0,0,0,1,8,0,0,0,0,0,0
Kinematic-Cluster4-Empty,310,6.22,0,-3.08217072,-1.6063484,-1.68017471,0,0,0,0,1,10,0,0,0,0,0,0
Kinematic-Cluster4-Empty,310,6.22,1,-2.70558667,-1.614671,-3.72491765,0,0,0,0,1,13,0,0,0,0,0,0
Kinematic-Cluster4-Empty,310,6.22,2,-3.06076384,-1.23009312,-0.1508817,0,0,0,0,1,6,0,0,0,0,0,0
Kinematic-Cluster4-Empty,310,6.22,3,-2.68580079,-1.243833,-11.476017,0,0,0,0,1,8,0,0,0,0,0,0
Kinematic-Cluster4-Empty,311,6.24,0,-3.08217072,-1.6063484,-1.68017471,0,0,0,0,1,10,0,0,0,0,0,0
Kinematic-Cluster4-Empty,311,6.24,1,-2.70558667,-1.614671,-3.72491765,0,0,0,0,1,13,0,0,0,0,0,0
Kinematic-Cluster4-Empty,311,6.24,2,-3.06076384,-1.23009312,-0.1508817,0,0,0,0,1,6,0,0,0,0,0,0
Kinematic-Cluster4-Empty,311,6.24,3,-2.68580079,-1.243833,-11.476017,0,0,0,0,1,8,0,0,0,0,0,0
Kinematic-Cluster4-Empty,312,6.25999975,0,-3.08217072,-1.6063484,-1.68017471,0,0,0,0,1,10,0,0,0,0,0,0
Kinematic-Cluster4-Empty,312,6.25999975,1,-2.70558667,-1.614671,-3.72491765,0,0,0,0,1,13,0,0,0,0,0,0
Kinematic-Cluster4-Empty,312,6.25999975,2,-3.06076384,-1.23009312,-0.1508817,0,0,0,0,1,6,0,0,0,0,0,0
Kinematic-Cluster4-Empty,312,6.25999975,3,-2.68580079,-1.243833,-11.476017,0,0,0,0,1,8,0,0,0,0,0,0
Kinematic-Cluster4-Empty,313,6.27999973,0,-3.08217072,-1.6063484,-1.68017471,0,0,0,0,1,10,0,0,0,0,0,0
Kinematic-Cluster4-Empty,313,6.27999973,1,-2.70558667,-1.614671,-3.72491765,0,0,0,0,1,13,0,0,0,0,0,0
Kinematic-Cluster4-Empty,313,6.27999973,2,-3.06076384,-1.23009312,-0.1508817,0,0,0,0,1,6,0,0,0,0,0,0
Kinematic-Cluster4-Empty,313,6.27999973,3,-2.68580079,-1.243833,-11.476017,0,0,0,0,1,8,0,0,0,0,0,0
Kinematic-Cluster4-Empty,314,6.29999971,0,-3.08217072,-1.6063484,-1.68017471,0,0,0,0,1,10,0,0,0,0,0,0
Kinematic-Cluster4-Empty,314,6.29999971,1,-2.70558667,-1.614671,-3.72491765,0,0,0,0,1,13,0,0,0,0,0,0
Kinematic-Cluster4-Empty,314,6.29999971,2,-3.06076384,-1.23009312,-0.1508817,0,0,0,0,1,6,0,0,0,0,0,0
Kinematic-Cluster4-Empty,314,6.29999971,3,-2.68580079,-1.243833,-11.476017,0,0,0,0,1,8,0,0,0,0,0,0
Kinematic-Cluster4-Empty,315,6.31999969,0,-3.08217072,-1.6063484,-1.68017471,0,0,0,0,1,10,0,0,0,0,0,0
Kinematic-Cluster4-Empty,315,6.31999969,1,-2.70558667,-1.614671,-3.72491765,0,0,0,0,1,13,0,0,0,0,0,0
Kinematic-Cluster4-Empty,315,6.31999969,2,-3.06076384,-1.23009312,-0.1508817,0,0,0,0,1,6,0,0,0,0,0,0
Kinematic-Cluster4-Empty,315,6.31999969,3,-2.68580079,-1.243833,-11.476017,0,0,0,0,1,8,0,0,0,0,0,0
Kinematic-Cluster4-Empty,316,6.33999968,0,-3.08217072,-1.6063484,-1.68017471,0,0,0,0,1,10,0,0,0,0,0,0
Kinematic-Cluster4-Empty,316,6.33999968,1,-2.70558667,-1.614671,-3.72491765,0,0,0,0,1,13,0,0,0,0,0,0
Kinematic-Cluster4-Empty,316,6.33999968,2,-3.06076384,-1.23009312,-0.1508817,0,0,0,0,1,6,0,0,0,0,0,0
Kinematic-Cluster4-Empty,316,6.33999968,3,-2.68580079,-1.243833,-11.476017,0,0,0,0,1,8,0,0,0,0,0,0
Kinematic-Cluster4-Empty,317,6.35999966,0,-3.08217072,-1.6063484,-1.68017471,0,0,0,0,1,10,0,0,0,0,0,0
Kinematic-Cluster4-Empty,317,6.35999966,1,-2.70558667,-1.614671,-3.72491765,0,0,0,0,1,13,0,0,0,0,0,0
Kinematic-Cluster4-Empty,317,6.35999966,2,-3.06076384,-1.23009312,-0.1508817,0,0,0,0,1,6,0,0,0,0,0,0
Kinematic-Cluster4-Empty,317,6.35999966,3,-2.68580079,-1.243833,-11.476017,0,0,0,0,1,8,0,0,0,0,0,0
Kinematic-Cluster4-Empty,318,6.37999964,0,-3.08217072,-1.6063484,-1.68017471,0,0,0,0,1,10,0,0,0,0,0,0
Kinematic-Cluster4-Empty,318,6.37999964,1,-2.70558667,-1.614671,-3.72491765,0,0,0,0,1,13,0,0,0,0,0,0
Kinematic-Cluster4-Empty,318,6.37999964,2,-3.06076384,-1.23009312,-0.1508817,0,0,0,0,1,6,0,0,0,0,0,0
Kinematic-Cluster4-Empty,318,6.37999964,3,-2.68580079,-1.243833,-11.476017,0,0,0,0,1,8,0,0,0,0,0,0
Kinematic-Cluster4-Empty,319,6.39999962,0,-3.08217072,-1.6063484,-1.68017471,0,0,0,0,1,10,0,0,0,0,0,0
Kinematic-Cluster4-Empty,319,6.39999962,1,-2.70558667,-1.614671,-3.72491765,0,0,0,0,1,13,0,0,0,0,0,0
Kinematic-Cluster4-Empty,319,6.39999962,2,-3.06076384,-1.23009312,-0.1508817,0,0,0,0,1,6,0,0,0,0,0,0
Kinematic-Cluster4-Empty,319,6.39999962,3,-2.68580079,-1.243833,-11.476017,0,0,0,0,1,8,0,0,0,0,0,0
Kinematic-Cluster4-Empty,320,6.42,0,-3.08217072,-1.6063484,-1.68017471,0,0,0,0,1,10,0,0,0,0,0,0
Kinematic-Cluster4-Empty,320,6.42,1,-2.70558667,-1.614671,-3.72491765,0,0,0,0,1,13,0,0,0,0,0,0
Kinematic-Cluster4-Empty,320,6.42,2,-3.06076384,-1.23009312,-0.1508817,0,0,0,0,1,6,0,0,0,0,0,0
Kinematic-Cluster4-Empty,320,6.42,3,-2.68580079,-1.243833,-11.476017,0,0,0,0,1,8,0,0,0,0,0,0
Kinematic-Cluster4-Empty,321,6.44,0,-3.08217072,-1.6063484,-1.68017471,0,0,0,0,1,10,0,0,0,0,0,0
Kinematic-Cluster4-Empty,321,6.44,1,-2.70558667,-1.614671,-3.72491765,0,0,0,0,1,13,0,0,0,0,0,0
Kinematic-Cluster4-Empty,321,6.44,2,-3.06076384,-1.23009312,-0.1508817,0,0,0,0,1,6,0,0,0,0,0,0
Kinematic-Cluster4-Empty,321,6.44,3,-2.68580079,-1.243833,-11.476017,0,0,0,0,1,8,0,0,0,0,0,0
Kinematic-Cluster4-Empty,322,6.46,0,-3.08217072,-1.6063484,-1.68017471,0,0,0,0,1,10,0,0,0,0,0,0
Kinematic-Cluster4-Empty,322,6.46,1,-2.70558667,-1.614671,-3.72491765,0,0,0,0,1,13,0,0,0,0,0,0
Kinematic-Cluster4-Empty,322,6.46,2,-3.06076384,-1.23009312,-0.1508817,0,0,0,0,1,6,0,0,0,0,0,0
Kinematic-Cluster4-Empty,322,6.46,3,-2.68580079,-1.243833,-11.476017,0,0,0,0,1,8,0,0,0,0,0,0
Kinematic-Cluster4-Empty,323,6.48,0,-3.08217072,-1.6063484,-1.68017471,0,0,0,0,1,10,0,0,0,0,0,0
Kinematic-Cluster4-Empty,323,6.48,1,-2.70558667,-1.614671,-3.72491765,0,0,0,0,1,13,0,0,0,0,0,0
Kinematic-Cluster4-Empty,323,6.48,2,-3.06076384,-1.23009312,-0.1508817,0,0,0,0,1,6,0,0,0,0,0,0
Kinematic-Cluster4-Empty,323,6.48,3,-2.68580079,-1.243833,-11.476017,0,0,0,0,1,8,0,0,0,0,0,0
Kinematic-Cluster4-Empty,324,6.5,0,-3.08217072,-1.6063484,-1.68017471,0,0,0,0,1,10,0,0,0,0,0,0
Kinematic-Cluster4-Empty,324,6.5,1,-2.70558667,-1.614671,-3.72491765,0,0,0,0,1,13,0,0,0,0,0,0
Kinematic-Cluster4-Empty,324,6.5,2,-3.06076384,-1.23009312,-0.1508817,0,0,0,0,1,6,0,0,0,0,0,0
Kinematic-Cluster4-Empty,324,6.5,3,-2.68580079,-1.243833,-11.476017,0,0,0,0,1,8,0,0,0,0,0,0
Kinematic-Cluster4-Empty,325,6.52,0,-3.08217072,-1.6063484,-1.68017471,0,0,0,0,1,10,0,0,0,0,0,0
Kinematic-Cluster4-Empty,325,6.52,1,-2.70558667,-1.614671,-3.72491765,0,0,0,0,1,13,0,0,0,0,0,0
Kinematic-Cluster4-Empty,325,6.52,2,-3.06076384,-1.23009312,-0.1508817,0,0,0,0,1,6,0,0,0,0,0,0
Kinematic-Cluster4-Empty,325,6.52,3,-2.68580079,-1.243833,-11.476017,0,0,0,0,1,8,0,0,0,0,0,0
Kinematic-Cluster4-Empty,326,6.54,0,-3.08217072,-1.6063484,-1.68017471,0,0,0,0,1,10,0,0,0,0,0,0
Kinematic-Cluster4-Empty,326,6.54,1,-2.70558667,-1.614671,-3.72491765,0,0,0,0,1,13,0,0,0,0,0,0
Kinematic-Cluster4-Empty,326,6.54,2,-3.06076384,-1.23009312,-0.1508817,0,0,0,0,1,6,0,0,0,0,0,0
Kinematic-Cluster4-Empty,326,6.54,3,-2.68580079,-1.243833,-11.476017,0,0,0,0,1,8,0,0,0,0,0,0
Kinematic-Cluster4-Empty,327,6.56,0,-3.08217072,-1.6063484,-1.68017471,0,0,0,0,1,10,0,0,0,0,0,0
Kinematic-Cluster4-Empty,327,6.56,1,-2.70558667,-1.614671,-3.72491765,0,0,0,0,1,13,0,0,0,0,0,0
Kinematic-Cluster4-Empty,327,6.56,2,-3.06076384,-1.23009312,-0.1508817,0,0,0,0,1,6,0,0,0,0,0,0
Kinematic-Cluster4-Empty,327,6.56,3,-2.68580079,-1.243833,-11.476017,0,0,0,0,1,8,0,0,0,0,0,0
Kinematic-Cluster4-Empty,328,6.58,0,-3.08217072,-1.6063484,-1.68017471,0,0,0,0,1,10,0,0,0,0,0,0
Kinematic-Cluster4-Empty,328,6.58,1,-2.70558667,-1.614671,-3.72491765,0,0,0,0,1,13,0,0,0,0,0,0
Kinematic-Cluster4-Empty,328,6.58,2,-3.06076384,-1.23009312,-0.1508817,0,0,0,0,1,6,0,0,0,0,0,0
Kinematic-Cluster4-Empty,328,6.58,3,-2.68580079,-1.243833,-11.476017,0,0,0,0,1,8,0,0,0,0,0,0
Kinematic-Cluster4-Empty,329,6.6,0,-3.08217072,-1.6063484,-1.68017471,0,0,0,0,1,10,0,0,0,0,0,0
Kinematic-Cluster4-Empty,329,6.6,1,-2.70558667,-1.614671,-3.72491765,0,0,0,0,1,13,0,0,0,0,0,0
Kinematic-Cluster4-Empty,329,6.6,2,-3.06076384,-1.23009312,-0.1508817,0,0,0,0,1,6,0,0,0,0,0,0
Kinematic-Cluster4-Empty,329,6.6,3,-2.68580079,-1.243833,-11.476017,0,0,0,0,1,8,0,0,0,0,0,0
Kinematic-Cluster4-Empty,330,6.62,0,-3.08217072,-1.6063484,-1.68017471,0,0,0,0,1,10,0,0,0,0,0,0
Kinematic-Cluster4-Empty,330,6.62,1,-2.70558667,-1.614671,-3.72491765,0,0,0,0,1,13,0,0,0,0,0,0
Kinematic-Cluster4-Empty,330,6.62,2,-3.06076384,-1.23009312,-0.1508817,0,0,0,0,1,6,0,0,0,0,0,0
Kinematic-Cluster4-Empty,330,6.62,3,-2.68580079,-1.243833,-11.476017,0,0,0,0,1,8,0,0,0,0,0,0
Kinematic-Cluster4-Empty,331,6.64,0,-3.08217072,-1.6063484,-1.68017471,0,0,0,0,1,10,0,0,0,0,0,0
Kinematic-Cluster4-Empty,331,6.64,1,-2.70558667,-1.614671,-3.72491765,0,0,0,0,1,13,0,0,0,0,0,0
Kinematic-Cluster4-Empty,331,6.64,2,-3.06076384,-1.23009312,-0.1508817,0,0,0,0,1,6,0,0,0,0,0,0
Kinematic-Cluster4-Empty,331,6.64,3,-2.68580079,-1.243833,-11.476017,0,0,0,0,1,8,0,0,0,0,0,0
Kinematic-Cluster4-Empty,332,6.66,0,-3.08217072,-1.6063484,-1.68017471,0,0,0,0,1,10,0,0,0,0,0,0
Kinematic-Cluster4-Empty,332,6.66,1,-2.70558667,-1.614671,-3.72491765,0,0,0,0,1,13,0,0,0,0,0,0
Kinematic-Cluster4-Empty,332,6.66,2,-3.06076384,-1.23009312,-0.1508817,0,0,0,0,1,6,0,0,0,0,0,0
Kinematic-Cluster4-Empty,332,6.66,3,-2.68580079,-1.243833,-11.476017,0,0,0,0,1,8,0,0,0,0,0,0
Kinematic-Cluster4-Empty,333,6.68,0,-3.08217072,-1.6063484,-1.68017471,0,0,0,0,1,10,0,0,0,0,0,0
Kinematic-Cluster4-Empty,333,6.68,1,-2.70558667,-1.614671,-3.72491765,0,0,0,0,1,13,0,0,0,0,0,0
Kinematic-Cluster4-Empty,333,6.68,2,-3.06076384,-1.23009312,-0.1508817,0,0,0,0,1,6,0,0,0,0,0,0
Kinematic-Cluster4-Empty,333,6.68,3,-2.68580079,-1.243833,-11.476017,0,0,0,0,1,8,0,0,0,0,0,0
Kinematic-Cluster4-Empty,334,6.7,0,-3.08217072,-1.6063484,-1.68017471,0,0,0,0,1,10,0,0,0,0,0,0
Kinematic-Cluster4-Empty,334,6.7,1,-2.70558667,-1.614671,-3.72491765,0,0,0,0,1,13,0,0,0,0,0,0
Kinematic-Cluster4-Empty,334,6.7,2,-3.06076384,-1.23009312,-0.1508817,0,0,0,0,1,6,0,0,0,0,0,0
Kinematic-Cluster4-Empty,334,6.7,3,-2.68580079,-1.243833,-11.476017,0,0,0,0,1,8,0,0,0,0,0,0
Kinematic-Cluster4-Empty,335,6.72,0,-3.08217072,-1.6063484,-1.68017471,0,0,0,0,1,10,0,0,0,0,0,0
Kinematic-Cluster4-Empty,335,6.72,1,-2.70558667,-1.614671,-3.72491765,0,0,0,0,1,13,0,0,0,0,0,0
Kinematic-Cluster4-Empty,335,6.72,2,-3.06076384,-1.23009312,-0.1508817,0,0,0,0,1,6,0,0,0,0,0,0
Kinematic-Cluster4-Empty,335,6.72,3,-2.68580079,-1.243833,-11.476017,0,0,0,0,1,8,0,0,0,0,0,0
Kinematic-Cluster4-Empty,336,6.74,0,-3.08217072,-1.6063484,-1.68017471,0,0,0,0,1,10,0,0,0,0,0,0
Kinematic-Cluster4-Empty,336,6.74,1,-2.70558667,-1.614671,-3.72491765,0,0,0,0,1,13,0,0,0,0,0,0
Kinematic-Cluster4-Empty,336,6.74,2,-3.06076384,-1.23009312,-0.1508817,0,0,0,0,1,6,0,0,0,0,0,0
Kinematic-Cluster4-Empty,336,6.74,3,-2.68580079,-1.243833,-11.476017,0,0,0,0,1,8,0,0,0,0,0,0
Kinematic-Cluster4-Empty,337,6.75999975,0,-3.08217072,-1.6063484,-1.68017471,0,0,0,0,1,10,0,0,0,0,0,0
Kinematic-Cluster4-Empty,337,6.75999975,1,-2.70558667,-1.614671,-3.72491765,0,0,0,0,1,13,0,0,0,0,0,0
Kinematic-Cluster4-Empty,337,6.75999975,2,-3.06076384,-1.23009312,-0.1508817,0,0,0,0,1,6,0,0,0,0,0,0
Kinematic-Cluster4-Empty,337,6.75999975,3,-2.68580079,-1.243833,-11.476017,0,0,0,0,1,8,0,0,0,0,0,0
Kinematic-Cluster4-Empty,338,6.77999973,0,-3.08217072,-1.6063484,-1.68017471,0,0,0,0,1,10,0,0,0,0,0,0
Kinematic-Cluster4-Empty,338,6.77999973,1,-2.70558667,-1.614671,-3.72491765,0,0,0,0,1,13,0,0,0,0,0,0
Kinematic-Cluster4-Empty,338,6.77999973,2,-3.06076384,-1.23009312,-0.1508817,0,0,0,0,1,6,0,0,0,0,0,0
Kinematic-Cluster4-Empty,338,6.77999973,3,-2.68580079,-1.243833,-11.476017,0,0,0,0,1,8,0,0,0,0,0,0
Kinematic-Cluster4-Empty,339,6.79999971,0,-3.08217072,-1.6063484,-1.68017471,0,0,0,0,1,10,0,0,0,0,0,0
Kinematic-Cluster4-Empty,339,6.79999971,1,-2.70558667,-1.614671,-3.72491765,0,0,0,0,1,13,0,0,0,0,0,0
Kinematic-Cluster4-Empty,339,6.79999971,2,-3.06076384,-1.23009312,-0.1508817,0,0,0,0,1,6,0,0,0,0,0,0
Kinematic-Cluster4-Empty,339,6.79999971,3,-2.68580079,-1.243833,-11.476017,0,0,0,0,1,8,0,0,0,0,0,0
Kinematic-Cluster4-Empty,340,6.81999969,0,-3.08217072,-1.6063484,-1.68017471,0,0,0,0,1,10,0,0,0,0,0,0
Kinematic-Cluster4-Empty,340,6.81999969,1,-2.70558667,-1.614671,-3.72491765,0,0,0,0,1,13,0,0,0,0,0,0
Kinematic-Cluster4-Empty,340,6.81999969,2,-3.06076384,-1.23009312,-0.1508817,0,0,0,0,1,6,0,0,0,0,0,0
Kinematic-Cluster4-Empty,340,6.81999969,3,-2.68580079,-1.243833,-11.476017,0,0,0,0,1,8,0,0,0,0,0,0
Kinematic-Cluster4-Empty,341,6.83999968,0,-3.08217072,-1.6063484,-1.68017471,0,0,0,0,1,10,0,0,0,0,0,0
Kinematic-Cluster4-Empty,341,6.83999968,1,-2.70558667,-1.614671,-3.72491765,0,0,0,0,1,13,0,0,0,0,0,0
Kinematic-Cluster4-Empty,341,6.83999968,2,-3.06076384,-1.23009312,-0.1508817,0,0,0,0,1,6,0,0,0,0,0,0
Kinematic-Cluster4-Empty,341,6.83999968,3,-2.68580079,-1.243833,-11.476017,0,0,0,0,1,8,0,0,0,0,0,0
Kinematic-Cluster4-Empty,342,6.85999966,0,-3.08217072,-1.6063484,-1.68017471,0,0,0,0,1,10,0,0,0,0,0,0
Kinematic-Cluster4-Empty,342,6.85999966,1,-2.70558667,-1.614671,-3.72491765,0,0,0,0,1,13,0,0,0,0,0,0
Kinematic-Cluster4-Empty,342,6.85999966,2,-3.06076384,-1.23009312,-0.1508817,0,0,0,0,1,6,0,0,0,0,0,0
Kinematic-Cluster4-Empty,342,6.85999966,3,-2.68580079,-1.243833,-11.476017,0,0,0,0,1,8,0,0,0,0,0,0
Kinematic-Cluster4-Empty,343,6.87999964,0,-3.08217072,-1.6063484,-1.68017471,0,0,0,0,1,10,0,0,0,0,0,0
Kinematic-Cluster4-Empty,343,6.87999964,1,-2.70558667,-1.614671,-3.72491765,0,0,0,0,1,13,0,0,0,0,0,0
Kinematic-Cluster4-Empty,343,6.87999964,2,-3.06076384,-1.23009312,-0.1508817,0,0,0,0,1,6,0,0,0,0,0,0
Kinematic-Cluster4-Empty,343,6.87999964,3,-2.68580079,-1.243833,-11.476017,0,0,0,0,1,8,0,0,0,0,0,0
Kinematic-Cluster4-Empty,344,6.89999962,0,-3.08217072,-1.6063484,-1.68017471,0,0,0,0,1,10,0,0,0,0,0,0
Kinematic-Cluster4-Empty,344,6.89999962,1,-2.70558667,-1.614671,-3.72491765,0,0,0,0,1,13,0,0,0,0,0,0
Kinematic-Cluster4-Empty,344,6.89999962,2,-3.06076384,-1.23009312,-0.1508817,0,0,0,0,1,6,0,0,0,0,0,0
Kinematic-Cluster4-Empty,344,6.89999962,3,-2.68580079,-1.243833,-11.476017,0,0,0,0,1,8,0,0,0,0,0,0
Kinematic-Cluster4-Empty,345,6.92,0,-3.08217072,-1.6063484,-1.68017471,0,0,0,0,1,10,0,0,0,0,0,0
Kinematic-Cluster4-Empty,345,6.92,1,-2.70558667,-1.614671,-3.72491765,0,0,0,0,1,13,0,0,0,0,0,0
Kinematic-Cluster4-Empty,345,6.92,2,-3.06076384,-1.23009312,-0.1508817,0,0,0,0,1,6,0,0,0,0,0,0
Kinematic-Cluster4-Empty,345,6.92,3,-2.68580079,-1.243833,-11.476017,0,0,0,0,1,8,0,0,0,0,0,0
Kinematic-Cluster4-Empty,346,6.94,0,-3.08217072,-1.6063484,-1.68017471,0,0,0,0,1,10,0,0,0,0,0,0
Kinematic-Cluster4-Empty,346,6.94,1,-2.70558667,-1.614671,-3.72491765,0,0,0,0,1,13,0,0,0,0,0,0
Kinematic-Cluster4-Empty,346,6.94,2,-3.06076384,-1.23009312,-0.1508817,0,0,0,0,1,6,0,0,0,0,0,0
Kinematic-Cluster4-Empty,346,6.94,3,-2.68580079,-1.243833,-11.476017,0,0,0,0,1,8,0,0,0,0,0,0
Kinematic-Cluster4-Empty,347,6.96,0,-3.08217072,-1.6063484,-1.68017471,0,0,0,0,1,10,0,0,0,0,0,0
Kinematic-Cluster4-Empty,347,6.96,1,-2.70558667,-1.614671,-3.72491765,0,0,0,0,1,13,0,0,0,0,0,0
Kinematic-Cluster4-Empty,347,6.96,2,-3.06076384,-1.23009312,-0.1508817,0,0,0,0,1,6,0,0,0,0,0,0
Kinematic-Cluster4-Empty,347,6.96,3,-2.68580079,-1.243833,-11.476017,0,0,0,0,1,8,0,0,0,0,0,0
Kinematic-Cluster4-Empty,348,6.98,0,-3.08217072,-1.6063484,-1.68017471,0,0,0,0,1,10,0,0,0,0,0,0
Kinematic-Cluster4-Empty,348,6.98,1,-2.70558667,-1.614671,-3.72491765,0,0,0,0,1,13,0,0,0,0,0,0
Kinematic-Cluster4-Empty,348,6.98,2,-3.06076384,-1.23009312,-0.1508817,0,0,0,0,1,6,0,0,0,0,0,0
Kinematic-Cluster4-Empty,348,6.98,3,-2.68580079,-1.243833,-11.476017,0,0,0,0,1,8,0,0,0,0,0,0
Kinematic-Cluster4-Empty,349,7,0,-3.08217072,-1.6063484,-1.68017471,0,0,0,0,1,10,0,0,0,0,0,0
Kinematic-Cluster4-Empty,349,7,1,-2.70558667,-1.614671,-3.72491765,0,0,0,0,1,13,0,0,0,0,0,0
Kinematic-Cluster4-Empty,349,7,2,-3.06076384,-1.23009312,-0.1508817,0,0,0,0,1,6,0,0,0,0,0,0
Kinematic-Cluster4-Empty,349,7,3,-2.68580079,-1.243833,-11.476017,0,0,0,0,1,8,0,0,0,0,0,0
Kinematic-Cluster4-Empty,350,7.02,0,-3.08217072,-1.6063484,-1.68017471,0,0,0,0,1,10,0,0,0,0,0,0
Kinematic-Cluster4-Empty,350,7.02,1,-2.70558667,-1.614671,-3.72491765,0,0,0,0,1,13,0,0,0,0,0,0
Kinematic-Cluster4-Empty,350,7.02,2,-3.06076384,-1.23009312,-0.1508817,0,0,0,0,1,6,0,0,0,0,0,0
Kinematic-Cluster4-Empty,350,7.02,3,-2.68580079,-1.243833,-11.476017,0,0,0,0,1,8,0,0,0,0,0,0
Kinematic-Cluster4-Empty,351,7.04,0,-3.08217072,-1.6063484,-1.68017471,0,0,0,0,1,10,0,0,0,0,0,0
Kinematic-Cluster4-Empty,351,7.04,1,-2.70558667,-1.614671,-3.72491765,0,0,0,0,1,13,0,0,0,0,0,0
Kinematic-Cluster4-Empty,351,7.04,2,-3.06076384,-1.23009312,-0.1508817,0,0,0,0,1,6,0,0,0,0,0,0
Kinematic-Cluster4-Empty,351,7.04,3,-2.68580079,-1.243833,-11.476017,0,0,0,0,1,8,0,0,0,0,0,0
Kinematic-Cluster4-Empty,352,7.06,0,-3.08217072,-1.6063484,-1.68017471,0,0,0,0,1,10,0,0,0,0,0,0
Kinematic-Cluster4-Empty,352,7.06,1,-2.70558667,-1.614671,-3.72491765,0,0,0,0,1,13,0,0,0,0,0,0
Kinematic-Cluster4-Empty,352,7.06,2,-3.06076384,-1.23009312,-0.1508817,0,0,0,0,1,6,0,0,0,0,0,0
Kinematic-Cluster4-Empty,352,7.06,3,-2.68580079,-1.243833,-11.476017,0,0,0,0,1,8,0,0,0,0,0,0
Kinematic-Cluster4-Empty,353,7.08,0,-3.08217072,-1.6063484,-1.68017471,0,0,0,0,1,10,0,0,0,0,0,0
Kinematic-Cluster4-Empty,353,7.08,1,-2.70558667,-1.614671,-3.72491765,0,0,0,0,1,13,0,0,0,0,0,0
Kinematic-Cluster4-Empty,353,7.08,2,-3.06076384,-1.23009312,-0.1508817,0,0,0,0,1,6,0,0,0,0,0,0
Kinematic-Cluster4-Empty,353,7.08,3,-2.68580079,-1.243833,-11.476017,0,0,0,0,1,8,0,0,0,0,0,0
Kinematic-Cluster4-Empty,354,7.1,0,-3.08217072,-1.6063484,-1.68017471,0,0,0,0,1,10,0,0,0,0,0,0
Kinematic-Cluster4-Empty,354,7.1,1,-2.70558667,-1.614671,-3.72491765,0,0,0,0,1,13,0,0,0,0,0,0
Kinematic-Cluster4-Empty,354,7.1,2,-3.06076384,-1.23009312,-0.1508817,0,0,0,0,1,6,0,0,0,0,0,0
Kinematic-Cluster4-Empty,354,7.1,3,-2.68580079,-1.243833,-11.476017,0,0,0,0,1,8,0,0,0,0,0,0
Kinematic-Cluster4-Empty,355,7.12,0,-3.08217072,-1.6063484,-1.68017471,0,0,0,0,1,10,0,0,0,0,0,0
Kinematic-Cluster4-Empty,355,7.12,1,-2.70558667,-1.614671,-3.72491765,0,0,0,0,1,13,0,0,0,0,0,0
Kinematic-Cluster4-Empty,355,7.12,2,-3.06076384,-1.23009312,-0.1508817,0,0,0,0,1,6,0,0,0,0,0,0
Kinematic-Cluster4-Empty,355,7.12,3,-2.68580079,-1.243833,-11.476017,0,0,0,0,1,8,0,0,0,0,0,0
Kinematic-Cluster4-Empty,356,7.14,0,-3.08217072,-1.6063484,-1.68017471,0,0,0,0,1,10,0,0,0,0,0,0
Kinematic-Cluster4-Empty,356,7.14,1,-2.70558667,-1.614671,-3.72491765,0,0,0,0,1,13,0,0,0,0,0,0
Kinematic-Cluster4-Empty,356,7.14,2,-3.06076384,-1.23009312,-0.1508817,0,0,0,0,1,6,0,0,0,0,0,0
Kinematic-Cluster4-Empty,356,7.14,3,-2.68580079,-1.243833,-11.476017,0,0,0,0,1,8,0,0,0,0,0,0
Kinematic-Cluster4-Empty,357,7.16,0,-3.08217072,-1.6063484,-1.68017471,0,0,0,0,1,10,0,0,0,0,0,0
Kinematic-Cluster4-Empty,357,7.16,1,-2.70558667,-1.614671,-3.72491765,0,0,0,0,1,13,0,0,0,0,0,0
Kinematic-Cluster4-Empty,357,7.16,2,-3.06076384,-1.23009312,-0.1508817,0,0,0,0,1,6,0,0,0,0,0,0
Kinematic-Cluster4-Empty,357,7.16,3,-2.68580079,-1.243833,-11.476017,0,0,0,0,1,8,0,0,0,0,0,0
Kinematic-Cluster4-Empty,358,7.18,0,-3.08217072,-1.6063484,-1.68017471,0,0,0,0,1,10,0,0,0,0,0,0
Kinematic-Cluster4-Empty,358,7.18,1,-2.70558667,-1.614671,-3.72491765,0,0,0,0,1,13,0,0,0,0,0,0
Kinematic-Cluster4-Empty,358,7.18,2,-3.06076384,-1.23009312,-0.1508817,0,0,0,0,1,6,0,0,0,0,0,0
Kinematic-Cluster4-Empty,358,7.18,3,-2.68580079,-1.243833,-11.476017,0,0,0,0,1,8,0,0,0,0,0,0
Kinematic-Cluster4-Empty,359,7.2,0,-3.08217072,-1.6063484,-1.68017471,0,0,0,0,1,10,0,0,0,0,0,0
Kinematic-Cluster4-Empty,359,7.2,1,-2.70558667,-1.614671,-3.72491765,0,0,0,0,1,13,0,0,0,0,0,0
Kinematic-Cluster4-Empty,359,7.2,2,-3.06076384,-1.23009312,-0.1508817,0,0,0,0,1,6,0,0,0,0,0,0
Kinematic-Cluster4-Empty,359,7.2,3,-2.68580079,-1.243833,-11.476017,0,0,0,0,1,8,0,0,0,0,0,0
Kinematic-Cluster4-Empty,360,7.22,0,-3.08217072,-1.6063484,-1.68017471,0,0,0,0,1,10,0,0,0,0,0,0
Kinematic-Cluster4-Empty,360,7.22,1,-2.70558667,-1.614671,-3.72491765,0,0,0,0,1,13,0,0,0,0,0,0
Kinematic-Cluster4-Empty,360,7.22,2,-3.06076384,-1.23009312,-0.1508817,0,0,0,0,1,6,0,0,0,0,0,0
Kinematic-Cluster4-Empty,360,7.22,3,-2.68580079,-1.243833,-11.476017,0,0,0,0,1,8,0,0,0,0,0,0
Kinematic-Cluster4-Empty,361,7.24,0,-3.08217072,-1.6063484,-1.68017471,0,0,0,0,1,10,0,0,0,0,0,0
Kinematic-Cluster4-Empty,361,7.24,1,-2.70558667,-1.614671,-3.72491765,0,0,0,0,1,13,0,0,0,0,0,0
Kinematic-Cluster4-Empty,361,7.24,2,-3.06076384,-1.23009312,-0.1508817,0,0,0,0,1,6,0,0,0,0,0,0
Kinematic-Cluster4-Empty,361,7.24,3,-2.68580079,-1.243833,-11.476017,0,0,0,0,1,8,0,0,0,0,0,0
Kinematic-Cluster4-Empty,362,7.25999975,0,-3.08217072,-1.6063484,-1.68017471,0,0,0,0,1,10,0,0,0,0,0,0
Kinematic-Cluster4-Empty,362,7.25999975,1,-2.70558667,-1.614671,-3.72491765,0,0,0,0,1,13,0,0,0,0,0,0
Kinematic-Cluster4-Empty,362,7.25999975,2,-3.06076384,-1.23009312,-0.1508817,0,0,0,0,1,6,0,0,0,0,0,0
Kinematic-Cluster4-Empty,362,7.25999975,3,-2.68580079,-1.243833,-11.476017,0,0,0,0,1,8,0,0,0,0,0,0
Kinematic-Cluster4-Empty,363,7.27999973,0,-3.08217072,-1.6063484,-1.68017471,0,0,0,0,1,10,0,0,0,0,0,0
Kinematic-Cluster4-Empty,363,7.27999973,1,-2.70558667,-1.614671,-3.72491765,0,0,0,0,1,13,0,0,0,0,0,0
Kinematic-Cluster4-Empty,363,7.27999973,2,-3.06076384,-1.23009312,-0.1508817,0,0,0,0,1,6,0,0,0,0,0,0
Kinematic-Cluster4-Empty,363,7.27999973,3,-2.68580079,-1.243833,-11.476017,0,0,0,0,1,8,0,0,0,0,0,0
Kinematic-Cluster4-Empty,364,7.29999971,0,-3.08217072,-1.6063484,-1.68017471,0,0,0,0,1,10,0,0,0,0,0,0
Kinematic-Cluster4-Empty,364,7.29999971,1,-2.70558667,-1.614671,-3.72491765,0,0,0,0,1,13,0,0,0,0,0,0
Kinematic-Cluster4-Empty,364,7.29999971,2,-3.06076384,-1.23009312,-0.1508817,0,0,0,0,1,6,0,0,0,0,0,0
Kinematic-Cluster4-Empty,364,7.29999971,3,-2.68580079,-1.243833,-11.476017,0,0,0,0,1,8,0,0,0,0,0,0
Kinematic-Cluster4-Empty,365,7.31999969,0,-3.08217072,-1.6063484,-1.68017471,0,0,0,0,1,10,0,0,0,0,0,0
Kinematic-Cluster4-Empty,365,7.31999969,1,-2.70558667,-1.614671,-3.72491765,0,0,0,0,1,13,0,0,0,0,0,0
Kinematic-Cluster4-Empty,365,7.31999969,2,-3.06076384,-1.23009312,-0.1508817,0,0,0,0,1,6,0,0,0,0,0,0
Kinematic-Cluster4-Empty,365,7.31999969,3,-2.68580079,-1.243833,-11.476017,0,0,0,0,1,8,0,0,0,0,0,0
Kinematic-Cluster4-Empty,366,7.33999968,0,-3.08217072,-1.6063484,-1.68017471,0,0,0,0,1,10,0,0,0,0,0,0
Kinematic-Cluster4-Empty,366,7.33999968,1,-2.70558667,-1.614671,-3.72491765,0,0,0,0,1,13,0,0,0,0,0,0
Kinematic-Cluster4-Empty,366,7.33999968,2,-3.06076384,-1.23009312,-0.1508817,0,0,0,0,1,6,0,0,0,0,0,0
Kinematic-Cluster4-Empty,366,7.33999968,3,-2.68580079,-1.243833,-11.476017,0,0,0,0,1,8,0,0,0,0,0,0
Kinematic-Cluster4-Empty,367,7.35999966,0,-3.08217072,-1.6063484,-1.68017471,0,0,0,0,1,10,0,0,0,0,0,0
Kinematic-Cluster4-Empty,367,7.35999966,1,-2.70558667,-1.614671,-3.72491765,0,0,0,0,1,13,0,0,0,0,0,0
Kinematic-Cluster4-Empty,367,7.35999966,2,-3.06076384,-1.23009312,-0.1508817,0,0,0,0,1,6,0,0,0,0,0,0
Kinematic-Cluster4-Empty,367,7.35999966,3,-2.68580079,-1.243833,-11.476017,0,0,0,0,1,8,0,0,0,0,0,0
Kinematic-Cluster4-Empty,368,7.37999964,0,-3.08217072,-1.6063484,-1.68017471,0,0,0,0,1,10,0,0,0,0,0,0
Kinematic-Cluster4-Empty,368,7.37999964,1,-2.70558667,-1.614671,-3.72491765,0,0,0,0,1,13,0,0,0,0,0,0
Kinematic-Cluster4-Empty,368,7.37999964,2,-3.06076384,-1.23009312,-0.1508817,0,0,0,0,1,6,0,0,0,0,0,0
Kinematic-Cluster4-Empty,368,7.37999964,3,-2.68580079,-1.243833,-11.476017,0,0,0,0,1,8,0,0,0,0,0,0
Kinematic-Cluster4-Empty,369,7.39999962,0,-3.08217072,-1.6063484,-1.68017471,0,0,0,0,1,10,0,0,0,0,0,0
Kinematic-Cluster4-Empty,369,7.39999962,1,-2.70558667,-1.614671,-3.72491765,0,0,0,0,1,13,0,0,0,0,0,0
Kinematic-Cluster4-Empty,369,7.39999962,2,-3.06076384,-1.23009312,-0.1508817,0,0,0,0,1,6,0,0,0,0,0,0
Kinematic-Cluster4-Empty,369,7.39999962,3,-2.68580079,-1.243833,-11.476017,0,0,0,0,1,8,0,0,0,0,0,0
Kinematic-Cluster4-Empty,370,7.4199996,0,-3.08217072,-1.6063484,-1.68017471,0,0,0,0,1,10,0,0,0,0,0,0
Kinematic-Cluster4-Empty,370,7.4199996,1,-2.70558667,-1.614671,-3.72491765,0,0,0,0,1,13,0,0,0,0,0,0
Kinematic-Cluster4-Empty,370,7.4199996,2,-3.06076384,-1.23009312,-0.1508817,0,0,0,0,1,6,0,0,0,0,0,0
Kinematic-Cluster4-Empty,370,7.4199996,3,-2.68580079,-1.243833,-11.476017,0,0,0,0,1,8,0,0,0,0,0,0
Kinematic-Cluster4-Empty,371,7.44,0,-3.08217072,-1.6063484,-1.68017471,0,0,0,0,1,10,0,0,0,0,0,0
Kinematic-Cluster4-Empty,371,7.44,1,-2.70558667,-1.614671,-3.72491765,0,0,0,0,1,13,0,0,0,0,0,0
Kinematic-Cluster4-Empty,371,7.44,2,-3.06076384,-1.23009312,-0.1508817,0,0,0,0,1,6,0,0,0,0,0,0
Kinematic-Cluster4-Empty,371,7.44,3,-2.68580079,-1.243833,-11.476017,0,0,0,0,1,8,0,0,0,0,0,0
Kinematic-Cluster4-Empty,372,7.46,0,-3.08217072,-1.6063484,-1.68017471,0,0,0,0,1,10,0,0,0,0,0,0
Kinematic-Cluster4-Empty,372,7.46,1,-2.70558667,-1.614671,-3.72491765,0,0,0,0,1,13,0,0,0,0,0,0
Kinematic-Cluster4-Empty,372,7.46,2,-3.06076384,-1.23009312,-0.1508817,0,0,0,0,1,6,0,0,0,0,0,0
Kinematic-Cluster4-Empty,372,7.46,3,-2.68580079,-1.243833,-11.476017,0,0,0,0,1,8,0,0,0,0,0,0
Kinematic-Cluster4-Empty,373,7.48,0,-3.08217072,-1.6063484,-1.68017471,0,0,0,0,1,10,0,0,0,0,0,0
Kinematic-Cluster4-Empty,373,7.48,1,-2.70558667,-1.614671,-3.72491765,0,0,0,0,1,13,0,0,0,0,0,0
Kinematic-Cluster4-Empty,373,7.48,2,-3.06076384,-1.23009312,-0.1508817,0,0,0,0,1,6,0,0,0,0,0,0
Kinematic-Cluster4-Empty,373,7.48,3,-2.68580079,-1.243833,-11.476017,0,0,0,0,1,8,0,0,0,0,0,0
Kinematic-Cluster4-Empty,374,7.5,0,-3.08217072,-1.6063484,-1.68017471,0,0,0,0,1,10,0,0,0,0,0,0
Kinematic-Cluster4-Empty,374,7.5,1,-2.70558667,-1.614671,-3.72491765,0,0,0,0,1,13,0,0,0,0,0,0
Kinematic-Cluster4-Empty,374,7.5,2,-3.06076384,-1.23009312,-0.1508817,0,0,0,0,1,6,0,0,0,0,0,0
Kinematic-Cluster4-Empty,374,7.5,3,-2.68580079,-1.243833,-11.476017,0,0,0,0,1,8,0,0,0,0,0,0
Kinematic-Cluster4-Empty,375,7.52,0,-3.08217072,-1.6063484,-1.68017471,0,0,0,0,1,10,0,0,0,0,0,0
Kinematic-Cluster4-Empty,375,7.52,1,-2.70558667,-1.614671,-3.72491765,0,0,0,0,1,13,0,0,0,0,0,0
Kinematic-Cluster4-Empty,375,7.52,2,-3.06076384,-1.23009312,-0.1508817,0,0,0,0,1,6,0,0,0,0,0,0
Kinematic-Cluster4-Empty,375,7.52,3,-2.68580079,-1.243833,-11.476017,0,0,0,0,1,8,0,0,0,0,0,0
Kinematic-Cluster4-Empty,376,7.54,0,-3.08217072,-1.6063484,-1.68017471,0,0,0,0,1,10,0,0,0,0,0,0
Kinematic-Cluster4-Empty,376,7.54,1,-2.70558667,-1.614671,-3.72491765,0,0,0,0,1,13,0,0,0,0,0,0
Kinematic-Cluster4-Empty,376,7.54,2,-3.06076384,-1.23009312,-0.1508817,0,0,0,0,1,6,0,0,0,0,0,0
Kinematic-Cluster4-Empty,376,7.54,3,-2.68580079,-1.243833,-11.476017,0,0,0,0,1,8,0,0,0,0,0,0
Kinematic-Cluster4-Empty,377,7.56,0,-3.08217072,-1.6063484,-1.68017471,0,0,0,0,1,10,0,0,0,0,0,0
Kinematic-Cluster4-Empty,377,7.56,1,-2.70558667,-1.614671,-3.72491765,0,0,0,0,1,13,0,0,0,0,0,0
Kinematic-Cluster4-Empty,377,7.56,2,-3.06076384,-1.23009312,-0.1508817,0,0,0,0,1,6,0,0,0,0,0,0
Kinematic-Cluster4-Empty,377,7.56,3,-2.68580079,-1.243833,-11.476017,0,0,0,0,1,8,0,0,0,0,0,0
Kinematic-Cluster4-Empty,378,7.58,0,-3.08217072,-1.6063484,-1.68017471,0,0,0,0,1,10,0,0,0,0,0,0
Kinematic-Cluster4-Empty,378,7.58,1,-2.70558667,-1.614671,-3.72491765,0,0,0,0,1,13,0,0,0,0,0,0
Kinematic-Cluster4-Empty,378,7.58,2,-3.06076384,-1.23009312,-0.1508817,0,0,0,0,1,6,0,0,0,0,0,0
Kinematic-Cluster4-Empty,378,7.58,3,-2.68580079,-1.243833,-11.476017,0,0,0,0,1,8,0,0,0,0,0,0
Kinematic-Cluster4-Empty,379,7.6,0,-3.08217072,-1.6063484,-1.68017471,0,0,0,0,1,10,0,0,0,0,0,0
Kinematic-Cluster4-Empty,379,7.6,1,-2.70558667,-1.614671,-3.72491765,0,0,0,0,1,13,0,0,0,0,0,0
Kinematic-Cluster4-Empty,379,7.6,2,-3.06076384,-1.23009312,-0.1508817,0,0,0,0,1,6,0,0,0,0,0,0
Kinematic-Cluster4-Empty,379,7.6,3,-2.68580079,-1.243833,-11.476017,0,0,0,0,1,8,0,0,0,0,0,0
Kinematic-Cluster4-Empty,380,7.62,0,-3.08217072,-1.6063484,-1.68017471,0,0,0,0,1,10,0,0,0,0,0,0
Kinematic-Cluster4-Empty,380,7.62,1,-2.70558667,-1.614671,-3.72491765,0,0,0,0,1,13,0,0,0,0,0,0
Kinematic-Cluster4-Empty,380,7.62,2,-3.06076384,-1.23009312,-0.1508817,0,0,0,0,1,6,0,0,0,0,0,0
Kinematic-Cluster4-Empty,380,7.62,3,-2.68580079,-1.243833,-11.476017,0,0,0,0,1,8,0,0,0,0,0,0
Kinematic-Cluster4-Empty,381,7.64,0,-3.08217072,-1.6063484,-1.68017471,0,0,0,0,1,10,0,0,0,0,0,0
Kinematic-Cluster4-Empty,381,7.64,1,-2.70558667,-1.614671,-3.72491765,0,0,0,0,1,13,0,0,0,0,0,0
Kinematic-Cluster4-Empty,381,7.64,2,-3.06076384,-1.23009312,-0.1508817,0,0,0,0,1,6,0,0,0,0,0,0
Kinematic-Cluster4-Empty,381,7.64,3,-2.68580079,-1.243833,-11.476017,0,0,0,0,1,8,0,0,0,0,0,0
Kinematic-Cluster4-Empty,382,7.66,0,-3.08217072,-1.6063484,-1.68017471,0,0,0,0,1,10,0,0,0,0,0,0
Kinematic-Cluster4-Empty,382,7.66,1,-2.70558667,-1.614671,-3.72491765,0,0,0,0,1,13,0,0,0,0,0,0
Kinematic-Cluster4-Empty,382,7.66,2,-3.06076384,-1.23009312,-0.1508817,0,0,0,0,1,6,0,0,0,0,0,0
Kinematic-Cluster4-Empty,382,7.66,3,-2.68580079,-1.243833,-11.476017,0,0,0,0,1,8,0,0,0,0,0,0
Kinematic-Cluster4-Empty,383,7.68,0,-3.08217072,-1.6063484,-1.68017471,0,0,0,0,1,10,0,0,0,0,0,0
Kinematic-Cluster4-Empty,383,7.68,1,-2.70558667,-1.614671,-3.72491765,0,0,0,0,1,13,0,0,0,0,0,0
Kinematic-Cluster4-Empty,383,7.68,2,-3.06076384,-1.23009312,-0.1508817,0,0,0,0,1,6,0,0,0,0,0,0
Kinematic-Cluster4-Empty,383,7.68,3,-2.68580079,-1.243833,-11.476017,0,0,0,0,1,8,0,0,0,0,0,0
Kinematic-Cluster4-Empty,384,7.7,0,-3.08217072,-1.6063484,-1.68017471,0,0,0,0,1,10,0,0,0,0,0,0
Kinematic-Cluster4-Empty,384,7.7,1,-2.70558667,-1.614671,-3.72491765,0,0,0,0,1,13,0,0,0,0,0,0
Kinematic-Cluster4-Empty,384,7.7,2,-3.06076384,-1.23009312,-0.1508817,0,0,0,0,1,6,0,0,0,0,0,0
Kinematic-Cluster4-Empty,384,7.7,3,-2.68580079,-1.243833,-11.476017,0,0,0,0,1,8,0,0,0,0,0,0
Kinematic-Cluster4-Empty,385,7.72,0,-3.08217072,-1.6063484,-1.68017471,0,0,0,0,1,10,0,0,0,0,0,0
Kinematic-Cluster4-Empty,385,7.72,1,-2.70558667,-1.614671,-3.72491765,0,0,0,0,1,13,0,0,0,0,0,0
Kinematic-Cluster4-Empty,385,7.72,2,-3.06076384,-1.23009312,-0.1508817,0,0,0,0,1,6,0,0,0,0,0,0
Kinematic-Cluster4-Empty,385,7.72,3,-2.68580079,-1.243833,-11.476017,0,0,0,0,1,8,0,0,0,0,0,0
Kinematic-Cluster4-Empty,386,7.74,0,-3.08217072,-1.6063484,-1.68017471,0,0,0,0,1,10,0,0,0,0,0,0
Kinematic-Cluster4-Empty,386,7.74,1,-2.70558667,-1.614671,-3.72491765,0,0,0,0,1,13,0,0,0,0,0,0
Kinematic-Cluster4-Empty,386,7.74,2,-3.06076384,-1.23009312,-0.1508817,0,0,0,0,1,6,0,0,0,0,0,0
Kinematic-Cluster4-Empty,386,7.74,3,-2.68580079,-1.243833,-11.476017,0,0,0,0,1,8,0,0,0,0,0,0
Kinematic-Cluster4-Empty,387,7.75999975,0,-3.08217072,-1.6063484,-1.68017471,0,0,0,0,1,10,0,0,0,0,0,0
Kinematic-Cluster4-Empty,387,7.75999975,1,-2.70558667,-1.614671,-3.72491765,0,0,0,0,1,13,0,0,0,0,0,0
Kinematic-Cluster4-Empty,387,7.75999975,2,-3.06076384,-1.23009312,-0.1508817,0,0,0,0,1,6,0,0,0,0,0,0
Kinematic-Cluster4-Empty,387,7.75999975,3,-2.68580079,-1.243833,-11.476017,0,0,0,0,1,8,0,0,0,0,0,0
Kinematic-Cluster4-Empty,388,7.77999973,0,-3.08217072,-1.6063484,-1.68017471,0,0,0,0,1,10,0,0,0,0,0,0
Kinematic-Cluster4-Empty,388,7.77999973,1,-2.70558667,-1.614671,-3.72491765,0,0,0,0,1,13,0,0,0,0,0,0
Kinematic-Cluster4-Empty,388,7.77999973,2,-3.06076384,-1.23009312,-0.1508817,0,0,0,0,1,6,0,0,0,0,0,0
Kinematic-Cluster4-Empty,388,7.77999973,3,-2.68580079,-1.243833,-11.476017,0,0,0,0,1,8,0,0,0,0,0,0
Kinematic-Cluster4-Empty,389,7.79999971,0,-3.08217072,-1.6063484,-1.68017471,0,0,0,0,1,10,0,0,0,0,0,0
Kinematic-Cluster4-Empty,389,7.79999971,1,-2.70558667,-1.614671,-3.72491765,0,0,0,0,1,13,0,0,0,0,0,0
Kinematic-Cluster4-Empty,389,7.79999971,2,-3.06076384,-1.23009312,-0.1508817,0,0,0,0,1,6,0,0,0,0,0,0
Kinematic-Cluster4-Empty,389,7.79999971,3,-2.68580079,-1.243833,-11.476017,0,0,0,0,1,8,0,0,0,0,0,0
Kinematic-Cluster4-Empty,390,7.81999969,0,-3.08217072,-1.6063484,-1.68017471,0,0,0,0,1,10,0,0,0,0,0,0
Kinematic-Cluster4-Empty,390,7.81999969,1,-2.70558667,-1.614671,-3.72491765,0,0,0,0,1,13,0,0,0,0,0,0
Kinematic-Cluster4-Empty,390,7.81999969,2,-3.06076384,-1.23009312,-0.1508817,0,0,0,0,1,6,0,0,0,0,0,0
Kinematic-Cluster4-Empty,390,7.81999969,3,-2.68580079,-1.243833,-11.476017,0,0,0,0,1,8,0,0,0,0,0,0
Kinematic-Cluster4-Empty,391,7.83999968,0,-3.08217072,-1.6063484,-1.68017471,0,0,0,0,1,10,0,0,0,0,0,0
Kinematic-Cluster4-Empty,391,7.83999968,1,-2.70558667,-1.614671,-3.72491765,0,0,0,0,1,13,0,0,0,0,0,0
Kinematic-Cluster4-Empty,391,7.83999968,2,-3.06076384,-1.23009312,-0.1508817,0,0,0,0,1,6,0,0,0,0,0,0
Kinematic-Cluster4-Empty,391,7.83999968,3,-2.68580079,-1.243833,-11.476017,0,0,0,0,1,8,0,0,0,0,0,0
Kinematic-Cluster4-Empty,392,7.85999966,0,-3.08217072,-1.6063484,-1.68017471,0,0,0,0,1,10,0,0,0,0,0,0
Kinematic-Cluster4-Empty,392,7.85999966,1,-2.70558667,-1.614671,-3.72491765,0,0,0,0,1,13,0,0,0,0,0,0
Kinematic-Cluster4-Empty,392,7.85999966,2,-3.06076384,-1.23009312,-0.1508817,0,0,0,0,1,6,0,0,0,0,0,0
Kinematic-Cluster4-Empty,392,7.85999966,3,-2.68580079,-1.243833,-11.476017,0,0,0,0,1,8,0,0,0,0,0,0
Kinematic-Cluster4-Empty,393,7.87999964,0,-3.08217072,-1.6063484,-1.68017471,0,0,0,0,1,10,0,0,0,0,0,0
Kinematic-Cluster4-Empty,393,7.87999964,1,-2.70558667,-1.614671,-3.72491765,0,0,0,0,1,13,0,0,0,0,0,0
Kinematic-Cluster4-Empty,393,7.87999964,2,-3.06076384,-1.23009312,-0.1508817,0,0,0,0,1,6,0,0,0,0,0,0
Kinematic-Cluster4-Empty,393,7.87999964,3,-2.68580079,-1.243833,-11.476017,0,0,0,0,1,8,0,0,0,0,0,0
Kinematic-Cluster4-Empty,394,7.89999962,0,-3.08217072,-1.6063484,-1.68017471,0,0,0,0,1,10,0,0,0,0,0,0
Kinematic-Cluster4-Empty,394,7.89999962,1,-2.70558667,-1.614671,-3.72491765,0,0,0,0,1,13,0,0,0,0,0,0
Kinematic-Cluster4-Empty,394,7.89999962,2,-3.06076384,-1.23009312,-0.1508817,0,0,0,0,1,6,0,0,0,0,0,0
Kinematic-Cluster4-Empty,394,7.89999962,3,-2.68580079,-1.243833,-11.476017,0,0,0,0,1,8,0,0,0,0,0,0
Kinematic-Cluster4-Empty,395,7.9199996,0,-3.08217072,-1.6063484,-1.68017471,0,0,0,0,1,10,0,0,0,0,0,0
Kinematic-Cluster4-Empty,395,7.9199996,1,-2.70558667,-1.614671,-3.72491765,0,0,0,0,1,13,0,0,0,0,0,0
Kinematic-Cluster4-Empty,395,7.9199996,2,-3.06076384,-1.23009312,-0.1508817,0,0,0,0,1,6,0,0,0,0,0,0
Kinematic-Cluster4-Empty,395,7.9199996,3,-2.68580079,-1.243833,-11.476017,0,0,0,0,1,8,0,0,0,0,0,0
Kinematic-Cluster4-Empty,396,7.94,0,-3.08217072,-1.6063484,-1.68017471,0,0,0,0,1,10,0,0,0,0,0,0
Kinematic-Cluster4-Empty,396,7.94,1,-2.70558667,-1.614671,-3.72491765,0,0,0,0,1,13,0,0,0,0,0,0
Kinematic-Cluster4-Empty,396,7.94,2,-3.06076384,-1.23009312,-0.1508817,0,0,0,0,1,6,0,0,0,0,0,0
Kinematic-Cluster4-Empty,396,7.94,3,-2.68580079,-1.243833,-11.476017,0,0,0,0,1,8,0,0,0,0,0,0
Kinematic-Cluster4-Empty,397,7.96,0,-3.08217072,-1.6063484,-1.68017471,0,0,0,0,1,10,0,0,0,0,0,0
Kinematic-Cluster4-Empty,397,7.96,1,-2.70558667,-1.614671,-3.72491765,0,0,0,0,1,13,0,0,0,0,0,0
Kinematic-Cluster4-Empty,397,7.96,2,-3.06076384,-1.23009312,-0.1508817,0,0,0,0,1,6,0,0,0,0,0,0
Kinematic-Cluster4-Empty,397,7.96,3,-2.68580079,-1.243833,-11.476017,0,0,0,0,1,8,0,0,0,0,0,0
Kinematic-Cluster4-Empty,398,7.98,0,-3.08217072,-1.6063484,-1.68017471,0,0,0,0,1,10,0,0,0,0,0,0
Kinematic-Cluster4-Empty,398,7.98,1,-2.70558667,-1.614671,-3.72491765,0,0,0,0,1,13,0,0,0,0,0,0
Kinematic-Cluster4-Empty,398,7.98,2,-3.06076384,-1.23009312,-0.1508817,0,0,0,0,1,6,0,0,0,0,0,0
Kinematic-Cluster4-Empty,398,7.98,3,-2.68580079,-1.243833,-11.476017,0,0,0,0,1,8,0,0,0,0,0,0
Kinematic-Cluster4-Empty,399,8,0,-3.08217072,-1.6063484,-1.68017471,0,0,0,0,1,10,0,0,0,0,0,0
Kinematic-Cluster4-Empty,399,8,1,-2.70558667,-1.614671,-3.72491765,0,0,0,0,1,13,0,0,0,0,0,0
Kinematic-Cluster4-Empty,399,8,2,-3.06076384,-1.23009312,-0.1508817,0,0,0,0,1,6,0,0,0,0,0,0
Kinematic-Cluster4-Empty,399,8,3,-2.68580079,-1.243833,-11.476017,0,0,0,0,1,8,0,0,0,0,0,0
Kinematic-Cluster4-F,300,6.02,0,-3.08183241,-1.60708308,-2.07822323,0,0,0,0,1,7,36,0.0007534415,0.00341307046,0,41,0
Kinematic-Cluster4-F,300,6.02,1,-2.70257664,-1.61304629,-4.186235,0,0,0,0,1,9,36,0.0007534415,0.00341307046,0,41,0
Kinematic-Cluster4-F,300,6.02,2,-3.06321168,-1.22906721,0.6551953,0,0,0,0,1,6,36,0.0007534415,0.00341307046,0,41,0
Kinematic-Cluster4-F,300,6.02,3,-2.68623543,-1.24318337,-10.9935427,0,0,0,0,1,7,36,0.0007534415,0.00341307046,0,41,0
Kinematic-Cluster4-F,301,6.04,0,-3.08183241,-1.60708308,-2.07822323,0,0,0,0,1,7,36,0.00144641835,0.00621130038,0,41,0
Kinematic-Cluster4-F,301,6.04,1,-2.70257664,-1.61304629,-4.186235,0,0,0,0,1,9,36,0.00144641835,0.00621130038,0,41,0
Kinematic-Cluster4-F,301,6.04,2,-3.06321168,-1.22906721,0.6551953,0,0,0,0,1,6,36,0.00144641835,0.00621130038,0,41,0
Kinematic-Cluster4-F,301,6.04,3,-2.68623543,-1.24318337,-10.9935427,0,0,0,0,1,7,36,0.00144641835,0.00621130038,0,41,0
Kinematic-Cluster4-F,302,6.06,0,-3.08183241,-1.60708308,-2.07822323,0,0,0,0,1,7,36,0.0019169806,0.008892289,0,41,0
Kinematic-Cluster4-F,302,6.06,1,-2.70257664,-1.61304629,-4.186235,0,0,0,0,1,9,36,0.0019169806,0.008892289,0,41,0
Kinematic-Cluster4-F,302,6.06,2,-3.06321168,-1.22906721,0.6551953,0,0,0,0,1,6,36,0.0019169806,0.008892289,0,41,0
Kinematic-Cluster4-F,302,6.06,3,-2.68623543,-1.24318337,-10.9935427,0,0,0,0,1,7,36,0.0019169806,0.008892289,0,41,0
Kinematic-Cluster4-F,303,6.08,0,-3.08183241,-1.60708308,-2.07822323,0,0,0,0,1,7,36,0.000580883643,0.0032596013,0,41,0
Kinematic-Cluster4-F,303,6.08,1,-2.70257664,-1.61304629,-4.186235,0,0,0,0,1,9,36,0.000580883643,0.0032596013,0,41,0
Kinematic-Cluster4-F,303,6.08,2,-3.06321168,-1.22906721,0.6551953,0,0,0,0,1,6,36,0.000580883643,0.0032596013,0,41,0
Kinematic-Cluster4-F,303,6.08,3,-2.68623543,-1.24318337,-10.9935427,0,0,0,0,1,7,36,0.000580883643,0.0032596013,0,41,0
Kinematic-Cluster4-F,304,6.1,0,-3.08183241,-1.60708308,-2.07822323,0,0,0,0,1,7,36,0.000755315064,0.00331501872,0,41,0
Kinematic-Cluster4-F,304,6.1,1,-2.70257664,-1.61304629,-4.186235,0,0,0,0,1,9,36,0.000755315064,0.00331501872,0,41,0
Kinematic-Cluster4-F,304,6.1,2,-3.06321168,-1.22906721,0.6551953,0,0,0,0,1,6,36,0.000755315064,0.00331501872,0,41,0
Kinematic-Cluster4-F,304,6.1,3,-2.68623543,-1.24318337,-10.9935427,0,0,0,0,1,7,36,0.000755315064,0.00331501872,0,41,0
Kinematic-Cluster4-F,305,6.12,0,-3.08183241,-1.60708308,-2.07822323,0,0,0,0,1,7,36,0.00176310248,0.00827268,0,41,0
Kinematic-Cluster4-F,305,6.12,1,-2.70257664,-1.61304629,-4.186235,0,0,0,0,1,9,36,0.00176310248,0.00827268,0,41,0
Kinematic-Cluster4-F,305,6.12,2,-3.06321168,-1.22906721,0.6551953,0,0,0,0,1,6,36,0.00176310248,0.00827268,0,41,0
Kinematic-Cluster4-F,305,6.12,3,-2.68623543,-1.24318337,-10.9935427,0,0,0,0,1,7,36,0.00176310248,0.00827268,0,41,0
Kinematic-Cluster4-F,306,6.14,0,-3.08183241,-1.60708308,-2.07822323,0,0,0,0,1,7,36,0.00109316723,0.00453020725,0,41,0
Kinematic-Cluster4-F,306,6.14,1,-2.70257664,-1.61304629,-4.186235,0,0,0,0,1,9,36,0.00109316723,0.00453020725,0,41,0
Kinematic-Cluster4-F,306,6.14,2,-3.06321168,-1.22906721,0.6551953,0,0,0,0,1,6,36,0.00109316723,0.00453020725,0,41,0
Kinematic-Cluster4-F,306,6.14,3,-2.68623543,-1.24318337,-10.9935427,0,0,0,0,1,7,36,0.00109316723,0.00453020725,0,41,0
Kinematic-Cluster4-F,307,6.16,0,-3.08183241,-1.60708308,-2.07822323,0,0,0,0,1,7,36,0.00160769909,0.0069495053,0,41,0
Kinematic-Cluster4-F,307,6.16,1,-2.70257664,-1.61304629,-4.186235,0,0,0,0,1,9,36,0.00160769909,0.0069495053,0,41,0
Kinematic-Cluster4-F,307,6.16,2,-3.06321168,-1.22906721,0.6551953,0,0,0,0,1,6,36,0.00160769909,0.0069495053,0,41,0
Kinematic-Cluster4-F,307,6.16,3,-2.68623543,-1.24318337,-10.9935427,0,0,0,0,1,7,36,0.00160769909,0.0069495053,0,41,0
Kinematic-Cluster4-F,308,6.18,0,-3.08183241,-1.60708308,-2.07822323,0,0,0,0,1,7,36,0.001470564,0.006401459,0,41,0
Kinematic-Cluster4-F,308,6.18,1,-2.70257664,-1.61304629,-4.186235,0,0,0,0,1,9,36,0.001470564,0.006401459,0,41,0
Kinematic-Cluster4-F,308,6.18,2,-3.06321168,-1.22906721,0.6551953,0,0,0,0,1,6,36,0.001470564,0.006401459,0,41,0
Kinematic-Cluster4-F,308,6.18,3,-2.68623543,-1.24318337,-10.9935427,0,0,0,0,1,7,36,0.001470564,0.006401459,0,41,0
Kinematic-Cluster4-F,309,6.2,0,-3.08183241,-1.60708308,-2.07822323,0,0,0,0,1,7,36,0.000866379531,0.004158444,0,41,0
Kinematic-Cluster4-F,309,6.2,1,-2.70257664,-1.61304629,-4.186235,0,0,0,0,1,9,36,0.000866379531,0.004158444,0,41,0
Kinematic-Cluster4-F,309,6.2,2,-3.06321168,-1.22906721,0.6551953,0,0,0,0,1,6,36,0.000866379531,0.004158444,0,41,0
Kinematic-Cluster4-F,309,6.2,3,-2.68623543,-1.24318337,-10.9935427,0,0,0,0,1,7,36,0.000866379531,0.004158444,0,41,0
Kinematic-Cluster4-F,310,6.22,0,-3.08183241,-1.60708308,-2.07822323,0,0,0,0,1,7,36,0.00108773983,0.0061664856,0,41,0
Kinematic-Cluster4-F,310,6.22,1,-2.70257664,-1.61304629,-4.186235,0,0,0,0,1,9,36,0.00108773983,0.0061664856,0,41,0
Kinematic-Cluster4-F,310,6.22,2,-3.06321168,-1.22906721,0.6551953,0,0,0,0,1,6,36,0.00108773983,0.0061664856,0,41,0
Kinematic-Cluster4-F,310,6.22,3,-2.68623543,-1.24318337,-10.9935427,0,0,0,0,1,7,36,0.00108773983,0.0061664856,0,41,0
Kinematic-Cluster4-F,311,6.24,0,-3.08183241,-1.60708308,-2.07822323,0,0,0,0,1,7,36,0.00171358977,0.007331384,0,41,0
Kinematic-Cluster4-F,311,6.24,1,-2.70257664,-1.61304629,-4.186235,0,0,0,0,1,9,36,0.00171358977,0.007331384,0,41,0
Kinematic-Cluster4-F,311,6.24,2,-3.06321168,-1.22906721,0.6551953,0,0,0,0,1,6,36,0.00171358977,0.007331384,0,41,0
Kinematic-Cluster4-F,311,6.24,3,-2.68623543,-1.24318337,-10.9935427,0,0,0,0,1,7,36,0.00171358977,0.007331384,0,41,0
Kinematic-Cluster4-F,312,6.25999975,0,-3.08183241,-1.60708308,-2.07822323,0,0,0,0,1,7,36,0.0009039452,0.00379303354,0,41,0
Kinematic-Cluster4-F,312,6.25999975,1,-2.70257664,-1.61304629,-4.186235,0,0,0,0,1,9,36,0.0009039452,0.00379303354,0,41,0
Kinematic-Cluster4-F,312,6.25999975,2,-3.06321168,-1.22906721,0.6551953,0,0,0,0,1,6,36,0.0009039452,0.00379303354,0,41,0
Kinematic-Cluster4-F,312,6.25999975,3,-2.68623543,-1.24318337,-10.9935427,0,0,0,0,1,7,36,0.0009039452,0.00379303354,0,41,0
Kinematic-Cluster4-F,313,6.27999973,0,-3.08183241,-1.60708308,-2.07822323,0,0,0,0,1,7,36,0.0017613027,0.008688112,0,41,0
Kinematic-Cluster4-F,313,6.27999973,1,-2.70257664,-1.61304629,-4.186235,0,0,0,0,1,9,36,0.0017613027,0.008688112,0,41,0
Kinematic-Cluster4-F,313,6.27999973,2,-3.06321168,-1.22906721,0.6551953,0,0,0,0,1,6,36,0.0017613027,0.008688112,0,41,0
Kinematic-Cluster4-F,313,6.27999973,3,-2.68623543,-1.24318337,-10.9935427,0,0,0,0,1,7,36,0.0017613027,0.008688112,0,41,0
Kinematic-Cluster4-F,314,6.29999971,0,-3.08183241,-1.60708308,-2.07822323,0,0,0,0,1,7,36,0.000758196868,0.00342573482,0,41,0
Kinematic-Cluster4-F,314,6.29999971,1,-2.70257664,-1.61304629,-4.186235,0,0,0,0,1,9,36,0.000758196868,0.00342573482,0,41,0
Kinematic-Cluster4-F,314,6.29999971,2,-3.06321168,-1.22906721,0.6551953,0,0,0,0,1,6,36,0.000758196868,0.00342573482,0,41,0
Kinematic-Cluster4-F,314,6.29999971,3,-2.68623543,-1.24318337,-10.9935427,0,0,0,0,1,7,36,0.000758196868,0.00342573482,0,41,0
Kinematic-Cluster4-F,315,6.31999969,0,-3.08183241,-1.60708308,-2.07822323,0,0,0,0,1,7,36,0.00134866242,0.00581040466,0,41,0
Kinematic-Cluster4-F,315,6.31999969,1,-2.70257664,-1.61304629,-4.186235,0,0,0,0,1,9,36,0.00134866242,0.00581040466,0,41,0
Kinematic-Cluster4-F,315,6.31999969,2,-3.06321168,-1.22906721,0.6551953,0,0,0,0,1,6,36,0.00134866242,0.00581040466,0,41,0
Kinematic-Cluster4-F,315,6.31999969,3,-2.68623543,-1.24318337,-10.9935427,0,0,0,0,1,7,36,0.00134866242,0.00581040466,0,41,0
Kinematic-Cluster4-F,316,6.33999968,0,-3.08183241,-1.60708308,-2.07822323,0,0,0,0,1,7,36,0.00147597655,0.004982093,0,41,0
Kinematic-Cluster4-F,316,6.33999968,1,-2.70257664,-1.61304629,-4.186235,0,0,0,0,1,9,36,0.00147597655,0.004982093,0,41,0
Kinematic-Cluster4-F,316,6.33999968,2,-3.06321168,-1.22906721,0.6551953,0,0,0,0,1,6,36,0.00147597655,0.004982093,0,41,0
Kinematic-Cluster4-F,316,6.33999968,3,-2.68623543,-1.24318337,-10.9935427,0,0,0,0,1,7,36,0.00147597655,0.004982093,0,41,0
Kinematic-Cluster4-F,317,6.35999966,0,-3.08183241,-1.60708308,-2.07822323,0,0,0,0,1,7,36,0.0009908081,0.00443659024,0,41,0
Kinematic-Cluster4-F,317,6.35999966,1,-2.70257664,-1.61304629,-4.186235,0,0,0,0,1,9,36,0.0009908081,0.00443659024,0,41,0
Kinematic-Cluster4-F,317,6.35999966,2,-3.06321168,-1.22906721,0.6551953,0,0,0,0,1,6,36,0.0009908081,0.00443659024,0,41,0
Kinematic-Cluster4-F,317,6.35999966,3,-2.68623543,-1.24318337,-10.9935427,0,0,0,0,1,7,36,0.0009908081,0.00443659024,0,41,0
Kinematic-Cluster4-F,318,6.37999964,0,-3.08183241,-1.60708308,-2.07822323,0,0,0,0,1,7,36,0.00116271991,0.004372979,0,41,0
Kinematic-Cluster4-F,318,6.37999964,1,-2.70257664,-1.61304629,-4.186235,0,0,0,0,1,9,36,0.00116271991,0.004372979,0,41,0
Kinematic-Cluster4-F,318,6.37999964,2,-3.06321168,-1.22906721,0.6551953,0,0,0,0,1,6,36,0.00116271991,0.004372979,0,41,0
Kinematic-Cluster4-F,318,6.37999964,3,-2.68623543,-1.24318337,-10.9935427,0,0,0,0,1,7,36,0.00116271991,0.004372979,0,41,0
Kinematic-Cluster4-F,319,6.39999962,0,-3.08183241,-1.60708308,-2.07822323,0,0,0,0,1,7,36,0.00159904151,0.00815715548,0,41,0
Kinematic-Cluster4-F,319,6.39999962,1,-2.70257664,-1.61304629,-4.186235,0,0,0,0,1,9,36,0.00159904151,0.00815715548,0,41,0
Kinematic-Cluster4-F,319,6.39999962,2,-3.06321168,-1.22906721,0.6551953,0,0,0,0,1,6,36,0.00159904151,0.00815715548,0,41,0
Kinematic-Cluster4-F,319,6.39999962,3,-2.68623543,-1.24318337,-10.9935427,0,0,0,0,1,7,36,0.00159904151,0.00815715548,0,41,0
Kinematic-Cluster4-F,320,6.42,0,-3.08183241,-1.60708308,-2.07822323,0,0,0,0,1,7,36,0.00111147738,0.004320332,0,41,0
Kinematic-Cluster4-F,320,6.42,1,-2.70257664,-1.61304629,-4.186235,0,0,0,0,1,9,36,0.00111147738,0.004320332,0,41,0
Kinematic-Cluster4-F,320,6.42,2,-3.06321168,-1.22906721,0.6551953,0,0,0,0,1,6,36,0.00111147738,0.004320332,0,41,0
Kinematic-Cluster4-F,320,6.42,3,-2.68623543,-1.24318337,-10.9935427,0,0,0,0,1,7,36,0.00111147738,0.004320332,0,41,0
Kinematic-Cluster4-F,321,6.44,0,-3.08183241,-1.60708308,-2.07822323,0,0,0,0,1,7,36,0.001749647,0.008183511,0,41,0
Kinematic-Cluster4-F,321,6.44,1,-2.70257664,-1.61304629,-4.186235,0,0,0,0,1,9,36,0.001749647,0.008183511,0,41,0
Kinematic-Cluster4-F,321,6.44,2,-3.06321168,-1.22906721,0.6551953,0,0,0,0,1,6,36,0.001749647,0.008183511,0,41,0
Kinematic-Cluster4-F,321,6.44,3,-2.68623543,-1.24318337,-10.9935427,0,0,0,0,1,7,36,0.001749647,0.008183511,0,41,0
Kinematic-Cluster4-F,322,6.46,0,-3.08183241,-1.60708308,-2.07822323,0,0,0,0,1,7,36,0.0007162678,0.00287509221,0,41,0
Kinematic-Cluster4-F,322,6.46,1,-2.70257664,-1.61304629,-4.186235,0,0,0,0,1,9,36,0.0007162678,0.00287509221,0,41,0
Kinematic-Cluster4-F,322,6.46,2,-3.06321168,-1.22906721,0.6551953,0,0,0,0,1,6,36,0.0007162678,0.00287509221,0,41,0
Kinematic-Cluster4-F,322,6.46,3,-2.68623543,-1.24318337,-10.9935427,0,0,0,0,1,7,36,0.0007162678,0.00287509221,0,41,0
Kinematic-Cluster4-F,323,6.48,0,-3.08183241,-1.60708308,-2.07822323,0,0,0,0,1,7,36,0.00158798171,0.006851114,0,41,0
Kinematic-Cluster4-F,323,6.48,1,-2.70257664,-1.61304629,-4.186235,0,0,0,0,1,9,36,0.00158798171,0.006851114,0,41,0
Kinematic-Cluster4-F,323,6.48,2,-3.06321168,-1.22906721,0.6551953,0,0,0,0,1,6,36,0.00158798171,0.006851114,0,41,0
Kinematic-Cluster4-F,323,6.48,3,-2.68623543,-1.24318337,-10.9935427,0,0,0,0,1,7,36,0.00158798171,0.006851114,0,41,0
Kinematic-Cluster4-F,324,6.5,0,-3.08183241,-1.60708308,-2.07822323,0,0,0,0,1,7,36,0.00142207346,0.00483583659,0,41,0
Kinematic-Cluster4-F,324,6.5,1,-2.70257664,-1.61304629,-4.186235,0,0,0,0,1,9,36,0.00142207346,0.00483583659,0,41,0
Kinematic-Cluster4-F,324,6.5,2,-3.06321168,-1.22906721,0.6551953,0,0,0,0,1,6,36,0.00142207346,0.00483583659,0,41,0
Kinematic-Cluster4-F,324,6.5,3,-2.68623543,-1.24318337,-10.9935427,0,0,0,0,1,7,36,0.00142207346,0.00483583659,0,41,0
Kinematic-Cluster4-F,325,6.52,0,-3.08183241,-1.60708308,-2.07822323,0,0,0,0,1,7,36,0.000924330961,0.004572133,0,41,0
Kinematic-Cluster4-F,325,6.52,1,-2.70257664,-1.61304629,-4.186235,0,0,0,0,1,9,36,0.000924330961,0.004572133,0,41,0
Kinematic-Cluster4-F,325,6.52,2,-3.06321168,-1.22906721,0.6551953,0,0,0,0,1,6,36,0.000924330961,0.004572133,0,41,0
Kinematic-Cluster4-F,325,6.52,3,-2.68623543,-1.24318337,-10.9935427,0,0,0,0,1,7,36,0.000924330961,0.004572133,0,41,0
Kinematic-Cluster4-F,326,6.54,0,-3.08183241,-1.60708308,-2.07822323,0,0,0,0,1,7,36,0.00103770872,0.005548742,0,41,0
Kinematic-Cluster4-F,326,6.54,1,-2.70257664,-1.61304629,-4.186235,0,0,0,0,1,9,36,0.00103770872,0.005548742,0,41,0
Kinematic-Cluster4-F,326,6.54,2,-3.06321168,-1.22906721,0.6551953,0,0,0,0,1,6,36,0.00103770872,0.005548742,0,41,0
Kinematic-Cluster4-F,326,6.54,3,-2.68623543,-1.24318337,-10.9935427,0,0,0,0,1,7,36,0.00103770872,0.005548742,0,41,0
Kinematic-Cluster4-F,327,6.56,0,-3.08183241,-1.60708308,-2.07822323,0,0,0,0,1,7,36,0.00176352973,0.008373871,0,41,0
Kinematic-Cluster4-F,327,6.56,1,-2.70257664,-1.61304629,-4.186235,0,0,0,0,1,9,36,0.00176352973,0.008373871,0,41,0
Kinematic-Cluster4-F,327,6.56,2,-3.06321168,-1.22906721,0.6551953,0,0,0,0,1,6,36,0.00176352973,0.008373871,0,41,0
Kinematic-Cluster4-F,327,6.56,3,-2.68623543,-1.24318337,-10.9935427,0,0,0,0,1,7,36,0.00176352973,0.008373871,0,41,0
Kinematic-Cluster4-F,328,6.58,0,-3.08183241,-1.60708308,-2.07822323,0,0,0,0,1,7,36,0.0009390074,0.0040596514,0,41,0
Kinematic-Cluster4-F,328,6.58,1,-2.70257664,-1.61304629,-4.186235,0,0,0,0,1,9,36,0.0009390074,0.0040596514,0,41,0
Kinematic-Cluster4-F,328,6.58,2,-3.06321168,-1.22906721,0.6551953,0,0,0,0,1,6,36,0.0009390074,0.0040596514,0,41,0
Kinematic-Cluster4-F,328,6.58,3,-2.68623543,-1.24318337,-10.9935427,0,0,0,0,1,7,36,0.0009390074,0.0040596514,0,41,0
Kinematic-Cluster4-F,329,6.6,0,-3.08183241,-1.60708308,-2.07822323,0,0,0,0,1,7,36,0.00174303807,0.008535151,0,41,0
Kinematic-Cluster4-F,329,6.6,1,-2.70257664,-1.61304629,-4.186235,0,0,0,0,1,9,36,0.00174303807,0.008535151,0,41,0
Kinematic-Cluster4-F,329,6.6,2,-3.06321168,-1.22906721,0.6551953,0,0,0,0,1,6,36,0.00174303807,0.008535151,0,41,0
Kinematic-Cluster4-F,329,6.6,3,-2.68623543,-1.24318337,-10.9935427,0,0,0,0,1,7,36,0.00174303807,0.008535151,0,41,0
Kinematic-Cluster4-F,330,6.62,0,-3.08183241,-1.60708308,-2.07822323,0,0,0,0,1,7,36,0.0007738179,0.00339903519,0,41,0
Kinematic-Cluster4-F,330,6.62,1,-2.70257664,-1.61304629,-4.186235,0,0,0,0,1,9,36,0.0007738179,0.00339903519,0,41,0
Kinematic-Cluster4-F,330,6.62,2,-3.06321168,-1.22906721,0.6551953,0,0,0,0,1,6,36,0.0007738179,0.00339903519,0,41,0
Kinematic-Cluster4-F,330,6.62,3,-2.68623543,-1.24318337,-10.9935427,0,0,0,0,1,7,36,0.0007738179,0.00339903519,0,41,0
Kinematic-Cluster4-F,331,6.64,0,-3.08183241,-1.60708308,-2.07822323,0,0,0,0,1,7,36,0.0013905036,0.005490745,0,41,0
Kinematic-Cluster4-F,331,6.64,1,-2.70257664,-1.61304629,-4.186235,0,0,0,0,1,9,36,0.0013905036,0.005490745,0,41,0
Kinematic-Cluster4-F,331,6.64,2,-3.06321168,-1.22906721,0.6551953,0,0,0,0,1,6,36,0.0013905036,0.005490745,0,41,0
Kinematic-Cluster4-F,331,6.64,3,-2.68623543,-1.24318337,-10.9935427,0,0,0,0,1,7,36,0.0013905036,0.005490745,0,41,0
Kinematic-Cluster4-F,332,6.66,0,-3.08183241,-1.60708308,-2.07822323,0,0,0,0,1,7,36,0.00138830452,0.004530276,0,41,0
Kinematic-Cluster4-F,332,6.66,1,-2.70257664,-1.61304629,-4.186235,0,0,0,0,1,9,36,0.00138830452,0.004530276,0,41,0
Kinematic-Cluster4-F,332,6.66,2,-3.06321168,-1.22906721,0.6551953,0,0,0,0,1,6,36,0.00138830452,0.004530276,0,41,0
Kinematic-Cluster4-F,332,6.66,3,-2.68623543,-1.24318337,-10.9935427,0,0,0,0,1,7,36,0.00138830452,0.004530276,0,41,0
Kinematic-Cluster4-F,333,6.68,0,-3.08183241,-1.60708308,-2.07822323,0,0,0,0,1,7,36,0.00112203,0.00516403932,0,41,0
Kinematic-Cluster4-F,333,6.68,1,-2.70257664,-1.61304629,-4.186235,0,0,0,0,1,9,36,0.00112203,0.00516403932,0,41,0
Kinematic-Cluster4-F,333,6.68,2,-3.06321168,-1.22906721,0.6551953,0,0,0,0,1,6,36,0.00112203,0.00516403932,0,41,0
Kinematic-Cluster4-F,333,6.68,3,-2.68623543,-1.24318337,-10.9935427,0,0,0,0,1,7,36,0.00112203,0.00516403932,0,41,0
Kinematic-Cluster4-F,334,6.7,0,-3.08183241,-1.60708308,-2.07822323,0,0,0,0,1,7,36,0.0011887399,0.00424374454,0,41,0
Kinematic-Cluster4-F,334,6.7,1,-2.70257664,-1.61304629,-4.186235,0,0,0,0,1,9,36,0.0011887399,0.00424374454,0,41,0
Kinematic-Cluster4-F,334,6.7,2,-3.06321168,-1.22906721,0.6551953,0,0,0,0,1,6,36,0.0011887399,0.00424374454,0,41,0
Kinematic-Cluster4-F,334,6.7,3,-2.68623543,-1.24318337,-10.9935427,0,0,0,0,1,7,36,0.0011887399,0.00424374454,0,41,0
Kinematic-Cluster4-F,335,6.72,0,-3.08183241,-1.60708308,-2.07822323,0,0,0,0,1,7,36,0.00167714723,0.007937148,0,41,0
Kinematic-Cluster4-F,335,6.72,1,-2.70257664,-1.61304629,-4.186235,0,0,0,0,1,9,36,0.00167714723,0.007937148,0,41,0
Kinematic-Cluster4-F,335,6.72,2,-3.06321168,-1.22906721,0.6551953,0,0,0,0,1,6,36,0.00167714723,0.007937148,0,41,0
Kinematic-Cluster4-F,335,6.72,3,-2.68623543,-1.24318337,-10.9935427,0,0,0,0,1,7,36,0.00167714723,0.007937148,0,41,0
Kinematic-Cluster4-F,336,6.74,0,-3.08183241,-1.60708308,-2.07822323,0,0,0,0,1,7,36,0.001054808,0.00435705,0,41,0
Kinematic-Cluster4-F,336,6.74,1,-2.70257664,-1.61304629,-4.186235,0,0,0,0,1,9,36,0.001054808,0.00435705,0,41,0
Kinematic-Cluster4-F,336,6.74,2,-3.06321168,-1.22906721,0.6551953,0,0,0,0,1,6,36,0.001054808,0.00435705,0,41,0
Kinematic-Cluster4-F,336,6.74,3,-2.68623543,-1.24318337,-10.9935427,0,0,0,0,1,7,36,0.001054808,0.00435705,0,41,0
Kinematic-Cluster4-F,337,6.75999975,0,-3.08183241,-1.60708308,-2.07822323,0,0,0,0,1,7,36,0.00154222769,0.00598393334,0,41,0
Kinematic-Cluster4-F,337,6.75999975,1,-2.70257664,-1.61304629,-4.186235,0,0,0,0,1,9,36,0.00154222769,0.00598393334,0,41,0
Kinematic-Cluster4-F,337,6.75999975,2,-3.06321168,-1.22906721,0.6551953,0,0,0,0,1,6,36,0.00154222769,0.00598393334,0,41,0
Kinematic-Cluster4-F,337,6.75999975,3,-2.68623543,-1.24318337,-10.9935427,0,0,0,0,1,7,36,0.00154222769,0.00598393334,0,41,0
Kinematic-Cluster4-F,338,6.77999973,0,-3.08183241,-1.60708308,-2.07822323,0,0,0,0,1,7,36,0.00142544357,0.00452738674,0,41,0
Kinematic-Cluster4-F,338,6.77999973,1,-2.70257664,-1.61304629,-4.186235,0,0,0,0,1,9,36,0.00142544357,0.00452738674,0,41,0
Kinematic-Cluster4-F,338,6.77999973,2,-3.06321168,-1.22906721,0.6551953,0,0,0,0,1,6,36,0.00142544357,0.00452738674,0,41,0
Kinematic-Cluster4-F,338,6.77999973,3,-2.68623543,-1.24318337,-10.9935427,0,0,0,0,1,7,36,0.00142544357,0.00452738674,0,41,0
Kinematic-Cluster4-F,339,6.79999971,0,-3.08183241,-1.60708308,-2.07822323,0,0,0,0,1,7,36,0.00112813932,0.005433818,0,41,0
Kinematic-Cluster4-F,339,6.79999971,1,-2.70257664,-1.61304629,-4.186235,0,0,0,0,1,9,36,0.00112813932,0.005433818,0,41,0
Kinematic-Cluster4-F,339,6.79999971,2,-3.06321168,-1.22906721,0.6551953,0,0,0,0,1,6,36,0.00112813932,0.005433818,0,41,0
Kinematic-Cluster4-F,339,6.79999971,3,-2.68623543,-1.24318337,-10.9935427,0,0,0,0,1,7,36,0.00112813932,0.005433818,0,41,0
Kinematic-Cluster4-F,340,6.81999969,0,-3.08183241,-1.60708308,-2.07822323,0,0,0,0,1,7,36,0.00136342645,0.00567112,0,41,0
Kinematic-Cluster4-F,340,6.81999969,1,-2.70257664,-1.61304629,-4.186235,0,0,0,0,1,9,36,0.00136342645,0.00567112,0,41,0
Kinematic-Cluster4-F,340,6.81999969,2,-3.06321168,-1.22906721,0.6551953,0,0,0,0,1,6,36,0.00136342645,0.00567112,0,41,0
Kinematic-Cluster4-F,340,6.81999969,3,-2.68623543,-1.24318337,-10.9935427,0,0,0,0,1,7,36,0.00136342645,0.00567112,0,41,0
Kinematic-Cluster4-F,341,6.83999968,0,-3.08183241,-1.60708308,-2.07822323,0,0,0,0,1,7,36,0.0016025966,0.007139438,0,41,0
Kinematic-Cluster4-F,341,6.83999968,1,-2.70257664,-1.61304629,-4.186235,0,0,0,0,1,9,36,0.0016025966,0.007139438,0,41,0
Kinematic-Cluster4-F,341,6.83999968,2,-3.06321168,-1.22906721,0.6551953,0,0,0,0,1,6,36,0.0016025966,0.007139438,0,41,0
Kinematic-Cluster4-F,341,6.83999968,3,-2.68623543,-1.24318337,-10.9935427,0,0,0,0,1,7,36,0.0016025966,0.007139438,0,41,0
Kinematic-Cluster4-F,342,6.85999966,0,-3.08183241,-1.60708308,-2.07822323,0,0,0,0,1,7,36,0.0009227622,0.00431882963,0,41,0
Kinematic-Cluster4-F,342,6.85999966,1,-2.70257664,-1.61304629,-4.186235,0,0,0,0,1,9,36,0.0009227622,0.00431882963,0,41,0
Kinematic-Cluster4-F,342,6.85999966,2,-3.06321168,-1.22906721,0.6551953,0,0,0,0,1,6,36,0.0009227622,0.00431882963,0,41,0
Kinematic-Cluster4-F,342,6.85999966,3,-2.68623543,-1.24318337,-10.9935427,0,0,0,0,1,7,36,0.0009227622,0.00431882963,0,41,0
Kinematic-Cluster4-F,343,6.87999964,0,-3.08183241,-1.60708308,-2.07822323,0,0,0,0,1,7,36,0.001624161,0.00766391959,0,41,0
Kinematic-Cluster4-F,343,6.87999964,1,-2.70257664,-1.61304629,-4.186235,0,0,0,0,1,9,36,0.001624161,0.00766391959,0,41,0
Kinematic-Cluster4-F,343,6.87999964,2,-3.06321168,-1.22906721,0.6551953,0,0,0,0,1,6,36,0.001624161,0.00766391959,0,41,0
Kinematic-Cluster4-F,343,6.87999964,3,-2.68623543,-1.24318337,-10.9935427,0,0,0,0,1,7,36,0.001624161,0.00766391959,0,41,0
Kinematic-Cluster4-F,344,6.89999962,0,-3.08183241,-1.60708308,-2.07822323,0,0,0,0,1,7,36,0.00133665826,0.005224717,0,41,0
Kinematic-Cluster4-F,344,6.89999962,1,-2.70257664,-1.61304629,-4.186235,0,0,0,0,1,9,36,0.00133665826,0.005224717,0,41,0
Kinematic-Cluster4-F,344,6.89999962,2,-3.06321168,-1.22906721,0.6551953,0,0,0,0,1,6,36,0.00133665826,0.005224717,0,41,0
Kinematic-Cluster4-F,344,6.89999962,3,-2.68623543,-1.24318337,-10.9935427,0,0,0,0,1,7,36,0.00133665826,0.005224717,0,41,0
Kinematic-Cluster4-F,345,6.92,0,-3.08183241,-1.60708308,-2.07822323,0,0,0,0,1,7,36,0.00139092782,0.00695412466,0,41,0
Kinematic-Cluster4-F,345,6.92,1,-2.70257664,-1.61304629,-4.186235,0,0,0,0,1,9,36,0.00139092782,0.00695412466,0,41,0
Kinematic-Cluster4-F,345,6.92,2,-3.06321168,-1.22906721,0.6551953,0,0,0,0,1,6,36,0.00139092782,0.00695412466,0,41,0
Kinematic-Cluster4-F,345,6.92,3,-2.68623543,-1.24318337,-10.9935427,0,0,0,0,1,7,36,0.00139092782,0.00695412466,0,41,0
Kinematic-Cluster4-F,346,6.94,0,-3.08183241,-1.60708308,-2.07822323,0,0,0,0,1,7,36,0.0011818473,0.00521295145,0,41,0
Kinematic-Cluster4-F,346,6.94,1,-2.70257664,-1.61304629,-4.186235,0,0,0,0,1,9,36,0.0011818473,0.00521295145,0,41,0
Kinematic-Cluster4-F,346,6.94,2,-3.06321168,-1.22906721,0.6551953,0,0,0,0,1,6,36,0.0011818473,0.00521295145,0,41,0
Kinematic-Cluster4-F,346,6.94,3,-2.68623543,-1.24318337,-10.9935427,0,0,0,0,1,7,36,0.0011818473,0.00521295145,0,41,0
Kinematic-Cluster4-F,347,6.96,0,-3.08183241,-1.60708308,-2.07822323,0,0,0,0,1,7,36,0.00176171644,0.008552768,0,41,0
Kinematic-Cluster4-F,347,6.96,1,-2.70257664,-1.61304629,-4.186235,0,0,0,0,1,9,36,0.00176171644,0.008552768,0,41,0
Kinematic-Cluster4-F,347,6.96,2,-3.06321168,-1.22906721,0.6551953,0,0,0,0,1,6,36,0.00176171644,0.008552768,0,41,0
Kinematic-Cluster4-F,347,6.96,3,-2.68623543,-1.24318337,-10.9935427,0,0,0,0,1,7,36,0.00176171644,0.008552768,0,41,0
Kinematic-Cluster4-F,348,6.98,0,-3.08183241,-1.60708308,-2.07822323,0,0,0,0,1,7,36,0.00100775808,0.00440085353,0,41,0
Kinematic-Cluster4-F,348,6.98,1,-2.70257664,-1.61304629,-4.186235,0,0,0,0,1,9,36,0.00100775808,0.00440085353,0,41,0
Kinematic-Cluster4-F,348,6.98,2,-3.06321168,-1.22906721,0.6551953,0,0,0,0,1,6,36,0.00100775808,0.00440085353,0,41,0
Kinematic-Cluster4-F,348,6.98,3,-2.68623543,-1.24318337,-10.9935427,0,0,0,0,1,7,36,0.00100775808,0.00440085353,0,41,0
Kinematic-Cluster4-F,349,7,0,-3.08183241,-1.60708308,-2.07822323,0,0,0,0,1,7,36,0.00156449422,0.007289953,0,41,0
Kinematic-Cluster4-F,349,7,1,-2.70257664,-1.61304629,-4.186235,0,0,0,0,1,9,36,0.00156449422,0.007289953,0,41,0
Kinematic-Cluster4-F,349,7,2,-3.06321168,-1.22906721,0.6551953,0,0,0,0,1,6,36,0.00156449422,0.007289953,0,41,0
Kinematic-Cluster4-F,349,7,3,-2.68623543,-1.24318337,-10.9935427,0,0,0,0,1,7,36,0.00156449422,0.007289953,0,41,0
Kinematic-Cluster4-F,350,7.02,0,-3.08183241,-1.60708308,-2.07822323,0,0,0,0,1,7,36,0.00151497987,0.005285016,0,41,0
Kinematic-Cluster4-F,350,7.02,1,-2.70257664,-1.61304629,-4.186235,0,0,0,0,1,9,36,0.00151497987,0.005285016,0,41,0
Kinematic-Cluster4-F,350,7.02,2,-3.06321168,-1.22906721,0.6551953,0,0,0,0,1,6,36,0.00151497987,0.005285016,0,41,0
Kinematic-Cluster4-F,350,7.02,3,-2.68623543,-1.24318337,-10.9935427,0,0,0,0,1,7,36,0.00151497987,0.005285016,0,41,0
Kinematic-Cluster4-F,351,7.04,0,-3.08183241,-1.60708308,-2.07822323,0,0,0,0,1,7,36,0.0005642133,0.00357539859,0,41,0
Kinematic-Cluster4-F,351,7.04,1,-2.70257664,-1.61304629,-4.186235,0,0,0,0,1,9,36,0.0005642133,0.00357539859,0,41,0
Kinematic-Cluster4-F,351,7.04,2,-3.06321168,-1.22906721,0.6551953,0,0,0,0,1,6,36,0.0005642133,0.00357539859,0,41,0
Kinematic-Cluster4-F,351,7.04,3,-2.68623543,-1.24318337,-10.9935427,0,0,0,0,1,7,36,0.0005642133,0.00357539859,0,41,0
Kinematic-Cluster4-F,352,7.06,0,-3.08183241,-1.60708308,-2.07822323,0,0,0,0,1,7,36,0.000827520271,0.00337135443,0,41,0
Kinematic-Cluster4-F,352,7.06,1,-2.70257664,-1.61304629,-4.186235,0,0,0,0,1,9,36,0.000827520271,0.00337135443,0,41,0
Kinematic-Cluster4-F,352,7.06,2,-3.06321168,-1.22906721,0.6551953,0,0,0,0,1,6,36,0.000827520271,0.00337135443,0,41,0
Kinematic-Cluster4-F,352,7.06,3,-2.68623543,-1.24318337,-10.9935427,0,0,0,0,1,7,36,0.000827520271,0.00337135443,0,41,0
Kinematic-Cluster4-F,353,7.08,0,-3.08183241,-1.60708308,-2.07822323,0,0,0,0,1,7,36,0.0017422589,0.00905740447,0,41,0
Kinematic-Cluster4-F,353,7.08,1,-2.70257664,-1.61304629,-4.186235,0,0,0,0,1,9,36,0.0017422589,0.00905740447,0,41,0
Kinematic-Cluster4-F,353,7.08,2,-3.06321168,-1.22906721,0.6551953,0,0,0,0,1,6,36,0.0017422589,0.00905740447,0,41,0
Kinematic-Cluster4-F,353,7.08,3,-2.68623543,-1.24318337,-10.9935427,0,0,0,0,1,7,36,0.0017422589,0.00905740447,0,41,0
Kinematic-Cluster4-F,354,7.1,0,-3.08183241,-1.60708308,-2.07822323,0,0,0,0,1,7,36,0.00116867281,0.004518511,0,41,0
Kinematic-Cluster4-F,354,7.1,1,-2.70257664,-1.61304629,-4.186235,0,0,0,0,1,9,36,0.00116867281,0.004518511,0,41,0
Kinematic-Cluster4-F,354,7.1,2,-3.06321168,-1.22906721,0.6551953,0,0,0,0,1,6,36,0.00116867281,0.004518511,0,41,0
Kinematic-Cluster4-F,354,7.1,3,-2.68623543,-1.24318337,-10.9935427,0,0,0,0,1,7,36,0.00116867281,0.004518511,0,41,0
Kinematic-Cluster4-F,355,7.12,0,-3.08183241,-1.60708308,-2.07822323,0,0,0,0,1,7,36,0.00142718176,0.00682239234,0,41,0
Kinematic-Cluster4-F,355,7.12,1,-2.70257664,-1.61304629,-4.186235,0,0,0,0,1,9,36,0.00142718176,0.00682239234,0,41,0
Kinematic-Cluster4-F,355,7.12,2,-3.06321168,-1.22906721,0.6551953,0,0,0,0,1,6,36,0.00142718176,0.00682239234,0,41,0
Kinematic-Cluster4-F,355,7.12,3,-2.68623543,-1.24318337,-10.9935427,0,0,0,0,1,7,36,0.00142718176,0.00682239234,0,41,0
Kinematic-Cluster4-F,356,7.14,0,-3.08183241,-1.60708308,-2.07822323,0,0,0,0,1,7,36,0.00143944845,0.00568853365,0,41,0
Kinematic-Cluster4-F,356,7.14,1,-2.70257664,-1.61304629,-4.186235,0,0,0,0,1,9,36,0.00143944845,0.00568853365,0,41,0
Kinematic-Cluster4-F,356,7.14,2,-3.06321168,-1.22906721,0.6551953,0,0,0,0,1,6,36,0.00143944845,0.00568853365,0,41,0
Kinematic-Cluster4-F,356,7.14,3,-2.68623543,-1.24318337,-10.9935427,0,0,0,0,1,7,36,0.00143944845,0.00568853365,0,41,0
Kinematic-Cluster4-F,357,7.16,0,-3.08183241,-1.60708308,-2.07822323,0,0,0,0,1,7,36,0.000881194137,0.00478440849,0,41,0
Kinematic-Cluster4-F,357,7.16,1,-2.70257664,-1.61304629,-4.186235,0,0,0,0,1,9,36,0.000881194137,0.00478440849,0,41,0
Kinematic-Cluster4-F,357,7.16,2,-3.06321168,-1.22906721,0.6551953,0,0,0,0,1,6,36,0.000881194137,0.00478440849,0,41,0
Kinematic-Cluster4-F,357,7.16,3,-2.68623543,-1.24318337,-10.9935427,0,0,0,0,1,7,36,0.000881194137,0.00478440849,0,41,0
Kinematic-Cluster4-F,358,7.18,0,-3.08183241,-1.60708308,-2.07822323,0,0,0,0,1,7,36,0.00118346571,0.005355987,0,41,0
Kinematic-Cluster4-F,358,7.18,1,-2.70257664,-1.61304629,-4.186235,0,0,0,0,1,9,36,0.00118346571,0.005355987,0,41,0
Kinematic-Cluster4-F,358,7.18,2,-3.06321168,-1.22906721,0.6551953,0,0,0,0,1,6,36,0.00118346571,0.005355987,0,41,0
Kinematic-Cluster4-F,358,7.18,3,-2.68623543,-1.24318337,-10.9935427,0,0,0,0,1,7,36,0.00118346571,0.005355987,0,41,0
Kinematic-Cluster4-F,359,7.2,0,-3.08183241,-1.60708308,-2.07822323,0,0,0,0,1,7,36,0.00175024988,0.007769961,0,41,0
Kinematic-Cluster4-F,359,7.2,1,-2.70257664,-1.61304629,-4.186235,0,0,0,0,1,9,36,0.00175024988,0.007769961,0,41,0
Kinematic-Cluster4-F,359,7.2,2,-3.06321168,-1.22906721,0.6551953,0,0,0,0,1,6,36,0.00175024988,0.007769961,0,41,0
Kinematic-Cluster4-F,359,7.2,3,-2.68623543,-1.24318337,-10.9935427,0,0,0,0,1,7,36,0.00175024988,0.007769961,0,41,0
Kinematic-Cluster4-F,360,7.22,0,-3.08183241,-1.60708308,-2.07822323,0,0,0,0,1,7,36,0.00093203556,0.00413271273,0,41,0
Kinematic-Cluster4-F,360,7.22,1,-2.70257664,-1.61304629,-4.186235,0,0,0,0,1,9,36,0.00093203556,0.00413271273,0,41,0
Kinematic-Cluster4-F,360,7.22,2,-3.06321168,-1.22906721,0.6551953,0,0,0,0,1,6,36,0.00093203556,0.00413271273,0,41,0
Kinematic-Cluster4-F,360,7.22,3,-2.68623543,-1.24318337,-10.9935427,0,0,0,0,1,7,36,0.00093203556,0.00413271273,0,41,0
Kinematic-Cluster4-F,361,7.24,0,-3.08183241,-1.60708308,-2.07822323,0,0,0,0,1,7,36,0.00167381042,0.008456785,0,41,0
Kinematic-Cluster4-F,361,7.24,1,-2.70257664,-1.61304629,-4.186235,0,0,0,0,1,9,36,0.00167381042,0.008456785,0,41,0
Kinematic-Cluster4-F,361,7.24,2,-3.06321168,-1.22906721,0.6551953,0,0,0,0,1,6,36,0.00167381042,0.008456785,0,41,0
Kinematic-Cluster4-F,361,7.24,3,-2.68623543,-1.24318337,-10.9935427,0,0,0,0,1,7,36,0.00167381042,0.008456785,0,41,0
Kinematic-Cluster4-F,362,7.25999975,0,-3.08183241,-1.60708308,-2.07822323,0,0,0,0,1,7,36,0.00106956379,0.00453560147,0,41,0
Kinematic-Cluster4-F,362,7.25999975,1,-2.70257664,-1.61304629,-4.186235,0,0,0,0,1,9,36,0.00106956379,0.00453560147,0,41,0
Kinematic-Cluster4-F,362,7.25999975,2,-3.06321168,-1.22906721,0.6551953,0,0,0,0,1,6,36,0.00106956379,0.00453560147,0,41,0
Kinematic-Cluster4-F,362,7.25999975,3,-2.68623543,-1.24318337,-10.9935427,0,0,0,0,1,7,36,0.00106956379,0.00453560147,0,41,0
Kinematic-Cluster4-F,363,7.27999973,0,-3.08183241,-1.60708308,-2.07822323,0,0,0,0,1,7,36,0.0015952891,0.00685049454,0,41,0
Kinematic-Cluster4-F,363,7.27999973,1,-2.70257664,-1.61304629,-4.186235,0,0,0,0,1,9,36,0.0015952891,0.00685049454,0,41,0
Kinematic-Cluster4-F,363,7.27999973,2,-3.06321168,-1.22906721,0.6551953,0,0,0,0,1,6,36,0.0015952891,0.00685049454,0,41,0
Kinematic-Cluster4-F,363,7.27999973,3,-2.68623543,-1.24318337,-10.9935427,0,0,0,0,1,7,36,0.0015952891,0.00685049454,0,41,0
Kinematic-Cluster4-F,364,7.29999971,0,-3.08183241,-1.60708308,-2.07822323,0,0,0,0,1,7,36,0.00120396644,0.006188693,0,41,0
Kinematic-Cluster4-F,364,7.29999971,1,-2.70257664,-1.61304629,-4.186235,0,0,0,0,1,9,36,0.00120396644,0.006188693,0,41,0
Kinematic-Cluster4-F,364,7.29999971,2,-3.06321168,-1.22906721,0.6551953,0,0,0,0,1,6,36,0.00120396644,0.006188693,0,41,0
Kinematic-Cluster4-F,364,7.29999971,3,-2.68623543,-1.24318337,-10.9935427,0,0,0,0,1,7,36,0.00120396644,0.006188693,0,41,0
Kinematic-Cluster4-F,365,7.31999969,0,-3.08183241,-1.60708308,-2.07822323,0,0,0,0,1,7,36,0.00144285557,0.00575037859,0,41,0
Kinematic-Cluster4-F,365,7.31999969,1,-2.70257664,-1.61304629,-4.186235,0,0,0,0,1,9,36,0.00144285557,0.00575037859,0,41,0
Kinematic-Cluster4-F,365,7.31999969,2,-3.06321168,-1.22906721,0.6551953,0,0,0,0,1,6,36,0.00144285557,0.00575037859,0,41,0
Kinematic-Cluster4-F,365,7.31999969,3,-2.68623543,-1.24318337,-10.9935427,0,0,0,0,1,7,36,0.00144285557,0.00575037859,0,41,0
Kinematic-Cluster4-F,366,7.33999968,0,-3.08183241,-1.60708308,-2.07822323,0,0,0,0,1,7,36,0.00150396756,0.005863832,0,41,0
Kinematic-Cluster4-F,366,7.33999968,1,-2.70257664,-1.61304629,-4.186235,0,0,0,0,1,9,36,0.00150396756,0.005863832,0,41,0
Kinematic-Cluster4-F,366,7.33999968,2,-3.06321168,-1.22906721,0.6551953,0,0,0,0,1,6,36,0.00150396756,0.005863832,0,41,0
Kinematic-Cluster4-F,366,7.33999968,3,-2.68623543,-1.24318337,-10.9935427,0,0,0,0,1,7,36,0.00150396756,0.005863832,0,41,0
Kinematic-Cluster4-F,367,7.35999966,0,-3.08183241,-1.60708308,-2.07822323,0,0,0,0,1,7,36,0.00132318761,0.00524569256,0,41,0
Kinematic-Cluster4-F,367,7.35999966,1,-2.70257664,-1.61304629,-4.186235,0,0,0,0,1,9,36,0.00132318761,0.00524569256,0,41,0
Kinematic-Cluster4-F,367,7.35999966,2,-3.06321168,-1.22906721,0.6551953,0,0,0,0,1,6,36,0.00132318761,0.00524569256,0,41,0
Kinematic-Cluster4-F,367,7.35999966,3,-2.68623543,-1.24318337,-10.9935427,0,0,0,0,1,7,36,0.00132318761,0.00524569256,0,41,0
Kinematic-Cluster4-F,368,7.37999964,0,-3.08183241,-1.60708308,-2.07822323,0,0,0,0,1,7,36,0.001553622,0.006238134,0,41,0
Kinematic-Cluster4-F,368,7.37999964,1,-2.70257664,-1.61304629,-4.186235,0,0,0,0,1,9,36,0.001553622,0.006238134,0,41,0
Kinematic-Cluster4-F,368,7.37999964,2,-3.06321168,-1.22906721,0.6551953,0,0,0,0,1,6,36,0.001553622,0.006238134,0,41,0
Kinematic-Cluster4-F,368,7.37999964,3,-2.68623543,-1.24318337,-10.9935427,0,0,0,0,1,7,36,0.001553622,0.006238134,0,41,0
Kinematic-Cluster4-F,369,7.39999962,0,-3.08183241,-1.60708308,-2.07822323,0,0,0,0,1,7,36,0.00111014443,0.005314994,0,41,0
Kinematic-Cluster4-F,369,7.39999962,1,-2.70257664,-1.61304629,-4.186235,0,0,0,0,1,9,36,0.00111014443,0.005314994,0,41,0
Kinematic-Cluster4-F,369,7.39999962,2,-3.06321168,-1.22906721,0.6551953,0,0,0,0,1,6,36,0.00111014443,0.005314994,0,41,0
Kinematic-Cluster4-F,369,7.39999962,3,-2.68623543,-1.24318337,-10.9935427,0,0,0,0,1,7,36,0.00111014443,0.005314994,0,41,0
Kinematic-Cluster4-F,370,7.4199996,0,-3.08183241,-1.60708308,-2.07822323,0,0,0,0,1,7,36,0.00153013563,0.00564601645,0,41,0
Kinematic-Cluster4-F,370,7.4199996,1,-2.70257664,-1.61304629,-4.186235,0,0,0,0,1,9,36,0.00153013563,0.00564601645,0,41,0
Kinematic-Cluster4-F,370,7.4199996,2,-3.06321168,-1.22906721,0.6551953,0,0,0,0,1,6,36,0.00153013563,0.00564601645,0,41,0
Kinematic-Cluster4-F,370,7.4199996,3,-2.68623543,-1.24318337,-10.9935427,0,0,0,0,1,7,36,0.00153013563,0.00564601645,0,41,0
Kinematic-Cluster4-F,371,7.44,0,-3.08183241,-1.60708308,-2.07822323,0,0,0,0,1,7,36,0.00103359576,0.005345242,0,41,0
Kinematic-Cluster4-F,371,7.44,1,-2.70257664,-1.61304629,-4.186235,0,0,0,0,1,9,36,0.00103359576,0.005345242,0,41,0
Kinematic-Cluster4-F,371,7.44,2,-3.06321168,-1.22906721,0.6551953,0,0,0,0,1,6,36,0.00103359576,0.005345242,0,41,0
Kinematic-Cluster4-F,371,7.44,3,-2.68623543,-1.24318337,-10.9935427,0,0,0,0,1,7,36,0.00103359576,0.005345242,0,41,0
Kinematic-Cluster4-F,372,7.46,0,-3.08183241,-1.60708308,-2.07822323,0,0,0,0,1,7,36,0.00143318414,0.00617302954,0,41,0
Kinematic-Cluster4-F,372,7.46,1,-2.70257664,-1.61304629,-4.186235,0,0,0,0,1,9,36,0.00143318414,0.00617302954,0,41,0
Kinematic-Cluster4-F,372,7.46,2,-3.06321168,-1.22906721,0.6551953,0,0,0,0,1,6,36,0.00143318414,0.00617302954,0,41,0
Kinematic-Cluster4-F,372,7.46,3,-2.68623543,-1.24318337,-10.9935427,0,0,0,0,1,7,36,0.00143318414,0.00617302954,0,41,0
Kinematic-Cluster4-F,373,7.48,0,-3.08183241,-1.60708308,-2.07822323,0,0,0,0,1,7,36,0.0008050134,0.00340292,0,41,0
Kinematic-Cluster4-F,373,7.48,1,-2.70257664,-1.61304629,-4.186235,0,0,0,0,1,9,36,0.0008050134,0.00340292,0,41,0
Kinematic-Cluster4-F,373,7.48,2,-3.06321168,-1.22906721,0.6551953,0,0,0,0,1,6,36,0.0008050134,0.00340292,0,41,0
Kinematic-Cluster4-F,373,7.48,3,-2.68623543,-1.24318337,-10.9935427,0,0,0,0,1,7,36,0.0008050134,0.00340292,0,41,0
Kinematic-Cluster4-F,374,7.5,0,-3.08183241,-1.60708308,-2.07822323,0,0,0,0,1,7,36,0.00164121622,0.007185205,0,41,0
Kinematic-Cluster4-F,374,7.5,1,-2.70257664,-1.61304629,-4.186235,0,0,0,0,1,9,36,0.00164121622,0.007185205,0,41,0
Kinematic-Cluster4-F,374,7.5,2,-3.06321168,-1.22906721,0.6551953,0,0,0,0,1,6,36,0.00164121622,0.007185205,0,41,0
Kinematic-Cluster4-F,374,7.5,3,-2.68623543,-1.24318337,-10.9935427,0,0,0,0,1,7,36,0.00164121622,0.007185205,0,41,0
Kinematic-Cluster4-F,375,7.52,0,-3.08183241,-1.60708308,-2.07822323,0,0,0,0,1,7,36,0.00169342454,0.007002093,0,41,0
Kinematic-Cluster4-F,375,7.52,1,-2.70257664,-1.61304629,-4.186235,0,0,0,0,1,9,36,0.00169342454,0.007002093,0,41,0
Kinematic-Cluster4-F,375,7.52,2,-3.06321168,-1.22906721,0.6551953,0,0,0,0,1,6,36,0.00169342454,0.007002093,0,41,0
Kinematic-Cluster4-F,375,7.52,3,-2.68623543,-1.24318337,-10.9935427,0,0,0,0,1,7,36,0.00169342454,0.007002093,0,41,0
Kinematic-Cluster4-F,376,7.54,0,-3.08183241,-1.60708308,-2.07822323,0,0,0,0,1,7,36,0.000789974,0.00341766,0,41,0
Kinematic-Cluster4-F,376,7.54,1,-2.70257664,-1.61304629,-4.186235,0,0,0,0,1,9,36,0.000789974,0.00341766,0,41,0
Kinematic-Cluster4-F,376,7.54,2,-3.06321168,-1.22906721,0.6551953,0,0,0,0,1,6,36,0.000789974,0.00341766,0,41,0
Kinematic-Cluster4-F,376,7.54,3,-2.68623543,-1.24318337,-10.9935427,0,0,0,0,1,7,36,0.000789974,0.00341766,0,41,0
Kinematic-Cluster4-F,377,7.56,0,-3.08183241,-1.60708308,-2.07822323,0,0,0,0,1,7,36,0.000967848755,0.00428024726,0,41,0
Kinematic-Cluster4-F,377,7.56,1,-2.70257664,-1.61304629,-4.186235,0,0,0,0,1,9,36,0.000967848755,0.00428024726,0,41,0
Kinematic-Cluster4-F,377,7.56,2,-3.06321168,-1.22906721,0.6551953,0,0,0,0,1,6,36,0.000967848755,0.00428024726,0,41,0
Kinematic-Cluster4-F,377,7.56,3,-2.68623543,-1.24318337,-10.9935427,0,0,0,0,1,7,36,0.000967848755,0.00428024726,0,41,0
Kinematic-Cluster4-F,378,7.58,0,-3.08183241,-1.60708308,-2.07822323,0,0,0,0,1,7,36,0.001693103,0.007391783,0,41,0
Kinematic-Cluster4-F,378,7.58,1,-2.70257664,-1.61304629,-4.186235,0,0,0,0,1,9,36,0.001693103,0.007391783,0,41,0
Kinematic-Cluster4-F,378,7.58,2,-3.06321168,-1.22906721,0.6551953,0,0,0,0,1,6,36,0.001693103,0.007391783,0,41,0
Kinematic-Cluster4-F,378,7.58,3,-2.68623543,-1.24318337,-10.9935427,0,0,0,0,1,7,36,0.001693103,0.007391783,0,41,0
Kinematic-Cluster4-F,379,7.6,0,-3.08183241,-1.60708308,-2.07822323,0,0,0,0,1,7,36,0.000843919464,0.004511633,0,41,0
Kinematic-Cluster4-F,379,7.6,1,-2.70257664,-1.61304629,-4.186235,0,0,0,0,1,9,36,0.000843919464,0.004511633,0,41,0
Kinematic-Cluster4-F,379,7.6,2,-3.06321168,-1.22906721,0.6551953,0,0,0,0,1,6,36,0.000843919464,0.004511633,0,41,0
Kinematic-Cluster4-F,379,7.6,3,-2.68623543,-1.24318337,-10.9935427,0,0,0,0,1,7,36,0.000843919464,0.004511633,0,41,0
Kinematic-Cluster4-F,380,7.62,0,-3.08183241,-1.60708308,-2.07822323,0,0,0,0,1,7,36,0.00124686351,0.006999204,0,41,0
Kinematic-Cluster4-F,380,7.62,1,-2.70257664,-1.61304629,-4.186235,0,0,0,0,1,9,36,0.00124686351,0.006999204,0,41,0
Kinematic-Cluster4-F,380,7.62,2,-3.06321168,-1.22906721,0.6551953,0,0,0,0,1,6,36,0.00124686351,0.006999204,0,41,0
Kinematic-Cluster4-F,380,7.62,3,-2.68623543,-1.24318337,-10.9935427,0,0,0,0,1,7,36,0.00124686351,0.006999204,0,41,0
Kinematic-Cluster4-F,381,7.64,0,-3.08183241,-1.60708308,-2.07822323,0,0,0,0,1,7,36,0.00163452548,0.00777141238,0,41,0
Kinematic-Cluster4-F,381,7.64,1,-2.70257664,-1.61304629,-4.186235,0,0,0,0,1,9,36,0.00163452548,0.00777141238,0,41,0
Kinematic-Cluster4-F,381,7.64,2,-3.06321168,-1.22906721,0.6551953,0,0,0,0,1,6,36,0.00163452548,0.00777141238,0,41,0
Kinematic-Cluster4-F,381,7.64,3,-2.68623543,-1.24318337,-10.9935427,0,0,0,0,1,7,36,0.00163452548,0.00777141238,0,41,0
Kinematic-Cluster4-F,382,7.66,0,-3.08183241,-1.60708308,-2.07822323,0,0,0,0,1,7,36,0.00107056531,0.004689256,0,41,0
Kinematic-Cluster4-F,382,7.66,1,-2.70257664,-1.61304629,-4.186235,0,0,0,0,1,9,36,0.00107056531,0.004689256,0,41,0
Kinematic-Cluster4-F,382,7.66,2,-3.06321168,-1.22906721,0.6551953,0,0,0,0,1,6,36,0.00107056531,0.004689256,0,41,0
Kinematic-Cluster4-F,382,7.66,3,-2.68623543,-1.24318337,-10.9935427,0,0,0,0,1,7,36,0.00107056531,0.004689256,0,41,0
Kinematic-Cluster4-F,383,7.68,0,-3.08183241,-1.60708308,-2.07822323,0,0,0,0,1,7,36,0.00164137618,0.008059445,0,41,0
Kinematic-Cluster4-F,383,7.68,1,-2.70257664,-1.61304629,-4.186235,0,0,0,0,1,9,36,0.00164137618,0.008059445,0,41,0
Kinematic-Cluster4-F,383,7.68,2,-3.06321168,-1.22906721,0.6551953,0,0,0,0,1,6,36,0.00164137618,0.008059445,0,41,0
Kinematic-Cluster4-F,383,7.68,3,-2.68623543,-1.24318337,-10.9935427,0,0,0,0,1,7,36,0.00164137618,0.008059445,0,41,0
Kinematic-Cluster4-F,384,7.7,0,-3.08183241,-1.60708308,-2.07822323,0,0,0,0,1,7,36,0.00103618356,0.004643872,0,41,0
Kinematic-Cluster4-F,384,7.7,1,-2.70257664,-1.61304629,-4.186235,0,0,0,0,1,9,36,0.00103618356,0.004643872,0,41,0
Kinematic-Cluster4-F,384,7.7,2,-3.06321168,-1.22906721,0.6551953,0,0,0,0,1,6,36,0.00103618356,0.004643872,0,41,0
Kinematic-Cluster4-F,384,7.7,3,-2.68623543,-1.24318337,-10.9935427,0,0,0,0,1,7,36,0.00103618356,0.004643872,0,41,0
Kinematic-Cluster4-F,385,7.72,0,-3.08183241,-1.60708308,-2.07822323,0,0,0,0,1,7,36,0.00147564267,0.007072652,0,41,0
Kinematic-Cluster4-F,385,7.72,1,-2.70257664,-1.61304629,-4.186235,0,0,0,0,1,9,36,0.00147564267,0.007072652,0,41,0
Kinematic-Cluster4-F,385,7.72,2,-3.06321168,-1.22906721,0.6551953,0,0,0,0,1,6,36,0.00147564267,0.007072652,0,41,0
Kinematic-Cluster4-F,385,7.72,3,-2.68623543,-1.24318337,-10.9935427,0,0,0,0,1,7,36,0.00147564267,0.007072652,0,41,0
Kinematic-Cluster4-F,386,7.74,0,-3.08183241,-1.60708308,-2.07822323,0,0,0,0,1,7,36,0.00139847561,0.00572756631,0,41,0
Kinematic-Cluster4-F,386,7.74,1,-2.70257664,-1.61304629,-4.186235,0,0,0,0,1,9,36,0.00139847561,0.00572756631,0,41,0
Kinematic-Cluster4-F,386,7.74,2,-3.06321168,-1.22906721,0.6551953,0,0,0,0,1,6,36,0.00139847561,0.00572756631,0,41,0
Kinematic-Cluster4-F,386,7.74,3,-2.68623543,-1.24318337,-10.9935427,0,0,0,0,1,7,36,0.00139847561,0.00572756631,0,41,0
Kinematic-Cluster4-F,387,7.75999975,0,-3.08183241,-1.60708308,-2.07822323,0,0,0,0,1,7,36,0.00126002263,0.00564839644,0,41,0
Kinematic-Cluster4-F,387,7.75999975,1,-2.70257664,-1.61304629,-4.186235,0,0,0,0,1,9,36,0.00126002263,0.00564839644,0,41,0
Kinematic-Cluster4-F,387,7.75999975,2,-3.06321168,-1.22906721,0.6551953,0,0,0,0,1,6,36,0.00126002263,0.00564839644,0,41,0
Kinematic-Cluster4-F,387,7.75999975,3,-2.68623543,-1.24318337,-10.9935427,0,0,0,0,1,7,36,0.00126002263,0.00564839644,0,41,0
Kinematic-Cluster4-F,388,7.77999973,0,-3.08183241,-1.60708308,-2.07822323,0,0,0,0,1,7,36,0.001433798,0.007786291,0,41,0
Kinematic-Cluster4-F,388,7.77999973,1,-2.70257664,-1.61304629,-4.186235,0,0,0,0,1,9,36,0.001433798,0.007786291,0,41,0
Kinematic-Cluster4-F,388,7.77999973,2,-3.06321168,-1.22906721,0.6551953,0,0,0,0,1,6,36,0.001433798,0.007786291,0,41,0
Kinematic-Cluster4-F,388,7.77999973,3,-2.68623543,-1.24318337,-10.9935427,0,0,0,0,1,7,36,0.001433798,0.007786291,0,41,0
Kinematic-Cluster4-F,389,7.79999971,0,-3.08183241,-1.60708308,-2.07822323,0,0,0,0,1,7,36,0.000684068131,0.0025063362,0,41,0
Kinematic-Cluster4-F,389,7.79999971,1,-2.70257664,-1.61304629,-4.186235,0,0,0,0,1,9,36,0.000684068131,0.0025063362,0,41,0
Kinematic-Cluster4-F,389,7.79999971,2,-3.06321168,-1.22906721,0.6551953,0,0,0,0,1,6,36,0.000684068131,0.0025063362,0,41,0
Kinematic-Cluster4-F,389,7.79999971,3,-2.68623543,-1.24318337,-10.9935427,0,0,0,0,1,7,36,0.000684068131,0.0025063362,0,41,0
Kinematic-Cluster4-F,390,7.81999969,0,-3.08183241,-1.60708308,-2.07822323,0,0,0,0,1,7,36,0.000928102643,0.00423427625,0,41,0
Kinematic-Cluster4-F,390,7.81999969,1,-2.70257664,-1.61304629,-4.186235,0,0,0,0,1,9,36,0.000928102643,0.00423427625,0,41,0
Kinematic-Cluster4-F,390,7.81999969,2,-3.06321168,-1.22906721,0.6551953,0,0,0,0,1,6,36,0.000928102643,0.00423427625,0,41,0
Kinematic-Cluster4-F,390,7.81999969,3,-2.68623543,-1.24318337,-10.9935427,0,0,0,0,1,7,36,0.000928102643,0.00423427625,0,41,0
Kinematic-Cluster4-F,391,7.83999968,0,-3.08183241,-1.60708308,-2.07822323,0,0,0,0,1,7,36,0.0011536309,0.005779592,0,41,0
Kinematic-Cluster4-F,391,7.83999968,1,-2.70257664,-1.61304629,-4.186235,0,0,0,0,1,9,36,0.0011536309,0.005779592,0,41,0
Kinematic-Cluster4-F,391,7.83999968,2,-3.06321168,-1.22906721,0.6551953,0,0,0,0,1,6,36,0.0011536309,0.005779592,0,41,0
Kinematic-Cluster4-F,391,7.83999968,3,-2.68623543,-1.24318337,-10.9935427,0,0,0,0,1,7,36,0.0011536309,0.005779592,0,41,0
Kinematic-Cluster4-F,392,7.85999966,0,-3.08183241,-1.60708308,-2.07822323,0,0,0,0,1,7,36,0.00170883,0.008401402,0,41,0
Kinematic-Cluster4-F,392,7.85999966,1,-2.70257664,-1.61304629,-4.186235,0,0,0,0,1,9,36,0.00170883,0.008401402,0,41,0
Kinematic-Cluster4-F,392,7.85999966,2,-3.06321168,-1.22906721,0.6551953,0,0,0,0,1,6,36,0.00170883,0.008401402,0,41,0
Kinematic-Cluster4-F,392,7.85999966,3,-2.68623543,-1.24318337,-10.9935427,0,0,0,0,1,7,36,0.00170883,0.008401402,0,41,0
Kinematic-Cluster4-F,393,7.87999964,0,-3.08183241,-1.60708308,-2.07822323,0,0,0,0,1,7,36,0.00105883554,0.00481265364,0,41,0
Kinematic-Cluster4-F,393,7.87999964,1,-2.70257664,-1.61304629,-4.186235,0,0,0,0,1,9,36,0.00105883554,0.00481265364,0,41,0
Kinematic-Cluster4-F,393,7.87999964,2,-3.06321168,-1.22906721,0.6551953,0,0,0,0,1,6,36,0.00105883554,0.00481265364,0,41,0
Kinematic-Cluster4-F,393,7.87999964,3,-2.68623543,-1.24318337,-10.9935427,0,0,0,0,1,7,36,0.00105883554,0.00481265364,0,41,0
Kinematic-Cluster4-F,394,7.89999962,0,-3.08183241,-1.60708308,-2.07822323,0,0,0,0,1,7,36,0.00157698058,0.007644143,0,41,0
Kinematic-Cluster4-F,394,7.89999962,1,-2.70257664,-1.61304629,-4.186235,0,0,0,0,1,9,36,0.00157698058,0.007644143,0,41,0
Kinematic-Cluster4-F,394,7.89999962,2,-3.06321168,-1.22906721,0.6551953,0,0,0,0,1,6,36,0.00157698058,0.007644143,0,41,0
Kinematic-Cluster4-F,394,7.89999962,3,-2.68623543,-1.24318337,-10.9935427,0,0,0,0,1,7,36,0.00157698058,0.007644143,0,41,0
Kinematic-Cluster4-F,395,7.9199996,0,-3.08183241,-1.60708308,-2.07822323,0,0,0,0,1,7,36,0.0014146216,0.00503646955,0,41,0
Kinematic-Cluster4-F,395,7.9199996,1,-2.70257664,-1.61304629,-4.186235,0,0,0,0,1,9,36,0.0014146216,0.00503646955,0,41,0
Kinematic-Cluster4-F,395,7.9199996,2,-3.06321168,-1.22906721,0.6551953,0,0,0,0,1,6,36,0.0014146216,0.00503646955,0,41,0
Kinematic-Cluster4-F,395,7.9199996,3,-2.68623543,-1.24318337,-10.9935427,0,0,0,0,1,7,36,0.0014146216,0.00503646955,0,41,0
Kinematic-Cluster4-F,396,7.94,0,-3.08183241,-1.60708308,-2.07822323,0,0,0,0,1,7,36,0.0008555469,0.004720467,0,41,0
Kinematic-Cluster4-F,396,7.94,1,-2.70257664,-1.61304629,-4.186235,0,0,0,0,1,9,36,0.0008555469,0.004720467,0,41,0
Kinematic-Cluster4-F,396,7.94,2,-3.06321168,-1.22906721,0.6551953,0,0,0,0,1,6,36,0.0008555469,0.004720467,0,41,0
Kinematic-Cluster4-F,396,7.94,3,-2.68623543,-1.24318337,-10.9935427,0,0,0,0,1,7,36,0.0008555469,0.004720467,0,41,0
Kinematic-Cluster4-F,397,7.96,0,-3.08183241,-1.60708308,-2.07822323,0,0,0,0,1,7,36,0.00147818355,0.00542065641,0,41,0
Kinematic-Cluster4-F,397,7.96,1,-2.70257664,-1.61304629,-4.186235,0,0,0,0,1,9,36,0.00147818355,0.00542065641,0,41,0
Kinematic-Cluster4-F,397,7.96,2,-3.06321168,-1.22906721,0.6551953,0,0,0,0,1,6,36,0.00147818355,0.00542065641,0,41,0
Kinematic-Cluster4-F,397,7.96,3,-2.68623543,-1.24318337,-10.9935427,0,0,0,0,1,7,36,0.00147818355,0.00542065641,0,41,0
Kinematic-Cluster4-F,398,7.98,0,-3.08183241,-1.60708308,-2.07822323,0,0,0,0,1,7,36,0.0011798332,0.00497583253,0,41,0
Kinematic-Cluster4-F,398,7.98,1,-2.70257664,-1.61304629,-4.186235,0,0,0,0,1,9,36,0.0011798332,0.00497583253,0,41,0
Kinematic-Cluster4-F,398,7.98,2,-3.06321168,-1.22906721,0.6551953,0,0,0,0,1,6,36,0.0011798332,0.00497583253,0,41,0
Kinematic-Cluster4-F,398,7.98,3,-2.68623543,-1.24318337,-10.9935427,0,0,0,0,1,7,36,0.0011798332,0.00497583253,0,41,0
Kinematic-Cluster4-F,399,8,0,-3.08183241,-1.60708308,-2.07822323,0,0,0,0,1,7,36,0.00138610345,0.00570718665,0,41,0
Kinematic-Cluster4-F,399,8,1,-2.70257664,-1.61304629,-4.186235,0,0,0,0,1,9,36,0.00138610345,0.00570718665,0,41,0
Kinematic-Cluster4-F,399,8,2,-3.06321168,-1.22906721,0.6551953,0,0,0,0,1,6,36,0.00138610345,0.00570718665,0,41,0
Kinematic-Cluster4-F,399,8,3,-2.68623543,-1.24318337,-10.9935427,0,0,0,0,1,7,36,0.00138610345,0.00570718665,0,41,0
Kinematic-FixedSingle-F,300,6.02,0,-2.903136,-1.51730585,0,0,0,0,0,1,0,29,0.001282841,0.00540357549,0,40.5,0
Kinematic-FixedSingle-F,301,6.04,0,-2.903136,-1.51730585,0,0,0,0,0,1,0,29,0.00121683907,0.00516354246,0,40.5,0
Kinematic-FixedSingle-F,302,6.06,0,-2.903136,-1.51730585,0,0,0,0,0,1,0,29,0.00114318926,0.00487506855,0,40.5,0
Kinematic-FixedSingle-F,303,6.08,0,-2.903136,-1.51730585,0,0,0,0,0,1,0,29,0.00106998486,0.004540893,0,40.5,0
Kinematic-FixedSingle-F,304,6.1,0,-2.903136,-1.51730585,0,0,0,0,0,1,0,29,0.0009950664,0.00420484645,0,40.5,0
Kinematic-FixedSingle-F,305,6.12,0,-2.903136,-1.51730585,0,0,0,0,0,1,0,29,0.0009293909,0.0038849446,0,40.5,0
Kinematic-FixedSingle-F,306,6.14,0,-2.903136,-1.51730585,0,0,0,0,0,1,0,29,0.000869675539,0.00360218761,0,40.5,0
Kinematic-FixedSingle-F,307,6.16,0,-2.903136,-1.51730585,0,0,0,0,0,1,0,29,0.0008030614,0.00339385518,0,40.5,0
Kinematic-FixedSingle-F,308,6.18,0,-2.903136,-1.51730585,0,0,0,0,0,1,0,29,0.000751877145,0.0033553238,0,40.5,0
Kinematic-FixedSingle-F,309,6.2,0,-2.903136,-1.51730585,0,0,0,0,0,1,0,29,0.0007045062,0.00312501867,0,40.5,0
Kinematic-FixedSingle-F,310,6.22,0,-2.903136,-1.51730585,0,0,0,0,0,1,0,29,0.0006560165,0.002803662,0,40.5,0
Kinematic-FixedSingle-F,311,6.24,0,-2.903136,-1.51730585,0,0,0,0,0,1,0,29,0.0006125993,0.002554071,0,40.5,0
Kinematic-FixedSingle-F,312,6.25999975,0,-2.903136,-1.51730585,0,0,0,0,0,1,0,29,0.000559809036,0.002316231,0,40.5,0
Kinematic-FixedSingle-F,313,6.27999973,0,-2.903136,-1.51730585,0,0,0,0,0,1,0,29,0.000552816666,0.002154282,0,40.5,0
Kinematic-FixedSingle-F,314,6.29999971,0,-2.903136,-1.51730585,0,0,0,0,0,1,0,29,0.0004892036,0.00191644207,0,40.5,0
Kinematic-FixedSingle-F,315,6.31999969,0,-2.903136,-1.51730585,0,0,0,0,0,1,0,29,0.000474791217,0.00170876726,0,40.5,0
Kinematic-FixedSingle-F,316,6.33999968,0,-2.903136,-1.51730585,0,0,0,0,0,1,0,29,0.000420977653,0.00159055647,0,40.5,0
Kinematic-FixedSingle-F,317,6.35999966,0,-2.903136,-1.51730585,0,0,0,0,0,1,0,29,0.0004163059,0.00135908078,0,40.5,0
Kinematic-FixedSingle-F,318,6.37999964,0,-2.903136,-1.51730585,0,0,0,0,0,1,0,29,0.000363940344,0.00126779627,0,40.5,0
Kinematic-FixedSingle-F,319,6.39999962,0,-2.903136,-1.51730585,0,0,0,0,0,1,0,29,0.000355709053,0.00116783555,0,40.5,0
Kinematic-FixedSingle-F,320,6.42,0,-2.903136,-1.51730585,0,0,0,0,0,1,0,29,0.000337385834,0.00103929825,0,40.5,0
Kinematic-FixedSingle-F,321,6.44,0,-2.903136,-1.51730585,0,0,0,0,0,1,0,29,0.000331022369,0.0009573244,0,40.5,0
Kinematic-FixedSingle-F,322,6.46,0,-2.903136,-1.51730585,0,0,0,0,0,1,0,29,0.0003162724,0.000853643753,0,40.5,0
Kinematic-FixedSingle-F,323,6.48,0,-2.903136,-1.51730585,0,0,0,0,0,1,0,29,0.0003008924,0.000782245,0,40.5,0
Kinematic-FixedSingle-F,324,6.5,0,-2.903136,-1.51730585,0,0,0,0,0,1,0,29,0.000286914554,0.0007449283,0,40.5,0
Kinematic-FixedSingle-F,325,6.52,0,-2.903136,-1.51730585,0,0,0,0,0,1,0,29,0.000273175974,0.0007503595,0,40.5,0
Kinematic-FixedSingle-F,326,6.54,0,-2.903136,-1.51730585,0,0,0,0,0,1,0,29,0.000268847856,0.0007282362,0,40.5,0
Kinematic-FixedSingle-F,327,6.56,0,-2.903136,-1.51730585,0,0,0,0,0,1,0,29,0.000268679869,0.0007193085,0,40.5,0
Kinematic-FixedSingle-F,328,6.58,0,-2.903136,-1.51730585,0,0,0,0,0,1,0,29,0.000259209162,0.0006945758,0,40.5,0
Kinematic-FixedSingle-F,329,6.6,0,-2.903136,-1.51730585,0,0,0,0,0,1,0,29,0.00025470354,0.0006853276,0,40.5,0
Kinematic-FixedSingle-F,330,6.62,0,-2.903136,-1.51730585,0,0,0,0,0,1,0,29,0.000251101825,0.0007072477,0,40.5,0
Kinematic-FixedSingle-F,331,6.64,0,-2.903136,-1.51730585,0,0,0,0,0,1,0,29,0.000255704828,0.000697018753,0,40.5,0
Kinematic-FixedSingle-F,332,6.66,0,-2.903136,-1.51730585,0,0,0,0,0,1,0,29,0.000253580947,0.000707190135,0,40.5,0
Kinematic-FixedSingle-F,333,6.68,0,-2.903136,-1.51730585,0,0,0,0,0,1,0,29,0.000252867467,0.000707404,0,40.5,0
Kinematic-FixedSingle-F,334,6.7,0,-2.903136,-1.51730585,0,0,0,0,0,1,0,29,0.000248836121,0.000706789957,0,40.5,0
Kinematic-FixedSingle-F,335,6.72,0,-2.903136,-1.51730585,0,0,0,0,0,1,0,29,0.000242624155,0.000695911644,0,40.5,0
Kinematic-FixedSingle-F,336,6.74,0,-2.903136,-1.51730585,0,0,0,0,0,1,0,29,0.00023239947,0.000694937247,0,40.5,0
Kinematic-FixedSingle-F,337,6.75999975,0,-2.903136,-1.51730585,0,0,0,0,0,1,0,29,0.000227313751,0.0006820969,0,40.5,0
Kinematic-FixedSingle-F,338,6.77999973,0,-2.903136,-1.51730585,0,0,0,0,0,1,0,29,0.000231643222,0.000695373456,0,40.5,0
Kinematic-FixedSingle-F,339,6.79999971,0,-2.903136,-1.51730585,0,0,0,0,0,1,0,29,0.000227570636,0.0006807825,0,40.5,0
Kinematic-FixedSingle-F,340,6.81999969,0,-2.903136,-1.51730585,0,0,0,0,0,1,0,29,0.000224699121,0.0006822729,0,40.5,0
Kinematic-FixedSingle-F,341,6.83999968,0,-2.903136,-1.51730585,0,0,0,0,0,1,0,29,0.000226467644,0.000674529,0,40.5,0
Kinematic-FixedSingle-F,342,6.85999966,0,-2.903136,-1.51730585,0,0,0,0,0,1,0,29,0.000221780923,0.0006803902,0,40.5,0
Kinematic-FixedSingle-F,343,6.87999964,0,-2.903136,-1.51730585,0,0,0,0,0,1,0,29,0.000217819135,0.0006779892,0,40.5,0
Kinematic-FixedSingle-F,344,6.89999962,0,-2.903136,-1.51730585,0,0,0,0,0,1,0,29,0.0002118133,0.00067821116,0,40.5,0
Kinematic-FixedSingle-F,345,6.92,0,-2.903136,-1.51730585,0,0,0,0,0,1,0,29,0.000208685407,0.0006596493,0,40.5,0
Kinematic-FixedSingle-F,346,6.94,0,-2.903136,-1.51730585,0,0,0,0,0,1,0,29,0.000205303775,0.000695596333,0,40.5,0
Kinematic-FixedSingle-F,347,6.96,0,-2.903136,-1.51730585,0,0,0,0,0,1,0,29,0.000198615264,0.0006687392,0,40.5,0
Kinematic-FixedSingle-F,348,6.98,0,-2.903136,-1.51730585,0,0,0,0,0,1,0,29,0.000193131229,0.0007033754,0,40.5,0
Kinematic-FixedSingle-F,349,7,0,-2.903136,-1.51730585,0,0,0,0,0,1,0,29,0.000191583065,0.0006800515,0,40.5,0
Kinematic-FixedSingle-F,350,7.02,0,-2.903136,-1.51730585,0,0,0,0,0,1,0,29,0.000190051069,0.000664944062,0,40.5,0
Kinematic-FixedSingle-F,351,7.04,0,-2.903136,-1.51730585,0,0,0,0,0,1,0,29,0.0001838947,0.000690939836,0,40.5,0
Kinematic-FixedSingle-F,352,7.06,0,-2.903136,-1.51730585,0,0,0,0,0,1,0,29,0.00017872121,0.0006767915,0,40.5,0
Kinematic-FixedSingle-F,353,7.08,0,-2.903136,-1.51730585,0,0,0,0,0,1,0,29,0.000178955612,0.000691039662,0,40.5,0
Kinematic-FixedSingle-F,354,7.1,0,-2.903136,-1.51730585,0,0,0,0,0,1,0,29,0.0001797349,0.0006633539,0,40.5,0
Kinematic-FixedSingle-F,355,7.12,0,-2.903136,-1.51730585,0,0,0,0,0,1,0,29,0.0001759939,0.0006626228,0,40.5,0
Kinematic-FixedSingle-F,356,7.14,0,-2.903136,-1.51730585,0,0,0,0,0,1,0,29,0.000171853448,0.0006823538,0,40.5,0
Kinematic-FixedSingle-F,357,7.16,0,-2.903136,-1.51730585,0,0,0,0,0,1,0,29,0.000167296224,0.00067960145,0,40.5,0
Kinematic-FixedSingle-F,358,7.18,0,-2.903136,-1.51730585,0,0,0,0,0,1,0,29,0.000158407318,0.0006548955,0,40.5,0
Kinematic-FixedSingle-F,359,7.2,0,-2.903136,-1.51730585,0,0,0,0,0,1,0,29,0.000159491014,0.0006696268,0,40.5,0
Kinematic-FixedSingle-F,360,7.22,0,-2.903136,-1.51730585,0,0,0,0,0,1,0,29,0.000161933276,0.0006786232,0,40.5,0
Kinematic-FixedSingle-F,361,7.24,0,-2.903136,-1.51730585,0,0,0,0,0,1,0,29,0.0001645057,0.000667943037,0,40.5,0
Kinematic-FixedSingle-F,362,7.25999975,0,-2.903136,-1.51730585,0,0,0,0,0,1,0,29,0.000162278971,0.000677417731,0,40.5,0
Kinematic-FixedSingle-F,363,7.27999973,0,-2.903136,-1.51730585,0,0,0,0,0,1,0,29,0.000156636335,0.0006880842,0,40.5,0
Kinematic-FixedSingle-F,364,7.29999971,0,-2.903136,-1.51730585,0,0,0,0,0,1,0,29,0.000159857344,0.00069899403,0,40.5,0
Kinematic-FixedSingle-F,365,7.31999969,0,-2.903136,-1.51730585,0,0,0,0,0,1,0,29,0.000141649914,0.0006870711,0,40.5,0
Kinematic-FixedSingle-F,366,7.33999968,0,-2.903136,-1.51730585,0,0,0,0,0,1,0,29,0.000155297414,0.0006939129,0,40.5,0
Kinematic-FixedSingle-F,367,7.35999966,0,-2.903136,-1.51730585,0,0,0,0,0,1,0,29,0.000135948329,0.0006479915,0,40.5,0
Kinematic-FixedSingle-F,368,7.37999964,0,-2.903136,-1.51730585,0,0,0,0,0,1,0,29,0.0001551417,0.000702660938,0,40.5,0
Kinematic-FixedSingle-F,369,7.39999962,0,-2.903136,-1.51730585,0,0,0,0,0,1,0,29,0.000134414731,0.00065770006,0,40.5,0
Kinematic-FixedSingle-F,370,7.4199996,0,-2.903136,-1.51730585,0,0,0,0,0,1,0,29,0.000147214159,0.0007128484,0,40.5,0
Kinematic-FixedSingle-F,371,7.44,0,-2.903136,-1.51730585,0,0,0,0,0,1,0,29,0.000131261608,0.0006688463,0,40.5,0
Kinematic-FixedSingle-F,372,7.46,0,-2.903136,-1.51730585,0,0,0,0,0,1,0,29,0.000121413672,0.00066692906,0,40.5,0
Kinematic-FixedSingle-F,373,7.48,0,-2.903136,-1.51730585,0,0,0,0,0,1,0,29,0.000136939314,0.00068671297,0,40.5,0
Kinematic-FixedSingle-F,374,7.5,0,-2.903136,-1.51730585,0,0,0,0,0,1,0,29,0.000123791164,0.000654818,0,40.5,0
Kinematic-FixedSingle-F,375,7.52,0,-2.903136,-1.51730585,0,0,0,0,0,1,0,29,0.000130687738,0.000675558462,0,40.5,0
Kinematic-FixedSingle-F,376,7.54,0,-2.903136,-1.51730585,0,0,0,0,0,1,0,29,0.000126167462,0.000651409966,0,40.5,0
Kinematic-FixedSingle-F,377,7.56,0,-2.903136,-1.51730585,0,0,0,0,0,1,0,29,0.000123188671,0.0006511694,0,40.5,0
Kinematic-FixedSingle-F,378,7.58,0,-2.903136,-1.51730585,0,0,0,0,0,1,0,29,0.000114960079,0.000682700251,0,40.5,0
Kinematic-FixedSingle-F,379,7.6,0,-2.903136,-1.51730585,0,0,0,0,0,1,0,29,0.000115095696,0.0006825807,0,40.5,0
Kinematic-FixedSingle-F,380,7.62,0,-2.903136,-1.51730585,0,0,0,0,0,1,0,29,0.000113733782,0.0006920527,0,40.5,0
Kinematic-FixedSingle-F,381,7.64,0,-2.903136,-1.51730585,0,0,0,0,0,1,0,29,0.0001172005,0.000692413,0,40.5,0
Kinematic-FixedSingle-F,382,7.66,0,-2.903136,-1.51730585,0,0,0,0,0,1,0,29,0.000116953648,0.0006927728,0,40.5,0
Kinematic-FixedSingle-F,383,7.68,0,-2.903136,-1.51730585,0,0,0,0,0,1,0,29,0.000117273266,0.000668217,0,40.5,0
Kinematic-FixedSingle-F,384,7.7,0,-2.903136,-1.51730585,0,0,0,0,0,1,0,29,0.000110646288,0.000642239058,0,40.5,0
Kinematic-FixedSingle-F,385,7.72,0,-2.903136,-1.51730585,0,0,0,0,0,1,0,29,0.000112391317,0.000642239058,0,40.5,0
Kinematic-FixedSingle-F,386,7.74,0,-2.903136,-1.51730585,0,0,0,0,0,1,0,29,0.000107664244,0.0006536842,0,40.5,0
Kinematic-FixedSingle-F,387,7.75999975,0,-2.903136,-1.51730585,0,0,0,0,0,1,0,29,0.00010761751,0.0006462952,0,40.5,0
Kinematic-FixedSingle-F,388,7.77999973,0,-2.903136,-1.51730585,0,0,0,0,0,1,0,29,0.000107695887,0.0006329339,0,40.5,0
Kinematic-FixedSingle-F,389,7.79999971,0,-2.903136,-1.51730585,0,0,0,0,0,1,0,29,0.00010127615,0.0006329339,0,40.5,0
Kinematic-FixedSingle-F,390,7.81999969,0,-2.903136,-1.51730585,0,0,0,0,0,1,0,29,9.99738E-05,0.0005803078,0,40.5,0
Kinematic-FixedSingle-F,391,7.83999968,0,-2.903136,-1.51730585,0,0,0,0,0,1,0,29,0.000101845144,0.000561,0,40.5,0
Kinematic-FixedSingle-F,392,7.85999966,0,-2.903136,-1.51730585,0,0,0,0,0,1,0,29,9.68334061E-05,0.000561,0,40.5,0
Kinematic-FixedSingle-F,393,7.87999964,0,-2.903136,-1.51730585,0,0,0,0,0,1,0,29,9.270292E-05,0.0005348325,0,40.5,0
Kinematic-FixedSingle-F,394,7.89999962,0,-2.903136,-1.51730585,0,0,0,0,0,1,0,29,9.684754E-05,0.0005348325,0,40.5,0
Kinematic-FixedSingle-F,395,7.9199996,0,-2.903136,-1.51730585,0,0,0,0,0,1,0,29,9.16449644E-05,0.00053112203,0,40.5,0
Kinematic-FixedSingle-F,396,7.94,0,-2.903136,-1.51730585,0,0,0,0,0,1,0,29,9.797325E-05,0.0005132686,0,40.5,0
Kinematic-FixedSingle-F,397,7.96,0,-2.903136,-1.51730585,0,0,0,0,0,1,0,29,8.813886E-05,0.000497618166,0,40.5,0
Kinematic-FixedSingle-F,398,7.98,0,-2.903136,-1.51730585,0,0,0,0,0,1,0,29,8.82661843E-05,0.000490037957,0,40.5,0
Kinematic-FixedSingle-F,399,8,0,-2.903136,-1.51730585,0,0,0,0,0,1,0,29,8.825376E-05,0.000456613168,0,40.5,0
Held-Cluster4-Empty,300,6.02,0,-3.081549,-1.60692775,-1.96337056,0,0,0,0,1,7,0,0,0,0,0,0
Held-Cluster4-Empty,300,6.02,1,-2.703434,-1.61346316,-3.947603,0,0,0,0,1,9,0,0,0,0,0,0
Held-Cluster4-Empty,300,6.02,2,-3.06400228,-1.228822,0.765887558,0,0,0,0,1,6,0,0,0,0,0,0
Held-Cluster4-Empty,300,6.02,3,-2.68745518,-1.24348986,-10.67536,0,0,0,0,1,7,0,0,0,0,0,0
Held-Cluster4-Empty,301,6.04,0,-3.081549,-1.60692775,-1.96337056,0,0,0,0,1,7,0,0,0,0,0,0
Held-Cluster4-Empty,301,6.04,1,-2.703434,-1.61346316,-3.947603,0,0,0,0,1,9,0,0,0,0,0,0
Held-Cluster4-Empty,301,6.04,2,-3.06400228,-1.228822,0.765887558,0,0,0,0,1,6,0,0,0,0,0,0
Held-Cluster4-Empty,301,6.04,3,-2.68745518,-1.24348986,-10.67536,0,0,0,0,1,7,0,0,0,0,0,0
Held-Cluster4-Empty,302,6.06,0,-3.081549,-1.60692775,-1.96337056,0,0,0,0,1,7,0,0,0,0,0,0
Held-Cluster4-Empty,302,6.06,1,-2.703434,-1.61346316,-3.947603,0,0,0,0,1,9,0,0,0,0,0,0
Held-Cluster4-Empty,302,6.06,2,-3.06400228,-1.228822,0.765887558,0,0,0,0,1,6,0,0,0,0,0,0
Held-Cluster4-Empty,302,6.06,3,-2.68745518,-1.24348986,-10.67536,0,0,0,0,1,7,0,0,0,0,0,0
Held-Cluster4-Empty,303,6.08,0,-3.081549,-1.60692775,-1.96337056,0,0,0,0,1,7,0,0,0,0,0,0
Held-Cluster4-Empty,303,6.08,1,-2.703434,-1.61346316,-3.947603,0,0,0,0,1,9,0,0,0,0,0,0
Held-Cluster4-Empty,303,6.08,2,-3.06400228,-1.228822,0.765887558,0,0,0,0,1,6,0,0,0,0,0,0
Held-Cluster4-Empty,303,6.08,3,-2.68745518,-1.24348986,-10.67536,0,0,0,0,1,7,0,0,0,0,0,0
Held-Cluster4-Empty,304,6.1,0,-3.081549,-1.60692775,-1.96337056,0,0,0,0,1,7,0,0,0,0,0,0
Held-Cluster4-Empty,304,6.1,1,-2.703434,-1.61346316,-3.947603,0,0,0,0,1,9,0,0,0,0,0,0
Held-Cluster4-Empty,304,6.1,2,-3.06400228,-1.228822,0.765887558,0,0,0,0,1,6,0,0,0,0,0,0
Held-Cluster4-Empty,304,6.1,3,-2.68745518,-1.24348986,-10.67536,0,0,0,0,1,7,0,0,0,0,0,0
Held-Cluster4-Empty,305,6.12,0,-3.081549,-1.60692775,-1.96337056,0,0,0,0,1,7,0,0,0,0,0,0
Held-Cluster4-Empty,305,6.12,1,-2.703434,-1.61346316,-3.947603,0,0,0,0,1,9,0,0,0,0,0,0
Held-Cluster4-Empty,305,6.12,2,-3.06400228,-1.228822,0.765887558,0,0,0,0,1,6,0,0,0,0,0,0
Held-Cluster4-Empty,305,6.12,3,-2.68745518,-1.24348986,-10.67536,0,0,0,0,1,7,0,0,0,0,0,0
Held-Cluster4-Empty,306,6.14,0,-3.081549,-1.60692775,-1.96337056,0,0,0,0,1,7,0,0,0,0,0,0
Held-Cluster4-Empty,306,6.14,1,-2.703434,-1.61346316,-3.947603,0,0,0,0,1,9,0,0,0,0,0,0
Held-Cluster4-Empty,306,6.14,2,-3.06400228,-1.228822,0.765887558,0,0,0,0,1,6,0,0,0,0,0,0
Held-Cluster4-Empty,306,6.14,3,-2.68745518,-1.24348986,-10.67536,0,0,0,0,1,7,0,0,0,0,0,0
Held-Cluster4-Empty,307,6.16,0,-3.081549,-1.60692775,-1.96337056,0,0,0,0,1,7,0,0,0,0,0,0
Held-Cluster4-Empty,307,6.16,1,-2.703434,-1.61346316,-3.947603,0,0,0,0,1,9,0,0,0,0,0,0
Held-Cluster4-Empty,307,6.16,2,-3.06400228,-1.228822,0.765887558,0,0,0,0,1,6,0,0,0,0,0,0
Held-Cluster4-Empty,307,6.16,3,-2.68745518,-1.24348986,-10.67536,0,0,0,0,1,7,0,0,0,0,0,0
Held-Cluster4-Empty,308,6.18,0,-3.081549,-1.60692775,-1.96337056,0,0,0,0,1,7,0,0,0,0,0,0
Held-Cluster4-Empty,308,6.18,1,-2.703434,-1.61346316,-3.947603,0,0,0,0,1,9,0,0,0,0,0,0
Held-Cluster4-Empty,308,6.18,2,-3.06400228,-1.228822,0.765887558,0,0,0,0,1,6,0,0,0,0,0,0
Held-Cluster4-Empty,308,6.18,3,-2.68745518,-1.24348986,-10.67536,0,0,0,0,1,7,0,0,0,0,0,0
Held-Cluster4-Empty,309,6.2,0,-3.081549,-1.60692775,-1.96337056,0,0,0,0,1,7,0,0,0,0,0,0
Held-Cluster4-Empty,309,6.2,1,-2.703434,-1.61346316,-3.947603,0,0,0,0,1,9,0,0,0,0,0,0
Held-Cluster4-Empty,309,6.2,2,-3.06400228,-1.228822,0.765887558,0,0,0,0,1,6,0,0,0,0,0,0
Held-Cluster4-Empty,309,6.2,3,-2.68745518,-1.24348986,-10.67536,0,0,0,0,1,7,0,0,0,0,0,0
Held-Cluster4-Empty,310,6.22,0,-3.081549,-1.60692775,-1.96337056,0,0,0,0,1,7,0,0,0,0,0,0
Held-Cluster4-Empty,310,6.22,1,-2.703434,-1.61346316,-3.947603,0,0,0,0,1,9,0,0,0,0,0,0
Held-Cluster4-Empty,310,6.22,2,-3.06400228,-1.228822,0.765887558,0,0,0,0,1,6,0,0,0,0,0,0
Held-Cluster4-Empty,310,6.22,3,-2.68745518,-1.24348986,-10.67536,0,0,0,0,1,7,0,0,0,0,0,0
Held-Cluster4-Empty,311,6.24,0,-3.081549,-1.60692775,-1.96337056,0,0,0,0,1,7,0,0,0,0,0,0
Held-Cluster4-Empty,311,6.24,1,-2.703434,-1.61346316,-3.947603,0,0,0,0,1,9,0,0,0,0,0,0
Held-Cluster4-Empty,311,6.24,2,-3.06400228,-1.228822,0.765887558,0,0,0,0,1,6,0,0,0,0,0,0
Held-Cluster4-Empty,311,6.24,3,-2.68745518,-1.24348986,-10.67536,0,0,0,0,1,7,0,0,0,0,0,0
Held-Cluster4-Empty,312,6.25999975,0,-3.081549,-1.60692775,-1.96337056,0,0,0,0,1,7,0,0,0,0,0,0
Held-Cluster4-Empty,312,6.25999975,1,-2.703434,-1.61346316,-3.947603,0,0,0,0,1,9,0,0,0,0,0,0
Held-Cluster4-Empty,312,6.25999975,2,-3.06400228,-1.228822,0.765887558,0,0,0,0,1,6,0,0,0,0,0,0
Held-Cluster4-Empty,312,6.25999975,3,-2.68745518,-1.24348986,-10.67536,0,0,0,0,1,7,0,0,0,0,0,0
Held-Cluster4-Empty,313,6.27999973,0,-3.081549,-1.60692775,-1.96337056,0,0,0,0,1,7,0,0,0,0,0,0
Held-Cluster4-Empty,313,6.27999973,1,-2.703434,-1.61346316,-3.947603,0,0,0,0,1,9,0,0,0,0,0,0
Held-Cluster4-Empty,313,6.27999973,2,-3.06400228,-1.228822,0.765887558,0,0,0,0,1,6,0,0,0,0,0,0
Held-Cluster4-Empty,313,6.27999973,3,-2.68745518,-1.24348986,-10.67536,0,0,0,0,1,7,0,0,0,0,0,0
Held-Cluster4-Empty,314,6.29999971,0,-3.081549,-1.60692775,-1.96337056,0,0,0,0,1,7,0,0,0,0,0,0
Held-Cluster4-Empty,314,6.29999971,1,-2.703434,-1.61346316,-3.947603,0,0,0,0,1,9,0,0,0,0,0,0
Held-Cluster4-Empty,314,6.29999971,2,-3.06400228,-1.228822,0.765887558,0,0,0,0,1,6,0,0,0,0,0,0
Held-Cluster4-Empty,314,6.29999971,3,-2.68745518,-1.24348986,-10.67536,0,0,0,0,1,7,0,0,0,0,0,0
Held-Cluster4-Empty,315,6.31999969,0,-3.081549,-1.60692775,-1.96337056,0,0,0,0,1,7,0,0,0,0,0,0
Held-Cluster4-Empty,315,6.31999969,1,-2.703434,-1.61346316,-3.947603,0,0,0,0,1,9,0,0,0,0,0,0
Held-Cluster4-Empty,315,6.31999969,2,-3.06400228,-1.228822,0.765887558,0,0,0,0,1,6,0,0,0,0,0,0
Held-Cluster4-Empty,315,6.31999969,3,-2.68745518,-1.24348986,-10.67536,0,0,0,0,1,7,0,0,0,0,0,0
Held-Cluster4-Empty,316,6.33999968,0,-3.081549,-1.60692775,-1.96337056,0,0,0,0,1,7,0,0,0,0,0,0
Held-Cluster4-Empty,316,6.33999968,1,-2.703434,-1.61346316,-3.947603,0,0,0,0,1,9,0,0,0,0,0,0
Held-Cluster4-Empty,316,6.33999968,2,-3.06400228,-1.228822,0.765887558,0,0,0,0,1,6,0,0,0,0,0,0
Held-Cluster4-Empty,316,6.33999968,3,-2.68745518,-1.24348986,-10.67536,0,0,0,0,1,7,0,0,0,0,0,0
Held-Cluster4-Empty,317,6.35999966,0,-3.081549,-1.60692775,-1.96337056,0,0,0,0,1,7,0,0,0,0,0,0
Held-Cluster4-Empty,317,6.35999966,1,-2.703434,-1.61346316,-3.947603,0,0,0,0,1,9,0,0,0,0,0,0
Held-Cluster4-Empty,317,6.35999966,2,-3.06400228,-1.228822,0.765887558,0,0,0,0,1,6,0,0,0,0,0,0
Held-Cluster4-Empty,317,6.35999966,3,-2.68745518,-1.24348986,-10.67536,0,0,0,0,1,7,0,0,0,0,0,0
Held-Cluster4-Empty,318,6.37999964,0,-3.081549,-1.60692775,-1.96337056,0,0,0,0,1,7,0,0,0,0,0,0
Held-Cluster4-Empty,318,6.37999964,1,-2.703434,-1.61346316,-3.947603,0,0,0,0,1,9,0,0,0,0,0,0
Held-Cluster4-Empty,318,6.37999964,2,-3.06400228,-1.228822,0.765887558,0,0,0,0,1,6,0,0,0,0,0,0
Held-Cluster4-Empty,318,6.37999964,3,-2.68745518,-1.24348986,-10.67536,0,0,0,0,1,7,0,0,0,0,0,0
Held-Cluster4-Empty,319,6.39999962,0,-3.081549,-1.60692775,-1.96337056,0,0,0,0,1,7,0,0,0,0,0,0
Held-Cluster4-Empty,319,6.39999962,1,-2.703434,-1.61346316,-3.947603,0,0,0,0,1,9,0,0,0,0,0,0
Held-Cluster4-Empty,319,6.39999962,2,-3.06400228,-1.228822,0.765887558,0,0,0,0,1,6,0,0,0,0,0,0
Held-Cluster4-Empty,319,6.39999962,3,-2.68745518,-1.24348986,-10.67536,0,0,0,0,1,7,0,0,0,0,0,0
Held-Cluster4-Empty,320,6.42,0,-3.081549,-1.60692775,-1.96337056,0,0,0,0,1,7,0,0,0,0,0,0
Held-Cluster4-Empty,320,6.42,1,-2.703434,-1.61346316,-3.947603,0,0,0,0,1,9,0,0,0,0,0,0
Held-Cluster4-Empty,320,6.42,2,-3.06400228,-1.228822,0.765887558,0,0,0,0,1,6,0,0,0,0,0,0
Held-Cluster4-Empty,320,6.42,3,-2.68745518,-1.24348986,-10.67536,0,0,0,0,1,7,0,0,0,0,0,0
Held-Cluster4-Empty,321,6.44,0,-3.081549,-1.60692775,-1.96337056,0,0,0,0,1,7,0,0,0,0,0,0
Held-Cluster4-Empty,321,6.44,1,-2.703434,-1.61346316,-3.947603,0,0,0,0,1,9,0,0,0,0,0,0
Held-Cluster4-Empty,321,6.44,2,-3.06400228,-1.228822,0.765887558,0,0,0,0,1,6,0,0,0,0,0,0
Held-Cluster4-Empty,321,6.44,3,-2.68745518,-1.24348986,-10.67536,0,0,0,0,1,7,0,0,0,0,0,0
Held-Cluster4-Empty,322,6.46,0,-3.081549,-1.60692775,-1.96337056,0,0,0,0,1,7,0,0,0,0,0,0
Held-Cluster4-Empty,322,6.46,1,-2.703434,-1.61346316,-3.947603,0,0,0,0,1,9,0,0,0,0,0,0
Held-Cluster4-Empty,322,6.46,2,-3.06400228,-1.228822,0.765887558,0,0,0,0,1,6,0,0,0,0,0,0
Held-Cluster4-Empty,322,6.46,3,-2.68745518,-1.24348986,-10.67536,0,0,0,0,1,7,0,0,0,0,0,0
Held-Cluster4-Empty,323,6.48,0,-3.081549,-1.60692775,-1.96337056,0,0,0,0,1,7,0,0,0,0,0,0
Held-Cluster4-Empty,323,6.48,1,-2.703434,-1.61346316,-3.947603,0,0,0,0,1,9,0,0,0,0,0,0
Held-Cluster4-Empty,323,6.48,2,-3.06400228,-1.228822,0.765887558,0,0,0,0,1,6,0,0,0,0,0,0
Held-Cluster4-Empty,323,6.48,3,-2.68745518,-1.24348986,-10.67536,0,0,0,0,1,7,0,0,0,0,0,0
Held-Cluster4-Empty,324,6.5,0,-3.081549,-1.60692775,-1.96337056,0,0,0,0,1,7,0,0,0,0,0,0
Held-Cluster4-Empty,324,6.5,1,-2.703434,-1.61346316,-3.947603,0,0,0,0,1,9,0,0,0,0,0,0
Held-Cluster4-Empty,324,6.5,2,-3.06400228,-1.228822,0.765887558,0,0,0,0,1,6,0,0,0,0,0,0
Held-Cluster4-Empty,324,6.5,3,-2.68745518,-1.24348986,-10.67536,0,0,0,0,1,7,0,0,0,0,0,0
Held-Cluster4-Empty,325,6.52,0,-3.081549,-1.60692775,-1.96337056,0,0,0,0,1,7,0,0,0,0,0,0
Held-Cluster4-Empty,325,6.52,1,-2.703434,-1.61346316,-3.947603,0,0,0,0,1,9,0,0,0,0,0,0
Held-Cluster4-Empty,325,6.52,2,-3.06400228,-1.228822,0.765887558,0,0,0,0,1,6,0,0,0,0,0,0
Held-Cluster4-Empty,325,6.52,3,-2.68745518,-1.24348986,-10.67536,0,0,0,0,1,7,0,0,0,0,0,0
Held-Cluster4-Empty,326,6.54,0,-3.081549,-1.60692775,-1.96337056,0,0,0,0,1,7,0,0,0,0,0,0
Held-Cluster4-Empty,326,6.54,1,-2.703434,-1.61346316,-3.947603,0,0,0,0,1,9,0,0,0,0,0,0
Held-Cluster4-Empty,326,6.54,2,-3.06400228,-1.228822,0.765887558,0,0,0,0,1,6,0,0,0,0,0,0
Held-Cluster4-Empty,326,6.54,3,-2.68745518,-1.24348986,-10.67536,0,0,0,0,1,7,0,0,0,0,0,0
Held-Cluster4-Empty,327,6.56,0,-3.081549,-1.60692775,-1.96337056,0,0,0,0,1,7,0,0,0,0,0,0
Held-Cluster4-Empty,327,6.56,1,-2.703434,-1.61346316,-3.947603,0,0,0,0,1,9,0,0,0,0,0,0
Held-Cluster4-Empty,327,6.56,2,-3.06400228,-1.228822,0.765887558,0,0,0,0,1,6,0,0,0,0,0,0
Held-Cluster4-Empty,327,6.56,3,-2.68745518,-1.24348986,-10.67536,0,0,0,0,1,7,0,0,0,0,0,0
Held-Cluster4-Empty,328,6.58,0,-3.081549,-1.60692775,-1.96337056,0,0,0,0,1,7,0,0,0,0,0,0
Held-Cluster4-Empty,328,6.58,1,-2.703434,-1.61346316,-3.947603,0,0,0,0,1,9,0,0,0,0,0,0
Held-Cluster4-Empty,328,6.58,2,-3.06400228,-1.228822,0.765887558,0,0,0,0,1,6,0,0,0,0,0,0
Held-Cluster4-Empty,328,6.58,3,-2.68745518,-1.24348986,-10.67536,0,0,0,0,1,7,0,0,0,0,0,0
Held-Cluster4-Empty,329,6.6,0,-3.081549,-1.60692775,-1.96337056,0,0,0,0,1,7,0,0,0,0,0,0
Held-Cluster4-Empty,329,6.6,1,-2.703434,-1.61346316,-3.947603,0,0,0,0,1,9,0,0,0,0,0,0
Held-Cluster4-Empty,329,6.6,2,-3.06400228,-1.228822,0.765887558,0,0,0,0,1,6,0,0,0,0,0,0
Held-Cluster4-Empty,329,6.6,3,-2.68745518,-1.24348986,-10.67536,0,0,0,0,1,7,0,0,0,0,0,0
Held-Cluster4-Empty,330,6.62,0,-3.081549,-1.60692775,-1.96337056,0,0,0,0,1,7,0,0,0,0,0,0
Held-Cluster4-Empty,330,6.62,1,-2.703434,-1.61346316,-3.947603,0,0,0,0,1,9,0,0,0,0,0,0
Held-Cluster4-Empty,330,6.62,2,-3.06400228,-1.228822,0.765887558,0,0,0,0,1,6,0,0,0,0,0,0
Held-Cluster4-Empty,330,6.62,3,-2.68745518,-1.24348986,-10.67536,0,0,0,0,1,7,0,0,0,0,0,0
Held-Cluster4-Empty,331,6.64,0,-3.081549,-1.60692775,-1.96337056,0,0,0,0,1,7,0,0,0,0,0,0
Held-Cluster4-Empty,331,6.64,1,-2.703434,-1.61346316,-3.947603,0,0,0,0,1,9,0,0,0,0,0,0
Held-Cluster4-Empty,331,6.64,2,-3.06400228,-1.228822,0.765887558,0,0,0,0,1,6,0,0,0,0,0,0
Held-Cluster4-Empty,331,6.64,3,-2.68745518,-1.24348986,-10.67536,0,0,0,0,1,7,0,0,0,0,0,0
Held-Cluster4-Empty,332,6.66,0,-3.081549,-1.60692775,-1.96337056,0,0,0,0,1,7,0,0,0,0,0,0
Held-Cluster4-Empty,332,6.66,1,-2.703434,-1.61346316,-3.947603,0,0,0,0,1,9,0,0,0,0,0,0
Held-Cluster4-Empty,332,6.66,2,-3.06400228,-1.228822,0.765887558,0,0,0,0,1,6,0,0,0,0,0,0
Held-Cluster4-Empty,332,6.66,3,-2.68745518,-1.24348986,-10.67536,0,0,0,0,1,7,0,0,0,0,0,0
Held-Cluster4-Empty,333,6.68,0,-3.081549,-1.60692775,-1.96337056,0,0,0,0,1,7,0,0,0,0,0,0
Held-Cluster4-Empty,333,6.68,1,-2.703434,-1.61346316,-3.947603,0,0,0,0,1,9,0,0,0,0,0,0
Held-Cluster4-Empty,333,6.68,2,-3.06400228,-1.228822,0.765887558,0,0,0,0,1,6,0,0,0,0,0,0
Held-Cluster4-Empty,333,6.68,3,-2.68745518,-1.24348986,-10.67536,0,0,0,0,1,7,0,0,0,0,0,0
Held-Cluster4-Empty,334,6.7,0,-3.081549,-1.60692775,-1.96337056,0,0,0,0,1,7,0,0,0,0,0,0
Held-Cluster4-Empty,334,6.7,1,-2.703434,-1.61346316,-3.947603,0,0,0,0,1,9,0,0,0,0,0,0
Held-Cluster4-Empty,334,6.7,2,-3.06400228,-1.228822,0.765887558,0,0,0,0,1,6,0,0,0,0,0,0
Held-Cluster4-Empty,334,6.7,3,-2.68745518,-1.24348986,-10.67536,0,0,0,0,1,7,0,0,0,0,0,0
Held-Cluster4-Empty,335,6.72,0,-3.081549,-1.60692775,-1.96337056,0,0,0,0,1,7,0,0,0,0,0,0
Held-Cluster4-Empty,335,6.72,1,-2.703434,-1.61346316,-3.947603,0,0,0,0,1,9,0,0,0,0,0,0
Held-Cluster4-Empty,335,6.72,2,-3.06400228,-1.228822,0.765887558,0,0,0,0,1,6,0,0,0,0,0,0
Held-Cluster4-Empty,335,6.72,3,-2.68745518,-1.24348986,-10.67536,0,0,0,0,1,7,0,0,0,0,0,0
Held-Cluster4-Empty,336,6.74,0,-3.081549,-1.60692775,-1.96337056,0,0,0,0,1,7,0,0,0,0,0,0
Held-Cluster4-Empty,336,6.74,1,-2.703434,-1.61346316,-3.947603,0,0,0,0,1,9,0,0,0,0,0,0
Held-Cluster4-Empty,336,6.74,2,-3.06400228,-1.228822,0.765887558,0,0,0,0,1,6,0,0,0,0,0,0
Held-Cluster4-Empty,336,6.74,3,-2.68745518,-1.24348986,-10.67536,0,0,0,0,1,7,0,0,0,0,0,0
Held-Cluster4-Empty,337,6.75999975,0,-3.081549,-1.60692775,-1.96337056,0,0,0,0,1,7,0,0,0,0,0,0
Held-Cluster4-Empty,337,6.75999975,1,-2.703434,-1.61346316,-3.947603,0,0,0,0,1,9,0,0,0,0,0,0
Held-Cluster4-Empty,337,6.75999975,2,-3.06400228,-1.228822,0.765887558,0,0,0,0,1,6,0,0,0,0,0,0
Held-Cluster4-Empty,337,6.75999975,3,-2.68745518,-1.24348986,-10.67536,0,0,0,0,1,7,0,0,0,0,0,0
Held-Cluster4-Empty,338,6.77999973,0,-3.081549,-1.60692775,-1.96337056,0,0,0,0,1,7,0,0,0,0,0,0
Held-Cluster4-Empty,338,6.77999973,1,-2.703434,-1.61346316,-3.947603,0,0,0,0,1,9,0,0,0,0,0,0
Held-Cluster4-Empty,338,6.77999973,2,-3.06400228,-1.228822,0.765887558,0,0,0,0,1,6,0,0,0,0,0,0
Held-Cluster4-Empty,338,6.77999973,3,-2.68745518,-1.24348986,-10.67536,0,0,0,0,1,7,0,0,0,0,0,0
Held-Cluster4-Empty,339,6.79999971,0,-3.081549,-1.60692775,-1.96337056,0,0,0,0,1,7,0,0,0,0,0,0
Held-Cluster4-Empty,339,6.79999971,1,-2.703434,-1.61346316,-3.947603,0,0,0,0,1,9,0,0,0,0,0,0
Held-Cluster4-Empty,339,6.79999971,2,-3.06400228,-1.228822,0.765887558,0,0,0,0,1,6,0,0,0,0,0,0
Held-Cluster4-Empty,339,6.79999971,3,-2.68745518,-1.24348986,-10.67536,0,0,0,0,1,7,0,0,0,0,0,0
Held-Cluster4-Empty,340,6.81999969,0,-3.081549,-1.60692775,-1.96337056,0,0,0,0,1,7,0,0,0,0,0,0
Held-Cluster4-Empty,340,6.81999969,1,-2.703434,-1.61346316,-3.947603,0,0,0,0,1,9,0,0,0,0,0,0
Held-Cluster4-Empty,340,6.81999969,2,-3.06400228,-1.228822,0.765887558,0,0,0,0,1,6,0,0,0,0,0,0
Held-Cluster4-Empty,340,6.81999969,3,-2.68745518,-1.24348986,-10.67536,0,0,0,0,1,7,0,0,0,0,0,0
Held-Cluster4-Empty,341,6.83999968,0,-3.081549,-1.60692775,-1.96337056,0,0,0,0,1,7,0,0,0,0,0,0
Held-Cluster4-Empty,341,6.83999968,1,-2.703434,-1.61346316,-3.947603,0,0,0,0,1,9,0,0,0,0,0,0
Held-Cluster4-Empty,341,6.83999968,2,-3.06400228,-1.228822,0.765887558,0,0,0,0,1,6,0,0,0,0,0,0
Held-Cluster4-Empty,341,6.83999968,3,-2.68745518,-1.24348986,-10.67536,0,0,0,0,1,7,0,0,0,0,0,0
Held-Cluster4-Empty,342,6.85999966,0,-3.081549,-1.60692775,-1.96337056,0,0,0,0,1,7,0,0,0,0,0,0
Held-Cluster4-Empty,342,6.85999966,1,-2.703434,-1.61346316,-3.947603,0,0,0,0,1,9,0,0,0,0,0,0
Held-Cluster4-Empty,342,6.85999966,2,-3.06400228,-1.228822,0.765887558,0,0,0,0,1,6,0,0,0,0,0,0
Held-Cluster4-Empty,342,6.85999966,3,-2.68745518,-1.24348986,-10.67536,0,0,0,0,1,7,0,0,0,0,0,0
Held-Cluster4-Empty,343,6.87999964,0,-3.081549,-1.60692775,-1.96337056,0,0,0,0,1,7,0,0,0,0,0,0
Held-Cluster4-Empty,343,6.87999964,1,-2.703434,-1.61346316,-3.947603,0,0,0,0,1,9,0,0,0,0,0,0
Held-Cluster4-Empty,343,6.87999964,2,-3.06400228,-1.228822,0.765887558,0,0,0,0,1,6,0,0,0,0,0,0
Held-Cluster4-Empty,343,6.87999964,3,-2.68745518,-1.24348986,-10.67536,0,0,0,0,1,7,0,0,0,0,0,0
Held-Cluster4-Empty,344,6.89999962,0,-3.081549,-1.60692775,-1.96337056,0,0,0,0,1,7,0,0,0,0,0,0
Held-Cluster4-Empty,344,6.89999962,1,-2.703434,-1.61346316,-3.947603,0,0,0,0,1,9,0,0,0,0,0,0
Held-Cluster4-Empty,344,6.89999962,2,-3.06400228,-1.228822,0.765887558,0,0,0,0,1,6,0,0,0,0,0,0
Held-Cluster4-Empty,344,6.89999962,3,-2.68745518,-1.24348986,-10.67536,0,0,0,0,1,7,0,0,0,0,0,0
Held-Cluster4-Empty,345,6.92,0,-3.081549,-1.60692775,-1.96337056,0,0,0,0,1,7,0,0,0,0,0,0
Held-Cluster4-Empty,345,6.92,1,-2.703434,-1.61346316,-3.947603,0,0,0,0,1,9,0,0,0,0,0,0
Held-Cluster4-Empty,345,6.92,2,-3.06400228,-1.228822,0.765887558,0,0,0,0,1,6,0,0,0,0,0,0
Held-Cluster4-Empty,345,6.92,3,-2.68745518,-1.24348986,-10.67536,0,0,0,0,1,7,0,0,0,0,0,0
Held-Cluster4-Empty,346,6.94,0,-3.081549,-1.60692775,-1.96337056,0,0,0,0,1,7,0,0,0,0,0,0
Held-Cluster4-Empty,346,6.94,1,-2.703434,-1.61346316,-3.947603,0,0,0,0,1,9,0,0,0,0,0,0
Held-Cluster4-Empty,346,6.94,2,-3.06400228,-1.228822,0.765887558,0,0,0,0,1,6,0,0,0,0,0,0
Held-Cluster4-Empty,346,6.94,3,-2.68745518,-1.24348986,-10.67536,0,0,0,0,1,7,0,0,0,0,0,0
Held-Cluster4-Empty,347,6.96,0,-3.081549,-1.60692775,-1.96337056,0,0,0,0,1,7,0,0,0,0,0,0
Held-Cluster4-Empty,347,6.96,1,-2.703434,-1.61346316,-3.947603,0,0,0,0,1,9,0,0,0,0,0,0
Held-Cluster4-Empty,347,6.96,2,-3.06400228,-1.228822,0.765887558,0,0,0,0,1,6,0,0,0,0,0,0
Held-Cluster4-Empty,347,6.96,3,-2.68745518,-1.24348986,-10.67536,0,0,0,0,1,7,0,0,0,0,0,0
Held-Cluster4-Empty,348,6.98,0,-3.081549,-1.60692775,-1.96337056,0,0,0,0,1,7,0,0,0,0,0,0
Held-Cluster4-Empty,348,6.98,1,-2.703434,-1.61346316,-3.947603,0,0,0,0,1,9,0,0,0,0,0,0
Held-Cluster4-Empty,348,6.98,2,-3.06400228,-1.228822,0.765887558,0,0,0,0,1,6,0,0,0,0,0,0
Held-Cluster4-Empty,348,6.98,3,-2.68745518,-1.24348986,-10.67536,0,0,0,0,1,7,0,0,0,0,0,0
Held-Cluster4-Empty,349,7,0,-3.081549,-1.60692775,-1.96337056,0,0,0,0,1,7,0,0,0,0,0,0
Held-Cluster4-Empty,349,7,1,-2.703434,-1.61346316,-3.947603,0,0,0,0,1,9,0,0,0,0,0,0
Held-Cluster4-Empty,349,7,2,-3.06400228,-1.228822,0.765887558,0,0,0,0,1,6,0,0,0,0,0,0
Held-Cluster4-Empty,349,7,3,-2.68745518,-1.24348986,-10.67536,0,0,0,0,1,7,0,0,0,0,0,0
Held-Cluster4-Empty,350,7.02,0,-3.081549,-1.60692775,-1.96337056,0,0,0,0,1,7,0,0,0,0,0,0
Held-Cluster4-Empty,350,7.02,1,-2.703434,-1.61346316,-3.947603,0,0,0,0,1,9,0,0,0,0,0,0
Held-Cluster4-Empty,350,7.02,2,-3.06400228,-1.228822,0.765887558,0,0,0,0,1,6,0,0,0,0,0,0
Held-Cluster4-Empty,350,7.02,3,-2.68745518,-1.24348986,-10.67536,0,0,0,0,1,7,0,0,0,0,0,0
Held-Cluster4-Empty,351,7.04,0,-3.081549,-1.60692775,-1.96337056,0,0,0,0,1,7,0,0,0,0,0,0
Held-Cluster4-Empty,351,7.04,1,-2.703434,-1.61346316,-3.947603,0,0,0,0,1,9,0,0,0,0,0,0
Held-Cluster4-Empty,351,7.04,2,-3.06400228,-1.228822,0.765887558,0,0,0,0,1,6,0,0,0,0,0,0
Held-Cluster4-Empty,351,7.04,3,-2.68745518,-1.24348986,-10.67536,0,0,0,0,1,7,0,0,0,0,0,0
Held-Cluster4-Empty,352,7.06,0,-3.081549,-1.60692775,-1.96337056,0,0,0,0,1,7,0,0,0,0,0,0
Held-Cluster4-Empty,352,7.06,1,-2.703434,-1.61346316,-3.947603,0,0,0,0,1,9,0,0,0,0,0,0
Held-Cluster4-Empty,352,7.06,2,-3.06400228,-1.228822,0.765887558,0,0,0,0,1,6,0,0,0,0,0,0
Held-Cluster4-Empty,352,7.06,3,-2.68745518,-1.24348986,-10.67536,0,0,0,0,1,7,0,0,0,0,0,0
Held-Cluster4-Empty,353,7.08,0,-3.081549,-1.60692775,-1.96337056,0,0,0,0,1,7,0,0,0,0,0,0
Held-Cluster4-Empty,353,7.08,1,-2.703434,-1.61346316,-3.947603,0,0,0,0,1,9,0,0,0,0,0,0
Held-Cluster4-Empty,353,7.08,2,-3.06400228,-1.228822,0.765887558,0,0,0,0,1,6,0,0,0,0,0,0
Held-Cluster4-Empty,353,7.08,3,-2.68745518,-1.24348986,-10.67536,0,0,0,0,1,7,0,0,0,0,0,0
Held-Cluster4-Empty,354,7.1,0,-3.081549,-1.60692775,-1.96337056,0,0,0,0,1,7,0,0,0,0,0,0
Held-Cluster4-Empty,354,7.1,1,-2.703434,-1.61346316,-3.947603,0,0,0,0,1,9,0,0,0,0,0,0
Held-Cluster4-Empty,354,7.1,2,-3.06400228,-1.228822,0.765887558,0,0,0,0,1,6,0,0,0,0,0,0
Held-Cluster4-Empty,354,7.1,3,-2.68745518,-1.24348986,-10.67536,0,0,0,0,1,7,0,0,0,0,0,0
Held-Cluster4-Empty,355,7.12,0,-3.081549,-1.60692775,-1.96337056,0,0,0,0,1,7,0,0,0,0,0,0
Held-Cluster4-Empty,355,7.12,1,-2.703434,-1.61346316,-3.947603,0,0,0,0,1,9,0,0,0,0,0,0
Held-Cluster4-Empty,355,7.12,2,-3.06400228,-1.228822,0.765887558,0,0,0,0,1,6,0,0,0,0,0,0
Held-Cluster4-Empty,355,7.12,3,-2.68745518,-1.24348986,-10.67536,0,0,0,0,1,7,0,0,0,0,0,0
Held-Cluster4-Empty,356,7.14,0,-3.081549,-1.60692775,-1.96337056,0,0,0,0,1,7,0,0,0,0,0,0
Held-Cluster4-Empty,356,7.14,1,-2.703434,-1.61346316,-3.947603,0,0,0,0,1,9,0,0,0,0,0,0
Held-Cluster4-Empty,356,7.14,2,-3.06400228,-1.228822,0.765887558,0,0,0,0,1,6,0,0,0,0,0,0
Held-Cluster4-Empty,356,7.14,3,-2.68745518,-1.24348986,-10.67536,0,0,0,0,1,7,0,0,0,0,0,0
Held-Cluster4-Empty,357,7.16,0,-3.081549,-1.60692775,-1.96337056,0,0,0,0,1,7,0,0,0,0,0,0
Held-Cluster4-Empty,357,7.16,1,-2.703434,-1.61346316,-3.947603,0,0,0,0,1,9,0,0,0,0,0,0
Held-Cluster4-Empty,357,7.16,2,-3.06400228,-1.228822,0.765887558,0,0,0,0,1,6,0,0,0,0,0,0
Held-Cluster4-Empty,357,7.16,3,-2.68745518,-1.24348986,-10.67536,0,0,0,0,1,7,0,0,0,0,0,0
Held-Cluster4-Empty,358,7.18,0,-3.081549,-1.60692775,-1.96337056,0,0,0,0,1,7,0,0,0,0,0,0
Held-Cluster4-Empty,358,7.18,1,-2.703434,-1.61346316,-3.947603,0,0,0,0,1,9,0,0,0,0,0,0
Held-Cluster4-Empty,358,7.18,2,-3.06400228,-1.228822,0.765887558,0,0,0,0,1,6,0,0,0,0,0,0
Held-Cluster4-Empty,358,7.18,3,-2.68745518,-1.24348986,-10.67536,0,0,0,0,1,7,0,0,0,0,0,0
Held-Cluster4-Empty,359,7.2,0,-3.081549,-1.60692775,-1.96337056,0,0,0,0,1,7,0,0,0,0,0,0
Held-Cluster4-Empty,359,7.2,1,-2.703434,-1.61346316,-3.947603,0,0,0,0,1,9,0,0,0,0,0,0
Held-Cluster4-Empty,359,7.2,2,-3.06400228,-1.228822,0.765887558,0,0,0,0,1,6,0,0,0,0,0,0
Held-Cluster4-Empty,359,7.2,3,-2.68745518,-1.24348986,-10.67536,0,0,0,0,1,7,0,0,0,0,0,0
Held-Cluster4-Empty,360,7.22,0,-3.081549,-1.60692775,-1.96337056,0,0,0,0,1,7,0,0,0,0,0,0
Held-Cluster4-Empty,360,7.22,1,-2.703434,-1.61346316,-3.947603,0,0,0,0,1,9,0,0,0,0,0,0
Held-Cluster4-Empty,360,7.22,2,-3.06400228,-1.228822,0.765887558,0,0,0,0,1,6,0,0,0,0,0,0
Held-Cluster4-Empty,360,7.22,3,-2.68745518,-1.24348986,-10.67536,0,0,0,0,1,7,0,0,0,0,0,0
Held-Cluster4-Empty,361,7.24,0,-3.081549,-1.60692775,-1.96337056,0,0,0,0,1,7,0,0,0,0,0,0
Held-Cluster4-Empty,361,7.24,1,-2.703434,-1.61346316,-3.947603,0,0,0,0,1,9,0,0,0,0,0,0
Held-Cluster4-Empty,361,7.24,2,-3.06400228,-1.228822,0.765887558,0,0,0,0,1,6,0,0,0,0,0,0
Held-Cluster4-Empty,361,7.24,3,-2.68745518,-1.24348986,-10.67536,0,0,0,0,1,7,0,0,0,0,0,0
Held-Cluster4-Empty,362,7.25999975,0,-3.081549,-1.60692775,-1.96337056,0,0,0,0,1,7,0,0,0,0,0,0
Held-Cluster4-Empty,362,7.25999975,1,-2.703434,-1.61346316,-3.947603,0,0,0,0,1,9,0,0,0,0,0,0
Held-Cluster4-Empty,362,7.25999975,2,-3.06400228,-1.228822,0.765887558,0,0,0,0,1,6,0,0,0,0,0,0
Held-Cluster4-Empty,362,7.25999975,3,-2.68745518,-1.24348986,-10.67536,0,0,0,0,1,7,0,0,0,0,0,0
Held-Cluster4-Empty,363,7.27999973,0,-3.081549,-1.60692775,-1.96337056,0,0,0,0,1,7,0,0,0,0,0,0
Held-Cluster4-Empty,363,7.27999973,1,-2.703434,-1.61346316,-3.947603,0,0,0,0,1,9,0,0,0,0,0,0
Held-Cluster4-Empty,363,7.27999973,2,-3.06400228,-1.228822,0.765887558,0,0,0,0,1,6,0,0,0,0,0,0
Held-Cluster4-Empty,363,7.27999973,3,-2.68745518,-1.24348986,-10.67536,0,0,0,0,1,7,0,0,0,0,0,0
Held-Cluster4-Empty,364,7.29999971,0,-3.081549,-1.60692775,-1.96337056,0,0,0,0,1,7,0,0,0,0,0,0
Held-Cluster4-Empty,364,7.29999971,1,-2.703434,-1.61346316,-3.947603,0,0,0,0,1,9,0,0,0,0,0,0
Held-Cluster4-Empty,364,7.29999971,2,-3.06400228,-1.228822,0.765887558,0,0,0,0,1,6,0,0,0,0,0,0
Held-Cluster4-Empty,364,7.29999971,3,-2.68745518,-1.24348986,-10.67536,0,0,0,0,1,7,0,0,0,0,0,0
Held-Cluster4-Empty,365,7.31999969,0,-3.081549,-1.60692775,-1.96337056,0,0,0,0,1,7,0,0,0,0,0,0
Held-Cluster4-Empty,365,7.31999969,1,-2.703434,-1.61346316,-3.947603,0,0,0,0,1,9,0,0,0,0,0,0
Held-Cluster4-Empty,365,7.31999969,2,-3.06400228,-1.228822,0.765887558,0,0,0,0,1,6,0,0,0,0,0,0
Held-Cluster4-Empty,365,7.31999969,3,-2.68745518,-1.24348986,-10.67536,0,0,0,0,1,7,0,0,0,0,0,0
Held-Cluster4-Empty,366,7.33999968,0,-3.081549,-1.60692775,-1.96337056,0,0,0,0,1,7,0,0,0,0,0,0
Held-Cluster4-Empty,366,7.33999968,1,-2.703434,-1.61346316,-3.947603,0,0,0,0,1,9,0,0,0,0,0,0
Held-Cluster4-Empty,366,7.33999968,2,-3.06400228,-1.228822,0.765887558,0,0,0,0,1,6,0,0,0,0,0,0
Held-Cluster4-Empty,366,7.33999968,3,-2.68745518,-1.24348986,-10.67536,0,0,0,0,1,7,0,0,0,0,0,0
Held-Cluster4-Empty,367,7.35999966,0,-3.081549,-1.60692775,-1.96337056,0,0,0,0,1,7,0,0,0,0,0,0
Held-Cluster4-Empty,367,7.35999966,1,-2.703434,-1.61346316,-3.947603,0,0,0,0,1,9,0,0,0,0,0,0
Held-Cluster4-Empty,367,7.35999966,2,-3.06400228,-1.228822,0.765887558,0,0,0,0,1,6,0,0,0,0,0,0
Held-Cluster4-Empty,367,7.35999966,3,-2.68745518,-1.24348986,-10.67536,0,0,0,0,1,7,0,0,0,0,0,0
Held-Cluster4-Empty,368,7.37999964,0,-3.081549,-1.60692775,-1.96337056,0,0,0,0,1,7,0,0,0,0,0,0
Held-Cluster4-Empty,368,7.37999964,1,-2.703434,-1.61346316,-3.947603,0,0,0,0,1,9,0,0,0,0,0,0
Held-Cluster4-Empty,368,7.37999964,2,-3.06400228,-1.228822,0.765887558,0,0,0,0,1,6,0,0,0,0,0,0
Held-Cluster4-Empty,368,7.37999964,3,-2.68745518,-1.24348986,-10.67536,0,0,0,0,1,7,0,0,0,0,0,0
Held-Cluster4-Empty,369,7.39999962,0,-3.081549,-1.60692775,-1.96337056,0,0,0,0,1,7,0,0,0,0,0,0
Held-Cluster4-Empty,369,7.39999962,1,-2.703434,-1.61346316,-3.947603,0,0,0,0,1,9,0,0,0,0,0,0
Held-Cluster4-Empty,369,7.39999962,2,-3.06400228,-1.228822,0.765887558,0,0,0,0,1,6,0,0,0,0,0,0
Held-Cluster4-Empty,369,7.39999962,3,-2.68745518,-1.24348986,-10.67536,0,0,0,0,1,7,0,0,0,0,0,0
Held-Cluster4-Empty,370,7.4199996,0,-3.081549,-1.60692775,-1.96337056,0,0,0,0,1,7,0,0,0,0,0,0
Held-Cluster4-Empty,370,7.4199996,1,-2.703434,-1.61346316,-3.947603,0,0,0,0,1,9,0,0,0,0,0,0
Held-Cluster4-Empty,370,7.4199996,2,-3.06400228,-1.228822,0.765887558,0,0,0,0,1,6,0,0,0,0,0,0
Held-Cluster4-Empty,370,7.4199996,3,-2.68745518,-1.24348986,-10.67536,0,0,0,0,1,7,0,0,0,0,0,0
Held-Cluster4-Empty,371,7.44,0,-3.081549,-1.60692775,-1.96337056,0,0,0,0,1,7,0,0,0,0,0,0
Held-Cluster4-Empty,371,7.44,1,-2.703434,-1.61346316,-3.947603,0,0,0,0,1,9,0,0,0,0,0,0
Held-Cluster4-Empty,371,7.44,2,-3.06400228,-1.228822,0.765887558,0,0,0,0,1,6,0,0,0,0,0,0
Held-Cluster4-Empty,371,7.44,3,-2.68745518,-1.24348986,-10.67536,0,0,0,0,1,7,0,0,0,0,0,0
Held-Cluster4-Empty,372,7.46,0,-3.081549,-1.60692775,-1.96337056,0,0,0,0,1,7,0,0,0,0,0,0
Held-Cluster4-Empty,372,7.46,1,-2.703434,-1.61346316,-3.947603,0,0,0,0,1,9,0,0,0,0,0,0
Held-Cluster4-Empty,372,7.46,2,-3.06400228,-1.228822,0.765887558,0,0,0,0,1,6,0,0,0,0,0,0
Held-Cluster4-Empty,372,7.46,3,-2.68745518,-1.24348986,-10.67536,0,0,0,0,1,7,0,0,0,0,0,0
Held-Cluster4-Empty,373,7.48,0,-3.081549,-1.60692775,-1.96337056,0,0,0,0,1,7,0,0,0,0,0,0
Held-Cluster4-Empty,373,7.48,1,-2.703434,-1.61346316,-3.947603,0,0,0,0,1,9,0,0,0,0,0,0
Held-Cluster4-Empty,373,7.48,2,-3.06400228,-1.228822,0.765887558,0,0,0,0,1,6,0,0,0,0,0,0
Held-Cluster4-Empty,373,7.48,3,-2.68745518,-1.24348986,-10.67536,0,0,0,0,1,7,0,0,0,0,0,0
Held-Cluster4-Empty,374,7.5,0,-3.081549,-1.60692775,-1.96337056,0,0,0,0,1,7,0,0,0,0,0,0
Held-Cluster4-Empty,374,7.5,1,-2.703434,-1.61346316,-3.947603,0,0,0,0,1,9,0,0,0,0,0,0
Held-Cluster4-Empty,374,7.5,2,-3.06400228,-1.228822,0.765887558,0,0,0,0,1,6,0,0,0,0,0,0
Held-Cluster4-Empty,374,7.5,3,-2.68745518,-1.24348986,-10.67536,0,0,0,0,1,7,0,0,0,0,0,0
Held-Cluster4-Empty,375,7.52,0,-3.081549,-1.60692775,-1.96337056,0,0,0,0,1,7,0,0,0,0,0,0
Held-Cluster4-Empty,375,7.52,1,-2.703434,-1.61346316,-3.947603,0,0,0,0,1,9,0,0,0,0,0,0
Held-Cluster4-Empty,375,7.52,2,-3.06400228,-1.228822,0.765887558,0,0,0,0,1,6,0,0,0,0,0,0
Held-Cluster4-Empty,375,7.52,3,-2.68745518,-1.24348986,-10.67536,0,0,0,0,1,7,0,0,0,0,0,0
Held-Cluster4-Empty,376,7.54,0,-3.081549,-1.60692775,-1.96337056,0,0,0,0,1,7,0,0,0,0,0,0
Held-Cluster4-Empty,376,7.54,1,-2.703434,-1.61346316,-3.947603,0,0,0,0,1,9,0,0,0,0,0,0
Held-Cluster4-Empty,376,7.54,2,-3.06400228,-1.228822,0.765887558,0,0,0,0,1,6,0,0,0,0,0,0
Held-Cluster4-Empty,376,7.54,3,-2.68745518,-1.24348986,-10.67536,0,0,0,0,1,7,0,0,0,0,0,0
Held-Cluster4-Empty,377,7.56,0,-3.081549,-1.60692775,-1.96337056,0,0,0,0,1,7,0,0,0,0,0,0
Held-Cluster4-Empty,377,7.56,1,-2.703434,-1.61346316,-3.947603,0,0,0,0,1,9,0,0,0,0,0,0
Held-Cluster4-Empty,377,7.56,2,-3.06400228,-1.228822,0.765887558,0,0,0,0,1,6,0,0,0,0,0,0
Held-Cluster4-Empty,377,7.56,3,-2.68745518,-1.24348986,-10.67536,0,0,0,0,1,7,0,0,0,0,0,0
Held-Cluster4-Empty,378,7.58,0,-3.081549,-1.60692775,-1.96337056,0,0,0,0,1,7,0,0,0,0,0,0
Held-Cluster4-Empty,378,7.58,1,-2.703434,-1.61346316,-3.947603,0,0,0,0,1,9,0,0,0,0,0,0
Held-Cluster4-Empty,378,7.58,2,-3.06400228,-1.228822,0.765887558,0,0,0,0,1,6,0,0,0,0,0,0
Held-Cluster4-Empty,378,7.58,3,-2.68745518,-1.24348986,-10.67536,0,0,0,0,1,7,0,0,0,0,0,0
Held-Cluster4-Empty,379,7.6,0,-3.081549,-1.60692775,-1.96337056,0,0,0,0,1,7,0,0,0,0,0,0
Held-Cluster4-Empty,379,7.6,1,-2.703434,-1.61346316,-3.947603,0,0,0,0,1,9,0,0,0,0,0,0
Held-Cluster4-Empty,379,7.6,2,-3.06400228,-1.228822,0.765887558,0,0,0,0,1,6,0,0,0,0,0,0
Held-Cluster4-Empty,379,7.6,3,-2.68745518,-1.24348986,-10.67536,0,0,0,0,1,7,0,0,0,0,0,0
Held-Cluster4-Empty,380,7.62,0,-3.081549,-1.60692775,-1.96337056,0,0,0,0,1,7,0,0,0,0,0,0
Held-Cluster4-Empty,380,7.62,1,-2.703434,-1.61346316,-3.947603,0,0,0,0,1,9,0,0,0,0,0,0
Held-Cluster4-Empty,380,7.62,2,-3.06400228,-1.228822,0.765887558,0,0,0,0,1,6,0,0,0,0,0,0
Held-Cluster4-Empty,380,7.62,3,-2.68745518,-1.24348986,-10.67536,0,0,0,0,1,7,0,0,0,0,0,0
Held-Cluster4-Empty,381,7.64,0,-3.081549,-1.60692775,-1.96337056,0,0,0,0,1,7,0,0,0,0,0,0
Held-Cluster4-Empty,381,7.64,1,-2.703434,-1.61346316,-3.947603,0,0,0,0,1,9,0,0,0,0,0,0
Held-Cluster4-Empty,381,7.64,2,-3.06400228,-1.228822,0.765887558,0,0,0,0,1,6,0,0,0,0,0,0
Held-Cluster4-Empty,381,7.64,3,-2.68745518,-1.24348986,-10.67536,0,0,0,0,1,7,0,0,0,0,0,0
Held-Cluster4-Empty,382,7.66,0,-3.081549,-1.60692775,-1.96337056,0,0,0,0,1,7,0,0,0,0,0,0
Held-Cluster4-Empty,382,7.66,1,-2.703434,-1.61346316,-3.947603,0,0,0,0,1,9,0,0,0,0,0,0
Held-Cluster4-Empty,382,7.66,2,-3.06400228,-1.228822,0.765887558,0,0,0,0,1,6,0,0,0,0,0,0
Held-Cluster4-Empty,382,7.66,3,-2.68745518,-1.24348986,-10.67536,0,0,0,0,1,7,0,0,0,0,0,0
Held-Cluster4-Empty,383,7.68,0,-3.081549,-1.60692775,-1.96337056,0,0,0,0,1,7,0,0,0,0,0,0
Held-Cluster4-Empty,383,7.68,1,-2.703434,-1.61346316,-3.947603,0,0,0,0,1,9,0,0,0,0,0,0
Held-Cluster4-Empty,383,7.68,2,-3.06400228,-1.228822,0.765887558,0,0,0,0,1,6,0,0,0,0,0,0
Held-Cluster4-Empty,383,7.68,3,-2.68745518,-1.24348986,-10.67536,0,0,0,0,1,7,0,0,0,0,0,0
Held-Cluster4-Empty,384,7.7,0,-3.081549,-1.60692775,-1.96337056,0,0,0,0,1,7,0,0,0,0,0,0
Held-Cluster4-Empty,384,7.7,1,-2.703434,-1.61346316,-3.947603,0,0,0,0,1,9,0,0,0,0,0,0
Held-Cluster4-Empty,384,7.7,2,-3.06400228,-1.228822,0.765887558,0,0,0,0,1,6,0,0,0,0,0,0
Held-Cluster4-Empty,384,7.7,3,-2.68745518,-1.24348986,-10.67536,0,0,0,0,1,7,0,0,0,0,0,0
Held-Cluster4-Empty,385,7.72,0,-3.081549,-1.60692775,-1.96337056,0,0,0,0,1,7,0,0,0,0,0,0
Held-Cluster4-Empty,385,7.72,1,-2.703434,-1.61346316,-3.947603,0,0,0,0,1,9,0,0,0,0,0,0
Held-Cluster4-Empty,385,7.72,2,-3.06400228,-1.228822,0.765887558,0,0,0,0,1,6,0,0,0,0,0,0
Held-Cluster4-Empty,385,7.72,3,-2.68745518,-1.24348986,-10.67536,0,0,0,0,1,7,0,0,0,0,0,0
Held-Cluster4-Empty,386,7.74,0,-3.081549,-1.60692775,-1.96337056,0,0,0,0,1,7,0,0,0,0,0,0
Held-Cluster4-Empty,386,7.74,1,-2.703434,-1.61346316,-3.947603,0,0,0,0,1,9,0,0,0,0,0,0
Held-Cluster4-Empty,386,7.74,2,-3.06400228,-1.228822,0.765887558,0,0,0,0,1,6,0,0,0,0,0,0
Held-Cluster4-Empty,386,7.74,3,-2.68745518,-1.24348986,-10.67536,0,0,0,0,1,7,0,0,0,0,0,0
Held-Cluster4-Empty,387,7.75999975,0,-3.081549,-1.60692775,-1.96337056,0,0,0,0,1,7,0,0,0,0,0,0
Held-Cluster4-Empty,387,7.75999975,1,-2.703434,-1.61346316,-3.947603,0,0,0,0,1,9,0,0,0,0,0,0
Held-Cluster4-Empty,387,7.75999975,2,-3.06400228,-1.228822,0.765887558,0,0,0,0,1,6,0,0,0,0,0,0
Held-Cluster4-Empty,387,7.75999975,3,-2.68745518,-1.24348986,-10.67536,0,0,0,0,1,7,0,0,0,0,0,0
Held-Cluster4-Empty,388,7.77999973,0,-3.081549,-1.60692775,-1.96337056,0,0,0,0,1,7,0,0,0,0,0,0
Held-Cluster4-Empty,388,7.77999973,1,-2.703434,-1.61346316,-3.947603,0,0,0,0,1,9,0,0,0,0,0,0
Held-Cluster4-Empty,388,7.77999973,2,-3.06400228,-1.228822,0.765887558,0,0,0,0,1,6,0,0,0,0,0,0
Held-Cluster4-Empty,388,7.77999973,3,-2.68745518,-1.24348986,-10.67536,0,0,0,0,1,7,0,0,0,0,0,0
Held-Cluster4-Empty,389,7.79999971,0,-3.081549,-1.60692775,-1.96337056,0,0,0,0,1,7,0,0,0,0,0,0
Held-Cluster4-Empty,389,7.79999971,1,-2.703434,-1.61346316,-3.947603,0,0,0,0,1,9,0,0,0,0,0,0
Held-Cluster4-Empty,389,7.79999971,2,-3.06400228,-1.228822,0.765887558,0,0,0,0,1,6,0,0,0,0,0,0
Held-Cluster4-Empty,389,7.79999971,3,-2.68745518,-1.24348986,-10.67536,0,0,0,0,1,7,0,0,0,0,0,0
Held-Cluster4-Empty,390,7.81999969,0,-3.081549,-1.60692775,-1.96337056,0,0,0,0,1,7,0,0,0,0,0,0
Held-Cluster4-Empty,390,7.81999969,1,-2.703434,-1.61346316,-3.947603,0,0,0,0,1,9,0,0,0,0,0,0
Held-Cluster4-Empty,390,7.81999969,2,-3.06400228,-1.228822,0.765887558,0,0,0,0,1,6,0,0,0,0,0,0
Held-Cluster4-Empty,390,7.81999969,3,-2.68745518,-1.24348986,-10.67536,0,0,0,0,1,7,0,0,0,0,0,0
Held-Cluster4-Empty,391,7.83999968,0,-3.081549,-1.60692775,-1.96337056,0,0,0,0,1,7,0,0,0,0,0,0
Held-Cluster4-Empty,391,7.83999968,1,-2.703434,-1.61346316,-3.947603,0,0,0,0,1,9,0,0,0,0,0,0
Held-Cluster4-Empty,391,7.83999968,2,-3.06400228,-1.228822,0.765887558,0,0,0,0,1,6,0,0,0,0,0,0
Held-Cluster4-Empty,391,7.83999968,3,-2.68745518,-1.24348986,-10.67536,0,0,0,0,1,7,0,0,0,0,0,0
Held-Cluster4-Empty,392,7.85999966,0,-3.081549,-1.60692775,-1.96337056,0,0,0,0,1,7,0,0,0,0,0,0
Held-Cluster4-Empty,392,7.85999966,1,-2.703434,-1.61346316,-3.947603,0,0,0,0,1,9,0,0,0,0,0,0
Held-Cluster4-Empty,392,7.85999966,2,-3.06400228,-1.228822,0.765887558,0,0,0,0,1,6,0,0,0,0,0,0
Held-Cluster4-Empty,392,7.85999966,3,-2.68745518,-1.24348986,-10.67536,0,0,0,0,1,7,0,0,0,0,0,0
Held-Cluster4-Empty,393,7.87999964,0,-3.081549,-1.60692775,-1.96337056,0,0,0,0,1,7,0,0,0,0,0,0
Held-Cluster4-Empty,393,7.87999964,1,-2.703434,-1.61346316,-3.947603,0,0,0,0,1,9,0,0,0,0,0,0
Held-Cluster4-Empty,393,7.87999964,2,-3.06400228,-1.228822,0.765887558,0,0,0,0,1,6,0,0,0,0,0,0
Held-Cluster4-Empty,393,7.87999964,3,-2.68745518,-1.24348986,-10.67536,0,0,0,0,1,7,0,0,0,0,0,0
Held-Cluster4-Empty,394,7.89999962,0,-3.081549,-1.60692775,-1.96337056,0,0,0,0,1,7,0,0,0,0,0,0
Held-Cluster4-Empty,394,7.89999962,1,-2.703434,-1.61346316,-3.947603,0,0,0,0,1,9,0,0,0,0,0,0
Held-Cluster4-Empty,394,7.89999962,2,-3.06400228,-1.228822,0.765887558,0,0,0,0,1,6,0,0,0,0,0,0
Held-Cluster4-Empty,394,7.89999962,3,-2.68745518,-1.24348986,-10.67536,0,0,0,0,1,7,0,0,0,0,0,0
Held-Cluster4-Empty,395,7.9199996,0,-3.081549,-1.60692775,-1.96337056,0,0,0,0,1,7,0,0,0,0,0,0
Held-Cluster4-Empty,395,7.9199996,1,-2.703434,-1.61346316,-3.947603,0,0,0,0,1,9,0,0,0,0,0,0
Held-Cluster4-Empty,395,7.9199996,2,-3.06400228,-1.228822,0.765887558,0,0,0,0,1,6,0,0,0,0,0,0
Held-Cluster4-Empty,395,7.9199996,3,-2.68745518,-1.24348986,-10.67536,0,0,0,0,1,7,0,0,0,0,0,0
Held-Cluster4-Empty,396,7.94,0,-3.081549,-1.60692775,-1.96337056,0,0,0,0,1,7,0,0,0,0,0,0
Held-Cluster4-Empty,396,7.94,1,-2.703434,-1.61346316,-3.947603,0,0,0,0,1,9,0,0,0,0,0,0
Held-Cluster4-Empty,396,7.94,2,-3.06400228,-1.228822,0.765887558,0,0,0,0,1,6,0,0,0,0,0,0
Held-Cluster4-Empty,396,7.94,3,-2.68745518,-1.24348986,-10.67536,0,0,0,0,1,7,0,0,0,0,0,0
Held-Cluster4-Empty,397,7.96,0,-3.081549,-1.60692775,-1.96337056,0,0,0,0,1,7,0,0,0,0,0,0
Held-Cluster4-Empty,397,7.96,1,-2.703434,-1.61346316,-3.947603,0,0,0,0,1,9,0,0,0,0,0,0
Held-Cluster4-Empty,397,7.96,2,-3.06400228,-1.228822,0.765887558,0,0,0,0,1,6,0,0,0,0,0,0
Held-Cluster4-Empty,397,7.96,3,-2.68745518,-1.24348986,-10.67536,0,0,0,0,1,7,0,0,0,0,0,0
Held-Cluster4-Empty,398,7.98,0,-3.081549,-1.60692775,-1.96337056,0,0,0,0,1,7,0,0,0,0,0,0
Held-Cluster4-Empty,398,7.98,1,-2.703434,-1.61346316,-3.947603,0,0,0,0,1,9,0,0,0,0,0,0
Held-Cluster4-Empty,398,7.98,2,-3.06400228,-1.228822,0.765887558,0,0,0,0,1,6,0,0,0,0,0,0
Held-Cluster4-Empty,398,7.98,3,-2.68745518,-1.24348986,-10.67536,0,0,0,0,1,7,0,0,0,0,0,0
Held-Cluster4-Empty,399,8,0,-3.081549,-1.60692775,-1.96337056,0,0,0,0,1,7,0,0,0,0,0,0
Held-Cluster4-Empty,399,8,1,-2.703434,-1.61346316,-3.947603,0,0,0,0,1,9,0,0,0,0,0,0
Held-Cluster4-Empty,399,8,2,-3.06400228,-1.228822,0.765887558,0,0,0,0,1,6,0,0,0,0,0,0
Held-Cluster4-Empty,399,8,3,-2.68745518,-1.24348986,-10.67536,0,0,0,0,1,7,0,0,0,0,0,0
Held-Cluster4-F,300,6.02,0,-3.08277416,-1.60600221,-1.551883,0,0,0,0,1,9,49,0.001190775,0.00546298129,0,41,0
Held-Cluster4-F,300,6.02,1,-2.70577168,-1.6150769,-3.00641847,0,0,0,0,1,12,49,0.001190775,0.00546298129,0,41,0
Held-Cluster4-F,300,6.02,2,-3.0662396,-1.2289921,0.6115535,0,0,0,0,1,6,49,0.001190775,0.00546298129,0,41,0
Held-Cluster4-F,300,6.02,3,-2.69223833,-1.24494112,-10.3195639,0,0,0,0,1,7,49,0.001190775,0.00546298129,0,41,0
Held-Cluster4-F,301,6.04,0,-3.08277416,-1.60600221,-1.551883,0,0,0,0,1,9,49,0.0009012394,0.002988737,0,41,0
Held-Cluster4-F,301,6.04,1,-2.70577168,-1.6150769,-3.00641847,0,0,0,0,1,12,49,0.0009012394,0.002988737,0,41,0
Held-Cluster4-F,301,6.04,2,-3.0662396,-1.2289921,0.6115535,0,0,0,0,1,6,49,0.0009012394,0.002988737,0,41,0
Held-Cluster4-F,301,6.04,3,-2.69223833,-1.24494112,-10.3195639,0,0,0,0,1,7,49,0.0009012394,0.002988737,0,41,0
Held-Cluster4-F,302,6.06,0,-3.08277416,-1.60600221,-1.551883,0,0,0,0,1,9,49,0.000672653841,0.00249456847,0,41,0
Held-Cluster4-F,302,6.06,1,-2.70577168,-1.6150769,-3.00641847,0,0,0,0,1,12,49,0.000672653841,0.00249456847,0,41,0
Held-Cluster4-F,302,6.06,2,-3.0662396,-1.2289921,0.6115535,0,0,0,0,1,6,49,0.000672653841,0.00249456847,0,41,0
Held-Cluster4-F,302,6.06,3,-2.69223833,-1.24494112,-10.3195639,0,0,0,0,1,7,49,0.000672653841,0.00249456847,0,41,0
Held-Cluster4-F,303,6.08,0,-3.08277416,-1.60600221,-1.551883,0,0,0,0,1,9,49,0.00120680733,0.005402452,0,41,0
Held-Cluster4-F,303,6.08,1,-2.70577168,-1.6150769,-3.00641847,0,0,0,0,1,12,49,0.00120680733,0.005402452,0,41,0
Held-Cluster4-F,303,6.08,2,-3.0662396,-1.2289921,0.6115535,0,0,0,0,1,6,49,0.00120680733,0.005402452,0,41,0
Held-Cluster4-F,303,6.08,3,-2.69223833,-1.24494112,-10.3195639,0,0,0,0,1,7,49,0.00120680733,0.005402452,0,41,0
Held-Cluster4-F,304,6.1,0,-3.08277416,-1.60600221,-1.551883,0,0,0,0,1,9,49,0.0008899268,0.002976971,0,41,0
Held-Cluster4-F,304,6.1,1,-2.70577168,-1.6150769,-3.00641847,0,0,0,0,1,12,49,0.0008899268,0.002976971,0,41,0
Held-Cluster4-F,304,6.1,2,-3.0662396,-1.2289921,0.6115535,0,0,0,0,1,6,49,0.0008899268,0.002976971,0,41,0
Held-Cluster4-F,304,6.1,3,-2.69223833,-1.24494112,-10.3195639,0,0,0,0,1,7,49,0.0008899268,0.002976971,0,41,0
Held-Cluster4-F,305,6.12,0,-3.08277416,-1.60600221,-1.551883,0,0,0,0,1,9,49,0.0006775881,0.002506334,0,41,0
Held-Cluster4-F,305,6.12,1,-2.70577168,-1.6150769,-3.00641847,0,0,0,0,1,12,49,0.0006775881,0.002506334,0,41,0
Held-Cluster4-F,305,6.12,2,-3.0662396,-1.2289921,0.6115535,0,0,0,0,1,6,49,0.0006775881,0.002506334,0,41,0
Held-Cluster4-F,305,6.12,3,-2.69223833,-1.24494112,-10.3195639,0,0,0,0,1,7,49,0.0006775881,0.002506334,0,41,0
Held-Cluster4-F,306,6.14,0,-3.08277416,-1.60600221,-1.551883,0,0,0,0,1,9,49,0.001193646,0.005488082,0,41,0
Held-Cluster4-F,306,6.14,1,-2.70577168,-1.6150769,-3.00641847,0,0,0,0,1,12,49,0.001193646,0.005488082,0,41,0
Held-Cluster4-F,306,6.14,2,-3.0662396,-1.2289921,0.6115535,0,0,0,0,1,6,49,0.001193646,0.005488082,0,41,0
Held-Cluster4-F,306,6.14,3,-2.69223833,-1.24494112,-10.3195639,0,0,0,0,1,7,49,0.001193646,0.005488082,0,41,0
Held-Cluster4-F,307,6.16,0,-3.08277416,-1.60600221,-1.551883,0,0,0,0,1,9,49,0.0008984755,0.00307109882,0,41,0
Held-Cluster4-F,307,6.16,1,-2.70577168,-1.6150769,-3.00641847,0,0,0,0,1,12,49,0.0008984755,0.00307109882,0,41,0
Held-Cluster4-F,307,6.16,2,-3.0662396,-1.2289921,0.6115535,0,0,0,0,1,6,49,0.0008984755,0.00307109882,0,41,0
Held-Cluster4-F,307,6.16,3,-2.69223833,-1.24494112,-10.3195639,0,0,0,0,1,7,49,0.0008984755,0.00307109882,0,41,0
Held-Cluster4-F,308,6.18,0,-3.08277416,-1.60600221,-1.551883,0,0,0,0,1,9,49,0.0006758727,0.00255339686,0,41,0
Held-Cluster4-F,308,6.18,1,-2.70577168,-1.6150769,-3.00641847,0,0,0,0,1,12,49,0.0006758727,0.00255339686,0,41,0
Held-Cluster4-F,308,6.18,2,-3.0662396,-1.2289921,0.6115535,0,0,0,0,1,6,49,0.0006758727,0.00255339686,0,41,0
Held-Cluster4-F,308,6.18,3,-2.69223833,-1.24494112,-10.3195639,0,0,0,0,1,7,49,0.0006758727,0.00255339686,0,41,0
Held-Cluster4-F,309,6.2,0,-3.08277416,-1.60600221,-1.551883,0,0,0,0,1,9,49,0.001203085,0.00540854177,0,41,0
Held-Cluster4-F,309,6.2,1,-2.70577168,-1.6150769,-3.00641847,0,0,0,0,1,12,49,0.001203085,0.00540854177,0,41,0
Held-Cluster4-F,309,6.2,2,-3.0662396,-1.2289921,0.6115535,0,0,0,0,1,6,49,0.001203085,0.00540854177,0,41,0
Held-Cluster4-F,309,6.2,3,-2.69223833,-1.24494112,-10.3195639,0,0,0,0,1,7,49,0.001203085,0.00540854177,0,41,0
Held-Cluster4-F,310,6.22,0,-3.08277416,-1.60600221,-1.551883,0,0,0,0,1,9,49,0.0008983427,0.003059333,0,41,0
Held-Cluster4-F,310,6.22,1,-2.70577168,-1.6150769,-3.00641847,0,0,0,0,1,12,49,0.0008983427,0.003059333,0,41,0
Held-Cluster4-F,310,6.22,2,-3.0662396,-1.2289921,0.6115535,0,0,0,0,1,6,49,0.0008983427,0.003059333,0,41,0
Held-Cluster4-F,310,6.22,3,-2.69223833,-1.24494112,-10.3195639,0,0,0,0,1,7,49,0.0008983427,0.003059333,0,41,0
Held-Cluster4-F,311,6.24,0,-3.08277416,-1.60600221,-1.551883,0,0,0,0,1,9,49,0.000677024829,0.00257692812,0,41,0
Held-Cluster4-F,311,6.24,1,-2.70577168,-1.6150769,-3.00641847,0,0,0,0,1,12,49,0.000677024829,0.00257692812,0,41,0
Held-Cluster4-F,311,6.24,2,-3.0662396,-1.2289921,0.6115535,0,0,0,0,1,6,49,0.000677024829,0.00257692812,0,41,0
Held-Cluster4-F,311,6.24,3,-2.69223833,-1.24494112,-10.3195639,0,0,0,0,1,7,49,0.000677024829,0.00257692812,0,41,0
Held-Cluster4-F,312,6.25999975,0,-3.08277416,-1.60600221,-1.551883,0,0,0,0,1,9,49,0.001209306,0.00537951943,0,41,0
Held-Cluster4-F,312,6.25999975,1,-2.70577168,-1.6150769,-3.00641847,0,0,0,0,1,12,49,0.001209306,0.00537951943,0,41,0
Held-Cluster4-F,312,6.25999975,2,-3.0662396,-1.2289921,0.6115535,0,0,0,0,1,6,49,0.001209306,0.00537951943,0,41,0
Held-Cluster4-F,312,6.25999975,3,-2.69223833,-1.24494112,-10.3195639,0,0,0,0,1,7,49,0.001209306,0.00537951943,0,41,0
Held-Cluster4-F,313,6.27999973,0,-3.08277416,-1.60600221,-1.551883,0,0,0,0,1,9,49,0.0009161772,0.003035801,0,41,0
Held-Cluster4-F,313,6.27999973,1,-2.70577168,-1.6150769,-3.00641847,0,0,0,0,1,12,49,0.0009161772,0.003035801,0,41,0
Held-Cluster4-F,313,6.27999973,2,-3.0662396,-1.2289921,0.6115535,0,0,0,0,1,6,49,0.0009161772,0.003035801,0,41,0
Held-Cluster4-F,313,6.27999973,3,-2.69223833,-1.24494112,-10.3195639,0,0,0,0,1,7,49,0.0009161772,0.003035801,0,41,0
Held-Cluster4-F,314,6.29999971,0,-3.08277416,-1.60600221,-1.551883,0,0,0,0,1,9,49,0.000692785659,0.00275341328,0,41,0
Held-Cluster4-F,314,6.29999971,1,-2.70577168,-1.6150769,-3.00641847,0,0,0,0,1,12,49,0.000692785659,0.00275341328,0,41,0
Held-Cluster4-F,314,6.29999971,2,-3.0662396,-1.2289921,0.6115535,0,0,0,0,1,6,49,0.000692785659,0.00275341328,0,41,0
Held-Cluster4-F,314,6.29999971,3,-2.69223833,-1.24494112,-10.3195639,0,0,0,0,1,7,49,0.000692785659,0.00275341328,0,41,0
Held-Cluster4-F,315,6.31999969,0,-3.08277416,-1.60600221,-1.551883,0,0,0,0,1,9,49,0.00119161932,0.00520360377,0,41,0
Held-Cluster4-F,315,6.31999969,1,-2.70577168,-1.6150769,-3.00641847,0,0,0,0,1,12,49,0.00119161932,0.00520360377,0,41,0
Held-Cluster4-F,315,6.31999969,2,-3.0662396,-1.2289921,0.6115535,0,0,0,0,1,6,49,0.00119161932,0.00520360377,0,41,0
Held-Cluster4-F,315,6.31999969,3,-2.69223833,-1.24494112,-10.3195639,0,0,0,0,1,7,49,0.00119161932,0.00520360377,0,41,0
Held-Cluster4-F,316,6.33999968,0,-3.08277416,-1.60600221,-1.551883,0,0,0,0,1,9,49,0.0008764879,0.003059333,0,41,0
Held-Cluster4-F,316,6.33999968,1,-2.70577168,-1.6150769,-3.00641847,0,0,0,0,1,12,49,0.0008764879,0.003059333,0,41,0
Held-Cluster4-F,316,6.33999968,2,-3.0662396,-1.2289921,0.6115535,0,0,0,0,1,6,49,0.0008764879,0.003059333,0,41,0
Held-Cluster4-F,316,6.33999968,3,-2.69223833,-1.24494112,-10.3195639,0,0,0,0,1,7,49,0.0008764879,0.003059333,0,41,0
Held-Cluster4-F,317,6.35999966,0,-3.08277416,-1.60600221,-1.551883,0,0,0,0,1,9,49,0.0006645792,0.00257725432,0,41,0
Held-Cluster4-F,317,6.35999966,1,-2.70577168,-1.6150769,-3.00641847,0,0,0,0,1,12,49,0.0006645792,0.00257725432,0,41,0
Held-Cluster4-F,317,6.35999966,2,-3.0662396,-1.2289921,0.6115535,0,0,0,0,1,6,49,0.0006645792,0.00257725432,0,41,0
Held-Cluster4-F,317,6.35999966,3,-2.69223833,-1.24494112,-10.3195639,0,0,0,0,1,7,49,0.0006645792,0.00257725432,0,41,0
Held-Cluster4-F,318,6.37999964,0,-3.08277416,-1.60600221,-1.551883,0,0,0,0,1,9,49,0.001202379,0.005324353,0,41,0
Held-Cluster4-F,318,6.37999964,1,-2.70577168,-1.6150769,-3.00641847,0,0,0,0,1,12,49,0.001202379,0.005324353,0,41,0
Held-Cluster4-F,318,6.37999964,2,-3.0662396,-1.2289921,0.6115535,0,0,0,0,1,6,49,0.001202379,0.005324353,0,41,0
Held-Cluster4-F,318,6.37999964,3,-2.69223833,-1.24494112,-10.3195639,0,0,0,0,1,7,49,0.001202379,0.005324353,0,41,0
Held-Cluster4-F,319,6.39999962,0,-3.08277416,-1.60600221,-1.551883,0,0,0,0,1,9,49,0.0009131872,0.00296544237,0,41,0
Held-Cluster4-F,319,6.39999962,1,-2.70577168,-1.6150769,-3.00641847,0,0,0,0,1,12,49,0.0009131872,0.00296544237,0,41,0
Held-Cluster4-F,319,6.39999962,2,-3.0662396,-1.2289921,0.6115535,0,0,0,0,1,6,49,0.0009131872,0.00296544237,0,41,0
Held-Cluster4-F,319,6.39999962,3,-2.69223833,-1.24494112,-10.3195639,0,0,0,0,1,7,49,0.0009131872,0.00296544237,0,41,0
Held-Cluster4-F,320,6.42,0,-3.08277416,-1.60600221,-1.551883,0,0,0,0,1,9,49,0.000672812865,0.002835773,0,41,0
Held-Cluster4-F,320,6.42,1,-2.70577168,-1.6150769,-3.00641847,0,0,0,0,1,12,49,0.000672812865,0.002835773,0,41,0
Held-Cluster4-F,320,6.42,2,-3.0662396,-1.2289921,0.6115535,0,0,0,0,1,6,49,0.000672812865,0.002835773,0,41,0
Held-Cluster4-F,320,6.42,3,-2.69223833,-1.24494112,-10.3195639,0,0,0,0,1,7,49,0.000672812865,0.002835773,0,41,0
Held-Cluster4-F,321,6.44,0,-3.08277416,-1.60600221,-1.551883,0,0,0,0,1,9,49,0.00120584108,0.00512334332,0,41,0
Held-Cluster4-F,321,6.44,1,-2.70577168,-1.6150769,-3.00641847,0,0,0,0,1,12,49,0.00120584108,0.00512334332,0,41,0
Held-Cluster4-F,321,6.44,2,-3.0662396,-1.2289921,0.6115535,0,0,0,0,1,6,49,0.00120584108,0.00512334332,0,41,0
Held-Cluster4-F,321,6.44,3,-2.69223833,-1.24494112,-10.3195639,0,0,0,0,1,7,49,0.00120584108,0.00512334332,0,41,0
Held-Cluster4-F,322,6.46,0,-3.08277416,-1.60600221,-1.551883,0,0,0,0,1,9,49,0.0008919761,0.00311816274,0,41,0
Held-Cluster4-F,322,6.46,1,-2.70577168,-1.6150769,-3.00641847,0,0,0,0,1,12,49,0.0008919761,0.00311816274,0,41,0
Held-Cluster4-F,322,6.46,2,-3.0662396,-1.2289921,0.6115535,0,0,0,0,1,6,49,0.0008919761,0.00311816274,0,41,0
Held-Cluster4-F,322,6.46,3,-2.69223833,-1.24494112,-10.3195639,0,0,0,0,1,7,49,0.0008919761,0.00311816274,0,41,0
Held-Cluster4-F,323,6.48,0,-3.08277416,-1.60600221,-1.551883,0,0,0,0,1,9,49,0.00070267386,0.002694585,0,41,0
Held-Cluster4-F,323,6.48,1,-2.70577168,-1.6150769,-3.00641847,0,0,0,0,1,12,49,0.00070267386,0.002694585,0,41,0
Held-Cluster4-F,323,6.48,2,-3.0662396,-1.2289921,0.6115535,0,0,0,0,1,6,49,0.00070267386,0.002694585,0,41,0
Held-Cluster4-F,323,6.48,3,-2.69223833,-1.24494112,-10.3195639,0,0,0,0,1,7,49,0.00070267386,0.002694585,0,41,0
Held-Cluster4-F,324,6.5,0,-3.08277416,-1.60600221,-1.551883,0,0,0,0,1,9,49,0.001184479,0.00533870747,0,41,0
Held-Cluster4-F,324,6.5,1,-2.70577168,-1.6150769,-3.00641847,0,0,0,0,1,12,49,0.001184479,0.00533870747,0,41,0
Held-Cluster4-F,324,6.5,2,-3.0662396,-1.2289921,0.6115535,0,0,0,0,1,6,49,0.001184479,0.00533870747,0,41,0
Held-Cluster4-F,324,6.5,3,-2.69223833,-1.24494112,-10.3195639,0,0,0,0,1,7,49,0.001184479,0.00533870747,0,41,0
Held-Cluster4-F,325,6.52,0,-3.08277416,-1.60600221,-1.551883,0,0,0,0,1,9,49,0.000904491055,0.003059333,0,41,0
Held-Cluster4-F,325,6.52,1,-2.70577168,-1.6150769,-3.00641847,0,0,0,0,1,12,49,0.000904491055,0.003059333,0,41,0
Held-Cluster4-F,325,6.52,2,-3.0662396,-1.2289921,0.6115535,0,0,0,0,1,6,49,0.000904491055,0.003059333,0,41,0
Held-Cluster4-F,325,6.52,3,-2.69223833,-1.24494112,-10.3195639,0,0,0,0,1,7,49,0.000904491055,0.003059333,0,41,0
Held-Cluster4-F,326,6.54,0,-3.08277416,-1.60600221,-1.551883,0,0,0,0,1,9,49,0.000672134745,0.00281254435,0,41,0
Held-Cluster4-F,326,6.54,1,-2.70577168,-1.6150769,-3.00641847,0,0,0,0,1,12,49,0.000672134745,0.00281254435,0,41,0
Held-Cluster4-F,326,6.54,2,-3.0662396,-1.2289921,0.6115535,0,0,0,0,1,6,49,0.000672134745,0.00281254435,0,41,0
Held-Cluster4-F,326,6.54,3,-2.69223833,-1.24494112,-10.3195639,0,0,0,0,1,7,49,0.000672134745,0.00281254435,0,41,0
Held-Cluster4-F,327,6.56,0,-3.08277416,-1.60600221,-1.551883,0,0,0,0,1,9,49,0.00121395139,0.00509896269,0,41,0
Held-Cluster4-F,327,6.56,1,-2.70577168,-1.6150769,-3.00641847,0,0,0,0,1,12,49,0.00121395139,0.00509896269,0,41,0
Held-Cluster4-F,327,6.56,2,-3.0662396,-1.2289921,0.6115535,0,0,0,0,1,6,49,0.00121395139,0.00509896269,0,41,0
Held-Cluster4-F,327,6.56,3,-2.69223833,-1.24494112,-10.3195639,0,0,0,0,1,7,49,0.00121395139,0.00509896269,0,41,0
Held-Cluster4-F,328,6.58,0,-3.08277416,-1.60600221,-1.551883,0,0,0,0,1,9,49,0.0008821909,0.003153693,0,41,0
Held-Cluster4-F,328,6.58,1,-2.70577168,-1.6150769,-3.00641847,0,0,0,0,1,12,49,0.0008821909,0.003153693,0,41,0
Held-Cluster4-F,328,6.58,2,-3.0662396,-1.2289921,0.6115535,0,0,0,0,1,6,49,0.0008821909,0.003153693,0,41,0
Held-Cluster4-F,328,6.58,3,-2.69223833,-1.24494112,-10.3195639,0,0,0,0,1,7,49,0.0008821909,0.003153693,0,41,0
Held-Cluster4-F,329,6.6,0,-3.08277416,-1.60600221,-1.551883,0,0,0,0,1,9,49,0.000702125661,0.002824309,0,41,0
Held-Cluster4-F,329,6.6,1,-2.70577168,-1.6150769,-3.00641847,0,0,0,0,1,12,49,0.000702125661,0.002824309,0,41,0
Held-Cluster4-F,329,6.6,2,-3.0662396,-1.2289921,0.6115535,0,0,0,0,1,6,49,0.000702125661,0.002824309,0,41,0
Held-Cluster4-F,329,6.6,3,-2.69223833,-1.24494112,-10.3195639,0,0,0,0,1,7,49,0.000702125661,0.002824309,0,41,0
Held-Cluster4-F,330,6.62,0,-3.08277416,-1.60600221,-1.551883,0,0,0,0,1,9,49,0.00117888383,0.00529852975,0,41,0
Held-Cluster4-F,330,6.62,1,-2.70577168,-1.6150769,-3.00641847,0,0,0,0,1,12,49,0.00117888383,0.00529852975,0,41,0
Held-Cluster4-F,330,6.62,2,-3.0662396,-1.2289921,0.6115535,0,0,0,0,1,6,49,0.00117888383,0.00529852975,0,41,0
Held-Cluster4-F,330,6.62,3,-2.69223833,-1.24494112,-10.3195639,0,0,0,0,1,7,49,0.00117888383,0.00529852975,0,41,0
Held-Cluster4-F,331,6.64,0,-3.08277416,-1.60600221,-1.551883,0,0,0,0,1,9,49,0.0009008579,0.00294167316,0,41,0
Held-Cluster4-F,331,6.64,1,-2.70577168,-1.6150769,-3.00641847,0,0,0,0,1,12,49,0.0009008579,0.00294167316,0,41,0
Held-Cluster4-F,331,6.64,2,-3.0662396,-1.2289921,0.6115535,0,0,0,0,1,6,49,0.0009008579,0.00294167316,0,41,0
Held-Cluster4-F,331,6.64,3,-2.69223833,-1.24494112,-10.3195639,0,0,0,0,1,7,49,0.0009008579,0.00294167316,0,41,0
Held-Cluster4-F,332,6.66,0,-3.08277416,-1.60600221,-1.551883,0,0,0,0,1,9,49,0.000671713031,0.00287106982,0,41,0
Held-Cluster4-F,332,6.66,1,-2.70577168,-1.6150769,-3.00641847,0,0,0,0,1,12,49,0.000671713031,0.00287106982,0,41,0
Held-Cluster4-F,332,6.66,2,-3.0662396,-1.2289921,0.6115535,0,0,0,0,1,6,49,0.000671713031,0.00287106982,0,41,0
Held-Cluster4-F,332,6.66,3,-2.69223833,-1.24494112,-10.3195639,0,0,0,0,1,7,49,0.000671713031,0.00287106982,0,41,0
Held-Cluster4-F,333,6.68,0,-3.08277416,-1.60600221,-1.551883,0,0,0,0,1,9,49,0.00121124287,0.00503554149,0,41,0
Held-Cluster4-F,333,6.68,1,-2.70577168,-1.6150769,-3.00641847,0,0,0,0,1,12,49,0.00121124287,0.00503554149,0,41,0
Held-Cluster4-F,333,6.68,2,-3.0662396,-1.2289921,0.6115535,0,0,0,0,1,6,49,0.00121124287,0.00503554149,0,41,0
Held-Cluster4-F,333,6.68,3,-2.69223833,-1.24494112,-10.3195639,0,0,0,0,1,7,49,0.00121124287,0.00503554149,0,41,0
Held-Cluster4-F,334,6.7,0,-3.08277416,-1.60600221,-1.551883,0,0,0,0,1,9,49,0.0008657333,0.00316545856,0,41,0
Held-Cluster4-F,334,6.7,1,-2.70577168,-1.6150769,-3.00641847,0,0,0,0,1,12,49,0.0008657333,0.00316545856,0,41,0
Held-Cluster4-F,334,6.7,2,-3.0662396,-1.2289921,0.6115535,0,0,0,0,1,6,49,0.0008657333,0.00316545856,0,41,0
Held-Cluster4-F,334,6.7,3,-2.69223833,-1.24494112,-10.3195639,0,0,0,0,1,7,49,0.0008657333,0.00316545856,0,41,0
Held-Cluster4-F,335,6.72,0,-3.08277416,-1.60600221,-1.551883,0,0,0,0,1,9,49,0.0007210067,0.00278901518,0,41,0
Held-Cluster4-F,335,6.72,1,-2.70577168,-1.6150769,-3.00641847,0,0,0,0,1,12,49,0.0007210067,0.00278901518,0,41,0
Held-Cluster4-F,335,6.72,2,-3.0662396,-1.2289921,0.6115535,0,0,0,0,1,6,49,0.0007210067,0.00278901518,0,41,0
Held-Cluster4-F,335,6.72,3,-2.69223833,-1.24494112,-10.3195639,0,0,0,0,1,7,49,0.0007210067,0.00278901518,0,41,0
Held-Cluster4-F,336,6.74,0,-3.08277416,-1.60600221,-1.551883,0,0,0,0,1,9,49,0.00127095869,0.0047808555,0,41,0
Held-Cluster4-F,336,6.74,1,-2.70577168,-1.6150769,-3.00641847,0,0,0,0,1,12,49,0.00127095869,0.0047808555,0,41,0
Held-Cluster4-F,336,6.74,2,-3.0662396,-1.2289921,0.6115535,0,0,0,0,1,6,49,0.00127095869,0.0047808555,0,41,0
Held-Cluster4-F,336,6.74,3,-2.69223833,-1.24494112,-10.3195639,0,0,0,0,1,7,49,0.00127095869,0.0047808555,0,41,0
Held-Cluster4-F,337,6.75999975,0,-3.08277416,-1.60600221,-1.551883,0,0,0,0,1,9,49,0.00087980926,0.00318899,0,41,0
Held-Cluster4-F,337,6.75999975,1,-2.70577168,-1.6150769,-3.00641847,0,0,0,0,1,12,49,0.00087980926,0.00318899,0,41,0
Held-Cluster4-F,337,6.75999975,2,-3.0662396,-1.2289921,0.6115535,0,0,0,0,1,6,49,0.00087980926,0.00318899,0,41,0
Held-Cluster4-F,337,6.75999975,3,-2.69223833,-1.24494112,-10.3195639,0,0,0,0,1,7,49,0.00087980926,0.00318899,0,41,0
Held-Cluster4-F,338,6.77999973,0,-3.08277416,-1.60600221,-1.551883,0,0,0,0,1,9,49,0.000720783835,0.00306035578,0,41,0
Held-Cluster4-F,338,6.77999973,1,-2.70577168,-1.6150769,-3.00641847,0,0,0,0,1,12,49,0.000720783835,0.00306035578,0,41,0
Held-Cluster4-F,338,6.77999973,2,-3.0662396,-1.2289921,0.6115535,0,0,0,0,1,6,49,0.000720783835,0.00306035578,0,41,0
Held-Cluster4-F,338,6.77999973,3,-2.69223833,-1.24494112,-10.3195639,0,0,0,0,1,7,49,0.000720783835,0.00306035578,0,41,0
Held-Cluster4-F,339,6.79999971,0,-3.08277416,-1.60600221,-1.551883,0,0,0,0,1,9,49,0.00123848254,0.00506147649,0,41,0
Held-Cluster4-F,339,6.79999971,1,-2.70577168,-1.6150769,-3.00641847,0,0,0,0,1,12,49,0.00123848254,0.00506147649,0,41,0
Held-Cluster4-F,339,6.79999971,2,-3.0662396,-1.2289921,0.6115535,0,0,0,0,1,6,49,0.00123848254,0.00506147649,0,41,0
Held-Cluster4-F,339,6.79999971,3,-2.69223833,-1.24494112,-10.3195639,0,0,0,0,1,7,49,0.00123848254,0.00506147649,0,41,0
Held-Cluster4-F,340,6.81999969,0,-3.08277416,-1.60600221,-1.551883,0,0,0,0,1,9,49,0.0009483664,0.00309463078,0,41,0
Held-Cluster4-F,340,6.81999969,1,-2.70577168,-1.6150769,-3.00641847,0,0,0,0,1,12,49,0.0009483664,0.00309463078,0,41,0
Held-Cluster4-F,340,6.81999969,2,-3.0662396,-1.2289921,0.6115535,0,0,0,0,1,6,49,0.0009483664,0.00309463078,0,41,0
Held-Cluster4-F,340,6.81999969,3,-2.69223833,-1.24494112,-10.3195639,0,0,0,0,1,7,49,0.0009483664,0.00309463078,0,41,0
Held-Cluster4-F,341,6.83999968,0,-3.08277416,-1.60600221,-1.551883,0,0,0,0,1,9,49,0.0006843844,0.00289489725,0,41,0
Held-Cluster4-F,341,6.83999968,1,-2.70577168,-1.6150769,-3.00641847,0,0,0,0,1,12,49,0.0006843844,0.00289489725,0,41,0
Held-Cluster4-F,341,6.83999968,2,-3.0662396,-1.2289921,0.6115535,0,0,0,0,1,6,49,0.0006843844,0.00289489725,0,41,0
Held-Cluster4-F,341,6.83999968,3,-2.69223833,-1.24494112,-10.3195639,0,0,0,0,1,7,49,0.0006843844,0.00289489725,0,41,0
Held-Cluster4-F,342,6.85999966,0,-3.08277416,-1.60600221,-1.551883,0,0,0,0,1,9,49,0.00126538856,0.004518056,0,41,0
Held-Cluster4-F,342,6.85999966,1,-2.70577168,-1.6150769,-3.00641847,0,0,0,0,1,12,49,0.00126538856,0.004518056,0,41,0
Held-Cluster4-F,342,6.85999966,2,-3.0662396,-1.2289921,0.6115535,0,0,0,0,1,6,49,0.00126538856,0.004518056,0,41,0
Held-Cluster4-F,342,6.85999966,3,-2.69223833,-1.24494112,-10.3195639,0,0,0,0,1,7,49,0.00126538856,0.004518056,0,41,0
Held-Cluster4-F,343,6.87999964,0,-3.08277416,-1.60600221,-1.551883,0,0,0,0,1,9,49,0.000872268865,0.00302403513,0,41,0
Held-Cluster4-F,343,6.87999964,1,-2.70577168,-1.6150769,-3.00641847,0,0,0,0,1,12,49,0.000872268865,0.00302403513,0,41,0
Held-Cluster4-F,343,6.87999964,2,-3.0662396,-1.2289921,0.6115535,0,0,0,0,1,6,49,0.000872268865,0.00302403513,0,41,0
Held-Cluster4-F,343,6.87999964,3,-2.69223833,-1.24494112,-10.3195639,0,0,0,0,1,7,49,0.000872268865,0.00302403513,0,41,0
Held-Cluster4-F,344,6.89999962,0,-3.08277416,-1.60600221,-1.551883,0,0,0,0,1,9,49,0.000703531667,0.00294684945,0,41,0
Held-Cluster4-F,344,6.89999962,1,-2.70577168,-1.6150769,-3.00641847,0,0,0,0,1,12,49,0.000703531667,0.00294684945,0,41,0
Held-Cluster4-F,344,6.89999962,2,-3.0662396,-1.2289921,0.6115535,0,0,0,0,1,6,49,0.000703531667,0.00294684945,0,41,0
Held-Cluster4-F,344,6.89999962,3,-2.69223833,-1.24494112,-10.3195639,0,0,0,0,1,7,49,0.000703531667,0.00294684945,0,41,0
Held-Cluster4-F,345,6.92,0,-3.08277416,-1.60600221,-1.551883,0,0,0,0,1,9,49,0.00121979811,0.0046733385,0,41,0
Held-Cluster4-F,345,6.92,1,-2.70577168,-1.6150769,-3.00641847,0,0,0,0,1,12,49,0.00121979811,0.0046733385,0,41,0
Held-Cluster4-F,345,6.92,2,-3.0662396,-1.2289921,0.6115535,0,0,0,0,1,6,49,0.00121979811,0.0046733385,0,41,0
Held-Cluster4-F,345,6.92,3,-2.69223833,-1.24494112,-10.3195639,0,0,0,0,1,7,49,0.00121979811,0.0046733385,0,41,0
Held-Cluster4-F,346,6.94,0,-3.08277416,-1.60600221,-1.551883,0,0,0,0,1,9,49,0.000922365638,0.00305956765,0,41,0
Held-Cluster4-F,346,6.94,1,-2.70577168,-1.6150769,-3.00641847,0,0,0,0,1,12,49,0.000922365638,0.00305956765,0,41,0
Held-Cluster4-F,346,6.94,2,-3.0662396,-1.2289921,0.6115535,0,0,0,0,1,6,49,0.000922365638,0.00305956765,0,41,0
Held-Cluster4-F,346,6.94,3,-2.69223833,-1.24494112,-10.3195639,0,0,0,0,1,7,49,0.000922365638,0.00305956765,0,41,0
Held-Cluster4-F,347,6.96,0,-3.08277416,-1.60600221,-1.551883,0,0,0,0,1,9,49,0.000664815,0.00288313255,0,41,0
Held-Cluster4-F,347,6.96,1,-2.70577168,-1.6150769,-3.00641847,0,0,0,0,1,12,49,0.000664815,0.00288313255,0,41,0
Held-Cluster4-F,347,6.96,2,-3.0662396,-1.2289921,0.6115535,0,0,0,0,1,6,49,0.000664815,0.00288313255,0,41,0
Held-Cluster4-F,347,6.96,3,-2.69223833,-1.24494112,-10.3195639,0,0,0,0,1,7,49,0.000664815,0.00288313255,0,41,0
Held-Cluster4-F,348,6.98,0,-3.08277416,-1.60600221,-1.551883,0,0,0,0,1,9,49,0.00126505375,0.00415046373,0,41,0
Held-Cluster4-F,348,6.98,1,-2.70577168,-1.6150769,-3.00641847,0,0,0,0,1,12,49,0.00126505375,0.00415046373,0,41,0
Held-Cluster4-F,348,6.98,2,-3.0662396,-1.2289921,0.6115535,0,0,0,0,1,6,49,0.00126505375,0.00415046373,0,41,0
Held-Cluster4-F,348,6.98,3,-2.69223833,-1.24494112,-10.3195639,0,0,0,0,1,7,49,0.00126505375,0.00415046373,0,41,0
Held-Cluster4-F,349,7,0,-3.08277416,-1.60600221,-1.551883,0,0,0,0,1,9,49,0.000845697068,0.002930145,0,41,0
Held-Cluster4-F,349,7,1,-2.70577168,-1.6150769,-3.00641847,0,0,0,0,1,12,49,0.000845697068,0.002930145,0,41,0
Held-Cluster4-F,349,7,2,-3.0662396,-1.2289921,0.6115535,0,0,0,0,1,6,49,0.000845697068,0.002930145,0,41,0
Held-Cluster4-F,349,7,3,-2.69223833,-1.24494112,-10.3195639,0,0,0,0,1,7,49,0.000845697068,0.002930145,0,41,0
Held-Cluster4-F,350,7.02,0,-3.08277416,-1.60600221,-1.551883,0,0,0,0,1,9,49,0.000682097161,0.0029317427,0,41,0
Held-Cluster4-F,350,7.02,1,-2.70577168,-1.6150769,-3.00641847,0,0,0,0,1,12,49,0.000682097161,0.0029317427,0,41,0
Held-Cluster4-F,350,7.02,2,-3.0662396,-1.2289921,0.6115535,0,0,0,0,1,6,49,0.000682097161,0.0029317427,0,41,0
Held-Cluster4-F,350,7.02,3,-2.69223833,-1.24494112,-10.3195639,0,0,0,0,1,7,49,0.000682097161,0.0029317427,0,41,0
Held-Cluster4-F,351,7.04,0,-3.08277416,-1.60600221,-1.551883,0,0,0,0,1,9,49,0.00121751486,0.00440691737,0,41,0
Held-Cluster4-F,351,7.04,1,-2.70577168,-1.6150769,-3.00641847,0,0,0,0,1,12,49,0.00121751486,0.00440691737,0,41,0
Held-Cluster4-F,351,7.04,2,-3.0662396,-1.2289921,0.6115535,0,0,0,0,1,6,49,0.00121751486,0.00440691737,0,41,0
Held-Cluster4-F,351,7.04,3,-2.69223833,-1.24494112,-10.3195639,0,0,0,0,1,7,49,0.00121751486,0.00440691737,0,41,0
Held-Cluster4-F,352,7.06,0,-3.08277416,-1.60600221,-1.551883,0,0,0,0,1,9,49,0.0009134014,0.00307109882,0,41,0
Held-Cluster4-F,352,7.06,1,-2.70577168,-1.6150769,-3.00641847,0,0,0,0,1,12,49,0.0009134014,0.00307109882,0,41,0
Held-Cluster4-F,352,7.06,2,-3.0662396,-1.2289921,0.6115535,0,0,0,0,1,6,49,0.0009134014,0.00307109882,0,41,0
Held-Cluster4-F,352,7.06,3,-2.69223833,-1.24494112,-10.3195639,0,0,0,0,1,7,49,0.0009134014,0.00307109882,0,41,0
Held-Cluster4-F,353,7.08,0,-3.08277416,-1.60600221,-1.551883,0,0,0,0,1,9,49,0.000661414466,0.00284783845,0,41,0
Held-Cluster4-F,353,7.08,1,-2.70577168,-1.6150769,-3.00641847,0,0,0,0,1,12,49,0.000661414466,0.00284783845,0,41,0
Held-Cluster4-F,353,7.08,2,-3.0662396,-1.2289921,0.6115535,0,0,0,0,1,6,49,0.000661414466,0.00284783845,0,41,0
Held-Cluster4-F,353,7.08,3,-2.69223833,-1.24494112,-10.3195639,0,0,0,0,1,7,49,0.000661414466,0.00284783845,0,41,0
Held-Cluster4-F,354,7.1,0,-3.08277416,-1.60600221,-1.551883,0,0,0,0,1,9,49,0.0012545425,0.0040361206,0,41,0
Held-Cluster4-F,354,7.1,1,-2.70577168,-1.6150769,-3.00641847,0,0,0,0,1,12,49,0.0012545425,0.0040361206,0,41,0
Held-Cluster4-F,354,7.1,2,-3.0662396,-1.2289921,0.6115535,0,0,0,0,1,6,49,0.0012545425,0.0040361206,0,41,0
Held-Cluster4-F,354,7.1,3,-2.69223833,-1.24494112,-10.3195639,0,0,0,0,1,7,49,0.0012545425,0.0040361206,0,41,0
Held-Cluster4-F,355,7.12,0,-3.08277416,-1.60600221,-1.551883,0,0,0,0,1,9,49,0.000816173444,0.00261222525,0,41,0
Held-Cluster4-F,355,7.12,1,-2.70577168,-1.6150769,-3.00641847,0,0,0,0,1,12,49,0.000816173444,0.00261222525,0,41,0
Held-Cluster4-F,355,7.12,2,-3.0662396,-1.2289921,0.6115535,0,0,0,0,1,6,49,0.000816173444,0.00261222525,0,41,0
Held-Cluster4-F,355,7.12,3,-2.69223833,-1.24494112,-10.3195639,0,0,0,0,1,7,49,0.000816173444,0.00261222525,0,41,0
Held-Cluster4-F,356,7.14,0,-3.08277416,-1.60600221,-1.551883,0,0,0,0,1,9,49,0.000665467232,0.002683134,0,41,0
Held-Cluster4-F,356,7.14,1,-2.70577168,-1.6150769,-3.00641847,0,0,0,0,1,12,49,0.000665467232,0.002683134,0,41,0
Held-Cluster4-F,356,7.14,2,-3.0662396,-1.2289921,0.6115535,0,0,0,0,1,6,49,0.000665467232,0.002683134,0,41,0
Held-Cluster4-F,356,7.14,3,-2.69223833,-1.24494112,-10.3195639,0,0,0,0,1,7,49,0.000665467232,0.002683134,0,41,0
Held-Cluster4-F,357,7.16,0,-3.08277416,-1.60600221,-1.551883,0,0,0,0,1,9,49,0.001237608,0.004406372,0,41,0
Held-Cluster4-F,357,7.16,1,-2.70577168,-1.6150769,-3.00641847,0,0,0,0,1,12,49,0.001237608,0.004406372,0,41,0
Held-Cluster4-F,357,7.16,2,-3.0662396,-1.2289921,0.6115535,0,0,0,0,1,6,49,0.001237608,0.004406372,0,41,0
Held-Cluster4-F,357,7.16,3,-2.69223833,-1.24494112,-10.3195639,0,0,0,0,1,7,49,0.001237608,0.004406372,0,41,0
Held-Cluster4-F,358,7.18,0,-3.08277416,-1.60600221,-1.551883,0,0,0,0,1,9,49,0.0009128692,0.00287112268,0,41,0
Held-Cluster4-F,358,7.18,1,-2.70577168,-1.6150769,-3.00641847,0,0,0,0,1,12,49,0.0009128692,0.00287112268,0,41,0
Held-Cluster4-F,358,7.18,2,-3.0662396,-1.2289921,0.6115535,0,0,0,0,1,6,49,0.0009128692,0.00287112268,0,41,0
Held-Cluster4-F,358,7.18,3,-2.69223833,-1.24494112,-10.3195639,0,0,0,0,1,7,49,0.0009128692,0.00287112268,0,41,0
Held-Cluster4-F,359,7.2,0,-3.08277416,-1.60600221,-1.551883,0,0,0,0,1,9,49,0.000625147833,0.00247085723,0,41,0
Held-Cluster4-F,359,7.2,1,-2.70577168,-1.6150769,-3.00641847,0,0,0,0,1,12,49,0.000625147833,0.00247085723,0,41,0
Held-Cluster4-F,359,7.2,2,-3.0662396,-1.2289921,0.6115535,0,0,0,0,1,6,49,0.000625147833,0.00247085723,0,41,0
Held-Cluster4-F,359,7.2,3,-2.69223833,-1.24494112,-10.3195639,0,0,0,0,1,7,49,0.000625147833,0.00247085723,0,41,0
Held-Cluster4-F,360,7.22,0,-3.08277416,-1.60600221,-1.551883,0,0,0,0,1,9,49,0.00125527778,0.004130245,0,41,0
Held-Cluster4-F,360,7.22,1,-2.70577168,-1.6150769,-3.00641847,0,0,0,0,1,12,49,0.00125527778,0.004130245,0,41,0
Held-Cluster4-F,360,7.22,2,-3.0662396,-1.2289921,0.6115535,0,0,0,0,1,6,49,0.00125527778,0.004130245,0,41,0
Held-Cluster4-F,360,7.22,3,-2.69223833,-1.24494112,-10.3195639,0,0,0,0,1,7,49,0.00125527778,0.004130245,0,41,0
Held-Cluster4-F,361,7.24,0,-3.08277416,-1.60600221,-1.551883,0,0,0,0,1,9,49,0.000871130149,0.002976971,0,41,0
Held-Cluster4-F,361,7.24,1,-2.70577168,-1.6150769,-3.00641847,0,0,0,0,1,12,49,0.000871130149,0.002976971,0,41,0
Held-Cluster4-F,361,7.24,2,-3.0662396,-1.2289921,0.6115535,0,0,0,0,1,6,49,0.000871130149,0.002976971,0,41,0
Held-Cluster4-F,361,7.24,3,-2.69223833,-1.24494112,-10.3195639,0,0,0,0,1,7,49,0.000871130149,0.002976971,0,41,0
Held-Cluster4-F,362,7.25999975,0,-3.08277416,-1.60600221,-1.551883,0,0,0,0,1,9,49,0.0006854076,0.00278644869,0,41,0
Held-Cluster4-F,362,7.25999975,1,-2.70577168,-1.6150769,-3.00641847,0,0,0,0,1,12,49,0.0006854076,0.00278644869,0,41,0
Held-Cluster4-F,362,7.25999975,2,-3.0662396,-1.2289921,0.6115535,0,0,0,0,1,6,49,0.0006854076,0.00278644869,0,41,0
Held-Cluster4-F,362,7.25999975,3,-2.69223833,-1.24494112,-10.3195639,0,0,0,0,1,7,49,0.0006854076,0.00278644869,0,41,0
Held-Cluster4-F,363,7.27999973,0,-3.08277416,-1.60600221,-1.551883,0,0,0,0,1,9,49,0.00122116739,0.00407141726,0,41,0
Held-Cluster4-F,363,7.27999973,1,-2.70577168,-1.6150769,-3.00641847,0,0,0,0,1,12,49,0.00122116739,0.00407141726,0,41,0
Held-Cluster4-F,363,7.27999973,2,-3.0662396,-1.2289921,0.6115535,0,0,0,0,1,6,49,0.00122116739,0.00407141726,0,41,0
Held-Cluster4-F,363,7.27999973,3,-2.69223833,-1.24494112,-10.3195639,0,0,0,0,1,7,49,0.00122116739,0.00407141726,0,41,0
Held-Cluster4-F,364,7.29999971,0,-3.08277416,-1.60600221,-1.551883,0,0,0,0,1,9,49,0.000873338431,0.00304780179,0,41,0
Held-Cluster4-F,364,7.29999971,1,-2.70577168,-1.6150769,-3.00641847,0,0,0,0,1,12,49,0.000873338431,0.00304780179,0,41,0
Held-Cluster4-F,364,7.29999971,2,-3.0662396,-1.2289921,0.6115535,0,0,0,0,1,6,49,0.000873338431,0.00304780179,0,41,0
Held-Cluster4-F,364,7.29999971,3,-2.69223833,-1.24494112,-10.3195639,0,0,0,0,1,7,49,0.000873338431,0.00304780179,0,41,0
Held-Cluster4-F,365,7.31999969,0,-3.08277416,-1.60600221,-1.551883,0,0,0,0,1,9,49,0.0006306673,0.00281254435,0,41,0
Held-Cluster4-F,365,7.31999969,1,-2.70577168,-1.6150769,-3.00641847,0,0,0,0,1,12,49,0.0006306673,0.00281254435,0,41,0
Held-Cluster4-F,365,7.31999969,2,-3.0662396,-1.2289921,0.6115535,0,0,0,0,1,6,49,0.0006306673,0.00281254435,0,41,0
Held-Cluster4-F,365,7.31999969,3,-2.69223833,-1.24494112,-10.3195639,0,0,0,0,1,7,49,0.0006306673,0.00281254435,0,41,0
Held-Cluster4-F,366,7.33999968,0,-3.08277416,-1.60600221,-1.551883,0,0,0,0,1,9,49,0.001266115,0.00410671346,0,41,0
Held-Cluster4-F,366,7.33999968,1,-2.70577168,-1.6150769,-3.00641847,0,0,0,0,1,12,49,0.001266115,0.00410671346,0,41,0
Held-Cluster4-F,366,7.33999968,2,-3.0662396,-1.2289921,0.6115535,0,0,0,0,1,6,49,0.001266115,0.00410671346,0,41,0
Held-Cluster4-F,366,7.33999968,3,-2.69223833,-1.24494112,-10.3195639,0,0,0,0,1,7,49,0.001266115,0.00410671346,0,41,0
Held-Cluster4-F,367,7.35999966,0,-3.08277416,-1.60600221,-1.551883,0,0,0,0,1,9,49,0.000865488953,0.00287872017,0,41,0
Held-Cluster4-F,367,7.35999966,1,-2.70577168,-1.6150769,-3.00641847,0,0,0,0,1,12,49,0.000865488953,0.00287872017,0,41,0
Held-Cluster4-F,367,7.35999966,2,-3.0662396,-1.2289921,0.6115535,0,0,0,0,1,6,49,0.000865488953,0.00287872017,0,41,0
Held-Cluster4-F,367,7.35999966,3,-2.69223833,-1.24494112,-10.3195639,0,0,0,0,1,7,49,0.000865488953,0.00287872017,0,41,0
Held-Cluster4-F,368,7.37999964,0,-3.08277416,-1.60600221,-1.551883,0,0,0,0,1,9,49,0.0006793009,0.00283607375,0,41,0
Held-Cluster4-F,368,7.37999964,1,-2.70577168,-1.6150769,-3.00641847,0,0,0,0,1,12,49,0.0006793009,0.00283607375,0,41,0
Held-Cluster4-F,368,7.37999964,2,-3.0662396,-1.2289921,0.6115535,0,0,0,0,1,6,49,0.0006793009,0.00283607375,0,41,0
Held-Cluster4-F,368,7.37999964,3,-2.69223833,-1.24494112,-10.3195639,0,0,0,0,1,7,49,0.0006793009,0.00283607375,0,41,0
Held-Cluster4-F,369,7.39999962,0,-3.08277416,-1.60600221,-1.551883,0,0,0,0,1,9,49,0.00123728253,0.00402435474,0,41,0
Held-Cluster4-F,369,7.39999962,1,-2.70577168,-1.6150769,-3.00641847,0,0,0,0,1,12,49,0.00123728253,0.00402435474,0,41,0
Held-Cluster4-F,369,7.39999962,2,-3.0662396,-1.2289921,0.6115535,0,0,0,0,1,6,49,0.00123728253,0.00402435474,0,41,0
Held-Cluster4-F,369,7.39999962,3,-2.69223833,-1.24494112,-10.3195639,0,0,0,0,1,7,49,0.00123728253,0.00402435474,0,41,0
Held-Cluster4-F,370,7.4199996,0,-3.08277416,-1.60600221,-1.551883,0,0,0,0,1,9,49,0.0008368227,0.00278895744,0,41,0
Held-Cluster4-F,370,7.4199996,1,-2.70577168,-1.6150769,-3.00641847,0,0,0,0,1,12,49,0.0008368227,0.00278895744,0,41,0
Held-Cluster4-F,370,7.4199996,2,-3.0662396,-1.2289921,0.6115535,0,0,0,0,1,6,49,0.0008368227,0.00278895744,0,41,0
Held-Cluster4-F,370,7.4199996,3,-2.69223833,-1.24494112,-10.3195639,0,0,0,0,1,7,49,0.0008368227,0.00278895744,0,41,0
Held-Cluster4-F,371,7.44,0,-3.08277416,-1.60600221,-1.551883,0,0,0,0,1,9,49,0.000634810131,0.00243574,0,41,0
Held-Cluster4-F,371,7.44,1,-2.70577168,-1.6150769,-3.00641847,0,0,0,0,1,12,49,0.000634810131,0.00243574,0,41,0
Held-Cluster4-F,371,7.44,2,-3.0662396,-1.2289921,0.6115535,0,0,0,0,1,6,49,0.000634810131,0.00243574,0,41,0
Held-Cluster4-F,371,7.44,3,-2.69223833,-1.24494112,-10.3195639,0,0,0,0,1,7,49,0.000634810131,0.00243574,0,41,0
Held-Cluster4-F,372,7.46,0,-3.08277416,-1.60600221,-1.551883,0,0,0,0,1,9,49,0.00130851148,0.004075139,0,41,0
Held-Cluster4-F,372,7.46,1,-2.70577168,-1.6150769,-3.00641847,0,0,0,0,1,12,49,0.00130851148,0.004075139,0,41,0
Held-Cluster4-F,372,7.46,2,-3.0662396,-1.2289921,0.6115535,0,0,0,0,1,6,49,0.00130851148,0.004075139,0,41,0
Held-Cluster4-F,372,7.46,3,-2.69223833,-1.24494112,-10.3195639,0,0,0,0,1,7,49,0.00130851148,0.004075139,0,41,0
Held-Cluster4-F,373,7.48,0,-3.08277416,-1.60600221,-1.551883,0,0,0,0,1,9,49,0.00074716087,0.00248280284,0,41,0
Held-Cluster4-F,373,7.48,1,-2.70577168,-1.6150769,-3.00641847,0,0,0,0,1,12,49,0.00074716087,0.00248280284,0,41,0
Held-Cluster4-F,373,7.48,2,-3.0662396,-1.2289921,0.6115535,0,0,0,0,1,6,49,0.00074716087,0.00248280284,0,41,0
Held-Cluster4-F,373,7.48,3,-2.69223833,-1.24494112,-10.3195639,0,0,0,0,1,7,49,0.00074716087,0.00248280284,0,41,0
Held-Cluster4-F,374,7.5,0,-3.08277416,-1.60600221,-1.551883,0,0,0,0,1,9,49,0.0006179093,0.00245961151,0,41,0
Held-Cluster4-F,374,7.5,1,-2.70577168,-1.6150769,-3.00641847,0,0,0,0,1,12,49,0.0006179093,0.00245961151,0,41,0
Held-Cluster4-F,374,7.5,2,-3.0662396,-1.2289921,0.6115535,0,0,0,0,1,6,49,0.0006179093,0.00245961151,0,41,0
Held-Cluster4-F,374,7.5,3,-2.69223833,-1.24494112,-10.3195639,0,0,0,0,1,7,49,0.0006179093,0.00245961151,0,41,0
Held-Cluster4-F,375,7.52,0,-3.08277416,-1.60600221,-1.551883,0,0,0,0,1,9,49,0.00126431056,0.004589833,0,41,0
Held-Cluster4-F,375,7.52,1,-2.70577168,-1.6150769,-3.00641847,0,0,0,0,1,12,49,0.00126431056,0.004589833,0,41,0
Held-Cluster4-F,375,7.52,2,-3.0662396,-1.2289921,0.6115535,0,0,0,0,1,6,49,0.00126431056,0.004589833,0,41,0
Held-Cluster4-F,375,7.52,3,-2.69223833,-1.24494112,-10.3195639,0,0,0,0,1,7,49,0.00126431056,0.004589833,0,41,0
Held-Cluster4-F,376,7.54,0,-3.08277416,-1.60600221,-1.551883,0,0,0,0,1,9,49,0.000877115,0.002694585,0,41,0
Held-Cluster4-F,376,7.54,1,-2.70577168,-1.6150769,-3.00641847,0,0,0,0,1,12,49,0.000877115,0.002694585,0,41,0
Held-Cluster4-F,376,7.54,2,-3.0662396,-1.2289921,0.6115535,0,0,0,0,1,6,49,0.000877115,0.002694585,0,41,0
Held-Cluster4-F,376,7.54,3,-2.69223833,-1.24494112,-10.3195639,0,0,0,0,1,7,49,0.000877115,0.002694585,0,41,0
Held-Cluster4-F,377,7.56,0,-3.08277416,-1.60600221,-1.551883,0,0,0,0,1,9,49,0.0007004133,0.00291813281,0,41,0
Held-Cluster4-F,377,7.56,1,-2.70577168,-1.6150769,-3.00641847,0,0,0,0,1,12,49,0.0007004133,0.00291813281,0,41,0
Held-Cluster4-F,377,7.56,2,-3.0662396,-1.2289921,0.6115535,0,0,0,0,1,6,49,0.0007004133,0.00291813281,0,41,0
Held-Cluster4-F,377,7.56,3,-2.69223833,-1.24494112,-10.3195639,0,0,0,0,1,7,49,0.0007004133,0.00291813281,0,41,0
Held-Cluster4-F,378,7.58,0,-3.08277416,-1.60600221,-1.551883,0,0,0,0,1,9,49,0.00123371719,0.00415352732,0,41,0
Held-Cluster4-F,378,7.58,1,-2.70577168,-1.6150769,-3.00641847,0,0,0,0,1,12,49,0.00123371719,0.00415352732,0,41,0
Held-Cluster4-F,378,7.58,2,-3.0662396,-1.2289921,0.6115535,0,0,0,0,1,6,49,0.00123371719,0.00415352732,0,41,0
Held-Cluster4-F,378,7.58,3,-2.69223833,-1.24494112,-10.3195639,0,0,0,0,1,7,49,0.00123371719,0.00415352732,0,41,0
Held-Cluster4-F,379,7.6,0,-3.08277416,-1.60600221,-1.551883,0,0,0,0,1,9,49,0.000846643234,0.00274165277,0,41,0
Held-Cluster4-F,379,7.6,1,-2.70577168,-1.6150769,-3.00641847,0,0,0,0,1,12,49,0.000846643234,0.00274165277,0,41,0
Held-Cluster4-F,379,7.6,2,-3.0662396,-1.2289921,0.6115535,0,0,0,0,1,6,49,0.000846643234,0.00274165277,0,41,0
Held-Cluster4-F,379,7.6,3,-2.69223833,-1.24494112,-10.3195639,0,0,0,0,1,7,49,0.000846643234,0.00274165277,0,41,0
Held-Cluster4-F,380,7.62,0,-3.08277416,-1.60600221,-1.551883,0,0,0,0,1,9,49,0.0006651945,0.00251809973,0,41,0
Held-Cluster4-F,380,7.62,1,-2.70577168,-1.6150769,-3.00641847,0,0,0,0,1,12,49,0.0006651945,0.00251809973,0,41,0
Held-Cluster4-F,380,7.62,2,-3.0662396,-1.2289921,0.6115535,0,0,0,0,1,6,49,0.0006651945,0.00251809973,0,41,0
Held-Cluster4-F,380,7.62,3,-2.69223833,-1.24494112,-10.3195639,0,0,0,0,1,7,49,0.0006651945,0.00251809973,0,41,0
Held-Cluster4-F,381,7.64,0,-3.08277416,-1.60600221,-1.551883,0,0,0,0,1,9,49,0.00125834567,0.00420354772,0,41,0
Held-Cluster4-F,381,7.64,1,-2.70577168,-1.6150769,-3.00641847,0,0,0,0,1,12,49,0.00125834567,0.00420354772,0,41,0
Held-Cluster4-F,381,7.64,2,-3.0662396,-1.2289921,0.6115535,0,0,0,0,1,6,49,0.00125834567,0.00420354772,0,41,0
Held-Cluster4-F,381,7.64,3,-2.69223833,-1.24494112,-10.3195639,0,0,0,0,1,7,49,0.00125834567,0.00420354772,0,41,0
Held-Cluster4-F,382,7.66,0,-3.08277416,-1.60600221,-1.551883,0,0,0,0,1,9,49,0.0008311389,0.00272541121,0,41,0
Held-Cluster4-F,382,7.66,1,-2.70577168,-1.6150769,-3.00641847,0,0,0,0,1,12,49,0.0008311389,0.00272541121,0,41,0
Held-Cluster4-F,382,7.66,2,-3.0662396,-1.2289921,0.6115535,0,0,0,0,1,6,49,0.0008311389,0.00272541121,0,41,0
Held-Cluster4-F,382,7.66,3,-2.69223833,-1.24494112,-10.3195639,0,0,0,0,1,7,49,0.0008311389,0.00272541121,0,41,0
Held-Cluster4-F,383,7.68,0,-3.08277416,-1.60600221,-1.551883,0,0,0,0,1,9,49,0.0006103565,0.0025503654,0,41,0
Held-Cluster4-F,383,7.68,1,-2.70577168,-1.6150769,-3.00641847,0,0,0,0,1,12,49,0.0006103565,0.0025503654,0,41,0
Held-Cluster4-F,383,7.68,2,-3.0662396,-1.2289921,0.6115535,0,0,0,0,1,6,49,0.0006103565,0.0025503654,0,41,0
Held-Cluster4-F,383,7.68,3,-2.69223833,-1.24494112,-10.3195639,0,0,0,0,1,7,49,0.0006103565,0.0025503654,0,41,0
Held-Cluster4-F,384,7.7,0,-3.08277416,-1.60600221,-1.551883,0,0,0,0,1,9,49,0.00125833962,0.004165542,0,41,0
Held-Cluster4-F,384,7.7,1,-2.70577168,-1.6150769,-3.00641847,0,0,0,0,1,12,49,0.00125833962,0.004165542,0,41,0
Held-Cluster4-F,384,7.7,2,-3.0662396,-1.2289921,0.6115535,0,0,0,0,1,6,49,0.00125833962,0.004165542,0,41,0
Held-Cluster4-F,384,7.7,3,-2.69223833,-1.24494112,-10.3195639,0,0,0,0,1,7,49,0.00125833962,0.004165542,0,41,0
Held-Cluster4-F,385,7.72,0,-3.08277416,-1.60600221,-1.551883,0,0,0,0,1,9,49,0.0008362395,0.00274164742,0,41,0
Held-Cluster4-F,385,7.72,1,-2.70577168,-1.6150769,-3.00641847,0,0,0,0,1,12,49,0.0008362395,0.00274164742,0,41,0
Held-Cluster4-F,385,7.72,2,-3.0662396,-1.2289921,0.6115535,0,0,0,0,1,6,49,0.0008362395,0.00274164742,0,41,0
Held-Cluster4-F,385,7.72,3,-2.69223833,-1.24494112,-10.3195639,0,0,0,0,1,7,49,0.0008362395,0.00274164742,0,41,0
Held-Cluster4-F,386,7.74,0,-3.08277416,-1.60600221,-1.551883,0,0,0,0,1,9,49,0.000673003669,0.00277024484,0,41,0
Held-Cluster4-F,386,7.74,1,-2.70577168,-1.6150769,-3.00641847,0,0,0,0,1,12,49,0.000673003669,0.00277024484,0,41,0
Held-Cluster4-F,386,7.74,2,-3.0662396,-1.2289921,0.6115535,0,0,0,0,1,6,49,0.000673003669,0.00277024484,0,41,0
Held-Cluster4-F,386,7.74,3,-2.69223833,-1.24494112,-10.3195639,0,0,0,0,1,7,49,0.000673003669,0.00277024484,0,41,0
Held-Cluster4-F,387,7.75999975,0,-3.08277416,-1.60600221,-1.551883,0,0,0,0,1,9,49,0.00125213154,0.004071168,0,41,0
Held-Cluster4-F,387,7.75999975,1,-2.70577168,-1.6150769,-3.00641847,0,0,0,0,1,12,49,0.00125213154,0.004071168,0,41,0
Held-Cluster4-F,387,7.75999975,2,-3.0662396,-1.2289921,0.6115535,0,0,0,0,1,6,49,0.00125213154,0.004071168,0,41,0
Held-Cluster4-F,387,7.75999975,3,-2.69223833,-1.24494112,-10.3195639,0,0,0,0,1,7,49,0.00125213154,0.004071168,0,41,0
Held-Cluster4-F,388,7.77999973,0,-3.08277416,-1.60600221,-1.551883,0,0,0,0,1,9,49,0.0008970672,0.00271811616,0,41,0
Held-Cluster4-F,388,7.77999973,1,-2.70577168,-1.6150769,-3.00641847,0,0,0,0,1,12,49,0.0008970672,0.00271811616,0,41,0
Held-Cluster4-F,388,7.77999973,2,-3.0662396,-1.2289921,0.6115535,0,0,0,0,1,6,49,0.0008970672,0.00271811616,0,41,0
Held-Cluster4-F,388,7.77999973,3,-2.69223833,-1.24494112,-10.3195639,0,0,0,0,1,7,49,0.0008970672,0.00271811616,0,41,0
Held-Cluster4-F,389,7.79999971,0,-3.08277416,-1.60600221,-1.551883,0,0,0,0,1,9,49,0.000605479232,0.00235338043,0,41,0
Held-Cluster4-F,389,7.79999971,1,-2.70577168,-1.6150769,-3.00641847,0,0,0,0,1,12,49,0.000605479232,0.00235338043,0,41,0
Held-Cluster4-F,389,7.79999971,2,-3.0662396,-1.2289921,0.6115535,0,0,0,0,1,6,49,0.000605479232,0.00235338043,0,41,0
Held-Cluster4-F,389,7.79999971,3,-2.69223833,-1.24494112,-10.3195639,0,0,0,0,1,7,49,0.000605479232,0.00235338043,0,41,0
Held-Cluster4-F,390,7.81999969,0,-3.08277416,-1.60600221,-1.551883,0,0,0,0,1,9,49,0.001254858,0.00425966643,0,41,0
Held-Cluster4-F,390,7.81999969,1,-2.70577168,-1.6150769,-3.00641847,0,0,0,0,1,12,49,0.001254858,0.00425966643,0,41,0
Held-Cluster4-F,390,7.81999969,2,-3.0662396,-1.2289921,0.6115535,0,0,0,0,1,6,49,0.001254858,0.00425966643,0,41,0
Held-Cluster4-F,390,7.81999969,3,-2.69223833,-1.24494112,-10.3195639,0,0,0,0,1,7,49,0.001254858,0.00425966643,0,41,0
Held-Cluster4-F,391,7.83999968,0,-3.08277416,-1.60600221,-1.551883,0,0,0,0,1,9,49,0.000939992,0.00316522666,0,41,0
Held-Cluster4-F,391,7.83999968,1,-2.70577168,-1.6150769,-3.00641847,0,0,0,0,1,12,49,0.000939992,0.00316522666,0,41,0
Held-Cluster4-F,391,7.83999968,2,-3.0662396,-1.2289921,0.6115535,0,0,0,0,1,6,49,0.000939992,0.00316522666,0,41,0
Held-Cluster4-F,391,7.83999968,3,-2.69223833,-1.24494112,-10.3195639,0,0,0,0,1,7,49,0.000939992,0.00316522666,0,41,0
Held-Cluster4-F,392,7.85999966,0,-3.08277416,-1.60600221,-1.551883,0,0,0,0,1,9,49,0.000572364661,0.00257642451,0,41,0
Held-Cluster4-F,392,7.85999966,1,-2.70577168,-1.6150769,-3.00641847,0,0,0,0,1,12,49,0.000572364661,0.00257642451,0,41,0
Held-Cluster4-F,392,7.85999966,2,-3.0662396,-1.2289921,0.6115535,0,0,0,0,1,6,49,0.000572364661,0.00257642451,0,41,0
Held-Cluster4-F,392,7.85999966,3,-2.69223833,-1.24494112,-10.3195639,0,0,0,0,1,7,49,0.000572364661,0.00257642451,0,41,0
Held-Cluster4-F,393,7.87999964,0,-3.08277416,-1.60600221,-1.551883,0,0,0,0,1,9,49,0.00120230613,0.00468322961,0,41,0
Held-Cluster4-F,393,7.87999964,1,-2.70577168,-1.6150769,-3.00641847,0,0,0,0,1,12,49,0.00120230613,0.00468322961,0,41,0
Held-Cluster4-F,393,7.87999964,2,-3.0662396,-1.2289921,0.6115535,0,0,0,0,1,6,49,0.00120230613,0.00468322961,0,41,0
Held-Cluster4-F,393,7.87999964,3,-2.69223833,-1.24494112,-10.3195639,0,0,0,0,1,7,49,0.00120230613,0.00468322961,0,41,0
Held-Cluster4-F,394,7.89999962,0,-3.08277416,-1.60600221,-1.551883,0,0,0,0,1,9,49,0.00100614736,0.00314192753,0,41,0
Held-Cluster4-F,394,7.89999962,1,-2.70577168,-1.6150769,-3.00641847,0,0,0,0,1,12,49,0.00100614736,0.00314192753,0,41,0
Held-Cluster4-F,394,7.89999962,2,-3.0662396,-1.2289921,0.6115535,0,0,0,0,1,6,49,0.00100614736,0.00314192753,0,41,0
Held-Cluster4-F,394,7.89999962,3,-2.69223833,-1.24494112,-10.3195639,0,0,0,0,1,7,49,0.00100614736,0.00314192753,0,41,0
Held-Cluster4-F,395,7.9199996,0,-3.08277416,-1.60600221,-1.551883,0,0,0,0,1,9,49,0.00058086036,0.00237038173,0,41,0
Held-Cluster4-F,395,7.9199996,1,-2.70577168,-1.6150769,-3.00641847,0,0,0,0,1,12,49,0.00058086036,0.00237038173,0,41,0
Held-Cluster4-F,395,7.9199996,2,-3.0662396,-1.2289921,0.6115535,0,0,0,0,1,6,49,0.00058086036,0.00237038173,0,41,0
Held-Cluster4-F,395,7.9199996,3,-2.69223833,-1.24494112,-10.3195639,0,0,0,0,1,7,49,0.00058086036,0.00237038173,0,41,0
Held-Cluster4-F,396,7.94,0,-3.08277416,-1.60600221,-1.551883,0,0,0,0,1,9,49,0.00120987731,0.00485971663,0,41,0
Held-Cluster4-F,396,7.94,1,-2.70577168,-1.6150769,-3.00641847,0,0,0,0,1,12,49,0.00120987731,0.00485971663,0,41,0
Held-Cluster4-F,396,7.94,2,-3.0662396,-1.2289921,0.6115535,0,0,0,0,1,6,49,0.00120987731,0.00485971663,0,41,0
Held-Cluster4-F,396,7.94,3,-2.69223833,-1.24494112,-10.3195639,0,0,0,0,1,7,49,0.00120987731,0.00485971663,0,41,0
Held-Cluster4-F,397,7.96,0,-3.08277416,-1.60600221,-1.551883,0,0,0,0,1,9,49,0.00104030117,0.003212521,0,41,0
Held-Cluster4-F,397,7.96,1,-2.70577168,-1.6150769,-3.00641847,0,0,0,0,1,12,49,0.00104030117,0.003212521,0,41,0
Held-Cluster4-F,397,7.96,2,-3.0662396,-1.2289921,0.6115535,0,0,0,0,1,6,49,0.00104030117,0.003212521,0,41,0
Held-Cluster4-F,397,7.96,3,-2.69223833,-1.24494112,-10.3195639,0,0,0,0,1,7,49,0.00104030117,0.003212521,0,41,0
Held-Cluster4-F,398,7.98,0,-3.08277416,-1.60600221,-1.551883,0,0,0,0,1,9,49,0.0005781879,0.00211990252,0,41,0
Held-Cluster4-F,398,7.98,1,-2.70577168,-1.6150769,-3.00641847,0,0,0,0,1,12,49,0.0005781879,0.00211990252,0,41,0
Held-Cluster4-F,398,7.98,2,-3.0662396,-1.2289921,0.6115535,0,0,0,0,1,6,49,0.0005781879,0.00211990252,0,41,0
Held-Cluster4-F,398,7.98,3,-2.69223833,-1.24494112,-10.3195639,0,0,0,0,1,7,49,0.0005781879,0.00211990252,0,41,0
Held-Cluster4-F,399,8,0,-3.08277416,-1.60600221,-1.551883,0,0,0,0,1,9,49,0.00117390847,0.00476558972,0,41,0
Held-Cluster4-F,399,8,1,-2.70577168,-1.6150769,-3.00641847,0,0,0,0,1,12,49,0.00117390847,0.00476558972,0,41,0
Held-Cluster4-F,399,8,2,-3.0662396,-1.2289921,0.6115535,0,0,0,0,1,6,49,0.00117390847,0.00476558972,0,41,0
Held-Cluster4-F,399,8,3,-2.69223833,-1.24494112,-10.3195639,0,0,0,0,1,7,49,0.00117390847,0.00476558972,0,41,0
Held-FixedSingle-F,300,6.02,0,-2.903136,-1.51730585,0,0,0,0,0,1,0,29,0.00133817678,0.0056263553,0,40.5,0
Held-FixedSingle-F,301,6.04,0,-2.903136,-1.51730585,0,0,0,0,0,1,0,29,0.00126206176,0.0053006364,0,40.5,0
Held-FixedSingle-F,302,6.06,0,-2.903136,-1.51730585,0,0,0,0,0,1,0,29,0.00119184819,0.005075121,0,40.5,0
Held-FixedSingle-F,303,6.08,0,-2.903136,-1.51730585,0,0,0,0,0,1,0,29,0.00112271355,0.004772358,0,40.5,0
Held-FixedSingle-F,304,6.1,0,-2.903136,-1.51730585,0,0,0,0,0,1,0,29,0.00104951242,0.004426893,0,40.5,0
Held-FixedSingle-F,305,6.12,0,-2.903136,-1.51730585,0,0,0,0,0,1,0,29,0.000968989,0.00405558664,0,40.5,0
Held-FixedSingle-F,306,6.14,0,-2.903136,-1.51730585,0,0,0,0,0,1,0,29,0.000906791538,0.00377269438,0,40.5,0
Held-FixedSingle-F,307,6.16,0,-2.903136,-1.51730585,0,0,0,0,0,1,0,29,0.000843516144,0.00350594288,0,40.5,0
Held-FixedSingle-F,308,6.18,0,-2.903136,-1.51730585,0,0,0,0,0,1,0,29,0.000785524433,0.0034408737,0,40.5,0
Held-FixedSingle-F,309,6.2,0,-2.903136,-1.51730585,0,0,0,0,0,1,0,29,0.0007283735,0.00320345256,0,40.5,0
Held-FixedSingle-F,310,6.22,0,-2.903136,-1.51730585,0,0,0,0,0,1,0,29,0.000666979933,0.00290686451,0,40.5,0
Held-FixedSingle-F,311,6.24,0,-2.903136,-1.51730585,0,0,0,0,0,1,0,29,0.000649573049,0.002736977,0,40.5,0
Held-FixedSingle-F,312,6.25999975,0,-2.903136,-1.51730585,0,0,0,0,0,1,0,29,0.000575448037,0.00241562212,0,40.5,0
Held-FixedSingle-F,313,6.27999973,0,-2.903136,-1.51730585,0,0,0,0,0,1,0,29,0.0005705779,0.00228225277,0,40.5,0
Held-FixedSingle-F,314,6.29999971,0,-2.903136,-1.51730585,0,0,0,0,0,1,0,29,0.000513073232,0.00203314843,0,40.5,0
Held-FixedSingle-F,315,6.31999969,0,-2.903136,-1.51730585,0,0,0,0,0,1,0,29,0.000486467616,0.00191644207,0,40.5,0
Held-FixedSingle-F,316,6.33999968,0,-2.903136,-1.51730585,0,0,0,0,0,1,0,29,0.0004661573,0.00165256055,0,40.5,0
Held-FixedSingle-F,317,6.35999966,0,-2.903136,-1.51730585,0,0,0,0,0,1,0,29,0.0004005955,0.00153926539,0,40.5,0
Held-FixedSingle-F,318,6.37999964,0,-2.903136,-1.51730585,0,0,0,0,0,1,0,29,0.0003808544,0.0013619368,0,40.5,0
Held-FixedSingle-F,319,6.39999962,0,-2.903136,-1.51730585,0,0,0,0,0,1,0,29,0.000365805521,0.0012306649,0,40.5,0
Held-FixedSingle-F,320,6.42,0,-2.903136,-1.51730585,0,0,0,0,0,1,0,29,0.000351412862,0.001096308,0,40.5,0
Held-FixedSingle-F,321,6.44,0,-2.903136,-1.51730585,0,0,0,0,0,1,0,29,0.000328797731,0.0009944551,0,40.5,0
Held-FixedSingle-F,322,6.46,0,-2.903136,-1.51730585,0,0,0,0,0,1,0,29,0.000321736123,0.0008622189,0,40.5,0
Held-FixedSingle-F,323,6.48,0,-2.903136,-1.51730585,0,0,0,0,0,1,0,29,0.000305842666,0.0007878356,0,40.5,0
Held-FixedSingle-F,324,6.5,0,-2.903136,-1.51730585,0,0,0,0,0,1,0,29,0.000294428784,0.000768922269,0,40.5,0
Held-FixedSingle-F,325,6.52,0,-2.903136,-1.51730585,0,0,0,0,0,1,0,29,0.0002899404,0.0007608089,0,40.5,0
Held-FixedSingle-F,326,6.54,0,-2.903136,-1.51730585,0,0,0,0,0,1,0,29,0.000279679,0.000749743253,0,40.5,0
Held-FixedSingle-F,327,6.56,0,-2.903136,-1.51730585,0,0,0,0,0,1,0,29,0.000270663324,0.0007290616,0,40.5,0
Held-FixedSingle-F,328,6.58,0,-2.903136,-1.51730585,0,0,0,0,0,1,0,29,0.0002643106,0.0006951359,0,40.5,0
Held-FixedSingle-F,329,6.6,0,-2.903136,-1.51730585,0,0,0,0,0,1,0,29,0.000259085471,0.000719662756,0,40.5,0
Held-FixedSingle-F,330,6.62,0,-2.903136,-1.51730585,0,0,0,0,0,1,0,29,0.000259778841,0.0007076401,0,40.5,0
Held-FixedSingle-F,331,6.64,0,-2.903136,-1.51730585,0,0,0,0,0,1,0,29,0.000258167769,0.0006840943,0,40.5,0
Held-FixedSingle-F,332,6.66,0,-2.903136,-1.51730585,0,0,0,0,0,1,0,29,0.000266143266,0.000692116853,0,40.5,0
Held-FixedSingle-F,333,6.68,0,-2.903136,-1.51730585,0,0,0,0,0,1,0,29,0.000257615728,0.0007112257,0,40.5,0
Held-FixedSingle-F,334,6.7,0,-2.903136,-1.51730585,0,0,0,0,0,1,0,29,0.000260963978,0.000720918062,0,40.5,0
Held-FixedSingle-F,335,6.72,0,-2.903136,-1.51730585,0,0,0,0,0,1,0,29,0.00025608018,0.000699510449,0,40.5,0
Held-FixedSingle-F,336,6.74,0,-2.903136,-1.51730585,0,0,0,0,0,1,0,29,0.00025354547,0.000699510449,0,40.5,0
Held-FixedSingle-F,337,6.75999975,0,-2.903136,-1.51730585,0,0,0,0,0,1,0,29,0.000240497,0.000695736439,0,40.5,0
Held-FixedSingle-F,338,6.77999973,0,-2.903136,-1.51730585,0,0,0,0,0,1,0,29,0.000242200476,0.000672688358,0,40.5,0
Held-FixedSingle-F,339,6.79999971,0,-2.903136,-1.51730585,0,0,0,0,0,1,0,29,0.000242504175,0.0006961665,0,40.5,0
Held-FixedSingle-F,340,6.81999969,0,-2.903136,-1.51730585,0,0,0,0,0,1,0,29,0.0002358001,0.0006715783,0,40.5,0
Held-FixedSingle-F,341,6.83999968,0,-2.903136,-1.51730585,0,0,0,0,0,1,0,29,0.0002297387,0.0006939297,0,40.5,0
Held-FixedSingle-F,342,6.85999966,0,-2.903136,-1.51730585,0,0,0,0,0,1,0,29,0.000222884279,0.000670169829,0,40.5,0
Held-FixedSingle-F,343,6.87999964,0,-2.903136,-1.51730585,0,0,0,0,0,1,0,29,0.000221602124,0.000689956,0,40.5,0
Held-FixedSingle-F,344,6.89999962,0,-2.903136,-1.51730585,0,0,0,0,0,1,0,29,0.000219142225,0.0006883851,0,40.5,0
Held-FixedSingle-F,345,6.92,0,-2.903136,-1.51730585,0,0,0,0,0,1,0,29,0.00020591545,0.000687774154,0,40.5,0
Held-FixedSingle-F,346,6.94,0,-2.903136,-1.51730585,0,0,0,0,0,1,0,29,0.000199768663,0.000673146744,0,40.5,0
Held-FixedSingle-F,347,6.96,0,-2.903136,-1.51730585,0,0,0,0,0,1,0,29,0.000199477872,0.0006601251,0,40.5,0
Held-FixedSingle-F,348,6.98,0,-2.903136,-1.51730585,0,0,0,0,0,1,0,29,0.000200776412,0.000694759656,0,40.5,0
Held-FixedSingle-F,349,7,0,-2.903136,-1.51730585,0,0,0,0,0,1,0,29,0.000200547627,0.0006931923,0,40.5,0
Held-FixedSingle-F,350,7.02,0,-2.903136,-1.51730585,0,0,0,0,0,1,0,29,0.000197092857,0.0006925825,0,40.5,0
Held-FixedSingle-F,351,7.04,0,-2.903136,-1.51730585,0,0,0,0,0,1,0,29,0.000185961981,0.000691142166,0,40.5,0
Held-FixedSingle-F,352,7.06,0,-2.903136,-1.51730585,0,0,0,0,0,1,0,29,0.000180230287,0.0006996589,0,40.5,0
Held-FixedSingle-F,353,7.08,0,-2.903136,-1.51730585,0,0,0,0,0,1,0,29,0.000175403766,0.0006873039,0,40.5,0
Held-FixedSingle-F,354,7.1,0,-2.903136,-1.51730585,0,0,0,0,0,1,0,29,0.000173125445,0.0006839433,0,40.5,0
Held-FixedSingle-F,355,7.12,0,-2.903136,-1.51730585,0,0,0,0,0,1,0,29,0.0001741424,0.0006841157,0,40.5,0
Held-FixedSingle-F,356,7.14,0,-2.903136,-1.51730585,0,0,0,0,0,1,0,29,0.000172677421,0.0006843422,0,40.5,0
Held-FixedSingle-F,357,7.16,0,-2.903136,-1.51730585,0,0,0,0,0,1,0,29,0.000174022163,0.0006923776,0,40.5,0
Held-FixedSingle-F,358,7.18,0,-2.903136,-1.51730585,0,0,0,0,0,1,0,29,0.000174725021,0.000693564769,0,40.5,0
Held-FixedSingle-F,359,7.2,0,-2.903136,-1.51730585,0,0,0,0,0,1,0,29,0.000167726015,0.000670296664,0,40.5,0
Held-FixedSingle-F,360,7.22,0,-2.903136,-1.51730585,0,0,0,0,0,1,0,29,0.000168938481,0.0006822726,0,40.5,0
Held-FixedSingle-F,361,7.24,0,-2.903136,-1.51730585,0,0,0,0,0,1,0,29,0.000165971534,0.00067987584,0,40.5,0
Held-FixedSingle-F,362,7.25999975,0,-2.903136,-1.51730585,0,0,0,0,0,1,0,29,0.000158330586,0.0007006207,0,40.5,0
Held-FixedSingle-F,363,7.27999973,0,-2.903136,-1.51730585,0,0,0,0,0,1,0,29,0.00016066886,0.000686952146,0,40.5,0
Held-FixedSingle-F,364,7.29999971,0,-2.903136,-1.51730585,0,0,0,0,0,1,0,29,0.000151321568,0.0006976887,0,40.5,0
Held-FixedSingle-F,365,7.31999969,0,-2.903136,-1.51730585,0,0,0,0,0,1,0,29,0.0001516567,0.00069362123,0,40.5,0
Held-FixedSingle-F,366,7.33999968,0,-2.903136,-1.51730585,0,0,0,0,0,1,0,29,0.000144706166,0.0006708352,0,40.5,0
Held-FixedSingle-F,367,7.35999966,0,-2.903136,-1.51730585,0,0,0,0,0,1,0,29,0.000141823824,0.000703804544,0,40.5,0
Held-FixedSingle-F,368,7.37999964,0,-2.903136,-1.51730585,0,0,0,0,0,1,0,29,0.0001469755,0.0006674788,0,40.5,0
Held-FixedSingle-F,369,7.39999962,0,-2.903136,-1.51730585,0,0,0,0,0,1,0,29,0.00013857281,0.0006563179,0,40.5,0
Held-FixedSingle-F,370,7.4199996,0,-2.903136,-1.51730585,0,0,0,0,0,1,0,29,0.000131004941,0.000678855169,0,40.5,0
Held-FixedSingle-F,371,7.44,0,-2.903136,-1.51730585,0,0,0,0,0,1,0,29,0.000142397956,0.000664709834,0,40.5,0
Held-FixedSingle-F,372,7.46,0,-2.903136,-1.51730585,0,0,0,0,0,1,0,29,0.000138330055,0.0006603406,0,40.5,0
Held-FixedSingle-F,373,7.48,0,-2.903136,-1.51730585,0,0,0,0,0,1,0,29,0.000136501592,0.000668591354,0,40.5,0
Held-FixedSingle-F,374,7.5,0,-2.903136,-1.51730585,0,0,0,0,0,1,0,29,0.000140139935,0.0006749551,0,40.5,0
Held-FixedSingle-F,375,7.52,0,-2.903136,-1.51730585,0,0,0,0,0,1,0,29,0.0001395151,0.000698686345,0,40.5,0
Held-FixedSingle-F,376,7.54,0,-2.903136,-1.51730585,0,0,0,0,0,1,0,29,0.000134935559,0.0006856225,0,40.5,0
Held-FixedSingle-F,377,7.56,0,-2.903136,-1.51730585,0,0,0,0,0,1,0,29,0.000119312848,0.0006823902,0,40.5,0
Held-FixedSingle-F,378,7.58,0,-2.903136,-1.51730585,0,0,0,0,0,1,0,29,0.000125696635,0.00072938134,0,40.5,0
Held-FixedSingle-F,379,7.6,0,-2.903136,-1.51730585,0,0,0,0,0,1,0,29,0.000108639986,0.0006718365,0,40.5,0
Held-FixedSingle-F,380,7.62,0,-2.903136,-1.51730585,0,0,0,0,0,1,0,29,0.0001320697,0.0007396909,0,40.5,0
Held-FixedSingle-F,381,7.64,0,-2.903136,-1.51730585,0,0,0,0,0,1,0,29,0.000111997288,0.0006756798,0,40.5,0
Held-FixedSingle-F,382,7.66,0,-2.903136,-1.51730585,0,0,0,0,0,1,0,29,0.000127399748,0.0006923046,0,40.5,0
Held-FixedSingle-F,383,7.68,0,-2.903136,-1.51730585,0,0,0,0,0,1,0,29,0.000103218372,0.000644629647,0,40.5,0
Held-FixedSingle-F,384,7.7,0,-2.903136,-1.51730585,0,0,0,0,0,1,0,29,0.000119378506,0.0007060429,0,40.5,0
Held-FixedSingle-F,385,7.72,0,-2.903136,-1.51730585,0,0,0,0,0,1,0,29,0.00011400073,0.0006674046,0,40.5,0
Held-FixedSingle-F,386,7.74,0,-2.903136,-1.51730585,0,0,0,0,0,1,0,29,0.0001039756,0.00066088367,0,40.5,0
Held-FixedSingle-F,387,7.75999975,0,-2.903136,-1.51730585,0,0,0,0,0,1,0,29,0.0001175256,0.0006756798,0,40.5,0
Held-FixedSingle-F,388,7.77999973,0,-2.903136,-1.51730585,0,0,0,0,0,1,0,29,0.0001085947,0.000668217,0,40.5,0
Held-FixedSingle-F,389,7.79999971,0,-2.903136,-1.51730585,0,0,0,0,0,1,0,29,9.674647E-05,0.0006088176,0,40.5,0
Held-FixedSingle-F,390,7.81999969,0,-2.903136,-1.51730585,0,0,0,0,0,1,0,29,0.000113112743,0.000642239058,0,40.5,0
Held-FixedSingle-F,391,7.83999968,0,-2.903136,-1.51730585,0,0,0,0,0,1,0,29,0.000102513775,0.000561,0,40.5,0
Held-FixedSingle-F,392,7.85999966,0,-2.903136,-1.51730585,0,0,0,0,0,1,0,29,9.028656E-05,0.000490037957,0,40.5,0
Held-FixedSingle-F,393,7.87999964,0,-2.903136,-1.51730585,0,0,0,0,0,1,0,29,0.000107862521,0.0005569567,0,40.5,0
Held-FixedSingle-F,394,7.89999962,0,-2.903136,-1.51730585,0,0,0,0,0,1,0,29,9.27086E-05,0.000490037957,0,40.5,0
Held-FixedSingle-F,395,7.9199996,0,-2.903136,-1.51730585,0,0,0,0,0,1,0,29,9.478899E-05,0.000497618166,0,40.5,0
Held-FixedSingle-F,396,7.94,0,-2.903136,-1.51730585,0,0,0,0,0,1,0,29,9.02243337E-05,0.0005132686,0,40.5,0
Held-FixedSingle-F,397,7.96,0,-2.903136,-1.51730585,0,0,0,0,0,1,0,29,8.602239E-05,0.000508707366,0,40.5,0
Held-FixedSingle-F,398,7.98,0,-2.903136,-1.51730585,0,0,0,0,0,1,0,29,8.561482E-05,0.00048263144,0,40.5,0
Held-FixedSingle-F,399,8,0,-2.903136,-1.51730585,0,0,0,0,0,1,0,29,8.5674E-05,0.000449284445,0,40.5,0
