case,mode,requested_particles,ingredients,poll_frame,physics_source_frame,gpu_marker_source_frame,surface_source_frame,surface_render_count,frame_timing_timestamp,wall_interval_ms,cpu_frame_ms,gpu_frame_ms,cpu_physics_submission_ms,cpu_manual_camera_render_ms,gpu_surface_ms
1,CReferenceSurface,100,1,34,33,31,33,31,13095707158039,16.666405,16.669900,,0.396300,0.583700,
1,CReferenceSurface,100,1,35,34,32,34,32,13095707324738,16.667793,16.663900,,0.384300,0.394000,
1,CReferenceSurface,100,1,36,35,33,35,33,13095707491377,16.665703,16.667500,,0.407500,0.471700,
1,CReferenceSurface,100,1,37,36,34,36,34,13095707658052,16.668303,16.672100,,0.389500,0.447000,
1,CReferenceSurface,100,1,38,37,35,37,35,13095707824773,16.666496,16.671200,,0.349100,0.616400,
1,CReferenceSurface,100,1,39,38,36,38,36,13095707991485,16.666299,16.655200,,0.000000,0.434000,
1,CReferenceSurface,100,1,40,39,37,39,37,13095708158037,16.666405,16.670000,,0.396100,0.457800,
1,CReferenceSurface,100,1,41,40,38,40,38,13095708324737,16.667800,16.667300,,0.349700,0.389700,
1,CReferenceSurface,100,1,42,41,39,41,39,13095708491410,16.665200,16.665700,,0.413000,0.542000,
1,CReferenceSurface,100,1,43,42,40,42,40,13095708658067,16.666695,16.662100,,0.426300,0.429700,
1,CReferenceSurface,100,1,44,43,41,43,41,13095708824688,16.666999,16.671500,,0.326600,0.420100,
1,CReferenceSurface,100,1,45,44,42,44,42,13095708991403,16.666602,16.665200,,0.000000,0.430600,
1,CReferenceSurface,100,1,46,45,43,45,43,13095709158055,16.668700,16.667700,,0.409100,0.435100,
1,CReferenceSurface,100,1,47,46,44,46,44,13095709324732,16.665200,16.664400,,0.388900,0.436400,
1,CReferenceSurface,100,1,48,47,45,47,45,13095709491376,16.666602,16.665800,,0.387600,0.435500,
1,CReferenceSurface,100,1,49,48,46,48,46,13095709658034,16.666695,16.676000,,0.320300,0.414400,
1,CReferenceSurface,100,1,50,49,47,49,47,13095709824794,16.668204,16.660700,,0.418200,0.464400,
1,CReferenceSurface,100,1,51,50,48,50,48,13095709991401,16.665399,16.665800,,0.000000,0.493700,
1,CReferenceSurface,100,1,52,51,49,51,49,13095710158059,16.666299,16.673300,,0.379700,0.605900,
1,CReferenceSurface,100,1,53,52,50,52,50,13095710324792,16.668197,16.662700,,0.386700,0.404600,
1,CReferenceSurface,100,1,54,53,51,53,51,13095710491419,16.665505,16.666700,,0.389500,0.488500,
1,CReferenceSurface,100,1,55,54,52,54,52,13095710658086,16.666496,16.661700,,0.388900,0.427200,
1,CReferenceSurface,100,1,56,55,53,55,53,13095710824703,16.667305,16.676000,,0.385800,0.453100,
1,CReferenceSurface,100,1,57,56,54,56,54,13095710991463,16.666595,16.658800,,0.000000,0.377400,
1,CReferenceSurface,100,1,58,57,55,57,55,13095711158051,16.667899,16.665700,,0.402900,0.364800,
1,CReferenceSurface,100,1,59,58,56,58,56,13095711324708,16.665801,16.667100,,0.421400,0.671000,
1,CReferenceSurface,100,1,60,59,57,59,57,13095711491379,16.666703,16.679300,,0.340100,0.506500,
1,CReferenceSurface,100,1,61,60,58,60,58,13095711658172,16.666595,16.669600,,0.494000,0.428600,
1,CReferenceSurface,100,1,62,61,59,61,59,13095711824868,16.677005,16.658300,,0.328900,0.411500,
1,CReferenceSurface,100,1,63,62,60,62,60,13095711991451,16.667595,16.678600,,0.000000,0.377700,
1,CReferenceSurface,100,1,64,63,61,63,61,13095712158237,16.666099,16.650700,,0.396800,0.452900,
1,CReferenceSurface,100,1,65,64,62,64,62,13095712324744,16.666703,16.706900,,0.416000,0.604800,
1,CReferenceSurface,100,1,66,65,63,65,63,13095712491813,16.666802,16.636500,,0.373700,0.537700,
1,CReferenceSurface,100,1,67,66,64,66,64,13095712658178,16.666397,16.673000,,0.409800,0.595500,
1,CReferenceSurface,100,1,68,67,65,67,65,13095712824908,16.667100,16.660700,,0.317100,0.417800,
1,CReferenceSurface,100,1,69,68,66,68,66,13095712991515,16.667603,16.672600,,0.000000,0.573200,
1,CReferenceSurface,100,1,70,69,67,69,67,13095713158241,16.665902,16.660200,,0.350400,0.571100,
1,CReferenceSurface,100,1,71,70,68,70,68,13095713324843,16.667198,16.673800,,0.351900,0.417000,
1,CReferenceSurface,100,1,72,71,69,71,69,13095713491581,16.666198,16.667800,,0.388700,0.420300,
1,CReferenceSurface,100,1,73,72,70,72,70,13095713658259,16.667502,16.656900,,0.386600,0.442600,
1,CReferenceSurface,100,1,74,73,71,73,71,13095713824828,16.665399,16.668900,,0.461000,0.566500,
1,CReferenceSurface,100,1,75,74,72,74,72,13095713991517,16.666999,16.666400,,0.000000,0.410600,
1,CReferenceSurface,100,1,76,75,73,75,73,13095714158181,16.667999,16.668500,,0.319600,0.413500,
1,CReferenceSurface,100,1,77,76,74,76,74,13095714324866,16.665604,16.661700,,0.382800,0.623200,
1,CReferenceSurface,100,1,78,77,75,77,75,13095714491483,16.666999,16.666200,,0.389600,0.438500,
1,CReferenceSurface,100,1,79,78,76,78,76,13095714658145,16.667100,16.675700,,0.406600,0.437500,
1,CReferenceSurface,100,1,80,79,77,79,77,13095714824902,16.666198,16.661400,,0.404800,0.526200,
1,CReferenceSurface,100,1,81,80,78,80,78,13095714991516,16.666802,16.666500,,0.000000,0.424900,
1,CReferenceSurface,100,1,82,81,79,81,79,13095715158181,16.666802,16.666300,,0.361100,0.400300,
1,CReferenceSurface,100,1,83,82,80,82,80,13095715324844,16.667100,16.667300,,0.385300,0.436200,
1,CReferenceSurface,100,1,84,83,81,83,81,13095715491517,16.666496,16.677300,,0.387800,0.473200,
1,CReferenceSurface,100,1,85,84,82,84,82,13095715658290,16.666900,16.655500,,0.396300,0.431900,
1,CReferenceSurface,100,1,86,85,83,85,83,13095715824845,16.666602,16.669100,,0.384800,0.430500,
1,CReferenceSurface,100,1,87,86,84,86,84,13095715991536,16.666999,16.667600,,0.000000,0.457600,
1,CReferenceSurface,100,1,88,87,85,87,85,13095716158212,16.666900,16.664200,,0.441900,0.537300,
1,CReferenceSurface,100,1,89,88,86,88,86,13095716324854,16.666496,16.668300,,0.328700,0.398500,
1,CReferenceSurface,100,1,90,89,87,89,87,13095716491537,16.667899,16.669100,,0.382900,0.414700,
1,CReferenceSurface,100,1,91,90,88,90,88,13095716658228,16.665902,16.660700,,0.393600,0.415400,
1,CReferenceSurface,100,1,92,91,89,91,89,13095716824835,16.667198,16.668800,,0.391400,0.494700,
1,CReferenceSurface,100,1,93,92,90,92,90,13095716991523,16.666602,16.668600,,0.000000,0.418900,
1,CReferenceSurface,100,1,94,93,91,93,91,13095717158209,16.666504,16.663700,,0.410400,0.426300,
1,CReferenceSurface,100,1,95,94,92,94,92,13095717324846,16.666299,16.670200,,0.400200,0.460900,
1,CReferenceSurface,100,1,96,95,93,95,93,13095717491548,16.666595,16.673100,,0.350500,0.389900,
1,CReferenceSurface,100,1,97,96,94,96,94,13095717658279,16.667305,16.660100,,0.382000,0.443000,
1,CReferenceSurface,100,1,98,97,95,97,95,13095717824880,16.666900,16.666100,,0.351200,0.596700,
1,CReferenceSurface,100,1,99,98,96,98,96,13095717991541,16.667899,16.664600,,0.000000,0.524700,
1,CReferenceSurface,100,1,100,99,97,99,97,13095718158187,16.665902,16.670400,,0.407800,0.492900,
1,CReferenceSurface,100,1,101,100,98,100,98,13095718324891,16.666001,16.685200,,0.401200,0.578700,
1,CReferenceSurface,100,1,102,101,99,101,99,13095718491743,16.671699,16.656100,,0.472200,0.616400,
1,CReferenceSurface,100,1,103,102,100,102,100,13095718658304,16.666703,16.660000,,0.340500,0.413700,
1,CReferenceSurface,100,1,104,103,101,103,101,13095718824904,16.667595,16.667200,,0.383600,0.437000,
1,CReferenceSurface,100,1,105,104,102,104,102,13095718991576,16.667305,16.667500,,0.000000,0.425100,
1,CReferenceSurface,100,1,106,105,103,105,103,13095719158251,16.666099,16.666300,,0.412200,0.588300,
1,CReferenceSurface,100,1,107,106,104,106,104,13095719324914,16.666397,16.668900,,0.364500,0.389500,
1,CReferenceSurface,100,1,108,107,105,107,105,13095719491603,16.666999,16.666300,,0.385300,0.451600,
1,CReferenceSurface,100,1,109,108,106,108,106,13095719658266,16.666099,16.665800,,0.379200,0.418400,
1,CReferenceSurface,100,1,110,109,107,109,107,13095719824924,16.667899,16.666400,,0.379300,0.396700,
1,CReferenceSurface,100,1,111,110,108,110,108,13095719991588,16.667100,16.666600,,0.000000,0.682600,
1,CReferenceSurface,100,1,112,111,109,111,109,13095720158254,16.666703,16.665900,,0.403000,0.468500,
1,CReferenceSurface,100,1,113,112,110,112,110,13095720324913,16.666001,16.683400,,0.416600,0.418700,
1,CReferenceSurface,100,1,114,113,111,113,111,13095720491747,16.667297,16.659400,,0.385000,0.454900,
1,CReferenceSurface,100,1,115,114,112,114,112,13095720658341,16.666099,16.665000,,0.350800,0.528700,
1,CReferenceSurface,100,1,116,115,113,115,113,13095720824991,16.667899,16.661500,,0.458500,0.379300,
1,CReferenceSurface,100,1,117,116,114,116,114,13095720991606,16.666504,16.670100,,0.000000,0.435300,
1,CReferenceSurface,100,1,118,117,115,117,115,13095721158307,16.666397,16.661200,,0.399900,0.420400,
1,CReferenceSurface,100,1,119,118,116,118,116,13095721324919,16.667502,16.669700,,0.324900,0.393800,
1,CReferenceSurface,100,1,120,119,117,119,117,13095721491616,16.666496,16.667600,,0.388900,0.440100,
1,CReferenceSurface,100,1,121,120,118,120,118,13095721658292,16.667999,16.663800,,0.374600,0.425300,
1,CReferenceSurface,100,1,122,121,119,121,119,13095721824930,16.665002,16.672200,,0.388300,0.433500,
1,CReferenceSurface,100,1,123,122,120,122,120,13095721991652,16.667502,16.662500,,0.000000,0.377300,
1,CReferenceSurface,100,1,124,123,121,123,121,13095722158277,16.666802,16.670000,,0.447500,0.433900,
1,CReferenceSurface,100,1,125,124,122,124,122,13095722324977,16.666900,16.662800,,0.387700,0.424500,
1,CReferenceSurface,100,1,126,125,123,125,123,13095722491605,16.666397,16.680300,,0.357900,0.380000,
1,CReferenceSurface,100,1,127,126,124,126,124,13095722658408,16.666999,16.655400,,0.383300,0.456300,
1,CReferenceSurface,100,1,128,127,125,127,125,13095722824962,16.666198,16.666300,,0.323900,0.414300,
1,CReferenceSurface,100,1,129,128,126,128,126,13095722991625,16.667502,16.667100,,0.000000,0.462500,
1,CReferenceSurface,100,1,130,129,127,129,127,13095723158296,16.666001,16.664100,,0.389300,0.540200,
1,CReferenceSurface,100,1,131,130,128,130,128,13095723324937,16.667899,16.674400,,0.437000,0.590700,
1,CReferenceSurface,100,1,132,131,129,131,129,13095723491681,16.666299,16.659100,,0.327500,0.402700,
1,CReferenceSurface,100,1,133,132,130,132,130,13095723658272,16.667603,16.668000,,0.395500,0.437400,
1,CReferenceSurface,100,1,134,133,131,133,131,13095723824952,16.665498,16.667900,,0.416200,0.626500,
1,CReferenceSurface,100,1,135,134,132,134,132,13095723991631,16.667502,16.664700,,0.000000,0.382900,
1,CReferenceSurface,100,1,136,135,133,135,133,13095724158278,16.666397,16.670200,,0.391600,0.461800,
1,CReferenceSurface,100,1,137,136,134,136,134,13095724324980,16.666397,16.664500,,0.375800,0.428800,
1,CReferenceSurface,100,1,138,137,135,137,135,13095724491625,16.667206,16.668100,,0.388500,0.429400,
1,CReferenceSurface,100,1,139,138,136,138,136,13095724658306,16.667100,16.672000,,0.347400,0.419300,
1,CReferenceSurface,100,1,140,139,137,139,137,13095724825026,16.665695,16.660600,,0.341800,0.449800,
1,CReferenceSurface,100,1,141,140,138,140,138,13095724991632,16.667899,16.667600,,0.000000,0.426800,
1,CReferenceSurface,100,1,142,141,139,141,139,13095725158308,16.666099,16.667400,,0.433400,0.603300,
1,CReferenceSurface,100,1,143,142,140,142,140,13095725324982,16.667105,16.665600,,0.383200,0.373100,
1,CReferenceSurface,100,1,144,143,141,143,141,13095725491638,16.666794,16.667800,,0.430700,0.445700,
1,CReferenceSurface,100,1,145,144,142,144,142,13095725658316,16.667206,16.665700,,0.383800,0.394800,
1,CReferenceSurface,100,1,146,145,143,145,143,13095725824973,16.665796,16.669500,,0.388700,0.600100,
1,CReferenceSurface,100,1,147,146,144,146,144,13095725991668,16.666703,16.672400,,0.000000,0.449500,
1,CReferenceSurface,100,1,148,147,145,147,145,13095726158392,16.666703,16.659500,,0.328500,0.385700,
1,CReferenceSurface,100,1,149,148,146,148,146,13095726324987,16.667100,16.688000,,0.385900,0.406800,
1,CReferenceSurface,100,1,150,149,147,149,147,13095726491867,16.855698,16.642100,,0.382200,0.446300,
1,CReferenceSurface,100,1,151,150,148,150,148,13095726658288,16.667305,16.668200,,0.380500,0.415000,
1,CReferenceSurface,100,1,152,151,149,151,149,13095726824970,16.666900,16.666800,,0.389700,0.432000,
1,CReferenceSurface,100,1,153,152,150,152,150,13095726991638,16.666299,16.853800,,0.000000,0.378200,
1,CReferenceSurface,100,1,154,153,151,153,151,13095727160176,16.666802,16.671400,,0.388900,0.445700,
2,CReferenceSurface,100,4,186,185,183,185,182,13095733038867,16.665498,16.665200,,0.329900,0.432100,
2,CReferenceSurface,100,4,187,186,184,186,183,13095733205519,16.667198,16.664600,,0.000000,0.491100,
2,CReferenceSurface,100,4,188,187,185,187,184,13095733372165,16.666198,16.670800,,0.387500,0.374000,
2,CReferenceSurface,100,4,189,188,186,188,185,13095733538873,16.666602,16.678500,,0.313500,0.384400,
2,CReferenceSurface,100,4,190,189,187,189,186,13095733705658,16.667297,16.655500,,0.329100,0.376500,
2,CReferenceSurface,100,4,191,190,188,190,187,13095733872213,16.666405,16.662100,,0.329300,0.429500,
2,CReferenceSurface,100,4,192,191,189,191,188,13095734038834,16.667100,16.684300,,0.410300,0.489300,
2,CReferenceSurface,100,4,193,192,190,192,189,13095734205677,16.666999,16.657700,,0.000000,0.388100,
2,CReferenceSurface,100,4,194,193,191,193,190,13095734372254,16.667198,16.665400,,0.338700,0.404700,
2,CReferenceSurface,100,4,195,194,192,194,191,13095734538908,16.665200,16.665100,,0.398500,0.433100,
2,CReferenceSurface,100,4,196,195,193,195,192,13095734705559,16.668502,16.665000,,0.379600,0.399300,
2,CReferenceSurface,100,4,197,196,194,196,193,13095734872209,16.665597,16.673700,,0.321700,0.403900,
2,CReferenceSurface,100,4,198,197,195,197,194,13095735038946,16.666602,16.651700,,0.359400,0.396300,
2,CReferenceSurface,100,4,199,198,196,198,195,13095735205463,16.666299,16.675700,,0.000000,0.380500,
2,CReferenceSurface,100,4,200,199,197,199,196,13095735372220,16.667999,16.664800,,0.425300,0.477600,
2,CReferenceSurface,100,4,201,200,198,200,197,13095735538868,16.665604,16.666000,,0.332500,0.422000,
2,CReferenceSurface,100,4,202,201,199,201,198,13095735705528,16.666703,16.662000,,0.454200,0.438400,
2,CReferenceSurface,100,4,203,202,200,202,199,13095735872148,16.667496,16.675100,,0.319100,0.372600,
2,CReferenceSurface,100,4,204,203,201,203,200,13095736038899,16.665703,16.670500,,0.371900,0.392700,
2,CReferenceSurface,100,4,205,204,202,204,201,13095736205604,16.668197,16.656800,,0.000000,0.577700,
2,CReferenceSurface,100,4,206,205,203,205,202,13095736372172,16.665399,16.685200,,0.327500,0.395300,
2,CReferenceSurface,100,4,207,206,204,206,203,13095736539024,16.666703,16.659800,,0.383300,0.594800,
2,CReferenceSurface,100,4,208,207,205,207,204,13095736705622,16.666900,16.661200,,0.324600,0.371700,
2,CReferenceSurface,100,4,209,208,206,208,205,13095736872234,16.666299,16.661500,,0.328800,0.400200,
2,CReferenceSurface,100,4,210,209,207,209,206,13095737038849,16.667206,16.680700,,0.373800,0.427800,
2,CReferenceSurface,100,4,211,210,208,210,207,13095737205656,16.666496,16.650400,,0.000000,0.399400,
2,CReferenceSurface,100,4,212,211,209,211,208,13095737372160,16.666703,16.669200,,0.337800,0.403000,
2,CReferenceSurface,100,4,213,212,210,212,209,13095737538852,16.669096,16.685000,,0.320700,0.373500,
2,CReferenceSurface,100,4,214,213,211,213,210,13095737705702,16.667403,16.651300,,0.321500,0.365400,
2,CReferenceSurface,100,4,215,214,212,214,211,13095737872215,16.666900,16.664900,,0.380500,0.445600,
2,CReferenceSurface,100,4,216,215,213,215,212,13095738038864,16.666900,16.666600,,0.335400,0.470000,
2,CReferenceSurface,100,4,217,216,214,216,213,13095738205530,16.666695,16.681700,,0.000000,0.536800,
2,CReferenceSurface,100,4,218,217,215,217,214,13095738372347,16.666900,16.665100,,0.464300,0.502900,
2,CReferenceSurface,100,4,219,218,216,218,215,13095738538998,16.666703,16.672300,,0.481100,0.550400,
2,CReferenceSurface,100,4,220,219,217,219,216,13095738705721,16.668197,16.674800,,0.492300,0.522800,
2,CReferenceSurface,100,4,221,220,218,220,217,13095738872469,16.665200,16.657100,,0.541100,0.591600,
2,CReferenceSurface,100,4,222,221,219,221,218,13095739039040,16.666703,16.666100,,0.504100,0.664100,
2,CReferenceSurface,100,4,223,222,220,222,219,13095739205701,16.666802,16.667300,,0.000000,0.542600,
2,CReferenceSurface,100,4,224,223,221,223,220,13095739372374,16.666900,16.665000,,0.441200,0.499600,
2,CReferenceSurface,100,4,225,224,222,224,221,13095739539024,16.666099,16.664900,,0.619000,0.555700,
2,CReferenceSurface,100,4,226,225,223,225,222,13095739705673,16.666496,16.667700,,0.447600,0.476900,
2,CReferenceSurface,100,4,227,226,224,226,223,13095739872350,16.669700,16.673200,,0.431300,0.523300,
2,CReferenceSurface,100,4,228,227,225,227,224,13095740039082,16.667603,16.659500,,0.438000,0.612100,
2,CReferenceSurface,100,4,229,228,226,228,225,13095740205677,16.669096,16.669700,,0.000000,0.477300,
2,CReferenceSurface,100,4,230,229,227,229,226,13095740372374,16.667403,16.666800,,0.451000,0.392900,
2,CReferenceSurface,100,4,231,230,228,230,227,13095740539042,16.668998,16.665000,,0.371200,0.425300,
2,CReferenceSurface,100,4,232,231,229,231,228,13095740705692,16.665801,16.660300,,0.458400,0.493600,
2,CReferenceSurface,100,4,233,232,230,232,229,13095740872295,16.664902,16.671000,,0.363800,0.478300,
2,CReferenceSurface,100,4,234,233,231,233,230,13095741039005,16.843198,16.723300,,0.396200,0.425500,
2,CReferenceSurface,100,4,235,234,232,234,231,13095741206238,16.667198,16.615800,,0.000000,0.432100,
2,CReferenceSurface,100,4,236,235,233,235,232,13095741372396,16.666802,16.661400,,0.383700,0.459600,
2,CReferenceSurface,100,4,237,236,234,236,233,13095741539010,16.666802,16.843700,,0.478000,0.533800,
2,CReferenceSurface,100,4,238,237,235,237,234,13095741707447,16.666703,16.673400,,0.441600,0.479300,
2,CReferenceSurface,100,4,239,238,236,238,235,13095741874181,16.667396,16.667300,,0.453100,0.494900,
2,CReferenceSurface,100,4,240,239,237,239,236,13095742040854,16.666001,16.664900,,0.813300,0.669400,
2,CReferenceSurface,100,4,241,240,238,240,237,13095742207503,16.666703,16.669900,,0.000000,0.573300,
2,CReferenceSurface,100,4,242,241,239,241,238,13095742374202,16.666999,16.679500,,0.461200,0.516000,
2,CReferenceSurface,100,4,243,242,240,242,239,13095742540997,16.666802,16.651800,,0.433700,0.593900,
2,CReferenceSurface,100,4,244,243,241,243,240,13095742707515,16.666794,16.663900,,0.409100,0.473200,
2,CReferenceSurface,100,4,245,244,242,244,241,13095742874154,16.666306,16.667000,,0.417200,0.463700,
2,CReferenceSurface,100,4,246,245,243,245,242,13095743040824,16.667396,16.667500,,0.499700,0.597500,
2,CReferenceSurface,100,4,247,246,244,246,243,13095743207499,16.666504,16.668300,,0.000000,0.622700,
2,CReferenceSurface,100,4,248,247,245,247,244,13095743374182,16.800793,16.664100,,0.417500,0.466100,
2,CReferenceSurface,100,4,249,248,246,248,245,13095743540823,16.666703,16.677500,,0.422200,0.464000,
2,CReferenceSurface,100,4,250,249,247,249,246,13095743707598,16.666802,16.658000,,0.409400,0.468100,
2,CReferenceSurface,100,4,251,250,248,250,247,13095743874178,16.666802,16.803600,,0.440800,0.496400,
2,CReferenceSurface,100,4,252,251,249,251,248,13095744042214,16.666595,16.665000,,0.413200,0.499500,
2,CReferenceSurface,100,4,253,252,250,252,249,13095744208864,16.666802,16.668400,,0.000000,0.493800,
2,CReferenceSurface,100,4,254,253,251,253,250,13095744375548,16.666602,16.664800,,0.403300,0.459600,
2,CReferenceSurface,100,4,255,254,252,254,251,13095744542196,16.667999,16.668600,,0.407900,0.474100,
2,CReferenceSurface,100,4,256,255,253,255,252,13095744708882,16.666001,16.668300,,0.397500,0.439700,
2,CReferenceSurface,100,4,257,256,254,256,253,13095744875565,16.667100,16.663900,,0.420200,0.510300,
2,CReferenceSurface,100,4,258,257,255,257,254,13095745042204,16.666099,16.671000,,0.774200,0.778100,
2,CReferenceSurface,100,4,259,258,256,258,255,13095745208914,16.666299,16.663400,,0.000000,0.523400,
2,CReferenceSurface,100,4,260,259,257,259,256,13095745375548,16.667100,16.679500,,0.442700,0.482000,
2,CReferenceSurface,100,4,261,260,258,260,257,13095745542343,16.666802,16.650600,,0.430000,0.493500,
2,CReferenceSurface,100,4,262,261,259,261,258,13095745708849,16.667206,16.663200,,0.426100,0.492900,
2,CReferenceSurface,100,4,263,262,260,262,259,13095745875481,16.666397,16.669600,,0.402400,0.471400,
2,CReferenceSurface,100,4,264,263,261,263,260,13095746042177,16.666999,16.664300,,0.443800,0.551100,
2,CReferenceSurface,100,4,265,264,262,264,261,13095746208820,16.666496,16.671300,,0.000000,0.492500,
2,CReferenceSurface,100,4,266,265,263,265,262,13095746375533,16.666999,16.666400,,0.399300,0.451200,
2,CReferenceSurface,100,4,267,266,264,266,263,13095746542197,16.666703,16.665700,,0.403900,0.503400,
2,CReferenceSurface,100,4,268,267,265,267,264,13095746708854,16.666504,16.664600,,0.380200,0.417100,
2,CReferenceSurface,100,4,269,268,266,268,265,13095746875500,16.666595,16.668000,,0.384600,0.445600,
2,CReferenceSurface,100,4,270,269,267,269,266,13095747042180,16.666900,16.664700,,0.366200,0.512500,
2,CReferenceSurface,100,4,271,270,268,270,267,13095747208827,16.666504,16.662900,,0.000000,0.554600,
2,CReferenceSurface,100,4,272,271,269,271,268,13095747375456,16.667595,16.666500,,0.381400,0.488000,
2,CReferenceSurface,100,4,273,272,270,272,269,13095747542121,16.666999,16.672400,,0.471800,0.585400,
2,CReferenceSurface,100,4,274,273,271,273,270,13095747708845,16.667105,16.667300,,0.544100,0.523400,
2,CReferenceSurface,100,4,275,274,272,274,271,13095747875518,16.666595,16.714800,,0.527100,0.599400,
2,CReferenceSurface,100,4,276,275,273,275,272,13095748042666,16.666703,16.632900,,0.507400,0.527500,
2,CReferenceSurface,100,4,277,276,274,276,273,13095748208995,16.666397,16.686300,,0.000000,0.524600,
2,CReferenceSurface,100,4,278,277,275,277,274,13095748375858,16.674999,16.640900,,0.456000,0.499700,
2,CReferenceSurface,100,4,279,278,276,278,275,13095748542267,16.666900,16.667900,,0.432600,0.507900,
2,CReferenceSurface,100,4,280,279,277,279,276,13095748708946,16.667100,16.660800,,0.432300,0.529300,
2,CReferenceSurface,100,4,281,280,278,280,277,13095748875554,16.665703,16.680500,,0.426100,0.485300,
2,CReferenceSurface,100,4,282,281,279,281,278,13095749042359,16.667100,16.667100,,0.373200,0.463700,
2,CReferenceSurface,100,4,283,282,280,282,279,13095749209030,16.666299,16.666400,,0.000000,0.391800,
2,CReferenceSurface,100,4,284,283,281,283,280,13095749375694,16.666306,16.650900,,0.336800,0.595600,
2,CReferenceSurface,100,4,285,284,282,284,281,13095749542203,16.666695,16.667100,,0.343000,0.388600,
2,CReferenceSurface,100,4,286,285,283,285,282,13095749708874,16.667800,16.671600,,0.318300,0.363900,
2,CReferenceSurface,100,4,287,286,284,286,283,13095749875590,16.666198,16.675500,,0.322100,0.385100,
2,CReferenceSurface,100,4,288,287,285,287,284,13095750042345,16.666999,16.648300,,0.328300,0.379800,
2,CReferenceSurface,100,4,289,288,286,288,285,13095750208828,16.666602,16.670400,,0.000000,0.385100,
2,CReferenceSurface,100,4,290,289,287,289,286,13095750375532,16.665902,16.666000,,0.328200,0.357800,
2,CReferenceSurface,100,4,291,290,288,290,287,13095750542192,16.666496,16.667300,,0.323200,0.372300,
2,CReferenceSurface,100,4,292,291,289,291,288,13095750708865,16.667403,16.666700,,0.319000,0.356100,
2,CReferenceSurface,100,4,293,292,290,292,289,13095750875532,16.668098,16.664900,,0.352100,0.466900,
2,CReferenceSurface,100,4,294,293,291,293,290,13095751042181,16.665002,16.665800,,0.336800,0.441800,
2,CReferenceSurface,100,4,295,294,292,294,291,13095751208839,16.666595,16.678300,,0.000000,0.397100,
2,CReferenceSurface,100,4,296,295,293,295,292,13095751375622,16.668204,16.666000,,0.329800,0.356100,
2,CReferenceSurface,100,4,297,296,294,296,293,13095751542282,16.665498,16.659300,,0.344900,0.441400,
2,CReferenceSurface,100,4,298,297,295,297,294,13095751708875,16.666504,16.664900,,0.354100,0.412700,
2,CReferenceSurface,100,4,299,298,296,298,295,13095751875524,16.667595,16.673400,,0.327800,0.368200,
2,CReferenceSurface,100,4,300,299,297,299,296,13095752042258,16.666198,16.663200,,0.325400,0.379700,
2,CReferenceSurface,100,4,301,300,298,300,297,13095752208890,16.666900,16.662900,,0.000000,0.374800,
2,CReferenceSurface,100,4,302,301,299,301,298,13095752375519,16.666703,16.670800,,0.338500,0.451400,
2,CReferenceSurface,100,4,303,302,300,302,299,13095752542227,16.666900,16.664600,,0.332700,0.416600,
2,CReferenceSurface,100,4,304,303,301,303,300,13095752708873,16.666001,16.678600,,0.390000,0.432300,
2,CReferenceSurface,100,4,305,304,302,304,301,13095752875659,16.666703,16.663000,,0.349800,0.445900,
3,CReferenceSurface,100,8,337,336,334,336,332,13095758462652,16.667100,16.659200,,0.347500,0.497900,
3,CReferenceSurface,100,8,338,337,335,337,333,13095758629244,16.668197,16.668700,,0.423700,0.482300,
3,CReferenceSurface,100,8,339,338,336,338,334,13095758795931,16.665200,16.662400,,0.000000,0.494400,
3,CReferenceSurface,100,8,340,339,337,339,335,13095758962555,16.666703,16.685800,,0.396900,0.825200,
3,CReferenceSurface,100,8,341,340,338,340,336,13095759129413,16.667800,16.666900,,0.463200,0.424500,
3,CReferenceSurface,100,8,342,341,339,341,337,13095759296082,16.665801,16.650700,,0.326300,0.416300,
3,CReferenceSurface,100,8,343,342,340,342,338,13095759462589,16.668601,16.669600,,0.325000,0.431600,
3,CReferenceSurface,100,8,344,343,341,343,339,13095759629285,16.664894,16.664900,,0.408600,0.443000,
3,CReferenceSurface,100,8,345,344,342,344,340,13095759795934,16.666602,16.663800,,0.000000,0.437100,
3,CReferenceSurface,100,8,346,345,343,345,341,13095759962572,16.667100,16.675300,,0.394100,0.355000,
3,CReferenceSurface,100,8,347,346,344,346,342,13095760129325,16.666999,16.658600,,0.453500,0.676300,
3,CReferenceSurface,100,8,348,347,345,347,343,13095760295911,16.666602,16.666300,,0.361700,0.577800,
3,CReferenceSurface,100,8,349,348,346,348,344,13095760462574,16.666695,16.677900,,0.402200,0.398100,
3,CReferenceSurface,100,8,350,349,347,349,345,13095760629353,16.667105,16.659300,,0.389200,0.422900,
3,CReferenceSurface,100,8,351,350,348,350,346,13095760795946,16.666496,16.663900,,0.000000,0.380100,
3,CReferenceSurface,100,8,352,351,349,351,347,13095760962585,16.666999,16.664200,,0.394800,0.430100,
3,CReferenceSurface,100,8,353,352,350,352,348,13095761129227,16.667701,16.668500,,0.410700,0.478300,
3,CReferenceSurface,100,8,354,353,351,353,349,13095761295912,16.666198,16.668000,,0.385300,0.443800,
3,CReferenceSurface,100,8,355,354,352,354,350,13095761462592,16.667100,16.676100,,0.405800,0.458800,
3,CReferenceSurface,100,8,356,355,353,355,351,13095761629353,16.667502,16.661800,,0.402400,0.500700,
3,CReferenceSurface,100,8,357,356,354,356,352,13095761795971,16.665796,16.664100,,0.000000,0.457800,
3,CReferenceSurface,100,8,358,357,355,357,353,13095761962612,16.666001,16.666800,,0.338800,0.401900,
3,CReferenceSurface,100,8,359,358,356,358,354,13095762129280,16.667800,16.680500,,0.364700,0.380600,
3,CReferenceSurface,100,8,360,359,357,359,355,13095762296085,16.669402,16.669100,,0.392800,0.484300,
3,CReferenceSurface,100,8,361,360,358,360,356,13095762462776,16.663400,16.648500,,0.435600,0.617000,
3,CReferenceSurface,100,8,362,361,359,361,357,13095762629261,16.666999,16.671100,,0.373500,0.599800,
3,CReferenceSurface,100,8,363,362,360,362,358,13095762795972,16.666999,16.673300,,0.000000,0.423100,
3,CReferenceSurface,100,8,364,363,361,363,359,13095762962705,16.666198,16.660100,,0.428700,0.625000,
3,CReferenceSurface,100,8,365,364,362,364,360,13095763129306,16.666602,16.662000,,0.386200,0.377000,
3,CReferenceSurface,100,8,366,365,363,365,361,13095763295926,16.667496,16.677800,,0.384900,0.390300,
3,CReferenceSurface,100,8,367,366,364,366,362,13095763462704,16.667906,16.657500,,0.395600,0.458200,
3,CReferenceSurface,100,8,368,367,365,367,363,13095763629279,16.665597,16.665700,,0.339300,0.494600,
3,CReferenceSurface,100,8,369,368,366,368,364,13095763795936,16.666900,16.669800,,0.000000,0.489900,
3,CReferenceSurface,100,8,370,369,367,369,365,13095763962634,16.667502,16.675000,,0.437300,0.452800,
3,CReferenceSurface,100,8,371,370,368,370,366,13095764129384,16.665895,16.664100,,0.649500,0.587600,
3,CReferenceSurface,100,8,372,371,369,371,367,13095764296025,16.666703,16.670600,,0.468300,0.511600,
3,CReferenceSurface,100,8,373,372,370,372,368,13095764462731,16.666802,16.780200,,0.469000,0.596900,
3,CReferenceSurface,100,8,374,373,371,373,369,13095764630533,16.667603,16.551300,,0.471800,0.516600,
3,CReferenceSurface,100,8,375,374,372,374,370,13095764796046,16.666299,16.666800,,0.000000,0.500300,
3,CReferenceSurface,100,8,376,375,373,375,371,13095764962714,16.666099,16.768000,,0.454400,0.506900,
3,CReferenceSurface,100,8,377,376,374,376,372,13095765130394,16.667899,16.567500,,0.437700,0.500400,
3,CReferenceSurface,100,8,378,377,375,377,373,13095765296069,16.665902,16.666500,,0.451200,0.463000,
3,CReferenceSurface,100,8,379,378,376,378,374,13095765462734,16.667100,16.661500,,0.422200,0.501500,
3,CReferenceSurface,100,8,380,379,377,379,375,13095765629349,16.667198,16.664500,,0.399600,0.475000,
3,CReferenceSurface,100,8,381,380,378,380,376,13095765795994,16.666001,16.672100,,0.000000,0.456800,
3,CReferenceSurface,100,8,382,381,379,381,377,13095765962715,16.666703,16.664400,,0.394900,0.440200,
3,CReferenceSurface,100,8,383,382,380,382,378,13095766129359,16.666595,16.664500,,0.393900,0.413300,
3,CReferenceSurface,100,8,384,383,381,383,379,13095766296004,16.666802,16.663700,,0.478800,0.553800,
3,CReferenceSurface,100,8,385,384,382,384,380,13095766462641,16.667100,16.667200,,0.427500,0.478200,
3,CReferenceSurface,100,8,386,385,383,385,381,13095766629313,16.666999,16.667100,,0.375100,0.511000,
3,CReferenceSurface,100,8,387,386,384,386,382,13095766795984,16.666602,16.671600,,0.000000,0.489200,
3,CReferenceSurface,100,8,388,387,385,387,383,13095766962700,16.666703,16.667200,,0.419800,0.464600,
3,CReferenceSurface,100,8,389,388,386,388,384,13095767129372,16.666999,16.668400,,0.443200,0.477800,
3,CReferenceSurface,100,8,390,389,387,389,385,13095767296056,16.666595,16.665300,,0.620400,0.606300,
3,CReferenceSurface,100,8,391,390,388,390,386,13095767462709,16.666802,16.669100,,0.574500,0.583900,
3,CReferenceSurface,100,8,392,391,389,391,387,13095767629400,16.667403,16.674300,,0.490700,0.515800,
3,CReferenceSurface,100,8,393,392,390,392,388,13095767796143,16.666198,16.660100,,0.000000,0.534000,
3,CReferenceSurface,100,8,394,393,391,393,389,13095767962744,16.666595,16.665200,,0.455100,0.530200,
3,CReferenceSurface,100,8,395,394,392,394,390,13095768129396,16.667403,16.663200,,0.503400,0.569400,
3,CReferenceSurface,100,8,396,395,393,395,391,13095768296028,16.666198,16.672000,,0.489900,0.541400,
3,CReferenceSurface,100,8,397,396,394,396,392,13095768462748,16.667899,16.664500,,0.490300,0.516300,
3,CReferenceSurface,100,8,398,397,395,397,393,13095768629393,16.666198,16.667800,,0.530300,0.590000,
3,CReferenceSurface,100,8,399,398,396,398,394,13095768796071,16.666802,16.666600,,0.000000,0.666100,
3,CReferenceSurface,100,8,400,399,397,399,395,13095768962737,16.744699,16.677300,,0.496800,0.601600,
3,CReferenceSurface,100,8,401,400,398,400,396,13095769129510,16.665902,16.659900,,0.590700,0.552800,
3,CReferenceSurface,100,8,402,401,399,401,397,13095769296109,16.667603,16.671500,,0.489300,0.539500,
3,CReferenceSurface,100,8,403,402,400,402,398,13095769462824,16.666496,16.742100,,0.478200,0.514500,
3,CReferenceSurface,100,8,404,403,401,403,399,13095769630245,16.666802,16.659100,,0.483700,0.497300,
3,CReferenceSurface,100,8,405,404,402,404,400,13095769796836,16.666595,16.670300,,0.000000,0.507100,
3,CReferenceSurface,100,8,406,405,403,405,401,13095769963539,16.666999,16.664100,,0.413500,0.618000,
3,CReferenceSurface,100,8,407,406,404,406,402,13095770130180,16.666802,16.669200,,0.419300,0.491700,
3,CReferenceSurface,100,8,408,407,405,407,403,13095770296872,16.666405,16.664000,,0.460800,0.504900,
3,CReferenceSurface,100,8,409,408,406,408,404,13095770463512,16.667396,16.669400,,0.417300,0.501100,
3,CReferenceSurface,100,8,410,409,407,409,405,13095770630206,16.666802,16.667300,,0.563600,0.585500,
3,CReferenceSurface,100,8,411,410,408,410,406,13095770796879,16.670097,16.664500,,0.000000,0.589900,
3,CReferenceSurface,100,8,412,411,409,411,407,13095770963524,16.662804,16.672500,,0.662500,0.715000,
3,CReferenceSurface,100,8,413,412,410,412,408,13095771130249,16.667496,16.660000,,0.430800,0.502200,
3,CReferenceSurface,100,8,414,413,411,413,409,13095771296849,16.666703,16.681800,,0.441900,0.517200,
3,CReferenceSurface,100,8,415,414,412,414,410,13095771463667,16.666397,16.653500,,0.459700,0.504800,
3,CReferenceSurface,100,8,416,415,413,415,411,13095771630202,16.667007,16.667800,,0.436000,0.483500,
3,CReferenceSurface,100,8,417,416,414,416,412,13095771796880,16.666496,16.665600,,0.000000,0.490600,
3,CReferenceSurface,100,8,418,417,415,417,413,13095771963536,16.667396,16.664600,,0.402600,0.486100,
3,CReferenceSurface,100,8,419,418,416,418,414,13095772130182,16.666602,16.666100,,0.417900,0.505900,
3,CReferenceSurface,100,8,420,419,417,419,415,13095772296843,16.666802,16.663200,,0.451600,0.483500,
3,CReferenceSurface,100,8,421,420,418,420,416,13095772463475,16.666802,16.672900,,0.430700,0.447900,
3,CReferenceSurface,100,8,422,421,419,421,417,13095772630204,16.666802,16.664700,,0.364800,0.436000,
3,CReferenceSurface,100,8,423,422,420,422,418,13095772796851,16.666999,16.662800,,0.000000,0.510000,
3,CReferenceSurface,100,8,424,423,421,423,419,13095772963479,16.666496,16.667200,,0.430600,0.470000,
3,CReferenceSurface,100,8,425,424,422,424,420,13095773130151,16.666099,16.670300,,0.557500,0.509900,
3,CReferenceSurface,100,8,426,425,423,425,421,13095773296854,16.667800,16.666000,,0.431400,0.545800,
3,CReferenceSurface,100,8,427,426,424,426,422,13095773463514,16.666602,16.674500,,0.427300,0.592200,
3,CReferenceSurface,100,8,428,427,425,427,423,13095773630259,16.666595,16.659100,,0.406500,0.461300,
3,CReferenceSurface,100,8,429,428,426,428,424,13095773796850,16.667502,16.668500,,0.000000,0.459300,
3,CReferenceSurface,100,8,430,429,427,429,425,13095773963535,16.666496,16.665900,,0.472200,0.472200,
3,CReferenceSurface,100,8,431,430,428,430,426,13095774130194,16.667800,16.667600,,0.413100,0.488900,
3,CReferenceSurface,100,8,432,431,429,431,427,13095774296870,16.664704,16.667100,,0.428800,0.492500,
3,CReferenceSurface,100,8,433,432,430,432,428,13095774463541,16.668297,16.669600,,0.391400,0.466700,
3,CReferenceSurface,100,8,434,433,431,433,429,13095774630237,16.665505,16.666700,,0.396200,0.441200,
3,CReferenceSurface,100,8,435,434,432,434,430,13095774796904,16.667793,16.658500,,0.000000,0.437500,
3,CReferenceSurface,100,8,436,435,433,435,431,13095774963489,16.666802,16.670200,,0.484900,0.397500,
3,CReferenceSurface,100,8,437,436,434,436,432,13095775130191,16.667100,16.667000,,0.430200,0.703100,
3,CReferenceSurface,100,8,438,437,435,437,433,13095775296861,16.666206,16.674900,,0.392600,0.408300,
3,CReferenceSurface,100,8,439,438,436,438,434,13095775463610,16.666999,16.667400,,0.333100,0.419200,
3,CReferenceSurface,100,8,440,439,437,439,435,13095775630284,16.666595,16.658900,,0.322300,0.406600,
3,CReferenceSurface,100,8,441,440,438,440,436,13095775796873,16.667305,16.661800,,0.000000,0.404100,
3,CReferenceSurface,100,8,442,441,439,441,437,13095775963491,16.666900,16.665800,,0.388300,0.449400,
3,CReferenceSurface,100,8,443,442,440,442,438,13095776130149,16.666999,16.668200,,0.420700,0.688800,
3,CReferenceSurface,100,8,444,443,441,443,439,13095776296831,16.666198,16.666200,,0.340000,0.414300,
3,CReferenceSurface,100,8,445,444,442,444,440,13095776463493,16.666802,16.674100,,0.393900,0.426100,
3,CReferenceSurface,100,8,446,445,443,445,441,13095776630234,16.666397,16.660500,,0.432700,0.578200,
3,CReferenceSurface,100,8,447,446,444,446,442,13095776796839,16.667297,16.668200,,0.000000,0.361800,
3,CReferenceSurface,100,8,448,447,445,447,443,13095776963521,16.665703,16.674500,,0.402100,0.445500,
3,CReferenceSurface,100,8,449,448,446,448,444,13095777130266,16.668800,16.653500,,0.387900,0.453700,
3,CReferenceSurface,100,8,450,449,447,449,445,13095777296801,16.665399,16.673300,,0.400500,0.402800,
3,CReferenceSurface,100,8,451,450,448,450,446,13095777463534,16.666099,16.662700,,0.532500,0.712200,
3,CReferenceSurface,100,8,452,451,449,451,447,13095777630161,16.666602,16.674100,,0.465600,0.444200,
3,CReferenceSurface,100,8,453,452,450,452,448,13095777796902,16.666695,16.671100,,0.000000,0.373600,
3,CReferenceSurface,100,8,454,453,451,453,449,13095777963613,16.667105,16.667200,,0.341300,0.404900,
3,CReferenceSurface,100,8,455,454,452,454,450,13095778130285,16.667396,16.649800,,0.360900,0.360800,
3,CReferenceSurface,100,8,456,455,453,455,451,13095778296783,16.666299,16.669800,,0.396900,0.440400,
4,CReferenceSurface,100,16,488,487,485,487,482,13095783883164,16.667105,16.667100,,0.406400,0.451100,
4,CReferenceSurface,100,16,489,488,486,488,483,13095784049835,16.665695,16.664900,,0.404300,0.490200,
4,CReferenceSurface,100,16,490,489,487,489,484,13095784216484,16.667297,16.674700,,0.333300,0.410500,
4,CReferenceSurface,100,16,491,490,488,490,485,13095784383231,16.667305,16.695900,,0.000000,0.443100,
4,CReferenceSurface,100,16,492,491,489,491,486,13095784550190,16.666900,16.628200,,0.392700,0.369300,
4,CReferenceSurface,100,16,493,492,490,492,487,13095784716472,16.666001,16.669600,,0.392900,0.463800,
4,CReferenceSurface,100,16,494,493,491,493,488,13095784883168,16.666802,16.667700,,0.422500,0.430600,
4,CReferenceSurface,100,16,495,494,492,494,489,13095785049845,16.667396,16.672200,,0.325300,0.372600,
4,CReferenceSurface,100,16,496,495,493,495,490,13095785216567,16.665703,16.660600,,0.328300,0.522500,
4,CReferenceSurface,100,16,497,496,494,496,491,13095785383173,16.667800,16.662600,,0.000000,0.406700,
4,CReferenceSurface,100,16,498,497,495,497,492,13095785549799,16.665597,16.672200,,0.329500,0.411400,
4,CReferenceSurface,100,16,499,498,496,498,493,13095785716521,16.667297,16.662100,,0.389300,0.413600,
4,CReferenceSurface,100,16,500,499,497,499,494,13095785883142,16.666999,16.670700,,0.335900,0.446200,
4,CReferenceSurface,100,16,501,500,498,500,495,13095786049849,16.666099,16.663900,,0.339300,0.469000,
4,CReferenceSurface,100,16,502,501,499,501,496,13095786216488,16.666504,16.668600,,0.381900,0.467700,
4,CReferenceSurface,100,16,503,502,500,502,497,13095786383174,16.667396,16.665700,,0.000000,0.441400,
4,CReferenceSurface,100,16,504,503,501,503,498,13095786549831,16.666206,16.665500,,0.391100,0.440000,
4,CReferenceSurface,100,16,505,504,502,504,499,13095786716486,16.666695,16.669000,,0.324000,0.364200,
4,CReferenceSurface,100,16,506,505,503,505,500,13095786883176,16.666405,16.664400,,0.391900,0.458200,
4,CReferenceSurface,100,16,507,506,504,506,501,13095787049820,16.667595,16.667200,,0.386200,0.454000,
4,CReferenceSurface,100,16,508,507,505,507,502,13095787216492,16.666999,16.664100,,0.383200,0.584300,
4,CReferenceSurface,100,16,509,508,506,508,503,13095787383133,16.666306,16.671000,,0.000000,0.482500,
4,CReferenceSurface,100,16,510,509,507,509,504,13095787549843,16.667297,16.668400,,0.414500,0.421000,
4,CReferenceSurface,100,16,511,510,508,510,505,13095787716527,16.666099,16.667800,,0.398900,0.576100,
4,CReferenceSurface,100,16,512,511,509,511,506,13095787883205,16.668303,16.660400,,0.332900,0.417700,
4,CReferenceSurface,100,16,513,512,510,512,507,13095788049809,16.665399,16.675300,,0.385900,0.411600,
4,CReferenceSurface,100,16,514,513,511,513,508,13095788216562,16.666900,16.658600,,0.336900,0.376500,
4,CReferenceSurface,100,16,515,514,512,514,509,13095788383148,16.666001,16.685400,,0.000000,0.450500,
4,CReferenceSurface,100,16,516,515,513,515,510,13095788550002,16.667396,16.648200,,0.366400,0.418300,
4,CReferenceSurface,100,16,517,516,514,516,511,13095788716484,16.666999,16.672000,,0.393800,0.463300,
4,CReferenceSurface,100,16,518,517,515,517,512,13095788883204,16.666802,16.660800,,0.424800,0.490700,
4,CReferenceSurface,100,16,519,518,516,518,513,13095789049812,16.666602,16.670800,,0.341800,0.489700,
4,CReferenceSurface,100,16,520,519,517,519,514,13095789216520,16.666794,16.674100,,0.485800,0.442100,
4,CReferenceSurface,100,16,521,520,518,520,515,13095789383261,16.667105,16.668600,,0.000000,0.552200,
4,CReferenceSurface,100,16,522,521,519,521,516,13095789549947,16.666695,16.671600,,0.448900,0.549500,
4,CReferenceSurface,100,16,523,522,520,522,517,13095789716663,16.666703,16.660300,,0.469900,0.557100,
4,CReferenceSurface,100,16,524,523,521,523,518,13095789883266,16.666802,16.668300,,0.491800,0.530800,
4,CReferenceSurface,100,16,525,524,522,524,519,13095790049949,16.666595,16.669100,,0.488900,0.509900,
4,CReferenceSurface,100,16,526,525,523,525,520,13095790216640,16.666802,16.666600,,0.661400,0.566600,
4,CReferenceSurface,100,16,527,526,524,526,521,13095790383306,16.666703,16.664500,,0.000000,0.532000,
4,CReferenceSurface,100,16,528,527,525,527,522,13095790549951,16.667396,16.673500,,0.466400,0.523600,
4,CReferenceSurface,100,16,529,528,526,528,523,13095790716686,16.667305,16.657700,,0.450200,0.499400,
4,CReferenceSurface,100,16,530,529,527,529,524,13095790883263,16.665200,16.667100,,0.437400,0.495800,
4,CReferenceSurface,100,16,531,530,528,530,525,13095791049934,16.667297,16.669200,,0.382600,0.413000,
4,CReferenceSurface,100,16,532,531,529,531,526,13095791216626,16.666198,16.665100,,0.391000,0.458300,
4,CReferenceSurface,100,16,533,532,530,532,527,13095791383277,16.667403,16.658600,,0.000000,0.381100,
4,CReferenceSurface,100,16,534,533,531,533,528,13095791549863,16.666099,16.668700,,0.396900,0.463500,
4,CReferenceSurface,100,16,535,534,532,534,529,13095791716550,16.666802,16.661100,,0.357300,0.416600,
4,CReferenceSurface,100,16,536,535,533,535,530,13095791883161,16.666794,16.673800,,0.413200,0.474400,
4,CReferenceSurface,100,16,537,536,534,536,531,13095792049899,16.666504,16.663000,,0.418700,0.504100,
4,CReferenceSurface,100,16,538,537,535,537,532,13095792216529,16.668404,16.673300,,0.427500,0.502000,
4,CReferenceSurface,100,16,539,538,536,538,533,13095792383262,16.665993,16.669300,,0.000000,0.581900,
4,CReferenceSurface,100,16,540,539,537,539,534,13095792549955,16.714506,16.699000,,0.456500,0.504700,
4,CReferenceSurface,100,16,541,540,538,540,535,13095792716945,16.666595,16.635900,,0.805100,0.687500,
4,CReferenceSurface,100,16,542,541,539,541,536,13095792883304,16.666198,16.812400,,0.640900,0.587300,
4,CReferenceSurface,100,16,543,542,540,542,537,13095793051428,16.668007,16.609700,,0.533400,0.586000,
4,CReferenceSurface,100,16,544,543,541,543,538,13095793217525,16.666001,16.627700,,0.486000,0.507000,
4,CReferenceSurface,100,16,545,544,542,544,539,13095793383802,16.667297,16.662100,,0.000000,0.530200,
4,CReferenceSurface,100,16,546,545,543,545,540,13095793550423,16.666198,16.669600,,0.418100,0.463700,
4,CReferenceSurface,100,16,547,546,544,546,541,13095793717119,16.667198,16.663100,,0.440300,0.494900,
4,CReferenceSurface,100,16,548,547,545,547,542,13095793883750,16.666999,16.667900,,0.450200,0.508900,
4,CReferenceSurface,100,16,549,548,546,548,543,13095794050429,16.666602,16.665800,,0.455900,0.529800,
4,CReferenceSurface,100,16,550,549,547,549,544,13095794217087,16.666900,16.669600,,0.456500,0.534700,
4,CReferenceSurface,100,16,551,550,548,550,545,13095794383783,16.666900,16.669200,,0.000000,0.519200,
4,CReferenceSurface,100,16,552,551,549,551,546,13095794550475,16.666695,16.667200,,0.436000,0.530000,
4,CReferenceSurface,100,16,553,552,550,552,547,13095794717147,16.667206,16.665200,,0.623600,0.589800,
4,CReferenceSurface,100,16,554,553,551,553,548,13095794883799,16.666595,16.668400,,0.428500,0.458600,
4,CReferenceSurface,100,16,555,554,552,554,549,13095795050483,16.666703,16.723100,,0.429300,0.473600,
4,CReferenceSurface,100,16,556,555,553,555,550,13095795217714,16.666602,16.833100,,0.417200,0.471400,
4,CReferenceSurface,100,16,557,556,554,556,551,13095795386045,16.666695,16.440600,,0.000000,0.482800,
4,CReferenceSurface,100,16,558,557,555,557,552,13095795550451,16.666504,16.667300,,0.438300,0.488900,
4,CReferenceSurface,100,16,559,558,556,558,553,13095795717124,16.667496,16.666600,,0.424300,0.492900,
4,CReferenceSurface,100,16,560,559,557,559,554,13095795883790,16.666504,16.667800,,0.612000,0.623900,
4,CReferenceSurface,100,16,561,560,558,560,555,13095796050468,16.666397,16.664500,,0.536300,0.566200,
4,CReferenceSurface,100,16,562,561,559,561,556,13095796217113,16.667603,16.677300,,0.488900,0.508800,
4,CReferenceSurface,100,16,563,562,560,562,557,13095796383886,16.666198,16.659200,,0.000000,0.513200,
4,CReferenceSurface,100,16,564,563,561,563,558,13095796550478,16.667100,16.659600,,0.433500,0.487000,
4,CReferenceSurface,100,16,565,564,562,564,559,13095796717074,16.666306,16.671100,,0.443300,0.569800,
4,CReferenceSurface,100,16,566,565,563,565,560,13095796883785,16.667198,16.671300,,0.614900,0.490300,
4,CReferenceSurface,100,16,567,566,564,566,561,13095797050498,16.666900,16.664000,,0.437200,0.490900,
4,CReferenceSurface,100,16,568,567,565,567,562,13095797217138,16.666496,16.663600,,0.439500,0.497900,
4,CReferenceSurface,100,16,569,568,566,568,563,13095797383774,16.666099,16.669000,,0.000000,0.535200,
4,CReferenceSurface,100,16,570,569,567,569,564,13095797550464,16.667502,16.666400,,0.487700,0.465200,
4,CReferenceSurface,100,16,571,570,568,570,565,13095797717128,16.666496,16.666300,,0.363900,0.441600,
4,CReferenceSurface,100,16,572,571,569,571,566,13095797883791,16.667100,16.659200,,0.429700,0.444300,
4,CReferenceSurface,100,16,573,572,570,572,567,13095798050383,16.666206,16.669200,,0.470900,0.538400,
4,CReferenceSurface,100,16,574,573,571,573,568,13095798217075,16.667100,16.663500,,0.444600,0.443600,
4,CReferenceSurface,100,16,575,574,572,574,569,13095798383710,16.666999,16.690600,,0.000000,0.549500,
4,CReferenceSurface,100,16,576,575,573,575,570,13095798550616,16.666595,16.647700,,0.489900,0.526100,
4,CReferenceSurface,100,16,577,576,574,576,571,13095798717093,16.666802,16.665900,,0.397500,0.512500,
4,CReferenceSurface,100,16,578,577,575,577,572,13095798883752,16.666198,16.678900,,0.515900,0.539500,
4,CReferenceSurface,100,16,579,578,576,578,573,13095799050541,16.667105,16.658500,,0.413300,0.495200,
4,CReferenceSurface,100,16,580,579,577,579,574,13095799217126,16.667496,16.668000,,0.425500,0.545800,
4,CReferenceSurface,100,16,581,580,578,580,575,13095799383806,16.666198,16.663500,,0.000000,0.610300,
4,CReferenceSurface,100,16,582,581,579,581,576,13095799550441,16.667899,16.671800,,0.469200,0.517700,
4,CReferenceSurface,100,16,583,582,580,582,577,13095799717159,16.665298,16.721500,,0.437300,0.515500,
4,CReferenceSurface,100,16,584,583,581,583,578,13095799884374,16.666802,16.614100,,0.390900,0.453500,
4,CReferenceSurface,100,16,585,584,582,584,579,13095800050515,16.668404,16.661900,,0.346500,0.371100,
4,CReferenceSurface,100,16,586,585,583,585,580,13095800217134,16.665101,16.658500,,0.419000,0.475400,
4,CReferenceSurface,100,16,587,586,584,586,581,13095800383719,16.666397,16.665700,,0.000000,0.423400,
4,CReferenceSurface,100,16,588,587,585,587,582,13095800550376,16.667403,16.681800,,0.394800,0.435700,
4,CReferenceSurface,100,16,589,588,586,588,583,13095800717194,16.666397,16.655500,,0.383000,0.414000,
4,CReferenceSurface,100,16,590,589,587,589,584,13095800883749,16.666198,16.665300,,0.321000,0.495400,
4,CReferenceSurface,100,16,591,590,588,590,585,13095801050402,16.667305,16.663700,,0.380200,0.394600,
4,CReferenceSurface,100,16,592,591,589,591,586,13095801217039,16.666397,16.677900,,0.321700,0.399800,
4,CReferenceSurface,100,16,593,592,590,592,587,13095801383818,16.667297,16.658500,,0.000000,0.422600,
4,CReferenceSurface,100,16,594,593,591,593,588,13095801550403,16.666099,16.664900,,0.343200,0.420000,
4,CReferenceSurface,100,16,595,594,592,594,589,13095801717052,16.666802,16.665900,,0.352800,0.436400,
4,CReferenceSurface,100,16,596,595,593,595,590,13095801883711,16.666999,16.669500,,0.341900,0.401900,
4,CReferenceSurface,100,16,597,596,594,596,591,13095802050406,16.666999,16.677000,,0.365200,0.433900,
4,CReferenceSurface,100,16,598,597,595,597,592,13095802217176,16.666001,16.655200,,0.328100,0.429700,
4,CReferenceSurface,100,16,599,598,596,598,593,13095802383728,16.666900,16.673000,,0.000000,0.417000,
4,CReferenceSurface,100,16,600,599,597,599,594,13095802550458,16.666703,16.662200,,0.397900,0.430400,
4,CReferenceSurface,100,16,601,600,598,600,595,13095802717080,16.666695,16.665700,,0.366200,0.402400,
4,CReferenceSurface,100,16,602,601,599,601,596,13095802883737,16.666999,16.667800,,0.386100,0.410500,
4,CReferenceSurface,100,16,603,602,600,602,597,13095803050415,16.666306,16.665000,,0.407400,0.452200,
4,CReferenceSurface,100,16,604,603,601,603,598,13095803217065,16.667100,16.665600,,0.388000,0.397800,
4,CReferenceSurface,100,16,605,604,602,604,599,13095803383721,16.666198,16.670800,,0.000000,0.428000,
4,CReferenceSurface,100,16,606,605,603,605,600,13095803550429,16.668404,16.664500,,0.361500,0.380000,
4,CReferenceSurface,100,16,607,606,604,606,601,13095803717074,16.665101,16.666300,,0.334400,0.429000,
4,CReferenceSurface,100,16,608,607,605,607,602,13095803883737,16.668495,16.664400,,0.327400,0.407300,
5,CReferenceSurface,300,1,640,639,637,639,633,13095809621349,16.667502,16.662900,,0.406000,0.440800,
5,CReferenceSurface,300,1,641,640,638,640,634,13095809787978,16.666001,16.667900,,0.000000,0.488000,
5,CReferenceSurface,300,1,642,641,639,641,635,13095809954657,16.668502,16.682600,,0.409300,0.455700,
5,CReferenceSurface,300,1,643,642,640,642,636,13095810121483,16.664796,16.658500,,0.408900,0.403100,
5,CReferenceSurface,300,1,644,643,641,643,637,13095810288068,16.666504,16.658800,,0.502700,0.455400,
5,CReferenceSurface,300,1,645,644,642,644,638,13095810454656,16.668297,16.684600,,0.397100,0.454500,
5,CReferenceSurface,300,1,646,645,643,645,639,13095810621502,16.665200,16.647900,,0.336700,0.433800,
5,CReferenceSurface,300,1,647,646,644,646,640,13095810787981,16.667198,16.681400,,0.000000,0.378700,
5,CReferenceSurface,300,1,648,647,645,647,641,13095810954795,16.666602,16.656600,,0.410300,0.430900,
5,CReferenceSurface,300,1,649,648,646,648,642,13095811121361,16.667403,16.658800,,0.386300,0.415600,
5,CReferenceSurface,300,1,650,649,647,649,643,13095811287949,16.665993,16.682700,,0.415400,0.443900,
5,CReferenceSurface,300,1,651,650,648,650,644,13095811454776,16.666703,16.665500,,0.363600,0.393200,
5,CReferenceSurface,300,1,652,651,649,651,645,13095811621431,16.667603,16.657500,,0.385700,0.464100,
5,CReferenceSurface,300,1,653,652,650,652,646,13095811788006,16.665298,16.663400,,0.000000,0.423400,
5,CReferenceSurface,300,1,654,653,651,653,647,13095811954640,16.667297,16.667400,,0.396600,0.350600,
5,CReferenceSurface,300,1,655,654,652,654,648,13095812121314,16.666405,16.675000,,0.437200,0.515600,
5,CReferenceSurface,300,1,656,655,653,655,649,13095812288064,16.666999,16.657800,,0.398800,0.487500,
5,CReferenceSurface,300,1,657,656,654,656,650,13095812454642,16.666001,16.680500,,0.397500,0.435300,
5,CReferenceSurface,300,1,658,657,655,657,651,13095812621447,16.667496,16.652400,,0.340700,0.419600,
5,CReferenceSurface,300,1,659,658,656,658,652,13095812787971,16.666405,16.744500,,0.000000,0.379500,
5,CReferenceSurface,300,1,660,659,657,659,653,13095812955416,16.667198,16.597800,,0.404500,0.450500,
5,CReferenceSurface,300,1,661,660,658,660,654,13095813121394,16.668098,16.654900,,0.337600,0.458300,
5,CReferenceSurface,300,1,662,661,659,661,655,13095813287943,16.665604,16.671100,,0.410500,0.487200,
5,CReferenceSurface,300,1,663,662,660,662,656,13095813454654,16.666999,16.673800,,0.447700,0.527500,
5,CReferenceSurface,300,1,664,663,661,663,657,13095813621392,16.667297,16.669500,,0.496100,0.528500,
5,CReferenceSurface,300,1,665,664,662,664,658,13095813788087,16.666397,16.664800,,0.000000,0.614000,
5,CReferenceSurface,300,1,666,665,663,665,659,13095813954735,16.666900,16.669700,,0.520100,0.630300,
5,CReferenceSurface,300,1,667,666,664,666,660,13095814121432,16.666900,16.669000,,0.575500,0.710400,
5,CReferenceSurface,300,1,668,667,665,667,661,13095814288122,16.666802,16.666900,,0.563700,0.577600,
5,CReferenceSurface,300,1,669,668,666,668,662,13095814454791,16.667305,16.670000,,0.563900,0.759100,
5,CReferenceSurface,300,1,670,669,667,669,663,13095814621491,16.666794,16.665400,,0.848700,0.823000,
5,CReferenceSurface,300,1,671,670,668,670,664,13095814788145,16.666504,16.669200,,0.000000,0.661100,
5,CReferenceSurface,300,1,672,671,669,671,665,13095814954837,16.666802,16.679200,,0.568400,0.577400,
5,CReferenceSurface,300,1,673,672,670,672,666,13095815121629,16.666794,16.657400,,0.539000,0.545000,
5,CReferenceSurface,300,1,674,673,671,673,667,13095815288203,16.667701,16.660200,,0.515700,0.550300,
5,CReferenceSurface,300,1,675,674,672,674,668,13095815454805,16.666900,16.878300,,0.523400,0.571500,
5,CReferenceSurface,300,1,676,675,673,675,669,13095815623588,16.666299,16.454100,,0.524300,0.541600,
5,CReferenceSurface,300,1,677,676,674,676,670,13095815788129,16.666504,16.664200,,0.000000,0.604200,
5,CReferenceSurface,300,1,678,677,675,677,671,13095815954771,16.667396,16.669700,,0.558900,0.544600,
5,CReferenceSurface,300,1,679,678,676,678,672,13095816121468,16.666504,16.666600,,0.505400,0.551200,
5,CReferenceSurface,300,1,680,679,677,679,673,13095816288134,16.667100,16.665400,,0.487600,0.546300,
5,CReferenceSurface,300,1,681,680,678,680,674,13095816454788,16.667198,16.666500,,0.522100,0.534600,
5,CReferenceSurface,300,1,682,681,679,681,675,13095816621453,16.666504,16.668500,,0.677000,0.666400,
5,CReferenceSurface,300,1,683,682,680,682,676,13095816788138,16.667100,16.667400,,0.000000,0.610000,
5,CReferenceSurface,300,1,684,683,681,683,677,13095816954812,16.667198,16.670400,,0.553300,0.741900,
5,CReferenceSurface,300,1,685,684,682,684,678,13095817121516,16.666198,16.666000,,0.659000,0.765800,
5,CReferenceSurface,300,1,686,685,683,685,679,13095817288176,16.667701,16.666300,,0.723100,0.649700,
5,CReferenceSurface,300,1,687,686,684,686,680,13095817454839,16.666703,16.741000,,0.843500,0.747400,
5,CReferenceSurface,300,1,688,687,685,687,681,13095817622249,16.666299,16.595000,,0.696100,0.869800,
5,CReferenceSurface,300,1,689,688,686,688,682,13095817788199,16.666999,16.671800,,0.000000,0.579100,
5,CReferenceSurface,300,1,690,689,687,689,683,13095817954917,16.665902,16.659900,,0.527700,0.584500,
5,CReferenceSurface,300,1,691,690,688,690,684,13095818121516,16.667502,16.662200,,0.496000,0.542200,
5,CReferenceSurface,300,1,692,691,689,691,685,13095818288138,16.666794,16.670800,,0.501400,0.567300,
5,CReferenceSurface,300,1,693,692,690,692,686,13095818454846,16.667105,16.659100,,0.527000,0.583400,
5,CReferenceSurface,300,1,694,693,691,693,687,13095818621437,16.666695,16.678800,,0.550200,0.800100,
5,CReferenceSurface,300,1,695,694,692,694,688,13095818788225,16.666999,16.662600,,0.000000,0.671600,
5,CReferenceSurface,300,1,696,695,693,695,689,13095818954851,16.666405,16.667100,,0.749700,0.630800,
5,CReferenceSurface,300,1,697,696,694,696,690,13095819121522,16.667297,16.667500,,0.616800,0.778400,
5,CReferenceSurface,300,1,698,697,695,697,691,13095819288197,16.666299,16.674100,,0.865900,0.859900,
5,CReferenceSurface,300,1,699,698,696,698,692,13095819454938,16.666703,16.660200,,0.651400,0.646400,
5,CReferenceSurface,300,1,700,699,697,699,693,13095819621540,16.666397,16.670200,,0.572600,0.592200,
5,CReferenceSurface,300,1,701,700,698,700,694,13095819788242,16.667206,16.662300,,0.000000,0.733500,
5,CReferenceSurface,300,1,702,701,699,701,695,13095819954865,16.666900,16.664100,,0.536500,0.537500,
5,CReferenceSurface,300,1,703,702,700,702,696,13095820121506,16.666299,16.672300,,0.546300,0.548800,
5,CReferenceSurface,300,1,704,703,701,703,697,13095820288229,16.666802,16.658200,,0.551100,0.582600,
5,CReferenceSurface,300,1,705,704,702,704,698,13095820454811,16.666900,16.670800,,0.527100,0.527000,
5,CReferenceSurface,300,1,706,705,703,705,699,13095820621519,16.667297,16.659600,,0.526200,0.532900,
5,CReferenceSurface,300,1,707,706,704,706,700,13095820788115,16.666703,16.669700,,0.000000,0.584700,
5,CReferenceSurface,300,1,708,707,705,707,701,13095820954812,16.666900,16.681600,,0.508700,0.535600,
5,CReferenceSurface,300,1,709,708,706,708,702,13095821121628,16.666999,16.652900,,0.548800,0.602100,
5,CReferenceSurface,300,1,710,709,707,709,703,13095821288157,16.666595,16.671600,,0.515300,0.577400,
5,CReferenceSurface,300,1,711,710,708,710,704,13095821454873,16.667701,16.666600,,0.505100,0.640200,
5,CReferenceSurface,300,1,712,711,709,711,705,13095821621539,16.666397,16.663300,,0.565100,0.630000,
5,CReferenceSurface,300,1,713,712,710,712,706,13095821788172,16.666900,16.667700,,0.000000,0.594300,
5,CReferenceSurface,300,1,714,713,711,713,707,13095821954849,16.666703,16.722100,,0.495300,0.513300,
5,CReferenceSurface,300,1,715,714,712,714,708,13095822122070,16.666900,16.615500,,0.539300,0.562100,
5,CReferenceSurface,300,1,716,715,713,715,709,13095822288225,16.667198,16.663400,,0.563400,0.687500,
5,CReferenceSurface,300,1,717,716,714,716,710,13095822454859,16.666802,16.667500,,0.671000,0.661900,
5,CReferenceSurface,300,1,718,717,715,717,711,13095822621534,16.666802,16.668500,,0.616700,0.777300,
5,CReferenceSurface,300,1,719,718,716,718,712,13095822788219,16.666802,16.666500,,0.000000,0.733600,
5,CReferenceSurface,300,1,720,719,717,719,713,13095822954884,16.666802,16.669600,,0.651700,0.741700,
5,CReferenceSurface,300,1,721,720,718,720,714,13095823121580,16.819494,16.669800,,0.639300,0.691400,
5,CReferenceSurface,300,1,722,721,719,721,715,13095823288278,16.666900,16.665800,,0.983800,0.867500,
5,CReferenceSurface,300,1,723,722,720,722,716,13095823454936,16.666504,16.667600,,0.736400,0.780600,
5,CReferenceSurface,300,1,724,723,721,723,717,13095823621612,16.666802,16.826400,,0.690800,1.469200,
5,CReferenceSurface,300,1,725,724,722,724,718,13095823789876,16.667198,16.661200,,0.000000,0.721500,
5,CReferenceSurface,300,1,726,725,723,725,719,13095823956488,16.666999,16.667000,,0.583000,0.617400,
5,CReferenceSurface,300,1,727,726,724,726,720,13095824123158,16.666595,16.670300,,0.589700,0.610300,
5,CReferenceSurface,300,1,728,727,725,727,721,13095824289861,16.666900,16.658800,,0.599200,0.621900,
5,CReferenceSurface,300,1,729,728,726,728,722,13095824456449,16.666900,16.667800,,0.662400,0.634600,
5,CReferenceSurface,300,1,730,729,727,729,723,13095824623127,16.666802,16.661900,,0.610700,0.654900,
5,CReferenceSurface,300,1,731,730,728,730,724,13095824789746,16.666802,16.672000,,0.000000,0.799600,
5,CReferenceSurface,300,1,732,731,729,731,725,13095824956466,16.666900,16.668600,,0.604400,0.603000,
5,CReferenceSurface,300,1,733,732,730,732,726,13095825123152,16.667297,16.667500,,0.624500,0.729400,
5,CReferenceSurface,300,1,734,733,731,733,727,13095825289827,16.666405,16.662900,,0.591400,0.623100,
5,CReferenceSurface,300,1,735,734,732,734,728,13095825456456,16.666794,16.669800,,0.590100,0.798100,
5,CReferenceSurface,300,1,736,735,733,735,729,13095825623154,16.666999,16.664500,,0.618800,0.757600,
5,CReferenceSurface,300,1,737,736,734,736,730,13095825789799,16.666206,16.665600,,0.000000,0.607300,
5,CReferenceSurface,300,1,738,737,735,737,731,13095825956455,16.666999,16.667600,,0.465000,0.488200,
5,CReferenceSurface,300,1,739,738,736,738,732,13095826123131,16.667198,16.661200,,0.475400,0.545000,
5,CReferenceSurface,300,1,740,739,737,739,733,13095826289743,16.666703,16.665300,,0.500200,0.554900,
5,CReferenceSurface,300,1,741,740,738,740,734,13095826456396,16.666794,16.665300,,0.519700,0.553600,
5,CReferenceSurface,300,1,742,741,739,741,735,13095826623049,16.666900,16.669600,,0.548700,0.721100,
5,CReferenceSurface,300,1,743,742,740,742,736,13095826789745,16.666999,16.666600,,0.000000,0.685000,
5,CReferenceSurface,300,1,744,743,741,743,737,13095826956411,16.666802,16.671100,,0.595700,0.665800,
5,CReferenceSurface,300,1,745,744,742,744,738,13095827123122,16.667701,16.665500,,0.696300,0.787800,
5,CReferenceSurface,300,1,746,745,743,745,739,13095827289777,16.666099,16.670500,,0.707500,0.749000,
5,CReferenceSurface,300,1,747,746,744,746,740,13095827456482,16.666900,16.671400,,0.717200,0.801000,
5,CReferenceSurface,300,1,748,747,745,747,741,13095827623196,16.666999,16.675000,,0.748500,0.806800,
5,CReferenceSurface,300,1,749,748,746,748,742,13095827789946,16.666703,16.661400,,0.000000,0.817200,
5,CReferenceSurface,300,1,750,749,747,749,743,13095827956560,16.667595,16.665200,,0.745700,0.798300,
5,CReferenceSurface,300,1,751,750,748,750,744,13095828123212,16.666504,16.668600,,1.118000,1.069200,
5,CReferenceSurface,300,1,752,751,749,751,745,13095828289898,16.666802,16.661700,,1.146200,1.065600,
5,CReferenceSurface,300,1,753,752,750,752,746,13095828456515,16.666999,16.676400,,0.790600,0.705000,
5,CReferenceSurface,300,1,754,753,751,753,747,13095828623279,16.666397,16.660700,,0.741400,0.704200,
5,CReferenceSurface,300,1,755,754,752,754,748,13095828789886,16.666703,16.673300,,0.000000,0.719700,
5,CReferenceSurface,300,1,756,755,753,755,749,13095828956619,16.666999,16.690700,,0.651200,0.708600,
5,CReferenceSurface,300,1,757,756,754,756,750,13095829123526,16.666999,16.636100,,0.660800,0.797400,
5,CReferenceSurface,300,1,758,757,755,757,751,13095829289887,16.666999,16.663600,,0.702400,0.766300,
5,CReferenceSurface,300,1,759,758,756,758,752,13095829456523,16.666397,16.668300,,0.652800,0.782400,
6,CReferenceSurface,300,4,791,790,788,790,783,13095835466692,16.666703,16.653500,,0.617300,0.758200,
6,CReferenceSurface,300,4,792,791,789,791,784,13095835633227,16.666893,16.669100,,0.657000,0.790400,
6,CReferenceSurface,300,4,793,792,790,792,785,13095835799918,16.666703,16.667100,,0.000000,0.619300,
6,CReferenceSurface,300,4,794,793,791,793,786,13095835966589,16.666900,16.666900,,0.603600,0.609600,
6,CReferenceSurface,300,4,795,794,792,794,787,13095836133258,16.667100,16.666700,,0.606400,0.651600,
6,CReferenceSurface,300,4,796,795,793,795,788,13095836299925,16.666999,16.667200,,0.654100,0.613200,
6,CReferenceSurface,300,4,797,796,794,796,789,13095836466597,16.666405,16.668300,,0.623900,0.624400,
6,CReferenceSurface,300,4,798,797,795,797,790,13095836633280,16.667396,16.665600,,0.646700,0.690900,
6,CReferenceSurface,300,4,799,798,796,798,791,13095836799936,16.666602,16.667400,,0.000000,0.656000,
6,CReferenceSurface,300,4,800,799,797,799,792,13095836966610,16.666900,16.669300,,0.607000,0.819600,
6,CReferenceSurface,300,4,801,800,798,800,793,13095837133303,16.667297,16.666100,,0.761800,0.702800,
6,CReferenceSurface,300,4,802,801,799,801,794,13095837299964,16.666397,16.664800,,0.939400,0.889100,
6,CReferenceSurface,300,4,803,802,800,802,795,13095837466612,16.666602,16.664900,,0.934700,0.900300,
6,CReferenceSurface,300,4,804,803,801,803,796,13095837633261,16.667100,16.678000,,0.777500,0.913100,
6,CReferenceSurface,300,4,805,804,802,804,797,13095837800041,16.666602,16.655100,,0.000000,0.863600,
6,CReferenceSurface,300,4,806,805,803,805,798,13095837966592,16.666802,16.672900,,0.628300,0.638100,
6,CReferenceSurface,300,4,807,806,804,806,799,13095838133321,16.667297,16.663600,,0.755300,0.806800,
6,CReferenceSurface,300,4,808,807,805,807,800,13095838299957,16.666802,16.665500,,0.733900,0.770300,
6,CReferenceSurface,300,4,809,808,806,808,801,13095838466612,16.667396,16.676200,,0.680800,0.733600,
6,CReferenceSurface,300,4,810,809,807,809,802,13095838633374,16.666802,16.671700,,0.972500,0.937600,
6,CReferenceSurface,300,4,811,810,808,810,803,13095838800091,16.666504,16.657100,,0.000000,1.040200,
6,CReferenceSurface,300,4,812,811,809,811,804,13095838966662,16.667198,16.680000,,0.725900,0.860100,
6,CReferenceSurface,300,4,813,812,810,812,805,13095839133462,16.667396,16.671800,,0.735600,0.709800,
6,CReferenceSurface,300,4,814,813,811,813,806,13095839300180,16.666198,16.649400,,0.896500,0.981000,
6,CReferenceSurface,300,4,815,814,812,814,807,13095839466674,16.667206,16.674900,,1.131600,0.944200,
6,CReferenceSurface,300,4,816,815,813,815,808,13095839633423,16.667595,16.675100,,1.178000,1.044600,
6,CReferenceSurface,300,4,817,816,814,816,809,13095839800174,16.666703,16.659200,,0.000000,0.807400,
6,CReferenceSurface,300,4,818,817,815,817,810,13095839966766,16.666405,16.663400,,0.906200,0.969500,
6,CReferenceSurface,300,4,819,818,816,818,811,13095840133400,16.667100,16.669400,,0.742600,0.814200,
6,CReferenceSurface,300,4,820,819,817,819,812,13095840300094,16.666794,16.665300,,0.823300,0.844300,
6,CReferenceSurface,300,4,821,820,818,820,813,13095840466747,16.667206,16.664000,,0.747400,0.821900,
6,CReferenceSurface,300,4,822,821,819,821,814,13095840633387,16.666595,16.671600,,0.964400,0.903500,
6,CReferenceSurface,300,4,823,822,820,822,815,13095840800103,16.680803,16.673200,,0.000000,0.804900,
6,CReferenceSurface,300,4,824,823,821,823,816,13095840966835,16.666001,16.660800,,0.979200,0.937300,
6,CReferenceSurface,300,4,825,824,822,824,817,13095841133443,16.666900,16.668900,,0.701500,0.747400,
6,CReferenceSurface,300,4,826,825,823,825,818,13095841300132,16.666900,16.678700,,1.042400,1.148300,
6,CReferenceSurface,300,4,827,826,824,826,819,13095841466919,16.824199,16.660400,,0.804800,1.031800,
6,CReferenceSurface,300,4,828,827,825,827,820,13095841633523,16.666695,16.829300,,1.035500,0.968400,
6,CReferenceSurface,300,4,829,828,826,828,821,13095841801816,16.667206,16.507400,,0.000000,0.871800,
6,CReferenceSurface,300,4,830,829,827,829,822,13095841966890,16.666496,16.828000,,0.945700,0.886400,
6,CReferenceSurface,300,4,831,830,828,830,823,13095842135170,16.666900,16.664800,,0.710400,0.824800,
6,CReferenceSurface,300,4,832,831,829,831,824,13095842301818,16.666703,16.662200,,0.742000,0.735900,
6,CReferenceSurface,300,4,833,832,830,832,825,13095842468440,16.681002,16.664600,,0.730500,0.715200,
6,CReferenceSurface,300,4,834,833,831,833,826,13095842635086,16.666695,16.667400,,0.722000,0.786400,
6,CReferenceSurface,300,4,835,834,832,834,827,13095842801760,16.666602,16.666000,,0.000000,0.775800,
6,CReferenceSurface,300,4,836,835,833,835,828,13095842968420,16.666900,16.682600,,0.959100,0.848900,
6,CReferenceSurface,300,4,837,836,834,836,829,13095843135246,16.667100,16.667600,,0.811300,0.883900,
6,CReferenceSurface,300,4,838,837,835,837,830,13095843301922,16.666900,16.669200,,1.056100,0.902400,
6,CReferenceSurface,300,4,839,838,836,838,831,13095843468614,16.666900,16.662500,,1.061400,0.858100,
6,CReferenceSurface,300,4,840,839,837,839,832,13095843635239,16.666299,16.674200,,0.978900,1.012600,
6,CReferenceSurface,300,4,841,840,838,840,833,13095843801981,16.667297,16.667600,,0.000000,0.840300,
6,CReferenceSurface,300,4,842,841,839,841,834,13095843968657,16.666802,16.667200,,0.628700,0.635300,
6,CReferenceSurface,300,4,843,842,840,842,835,13095844135329,16.666703,16.658500,,0.641300,0.694200,
6,CReferenceSurface,300,4,844,843,841,843,836,13095844301914,16.666595,16.728700,,0.605900,0.606400,
6,CReferenceSurface,300,4,845,844,842,844,837,13095844469201,16.667105,16.600400,,0.554600,0.593500,
6,CReferenceSurface,300,4,846,845,843,845,838,13095844635205,16.666496,16.666300,,0.560800,0.669800,
6,CReferenceSurface,300,4,847,846,844,846,839,13095844801868,16.666999,16.665000,,0.000000,0.577600,
6,CReferenceSurface,300,4,848,847,845,847,840,13095844968518,16.667100,16.668900,,0.605900,0.698000,
6,CReferenceSurface,300,4,849,848,846,848,841,13095845135207,16.666703,16.664300,,0.606400,0.624400,
6,CReferenceSurface,300,4,850,849,847,849,842,13095845301850,16.666900,16.667500,,0.584800,0.584900,
6,CReferenceSurface,300,4,851,850,848,850,843,13095845468525,16.666802,16.721700,,0.628500,0.659100,
6,CReferenceSurface,300,4,852,851,849,851,844,13095845635742,16.735297,16.614800,,0.669900,0.789500,
6,CReferenceSurface,300,4,853,852,850,852,845,13095845801890,16.666504,16.665800,,0.000000,0.831800,
6,CReferenceSurface,300,4,854,853,851,853,846,13095845968548,16.667198,16.668800,,0.561700,0.584400,
6,CReferenceSurface,300,4,855,854,852,854,847,13095846135236,16.666900,16.738500,,0.604100,0.676400,
6,CReferenceSurface,300,4,856,855,853,855,848,13095846302621,16.667100,16.658700,,0.703600,0.718800,
6,CReferenceSurface,300,4,857,856,854,856,849,13095846469208,16.666703,16.672400,,1.024100,0.906800,
6,CReferenceSurface,300,4,858,857,855,857,850,13095846635932,16.666802,16.669700,,0.876700,0.868900,
6,CReferenceSurface,300,4,859,858,856,858,851,13095846802629,16.666794,16.672700,,0.000000,0.959100,
6,CReferenceSurface,300,4,860,859,857,859,852,13095846969356,16.666802,16.668500,,0.715400,0.817500,
6,CReferenceSurface,300,4,861,860,858,860,853,13095847136041,16.667100,16.666200,,0.776500,0.761500,
6,CReferenceSurface,300,4,862,861,859,861,854,13095847302703,16.666802,16.670900,,0.758200,0.933600,
6,CReferenceSurface,300,4,863,862,860,862,855,13095847469412,16.666703,16.660800,,1.034100,0.807800,
6,CReferenceSurface,300,4,864,863,861,863,856,13095847636020,16.694402,16.667700,,1.281600,1.090200,
6,CReferenceSurface,300,4,865,864,862,864,857,13095847802697,16.743800,16.671200,,0.000000,0.968800,
6,CReferenceSurface,300,4,866,865,863,865,858,13095847969409,16.666900,16.666900,,0.773500,0.727700,
6,CReferenceSurface,300,4,867,866,864,866,859,13095848136078,16.666794,16.777500,,0.825500,0.855900,
6,CReferenceSurface,300,4,868,867,865,867,860,13095848303853,16.666703,16.649500,,0.725000,0.859000,
6,CReferenceSurface,300,4,869,868,866,868,861,13095848470348,16.667100,16.668600,,0.686300,0.841400,
6,CReferenceSurface,300,4,870,869,867,869,862,13095848637034,16.667206,16.666000,,0.694300,0.776800,
6,CReferenceSurface,300,4,871,870,868,870,863,13095848803694,16.666496,16.670200,,0.000000,0.850700,
6,CReferenceSurface,300,4,872,871,869,871,864,13095848970396,16.666802,16.662200,,0.653200,0.655700,
6,CReferenceSurface,300,4,873,872,870,872,865,13095849137018,16.667100,16.678400,,0.646300,0.707600,
6,CReferenceSurface,300,4,874,873,871,873,866,13095849303802,16.666900,16.655200,,0.750200,0.887900,
6,CReferenceSurface,300,4,875,874,872,874,867,13095849470354,16.666999,16.672600,,0.777300,0.702200,
6,CReferenceSurface,300,4,876,875,873,875,868,13095849637080,16.666802,16.670800,,0.671400,0.790900,
6,CReferenceSurface,300,4,877,876,874,876,869,13095849803788,16.667701,16.662300,,0.000000,0.736900,
6,CReferenceSurface,300,4,878,877,875,877,870,13095849970411,16.667198,16.663500,,0.879400,0.935200,
6,CReferenceSurface,300,4,879,878,876,878,871,13095850137046,16.666099,16.666000,,1.009800,0.976800,
6,CReferenceSurface,300,4,880,879,877,879,872,13095850303706,16.666900,16.743000,,0.763800,0.849300,
6,CReferenceSurface,300,4,881,880,878,880,873,13095850471136,16.666703,16.600100,,0.722400,0.719800,
6,CReferenceSurface,300,4,882,881,879,881,874,13095850637137,16.666893,16.663400,,0.730200,0.895400,
6,CReferenceSurface,300,4,883,882,880,882,875,13095850803771,16.667603,16.664300,,0.000000,0.773300,
6,CReferenceSurface,300,4,884,883,881,883,876,13095850970414,16.666602,16.673600,,0.917500,0.803900,
6,CReferenceSurface,300,4,885,884,882,884,877,13095851137150,16.666703,16.658400,,0.773800,0.907300,
6,CReferenceSurface,300,4,886,885,883,885,878,13095851303734,16.666794,16.675100,,0.772700,0.891100,
6,CReferenceSurface,300,4,887,886,884,886,879,13095851470485,16.666999,16.664100,,0.745900,0.780100,
6,CReferenceSurface,300,4,888,887,885,887,880,13095851637126,16.667206,16.663900,,0.718300,0.775100,
6,CReferenceSurface,300,4,889,888,886,888,881,13095851803765,16.666794,16.667000,,0.000000,1.013000,
6,CReferenceSurface,300,4,890,889,887,889,882,13095851970435,16.667603,16.667600,,0.980000,0.876700,
6,CReferenceSurface,300,4,891,890,888,890,883,13095852137111,16.666299,16.676300,,0.762600,0.771200,
6,CReferenceSurface,300,4,892,891,889,891,884,13095852303874,16.667701,16.660900,,1.067700,0.894500,
6,CReferenceSurface,300,4,893,892,890,892,885,13095852470483,16.666299,16.721400,,1.203200,1.036400,
6,CReferenceSurface,300,4,894,893,891,893,886,13095852637697,16.667206,16.612200,,0.862100,0.896200,
6,CReferenceSurface,300,4,895,894,892,894,887,13095852803819,16.666595,16.672900,,0.000000,1.070500,
6,CReferenceSurface,300,4,896,895,893,895,888,13095852970548,16.667206,16.655800,,1.102000,0.878100,
6,CReferenceSurface,300,4,897,896,894,896,889,13095853137106,16.667396,16.756700,,0.770000,0.961200,
6,CReferenceSurface,300,4,898,897,895,897,890,13095853304673,16.666099,16.587500,,1.111900,1.041400,
6,CReferenceSurface,300,4,899,898,896,898,891,13095853470548,16.666802,16.661600,,0.950300,0.829700,
6,CReferenceSurface,300,4,900,899,897,899,892,13095853637164,16.666999,16.674200,,0.780600,0.862100,
6,CReferenceSurface,300,4,901,900,898,900,893,13095853803906,16.666900,16.657400,,0.000000,0.747200,
6,CReferenceSurface,300,4,902,901,899,901,894,13095853970480,16.666595,16.663200,,0.955700,0.838500,
6,CReferenceSurface,300,4,903,902,900,902,895,13095854137112,16.667603,16.667100,,0.681400,0.818200,
6,CReferenceSurface,300,4,904,903,901,903,896,13095854303783,16.666900,16.795600,,0.724600,0.731700,
6,CReferenceSurface,300,4,905,904,902,904,897,13095854471739,16.666999,16.534900,,0.671500,0.672400,
6,CReferenceSurface,300,4,906,905,903,905,898,13095854637088,16.666900,16.676400,,0.693800,0.687600,
6,CReferenceSurface,300,4,907,906,904,906,899,13095854803852,16.666397,16.658100,,0.000000,0.675100,
6,CReferenceSurface,300,4,908,907,905,907,900,13095854970433,16.666900,16.666400,,0.667000,0.675700,
6,CReferenceSurface,300,4,909,908,906,908,901,13095855137097,16.667105,16.670500,,0.691800,0.703400,
6,CReferenceSurface,300,4,910,909,907,909,902,13095855303802,16.666893,16.671600,,0.717700,0.820500,
7,CReferenceSurface,300,8,942,941,939,941,933,13095861545534,16.666900,16.668400,,1.036700,1.001500,
7,CReferenceSurface,300,8,943,942,940,942,934,13095861712218,16.666999,16.739100,,0.919000,1.274400,
7,CReferenceSurface,300,8,944,943,941,943,935,13095861879609,16.666900,16.602400,,0.980900,0.978000,
7,CReferenceSurface,300,8,945,944,942,944,936,13095862045633,16.666299,16.669400,,0.747800,0.734700,
7,CReferenceSurface,300,8,946,945,943,945,937,13095862212327,16.666595,16.663700,,0.000000,0.780800,
7,CReferenceSurface,300,8,947,946,944,946,938,13095862378964,16.667105,16.665900,,0.596400,0.755600,
7,CReferenceSurface,300,8,948,947,945,947,939,13095862545623,16.666893,16.654300,,0.790200,0.842500,
7,CReferenceSurface,300,8,949,948,946,948,940,13095862712166,16.666900,16.667300,,0.712600,0.719400,
7,CReferenceSurface,300,8,950,949,947,949,941,13095862878839,16.668204,16.672900,,0.977100,0.942200,
7,CReferenceSurface,300,8,951,950,948,950,942,13095863045568,16.666595,16.665000,,0.866900,0.863700,
7,CReferenceSurface,300,8,952,951,949,951,943,13095863212218,16.666703,16.672800,,0.000000,1.002300,
7,CReferenceSurface,300,8,953,952,950,952,944,13095863378946,16.667800,16.665800,,1.024000,0.977400,
7,CReferenceSurface,300,8,954,953,951,953,945,13095863545604,16.666496,16.673100,,0.988500,1.023700,
7,CReferenceSurface,300,8,955,954,952,954,946,13095863712335,16.667105,16.662600,,0.930900,0.891100,
7,CReferenceSurface,300,8,956,955,953,955,947,13095863878961,16.666001,16.674500,,0.739700,0.741900,
7,CReferenceSurface,300,8,957,956,954,956,948,13095864045706,16.666794,16.658300,,0.638200,0.641600,
7,CReferenceSurface,300,8,958,957,955,957,949,13095864212289,16.667105,16.666400,,0.000000,0.642400,
7,CReferenceSurface,300,8,959,958,956,958,950,13095864378953,16.666595,16.659900,,0.548500,0.555900,
7,CReferenceSurface,300,8,960,959,957,959,951,13095864545552,16.667800,16.667100,,0.550500,0.639800,
7,CReferenceSurface,300,8,961,960,958,960,952,13095864712223,16.666504,16.661700,,1.054000,1.037000,
7,CReferenceSurface,300,8,962,961,959,961,953,13095864878840,16.666695,16.668200,,0.743100,0.825300,
7,CReferenceSurface,300,8,963,962,960,962,954,13095865045522,16.667100,16.682300,,0.781200,0.781100,
7,CReferenceSurface,300,8,964,963,961,963,955,13095865212345,16.667305,16.661800,,0.000000,0.925400,
7,CReferenceSurface,300,8,965,964,962,964,956,13095865378963,16.667396,16.663500,,1.231500,1.068200,
7,CReferenceSurface,300,8,966,965,963,965,957,13095865545598,16.666001,16.682800,,1.272100,1.149800,
7,CReferenceSurface,300,8,967,966,964,966,958,13095865712426,16.666198,16.690300,,0.813100,0.884400,
7,CReferenceSurface,300,8,968,967,965,967,959,13095865879329,16.666802,16.636700,,0.695400,0.728500,
7,CReferenceSurface,300,8,969,968,966,968,960,13095866045696,16.666602,16.661300,,0.579700,0.596800,
7,CReferenceSurface,300,8,970,969,967,969,961,13095866212309,16.666999,16.657500,,0.000000,0.561700,
7,CReferenceSurface,300,8,971,970,968,970,962,13095866378884,16.667198,16.663800,,0.586300,0.573100,
7,CReferenceSurface,300,8,972,971,969,971,963,13095866545522,16.666802,16.667500,,0.578200,0.670800,
7,CReferenceSurface,300,8,973,972,970,972,964,13095866712197,16.668800,16.665900,,0.595600,0.654500,
7,CReferenceSurface,300,8,974,973,971,973,965,13095866878856,16.664796,16.673700,,0.592800,0.629200,
7,CReferenceSurface,300,8,975,974,972,974,966,13095867045593,16.667007,16.664000,,0.553700,0.607300,
7,CReferenceSurface,300,8,976,975,973,975,967,13095867212233,16.666496,16.680200,,0.000000,0.548400,
7,CReferenceSurface,300,8,977,976,974,976,968,13095867379035,16.666900,16.650400,,0.501700,0.509300,
7,CReferenceSurface,300,8,978,977,975,977,969,13095867545539,16.666397,16.667500,,0.445100,0.737900,
7,CReferenceSurface,300,8,979,978,976,978,970,13095867712214,16.666999,16.663000,,0.525600,0.541300,
7,CReferenceSurface,300,8,980,979,977,979,971,13095867878844,16.666405,16.669900,,0.509200,0.529100,
7,CReferenceSurface,300,8,981,980,978,980,972,13095868045543,16.667198,16.663500,,0.532000,0.618200,
7,CReferenceSurface,300,8,982,981,979,981,973,13095868212178,16.666602,16.664800,,0.000000,0.574000,
7,CReferenceSurface,300,8,983,982,980,982,974,13095868378826,16.666999,16.673300,,0.521100,0.527200,
7,CReferenceSurface,300,8,984,983,981,983,975,13095868545559,16.666999,16.667500,,0.505800,0.573500,
7,CReferenceSurface,300,8,985,984,982,984,976,13095868712234,16.667198,16.660000,,0.527200,0.568600,
7,CReferenceSurface,300,8,986,985,983,985,977,13095868878834,16.665902,16.670900,,0.477800,0.553600,
7,CReferenceSurface,300,8,987,986,984,986,978,13095869045543,16.666695,16.667600,,0.486900,0.498200,
7,CReferenceSurface,300,8,988,987,985,987,979,13095869212219,16.666900,16.659900,,0.000000,0.523200,
7,CReferenceSurface,300,8,989,988,986,988,980,13095869378818,16.666802,16.665100,,0.378100,0.474800,
7,CReferenceSurface,300,8,990,989,987,989,981,13095869545469,16.667198,16.672800,,0.441800,0.477700,
7,CReferenceSurface,300,8,991,990,988,990,982,13095869712197,16.666405,16.666000,,0.395200,0.609600,
7,CReferenceSurface,300,8,992,991,989,991,983,13095869878857,16.666900,16.666400,,0.512000,0.497300,
7,CReferenceSurface,300,8,993,992,990,992,984,13095870045521,16.666802,16.666300,,0.440000,0.508400,
7,CReferenceSurface,300,8,994,993,991,993,985,13095870212184,16.666695,16.676700,,0.000000,0.565100,
7,CReferenceSurface,300,8,995,994,992,994,986,13095870378951,16.667403,16.658500,,0.564000,0.547100,
7,CReferenceSurface,300,8,996,995,993,995,987,13095870545536,16.666496,16.666900,,0.580500,0.746200,
7,CReferenceSurface,300,8,997,996,994,996,988,13095870712205,16.666703,16.804600,,0.600500,0.676500,
7,CReferenceSurface,300,8,998,997,995,997,989,13095870880251,16.667502,16.550200,,0.668600,0.637900,
7,CReferenceSurface,300,8,999,998,996,998,990,13095871045753,16.666999,16.652200,,1.016700,0.963400,
7,CReferenceSurface,300,8,1000,999,997,999,991,13095871212275,16.666099,16.669200,,0.000000,0.680800,
7,CReferenceSurface,300,8,1001,1000,998,1000,992,13095871378967,16.667496,16.691900,,0.594300,0.612300,
7,CReferenceSurface,300,8,1002,1001,999,1001,993,13095871545886,16.666299,16.643700,,0.584200,0.607100,
7,CReferenceSurface,300,8,1003,1002,1000,1002,994,13095871712323,16.666802,16.661000,,0.608800,0.730400,
7,CReferenceSurface,300,8,1004,1003,1001,1003,995,13095871878933,16.666198,16.667400,,0.511300,0.534700,
7,CReferenceSurface,300,8,1005,1004,1002,1004,996,13095872045607,16.666900,16.664800,,0.457100,0.494800,
7,CReferenceSurface,300,8,1006,1005,1003,1005,997,13095872212255,16.666900,16.666400,,0.000000,0.507900,
7,CReferenceSurface,300,8,1007,1006,1004,1006,998,13095872378919,16.666999,16.655600,,0.470400,0.488000,
7,CReferenceSurface,300,8,1008,1007,1005,1007,999,13095872545475,16.667899,16.670700,,0.441300,0.517000,
7,CReferenceSurface,300,8,1009,1008,1006,1008,1000,13095872712182,16.665505,16.666200,,0.490500,0.558200,
7,CReferenceSurface,300,8,1010,1009,1007,1009,1001,13095872878844,16.667701,16.671000,,0.465900,0.574600,
7,CReferenceSurface,300,8,1011,1010,1008,1010,1002,13095873045554,16.665796,16.667900,,0.446800,0.518500,
7,CReferenceSurface,300,8,1012,1011,1009,1011,1003,13095873212233,16.666802,16.692500,,0.000000,0.517400,
7,CReferenceSurface,300,8,1013,1012,1010,1012,1004,13095873379158,16.666900,16.640100,,0.438100,0.488700,
7,CReferenceSurface,300,8,1014,1013,1011,1013,1005,13095873545559,16.666602,16.667700,,0.494900,0.549500,
7,CReferenceSurface,300,8,1015,1014,1012,1014,1006,13095873712236,16.666999,16.668000,,0.486000,0.509700,
7,CReferenceSurface,300,8,1016,1015,1013,1015,1007,13095873878916,16.666595,16.668200,,0.468300,0.524500,
7,CReferenceSurface,300,8,1017,1016,1014,1016,1008,13095874045598,16.666802,16.662400,,0.453000,0.524600,
7,CReferenceSurface,300,8,1018,1017,1015,1017,1009,13095874212222,16.667403,16.666100,,0.000000,0.533900,
7,CReferenceSurface,300,8,1019,1018,1016,1018,1010,13095874378883,16.666893,16.665900,,0.414300,0.475700,
7,CReferenceSurface,300,8,1020,1019,1017,1019,1011,13095874545542,16.665902,16.670600,,0.593700,0.610800,
7,CReferenceSurface,300,8,1021,1020,1018,1020,1012,13095874712248,16.667100,16.693100,,0.528600,0.557300,
7,CReferenceSurface,300,8,1022,1021,1019,1021,1013,13095874879179,16.666306,16.642500,,0.493400,0.592300,
7,CReferenceSurface,300,8,1023,1022,1020,1022,1014,13095875045604,16.667297,16.658100,,0.432200,0.485300,
7,CReferenceSurface,300,8,1024,1023,1021,1023,1015,13095875212185,16.666802,16.668000,,0.000000,0.506500,
7,CReferenceSurface,300,8,1025,1024,1022,1024,1016,13095875378865,16.666703,16.663300,,0.449800,0.487000,
7,CReferenceSurface,300,8,1026,1025,1023,1025,1017,13095875545498,16.666695,16.671900,,0.468000,0.532600,
7,CReferenceSurface,300,8,1027,1026,1024,1026,1018,13095875712217,16.666900,16.669600,,0.487300,0.534900,
7,CReferenceSurface,300,8,1028,1027,1025,1027,1019,13095875878913,16.666703,16.669200,,0.465200,0.496700,
7,CReferenceSurface,300,8,1029,1028,1026,1028,1020,13095876045605,16.666703,16.668100,,0.462500,0.523800,
7,CReferenceSurface,300,8,1030,1029,1027,1029,1021,13095876212286,16.666900,16.660000,,0.000000,0.464500,
7,CReferenceSurface,300,8,1031,1030,1028,1030,1022,13095876378886,16.666496,16.671200,,0.437700,0.421900,
7,CReferenceSurface,300,8,1032,1031,1029,1031,1023,13095876545598,16.666602,16.658300,,0.360900,0.425300,
7,CReferenceSurface,300,8,1033,1032,1030,1032,1024,13095876712181,16.666999,16.705900,,0.364100,0.468700,
7,CReferenceSurface,300,8,1034,1033,1031,1033,1025,13095876879240,16.666794,16.622500,,0.451300,0.445600,
7,CReferenceSurface,300,8,1035,1034,1032,1034,1026,13095877045465,16.666999,16.664300,,0.468000,0.484700,
7,CReferenceSurface,300,8,1036,1035,1033,1035,1027,13095877212108,16.666703,16.677400,,0.000000,0.554300,
7,CReferenceSurface,300,8,1037,1036,1034,1036,1028,13095877378882,16.666703,16.662500,,0.411000,0.484500,
7,CReferenceSurface,300,8,1038,1037,1035,1037,1029,13095877545507,16.667800,16.669100,,0.407100,0.618600,
7,CReferenceSurface,300,8,1039,1038,1036,1038,1030,13095877712198,16.665498,16.667200,,0.442100,0.532900,
7,CReferenceSurface,300,8,1040,1039,1037,1039,1031,13095877878870,16.667502,16.668800,,0.414800,0.473800,
7,CReferenceSurface,300,8,1041,1040,1038,1040,1032,13095878045558,16.666802,16.667400,,0.419400,0.502600,
7,CReferenceSurface,300,8,1042,1041,1039,1041,1033,13095878212232,16.666900,16.663200,,0.000000,0.562300,
7,CReferenceSurface,300,8,1043,1042,1040,1042,1034,13095878378864,16.666999,16.676700,,0.555800,0.583000,
7,CReferenceSurface,300,8,1044,1043,1041,1043,1035,13095878545631,16.665895,16.664000,,0.536500,0.609700,
7,CReferenceSurface,300,8,1045,1044,1042,1044,1036,13095878712271,16.666999,16.705400,,0.472600,0.612500,
7,CReferenceSurface,300,8,1046,1045,1043,1045,1037,13095878879325,16.666405,16.636700,,0.412200,0.430300,
7,CReferenceSurface,300,8,1047,1046,1044,1046,1038,13095879045692,16.666496,16.646200,,0.386400,0.432500,
7,CReferenceSurface,300,8,1048,1047,1045,1047,1039,13095879212154,16.666900,16.665400,,0.000000,0.386800,
7,CReferenceSurface,300,8,1049,1048,1046,1048,1040,13095879378808,16.668404,16.759400,,0.423800,0.560400,
7,CReferenceSurface,300,8,1050,1049,1047,1049,1041,13095879546402,16.665101,16.572600,,0.442700,0.412400,
7,CReferenceSurface,300,8,1051,1050,1048,1050,1042,13095879712128,16.666900,16.667500,,0.395000,0.431000,
7,CReferenceSurface,300,8,1052,1051,1049,1051,1043,13095879878803,16.667100,16.674400,,0.380200,0.396700,
7,CReferenceSurface,300,8,1053,1052,1050,1052,1044,13095880045547,16.668098,16.658100,,0.318200,0.350800,
7,CReferenceSurface,300,8,1054,1053,1051,1053,1045,13095880212128,16.665498,16.667600,,0.000000,0.443000,
7,CReferenceSurface,300,8,1055,1054,1052,1054,1046,13095880378804,16.666703,16.666200,,0.362500,0.377500,
7,CReferenceSurface,300,8,1056,1055,1053,1055,1047,13095880545466,16.667305,16.676000,,0.390800,0.416900,
7,CReferenceSurface,300,8,1057,1056,1054,1056,1048,13095880712226,16.665993,16.662200,,0.389200,0.456900,
7,CReferenceSurface,300,8,1058,1057,1055,1057,1049,13095880878848,16.667403,16.667000,,0.370500,0.344800,
7,CReferenceSurface,300,8,1059,1058,1056,1058,1050,13095881045518,16.666397,16.666600,,0.379700,0.435600,
7,CReferenceSurface,300,8,1060,1059,1057,1059,1051,13095881212184,16.666999,16.662100,,0.000000,0.455600,
7,CReferenceSurface,300,8,1061,1060,1058,1060,1052,13095881378805,16.666306,16.666700,,0.333600,0.383800,
7,CReferenceSurface,300,8,1062,1061,1059,1061,1053,13095881545472,16.667100,16.856200,,0.312700,0.372200,
8,CReferenceSurface,300,16,1094,1093,1091,1093,1084,13095887365470,16.667502,16.672100,,0.354200,0.380700,
8,CReferenceSurface,300,16,1095,1094,1092,1094,1085,13095887532191,16.666299,16.671600,,0.364400,0.350400,
8,CReferenceSurface,300,16,1096,1095,1093,1095,1086,13095887698907,16.666900,16.659600,,0.338700,0.409900,
8,CReferenceSurface,300,16,1097,1096,1094,1096,1087,13095887865503,16.666900,16.669900,,0.339500,0.386800,
8,CReferenceSurface,300,16,1098,1097,1095,1097,1088,13095888032202,16.668404,16.668300,,0.367200,0.395900,
8,CReferenceSurface,300,16,1099,1098,1096,1098,1089,13095888198885,16.665298,16.667800,,0.000000,0.429000,
8,CReferenceSurface,300,16,1100,1099,1097,1099,1090,13095888365563,16.665597,16.661800,,0.340500,0.429900,
8,CReferenceSurface,300,16,1101,1100,1098,1100,1091,13095888532181,16.666999,16.692800,,0.319900,0.340600,
8,CReferenceSurface,300,16,1102,1101,1099,1101,1092,13095888699109,16.666703,16.645200,,0.337000,0.396300,
8,CReferenceSurface,300,16,1103,1102,1100,1102,1093,13095888865561,16.666999,16.659600,,0.329000,0.406400,
8,CReferenceSurface,300,16,1104,1103,1101,1103,1094,13095889032157,16.666299,16.684300,,0.348500,0.444600,
8,CReferenceSurface,300,16,1105,1104,1102,1104,1095,13095889199000,16.667403,16.651100,,0.000000,0.420100,
8,CReferenceSurface,300,16,1106,1105,1103,1105,1096,13095889365511,16.666602,16.671500,,0.350700,0.403400,
8,CReferenceSurface,300,16,1107,1106,1104,1106,1097,13095889532226,16.667396,16.661400,,0.333000,0.405800,
8,CReferenceSurface,300,16,1108,1107,1105,1107,1098,13095889698840,16.665703,16.670500,,0.426000,0.602800,
8,CReferenceSurface,300,16,1109,1108,1106,1108,1099,13095889865545,16.666900,16.665900,,0.343200,0.423900,
8,CReferenceSurface,300,16,1110,1109,1107,1109,1100,13095890032204,16.667198,16.671500,,0.324000,0.377600,
8,CReferenceSurface,300,16,1111,1110,1108,1110,1101,13095890198919,16.667100,16.659600,,0.000000,0.452700,
8,CReferenceSurface,300,16,1112,1111,1109,1111,1102,13095890365515,16.666001,16.665500,,0.364300,0.430200,
8,CReferenceSurface,300,16,1113,1112,1110,1112,1103,13095890532170,16.668502,16.678300,,0.501500,0.462300,
8,CReferenceSurface,300,16,1114,1113,1111,1113,1104,13095890698953,16.665498,16.666800,,0.418000,0.499500,
8,CReferenceSurface,300,16,1115,1114,1112,1114,1105,13095890865621,16.666397,16.663900,,0.393300,0.559700,
8,CReferenceSurface,300,16,1116,1115,1113,1115,1106,13095891032260,16.666703,16.672100,,0.360900,0.394900,
8,CReferenceSurface,300,16,1117,1116,1114,1116,1107,13095891198981,16.666802,16.659400,,0.000000,0.424100,
8,CReferenceSurface,300,16,1118,1117,1115,1117,1108,13095891365575,16.667198,16.666400,,0.358000,0.395500,
8,CReferenceSurface,300,16,1119,1118,1116,1118,1109,13095891532239,16.666900,16.663900,,0.424500,0.618700,
8,CReferenceSurface,300,16,1120,1119,1117,1119,1110,13095891698878,16.666900,16.670100,,0.336600,0.402200,
8,CReferenceSurface,300,16,1121,1120,1118,1120,1111,13095891865579,16.665597,16.665800,,0.337100,0.481400,
8,CReferenceSurface,300,16,1122,1121,1119,1121,1112,13095892032237,16.666703,16.665400,,0.331600,0.434700,
8,CReferenceSurface,300,16,1123,1122,1120,1122,1113,13095892198891,16.667198,16.673000,,0.000000,0.388400,
8,CReferenceSurface,300,16,1124,1123,1121,1123,1114,13095892365621,16.869500,16.661000,,0.355200,0.492000,
8,CReferenceSurface,300,16,1125,1124,1122,1124,1115,13095892532231,16.666602,16.662800,,0.421900,0.506500,
8,CReferenceSurface,300,16,1126,1125,1123,1125,1116,13095892698859,16.666397,16.677100,,0.442000,0.490600,
8,CReferenceSurface,300,16,1127,1126,1124,1126,1117,13095892865630,16.667100,16.874700,,0.449100,0.497200,
8,CReferenceSurface,300,16,1128,1127,1125,1127,1118,13095893034377,16.675901,16.664600,,0.610800,0.598300,
8,CReferenceSurface,300,16,1129,1128,1126,1128,1119,13095893201023,16.666900,16.667500,,0.000000,0.551500,
8,CReferenceSurface,300,16,1130,1129,1127,1129,1120,13095893367698,16.667100,16.777900,,0.449700,0.482900,
8,CReferenceSurface,300,16,1131,1130,1128,1130,1121,13095893535477,16.666306,16.640900,,0.459900,0.502000,
8,CReferenceSurface,300,16,1132,1131,1129,1131,1122,13095893701886,16.666900,16.589800,,0.440600,0.493200,
8,CReferenceSurface,300,16,1133,1132,1130,1132,1123,13095893867784,16.666794,16.666400,,0.460200,0.488400,
8,CReferenceSurface,300,16,1134,1133,1131,1133,1124,13095894034448,16.666802,16.665800,,0.495000,0.540100,
8,CReferenceSurface,300,16,1135,1134,1132,1134,1125,13095894201106,16.666900,16.669800,,0.000000,0.681600,
8,CReferenceSurface,300,16,1136,1135,1133,1135,1126,13095894367804,16.665703,16.667300,,0.518100,0.584400,
8,CReferenceSurface,300,16,1137,1136,1134,1136,1127,13095894534477,16.667100,16.667700,,0.475200,0.603800,
8,CReferenceSurface,300,16,1138,1137,1135,1137,1128,13095894701154,16.667198,16.665600,,0.442300,0.507700,
8,CReferenceSurface,300,16,1139,1138,1136,1138,1129,13095894867810,16.666703,16.657500,,0.394000,0.447000,
8,CReferenceSurface,300,16,1140,1139,1137,1139,1130,13095895034385,16.666703,16.670600,,0.409300,0.441800,
8,CReferenceSurface,300,16,1141,1140,1138,1140,1131,13095895201091,16.666198,16.662100,,0.000000,0.464400,
8,CReferenceSurface,300,16,1142,1141,1139,1141,1132,13095895367712,16.666802,16.662400,,0.395000,0.413300,
8,CReferenceSurface,300,16,1143,1142,1140,1142,1133,13095895534336,16.667198,16.668000,,0.402200,0.430400,
8,CReferenceSurface,300,16,1144,1143,1141,1143,1134,13095895701016,16.666802,16.700000,,0.482200,0.508000,
8,CReferenceSurface,300,16,1145,1144,1142,1144,1135,13095895868016,16.666794,16.638300,,0.428200,0.508300,
8,CReferenceSurface,300,16,1146,1145,1143,1145,1136,13095896034399,16.667105,16.671500,,0.421700,0.479200,
8,CReferenceSurface,300,16,1147,1146,1144,1146,1137,13095896201114,16.666900,16.666900,,0.000000,0.504400,
8,CReferenceSurface,300,16,1148,1147,1145,1147,1138,13095896367783,16.667100,16.666000,,0.683300,0.816100,
8,CReferenceSurface,300,16,1149,1148,1146,1148,1139,13095896534443,16.666198,16.670000,,0.562600,0.606800,
8,CReferenceSurface,300,16,1150,1149,1147,1149,1140,13095896701143,16.668297,16.677400,,0.508800,0.510600,
8,CReferenceSurface,300,16,1151,1150,1148,1150,1141,13095896867917,16.770203,16.657400,,0.469900,0.499900,
8,CReferenceSurface,300,16,1152,1151,1149,1151,1142,13095897034491,16.666900,16.660800,,0.432900,0.525700,
8,CReferenceSurface,300,16,1153,1152,1150,1152,1143,13095897201099,16.666802,16.669900,,0.000000,0.527600,
8,CReferenceSurface,300,16,1154,1153,1151,1153,1144,13095897367798,16.666695,16.769400,,0.427300,0.506000,
8,CReferenceSurface,300,16,1155,1154,1152,1154,1145,13095897535492,16.667105,16.666300,,0.425400,0.632000,
8,CReferenceSurface,300,16,1156,1155,1153,1155,1146,13095897702155,16.666299,16.668900,,0.487900,0.561600,
8,CReferenceSurface,300,16,1157,1156,1154,1156,1147,13095897868844,16.667396,16.666800,,0.455100,0.521900,
8,CReferenceSurface,300,16,1158,1157,1155,1157,1148,13095898035512,16.666198,16.669000,,0.464200,0.508700,
8,CReferenceSurface,300,16,1159,1158,1156,1158,1149,13095898202202,16.667105,16.662300,,0.000000,0.509100,
8,CReferenceSurface,300,16,1160,1159,1157,1159,1150,13095898368825,16.666794,16.964300,,0.496100,0.564000,
8,CReferenceSurface,300,16,1161,1160,1158,1160,1151,13095898538468,16.667502,16.371800,,0.469900,0.555600,
8,CReferenceSurface,300,16,1162,1161,1159,1161,1152,13095898702186,16.665498,16.667000,,0.502300,0.569100,
8,CReferenceSurface,300,16,1163,1162,1160,1162,1153,13095898868856,16.667206,16.666800,,0.455500,0.527400,
8,CReferenceSurface,300,16,1164,1163,1161,1163,1154,13095899035524,16.666794,16.675900,,0.500800,0.613200,
8,CReferenceSurface,300,16,1165,1164,1162,1164,1155,13095899202283,16.666703,16.658100,,0.000000,0.515700,
8,CReferenceSurface,300,16,1166,1165,1163,1165,1156,13095899368864,16.666999,16.669100,,0.447200,0.487000,
8,CReferenceSurface,300,16,1167,1166,1164,1166,1157,13095899535555,16.667100,16.665200,,0.733000,0.931700,
8,CReferenceSurface,300,16,1168,1167,1165,1167,1158,13095899702207,16.665801,16.668300,,0.579100,0.617200,
8,CReferenceSurface,300,16,1169,1168,1166,1168,1159,13095899868890,16.667297,16.673900,,0.513300,0.583300,
8,CReferenceSurface,300,16,1170,1169,1167,1169,1160,13095900035629,16.666504,16.662200,,0.489600,0.519500,
8,CReferenceSurface,300,16,1171,1170,1168,1170,1161,13095900202251,16.666595,16.662800,,0.000000,0.496100,
8,CReferenceSurface,300,16,1172,1171,1169,1171,1162,13095900368879,16.666900,16.665000,,0.413100,0.575100,
8,CReferenceSurface,300,16,1173,1172,1170,1172,1163,13095900535529,16.668601,16.664800,,0.413300,0.500600,
8,CReferenceSurface,300,16,1174,1173,1171,1173,1164,13095900702177,16.666602,16.665200,,0.425400,0.460900,
8,CReferenceSurface,300,16,1175,1174,1172,1174,1165,13095900868829,16.666999,16.664800,,0.436400,0.476300,
8,CReferenceSurface,300,16,1176,1175,1173,1175,1166,13095901035477,16.871499,16.672600,,0.442900,0.499900,
8,CReferenceSurface,300,16,1177,1176,1174,1176,1167,13095901202203,16.666802,16.665400,,0.000000,0.454600,
8,CReferenceSurface,300,16,1178,1177,1175,1177,1168,13095901368857,16.666900,16.669600,,0.514100,0.496200,
8,CReferenceSurface,300,16,1179,1178,1176,1178,1169,13095901535553,16.666695,16.865500,,0.407900,0.461700,
8,CReferenceSurface,300,16,1180,1179,1177,1179,1170,13095901704208,16.666900,16.671900,,0.379300,0.442800,
8,CReferenceSurface,300,16,1181,1180,1178,1180,1171,13095901870927,16.666900,16.666900,,0.518200,0.671900,
8,CReferenceSurface,300,16,1182,1181,1179,1181,1172,13095902037596,16.667403,16.662300,,0.453200,0.726500,
8,CReferenceSurface,300,16,1183,1182,1180,1182,1173,13095902204219,16.666595,16.670400,,0.000000,0.788500,
8,CReferenceSurface,300,16,1184,1183,1181,1183,1174,13095902370923,16.666900,16.672000,,0.588500,0.606600,
8,CReferenceSurface,300,16,1185,1184,1182,1184,1175,13095902537643,16.667603,16.677800,,0.695400,0.732300,
8,CReferenceSurface,300,16,1186,1185,1183,1185,1176,13095902704421,16.666299,16.662300,,0.792300,0.929500,
8,CReferenceSurface,300,16,1187,1186,1184,1186,1177,13095902871044,16.666703,16.666800,,0.716500,0.739200,
8,CReferenceSurface,300,16,1188,1187,1185,1187,1178,13095903037712,16.667198,16.679300,,0.694100,0.688500,
8,CReferenceSurface,300,16,1189,1188,1186,1188,1179,13095903204505,16.666299,16.658000,,0.000000,0.712300,
8,CReferenceSurface,300,16,1190,1189,1187,1189,1180,13095903371085,16.666703,16.665600,,0.597500,0.578500,
8,CReferenceSurface,300,16,1191,1190,1188,1190,1181,13095903537741,16.667100,16.667600,,0.671500,0.644500,
8,CReferenceSurface,300,16,1192,1191,1189,1191,1182,13095903704417,16.666703,16.664700,,0.618400,0.709500,
8,CReferenceSurface,300,16,1193,1192,1190,1192,1183,13095903871064,16.666496,16.664000,,0.743900,0.822900,
8,CReferenceSurface,300,16,1194,1193,1191,1193,1184,13095904037704,16.667105,16.667800,,0.600100,0.589900,
8,CReferenceSurface,300,16,1195,1194,1192,1194,1185,13095904204382,16.666299,16.667100,,0.000000,0.588300,
8,CReferenceSurface,300,16,1196,1195,1193,1195,1186,13095904371053,16.667100,16.674800,,0.500900,0.516300,
8,CReferenceSurface,300,16,1197,1196,1194,1196,1187,13095904537801,16.666703,16.653400,,0.479100,0.504400,
8,CReferenceSurface,300,16,1198,1197,1195,1197,1188,13095904704335,16.666198,16.662500,,0.449800,0.498500,
8,CReferenceSurface,300,16,1199,1198,1196,1198,1189,13095904870960,16.666999,16.670600,,0.419900,0.523500,
8,CReferenceSurface,300,16,1200,1199,1197,1199,1190,13095905037666,16.666198,16.664900,,0.388700,0.415400,
8,CReferenceSurface,300,16,1201,1200,1198,1200,1191,13095905204315,16.666900,16.666200,,0.000000,0.410200,
8,CReferenceSurface,300,16,1202,1201,1199,1201,1192,13095905370977,16.667999,16.657900,,0.392000,0.442200,
8,CReferenceSurface,300,16,1203,1202,1200,1202,1193,13095905537556,16.667100,16.663100,,0.369900,0.438200,
8,CReferenceSurface,300,16,1204,1203,1201,1203,1194,13095905704187,16.664704,16.666600,,0.402100,0.443900,
8,CReferenceSurface,300,16,1205,1204,1202,1204,1195,13095905870853,16.668700,16.676500,,0.328900,0.439200,
8,CReferenceSurface,300,16,1206,1205,1203,1205,1196,13095906037618,16.666001,16.668700,,0.375100,0.426900,
8,CReferenceSurface,300,16,1207,1206,1204,1206,1197,13095906204305,16.666595,16.654900,,0.000000,0.404000,
8,CReferenceSurface,300,16,1208,1207,1205,1207,1198,13095906370854,16.666999,16.685000,,0.330700,0.349200,
8,CReferenceSurface,300,16,1209,1208,1206,1208,1199,13095906537704,16.667603,16.652200,,0.386100,0.337000,
8,CReferenceSurface,300,16,1210,1209,1207,1209,1200,13095906704226,16.666299,16.662500,,0.442400,0.498500,
8,CReferenceSurface,300,16,1211,1210,1208,1210,1201,13095906870851,16.666001,16.667800,,0.393000,0.419300,
8,CReferenceSurface,300,16,1212,1211,1209,1211,1202,13095907037529,16.666602,16.682900,,0.319600,0.356200,
8,CReferenceSurface,300,16,1213,1212,1210,1212,1203,13095907204358,16.667396,16.658300,,0.000000,0.400400,
9,CReferenceSurface,600,1,1245,1244,1242,1244,1234,13095912951664,16.666802,16.652300,,0.373600,0.481300,
9,CReferenceSurface,600,1,1246,1245,1243,1245,1235,13095913118187,16.667603,16.668000,,0.389600,0.406800,
9,CReferenceSurface,600,1,1247,1246,1244,1246,1236,13095913284867,16.666397,16.664100,,0.392600,0.462400,
9,CReferenceSurface,600,1,1248,1247,1245,1247,1237,13095913451508,16.666504,16.666000,,0.414600,0.419800,
9,CReferenceSurface,600,1,1249,1248,1246,1248,1238,13095913618168,16.666695,16.669000,,0.395700,0.479900,
9,CReferenceSurface,600,1,1250,1249,1247,1249,1239,13095913784858,16.667206,16.674000,,0.000000,0.355500,
9,CReferenceSurface,600,1,1251,1250,1248,1250,1240,13095913951598,16.666595,16.660700,,0.456100,0.433900,
9,CReferenceSurface,600,1,1252,1251,1249,1251,1241,13095914118205,16.666001,16.664500,,0.390300,0.432500,
9,CReferenceSurface,600,1,1253,1252,1250,1252,1242,13095914284850,16.667800,16.676500,,0.383900,0.359700,
9,CReferenceSurface,600,1,1254,1253,1251,1253,1243,13095914451615,16.666999,16.657900,,0.392400,0.451700,
9,CReferenceSurface,600,1,1255,1254,1252,1254,1244,13095914618194,16.665902,16.670500,,0.424700,0.453500,
9,CReferenceSurface,600,1,1256,1255,1253,1255,1245,13095914784899,16.667100,16.664700,,0.000000,0.407900,
9,CReferenceSurface,600,1,1257,1256,1254,1256,1246,13095914951546,16.667800,16.676500,,0.339600,0.430800,
9,CReferenceSurface,600,1,1258,1257,1255,1257,1247,13095915118311,16.665498,16.652500,,0.394600,0.505600,
9,CReferenceSurface,600,1,1259,1258,1256,1258,1248,13095915284836,16.667206,16.668700,,0.414900,0.407700,
9,CReferenceSurface,600,1,1260,1259,1257,1259,1249,13095915451523,16.666999,16.673100,,0.448800,0.535100,
9,CReferenceSurface,600,1,1261,1260,1258,1260,1250,13095915618254,16.666299,16.667400,,0.391600,0.426800,
9,CReferenceSurface,600,1,1262,1261,1259,1261,1251,13095915784928,16.667999,16.675300,,0.000000,0.444400,
9,CReferenceSurface,600,1,1263,1262,1260,1262,1252,13095915951681,16.665801,16.658300,,0.400200,0.496300,
9,CReferenceSurface,600,1,1264,1263,1261,1263,1253,13095916118264,16.666397,16.664200,,0.387700,0.443100,
9,CReferenceSurface,600,1,1265,1264,1262,1264,1254,13095916284906,16.666999,16.667900,,0.394900,0.407600,
9,CReferenceSurface,600,1,1266,1265,1263,1265,1255,13095916451585,16.666602,16.661800,,0.426500,0.656600,
9,CReferenceSurface,600,1,1267,1266,1264,1266,1256,13095916618203,16.666802,16.666800,,0.358900,0.444500,
9,CReferenceSurface,600,1,1268,1267,1265,1267,1257,13095916784871,16.666900,16.679400,,0.000000,0.392100,
9,CReferenceSurface,600,1,1269,1268,1266,1268,1258,13095916951665,16.666198,16.656200,,0.414100,0.421400,
9,CReferenceSurface,600,1,1270,1269,1267,1269,1259,13095917118227,16.666999,16.663100,,0.436700,0.512300,
9,CReferenceSurface,600,1,1271,1270,1268,1270,1260,13095917284858,16.666496,16.674300,,0.329400,0.392800,
9,CReferenceSurface,600,1,1272,1271,1269,1271,1261,13095917451601,16.667403,16.668100,,0.396200,0.440300,
9,CReferenceSurface,600,1,1273,1272,1270,1272,1262,13095917618282,16.666397,16.658700,,0.393900,0.415700,
9,CReferenceSurface,600,1,1274,1273,1271,1273,1263,13095917784869,16.667100,16.667400,,0.000000,0.399300,
9,CReferenceSurface,600,1,1275,1274,1272,1274,1264,13095917951543,16.668105,16.669200,,0.368600,0.447500,
9,CReferenceSurface,600,1,1276,1275,1273,1275,1265,13095918118235,16.665498,16.663200,,0.367100,0.436600,
9,CReferenceSurface,600,1,1277,1276,1274,1276,1266,13095918284867,16.667100,16.674700,,0.400500,0.486900,
9,CReferenceSurface,600,1,1278,1277,1275,1277,1267,13095918451614,16.666602,16.673200,,0.428300,0.539900,
9,CReferenceSurface,600,1,1279,1278,1276,1278,1268,13095918618346,16.667198,16.667600,,0.457000,0.488700,
9,CReferenceSurface,600,1,1280,1279,1277,1279,1269,13095918785022,16.666299,16.667300,,0.000000,0.536500,
9,CReferenceSurface,600,1,1281,1280,1278,1280,1270,13095918951695,16.666703,16.665200,,0.465400,0.575900,
9,CReferenceSurface,600,1,1282,1281,1279,1281,1271,13095919118347,16.667297,16.669700,,0.485400,0.491200,
9,CReferenceSurface,600,1,1283,1282,1280,1282,1272,13095919285044,16.666703,16.664100,,0.604700,0.604500,
9,CReferenceSurface,600,1,1284,1283,1281,1283,1273,13095919451685,16.666703,16.825400,,0.483100,0.511000,
9,CReferenceSurface,600,1,1285,1284,1282,1284,1274,13095919619939,16.666595,16.512500,,0.473000,0.522400,
9,CReferenceSurface,600,1,1286,1285,1283,1285,1275,13095919785064,16.667206,16.667100,,0.000000,0.540200,
9,CReferenceSurface,600,1,1287,1286,1284,1286,1276,13095919951735,16.666198,16.659600,,0.518900,0.530400,
9,CReferenceSurface,600,1,1288,1287,1285,1287,1277,13095920118331,16.666695,16.669200,,0.468900,0.534300,
9,CReferenceSurface,600,1,1289,1288,1286,1288,1278,13095920285023,16.668007,16.755600,,0.436100,0.506900,
9,CReferenceSurface,600,1,1290,1289,1287,1289,1279,13095920452579,16.665200,16.576100,,0.461600,0.556000,
9,CReferenceSurface,600,1,1291,1290,1288,1290,1280,13095920618340,16.668700,16.665600,,0.388600,0.437500,
9,CReferenceSurface,600,1,1292,1291,1289,1291,1281,13095920784996,16.665695,16.684700,,0.000000,0.434600,
9,CReferenceSurface,600,1,1293,1292,1290,1292,1282,13095920951843,16.666504,16.640300,,0.440200,0.526100,
9,CReferenceSurface,600,1,1294,1293,1291,1293,1283,13095921118246,16.666999,16.668200,,0.358000,0.459900,
9,CReferenceSurface,600,1,1295,1294,1292,1294,1284,13095921284928,16.667999,16.674300,,0.397600,0.576800,
9,CReferenceSurface,600,1,1296,1295,1293,1295,1285,13095921451671,16.665399,16.676700,,0.420800,0.575600,
9,CReferenceSurface,600,1,1297,1296,1294,1296,1286,13095921618438,16.667100,16.655700,,0.438500,0.461200,
9,CReferenceSurface,600,1,1298,1297,1295,1297,1287,13095921784995,16.666703,16.669400,,0.000000,0.782000,
9,CReferenceSurface,600,1,1299,1298,1296,1298,1288,13095921951689,16.665902,16.672300,,0.649200,0.596000,
9,CReferenceSurface,600,1,1300,1299,1297,1299,1289,13095922118412,16.666695,16.670500,,0.496800,0.540800,
9,CReferenceSurface,600,1,1301,1300,1298,1300,1290,13095922285117,16.667305,16.667900,,0.451600,0.528900,
9,CReferenceSurface,600,1,1302,1301,1299,1301,1291,13095922451796,16.666999,16.647500,,0.460200,0.506700,
9,CReferenceSurface,600,1,1303,1302,1300,1302,1292,13095922618271,16.666900,16.671700,,0.475500,0.552400,
9,CReferenceSurface,600,1,1304,1303,1301,1303,1293,13095922784988,16.666802,16.666100,,0.000000,0.548200,
9,CReferenceSurface,600,1,1305,1304,1302,1304,1294,13095922951649,16.666893,16.673000,,0.487800,0.502600,
9,CReferenceSurface,600,1,1306,1305,1303,1305,1295,13095923118379,16.666602,16.666400,,0.468600,0.512400,
9,CReferenceSurface,600,1,1307,1306,1304,1306,1296,13095923285043,16.666900,16.667400,,0.493800,0.580000,
9,CReferenceSurface,600,1,1308,1307,1305,1307,1297,13095923451717,16.666900,16.681100,,0.471500,0.554900,
9,CReferenceSurface,600,1,1309,1308,1306,1308,1298,13095923618528,16.666198,16.651800,,0.467700,0.512900,
9,CReferenceSurface,600,1,1310,1309,1307,1309,1299,13095923785046,16.667198,16.668000,,0.000000,0.552800,
9,CReferenceSurface,600,1,1311,1310,1308,1310,1300,13095923951726,16.666802,16.667600,,0.453100,0.519000,
9,CReferenceSurface,600,1,1312,1311,1309,1311,1301,13095924118402,16.667198,16.660700,,0.449000,0.509900,
9,CReferenceSurface,600,1,1313,1312,1310,1312,1302,13095924285009,16.666206,16.669400,,0.460200,0.509900,
9,CReferenceSurface,600,1,1314,1313,1311,1313,1303,13095924451703,16.666999,16.669200,,0.451400,0.513400,
9,CReferenceSurface,600,1,1315,1314,1312,1314,1304,13095924618395,16.666900,16.664400,,0.456500,0.500500,
9,CReferenceSurface,600,1,1316,1315,1313,1315,1305,13095924785039,16.666397,16.664700,,0.000000,0.517800,
9,CReferenceSurface,600,1,1317,1316,1314,1316,1306,13095924951686,16.667198,16.669600,,0.470000,0.538900,
9,CReferenceSurface,600,1,1318,1317,1315,1317,1307,13095925118382,16.666099,16.667700,,0.659300,0.657100,
9,CReferenceSurface,600,1,1319,1318,1316,1318,1308,13095925285059,16.667701,16.666900,,0.562900,0.645500,
9,CReferenceSurface,600,1,1320,1319,1317,1319,1309,13095925451728,16.666802,16.675200,,0.528500,0.557900,
9,CReferenceSurface,600,1,1321,1320,1318,1320,1310,13095925618480,16.665902,16.653900,,0.478900,0.495400,
9,CReferenceSurface,600,1,1322,1321,1319,1321,1311,13095925785019,16.666999,16.672400,,0.000000,0.488500,
9,CReferenceSurface,600,1,1323,1322,1320,1322,1312,13095925951743,16.666900,16.665800,,0.500500,0.512500,
9,CReferenceSurface,600,1,1324,1323,1321,1323,1313,13095926118401,16.666595,16.660200,,0.450500,0.486700,
9,CReferenceSurface,600,1,1325,1324,1322,1324,1314,13095926285003,16.667198,16.669800,,0.437600,0.495100,
9,CReferenceSurface,600,1,1326,1325,1323,1325,1315,13095926451701,16.666306,16.665400,,0.425800,0.473700,
9,CReferenceSurface,600,1,1327,1326,1324,1326,1316,13095926618355,16.667100,16.664200,,0.422600,0.494000,
9,CReferenceSurface,600,1,1328,1327,1325,1327,1317,13095926784997,16.666198,16.666900,,0.000000,0.513700,
9,CReferenceSurface,600,1,1329,1328,1326,1328,1318,13095926951666,16.666802,16.668100,,0.435800,0.501600,
9,CReferenceSurface,600,1,1330,1329,1327,1329,1319,13095927118347,16.666595,16.666500,,0.415100,0.465700,
9,CReferenceSurface,600,1,1331,1330,1328,1330,1320,13095927285012,16.666999,16.661900,,0.451400,0.445200,
9,CReferenceSurface,600,1,1332,1331,1329,1331,1321,13095927451631,16.667105,16.669200,,0.402400,0.494300,
9,CReferenceSurface,600,1,1333,1332,1330,1332,1322,13095927618323,16.666695,16.663800,,0.405100,0.460900,
9,CReferenceSurface,600,1,1334,1333,1331,1333,1323,13095927784961,16.667305,16.672900,,0.000000,0.512100,
9,CReferenceSurface,600,1,1335,1334,1332,1334,1324,13095927951690,16.666695,16.666100,,0.414400,0.484900,
9,CReferenceSurface,600,1,1336,1335,1333,1335,1325,13095928118351,16.667305,16.670200,,0.441000,0.472500,
9,CReferenceSurface,600,1,1337,1336,1334,1336,1326,13095928285053,16.665902,16.666100,,0.445700,0.530200,
9,CReferenceSurface,600,1,1338,1337,1335,1337,1327,13095928451714,16.667198,16.717500,,0.433800,0.502800,
9,CReferenceSurface,600,1,1339,1338,1336,1338,1328,13095928618889,16.667297,16.619400,,0.428200,0.483400,
9,CReferenceSurface,600,1,1340,1339,1337,1339,1329,13095928785083,16.665604,16.657300,,0.000000,0.559200,
9,CReferenceSurface,600,1,1341,1340,1338,1340,1330,13095928951656,16.667800,16.671000,,0.441800,0.523300,
9,CReferenceSurface,600,1,1342,1341,1339,1341,1331,13095929118366,16.665498,16.675400,,0.488200,0.456900,
9,CReferenceSurface,600,1,1343,1342,1340,1342,1332,13095929285120,16.667502,16.659500,,0.351300,0.401700,
9,CReferenceSurface,600,1,1344,1343,1341,1343,1333,13095929451715,16.666695,16.667500,,0.400800,0.401700,
9,CReferenceSurface,600,1,1345,1344,1342,1344,1334,13095929618390,16.667999,16.658600,,0.418200,0.626900,
9,CReferenceSurface,600,1,1346,1345,1343,1345,1335,13095929784976,16.665101,16.667400,,0.000000,0.433100,
9,CReferenceSurface,600,1,1347,1346,1344,1346,1336,13095929951650,16.666602,16.675800,,0.468000,0.600600,
9,CReferenceSurface,600,1,1348,1347,1345,1347,1337,13095930118408,16.667198,16.661700,,0.439100,0.417300,
9,CReferenceSurface,600,1,1349,1348,1346,1348,1338,13095930285025,16.667100,16.665400,,0.373300,0.390500,
9,CReferenceSurface,600,1,1350,1349,1347,1349,1339,13095930451679,16.666703,16.663600,,0.339600,0.408100,
9,CReferenceSurface,600,1,1351,1350,1348,1350,1340,13095930618315,16.667701,16.667300,,0.388900,0.456300,
9,CReferenceSurface,600,1,1352,1351,1349,1351,1341,13095930784988,16.665695,16.665800,,0.000000,0.416800,
9,CReferenceSurface,600,1,1353,1352,1350,1352,1342,13095930951646,16.666802,16.668400,,0.391200,0.397200,
9,CReferenceSurface,600,1,1354,1353,1351,1353,1343,13095931118330,16.666802,16.665500,,0.330100,0.370400,
9,CReferenceSurface,600,1,1355,1354,1352,1354,1344,13095931284985,16.667899,16.666100,,0.414200,0.395100,
9,CReferenceSurface,600,1,1356,1355,1353,1355,1345,13095931451646,16.665604,16.665000,,0.386900,0.422400,
9,CReferenceSurface,600,1,1357,1356,1354,1356,1346,13095931618296,16.666496,16.674300,,0.387700,0.455600,
9,CReferenceSurface,600,1,1358,1357,1355,1357,1347,13095931785039,16.667403,16.662700,,0.000000,0.413100,
9,CReferenceSurface,600,1,1359,1358,1356,1358,1348,13095931951666,16.666397,16.665900,,0.428800,0.621500,
9,CReferenceSurface,600,1,1360,1359,1357,1359,1349,13095932118325,16.666198,16.665500,,0.385500,0.355300,
9,CReferenceSurface,600,1,1361,1360,1358,1360,1350,13095932284980,16.667403,16.684100,,0.385900,0.440800,
9,CReferenceSurface,600,1,1362,1361,1359,1361,1351,13095932451821,16.667100,16.660000,,0.399700,0.458900,
9,CReferenceSurface,600,1,1363,1362,1360,1362,1352,13095932618421,16.666999,16.654200,,0.524500,0.451400,
9,CReferenceSurface,600,1,1364,1363,1361,1363,1353,13095932784963,16.667496,16.672600,,0.000000,0.457500,
10,CReferenceSurface,600,4,1396,1395,1393,1395,1384,13095938518767,16.667297,16.665700,,0.337300,0.454900,
10,CReferenceSurface,600,4,1397,1396,1394,1396,1385,13095938685424,16.666602,16.666700,,0.482200,0.439500,
10,CReferenceSurface,600,4,1398,1397,1395,1397,1386,13095938852091,16.667396,16.664100,,0.458800,0.489400,
10,CReferenceSurface,600,4,1399,1398,1396,1398,1387,13095939018732,16.666703,16.671700,,0.377000,0.515300,
10,CReferenceSurface,600,4,1400,1399,1397,1399,1388,13095939185449,16.666299,16.669000,,0.000000,0.463800,
10,CReferenceSurface,600,4,1401,1400,1398,1400,1389,13095939352139,16.666405,16.668300,,0.379800,0.385400,
10,CReferenceSurface,600,4,1402,1401,1399,1401,1390,13095939518822,16.667595,16.665900,,0.328200,0.380700,
10,CReferenceSurface,600,4,1403,1402,1400,1402,1391,13095939685481,16.667206,16.664200,,0.328500,0.408100,
10,CReferenceSurface,600,4,1404,1403,1401,1403,1392,13095939852123,16.667198,16.661800,,0.405100,0.471200,
10,CReferenceSurface,600,4,1405,1404,1402,1404,1393,13095940018741,16.665002,16.670800,,0.390300,0.456600,
10,CReferenceSurface,600,4,1406,1405,1403,1405,1394,13095940185449,16.666794,16.679800,,0.000000,0.428600,
10,CReferenceSurface,600,4,1407,1406,1404,1406,1395,13095940352247,16.668502,16.661800,,0.406700,0.402100,
10,CReferenceSurface,600,4,1408,1407,1405,1407,1396,13095940518865,16.664803,16.654600,,0.404100,0.415800,
10,CReferenceSurface,600,4,1409,1408,1406,1408,1397,13095940685411,16.666999,16.669500,,0.381200,0.563600,
10,CReferenceSurface,600,4,1410,1409,1407,1409,1398,13095940852106,16.666595,16.690600,,0.332500,0.389400,
10,CReferenceSurface,600,4,1411,1410,1408,1410,1399,13095941019012,16.666602,16.640000,,0.329100,0.363900,
10,CReferenceSurface,600,4,1412,1411,1409,1411,1400,13095941185412,16.666703,16.668400,,0.000000,0.374000,
10,CReferenceSurface,600,4,1413,1412,1410,1412,1401,13095941352096,16.667297,16.664100,,0.338500,0.397700,
10,CReferenceSurface,600,4,1414,1413,1411,1413,1402,13095941518737,16.666299,16.667900,,0.335000,0.408600,
10,CReferenceSurface,600,4,1415,1414,1412,1414,1403,13095941685416,16.667800,16.665500,,0.321700,0.375100,
10,CReferenceSurface,600,4,1416,1415,1413,1415,1404,13095941852071,16.665604,16.672400,,0.350200,0.417700,
10,CReferenceSurface,600,4,1417,1416,1414,1416,1405,13095942018795,16.666900,16.661500,,0.386900,0.415300,
10,CReferenceSurface,600,4,1418,1417,1415,1417,1406,13095942185410,16.666595,16.670800,,0.000000,0.414800,
10,CReferenceSurface,600,4,1419,1418,1416,1418,1407,13095942352118,16.667305,16.678600,,0.328800,0.379000,
10,CReferenceSurface,600,4,1420,1419,1417,1419,1408,13095942518904,16.667198,16.660000,,0.376200,0.379400,
10,CReferenceSurface,600,4,1421,1420,1418,1420,1409,13095942685504,16.665597,16.659900,,0.408300,0.482900,
10,CReferenceSurface,600,4,1422,1421,1419,1421,1410,13095942852103,16.667100,16.667200,,0.341700,0.394100,
10,CReferenceSurface,600,4,1423,1422,1420,1422,1411,13095943018775,16.667206,16.671800,,0.346700,0.409200,
10,CReferenceSurface,600,4,1424,1423,1421,1423,1412,13095943185493,16.666802,16.670500,,0.000000,0.551600,
10,CReferenceSurface,600,4,1425,1424,1422,1424,1413,13095943352198,16.668098,16.656700,,0.405900,0.457700,
10,CReferenceSurface,600,4,1426,1425,1423,1425,1414,13095943518765,16.665200,16.680600,,0.395000,0.506900,
10,CReferenceSurface,600,4,1427,1426,1424,1426,1415,13095943685571,16.667800,16.698000,,0.476800,0.491300,
10,CReferenceSurface,600,4,1428,1427,1425,1427,1416,13095943852551,16.665902,16.634900,,0.448000,0.484900,
10,CReferenceSurface,600,4,1429,1428,1426,1428,1417,13095944018900,16.667297,16.728300,,0.495700,0.504200,
10,CReferenceSurface,600,4,1430,1429,1427,1429,1418,13095944186183,16.666496,16.603900,,0.000000,0.557900,
10,CReferenceSurface,600,4,1431,1430,1428,1430,1419,13095944352222,16.666703,16.671600,,0.511200,0.572600,
10,CReferenceSurface,600,4,1432,1431,1429,1431,1420,13095944518938,16.666703,16.668300,,0.500200,0.586500,
10,CReferenceSurface,600,4,1433,1432,1430,1432,1421,13095944685621,16.666900,16.664900,,0.492900,0.496500,
10,CReferenceSurface,600,4,1434,1433,1431,1433,1422,13095944852270,16.667297,16.682100,,0.471500,0.541200,
10,CReferenceSurface,600,4,1435,1434,1432,1434,1423,13095945019091,16.665703,16.661400,,0.489700,0.531300,
10,CReferenceSurface,600,4,1436,1435,1433,1435,1424,13095945185705,16.667496,16.653500,,0.000000,0.498600,
10,CReferenceSurface,600,4,1437,1436,1434,1436,1425,13095945352240,16.667701,16.668200,,0.442500,0.468500,
10,CReferenceSurface,600,4,1438,1437,1435,1437,1426,13095945518922,16.665298,16.662200,,0.450500,0.507900,
10,CReferenceSurface,600,4,1439,1438,1436,1438,1427,13095945685544,16.666198,16.668600,,0.410900,0.522700,
10,CReferenceSurface,600,4,1440,1439,1437,1439,1428,13095945852230,16.666703,16.669200,,0.402900,0.440900,
10,CReferenceSurface,600,4,1441,1440,1438,1440,1429,13095946018922,16.667502,16.658500,,0.341400,0.409200,
10,CReferenceSurface,600,4,1442,1441,1439,1441,1430,13095946185507,16.666397,16.664300,,0.000000,0.476300,
10,CReferenceSurface,600,4,1443,1442,1440,1442,1431,13095946352150,16.666999,16.663700,,0.432400,0.396300,
10,CReferenceSurface,600,4,1444,1443,1441,1443,1432,13095946518787,16.666602,16.675400,,0.337900,0.378300,
10,CReferenceSurface,600,4,1445,1444,1442,1444,1433,13095946685541,16.667100,16.662300,,0.401200,0.451400,
10,CReferenceSurface,600,4,1446,1445,1443,1445,1434,13095946852164,16.791496,16.664500,,0.403700,0.552200,
10,CReferenceSurface,600,4,1447,1446,1444,1446,1435,13095947018809,16.666900,16.677300,,0.424200,0.511100,
10,CReferenceSurface,600,4,1448,1447,1445,1447,1436,13095947185582,16.666999,16.666000,,0.000000,0.534500,
10,CReferenceSurface,600,4,1449,1448,1446,1448,1437,13095947352242,16.676601,16.792400,,0.658000,0.773700,
10,CReferenceSurface,600,4,1450,1449,1447,1449,1438,13095947520166,16.665902,16.669200,,0.854500,0.868100,
10,CReferenceSurface,600,4,1451,1450,1448,1450,1439,13095947686858,16.667100,16.672200,,0.594300,0.605800,
10,CReferenceSurface,600,4,1452,1451,1449,1451,1440,13095947853580,16.667100,16.789600,,0.495200,0.518700,
10,CReferenceSurface,600,4,1453,1452,1450,1452,1441,13095948021476,16.666602,16.547200,,0.481000,0.537800,
10,CReferenceSurface,600,4,1454,1453,1451,1453,1442,13095948186948,16.666802,16.664900,,0.000000,0.529000,
10,CReferenceSurface,600,4,1455,1454,1452,1454,1443,13095948353597,16.666595,16.666400,,0.517000,0.514500,
10,CReferenceSurface,600,4,1456,1455,1453,1455,1444,13095948520261,16.667403,16.669600,,0.527100,0.521600,
10,CReferenceSurface,600,4,1457,1456,1454,1456,1445,13095948686957,16.666595,16.666700,,0.565000,0.575000,
10,CReferenceSurface,600,4,1458,1457,1455,1457,1446,13095948853624,16.666900,16.664900,,0.602800,0.624800,
10,CReferenceSurface,600,4,1459,1458,1456,1458,1447,13095949020273,16.666802,16.674200,,0.604400,0.596600,
10,CReferenceSurface,600,4,1460,1459,1457,1459,1448,13095949187015,16.666299,16.666400,,0.000000,0.582900,
10,CReferenceSurface,600,4,1461,1460,1458,1460,1449,13095949353679,16.666900,16.668600,,0.468700,0.515000,
10,CReferenceSurface,600,4,1462,1461,1459,1461,1450,13095949520365,16.666802,16.662300,,0.531200,0.609500,
10,CReferenceSurface,600,4,1463,1462,1460,1462,1451,13095949686988,16.666099,16.661800,,0.492100,0.524200,
10,CReferenceSurface,600,4,1464,1463,1461,1463,1452,13095949853606,16.666999,16.668000,,0.476000,0.545500,
10,CReferenceSurface,600,4,1465,1464,1462,1464,1453,13095950020286,16.667198,16.663600,,0.466900,0.476300,
10,CReferenceSurface,600,4,1466,1465,1463,1465,1454,13095950186922,16.666602,16.669400,,0.000000,0.723400,
10,CReferenceSurface,600,4,1467,1466,1464,1466,1455,13095950353616,16.667100,16.678300,,0.503700,0.542900,
10,CReferenceSurface,600,4,1468,1467,1465,1467,1456,13095950520399,16.666198,16.664800,,0.500300,0.543400,
10,CReferenceSurface,600,4,1469,1468,1466,1468,1457,13095950687047,16.666999,16.661100,,0.528100,0.563300,
10,CReferenceSurface,600,4,1470,1469,1467,1469,1458,13095950853658,16.666900,16.665600,,0.712400,0.762100,
10,CReferenceSurface,600,4,1471,1470,1468,1470,1459,13095951020314,16.666001,16.667700,,0.632600,0.708000,
10,CReferenceSurface,600,4,1472,1471,1469,1471,1460,13095951186991,16.667305,16.668000,,0.000000,0.575200,
10,CReferenceSurface,600,4,1473,1472,1470,1472,1461,13095951353671,16.666695,16.667400,,0.486400,0.563900,
10,CReferenceSurface,600,4,1474,1473,1471,1473,1462,13095951520345,16.666802,16.657700,,0.444800,0.484200,
10,CReferenceSurface,600,4,1475,1474,1472,1474,1463,13095951686922,16.667100,16.669300,,0.414500,0.478000,
10,CReferenceSurface,600,4,1476,1475,1473,1475,1464,13095951853615,16.666802,16.667100,,0.462000,0.536900,
10,CReferenceSurface,600,4,1477,1476,1474,1476,1465,13095952020286,16.666504,16.662800,,0.488800,0.543200,
10,CReferenceSurface,600,4,1478,1477,1475,1477,1466,13095952186914,16.667198,16.675300,,0.000000,0.527900,
10,CReferenceSurface,600,4,1479,1478,1476,1478,1467,13095952353667,16.666703,16.664500,,0.481400,0.537200,
10,CReferenceSurface,600,4,1480,1479,1477,1479,1468,13095952520312,16.666099,16.667100,,0.462100,0.547200,
10,CReferenceSurface,600,4,1481,1480,1478,1480,1469,13095952686983,16.972696,16.668900,,0.414000,0.452100,
10,CReferenceSurface,600,4,1482,1481,1479,1481,1470,13095952853672,16.666802,16.661700,,0.386400,0.452600,
10,CReferenceSurface,600,4,1483,1482,1480,1482,1471,13095953020289,16.666900,16.656300,,0.365600,0.449700,
10,CReferenceSurface,600,4,1484,1483,1481,1483,1472,13095953186852,16.666595,16.974500,,0.000000,0.551500,
10,CReferenceSurface,600,4,1485,1484,1482,1484,1473,13095953356597,16.666405,16.668100,,0.382900,0.467200,
10,CReferenceSurface,600,4,1486,1485,1483,1485,1474,13095953523278,16.666999,16.670400,,0.547500,0.500200,
10,CReferenceSurface,600,4,1487,1486,1484,1486,1475,13095953689982,16.667496,16.666900,,0.413400,0.468800,
10,CReferenceSurface,600,4,1488,1487,1485,1487,1476,13095953856651,16.666198,16.664900,,0.459300,0.515400,
10,CReferenceSurface,600,4,1489,1488,1486,1488,1477,13095954023300,16.666405,16.668500,,0.472600,0.505300,
10,CReferenceSurface,600,4,1490,1489,1487,1489,1478,13095954189985,16.666900,16.677700,,0.000000,0.554400,
10,CReferenceSurface,600,4,1491,1490,1488,1490,1479,13095954356762,16.667496,16.661100,,0.462600,0.500900,
10,CReferenceSurface,600,4,1492,1491,1489,1491,1480,13095954523373,16.667206,16.666900,,0.434500,0.525900,
10,CReferenceSurface,600,4,1493,1492,1490,1492,1481,13095954690042,16.666397,16.661500,,0.463500,0.505900,
10,CReferenceSurface,600,4,1494,1493,1491,1493,1482,13095954856657,16.666900,16.669200,,0.490000,0.522700,
10,CReferenceSurface,600,4,1495,1494,1492,1494,1483,13095955023349,16.666900,16.680900,,0.490500,0.522400,
10,CReferenceSurface,600,4,1496,1495,1493,1495,1484,13095955190158,16.922101,16.657100,,0.000000,0.485500,
10,CReferenceSurface,600,4,1497,1496,1494,1496,1485,13095955356729,16.667396,16.660700,,0.459100,0.431600,
10,CReferenceSurface,600,4,1498,1497,1495,1497,1486,13095955523336,16.666299,16.664600,,0.485500,0.517100,
10,CReferenceSurface,600,4,1499,1498,1496,1498,1487,13095955689982,16.666405,16.920700,,0.352900,0.647400,
10,CReferenceSurface,600,4,1500,1499,1497,1499,1488,13095955859189,16.780896,16.670300,,0.461600,0.445500,
10,CReferenceSurface,600,4,1501,1500,1498,1500,1489,13095956025892,16.668204,16.663300,,0.325600,0.397600,
10,CReferenceSurface,600,4,1502,1501,1499,1501,1490,13095956192525,16.665597,16.664200,,0.000000,0.439800,
10,CReferenceSurface,600,4,1503,1502,1500,1502,1491,13095956359167,16.938202,16.779100,,0.409400,0.401800,
10,CReferenceSurface,600,4,1504,1503,1501,1503,1492,13095956526958,16.666397,16.672400,,0.358300,0.407700,
10,CReferenceSurface,600,4,1505,1504,1502,1504,1493,13095956693682,16.666306,16.661700,,0.365600,0.434400,
10,CReferenceSurface,600,4,1506,1505,1503,1505,1494,13095956860299,16.666999,16.945000,,0.335300,0.427300,
10,CReferenceSurface,600,4,1507,1506,1504,1506,1495,13095957029749,16.667694,16.661000,,0.393700,0.415500,
10,CReferenceSurface,600,4,1508,1507,1505,1507,1496,13095957196359,16.666703,16.662700,,0.000000,0.431000,
10,CReferenceSurface,600,4,1509,1508,1506,1508,1497,13095957362986,16.665703,16.668200,,0.339800,0.423300,
10,CReferenceSurface,600,4,1510,1509,1507,1509,1498,13095957529668,16.666999,16.670800,,0.357400,0.389100,
10,CReferenceSurface,600,4,1511,1510,1508,1510,1499,13095957696376,16.667297,16.666600,,0.386400,0.377500,
10,CReferenceSurface,600,4,1512,1511,1509,1511,1500,13095957863042,16.665902,16.671200,,0.413100,0.436400,
10,CReferenceSurface,600,4,1513,1512,1510,1512,1501,13095958029754,16.668197,16.658000,,0.382100,0.430700,
10,CReferenceSurface,600,4,1514,1513,1511,1513,1502,13095958196334,16.665703,16.672800,,0.000000,0.437900,
10,CReferenceSurface,600,4,1515,1514,1512,1514,1503,13095958363062,16.666999,16.661100,,0.394100,0.412000,
11,CReferenceSurface,600,8,1547,1546,1544,1546,1534,13095964190737,16.667403,16.654800,,0.000000,0.373200,
11,CReferenceSurface,600,8,1548,1547,1545,1547,1535,13095964357285,16.665895,16.671700,,0.398300,0.454200,
11,CReferenceSurface,600,8,1549,1548,1546,1548,1536,13095964524002,16.667502,16.661200,,0.324300,0.359500,
11,CReferenceSurface,600,8,1550,1549,1547,1549,1537,13095964690614,16.666703,16.672000,,0.336300,0.398200,
11,CReferenceSurface,600,8,1551,1550,1548,1550,1538,13095964857334,16.665902,16.659800,,0.339800,0.422800,
11,CReferenceSurface,600,8,1552,1551,1549,1551,1539,13095965023932,16.668700,16.672100,,0.349600,0.411600,
11,CReferenceSurface,600,8,1553,1552,1550,1552,1540,13095965190653,16.666695,16.666600,,0.000000,0.519700,
11,CReferenceSurface,600,8,1554,1553,1551,1553,1541,13095965357319,16.665604,16.662400,,0.351200,0.576000,
11,CReferenceSurface,600,8,1555,1554,1552,1554,1542,13095965523943,16.666900,16.679400,,0.362300,0.413100,
11,CReferenceSurface,600,8,1556,1555,1553,1555,1543,13095965690737,16.668297,16.665000,,0.364500,0.414400,
11,CReferenceSurface,600,8,1557,1556,1554,1556,1544,13095965857387,16.665703,16.663900,,0.384800,0.470100,
11,CReferenceSurface,600,8,1558,1557,1555,1557,1545,13095966024026,16.666802,16.667900,,0.359000,0.410300,
11,CReferenceSurface,600,8,1559,1558,1556,1558,1546,13095966190705,16.667595,16.666600,,0.000000,0.428400,
11,CReferenceSurface,600,8,1560,1559,1557,1559,1547,13095966357371,16.666198,16.662200,,0.397900,0.455000,
11,CReferenceSurface,600,8,1561,1560,1558,1560,1548,13095966523993,16.666306,16.667200,,0.338900,0.410200,
11,CReferenceSurface,600,8,1562,1561,1559,1561,1549,13095966690665,16.668098,16.674300,,0.325000,0.397600,
11,CReferenceSurface,600,8,1563,1562,1560,1562,1550,13095966857408,16.665002,16.658500,,0.362500,0.476800,
11,CReferenceSurface,600,8,1564,1563,1561,1563,1551,13095967023993,16.668601,16.664900,,0.413100,0.527000,
11,CReferenceSurface,600,8,1565,1564,1562,1564,1552,13095967190642,16.665399,16.678600,,0.000000,0.474300,
11,CReferenceSurface,600,8,1566,1565,1563,1565,1553,13095967357428,16.666496,16.654500,,0.340800,0.413100,
11,CReferenceSurface,600,8,1567,1566,1564,1566,1554,13095967523973,16.666703,16.675400,,0.396600,0.463400,
11,CReferenceSurface,600,8,1568,1567,1565,1567,1555,13095967690727,16.666802,16.662400,,0.349800,0.422600,
11,CReferenceSurface,600,8,1569,1568,1566,1568,1556,13095967857351,16.666299,16.669000,,0.397800,0.422300,
11,CReferenceSurface,600,8,1570,1569,1567,1569,1557,13095968024041,16.667297,16.701800,,0.419300,0.442600,
11,CReferenceSurface,600,8,1571,1570,1568,1570,1558,13095968191059,16.666802,16.645600,,0.000000,0.388700,
11,CReferenceSurface,600,8,1572,1571,1569,1571,1559,13095968357515,16.665902,16.648200,,0.397200,0.438200,
11,CReferenceSurface,600,8,1573,1572,1570,1572,1560,13095968523997,16.666999,16.664900,,0.388700,0.380700,
11,CReferenceSurface,600,8,1574,1573,1571,1573,1561,13095968690646,16.666504,16.670000,,0.368700,0.439400,
11,CReferenceSurface,600,8,1575,1574,1572,1574,1562,13095968857346,16.667100,16.663000,,0.319000,0.392000,
11,CReferenceSurface,600,8,1576,1575,1573,1575,1563,13095969023976,16.667100,16.668800,,0.326700,0.390100,
11,CReferenceSurface,600,8,1577,1576,1574,1576,1564,13095969190664,16.666496,16.663500,,0.000000,0.496500,
11,CReferenceSurface,600,8,1578,1577,1575,1577,1565,13095969357299,16.667999,16.670400,,0.401400,0.455100,
11,CReferenceSurface,600,8,1579,1578,1576,1578,1566,13095969524003,16.666001,16.682900,,0.417300,0.570800,
11,CReferenceSurface,600,8,1580,1579,1577,1579,1567,13095969690832,16.666900,16.660300,,0.455300,0.493800,
11,CReferenceSurface,600,8,1581,1580,1578,1580,1568,13095969857435,16.666405,16.666800,,0.457300,0.501800,
11,CReferenceSurface,600,8,1582,1581,1579,1581,1569,13095970024103,16.667100,16.672100,,0.465400,0.529100,
11,CReferenceSurface,600,8,1583,1582,1580,1582,1570,13095970190824,16.666397,16.671700,,0.000000,0.536000,
11,CReferenceSurface,600,8,1584,1583,1581,1583,1571,13095970357541,16.666802,16.657600,,0.436400,0.494800,
11,CReferenceSurface,600,8,1585,1584,1582,1584,1572,13095970524117,16.666703,16.666300,,0.476500,0.509200,
11,CReferenceSurface,600,8,1586,1585,1583,1585,1573,13095970690780,16.667100,16.666400,,0.466300,0.504500,
11,CReferenceSurface,600,8,1587,1586,1584,1586,1574,13095970857444,16.666703,16.668900,,0.450200,0.520000,
11,CReferenceSurface,600,8,1588,1587,1585,1587,1575,13095971024133,16.665796,16.662700,,0.476800,0.522900,
11,CReferenceSurface,600,8,1589,1588,1586,1588,1576,13095971190760,16.666900,16.665700,,0.000000,0.473100,
11,CReferenceSurface,600,8,1590,1589,1587,1589,1577,13095971357417,16.666900,16.671500,,0.377300,0.418800,
11,CReferenceSurface,600,8,1591,1590,1588,1590,1578,13095971524132,16.667305,16.657700,,0.347100,0.401200,
11,CReferenceSurface,600,8,1592,1591,1589,1591,1579,13095971690709,16.666099,16.661000,,0.389500,0.422900,
11,CReferenceSurface,600,8,1593,1592,1590,1592,1580,13095971857319,16.683901,16.668100,,0.358200,0.547700,
11,CReferenceSurface,600,8,1594,1593,1591,1593,1581,13095972024000,16.668899,16.667200,,0.454500,0.481500,
11,CReferenceSurface,600,8,1595,1594,1592,1594,1582,13095972190672,16.665399,16.666000,,0.000000,0.484600,
11,CReferenceSurface,600,8,1596,1595,1593,1595,1583,13095972357332,16.666703,16.772100,,0.404700,0.450800,
11,CReferenceSurface,600,8,1597,1596,1594,1596,1584,13095972525053,16.666595,16.593600,,0.426300,0.481100,
11,CReferenceSurface,600,8,1598,1597,1595,1597,1585,13095972690989,16.667206,16.663800,,0.463000,0.519100,
11,CReferenceSurface,600,8,1599,1598,1596,1598,1586,13095972857627,16.666695,16.666800,,0.811900,0.670700,
11,CReferenceSurface,600,8,1600,1599,1597,1599,1587,13095973024295,16.666299,16.672000,,0.601300,0.674700,
11,CReferenceSurface,600,8,1601,1600,1598,1600,1588,13095973191015,16.667206,16.668100,,0.000000,0.578500,
11,CReferenceSurface,600,8,1602,1601,1599,1601,1589,13095973357696,16.666802,16.662900,,0.492600,0.528900,
11,CReferenceSurface,600,8,1603,1602,1600,1602,1590,13095973524325,16.667100,16.663800,,0.503400,0.595200,
11,CReferenceSurface,600,8,1604,1603,1601,1603,1591,13095973690963,16.666299,16.665900,,0.471500,0.529200,
11,CReferenceSurface,600,8,1605,1604,1602,1604,1592,13095973857622,16.667396,16.666400,,0.455800,0.505000,
11,CReferenceSurface,600,8,1606,1605,1603,1605,1593,13095974024286,16.666405,16.668100,,0.462000,0.572700,
11,CReferenceSurface,600,8,1607,1606,1604,1606,1594,13095974190967,16.666999,16.665400,,0.000000,0.527100,
11,CReferenceSurface,600,8,1608,1607,1605,1607,1595,13095974357621,16.666802,16.667100,,0.487800,0.528100,
11,CReferenceSurface,600,8,1609,1608,1606,1608,1596,13095974524292,16.666595,16.671300,,0.475700,0.533100,
11,CReferenceSurface,600,8,1610,1609,1607,1609,1597,13095974691005,16.666703,16.662900,,0.469800,0.504700,
11,CReferenceSurface,600,8,1611,1610,1608,1610,1598,13095974857634,16.666802,16.671000,,0.486900,0.592800,
11,CReferenceSurface,600,8,1612,1611,1609,1611,1599,13095975024344,16.667100,16.664500,,0.557600,0.568500,
11,CReferenceSurface,600,8,1613,1612,1610,1612,1600,13095975190989,16.666999,16.666000,,0.000000,0.726600,
11,CReferenceSurface,600,8,1614,1613,1611,1613,1601,13095975357649,16.667396,16.774600,,0.753800,0.883100,
11,CReferenceSurface,600,8,1615,1614,1612,1614,1602,13095975525395,16.666504,16.565900,,1.119000,1.108500,
11,CReferenceSurface,600,8,1616,1615,1613,1615,1603,13095975691054,17.097102,16.672300,,1.294700,1.355000,
11,CReferenceSurface,600,8,1617,1616,1614,1616,1604,13095975857777,16.667595,16.701100,,1.185800,3.543000,
11,CReferenceSurface,600,8,1618,1617,1615,1617,1605,13095976024788,17.157100,16.646500,,1.312400,1.024300,
11,CReferenceSurface,600,8,1619,1618,1616,1618,1606,13095976191253,17.305003,17.095000,,0.000000,1.091700,
11,CReferenceSurface,600,8,1620,1619,1617,1619,1607,13095976362203,16.666299,16.668900,,1.273900,1.329100,
11,CReferenceSurface,600,8,1621,1620,1618,1620,1608,13095976528892,16.667403,17.159700,,1.149600,1.089000,
11,CReferenceSurface,600,8,1622,1621,1619,1621,1609,13095976700489,16.668495,20.062100,,1.271700,1.201500,
11,CReferenceSurface,600,8,1623,1622,1620,1622,1610,13095976901110,16.666999,13.898800,,1.275400,1.130900,
11,CReferenceSurface,600,8,1624,1623,1621,1623,1611,13095977040098,16.666504,16.680900,,1.235800,1.157300,
11,CReferenceSurface,600,8,1625,1624,1622,1624,1612,13095977206907,16.666099,16.685000,,0.000000,1.061900,
11,CReferenceSurface,600,8,1626,1625,1623,1625,1613,13095977373757,17.259197,16.683400,,0.903200,1.088700,
11,CReferenceSurface,600,8,1627,1626,1624,1626,1614,13095977540591,17.117701,16.628100,,1.267000,1.308900,
11,CReferenceSurface,600,8,1628,1627,1625,1627,1615,13095977706872,16.666900,16.655400,,1.575100,1.878000,
11,CReferenceSurface,600,8,1629,1628,1626,1628,1616,13095977873426,16.667800,17.271000,,1.246100,1.374100,
11,CReferenceSurface,600,8,1630,1629,1627,1629,1617,13095978046136,16.676601,17.120500,,1.198300,1.131100,
11,CReferenceSurface,600,8,1631,1630,1628,1630,1618,13095978217341,16.667496,16.658100,,1.074600,1.127200,
11,CReferenceSurface,600,8,1632,1631,1629,1631,1619,13095978383922,16.667800,16.671500,,0.000000,1.072700,
11,CReferenceSurface,600,8,1633,1632,1630,1632,1620,13095978550637,16.667305,16.716800,,1.193600,1.138600,
11,CReferenceSurface,600,8,1634,1633,1631,1633,1621,13095978717805,16.666099,16.627700,,1.239100,1.122900,
11,CReferenceSurface,600,8,1635,1634,1632,1634,1622,13095978884082,16.666595,18.065100,,1.198100,1.082700,
11,CReferenceSurface,600,8,1636,1635,1633,1635,1623,13095979064733,16.667100,15.321900,,0.906700,0.943000,
11,CReferenceSurface,600,8,1637,1636,1634,1636,1624,13095979217952,16.666602,16.611900,,1.216100,1.066700,
11,CReferenceSurface,600,8,1638,1637,1635,1637,1625,13095979384071,16.666900,16.663000,,0.000000,0.996500,
11,CReferenceSurface,600,8,1639,1638,1636,1638,1626,13095979550701,16.667100,16.673700,,0.856000,1.039300,
11,CReferenceSurface,600,8,1640,1639,1637,1639,1627,13095979717438,16.666802,16.659500,,0.904200,0.894900,
11,CReferenceSurface,600,8,1641,1640,1638,1640,1628,13095979884033,16.667297,16.667900,,1.065500,0.872800,
11,CReferenceSurface,600,8,1642,1641,1639,1641,1629,13095980050712,16.666306,16.664300,,0.901900,0.761600,
11,CReferenceSurface,600,8,1643,1642,1640,1642,1630,13095980217355,16.701197,16.669600,,0.781900,0.780400,
11,CReferenceSurface,600,8,1644,1643,1641,1643,1631,13095980384051,16.666999,16.664800,,0.000000,1.010300,
11,CReferenceSurface,600,8,1645,1644,1642,1644,1632,13095980550699,16.666602,16.658500,,0.991600,0.985000,
11,CReferenceSurface,600,8,1646,1645,1643,1645,1633,13095980717284,16.666695,16.709100,,0.721400,0.718000,
11,CReferenceSurface,600,8,1647,1646,1644,1646,1634,13095980884375,16.666999,16.666400,,0.742700,0.747700,
11,CReferenceSurface,600,8,1648,1647,1645,1647,1635,13095981051039,16.666602,16.661700,,0.816200,0.791500,
11,CReferenceSurface,600,8,1649,1648,1646,1648,1636,13095981217656,16.666703,16.666100,,0.785000,0.756500,
11,CReferenceSurface,600,8,1650,1649,1647,1649,1637,13095981384317,16.666893,16.667900,,0.000000,0.688900,
11,CReferenceSurface,600,8,1651,1650,1648,1650,1638,13095981550996,16.666703,16.682400,,0.629900,0.650400,
11,CReferenceSurface,600,8,1652,1651,1649,1651,1639,13095981717820,16.667100,16.651200,,0.629600,0.696500,
11,CReferenceSurface,600,8,1653,1652,1650,1652,1640,13095981884332,16.666602,16.666600,,0.611600,0.770300,
11,CReferenceSurface,600,8,1654,1653,1651,1653,1641,13095982050998,16.666900,16.668800,,0.615000,0.782700,
11,CReferenceSurface,600,8,1655,1654,1652,1654,1642,13095982217686,16.666703,16.665300,,0.743600,0.640900,
11,CReferenceSurface,600,8,1656,1655,1653,1655,1643,13095982384339,16.666595,16.666300,,0.000000,0.812600,
11,CReferenceSurface,600,8,1657,1656,1654,1656,1644,13095982551002,16.666900,16.714600,,0.484900,0.516200,
11,CReferenceSurface,600,8,1658,1657,1655,1657,1645,13095982718148,16.666504,16.617700,,0.494300,0.520500,
11,CReferenceSurface,600,8,1659,1658,1656,1658,1646,13095982884325,16.666001,16.656400,,0.516300,0.572300,
11,CReferenceSurface,600,8,1660,1659,1657,1659,1647,13095983050889,16.666695,16.668400,,0.458200,0.473900,
11,CReferenceSurface,600,8,1661,1660,1658,1660,1648,13095983217573,16.667198,16.670100,,0.436300,0.522400,
11,CReferenceSurface,600,8,1662,1661,1659,1661,1649,13095983384274,16.667007,16.655000,,0.000000,0.518200,
11,CReferenceSurface,600,8,1663,1662,1660,1662,1650,13095983550824,16.667100,16.670100,,0.438000,0.496100,
11,CReferenceSurface,600,8,1664,1663,1661,1663,1651,13095983717525,16.666496,16.665800,,0.471500,0.528700,
11,CReferenceSurface,600,8,1665,1664,1662,1664,1652,13095983884183,16.666999,16.669800,,0.500100,0.559700,
11,CReferenceSurface,600,8,1666,1665,1663,1665,1653,13095984050881,16.666703,16.670000,,0.494200,0.546100,
12,CReferenceSurface,600,16,1698,1697,1695,1697,1684,13095990183137,16.667396,16.664000,,0.000000,0.393700,
12,CReferenceSurface,600,16,1699,1698,1696,1698,1685,13095990349777,16.666900,16.688600,,0.338800,0.449500,
12,CReferenceSurface,600,16,1700,1699,1697,1699,1686,13095990516663,16.666703,16.643400,,0.364600,0.453400,
12,CReferenceSurface,600,16,1701,1700,1698,1700,1687,13095990683097,16.666496,16.675300,,0.378800,0.514400,
12,CReferenceSurface,600,16,1702,1701,1699,1701,1688,13095990849850,16.666504,16.669200,,0.338500,0.400600,
12,CReferenceSurface,600,16,1703,1702,1700,1702,1689,13095991016542,16.666496,16.664000,,0.323500,0.371200,
12,CReferenceSurface,600,16,1704,1703,1701,1703,1690,13095991183182,16.939102,16.661100,,0.000000,0.390600,
12,CReferenceSurface,600,16,1705,1704,1702,1704,1691,13095991349793,16.667603,16.664800,,0.340300,0.455800,
12,CReferenceSurface,600,16,1706,1705,1703,1705,1692,13095991516441,16.665695,16.666500,,0.358200,0.421900,
12,CReferenceSurface,600,16,1707,1706,1704,1706,1693,13095991683106,16.666602,16.938900,,0.400500,0.438100,
12,CReferenceSurface,600,16,1708,1707,1705,1707,1694,13095991852495,16.666602,16.680400,,0.374600,0.432900,
12,CReferenceSurface,600,16,1709,1708,1706,1708,1695,13095992019299,16.667999,16.659500,,0.378200,0.427300,
12,CReferenceSurface,600,16,1710,1709,1707,1709,1696,13095992185894,16.666299,16.662100,,0.000000,0.450900,
12,CReferenceSurface,600,16,1711,1710,1708,1710,1697,13095992352515,16.667396,16.665300,,0.375300,0.449300,
12,CReferenceSurface,600,16,1712,1711,1709,1711,1698,13095992519168,16.666306,16.732500,,0.387300,0.458000,
12,CReferenceSurface,600,16,1713,1712,1710,1712,1699,13095992686493,16.666198,16.612500,,0.376400,0.433400,
12,CReferenceSurface,600,16,1714,1713,1711,1713,1700,13095992852618,16.667198,16.659400,,0.352600,0.406000,
12,CReferenceSurface,600,16,1715,1714,1712,1714,1701,13095993019212,16.666504,16.665400,,0.333000,0.383100,
12,CReferenceSurface,600,16,1716,1715,1713,1715,1702,13095993185866,16.666595,16.663400,,0.000000,0.412000,
12,CReferenceSurface,600,16,1717,1716,1714,1716,1703,13095993352500,16.667100,16.674400,,0.333900,0.397800,
12,CReferenceSurface,600,16,1718,1717,1715,1717,1704,13095993519244,16.667701,16.659200,,0.332000,0.407900,
12,CReferenceSurface,600,16,1719,1718,1716,1718,1705,13095993685836,16.665200,16.667400,,0.411800,0.443600,
12,CReferenceSurface,600,16,1720,1719,1717,1719,1706,13095993852510,16.667800,16.670000,,0.340200,0.410300,
12,CReferenceSurface,600,16,1721,1720,1718,1720,1707,13095994019210,16.917098,16.670700,,0.370400,0.420900,
12,CReferenceSurface,600,16,1722,1721,1719,1721,1708,13095994185917,16.667403,16.658400,,0.000000,0.404200,
12,CReferenceSurface,600,16,1723,1722,1720,1722,1709,13095994352501,16.666595,16.672800,,0.333600,0.454000,
12,CReferenceSurface,600,16,1724,1723,1721,1723,1710,13095994519229,16.667899,16.912800,,0.335600,0.383700,
12,CReferenceSurface,600,16,1725,1724,1722,1724,1711,13095994688357,16.666405,16.682200,,0.365800,0.452000,
12,CReferenceSurface,600,16,1726,1725,1723,1725,1712,13095994855179,16.666397,16.653600,,0.394100,0.457900,
12,CReferenceSurface,600,16,1727,1726,1724,1726,1713,13095995021715,16.667297,16.671400,,0.382500,0.501600,
12,CReferenceSurface,600,16,1728,1727,1725,1727,1714,13095995188429,16.666107,16.665700,,0.000000,0.549900,
12,CReferenceSurface,600,16,1729,1728,1726,1728,1715,13095995355086,16.666496,16.666800,,0.418500,0.474600,
12,CReferenceSurface,600,16,1730,1729,1727,1729,1716,13095995521754,16.666802,16.673600,,0.428800,0.483100,
12,CReferenceSurface,600,16,1731,1730,1728,1730,1717,13095995688490,16.666900,16.668400,,0.491500,0.516400,
12,CReferenceSurface,600,16,1732,1731,1729,1731,1718,13095995855174,16.666802,16.663900,,0.485500,0.525600,
12,CReferenceSurface,600,16,1733,1732,1730,1732,1719,13095996021813,16.667198,16.669000,,0.511000,0.566700,
12,CReferenceSurface,600,16,1734,1733,1731,1733,1720,13095996188503,16.666397,16.667500,,0.000000,0.558800,
12,CReferenceSurface,600,16,1735,1734,1732,1734,1721,13095996355178,16.666900,16.668400,,0.479100,0.526400,
12,CReferenceSurface,600,16,1736,1735,1733,1735,1722,13095996521862,16.666900,16.772700,,0.514500,0.559900,
12,CReferenceSurface,600,16,1737,1736,1734,1736,1723,13095996689589,16.666299,16.558500,,0.574000,0.671000,
12,CReferenceSurface,600,16,1738,1737,1735,1737,1724,13095996855174,16.667100,16.670300,,0.500000,0.504100,
12,CReferenceSurface,600,16,1739,1738,1736,1738,1725,13095997021877,16.668404,16.665700,,0.523200,0.633800,
12,CReferenceSurface,600,16,1740,1739,1737,1739,1726,13095997188534,16.664704,16.662100,,0.000000,0.538800,
12,CReferenceSurface,600,16,1741,1740,1738,1740,1727,13095997355155,16.668197,16.667200,,0.411900,0.449000,
12,CReferenceSurface,600,16,1742,1741,1739,1741,1728,13095997521827,16.664902,16.670500,,0.405900,0.466200,
12,CReferenceSurface,600,16,1743,1742,1740,1742,1729,13095997688532,16.667496,16.654800,,0.392700,0.425400,
12,CReferenceSurface,600,16,1744,1743,1741,1743,1730,13095997855080,16.666802,16.673100,,0.365400,0.427100,
12,CReferenceSurface,600,16,1745,1744,1742,1744,1731,13095998021811,16.666900,16.659900,,0.370300,0.431500,
12,CReferenceSurface,600,16,1746,1745,1743,1745,1732,13095998188410,16.666602,16.667400,,0.000000,0.702200,
12,CReferenceSurface,600,16,1747,1746,1744,1746,1733,13095998355084,16.666595,16.666500,,0.386800,0.528300,
12,CReferenceSurface,600,16,1748,1747,1745,1747,1734,13095998521749,16.666802,16.690800,,0.486800,0.619500,
12,CReferenceSurface,600,16,1749,1748,1746,1748,1735,13095998688657,16.667297,16.654800,,0.496900,0.566800,
12,CReferenceSurface,600,16,1750,1749,1747,1749,1736,13095998855205,16.666198,16.666600,,0.477900,0.544000,
12,CReferenceSurface,600,16,1751,1750,1748,1750,1737,13095999021871,16.667603,16.667000,,0.499600,0.533100,
12,CReferenceSurface,600,16,1752,1751,1749,1751,1738,13095999188541,16.666299,16.667800,,0.000000,0.862400,
12,CReferenceSurface,600,16,1753,1752,1750,1752,1739,13095999355219,16.666001,16.665200,,0.596200,0.639300,
12,CReferenceSurface,600,16,1754,1753,1751,1753,1740,13095999521871,16.667502,16.681700,,0.524000,0.577000,
12,CReferenceSurface,600,16,1755,1754,1752,1754,1741,13095999688688,16.666397,16.653800,,0.494900,0.589900,
12,CReferenceSurface,600,16,1756,1755,1753,1755,1742,13095999855226,16.666900,16.661000,,0.467100,0.506400,
12,CReferenceSurface,600,16,1757,1756,1754,1756,1743,13096000021836,16.666602,16.668100,,0.449400,0.506800,
12,CReferenceSurface,600,16,1758,1757,1755,1757,1744,13096000188517,16.666999,16.665000,,0.000000,0.524300,
12,CReferenceSurface,600,16,1759,1758,1756,1758,1745,13096000355167,16.666802,16.668000,,0.487500,0.520900,
12,CReferenceSurface,600,16,1760,1759,1757,1759,1746,13096000521847,16.666999,16.665900,,0.451600,0.632100,
12,CReferenceSurface,600,16,1761,1760,1758,1760,1747,13096000688506,16.666900,16.666900,,0.459900,0.518000,
12,CReferenceSurface,600,16,1762,1761,1759,1761,1748,13096000855175,16.666595,16.669700,,0.485300,0.544200,
12,CReferenceSurface,600,16,1763,1762,1760,1762,1749,13096001021872,16.667206,16.687400,,0.478700,0.512800,
12,CReferenceSurface,600,16,1764,1763,1761,1763,1750,13096001188746,16.667198,16.648100,,0.000000,0.504800,
12,CReferenceSurface,600,16,1765,1764,1762,1764,1751,13096001355227,16.666198,16.665300,,0.468800,0.516800,
12,CReferenceSurface,600,16,1766,1765,1763,1765,1752,13096001521880,16.702898,16.743500,,0.463300,0.583300,
12,CReferenceSurface,600,16,1767,1766,1764,1766,1753,13096001689315,16.666802,16.590000,,0.487300,0.530200,
12,CReferenceSurface,600,16,1768,1767,1765,1767,1754,13096001855215,16.666802,16.665800,,0.468300,0.483900,
12,CReferenceSurface,600,16,1769,1768,1766,1768,1755,13096002021873,16.666900,16.703400,,0.462400,0.503200,
12,CReferenceSurface,600,16,1770,1769,1767,1769,1756,13096002188907,16.666695,16.667800,,0.000000,0.516200,
12,CReferenceSurface,600,16,1771,1770,1768,1770,1757,13096002355585,16.667899,16.665000,,0.475300,0.494100,
12,CReferenceSurface,600,16,1772,1771,1769,1771,1758,13096002522235,16.665703,16.666700,,0.849800,0.864000,
12,CReferenceSurface,600,16,1773,1772,1770,1772,1759,13096002688902,16.667100,16.667900,,0.582200,0.673700,
12,CReferenceSurface,600,16,1774,1773,1771,1773,1760,13096002855581,16.666703,16.685500,,0.523200,0.544900,
12,CReferenceSurface,600,16,1775,1774,1772,1774,1761,13096003022436,16.666299,16.651200,,0.563300,0.634100,
12,CReferenceSurface,600,16,1776,1775,1773,1775,1762,13096003188948,16.667305,16.663200,,0.000000,0.590500,
12,CReferenceSurface,600,16,1777,1776,1774,1776,1763,13096003355580,16.666794,16.670600,,0.534600,0.486300,
12,CReferenceSurface,600,16,1778,1777,1775,1777,1764,13096003522286,16.666703,16.680000,,0.446300,0.509800,
12,CReferenceSurface,600,16,1779,1778,1776,1778,1765,13096003689086,16.667297,16.699600,,0.466600,0.518600,
12,CReferenceSurface,600,16,1780,1779,1777,1779,1766,13096003856082,16.666703,16.612100,,0.484700,0.521500,
12,CReferenceSurface,600,16,1781,1780,1778,1780,1767,13096004022203,16.666703,16.669200,,0.483100,0.533800,
12,CReferenceSurface,600,16,1782,1781,1779,1781,1768,13096004188895,16.666595,16.670300,,0.000000,0.627500,
12,CReferenceSurface,600,16,1783,1782,1780,1782,1769,13096004355598,16.667305,16.665400,,0.480500,0.542900,
12,CReferenceSurface,600,16,1784,1783,1781,1783,1770,13096004522252,16.666099,16.672400,,0.460500,0.522100,
12,CReferenceSurface,600,16,1785,1784,1782,1784,1771,13096004688976,16.666397,16.660500,,0.444100,0.478500,
12,CReferenceSurface,600,16,1786,1785,1783,1785,1772,13096004855581,16.667100,16.668600,,0.417100,0.452300,
12,CReferenceSurface,600,16,1787,1786,1784,1786,1773,13096005022267,16.666802,16.659000,,0.420500,0.501500,
12,CReferenceSurface,600,16,1788,1787,1785,1787,1774,13096005188857,16.666802,16.663100,,0.000000,0.467200,
12,CReferenceSurface,600,16,1789,1788,1786,1788,1775,13096005355488,16.666999,16.675600,,0.474900,0.506600,
12,CReferenceSurface,600,16,1790,1789,1787,1789,1776,13096005522244,16.667297,16.662500,,0.449500,0.704500,
12,CReferenceSurface,600,16,1791,1790,1788,1790,1777,13096005688869,16.666306,16.667300,,0.461500,0.503000,
12,CReferenceSurface,600,16,1792,1791,1789,1791,1778,13096005855542,16.666999,16.673200,,0.437300,0.478500,
12,CReferenceSurface,600,16,1793,1792,1790,1792,1779,13096006022274,16.666496,16.667000,,0.445200,0.510900,
12,CReferenceSurface,600,16,1794,1793,1791,1793,1780,13096006188944,16.666999,16.663800,,0.000000,0.508100,
12,CReferenceSurface,600,16,1795,1794,1792,1794,1781,13096006355582,16.667206,16.666300,,0.409100,0.568100,
12,CReferenceSurface,600,16,1796,1795,1793,1795,1782,13096006522245,16.666695,16.666800,,0.468600,0.515100,
12,CReferenceSurface,600,16,1797,1796,1794,1796,1783,13096006688913,16.666703,16.668600,,0.472600,0.512000,
12,CReferenceSurface,600,16,1798,1797,1795,1797,1784,13096006855599,16.666198,16.669900,,0.450000,0.537000,
12,CReferenceSurface,600,16,1799,1798,1796,1798,1785,13096007022298,16.666504,16.662900,,0.408800,0.444900,
12,CReferenceSurface,600,16,1800,1799,1797,1799,1786,13096007188927,16.666397,16.663800,,0.000000,0.450500,
12,CReferenceSurface,600,16,1801,1800,1798,1800,1787,13096007355565,16.667297,16.660400,,0.388200,0.409600,
12,CReferenceSurface,600,16,1802,1801,1799,1801,1788,13096007522169,16.666504,16.667500,,0.373000,0.413900,
12,CReferenceSurface,600,16,1803,1802,1800,1802,1789,13096007688844,16.667595,16.666400,,0.455700,0.471700,
12,CReferenceSurface,600,16,1804,1803,1801,1803,1790,13096007855508,16.666001,16.666200,,0.382000,0.456000,
12,CReferenceSurface,600,16,1805,1804,1802,1804,1791,13096008022170,16.666504,16.669100,,0.380100,0.416900,
12,CReferenceSurface,600,16,1806,1805,1803,1805,1792,13096008188861,16.667396,16.666900,,0.000000,0.464000,
12,CReferenceSurface,600,16,1807,1806,1804,1806,1793,13096008355530,16.666306,16.665500,,0.379900,0.414300,
12,CReferenceSurface,600,16,1808,1807,1805,1807,1794,13096008522185,16.667800,16.668700,,0.373700,0.460500,
12,CReferenceSurface,600,16,1809,1808,1806,1808,1795,13096008688872,16.665597,16.666600,,0.425600,0.459000,
12,CReferenceSurface,600,16,1810,1809,1807,1809,1796,13096008855538,16.666299,16.663500,,0.440500,0.605400,
12,CReferenceSurface,600,16,1811,1810,1808,1810,1797,13096009022173,16.667206,16.671500,,0.321900,0.376500,
12,CReferenceSurface,600,16,1812,1811,1809,1811,1798,13096009188888,16.666794,16.665100,,0.000000,0.400400,
12,CReferenceSurface,600,16,1813,1812,1810,1812,1799,13096009355539,16.667105,16.660700,,0.396300,0.395400,
12,CReferenceSurface,600,16,1814,1813,1811,1813,1800,13096009522146,16.666099,16.670000,,0.328300,0.396200,
12,CReferenceSurface,600,16,1815,1814,1812,1814,1801,13096009688846,16.666893,16.665200,,0.344500,0.417900,
12,CReferenceSurface,600,16,1816,1815,1813,1815,1802,13096009855498,16.666703,16.667900,,0.361600,0.433200,
12,CReferenceSurface,600,16,1817,1816,1814,1816,1803,13096010022177,16.669402,16.667200,,0.370900,0.410700,
13,CReferenceSurface,1000,1,1849,1848,1846,1848,1834,13096015989533,16.667198,16.652200,,0.000000,0.565700,
13,CReferenceSurface,1000,1,1850,1849,1847,1849,1835,13096016156055,16.666602,16.659600,,0.469200,0.533900,
13,CReferenceSurface,1000,1,1851,1850,1848,1850,1836,13096016322651,16.666794,16.667000,,0.395100,0.501800,
13,CReferenceSurface,1000,1,1852,1851,1849,1851,1837,13096016489321,16.666602,16.671800,,0.477500,0.468600,
13,CReferenceSurface,1000,1,1853,1852,1850,1852,1838,13096016656039,16.666496,16.667500,,0.472200,0.532100,
13,CReferenceSurface,1000,1,1854,1853,1851,1853,1839,13096016822714,16.667206,16.667100,,0.436400,0.449900,
13,CReferenceSurface,1000,1,1855,1854,1852,1854,1840,13096016989385,16.666595,16.665300,,0.000000,0.524300,
13,CReferenceSurface,1000,1,1856,1855,1853,1855,1841,13096017156038,16.666802,16.665100,,0.423100,0.499500,
13,CReferenceSurface,1000,1,1857,1856,1854,1856,1842,13096017322689,16.667198,16.668700,,0.416000,0.489600,
13,CReferenceSurface,1000,1,1858,1857,1855,1857,1843,13096017489376,16.665703,16.666600,,0.540500,0.675100,
13,CReferenceSurface,1000,1,1859,1858,1856,1858,1844,13096017656042,16.667297,16.664200,,0.416300,0.469200,
13,CReferenceSurface,1000,1,1860,1859,1857,1859,1845,13096017822684,16.666405,16.671200,,0.394700,0.583000,
13,CReferenceSurface,1000,1,1861,1860,1858,1860,1846,13096017989396,16.667100,16.661000,,0.000000,0.508300,
13,CReferenceSurface,1000,1,1862,1861,1859,1861,1847,13096018156006,16.666900,16.666500,,0.394000,0.455300,
13,CReferenceSurface,1000,1,1863,1862,1860,1862,1848,13096018322671,16.666900,16.667000,,0.466000,0.463300,
13,CReferenceSurface,1000,1,1864,1863,1861,1863,1849,13096018489341,16.666900,16.669700,,0.555600,0.564300,
13,CReferenceSurface,1000,1,1865,1864,1862,1864,1850,13096018656038,16.666397,16.666300,,0.437800,0.482900,
13,CReferenceSurface,1000,1,1866,1865,1863,1865,1851,13096018822701,16.667100,16.667500,,0.407700,0.564500,
13,CReferenceSurface,1000,1,1867,1866,1864,1866,1852,13096018989376,16.667100,16.668500,,0.000000,0.572000,
13,CReferenceSurface,1000,1,1868,1867,1865,1867,1853,13096019156061,16.666602,16.661700,,0.400000,0.478000,
13,CReferenceSurface,1000,1,1869,1868,1866,1868,1854,13096019322678,16.666397,16.673300,,0.483400,0.581400,
13,CReferenceSurface,1000,1,1870,1869,1867,1869,1855,13096019489411,16.668303,16.664600,,0.404700,0.566100,
13,CReferenceSurface,1000,1,1871,1870,1868,1870,1856,13096019656057,16.665200,16.667000,,0.465900,0.668400,
13,CReferenceSurface,1000,1,1872,1871,1869,1871,1857,13096019822727,16.666595,16.667900,,0.492000,0.482000,
13,CReferenceSurface,1000,1,1873,1872,1870,1872,1858,13096019989406,16.666602,16.671400,,0.000000,0.479400,
13,CReferenceSurface,1000,1,1874,1873,1871,1873,1859,13096020156120,16.666802,16.659100,,0.387400,0.435500,
13,CReferenceSurface,1000,1,1875,1874,1872,1874,1860,13096020322711,16.667899,16.665000,,0.460900,0.508100,
13,CReferenceSurface,1000,1,1876,1875,1873,1875,1861,13096020489361,16.666802,16.662700,,0.429400,0.509000,
13,CReferenceSurface,1000,1,1877,1876,1874,1876,1862,13096020655988,16.666695,16.673200,,0.386900,0.496100,
13,CReferenceSurface,1000,1,1878,1877,1875,1877,1863,13096020822720,16.666703,16.668300,,0.448600,0.483700,
13,CReferenceSurface,1000,1,1879,1878,1876,1878,1864,13096020989403,16.666999,16.684600,,0.000000,0.695900,
13,CReferenceSurface,1000,1,1880,1879,1877,1879,1865,13096021156249,16.667899,16.657900,,0.703900,0.633400,
13,CReferenceSurface,1000,1,1881,1880,1878,1880,1866,13096021322828,16.666504,16.666900,,0.942800,0.991300,
13,CReferenceSurface,1000,1,1882,1881,1879,1881,1867,13096021489497,16.686395,16.666700,,1.147900,1.044800,
13,CReferenceSurface,1000,1,1883,1882,1880,1882,1868,13096021656164,16.666802,16.689600,,0.880700,1.004200,
13,CReferenceSurface,1000,1,1884,1883,1881,1883,1869,13096021823060,16.666099,16.665600,,0.876700,0.851500,
13,CReferenceSurface,1000,1,1885,1884,1882,1884,1870,13096021989716,16.667305,16.674300,,0.000000,0.757500,
13,CReferenceSurface,1000,1,1886,1885,1883,1885,1871,13096022156459,16.666397,16.667500,,0.648700,0.685400,
13,CReferenceSurface,1000,1,1887,1886,1884,1886,1872,13096022323134,16.666397,16.653700,,0.611300,0.568200,
13,CReferenceSurface,1000,1,1888,1887,1885,1887,1873,13096022489671,16.667206,16.672700,,0.612000,0.572700,
13,CReferenceSurface,1000,1,1889,1888,1886,1888,1874,13096022656398,16.666595,16.659500,,0.479900,0.512200,
13,CReferenceSurface,1000,1,1890,1889,1887,1889,1875,13096022822993,16.667502,16.709300,,0.459600,0.520400,
13,CReferenceSurface,1000,1,1891,1890,1888,1890,1876,13096022990086,16.665695,16.617600,,0.000000,0.516400,
13,CReferenceSurface,1000,1,1892,1891,1889,1891,1877,13096023156262,16.667603,16.669500,,0.435900,0.518300,
13,CReferenceSurface,1000,1,1893,1892,1890,1892,1878,13096023322957,16.667603,16.667700,,0.424100,0.511500,
13,CReferenceSurface,1000,1,1894,1893,1891,1893,1879,13096023489634,16.665200,16.667600,,0.423600,0.521400,
13,CReferenceSurface,1000,1,1895,1894,1892,1894,1880,13096023656310,16.666703,16.666700,,0.392500,0.456200,
13,CReferenceSurface,1000,1,1896,1895,1893,1895,1881,13096023822977,16.666794,16.683200,,0.456600,0.524000,
13,CReferenceSurface,1000,1,1897,1896,1894,1896,1882,13096023989809,16.666999,16.638000,,0.000000,0.453600,
13,CReferenceSurface,1000,1,1898,1897,1895,1897,1883,13096024156189,16.666405,16.668500,,0.393000,0.429700,
13,CReferenceSurface,1000,1,1899,1898,1896,1898,1884,13096024322874,16.666802,16.663400,,0.332600,0.409400,
13,CReferenceSurface,1000,1,1900,1899,1897,1899,1885,13096024489508,16.667496,16.672700,,0.393500,0.482400,
13,CReferenceSurface,1000,1,1901,1900,1898,1900,1886,13096024656235,16.666900,16.659600,,0.475100,0.692200,
13,CReferenceSurface,1000,1,1902,1901,1899,1901,1887,13096024822831,16.666405,16.670400,,0.466400,0.507600,
13,CReferenceSurface,1000,1,1903,1902,1900,1902,1888,13096024989535,16.666695,16.680600,,0.000000,0.542900,
13,CReferenceSurface,1000,1,1904,1903,1901,1903,1889,13096025156341,16.666602,16.661900,,0.448200,0.487500,
13,CReferenceSurface,1000,1,1905,1904,1902,1904,1890,13096025322960,16.667198,16.668200,,0.464300,0.515500,
13,CReferenceSurface,1000,1,1906,1905,1903,1905,1891,13096025489642,16.666001,16.665100,,0.653000,0.644200,
13,CReferenceSurface,1000,1,1907,1906,1904,1906,1892,13096025656293,16.666802,16.676800,,0.596500,0.604000,
13,CReferenceSurface,1000,1,1908,1907,1905,1907,1893,13096025823061,16.666802,16.665900,,0.525300,0.579300,
13,CReferenceSurface,1000,1,1909,1908,1906,1908,1894,13096025989720,16.667100,16.672900,,0.000000,0.573300,
13,CReferenceSurface,1000,1,1910,1909,1907,1909,1895,13096026156449,16.666900,16.649600,,0.469800,0.588200,
13,CReferenceSurface,1000,1,1911,1910,1908,1910,1896,13096026322945,16.666397,16.666400,,0.472300,0.518800,
13,CReferenceSurface,1000,1,1912,1911,1909,1911,1897,13096026489609,16.667800,16.669200,,0.466000,0.527300,
13,CReferenceSurface,1000,1,1913,1912,1910,1912,1898,13096026656301,16.666802,16.665600,,0.565200,0.560300,
13,CReferenceSurface,1000,1,1914,1913,1911,1913,1899,13096026822957,16.666397,16.673400,,0.491700,0.556600,
13,CReferenceSurface,1000,1,1915,1914,1912,1914,1900,13096026989691,16.666900,16.666700,,0.000000,0.556200,
13,CReferenceSurface,1000,1,1916,1915,1913,1915,1901,13096027156358,16.666602,16.665600,,0.459200,0.600200,
13,CReferenceSurface,1000,1,1917,1916,1914,1916,1902,13096027323014,16.666900,16.665100,,0.503100,0.526400,
13,CReferenceSurface,1000,1,1918,1917,1915,1917,1903,13096027489665,16.666299,16.668500,,0.486400,0.527700,
13,CReferenceSurface,1000,1,1919,1918,1916,1918,1904,13096027656350,16.667496,16.665400,,0.496800,0.546700,
13,CReferenceSurface,1000,1,1920,1919,1917,1919,1905,13096027823004,16.666900,16.667000,,0.493800,0.612600,
13,CReferenceSurface,1000,1,1921,1920,1918,1920,1906,13096027989674,16.666602,16.663000,,0.000000,0.699900,
13,CReferenceSurface,1000,1,1922,1921,1919,1921,1907,13096028156304,16.666999,16.670400,,0.531700,0.655500,
13,CReferenceSurface,1000,1,1923,1922,1920,1922,1908,13096028323008,16.667899,16.674500,,0.458800,0.506800,
13,CReferenceSurface,1000,1,1924,1923,1921,1923,1909,13096028489753,16.665002,16.656700,,0.453200,0.492900,
13,CReferenceSurface,1000,1,1925,1924,1922,1924,1910,13096028656320,16.667603,16.668500,,0.480300,0.556700,
13,CReferenceSurface,1000,1,1926,1925,1923,1925,1911,13096028823005,16.666198,16.678200,,0.769000,0.805200,
13,CReferenceSurface,1000,1,1927,1926,1924,1926,1912,13096028989787,16.666802,16.653400,,0.000000,0.629200,
13,CReferenceSurface,1000,1,1928,1927,1925,1927,1913,13096029156321,16.666900,16.681200,,0.527200,0.784400,
13,CReferenceSurface,1000,1,1929,1928,1926,1928,1914,13096029323133,16.667198,16.658100,,0.484700,0.547100,
13,CReferenceSurface,1000,1,1930,1929,1927,1929,1915,13096029489714,16.666496,16.659300,,0.473400,0.498400,
13,CReferenceSurface,1000,1,1931,1930,1928,1930,1916,13096029656307,16.666405,16.666900,,0.455500,0.494100,
13,CReferenceSurface,1000,1,1932,1931,1929,1931,1917,13096029822976,16.666794,16.670600,,0.462800,0.500400,
13,CReferenceSurface,1000,1,1933,1932,1930,1932,1918,13096029989682,16.667105,16.660500,,0.000000,0.502700,
13,CReferenceSurface,1000,1,1934,1933,1931,1933,1919,13096030156287,16.666695,16.667400,,0.435700,0.495100,
13,CReferenceSurface,1000,1,1935,1934,1932,1934,1920,13096030322961,16.667100,16.665300,,0.429700,0.473000,
13,CReferenceSurface,1000,1,1936,1935,1933,1935,1921,13096030489614,16.666306,16.678900,,0.435200,0.533100,
13,CReferenceSurface,1000,1,1937,1936,1934,1936,1922,13096030656403,16.666299,16.657600,,0.402000,0.565100,
13,CReferenceSurface,1000,1,1938,1937,1935,1937,1923,13096030822979,16.666999,16.670800,,0.385200,0.445500,
13,CReferenceSurface,1000,1,1939,1938,1936,1938,1924,13096030989687,16.666999,16.660200,,0.000000,0.503600,
13,CReferenceSurface,1000,1,1940,1939,1937,1939,1925,13096031156289,16.667297,16.660500,,0.455400,0.485100,
13,CReferenceSurface,1000,1,1941,1940,1938,1940,1926,13096031322894,16.666900,16.670600,,0.433900,0.603100,
13,CReferenceSurface,1000,1,1942,1941,1939,1941,1927,13096031489600,16.666504,16.667700,,0.486700,0.559800,
13,CReferenceSurface,1000,1,1943,1942,1940,1942,1928,13096031656277,16.666802,16.677600,,0.492700,0.560100,
13,CReferenceSurface,1000,1,1944,1943,1941,1943,1929,13096031823053,16.666900,16.674100,,0.503400,0.604900,
13,CReferenceSurface,1000,1,1945,1944,1942,1944,1930,13096031989794,16.666496,16.659200,,0.000000,0.545800,
13,CReferenceSurface,1000,1,1946,1945,1943,1945,1931,13096032156386,16.666504,16.657000,,0.446100,0.499100,
13,CReferenceSurface,1000,1,1947,1946,1944,1946,1932,13096032322956,16.666794,16.690400,,0.425300,0.500500,
13,CReferenceSurface,1000,1,1948,1947,1945,1947,1933,13096032489860,16.667800,16.648900,,0.422900,0.536300,
13,CReferenceSurface,1000,1,1949,1948,1946,1948,1934,13096032656349,16.666802,16.661900,,0.659600,0.903200,
13,CReferenceSurface,1000,1,1950,1949,1947,1949,1935,13096032822968,16.667100,16.669400,,0.606800,0.696100,
13,CReferenceSurface,1000,1,1951,1950,1948,1950,1936,13096032989662,16.666504,22.661000,,0.000000,0.809300,
13,CReferenceSurface,1000,1,1952,1951,1949,1951,1937,13096033216272,16.784199,10.788300,,0.677000,0.744600,
13,CReferenceSurface,1000,1,1953,1952,1950,1952,1938,13096033324155,16.666198,16.631600,,0.564900,0.581900,
13,CReferenceSurface,1000,1,1954,1953,1951,1953,1939,13096033490471,16.666602,16.599100,,0.490800,0.549700,
13,CReferenceSurface,1000,1,1955,1954,1952,1954,1940,13096033656462,16.667297,16.789100,,0.457100,0.529600,
13,CReferenceSurface,1000,1,1956,1955,1953,1955,1941,13096033824353,16.666602,16.643000,,0.431900,0.902800,
13,CReferenceSurface,1000,1,1957,1956,1954,1956,1942,13096033990783,16.666397,16.668600,,0.000000,0.658400,
13,CReferenceSurface,1000,1,1958,1957,1955,1957,1943,13096034157469,16.666703,16.664500,,0.392300,0.476300,
13,CReferenceSurface,1000,1,1959,1958,1956,1958,1944,13096034324114,16.666999,16.698400,,0.385300,0.440000,
13,CReferenceSurface,1000,1,1960,1959,1957,1959,1945,13096034491098,16.666999,16.632600,,0.524700,0.563600,
13,CReferenceSurface,1000,1,1961,1960,1958,1960,1946,13096034657424,16.666496,16.667200,,0.380600,0.412000,
13,CReferenceSurface,1000,1,1962,1961,1959,1961,1947,13096034824096,16.666602,16.669500,,0.420900,0.425600,
13,CReferenceSurface,1000,1,1963,1962,1960,1962,1948,13096034990791,16.666999,16.665100,,0.000000,0.457400,
13,CReferenceSurface,1000,1,1964,1963,1961,1963,1949,13096035157442,16.666602,16.670200,,0.386300,0.429700,
13,CReferenceSurface,1000,1,1965,1964,1962,1964,1950,13096035324144,16.666595,16.666900,,0.386000,0.423700,
13,CReferenceSurface,1000,1,1966,1965,1963,1965,1951,13096035490813,16.666703,16.664300,,0.398900,0.490700,
13,CReferenceSurface,1000,1,1967,1966,1964,1966,1952,13096035657456,16.666999,16.664700,,0.434500,0.484400,
13,CReferenceSurface,1000,1,1968,1967,1965,1967,1953,13096035824103,16.666703,16.668200,,0.436800,0.573400,
14,CReferenceSurface,1000,4,2000,1999,1997,1999,1984,13096041669324,16.666695,16.666200,,0.441800,0.427100,
14,CReferenceSurface,1000,4,2001,2000,1998,2000,1985,13096041835986,16.666504,16.695600,,0.451800,0.432000,
14,CReferenceSurface,1000,4,2002,2001,1999,2001,1986,13096042002942,16.666602,16.663100,,0.000000,0.475800,
14,CReferenceSurface,1000,4,2003,2002,2000,2002,1987,13096042169573,16.666695,16.644600,,0.459800,0.465600,
14,CReferenceSurface,1000,4,2004,2003,2001,2003,1988,13096042336019,16.667100,16.664400,,0.455300,0.513900,
14,CReferenceSurface,1000,4,2005,2004,2002,2004,1989,13096042502663,16.666504,16.662200,,0.404000,0.434600,
14,CReferenceSurface,1000,4,2006,2005,2003,2005,1990,13096042669285,16.666900,16.667700,,0.557200,0.436600,
14,CReferenceSurface,1000,4,2007,2006,2004,2006,1991,13096042835962,16.666496,16.671100,,0.375800,0.422300,
14,CReferenceSurface,1000,4,2008,2007,2005,2007,1992,13096043002673,16.667206,16.667400,,0.000000,0.417200,
14,CReferenceSurface,1000,4,2009,2008,2006,2008,1993,13096043169347,16.666695,16.682800,,0.379300,0.424800,
14,CReferenceSurface,1000,4,2010,2009,2007,2009,1994,13096043336175,16.667198,16.642500,,0.440800,0.481800,
14,CReferenceSurface,1000,4,2011,2010,2008,2010,1995,13096043502600,16.666802,16.672600,,0.426100,0.493100,
14,CReferenceSurface,1000,4,2012,2011,2009,2011,1996,13096043669326,16.667206,16.674900,,0.455700,0.543500,
14,CReferenceSurface,1000,4,2013,2012,2010,2012,1997,13096043836075,16.666695,16.686500,,0.549600,0.587100,
14,CReferenceSurface,1000,4,2014,2013,2011,2013,1998,13096044002940,16.667100,16.649800,,0.000000,0.588000,
14,CReferenceSurface,1000,4,2015,2014,2012,2014,1999,13096044169438,16.666405,16.674400,,0.818800,0.830700,
14,CReferenceSurface,1000,4,2016,2015,2013,2015,2000,13096044336182,16.666802,16.666700,,0.550500,0.628200,
14,CReferenceSurface,1000,4,2017,2016,2014,2016,2001,13096044502849,16.666794,16.673800,,0.574100,0.780800,
14,CReferenceSurface,1000,4,2018,2017,2015,2017,2002,13096044669587,16.666900,16.658700,,0.522700,0.545800,
14,CReferenceSurface,1000,4,2019,2018,2016,2018,2003,13096044836174,16.666900,16.661400,,0.623000,0.738500,
14,CReferenceSurface,1000,4,2020,2019,2017,2019,2004,13096045002788,16.666802,16.671800,,0.000000,0.592700,
14,CReferenceSurface,1000,4,2021,2020,2018,2020,2005,13096045169506,16.666299,16.659500,,0.498700,0.559100,
14,CReferenceSurface,1000,4,2022,2021,2019,2021,2006,13096045336101,16.666405,16.671000,,0.484700,0.512800,
14,CReferenceSurface,1000,4,2023,2022,2020,2022,2007,13096045502811,16.667100,16.662500,,0.441500,0.544000,
14,CReferenceSurface,1000,4,2024,2023,2021,2023,2008,13096045669436,16.666802,16.666000,,0.445000,0.503100,
14,CReferenceSurface,1000,4,2025,2024,2022,2024,2009,13096045836096,16.666397,16.663400,,0.434200,0.475200,
14,CReferenceSurface,1000,4,2026,2025,2023,2025,2010,13096046002730,16.667100,16.664500,,0.000000,0.512600,
14,CReferenceSurface,1000,4,2027,2026,2024,2026,2011,13096046169375,16.667800,16.667300,,0.426600,0.461900,
14,CReferenceSurface,1000,4,2028,2027,2025,2027,2012,13096046336048,16.666099,16.667100,,0.514500,0.480300,
14,CReferenceSurface,1000,4,2029,2028,2026,2028,2013,13096046502719,16.666999,16.667000,,0.477700,0.496300,
14,CReferenceSurface,1000,4,2030,2029,2027,2029,2014,13096046669389,16.667198,16.687200,,0.800300,0.808400,
14,CReferenceSurface,1000,4,2031,2030,2028,2030,2015,13096046836261,16.666802,16.661700,,0.767500,0.815700,
14,CReferenceSurface,1000,4,2032,2031,2029,2031,2016,13096047002878,16.667502,16.668900,,0.000000,0.857200,
14,CReferenceSurface,1000,4,2033,2032,2030,2032,2017,13096047169567,16.667297,16.663300,,0.926100,0.860300,
14,CReferenceSurface,1000,4,2034,2033,2031,2033,2018,13096047336200,16.666504,16.733700,,1.001500,0.989100,
14,CReferenceSurface,1000,4,2035,2034,2032,2034,2019,13096047503537,16.667198,16.603600,,0.742000,0.782000,
14,CReferenceSurface,1000,4,2036,2035,2033,2035,2020,13096047669573,16.666703,16.674000,,1.159800,0.948400,
14,CReferenceSurface,1000,4,2037,2036,2034,2036,2021,13096047836313,16.666802,16.666100,,0.869400,0.826300,
14,CReferenceSurface,1000,4,2038,2037,2035,2037,2022,13096048002974,16.666794,16.670400,,0.000000,0.812300,
14,CReferenceSurface,1000,4,2039,2038,2036,2038,2023,13096048169678,16.666999,16.663200,,0.870900,0.731300,
14,CReferenceSurface,1000,4,2040,2039,2037,2039,2024,13096048336310,16.667206,16.662700,,0.818900,0.831100,
14,CReferenceSurface,1000,4,2041,2040,2038,2040,2025,13096048502937,16.666794,16.662600,,0.737700,0.913800,
14,CReferenceSurface,1000,4,2042,2041,2039,2041,2026,13096048669563,16.666900,16.669000,,0.813500,0.948900,
14,CReferenceSurface,1000,4,2043,2042,2040,2042,2027,13096048836253,16.667502,16.665900,,0.933800,0.776600,
14,CReferenceSurface,1000,4,2044,2043,2041,2043,2028,13096049002912,16.666900,16.663200,,0.000000,0.669700,
14,CReferenceSurface,1000,4,2045,2044,2042,2044,2029,13096049169544,16.666602,16.676800,,0.681700,0.602500,
14,CReferenceSurface,1000,4,2046,2045,2043,2045,2030,13096049336312,16.667100,16.659300,,0.610900,0.651400,
14,CReferenceSurface,1000,4,2047,2046,2044,2046,2031,13096049502905,16.666496,16.985700,,0.735300,0.862000,
14,CReferenceSurface,1000,4,2048,2047,2045,2047,2032,13096049672762,16.666405,16.356100,,0.634500,0.679600,
14,CReferenceSurface,1000,4,2049,2048,2046,2048,2033,13096049836323,16.666893,16.663700,,0.643400,0.690300,
14,CReferenceSurface,1000,4,2050,2049,2047,2049,2034,13096050002960,16.666900,16.663100,,0.000000,0.627700,
14,CReferenceSurface,1000,4,2051,2050,2048,2050,2035,13096050169591,16.666504,16.662200,,0.489900,0.508500,
14,CReferenceSurface,1000,4,2052,2051,2049,2051,2036,13096050336213,16.666703,16.661700,,0.483500,0.485200,
14,CReferenceSurface,1000,4,2053,2052,2050,2052,2037,13096050502830,16.666496,16.664600,,0.439700,0.488500,
14,CReferenceSurface,1000,4,2054,2053,2051,2053,2038,13096050669476,16.667297,16.665000,,0.418300,0.482800,
14,CReferenceSurface,1000,4,2055,2054,2052,2054,2039,13096050836126,16.666900,16.665400,,0.457200,0.504200,
14,CReferenceSurface,1000,4,2056,2055,2053,2055,2040,13096051002780,16.666999,16.664900,,0.000000,0.606300,
14,CReferenceSurface,1000,4,2057,2056,2054,2056,2041,13096051169429,16.667105,16.675300,,0.550100,0.587700,
14,CReferenceSurface,1000,4,2058,2057,2055,2057,2042,13096051336182,16.666695,16.671000,,0.620000,0.704600,
14,CReferenceSurface,1000,4,2059,2058,2056,2058,2043,13096051502892,16.702700,16.668300,,0.552000,0.718600,
14,CReferenceSurface,1000,4,2060,2059,2057,2059,2044,13096051669575,16.666802,16.671800,,0.875000,0.871500,
14,CReferenceSurface,1000,4,2061,2060,2058,2060,2045,13096051836293,16.666703,16.661400,,0.726100,0.679000,
14,CReferenceSurface,1000,4,2062,2061,2059,2061,2046,13096052002907,16.666397,16.712300,,0.000000,0.672200,
14,CReferenceSurface,1000,4,2063,2062,2060,2062,2047,13096052170030,16.666802,16.659100,,0.560100,0.547900,
14,CReferenceSurface,1000,4,2064,2063,2061,2063,2048,13096052336621,16.667100,16.665100,,0.527000,0.529300,
14,CReferenceSurface,1000,4,2065,2064,2062,2064,2049,13096052503272,16.666802,16.656200,,0.540700,0.546700,
14,CReferenceSurface,1000,4,2066,2065,2063,2065,2050,13096052669834,16.668197,16.672600,,0.524900,0.550200,
14,CReferenceSurface,1000,4,2067,2066,2064,2066,2051,13096052836560,16.665703,16.667100,,0.548500,0.554600,
14,CReferenceSurface,1000,4,2068,2067,2065,2067,2052,13096053003231,16.666900,16.666000,,0.000000,0.615600,
14,CReferenceSurface,1000,4,2069,2068,2066,2068,2053,13096053169891,16.666802,16.671300,,0.622400,0.663600,
14,CReferenceSurface,1000,4,2070,2069,2067,2069,2054,13096053336604,16.666999,16.671100,,0.709900,0.645100,
14,CReferenceSurface,1000,4,2071,2070,2068,2070,2055,13096053503315,16.667198,16.665200,,0.961100,0.829900,
14,CReferenceSurface,1000,4,2072,2071,2069,2071,2056,13096053669967,16.666703,16.667300,,0.653200,0.690900,
14,CReferenceSurface,1000,4,2073,2072,2070,2072,2057,13096053836640,16.772201,16.668500,,0.673600,0.675700,
14,CReferenceSurface,1000,4,2074,2073,2071,2073,2058,13096054003325,16.666794,16.708300,,0.000000,0.829100,
14,CReferenceSurface,1000,4,2075,2074,2072,2074,2059,13096054170408,16.666802,16.626500,,0.635900,0.602900,
14,CReferenceSurface,1000,4,2076,2075,2073,2075,2060,13096054336673,16.667198,16.771300,,0.669300,0.886100,
14,CReferenceSurface,1000,4,2077,2076,2074,2076,2061,13096054504386,16.666504,16.670800,,0.908500,0.907200,
14,CReferenceSurface,1000,4,2078,2077,2075,2077,2062,13096054671094,16.666999,16.668000,,0.780600,0.711900,
14,CReferenceSurface,1000,4,2079,2078,2076,2078,2063,13096054837774,16.666900,16.668000,,0.875200,0.684300,
14,CReferenceSurface,1000,4,2080,2079,2077,2079,2064,13096055004454,16.666299,16.661000,,0.000000,0.720700,
14,CReferenceSurface,1000,4,2081,2080,2078,2080,2065,13096055171064,16.667403,16.664700,,0.624000,0.631400,
14,CReferenceSurface,1000,4,2082,2081,2079,2081,2066,13096055337711,16.666900,16.667000,,0.677200,1.304600,
14,CReferenceSurface,1000,4,2083,2082,2080,2082,2067,13096055504381,16.667297,16.665600,,0.976100,0.847600,
14,CReferenceSurface,1000,4,2084,2083,2081,2083,2068,13096055671037,16.666703,16.671800,,0.941500,0.786400,
14,CReferenceSurface,1000,4,2085,2084,2082,2084,2069,13096055837755,16.666900,16.677600,,0.688300,0.691400,
14,CReferenceSurface,1000,4,2086,2085,2083,2085,2070,13096056004531,16.666794,16.659800,,0.000000,0.677100,
14,CReferenceSurface,1000,4,2087,2086,2084,2086,2071,13096056171129,16.666703,16.657700,,0.653400,0.734200,
14,CReferenceSurface,1000,4,2088,2087,2085,2087,2072,13096056337706,16.666999,16.671100,,0.686700,0.637100,
14,CReferenceSurface,1000,4,2089,2088,2086,2088,2073,13096056504417,16.724298,16.663600,,1.089900,0.935100,
14,CReferenceSurface,1000,4,2090,2089,2087,2089,2074,13096056671053,16.666900,16.665600,,0.758500,0.747800,
14,CReferenceSurface,1000,4,2091,2090,2088,2090,2075,13096056837709,16.666602,16.674500,,0.687400,0.776300,
14,CReferenceSurface,1000,4,2092,2091,2089,2091,2076,13096057004454,16.667100,16.722100,,0.000000,0.624700,
14,CReferenceSurface,1000,4,2093,2092,2090,2092,2077,13096057171675,16.666602,16.662500,,0.572600,0.581900,
14,CReferenceSurface,1000,4,2094,2093,2091,2093,2078,13096057338300,16.666695,16.662400,,0.552800,0.570000,
14,CReferenceSurface,1000,4,2095,2094,2092,2094,2079,13096057504924,16.666802,16.668200,,0.551900,0.545100,
14,CReferenceSurface,1000,4,2096,2095,2093,2095,2080,13096057671606,16.667198,16.665200,,0.551500,0.757100,
14,CReferenceSurface,1000,4,2097,2096,2094,2096,2081,13096057838258,16.667502,16.663300,,0.821700,0.987200,
14,CReferenceSurface,1000,4,2098,2097,2095,2097,2082,13096058004891,16.666802,16.671500,,0.000000,0.709700,
14,CReferenceSurface,1000,4,2099,2098,2096,2098,2083,13096058171606,16.666999,16.674500,,0.974600,0.827300,
14,CReferenceSurface,1000,4,2100,2099,2097,2099,2084,13096058338351,16.667396,16.664900,,0.713400,0.807300,
14,CReferenceSurface,1000,4,2101,2100,2098,2100,2085,13096058505000,16.667701,16.677300,,0.885900,0.840700,
14,CReferenceSurface,1000,4,2102,2101,2099,2101,2086,13096058671773,16.666099,16.656300,,0.963000,0.790200,
14,CReferenceSurface,1000,4,2103,2102,2100,2102,2087,13096058838336,16.667305,16.677200,,0.878900,0.834800,
14,CReferenceSurface,1000,4,2104,2103,2101,2103,2088,13096059005108,16.666999,16.675600,,0.000000,0.948300,
14,CReferenceSurface,1000,4,2105,2104,2102,2104,2089,13096059171864,16.666397,16.664600,,1.070200,1.020400,
14,CReferenceSurface,1000,4,2106,2105,2103,2105,2090,13096059338510,16.667297,16.665500,,0.771900,0.830500,
14,CReferenceSurface,1000,4,2107,2106,2104,2106,2091,13096059505165,16.667603,16.665300,,0.791000,0.880400,
14,CReferenceSurface,1000,4,2108,2107,2105,2107,2092,13096059671818,16.666703,16.667400,,1.231100,1.312000,
14,CReferenceSurface,1000,4,2109,2108,2106,2108,2093,13096059838492,16.744196,16.658200,,1.131100,0.915700,
14,CReferenceSurface,1000,4,2110,2109,2107,2109,2094,13096060005074,16.666802,16.752900,,0.000000,1.106600,
14,CReferenceSurface,1000,4,2111,2110,2108,2110,2095,13096060172603,16.666802,16.596500,,1.048500,0.957000,
14,CReferenceSurface,1000,4,2112,2111,2109,2111,2096,13096060338568,16.666802,16.757000,,1.049500,0.897000,
14,CReferenceSurface,1000,4,2113,2112,2110,2112,2097,13096060506138,16.666802,16.641700,,0.855400,0.943200,
14,CReferenceSurface,1000,4,2114,2113,2111,2113,2098,13096060672555,16.666794,16.671700,,1.003700,0.790200,
14,CReferenceSurface,1000,4,2115,2114,2112,2114,2099,13096060839272,16.666703,16.660500,,0.713800,0.750200,
14,CReferenceSurface,1000,4,2116,2115,2113,2115,2100,13096061005877,16.666900,16.667700,,0.000000,0.640400,
14,CReferenceSurface,1000,4,2117,2116,2114,2116,2101,13096061172554,16.666900,16.658300,,0.612100,0.688400,
14,CReferenceSurface,1000,4,2118,2117,2115,2117,2102,13096061339137,16.667496,16.668200,,0.671000,0.728400,
14,CReferenceSurface,1000,4,2119,2118,2116,2118,2103,13096061505819,16.666602,16.664300,,0.756200,0.712600,
15,CReferenceSurface,1000,8,2151,2150,2148,2150,2134,13096068183888,16.666703,16.656900,,0.000000,0.740600,
15,CReferenceSurface,1000,8,2152,2151,2149,2151,2135,13096068350457,16.666999,16.664000,,0.705500,1.012600,
15,CReferenceSurface,1000,8,2153,2152,2150,2152,2136,13096068517097,16.667297,16.668400,,0.917900,0.726500,
15,CReferenceSurface,1000,8,2154,2153,2151,2153,2137,13096068683781,16.667105,16.665400,,0.760100,0.905000,
15,CReferenceSurface,1000,8,2155,2154,2152,2154,2138,13096068850435,16.666299,16.665000,,0.726300,0.873000,
15,CReferenceSurface,1000,8,2156,2155,2153,2155,2139,13096069017085,16.666999,16.673500,,0.773500,0.766300,
15,CReferenceSurface,1000,8,2157,2156,2154,2156,2140,13096069183820,16.666802,16.660100,,0.000000,0.746200,
15,CReferenceSurface,1000,8,2158,2157,2155,2157,2141,13096069350421,16.666695,16.668100,,0.677000,0.684200,
15,CReferenceSurface,1000,8,2159,2158,2156,2158,2142,13096069517102,16.666802,16.669400,,0.778000,0.878700,
15,CReferenceSurface,1000,8,2160,2159,2157,2159,2143,13096069683796,16.666802,16.659400,,0.719800,0.719100,
15,CReferenceSurface,1000,8,2161,2160,2158,2160,2144,13096069850390,16.666802,16.671500,,0.748100,0.761800,
15,CReferenceSurface,1000,8,2162,2161,2159,2161,2145,13096070017105,16.666900,16.664100,,0.709700,0.711000,
15,CReferenceSurface,1000,8,2163,2162,2160,2162,2146,13096070183746,16.666595,16.668600,,0.000000,0.700800,
15,CReferenceSurface,1000,8,2164,2163,2161,2163,2147,13096070350432,16.667502,16.669200,,0.646700,0.699700,
15,CReferenceSurface,1000,8,2165,2164,2162,2164,2148,13096070517124,16.667198,16.665100,,0.942000,0.947700,
15,CReferenceSurface,1000,8,2166,2165,2163,2165,2149,13096070683775,16.666602,16.660300,,0.963400,1.004900,
15,CReferenceSurface,1000,8,2167,2166,2164,2166,2150,13096070850378,16.667198,16.685100,,0.767500,0.937100,
15,CReferenceSurface,1000,8,2168,2167,2165,2167,2151,13096071017229,16.666900,16.659100,,0.878100,0.803000,
15,CReferenceSurface,1000,8,2169,2168,2166,2168,2152,13096071183820,16.666999,16.662400,,0.000000,0.807800,
15,CReferenceSurface,1000,8,2170,2169,2167,2169,2153,13096071350444,16.666504,16.674600,,0.678400,0.764800,
15,CReferenceSurface,1000,8,2171,2170,2168,2170,2154,13096071517190,16.667100,16.658100,,0.683500,0.777200,
15,CReferenceSurface,1000,8,2172,2171,2169,2171,2155,13096071683771,16.667800,16.666200,,1.180500,0.906600,
15,CReferenceSurface,1000,8,2173,2172,2170,2172,2156,13096071850433,16.666695,16.667600,,1.019100,1.002700,
15,CReferenceSurface,1000,8,2174,2173,2171,2173,2157,13096072017109,16.668105,16.679300,,1.184100,1.076800,
15,CReferenceSurface,1000,8,2175,2174,2172,2174,2158,13096072183902,16.666299,16.676900,,0.000000,1.317600,
15,CReferenceSurface,1000,8,2176,2175,2173,2175,2159,13096072350671,16.666999,16.659300,,0.904200,1.043800,
15,CReferenceSurface,1000,8,2177,2176,2174,2176,2160,13096072517264,16.667396,16.686600,,1.380500,1.117600,
15,CReferenceSurface,1000,8,2178,2177,2175,2177,2161,13096072684130,16.666198,16.643700,,1.537200,2.394600,
15,CReferenceSurface,1000,8,2179,2178,2176,2178,2162,13096072850567,16.667206,16.676800,,1.339600,1.505000,
15,CReferenceSurface,1000,8,2180,2179,2177,2179,2163,13096073017335,16.739499,16.683500,,1.922200,1.031000,
15,CReferenceSurface,1000,8,2181,2180,2178,2180,2164,13096073184170,16.667999,16.651300,,0.000000,1.278800,
15,CReferenceSurface,1000,8,2182,2181,2179,2181,2165,13096073350683,16.668098,16.661400,,1.183900,1.090500,
15,CReferenceSurface,1000,8,2183,2182,2180,2182,2166,13096073517297,16.665801,16.736300,,1.317400,1.374500,
15,CReferenceSurface,1000,8,2184,2183,2181,2183,2167,13096073684660,16.666198,16.686800,,1.236100,1.069800,
15,CReferenceSurface,1000,8,2185,2184,2182,2184,2168,13096073851528,16.666602,16.675500,,1.201100,1.079600,
15,CReferenceSurface,1000,8,2186,2185,2183,2185,2169,13096074018283,16.667603,16.674200,,1.221700,1.338600,
15,CReferenceSurface,1000,8,2187,2186,2184,2186,2170,13096074185025,16.667100,16.639000,,0.000000,1.756600,
15,CReferenceSurface,1000,8,2188,2187,2185,2187,2171,13096074351415,16.666595,16.680600,,1.166800,1.147200,
15,CReferenceSurface,1000,8,2189,2188,2186,2188,2172,13096074518221,16.666802,16.651500,,1.267900,1.154100,
15,CReferenceSurface,1000,8,2190,2189,2187,2189,2173,13096074684736,16.671499,16.662100,,1.348600,1.145200,
15,CReferenceSurface,1000,8,2191,2190,2188,2190,2174,13096074851357,16.666001,16.667900,,1.260700,1.289100,
15,CReferenceSurface,1000,8,2192,2191,2189,2191,2175,13096075018036,16.667800,16.663700,,1.014100,1.294500,
15,CReferenceSurface,1000,8,2193,2192,2190,2192,2176,13096075184673,16.667603,16.693500,,0.000000,1.419700,
15,CReferenceSurface,1000,8,2194,2193,2191,2193,2177,13096075351608,16.668998,16.640900,,1.134200,1.509000,
15,CReferenceSurface,1000,8,2195,2194,2192,2194,2178,13096075518017,16.663499,16.676900,,1.253000,0.999000,
15,CReferenceSurface,1000,8,2196,2195,2193,2195,2179,13096075684786,16.667701,16.681100,,0.978400,0.893900,
15,CReferenceSurface,1000,8,2197,2196,2194,2196,2180,13096075851597,16.666299,17.005300,,1.236700,1.021400,
15,CReferenceSurface,1000,8,2198,2197,2195,2197,2181,13096076021650,16.667603,16.299000,,1.202600,1.292200,
15,CReferenceSurface,1000,8,2199,2198,2196,2198,2182,13096076184640,16.666496,16.678400,,0.000000,1.459800,
15,CReferenceSurface,1000,8,2200,2199,2197,2199,2183,13096076351424,16.667800,16.666900,,0.899600,0.905000,
15,CReferenceSurface,1000,8,2201,2200,2198,2200,2184,13096076518093,16.667105,16.668700,,1.040100,0.980100,
15,CReferenceSurface,1000,8,2202,2201,2199,2201,2185,13096076684780,16.665895,16.656200,,1.400400,1.196100,
15,CReferenceSurface,1000,8,2203,2202,2200,2202,2186,13096076851342,16.666802,16.701100,,0.851000,0.930400,
15,CReferenceSurface,1000,8,2204,2203,2201,2203,2187,13096077018353,16.668204,16.641800,,0.881000,1.050500,
15,CReferenceSurface,1000,8,2205,2204,2202,2204,2188,13096077184771,16.666397,16.655200,,0.000000,1.281300,
15,CReferenceSurface,1000,8,2206,2205,2203,2205,2189,13096077351323,16.666703,16.671100,,0.876500,0.990300,
15,CReferenceSurface,1000,8,2207,2206,2204,2206,2190,13096077518034,16.667899,16.683700,,1.305400,1.147900,
15,CReferenceSurface,1000,8,2208,2207,2205,2207,2191,13096077684871,16.666695,16.651800,,1.430300,1.181000,
15,CReferenceSurface,1000,8,2209,2208,2206,2208,2192,13096077851389,16.667502,16.843800,,0.863700,0.829100,
15,CReferenceSurface,1000,8,2210,2209,2207,2209,2193,13096078019827,16.666999,16.552600,,1.182300,0.908100,
15,CReferenceSurface,1000,8,2211,2210,2208,2210,2194,13096078185353,16.666999,16.599700,,0.000000,1.284200,
15,CReferenceSurface,1000,8,2212,2211,2209,2211,2195,13096078351350,16.667502,16.676800,,1.198800,0.953600,
15,CReferenceSurface,1000,8,2213,2212,2210,2212,2196,13096078518118,16.666496,16.669900,,1.041700,1.138000,
15,CReferenceSurface,1000,8,2214,2213,2211,2213,2197,13096078684817,16.666999,16.661300,,1.131200,1.053300,
15,CReferenceSurface,1000,8,2215,2214,2212,2214,2198,13096078851430,16.666900,16.706500,,1.057300,1.391100,
15,CReferenceSurface,1000,8,2216,2215,2213,2215,2199,13096079018495,16.666299,16.634900,,1.202000,1.030400,
15,CReferenceSurface,1000,8,2217,2216,2214,2216,2200,13096079184844,16.667502,16.668400,,0.000000,1.276700,
15,CReferenceSurface,1000,8,2218,2217,2215,2217,2201,13096079351528,16.666703,16.683100,,0.899700,1.073400,
15,CReferenceSurface,1000,8,2219,2218,2216,2218,2202,13096079518359,16.666900,16.642100,,0.887500,0.968600,
15,CReferenceSurface,1000,8,2220,2219,2217,2219,2203,13096079684780,16.666299,16.692000,,1.016900,1.034800,
15,CReferenceSurface,1000,8,2221,2220,2218,2220,2204,13096079851700,16.667496,16.641800,,1.137500,0.993900,
15,CReferenceSurface,1000,8,2222,2221,2219,2221,2205,13096080018118,16.685303,16.665000,,1.285400,1.133800,
15,CReferenceSurface,1000,8,2223,2222,2220,2222,2206,13096080184768,16.666999,16.667500,,0.000000,1.248300,
15,CReferenceSurface,1000,8,2224,2223,2221,2223,2207,13096080351443,16.667100,16.670700,,1.044700,1.102400,
15,CReferenceSurface,1000,8,2225,2224,2222,2224,2208,13096080518150,16.919402,16.686600,,1.235400,1.077400,
15,CReferenceSurface,1000,8,2226,2225,2223,2225,2209,13096080685016,16.667899,16.667100,,1.251500,1.345200,
15,CReferenceSurface,1000,8,2227,2226,2224,2226,2210,13096080851687,16.665902,16.669000,,1.421800,1.660000,
15,CReferenceSurface,1000,8,2228,2227,2225,2227,2211,13096081018377,16.666595,16.919600,,0.928800,0.969000,
15,CReferenceSurface,1000,8,2229,2228,2226,2228,2212,13096081187573,16.667502,16.664100,,0.000000,0.903300,
15,CReferenceSurface,1000,8,2230,2229,2227,2229,2213,13096081354214,16.667502,16.661900,,1.220300,1.059100,
15,CReferenceSurface,1000,8,2231,2230,2228,2230,2214,13096081520833,16.667396,16.670900,,1.343800,1.066700,
15,CReferenceSurface,1000,8,2232,2231,2229,2231,2215,13096081687542,16.666802,16.673100,,1.258300,1.027900,
15,CReferenceSurface,1000,8,2233,2232,2230,2232,2216,13096081854273,16.666198,16.667400,,1.169100,1.576600,
15,CReferenceSurface,1000,8,2234,2233,2231,2233,2217,13096082020947,16.667502,16.670200,,0.924300,1.246400,
15,CReferenceSurface,1000,8,2235,2234,2232,2234,2218,13096082187649,16.667100,16.666600,,0.000000,1.113400,
15,CReferenceSurface,1000,8,2236,2235,2233,2235,2219,13096082354315,16.667595,16.835600,,1.252300,1.495600,
15,CReferenceSurface,1000,8,2237,2236,2234,2236,2220,13096082522671,16.747300,16.491700,,1.310100,1.170900,
15,CReferenceSurface,1000,8,2238,2237,2235,2237,2221,13096082687588,16.668007,16.671100,,1.271200,1.506200,
15,CReferenceSurface,1000,8,2239,2238,2236,2238,2222,13096082854299,16.668700,16.724000,,1.023100,1.474900,
15,CReferenceSurface,1000,8,2240,2239,2237,2239,2223,13096083021539,16.664697,16.790200,,1.199500,1.017100,
15,CReferenceSurface,1000,8,2241,2240,2238,2240,2224,13096083189441,16.666802,16.572300,,0.000000,1.379100,
15,CReferenceSurface,1000,8,2242,2241,2239,2241,2225,13096083355164,16.666900,16.738100,,1.255900,1.476600,
15,CReferenceSurface,1000,8,2243,2242,2240,2242,2226,13096083522545,16.667595,16.590100,,1.111200,1.123200,
15,CReferenceSurface,1000,8,2244,2243,2241,2243,2227,13096083688446,16.711805,17.115800,,1.190700,1.189400,
15,CReferenceSurface,1000,8,2245,2244,2242,2244,2228,13096083859604,16.667999,16.301700,,1.265000,1.595400,
15,CReferenceSurface,1000,8,2246,2245,2243,2245,2229,13096084022621,16.666802,16.583800,,1.317200,1.107200,
15,CReferenceSurface,1000,8,2247,2246,2244,2246,2230,13096084188459,16.666198,16.735500,,0.000000,1.276700,
15,CReferenceSurface,1000,8,2248,2247,2245,2247,2231,13096084355814,16.667297,16.674800,,1.250600,1.129800,
15,CReferenceSurface,1000,8,2249,2248,2246,2248,2232,13096084522562,16.666802,16.657000,,1.368300,1.320700,
15,CReferenceSurface,1000,8,2250,2249,2247,2249,2233,13096084689132,16.667800,16.649700,,1.350000,1.134400,
15,CReferenceSurface,1000,8,2251,2250,2248,2250,2234,13096084855629,17.761996,16.659200,,1.616600,1.486200,
15,CReferenceSurface,1000,8,2252,2251,2249,2251,2235,13096085022221,16.668601,16.670600,,1.469300,1.567700,
15,CReferenceSurface,1000,8,2253,2252,2250,2252,2236,13096085188927,16.665604,16.692000,,0.000000,1.451500,
15,CReferenceSurface,1000,8,2254,2253,2251,2253,2237,13096085355847,16.667198,20.967600,,1.179800,1.173100,
15,CReferenceSurface,1000,8,2255,2254,2252,2254,2238,13096085565523,16.667198,13.570700,,1.279100,1.315100,
15,CReferenceSurface,1000,8,2256,2255,2253,2255,2239,13096085701230,16.666900,17.205300,,1.302800,1.782700,
15,CReferenceSurface,1000,8,2257,2256,2254,2256,2240,13096085873283,16.666999,16.074800,,1.158400,1.322700,
15,CReferenceSurface,1000,8,2258,2257,2255,2257,2241,13096086034031,16.667403,17.458300,,1.289200,1.187000,
15,CReferenceSurface,1000,8,2259,2258,2256,2258,2242,13096086208614,16.667800,15.796000,,0.000000,1.181500,
15,CReferenceSurface,1000,8,2260,2259,2257,2259,2243,13096086366574,16.666001,17.772000,,1.136900,1.074300,
15,CReferenceSurface,1000,8,2261,2260,2258,2260,2244,13096086544294,16.667694,15.598900,,1.233200,1.276900,
15,CReferenceSurface,1000,8,2262,2261,2259,2261,2245,13096086700283,16.666703,17.531800,,1.252200,2.137000,
15,CReferenceSurface,1000,8,2263,2262,2260,2262,2246,13096086875601,16.666504,16.219300,,1.152300,1.151800,
15,CReferenceSurface,1000,8,2264,2263,2261,2263,2247,13096087037794,16.668197,17.846000,,0.921900,1.254000,
15,CReferenceSurface,1000,8,2265,2264,2262,2264,2248,13096087216254,16.666496,15.034000,,0.000000,1.149700,
15,CReferenceSurface,1000,8,2266,2265,2263,2265,2249,13096087366594,16.798405,16.655800,,1.257800,1.594400,
15,CReferenceSurface,1000,8,2267,2266,2264,2266,2250,13096087533152,16.668297,16.712300,,1.241800,1.086400,
15,CReferenceSurface,1000,8,2268,2267,2265,2267,2251,13096087700275,16.669601,16.693100,,1.258500,1.325600,
15,CReferenceSurface,1000,8,2269,2268,2266,2268,2252,13096087867206,16.667100,17.353200,,1.344900,1.205300,
15,CReferenceSurface,1000,8,2270,2269,2267,2269,2253,13096088040738,16.708503,16.098600,,1.488400,1.532500,
16,CReferenceSurface,1000,16,2302,2301,2299,2301,2284,13096096368293,16.666999,16.674000,,1.245600,1.096100,
16,CReferenceSurface,1000,16,2303,2302,2300,2302,2285,13096096535033,16.666900,16.856700,,0.874400,0.875300,
16,CReferenceSurface,1000,16,2304,2303,2301,2303,2286,13096096703600,16.666703,16.953000,,0.916100,0.899000,
16,CReferenceSurface,1000,16,2305,2304,2302,2304,2287,13096096873130,16.666900,16.262400,,0.877100,0.876200,
16,CReferenceSurface,1000,16,2306,2305,2303,2305,2288,13096097035754,16.667496,16.671300,,0.900800,0.871700,
16,CReferenceSurface,1000,16,2307,2306,2304,2306,2289,13096097202467,16.666999,16.662200,,0.000000,0.922500,
16,CReferenceSurface,1000,16,2308,2307,2305,2307,2290,13096097369089,16.667403,16.670600,,0.905500,0.889800,
16,CReferenceSurface,1000,16,2309,2308,2306,2308,2291,13096097535795,16.666999,16.665200,,1.251500,0.995400,
16,CReferenceSurface,1000,16,2310,2309,2307,2309,2292,13096097702447,16.666595,16.672500,,1.069900,0.992000,
16,CReferenceSurface,1000,16,2311,2310,2308,2310,2293,13096097869172,16.666999,16.695200,,0.914900,0.909400,
16,CReferenceSurface,1000,16,2312,2311,2309,2311,2294,13096098036124,16.666703,16.655000,,0.878000,0.850600,
16,CReferenceSurface,1000,16,2313,2312,2310,2312,2295,13096098202674,16.666802,16.650200,,0.000000,0.981900,
16,CReferenceSurface,1000,16,2314,2313,2311,2313,2296,13096098369176,16.667198,16.666200,,1.042000,1.056000,
16,CReferenceSurface,1000,16,2315,2314,2312,2314,2297,13096098535838,16.666802,16.665700,,1.304900,1.190900,
16,CReferenceSurface,1000,16,2316,2315,2313,2315,2298,13096098702495,16.667603,16.666800,,0.992400,1.052500,
16,CReferenceSurface,1000,16,2317,2316,2314,2316,2299,13096098869163,16.666299,16.675400,,1.225900,1.038400,
16,CReferenceSurface,1000,16,2318,2317,2315,2317,2300,13096099035917,16.667396,16.663300,,0.922600,0.956800,
16,CReferenceSurface,1000,16,2319,2318,2316,2318,2301,13096099202550,16.666206,16.680400,,0.000000,1.010400,
16,CReferenceSurface,1000,16,2320,2319,2317,2319,2302,13096099369354,16.666794,16.647600,,0.957000,1.000400,
16,CReferenceSurface,1000,16,2321,2320,2318,2320,2303,13096099535830,16.666900,16.672800,,0.945600,0.963900,
16,CReferenceSurface,1000,16,2322,2321,2319,2321,2304,13096099702558,16.667502,16.662900,,0.903400,0.928400,
16,CReferenceSurface,1000,16,2323,2322,2320,2322,2305,13096099869187,16.666703,16.667400,,0.899400,0.971000,
16,CReferenceSurface,1000,16,2324,2323,2321,2323,2306,13096100035861,16.666794,16.663800,,0.877800,0.889200,
16,CReferenceSurface,1000,16,2325,2324,2322,2324,2307,13096100202499,16.667007,16.671900,,0.000000,0.865700,
16,CReferenceSurface,1000,16,2326,2325,2323,2325,2308,13096100369218,16.693899,16.662100,,0.785500,0.768900,
16,CReferenceSurface,1000,16,2327,2326,2324,2326,2309,13096100535839,16.667100,16.669700,,0.927300,0.815200,
16,CReferenceSurface,1000,16,2328,2327,2325,2327,2310,13096100702536,16.666900,16.667600,,0.939000,0.884300,
16,CReferenceSurface,1000,16,2329,2328,2326,2328,2311,13096100869212,16.666496,16.690700,,1.032700,1.005000,
16,CReferenceSurface,1000,16,2330,2329,2327,2329,2312,13096101036119,16.666802,16.682400,,0.846200,1.282000,
16,CReferenceSurface,1000,16,2331,2330,2328,2330,2313,13096101202943,16.666802,16.658700,,0.000000,0.948900,
16,CReferenceSurface,1000,16,2332,2331,2329,2331,2314,13096101369530,16.666999,16.660200,,0.747400,0.771300,
16,CReferenceSurface,1000,16,2333,2332,2330,2332,2315,13096101536132,16.666999,16.666800,,0.762700,0.913400,
16,CReferenceSurface,1000,16,2334,2333,2331,2333,2316,13096101702800,16.666703,16.664900,,0.827500,0.790500,
16,CReferenceSurface,1000,16,2335,2334,2332,2334,2317,13096101869449,16.666999,16.666800,,1.028900,0.956300,
16,CReferenceSurface,1000,16,2336,2335,2333,2335,2318,13096102036117,16.666695,16.672000,,0.838000,0.852900,
16,CReferenceSurface,1000,16,2337,2336,2334,2336,2319,13096102202837,16.666703,16.667000,,0.000000,0.959800,
16,CReferenceSurface,1000,16,2338,2337,2335,2337,2320,13096102369507,16.667701,16.665700,,0.774500,0.733900,
16,CReferenceSurface,1000,16,2339,2338,2336,2338,2321,13096102536164,16.666496,16.664500,,0.755900,0.769100,
16,CReferenceSurface,1000,16,2340,2339,2337,2339,2322,13096102702809,16.667206,16.667800,,0.993500,0.981500,
16,CReferenceSurface,1000,16,2341,2340,2338,2340,2323,13096102869487,16.668197,16.679600,,0.971600,0.949300,
16,CReferenceSurface,1000,16,2342,2341,2339,2341,2324,13096103036283,16.666397,16.654700,,1.393600,1.140200,
16,CReferenceSurface,1000,16,2343,2342,2340,2342,2325,13096103202830,16.667305,16.674200,,0.000000,1.396500,
16,CReferenceSurface,1000,16,2344,2343,2341,2343,2326,13096103369572,16.666001,16.685000,,1.002600,1.154200,
16,CReferenceSurface,1000,16,2345,2344,2342,2344,2327,13096103536422,16.667595,16.714400,,0.927000,1.023900,
16,CReferenceSurface,1000,16,2346,2345,2343,2345,2328,13096103703566,16.668404,16.603900,,1.263300,1.204700,
16,CReferenceSurface,1000,16,2347,2346,2344,2346,2329,13096103869605,16.665002,16.659900,,0.907500,1.108600,
16,CReferenceSurface,1000,16,2348,2347,2345,2347,2330,13096104036204,16.667297,16.673700,,0.927600,0.868400,
16,CReferenceSurface,1000,16,2349,2348,2346,2348,2331,13096104202941,16.666802,16.692600,,0.000000,0.886400,
16,CReferenceSurface,1000,16,2350,2349,2347,2349,2332,13096104369867,16.666504,16.634800,,0.862900,0.854600,
16,CReferenceSurface,1000,16,2351,2350,2348,2350,2333,13096104536215,16.666695,16.673200,,1.225600,1.092400,
16,CReferenceSurface,1000,16,2352,2351,2349,2351,2334,13096104702947,16.725000,16.660100,,0.878800,1.251500,
16,CReferenceSurface,1000,16,2353,2352,2350,2352,2335,13096104869548,16.667206,16.676600,,1.092600,1.074800,
16,CReferenceSurface,1000,16,2354,2353,2351,2353,2336,13096105036314,16.666794,16.660300,,0.902800,0.996600,
16,CReferenceSurface,1000,16,2355,2354,2352,2354,2337,13096105202917,16.666405,16.744400,,0.000000,1.059500,
16,CReferenceSurface,1000,16,2356,2355,2353,2355,2338,13096105370361,16.667198,16.646500,,0.890200,0.828400,
16,CReferenceSurface,1000,16,2357,2356,2354,2356,2339,13096105536826,16.666602,16.663000,,0.918400,0.851400,
16,CReferenceSurface,1000,16,2358,2357,2355,2357,2340,13096105703456,16.667496,16.672900,,0.881400,0.850000,
16,CReferenceSurface,1000,16,2359,2358,2356,2358,2341,13096105870185,16.666900,16.676500,,0.885800,1.179600,
16,CReferenceSurface,1000,16,2360,2359,2357,2359,2342,13096106036950,16.666602,16.651800,,0.927300,0.944900,
16,CReferenceSurface,1000,16,2361,2360,2358,2360,2343,13096106203468,16.666496,16.666800,,0.000000,0.793000,
16,CReferenceSurface,1000,16,2362,2361,2359,2361,2344,13096106370136,16.667403,16.668400,,0.577900,0.592200,
16,CReferenceSurface,1000,16,2363,2362,2360,2362,2345,13096106536820,16.666695,16.667200,,0.660800,0.642300,
16,CReferenceSurface,1000,16,2364,2363,2361,2363,2346,13096106703492,16.666602,16.655100,,1.103900,1.061900,
16,CReferenceSurface,1000,16,2365,2364,2362,2364,2347,13096106870043,16.667701,16.903000,,0.927100,0.999100,
16,CReferenceSurface,1000,16,2366,2365,2363,2365,2348,13096107039073,16.667899,16.444600,,1.196000,1.093100,
16,CReferenceSurface,1000,16,2367,2366,2364,2366,2349,13096107203519,16.665796,16.658600,,0.000000,1.125400,
16,CReferenceSurface,1000,16,2368,2367,2365,2367,2350,13096107370105,16.705804,16.676800,,1.051100,1.167300,
16,CReferenceSurface,1000,16,2369,2368,2366,2368,2351,13096107536873,16.668197,16.667700,,1.170000,3.683100,
16,CReferenceSurface,1000,16,2370,2369,2367,2369,2352,13096107703550,16.665604,16.665100,,1.314400,1.214000,
16,CReferenceSurface,1000,16,2371,2370,2368,2370,2353,13096107870201,16.666999,16.708000,,0.876300,0.961200,
16,CReferenceSurface,1000,16,2372,2371,2369,2371,2354,13096108037281,16.667297,16.705300,,0.871600,0.873100,
16,CReferenceSurface,1000,16,2373,2372,2370,2372,2355,13096108204334,16.666802,16.622500,,0.000000,0.813900,
16,CReferenceSurface,1000,16,2374,2373,2371,2373,2356,13096108370559,16.666198,16.671600,,0.830200,0.838000,
16,CReferenceSurface,1000,16,2375,2374,2372,2374,2357,13096108537275,16.667999,16.668100,,0.846600,0.848500,
16,CReferenceSurface,1000,16,2376,2375,2373,2375,2358,13096108703956,16.666405,16.668800,,1.133400,0.948400,
16,CReferenceSurface,1000,16,2377,2376,2374,2376,2359,13096108870644,16.667100,16.659900,,0.980800,0.975200,
16,CReferenceSurface,1000,16,2378,2377,2375,2377,2360,13096109037243,16.666496,16.683600,,1.438800,1.229900,
16,CReferenceSurface,1000,16,2379,2378,2376,2378,2361,13096109204079,16.666999,16.656100,,0.000000,1.068000,
16,CReferenceSurface,1000,16,2380,2379,2377,2379,2362,13096109370640,16.667206,16.666700,,1.106500,0.948400,
16,CReferenceSurface,1000,16,2381,2380,2378,2380,2363,13096109537307,16.666999,16.661700,,0.878900,0.932000,
16,CReferenceSurface,1000,16,2382,2381,2379,2381,2364,13096109703924,16.666900,16.740200,,0.890500,0.816100,
16,CReferenceSurface,1000,16,2383,2382,2380,2382,2365,13096109871326,16.667396,16.591900,,0.980900,0.839700,
16,CReferenceSurface,1000,16,2384,2383,2381,2383,2366,13096110037245,16.666299,16.667300,,1.153000,0.822900,
16,CReferenceSurface,1000,16,2385,2384,2382,2384,2367,13096110203918,16.667502,16.672500,,0.000000,0.838800,
16,CReferenceSurface,1000,16,2386,2385,2383,2385,2368,13096110370643,16.666602,16.677200,,0.914400,0.902300,
16,CReferenceSurface,1000,16,2387,2386,2384,2386,2369,13096110537415,16.666595,16.648900,,0.944200,0.865800,
16,CReferenceSurface,1000,16,2388,2387,2385,2387,2370,13096110703904,16.667403,16.681100,,0.846300,0.793000,
16,CReferenceSurface,1000,16,2389,2388,2386,2388,2371,13096110870715,16.666794,16.655400,,0.835500,0.838100,
16,CReferenceSurface,1000,16,2390,2389,2387,2389,2372,13096111037269,16.666504,16.667100,,0.660000,0.656600,
16,CReferenceSurface,1000,16,2391,2390,2388,2390,2373,13096111203940,16.666900,16.683500,,0.000000,0.660000,
16,CReferenceSurface,1000,16,2392,2391,2389,2391,2374,13096111370775,16.667496,16.645600,,0.883000,0.789000,
16,CReferenceSurface,1000,16,2393,2392,2390,2392,2375,13096111537231,16.666802,16.663300,,0.746200,1.019200,
16,CReferenceSurface,1000,16,2394,2393,2391,2393,2376,13096111703864,16.720004,16.670400,,0.980900,0.841500,
16,CReferenceSurface,1000,16,2395,2394,2392,2394,2377,13096111870568,16.666595,16.671600,,0.775100,0.888800,
16,CReferenceSurface,1000,16,2396,2395,2393,2395,2378,13096112037284,16.667502,16.699000,,0.763800,0.724600,
16,CReferenceSurface,1000,16,2397,2396,2394,2396,2379,13096112204274,16.666703,16.682400,,0.000000,0.853300,
16,CReferenceSurface,1000,16,2398,2397,2395,2397,2380,13096112371098,16.666999,16.664900,,0.860800,0.799200,
16,CReferenceSurface,1000,16,2399,2398,2396,2398,2381,13096112537747,16.666999,16.680100,,1.070300,0.903000,
16,CReferenceSurface,1000,16,2400,2399,2397,2399,2382,13096112704548,16.666299,16.661200,,0.844700,0.891800,
16,CReferenceSurface,1000,16,2401,2400,2398,2400,2383,13096112871160,16.666900,16.669000,,0.839100,0.946900,
16,CReferenceSurface,1000,16,2402,2401,2399,2401,2384,13096113037850,16.667396,16.660300,,0.932000,0.981100,
16,CReferenceSurface,1000,16,2403,2402,2400,2402,2385,13096113204453,16.666802,16.672400,,0.000000,1.023300,
16,CReferenceSurface,1000,16,2404,2403,2401,2403,2386,13096113371177,16.666999,16.663700,,0.845900,0.851800,
16,CReferenceSurface,1000,16,2405,2404,2402,2404,2387,13096113537814,16.666900,16.674500,,1.032600,0.875500,
16,CReferenceSurface,1000,16,2406,2405,2403,2405,2388,13096113704559,16.666802,16.666500,,0.820500,0.965900,
16,CReferenceSurface,1000,16,2407,2406,2404,2406,2389,13096113871224,16.667502,16.665700,,1.287200,1.088200,
16,CReferenceSurface,1000,16,2408,2407,2405,2407,2390,13096114037881,16.666794,16.693600,,1.179900,1.072800,
16,CReferenceSurface,1000,16,2409,2408,2406,2408,2391,13096114204817,16.667403,16.634300,,0.000000,0.983800,
16,CReferenceSurface,1000,16,2410,2409,2407,2409,2392,13096114371160,16.666703,16.675600,,0.899800,1.129100,
16,CReferenceSurface,1000,16,2411,2410,2408,2410,2393,13096114537916,16.666299,16.665200,,1.086900,0.904400,
16,CReferenceSurface,1000,16,2412,2411,2409,2411,2394,13096114704568,16.666900,16.683000,,1.177700,1.025900,
16,CReferenceSurface,1000,16,2413,2412,2410,2412,2395,13096114871398,16.667701,16.653700,,0.877300,0.842400,
16,CReferenceSurface,1000,16,2414,2413,2411,2413,2396,13096115037935,16.666794,16.660100,,0.960700,0.842500,
16,CReferenceSurface,1000,16,2415,2414,2412,2414,2397,13096115204536,16.667206,16.663000,,0.000000,1.518400,
16,CReferenceSurface,1000,16,2416,2415,2413,2415,2398,13096115371166,16.666900,16.691100,,1.412200,1.191100,
16,CReferenceSurface,1000,16,2417,2416,2414,2416,2399,13096115538077,16.666794,16.655400,,1.248900,1.069000,
16,CReferenceSurface,1000,16,2418,2417,2415,2417,2400,13096115704631,16.666703,16.666600,,0.863500,0.826800,
16,CReferenceSurface,1000,16,2419,2418,2416,2418,2401,13096115871297,16.672399,16.669100,,0.886300,1.003000,
16,CReferenceSurface,1000,16,2420,2419,2417,2419,2402,13096116037988,16.666900,16.658600,,1.269800,1.554900,
16,CReferenceSurface,1000,16,2421,2420,2418,2420,2403,13096116204574,16.666198,16.667200,,0.000000,1.184900,
16,CReferenceSurface,1000,16,2422,2421,2419,2421,2404,13096116371246,16.667502,16.677300,,1.224300,1.024500,
17,DImprovedSurface,100,1,2454,2453,2451,2453,2435,13096123117053,16.666198,16.675100,,1.383300,1.185000,
17,DImprovedSurface,100,1,2455,2454,2452,2454,2436,13096123283804,16.666703,16.644400,,0.940400,0.877800,
17,DImprovedSurface,100,1,2456,2455,2453,2455,2437,13096123450248,16.666595,16.677300,,0.978300,0.874000,
17,DImprovedSurface,100,1,2457,2456,2454,2456,2438,13096123617021,16.666900,16.653300,,0.789500,0.819700,
17,DImprovedSurface,100,1,2458,2457,2455,2457,2439,13096123783554,16.666504,16.661000,,0.000000,0.673900,
17,DImprovedSurface,100,1,2459,2458,2456,2458,2440,13096123950164,16.666794,16.670800,,0.612300,0.710500,
17,DImprovedSurface,100,1,2460,2459,2457,2459,2441,13096124116872,16.666900,16.660400,,0.607300,0.633000,
17,DImprovedSurface,100,1,2461,2460,2458,2460,2442,13096124283476,16.667305,16.664100,,0.610000,0.616600,
17,DImprovedSurface,100,1,2462,2461,2459,2461,2443,13096124450117,16.666595,16.668500,,0.570300,0.594600,
17,DImprovedSurface,100,1,2463,2462,2460,2462,2444,13096124616802,16.667800,16.664100,,0.544900,0.785100,
17,DImprovedSurface,100,1,2464,2463,2461,2463,2445,13096124783443,16.665703,16.665700,,0.000000,0.704600,
17,DImprovedSurface,100,1,2465,2464,2462,2464,2446,13096124950100,16.666496,16.664500,,0.846600,0.859900,
17,DImprovedSurface,100,1,2466,2465,2463,2465,2447,13096125116745,16.666900,16.707500,,0.582900,0.642300,
17,DImprovedSurface,100,1,2467,2466,2464,2466,2448,13096125283820,16.666900,16.637500,,0.575100,0.620700,
17,DImprovedSurface,100,1,2468,2467,2465,2467,2449,13096125450195,16.666602,16.660200,,0.596000,0.611800,
17,DImprovedSurface,100,1,2469,2468,2466,2468,2450,13096125616797,16.667198,16.663100,,0.575900,0.602800,
17,DImprovedSurface,100,1,2470,2469,2467,2469,2451,13096125783428,16.666602,16.669300,,0.000000,0.618300,
17,DImprovedSurface,100,1,2471,2470,2468,2470,2452,13096125950121,16.666794,16.664700,,0.574900,0.656800,
17,DImprovedSurface,100,1,2472,2471,2469,2471,2453,13096126116768,16.666900,16.669600,,0.577500,0.589800,
17,DImprovedSurface,100,1,2473,2472,2470,2472,2454,13096126283464,16.667305,16.667100,,0.569500,0.608300,
17,DImprovedSurface,100,1,2474,2473,2471,2473,2455,13096126450135,16.666695,16.668100,,0.549500,0.730300,
17,DImprovedSurface,100,1,2475,2474,2472,2474,2456,13096126616816,16.666504,16.663200,,0.573100,0.577400,
17,DImprovedSurface,100,1,2476,2475,2473,2475,2457,13096126783448,16.666299,16.671400,,0.000000,0.634200,
17,DImprovedSurface,100,1,2477,2476,2474,2476,2458,13096126950162,16.667297,16.663000,,0.498400,0.543400,
17,DImprovedSurface,100,1,2478,2477,2475,2477,2459,13096127116792,16.667305,16.665500,,0.468300,0.541400,
17,DImprovedSurface,100,1,2479,2478,2476,2478,2460,13096127283447,16.665498,16.656200,,0.449300,0.509700,
17,DImprovedSurface,100,1,2480,2479,2477,2479,2461,13096127450009,16.666999,16.671000,,0.450800,0.541700,
17,DImprovedSurface,100,1,2481,2480,2478,2480,2462,13096127616719,16.666602,16.664600,,0.477200,0.503300,
17,DImprovedSurface,100,1,2482,2481,2479,2481,2463,13096127783365,16.666999,16.666800,,0.000000,0.551800,
17,DImprovedSurface,100,1,2483,2482,2480,2482,2464,13096127950033,16.667396,16.668300,,0.475300,0.559400,
17,DImprovedSurface,100,1,2484,2483,2481,2483,2465,13096128116716,16.666504,16.664000,,0.543300,0.587700,
17,DImprovedSurface,100,1,2485,2484,2482,2484,2466,13096128283356,16.667297,16.676600,,0.595900,0.596100,
17,DImprovedSurface,100,1,2486,2485,2483,2485,2467,13096128450122,16.666198,16.666200,,0.584000,0.569600,
17,DImprovedSurface,100,1,2487,2486,2484,2486,2468,13096128616784,16.667105,16.670500,,0.581600,0.661600,
17,DImprovedSurface,100,1,2488,2487,2485,2487,2469,13096128783489,16.666695,16.663900,,0.000000,0.756100,
17,DImprovedSurface,100,1,2489,2488,2486,2488,2470,13096128950128,16.666703,16.680900,,0.560700,0.569500,
17,DImprovedSurface,100,1,2490,2489,2487,2489,2471,13096129116937,16.666999,16.654100,,0.595800,0.598000,
17,DImprovedSurface,100,1,2491,2490,2488,2490,2472,13096129283478,16.666496,16.666300,,0.617400,0.685400,
17,DImprovedSurface,100,1,2492,2491,2489,2491,2473,13096129450141,16.666900,16.666700,,0.583000,0.587800,
17,DImprovedSurface,100,1,2493,2492,2490,2492,2474,13096129616808,16.666999,16.665500,,0.566700,0.639800,
17,DImprovedSurface,100,1,2494,2493,2491,2493,2475,13096129783463,16.666602,16.665000,,0.000000,0.649000,
17,DImprovedSurface,100,1,2495,2494,2492,2494,2476,13096129950113,16.666900,16.667800,,0.552400,0.570500,
17,DImprovedSurface,100,1,2496,2495,2493,2495,2477,13096130116791,16.668502,16.671700,,0.547700,0.642300,
17,DImprovedSurface,100,1,2497,2496,2494,2496,2478,13096130283508,16.665101,16.659100,,0.550000,0.578200,
17,DImprovedSurface,100,1,2498,2497,2495,2497,2479,13096130450099,16.666397,16.669700,,0.609000,0.623200,
17,DImprovedSurface,100,1,2499,2498,2496,2498,2480,13096130616796,16.666802,16.703100,,0.514400,0.571300,
17,DImprovedSurface,100,1,2500,2499,2497,2499,2481,13096130783827,16.669601,16.633500,,0.000000,0.585100,
17,DImprovedSurface,100,1,2501,2500,2498,2500,2482,13096130950162,16.664697,16.661200,,0.576500,0.512300,
17,DImprovedSurface,100,1,2502,2501,2499,2501,2483,13096131116774,16.666802,16.668800,,0.479300,0.511800,
17,DImprovedSurface,100,1,2503,2502,2500,2502,2484,13096131283462,16.666703,16.685000,,0.459200,0.491700,
17,DImprovedSurface,100,1,2504,2503,2501,2503,2485,13096131450312,16.666900,16.664500,,0.465300,0.546500,
17,DImprovedSurface,100,1,2505,2504,2502,2504,2486,13096131616957,16.666999,16.643700,,0.459200,0.516500,
17,DImprovedSurface,100,1,2506,2505,2503,2505,2487,13096131783394,16.667297,16.669000,,0.000000,0.567300,
17,DImprovedSurface,100,1,2507,2506,2504,2506,2488,13096131950084,16.666397,16.668500,,0.526100,0.551300,
17,DImprovedSurface,100,1,2508,2507,2505,2507,2489,13096132116769,16.666703,16.670700,,0.548600,0.559500,
17,DImprovedSurface,100,1,2509,2508,2506,2508,2490,13096132283476,16.666999,16.668000,,0.565100,0.552700,
17,DImprovedSurface,100,1,2510,2509,2507,2509,2491,13096132450156,16.667502,16.667000,,0.578200,0.606000,
17,DImprovedSurface,100,1,2511,2510,2508,2510,2492,13096132616826,16.666595,16.666200,,0.979800,0.974300,
17,DImprovedSurface,100,1,2512,2511,2509,2511,2493,13096132783488,16.666802,16.667700,,0.000000,0.736200,
17,DImprovedSurface,100,1,2513,2512,2510,2512,2494,13096132950165,16.668800,16.681500,,0.626600,0.760400,
17,DImprovedSurface,100,1,2514,2513,2511,2513,2495,13096133116980,16.664803,16.655400,,0.573600,0.610300,
17,DImprovedSurface,100,1,2515,2514,2512,2514,2496,13096133283534,16.666595,16.664400,,0.550200,0.624600,
17,DImprovedSurface,100,1,2516,2515,2513,2515,2497,13096133450178,16.667105,16.677500,,0.544100,0.600300,
17,DImprovedSurface,100,1,2517,2516,2514,2516,2498,13096133616953,16.666893,16.652000,,0.558500,0.649200,
17,DImprovedSurface,100,1,2518,2517,2515,2517,2499,13096133783473,16.666405,16.666800,,0.000000,0.623500,
17,DImprovedSurface,100,1,2519,2518,2516,2518,2500,13096133950141,16.666900,16.667600,,0.554500,0.555900,
17,DImprovedSurface,100,1,2520,2519,2517,2519,2501,13096134116817,16.666802,16.668300,,0.660700,0.776600,
17,DImprovedSurface,100,1,2521,2520,2518,2520,2502,13096134283500,16.667198,16.664700,,0.604400,0.631300,
17,DImprovedSurface,100,1,2522,2521,2519,2521,2503,13096134450147,16.666595,16.672400,,0.592100,0.688500,
17,DImprovedSurface,100,1,2523,2522,2520,2522,2504,13096134616871,16.667603,16.667100,,0.660300,0.588300,
17,DImprovedSurface,100,1,2524,2523,2521,2523,2505,13096134783542,16.666703,16.666400,,0.000000,0.617700,
17,DImprovedSurface,100,1,2525,2524,2522,2524,2506,13096134950206,16.666703,16.666000,,0.578400,0.758100,
17,DImprovedSurface,100,1,2526,2525,2523,2525,2507,13096135116866,16.665895,16.666700,,0.716100,0.609000,
17,DImprovedSurface,100,1,2527,2526,2524,2526,2508,13096135283533,16.667800,16.668700,,0.570100,0.620700,
17,DImprovedSurface,100,1,2528,2527,2525,2527,2509,13096135450220,16.666405,16.664000,,0.569600,0.590300,
17,DImprovedSurface,100,1,2529,2528,2526,2528,2510,13096135616860,16.666999,16.663700,,0.540600,0.623500,
17,DImprovedSurface,100,1,2530,2529,2527,2529,2511,13096135783497,16.666695,16.669900,,0.000000,0.607500,
17,DImprovedSurface,100,1,2531,2530,2528,2530,2512,13096135950196,16.666900,16.667000,,0.541600,0.572200,
17,DImprovedSurface,100,1,2532,2531,2529,2531,2513,13096136116866,16.666900,16.668600,,0.559700,0.671100,
17,DImprovedSurface,100,1,2533,2532,2530,2532,2514,13096136283552,16.666099,16.662700,,0.585000,0.602900,
17,DImprovedSurface,100,1,2534,2533,2531,2533,2515,13096136450179,16.668303,16.671500,,0.560300,0.607400,
17,DImprovedSurface,100,1,2535,2534,2532,2534,2516,13096136616894,16.666397,16.667000,,0.978200,0.949300,
17,DImprovedSurface,100,1,2536,2535,2533,2535,2517,13096136783564,16.666504,16.660900,,0.000000,0.838100,
17,DImprovedSurface,100,1,2537,2536,2534,2536,2518,13096136950173,16.666999,16.685200,,0.629600,0.683100,
17,DImprovedSurface,100,1,2538,2537,2535,2537,2519,13096137117025,16.667595,16.659500,,0.581800,0.628300,
17,DImprovedSurface,100,1,2539,2538,2536,2538,2520,13096137283620,16.666602,16.660800,,0.834100,0.995400,
17,DImprovedSurface,100,1,2540,2539,2537,2539,2521,13096137450228,16.666099,16.669200,,0.802000,0.734700,
17,DImprovedSurface,100,1,2541,2540,2538,2540,2522,13096137616920,16.667198,16.672400,,0.625300,0.741300,
17,DImprovedSurface,100,1,2542,2541,2539,2541,2523,13096137783644,16.666602,16.664300,,0.000000,0.668600,
17,DImprovedSurface,100,1,2543,2542,2540,2542,2524,13096137950287,16.666999,16.657700,,0.551400,0.589000,
17,DImprovedSurface,100,1,2544,2543,2541,2543,2525,13096138116864,16.666802,16.670200,,0.560600,0.569400,
17,DImprovedSurface,100,1,2545,2544,2542,2544,2526,13096138283566,16.666496,16.664800,,0.561300,0.560000,
17,DImprovedSurface,100,1,2546,2545,2543,2545,2527,13096138450214,16.666703,16.667400,,0.549400,0.553500,
17,DImprovedSurface,100,1,2547,2546,2544,2546,2528,13096138616888,16.667297,16.665900,,0.551200,0.562000,
17,DImprovedSurface,100,1,2548,2547,2545,2547,2529,13096138783547,16.666602,16.669100,,0.000000,0.613300,
17,DImprovedSurface,100,1,2549,2548,2546,2548,2530,13096138950238,16.666802,16.664600,,0.530600,0.584700,
17,DImprovedSurface,100,1,2550,2549,2547,2549,2531,13096139116884,16.666695,16.678500,,0.531600,0.662700,
17,DImprovedSurface,100,1,2551,2550,2548,2550,2532,13096139283669,16.667105,16.656400,,0.540000,0.611200,
17,DImprovedSurface,100,1,2552,2551,2549,2551,2533,13096139450233,16.667999,16.667400,,0.576300,0.737600,
17,DImprovedSurface,100,1,2553,2552,2550,2552,2534,13096139616907,16.666496,16.666200,,0.573000,0.585300,
17,DImprovedSurface,100,1,2554,2553,2551,2553,2535,13096139783569,16.667305,16.669500,,0.000000,0.586000,
17,DImprovedSurface,100,1,2555,2554,2552,2554,2536,13096139950264,16.691001,16.673900,,0.517900,0.714400,
17,DImprovedSurface,100,1,2556,2555,2553,2555,2537,13096140117003,16.666893,16.655800,,0.523400,0.665800,
17,DImprovedSurface,100,1,2557,2556,2554,2556,2538,13096140283561,16.666602,16.668600,,0.551400,0.692600,
17,DImprovedSurface,100,1,2558,2557,2555,2557,2539,13096140450247,16.666802,16.690600,,0.552100,0.577200,
17,DImprovedSurface,100,1,2559,2558,2556,2558,2540,13096140617153,16.666703,16.667000,,0.561100,0.657600,
17,DImprovedSurface,100,1,2560,2559,2557,2559,2541,13096140783823,16.666794,16.729400,,0.000000,0.593500,
17,DImprovedSurface,100,1,2561,2560,2558,2560,2542,13096140951117,16.667105,16.602400,,0.547200,0.562400,
17,DImprovedSurface,100,1,2562,2561,2559,2561,2543,13096141117141,16.666595,16.668300,,0.618100,0.680800,
17,DImprovedSurface,100,1,2563,2562,2560,2562,2544,13096141283824,16.666802,16.665800,,0.560500,0.594600,
17,DImprovedSurface,100,1,2564,2563,2561,2563,2545,13096141450482,16.666802,16.668700,,0.579300,0.566600,
17,DImprovedSurface,100,1,2565,2564,2562,2564,2546,13096141617169,16.667297,16.668800,,0.617800,0.878700,
17,DImprovedSurface,100,1,2566,2565,2563,2565,2547,13096141783857,16.666397,16.665500,,0.000000,0.757300,
17,DImprovedSurface,100,1,2567,2566,2564,2566,2548,13096141950512,16.667206,16.705700,,0.565900,0.602000,
17,DImprovedSurface,100,1,2568,2567,2565,2567,2549,13096142117569,16.666299,16.719000,,0.595000,0.615400,
17,DImprovedSurface,100,1,2569,2568,2566,2568,2550,13096142284759,16.666900,16.573200,,0.522800,0.582000,
17,DImprovedSurface,100,1,2570,2569,2567,2569,2551,13096142450491,16.666900,16.695800,,0.589900,0.612700,
17,DImprovedSurface,100,1,2571,2570,2568,2570,2552,13096142617449,16.666595,16.638700,,0.577900,0.618000,
17,DImprovedSurface,100,1,2572,2571,2569,2571,2553,13096142783836,16.666703,16.691000,,0.000000,0.595900,
17,DImprovedSurface,100,1,2573,2572,2570,2572,2554,13096142950746,16.667305,16.645400,,0.525400,0.584500,
17,DImprovedSurface,100,1,2574,2573,2571,2573,2555,13096143117200,16.666496,16.662100,,0.550100,0.585300,
18,DImprovedSurface,100,4,2606,2605,2603,2605,2586,13096149020398,16.667198,16.670100,,0.487500,0.563200,
18,DImprovedSurface,100,4,2607,2606,2604,2606,2587,13096149187099,16.666504,16.669100,,0.000000,0.766900,
18,DImprovedSurface,100,4,2608,2607,2605,2607,2588,13096149353790,16.666695,16.662600,,0.468100,0.550900,
18,DImprovedSurface,100,4,2609,2608,2606,2608,2589,13096149520416,16.666802,16.670600,,0.470800,0.516900,
18,DImprovedSurface,100,4,2610,2609,2607,2609,2590,13096149687122,16.666504,16.664200,,0.545500,0.635700,
18,DImprovedSurface,100,4,2611,2610,2608,2610,2591,13096149853764,16.666999,16.667300,,0.444900,0.501600,
18,DImprovedSurface,100,4,2612,2611,2609,2611,2592,13096150020437,16.667100,16.663900,,0.455000,0.509200,
18,DImprovedSurface,100,4,2613,2612,2610,2612,2593,13096150187076,16.666299,16.663600,,0.000000,0.500100,
18,DImprovedSurface,100,4,2614,2613,2611,2613,2594,13096150353712,16.666900,16.669100,,0.438400,0.501500,
18,DImprovedSurface,100,4,2615,2614,2612,2614,2595,13096150520403,16.666703,16.679300,,0.499000,0.484000,
18,DImprovedSurface,100,4,2616,2615,2613,2615,2596,13096150687196,16.667297,16.652500,,0.446300,0.504500,
18,DImprovedSurface,100,4,2617,2616,2614,2616,2597,13096150853721,16.667100,16.668600,,0.458300,0.533800,
18,DImprovedSurface,100,4,2618,2617,2615,2617,2598,13096151020407,16.666001,16.664800,,0.553400,0.582700,
18,DImprovedSurface,100,4,2619,2618,2616,2618,2599,13096151187055,16.666900,16.670300,,0.000000,0.675900,
18,DImprovedSurface,100,4,2620,2619,2617,2619,2600,13096151353758,16.667305,16.674100,,0.725400,0.573300,
18,DImprovedSurface,100,4,2621,2620,2618,2620,2601,13096151520499,16.666099,16.659100,,0.502300,0.528900,
18,DImprovedSurface,100,4,2622,2621,2619,2621,2602,13096151687090,16.666794,16.664600,,0.475400,0.520400,
18,DImprovedSurface,100,4,2623,2622,2620,2622,2603,13096151853736,16.666405,16.705100,,0.471800,0.497200,
18,DImprovedSurface,100,4,2624,2623,2621,2623,2604,13096152020787,16.667297,16.647900,,0.456300,0.473700,
18,DImprovedSurface,100,4,2625,2624,2622,2624,2605,13096152187266,16.666504,16.646400,,0.000000,0.591600,
18,DImprovedSurface,100,4,2626,2625,2623,2625,2606,13096152353730,16.666496,16.666900,,0.465400,0.644400,
18,DImprovedSurface,100,4,2627,2626,2624,2626,2607,13096152520399,16.666900,16.669100,,0.453600,0.499700,
18,DImprovedSurface,100,4,2628,2627,2625,2627,2608,13096152687090,16.667403,16.664300,,0.455000,0.563000,
18,DImprovedSurface,100,4,2629,2628,2626,2628,2609,13096152853733,16.666595,16.667500,,0.453400,0.529900,
18,DImprovedSurface,100,4,2630,2629,2627,2629,2610,13096153020408,16.666299,16.666100,,0.441800,0.513600,
18,DImprovedSurface,100,4,2631,2630,2628,2630,2611,13096153187069,16.669700,16.668000,,0.000000,0.502000,
18,DImprovedSurface,100,4,2632,2631,2629,2631,2612,13096153353749,16.666703,16.667800,,0.475600,0.501900,
18,DImprovedSurface,100,4,2633,2632,2630,2632,2613,13096153520427,16.666703,16.663600,,0.447400,0.522700,
18,DImprovedSurface,100,4,2634,2633,2631,2633,2614,13096153687063,16.666999,16.672000,,0.467600,0.555100,
18,DImprovedSurface,100,4,2635,2634,2632,2634,2615,13096153853783,16.666999,16.664100,,0.483900,0.518900,
18,DImprovedSurface,100,4,2636,2635,2633,2635,2616,13096154020424,16.666198,16.671900,,0.484800,0.544200,
18,DImprovedSurface,100,4,2637,2636,2634,2636,2617,13096154187143,16.666900,16.665100,,0.000000,0.566300,
18,DImprovedSurface,100,4,2638,2637,2635,2637,2618,13096154353794,16.666602,16.665700,,0.513200,0.529600,
18,DImprovedSurface,100,4,2639,2638,2636,2638,2619,13096154520451,16.666900,16.673700,,0.572100,0.568000,
18,DImprovedSurface,100,4,2640,2639,2637,2639,2620,13096154687188,16.667100,16.663700,,0.550700,0.553000,
18,DImprovedSurface,100,4,2641,2640,2638,2640,2621,13096154853825,16.666794,16.669400,,0.623800,0.653300,
18,DImprovedSurface,100,4,2642,2641,2639,2641,2622,13096155020519,16.666602,16.667300,,0.684300,0.862200,
18,DImprovedSurface,100,4,2643,2642,2640,2642,2623,13096155187192,16.666900,16.669500,,0.000000,0.581200,
18,DImprovedSurface,100,4,2644,2643,2641,2643,2624,13096155353887,16.666900,16.669600,,0.612900,0.597400,
18,DImprovedSurface,100,4,2645,2644,2642,2644,2625,13096155520583,16.666602,16.660800,,0.863900,0.686700,
18,DImprovedSurface,100,4,2646,2645,2643,2645,2626,13096155687191,16.666794,16.668200,,0.665700,0.623200,
18,DImprovedSurface,100,4,2647,2646,2644,2646,2627,13096155853873,16.669203,16.684600,,0.600900,0.627800,
18,DImprovedSurface,100,4,2648,2647,2645,2647,2628,13096156020719,16.666397,16.649200,,0.604400,0.636100,
18,DImprovedSurface,100,4,2649,2648,2646,2648,2629,13096156187211,16.667100,16.663300,,0.000000,0.613200,
18,DImprovedSurface,100,4,2650,2649,2647,2649,2630,13096156353844,16.667206,16.672100,,0.548300,0.567200,
18,DImprovedSurface,100,4,2651,2650,2648,2650,2631,13096156520565,16.666299,16.664700,,0.573500,0.597100,
18,DImprovedSurface,100,4,2652,2651,2649,2651,2632,13096156687212,16.668998,16.662100,,0.547300,0.621200,
18,DImprovedSurface,100,4,2653,2652,2650,2652,2633,13096156853833,16.664201,16.671800,,0.525000,0.569100,
18,DImprovedSurface,100,4,2654,2653,2651,2653,2634,13096157020551,16.666999,16.667500,,0.484500,0.522500,
18,DImprovedSurface,100,4,2655,2654,2652,2654,2635,13096157187226,16.667198,16.670400,,0.000000,0.493400,
18,DImprovedSurface,100,4,2656,2655,2653,2655,2636,13096157353930,16.666206,16.655100,,0.481200,0.539000,
18,DImprovedSurface,100,4,2657,2656,2654,2656,2637,13096157520481,16.666999,16.668700,,0.489700,0.490200,
18,DImprovedSurface,100,4,2658,2657,2655,2657,2638,13096157687168,16.667100,16.666700,,0.486400,0.583900,
18,DImprovedSurface,100,4,2659,2658,2656,2658,2639,13096157853835,16.666900,16.666800,,0.524800,0.724600,
18,DImprovedSurface,100,4,2660,2659,2657,2659,2640,13096158020503,16.666496,16.671000,,0.540700,0.556100,
18,DImprovedSurface,100,4,2661,2660,2658,2660,2641,13096158187213,16.667100,16.669300,,0.000000,0.612000,
18,DImprovedSurface,100,4,2662,2661,2659,2661,2642,13096158353906,16.666602,16.666800,,0.574000,0.564400,
18,DImprovedSurface,100,4,2663,2662,2660,2662,2643,13096158520574,16.667100,16.665800,,0.743500,0.818300,
18,DImprovedSurface,100,4,2664,2663,2661,2663,2644,13096158687232,16.666999,16.667500,,0.774600,0.754900,
18,DImprovedSurface,100,4,2665,2664,2662,2664,2645,13096158853907,16.666602,16.667000,,0.666200,0.665800,
18,DImprovedSurface,100,4,2666,2665,2663,2665,2646,13096159020577,16.666695,16.672300,,0.618900,0.596400,
18,DImprovedSurface,100,4,2667,2666,2664,2666,2647,13096159187300,16.666602,16.663600,,0.000000,0.594500,
18,DImprovedSurface,100,4,2668,2667,2665,2667,2648,13096159353936,16.666602,16.664600,,0.556100,0.589100,
18,DImprovedSurface,100,4,2669,2668,2666,2668,2649,13096159520582,16.667100,16.665700,,0.573900,0.642000,
18,DImprovedSurface,100,4,2670,2669,2667,2669,2650,13096159687239,16.666802,16.665700,,0.593900,0.614800,
18,DImprovedSurface,100,4,2671,2670,2668,2670,2651,13096159853896,16.666893,16.667900,,0.601400,0.609600,
18,DImprovedSurface,100,4,2672,2671,2669,2671,2652,13096160020575,16.667603,16.670600,,0.671700,0.672600,
18,DImprovedSurface,100,4,2673,2672,2670,2672,2653,13096160187281,16.666802,16.664200,,0.000000,0.816700,
18,DImprovedSurface,100,4,2674,2673,2671,2673,2654,13096160353923,16.666802,16.668500,,0.568500,0.574700,
18,DImprovedSurface,100,4,2675,2674,2672,2674,2655,13096160520608,16.666802,16.674000,,0.561100,0.614700,
18,DImprovedSurface,100,4,2676,2675,2673,2675,2656,13096160687348,16.666999,16.658600,,0.535300,0.550900,
18,DImprovedSurface,100,4,2677,2676,2674,2676,2657,13096160853934,16.666299,16.666600,,0.558900,0.561800,
18,DImprovedSurface,100,4,2678,2677,2675,2677,2658,13096161020600,16.666900,16.667600,,0.551800,0.562100,
18,DImprovedSurface,100,4,2679,2678,2676,2678,2659,13096161187276,16.718602,16.664500,,0.000000,0.639200,
18,DImprovedSurface,100,4,2680,2679,2677,2679,2660,13096161353921,16.666900,16.667800,,0.538100,0.570700,
18,DImprovedSurface,100,4,2681,2680,2678,2680,2661,13096161520599,16.666695,16.667100,,0.552300,0.597800,
18,DImprovedSurface,100,4,2682,2681,2679,2681,2662,13096161687270,16.666900,16.716400,,0.540900,0.639900,
18,DImprovedSurface,100,4,2683,2682,2680,2682,2663,13096161854434,16.666802,16.674000,,0.706000,0.596700,
18,DImprovedSurface,100,4,2684,2683,2681,2683,2664,13096162021174,16.667100,16.670300,,0.550100,0.550000,
18,DImprovedSurface,100,4,2685,2684,2682,2684,2665,13096162187877,16.667100,16.657400,,0.000000,0.574800,
18,DImprovedSurface,100,4,2686,2685,2683,2685,2666,13096162354451,16.666306,16.666200,,0.659300,0.624900,
18,DImprovedSurface,100,4,2687,2686,2684,2686,2667,13096162521113,16.920997,16.669700,,0.574000,0.781800,
18,DImprovedSurface,100,4,2688,2687,2685,2687,2668,13096162687810,16.666602,16.667600,,1.124800,0.792900,
18,DImprovedSurface,100,4,2689,2688,2686,2688,2669,13096162854486,16.666595,16.667800,,0.681800,0.673800,
18,DImprovedSurface,100,4,2690,2689,2687,2689,2670,13096163021164,16.666802,16.998800,,0.699500,0.620900,
18,DImprovedSurface,100,4,2691,2690,2688,2690,2671,13096163191152,16.666504,16.584100,,0.000000,0.611700,
18,DImprovedSurface,100,4,2692,2691,2689,2691,2672,13096163356993,16.666999,16.663200,,0.583300,0.575200,
18,DImprovedSurface,100,4,2693,2692,2690,2692,2673,13096163523625,16.666900,16.680600,,0.562600,0.594700,
18,DImprovedSurface,100,4,2694,2693,2691,2693,2674,13096163690431,16.666999,16.654500,,0.572600,0.636000,
18,DImprovedSurface,100,4,2695,2694,2692,2694,2675,13096163856976,16.666496,16.668700,,0.568300,0.623100,
18,DImprovedSurface,100,4,2696,2695,2693,2695,2676,13096164023663,16.667100,16.666800,,0.566600,0.604500,
18,DImprovedSurface,100,4,2697,2696,2694,2696,2677,13096164190331,16.666900,16.686600,,0.000000,0.580400,
18,DImprovedSurface,100,4,2698,2697,2695,2697,2678,13096164357197,16.667403,16.644900,,0.664400,0.662500,
18,DImprovedSurface,100,4,2699,2698,2696,2698,2679,13096164523646,16.666900,16.667900,,0.872900,0.965700,
18,DImprovedSurface,100,4,2700,2699,2697,2699,2680,13096164690325,16.666595,16.669500,,0.851100,0.994400,
18,DImprovedSurface,100,4,2701,2700,2698,2700,2681,13096164857020,16.666802,16.679100,,0.737500,0.783100,
18,DImprovedSurface,100,4,2702,2701,2699,2701,2682,13096165023811,16.666496,16.667100,,0.680100,0.914600,
18,DImprovedSurface,100,4,2703,2702,2700,2702,2683,13096165190482,16.666802,16.666300,,0.000000,0.695400,
18,DImprovedSurface,100,4,2704,2703,2701,2703,2684,13096165357145,16.667305,16.655400,,0.586800,0.656100,
18,DImprovedSurface,100,4,2705,2704,2702,2704,2685,13096165523699,16.666695,16.675200,,0.606600,0.623500,
18,DImprovedSurface,100,4,2706,2705,2703,2705,2686,13096165690451,16.666802,16.659700,,0.659500,0.680300,
18,DImprovedSurface,100,4,2707,2706,2704,2706,2687,13096165857048,16.666504,16.671600,,0.585400,0.566900,
18,DImprovedSurface,100,4,2708,2707,2705,2707,2688,13096166023764,16.666999,16.664500,,0.590000,0.622300,
18,DImprovedSurface,100,4,2709,2708,2706,2708,2689,13096166190409,16.666802,16.662500,,0.000000,0.629400,
18,DImprovedSurface,100,4,2710,2709,2707,2709,2690,13096166357034,16.666794,16.667400,,0.718800,0.745900,
18,DImprovedSurface,100,4,2711,2710,2708,2710,2691,13096166523708,16.666703,16.680100,,0.615500,0.718400,
18,DImprovedSurface,100,4,2712,2711,2709,2711,2692,13096166690509,16.666602,16.659000,,0.605100,0.703600,
18,DImprovedSurface,100,4,2713,2712,2710,2712,2693,13096166857099,16.667396,16.664500,,0.589100,0.653400,
18,DImprovedSurface,100,4,2714,2713,2711,2713,2694,13096167023744,16.666703,16.665900,,0.552200,0.578800,
18,DImprovedSurface,100,4,2715,2714,2712,2714,2695,13096167190403,16.666802,16.665800,,0.000000,0.579700,
18,DImprovedSurface,100,4,2716,2715,2713,2715,2696,13096167357061,16.667595,16.664700,,0.460900,0.645100,
18,DImprovedSurface,100,4,2717,2716,2714,2716,2697,13096167523708,16.666099,16.659800,,0.481900,0.491900,
18,DImprovedSurface,100,4,2718,2717,2715,2717,2698,13096167690306,16.666900,16.669200,,0.517800,0.539700,
18,DImprovedSurface,100,4,2719,2718,2716,2718,2699,13096167856998,16.667100,16.672500,,0.465700,0.537600,
18,DImprovedSurface,100,4,2720,2719,2717,2719,2700,13096168023723,16.666206,16.663200,,0.418700,0.501800,
18,DImprovedSurface,100,4,2721,2720,2718,2720,2701,13096168190355,16.666496,16.661100,,0.000000,0.426200,
18,DImprovedSurface,100,4,2722,2721,2719,2721,2702,13096168356966,16.667100,16.670100,,0.470300,0.475300,
18,DImprovedSurface,100,4,2723,2722,2720,2722,2703,13096168523667,16.666602,16.660300,,0.416400,0.443000,
18,DImprovedSurface,100,4,2724,2723,2721,2723,2704,13096168690270,16.667496,16.670800,,0.378900,0.486100,
18,DImprovedSurface,100,4,2725,2724,2722,2724,2705,13096168856978,16.666206,16.662500,,0.429900,0.526500,
19,DImprovedSurface,100,8,2757,2756,2754,2756,2736,13096174621623,16.667100,16.669500,,0.362500,0.430100,
19,DImprovedSurface,100,8,2758,2757,2755,2757,2737,13096174788318,16.667999,16.671800,,0.000000,0.423200,
19,DImprovedSurface,100,8,2759,2758,2756,2758,2738,13096174955036,16.665298,16.661100,,0.441900,0.441700,
19,DImprovedSurface,100,8,2760,2759,2757,2759,2739,13096175121647,16.668601,16.666100,,0.395900,0.476900,
19,DImprovedSurface,100,8,2761,2760,2758,2760,2740,13096175288308,16.665703,16.699400,,0.447300,0.561700,
19,DImprovedSurface,100,8,2762,2761,2759,2761,2741,13096175455302,16.667198,16.635300,,0.451300,0.511100,
19,DImprovedSurface,100,8,2763,2762,2760,2762,2742,13096175621655,16.666703,16.674900,,0.530200,0.553600,
19,DImprovedSurface,100,8,2764,2763,2761,2763,2743,13096175788404,16.666794,16.668200,,0.000000,0.551600,
19,DImprovedSurface,100,8,2765,2764,2762,2764,2744,13096175955086,16.666703,16.669600,,0.497300,0.521400,
19,DImprovedSurface,100,8,2766,2765,2763,2765,2745,13096176121782,16.666602,16.667100,,0.482300,0.524100,
19,DImprovedSurface,100,8,2767,2766,2764,2766,2746,13096176288453,16.666794,16.665800,,0.506000,0.564700,
19,DImprovedSurface,100,8,2768,2767,2765,2767,2747,13096176455111,16.667701,16.664300,,0.479700,0.559900,
19,DImprovedSurface,100,8,2769,2768,2766,2768,2748,13096176621754,16.666099,16.665900,,0.538800,0.588900,
19,DImprovedSurface,100,8,2770,2769,2767,2769,2749,13096176788413,16.666703,16.670100,,0.000000,0.593400,
19,DImprovedSurface,100,8,2771,2770,2768,2770,2750,13096176955114,16.668404,16.667400,,0.491200,0.556100,
19,DImprovedSurface,100,8,2772,2771,2769,2771,2751,13096177121788,16.665399,16.665400,,0.484800,0.561300,
19,DImprovedSurface,100,8,2773,2772,2770,2772,2752,13096177288442,16.665801,16.666200,,0.482900,0.554500,
19,DImprovedSurface,100,8,2774,2773,2771,2773,2753,13096177455104,16.666999,16.678500,,0.426100,0.429000,
19,DImprovedSurface,100,8,2775,2774,2772,2774,2754,13096177621889,16.666900,16.684400,,0.475800,0.459500,
19,DImprovedSurface,100,8,2776,2775,2773,2775,2755,13096177788733,16.666595,16.624900,,0.000000,0.412600,
19,DImprovedSurface,100,8,2777,2776,2774,2776,2756,13096177954982,16.667899,16.670500,,0.394200,0.393900,
19,DImprovedSurface,100,8,2778,2777,2775,2777,2757,13096178121687,16.666602,16.663400,,0.442900,0.448000,
19,DImprovedSurface,100,8,2779,2778,2776,2778,2758,13096178288321,16.666397,16.665500,,0.485900,0.503700,
19,DImprovedSurface,100,8,2780,2779,2777,2779,2759,13096178454976,16.666999,16.677600,,0.427400,0.474700,
19,DImprovedSurface,100,8,2781,2780,2778,2780,2760,13096178621752,16.667100,16.669600,,0.448800,0.488600,
19,DImprovedSurface,100,8,2782,2781,2779,2781,2761,13096178788448,16.902005,16.665700,,0.000000,0.521600,
19,DImprovedSurface,100,8,2783,2782,2780,2782,2762,13096178955105,16.667496,16.665000,,0.466200,0.510100,
19,DImprovedSurface,100,8,2784,2783,2781,2783,2763,13096179121755,16.665801,16.668600,,0.655100,0.715100,
19,DImprovedSurface,100,8,2785,2784,2782,2784,2764,13096179288441,16.666900,16.913400,,0.604800,0.690900,
19,DImprovedSurface,100,8,2786,2785,2783,2785,2765,13096179457575,16.666397,16.664800,,0.557500,0.862600,
19,DImprovedSurface,100,8,2787,2786,2784,2786,2766,13096179624223,16.667701,16.658400,,0.511900,0.538300,
19,DImprovedSurface,100,8,2788,2787,2785,2787,2767,13096179790807,16.666496,16.664300,,0.000000,0.530600,
19,DImprovedSurface,100,8,2789,2788,2786,2788,2768,13096179957450,16.666900,16.663200,,0.459300,0.502600,
19,DImprovedSurface,100,8,2790,2789,2787,2789,2769,13096180124082,16.666306,16.669100,,0.522200,0.540000,
19,DImprovedSurface,100,8,2791,2790,2788,2790,2770,13096180290773,16.667694,16.670000,,0.548500,0.604500,
19,DImprovedSurface,100,8,2792,2791,2789,2791,2771,13096180457473,16.666306,16.667700,,0.512900,0.516600,
19,DImprovedSurface,100,8,2793,2792,2790,2792,2772,13096180624150,16.667396,16.662000,,0.493800,0.589700,
19,DImprovedSurface,100,8,2794,2793,2791,2793,2773,13096180790770,16.666999,16.674900,,0.000000,0.531600,
19,DImprovedSurface,100,8,2795,2794,2792,2794,2774,13096180957519,16.666602,16.660700,,0.476500,0.527200,
19,DImprovedSurface,100,8,2796,2795,2793,2795,2775,13096181124126,16.666397,16.669500,,0.603000,0.554300,
19,DImprovedSurface,100,8,2797,2796,2794,2796,2776,13096181290821,16.666999,16.666900,,0.497700,0.529700,
19,DImprovedSurface,100,8,2798,2797,2795,2797,2777,13096181457490,16.666900,16.674200,,0.475400,0.531100,
19,DImprovedSurface,100,8,2799,2798,2796,2798,2778,13096181624232,16.666504,16.657000,,0.511200,0.549600,
19,DImprovedSurface,100,8,2800,2799,2797,2799,2779,13096181790802,16.667899,16.668300,,0.000000,0.561600,
19,DImprovedSurface,100,8,2801,2800,2798,2800,2780,13096181957485,16.665101,16.667700,,0.576000,0.524100,
19,DImprovedSurface,100,8,2802,2801,2799,2801,2781,13096182124162,16.666695,16.666600,,0.506600,0.520200,
19,DImprovedSurface,100,8,2803,2802,2800,2802,2782,13096182290828,16.667403,16.668000,,0.516900,0.575200,
19,DImprovedSurface,100,8,2804,2803,2801,2803,2783,13096182457508,16.666595,16.682200,,0.704400,0.669000,
19,DImprovedSurface,100,8,2805,2804,2802,2804,2784,13096182624330,16.666900,16.643500,,0.599900,0.660000,
19,DImprovedSurface,100,8,2806,2805,2803,2805,2785,13096182790765,16.666703,16.682900,,0.000000,0.660300,
19,DImprovedSurface,100,8,2807,2806,2804,2806,2786,13096182957594,16.666602,16.657000,,0.526100,0.517500,
19,DImprovedSurface,100,8,2808,2807,2805,2807,2787,13096183124164,16.666595,16.674700,,0.516700,0.515100,
19,DImprovedSurface,100,8,2809,2808,2806,2808,2788,13096183290911,16.667403,16.659400,,0.552700,0.645100,
19,DImprovedSurface,100,8,2810,2809,2807,2809,2789,13096183457505,16.666695,16.665100,,0.549400,0.573700,
19,DImprovedSurface,100,8,2811,2810,2808,2810,2790,13096183624156,16.695607,16.661900,,0.519000,0.542100,
19,DImprovedSurface,100,8,2812,2811,2809,2811,2791,13096183790775,16.667100,16.674300,,0.000000,0.582000,
19,DImprovedSurface,100,8,2813,2812,2810,2812,2792,13096183957518,16.666900,16.668500,,0.543300,0.713300,
19,DImprovedSurface,100,8,2814,2813,2811,2813,2793,13096184124203,16.666496,16.695300,,0.552900,0.575600,
19,DImprovedSurface,100,8,2815,2814,2812,2814,2794,13096184291156,16.665801,16.669100,,0.560300,0.586600,
19,DImprovedSurface,100,8,2816,2815,2813,2815,2795,13096184457847,16.666802,16.693200,,0.499900,0.522800,
19,DImprovedSurface,100,8,2817,2816,2814,2816,2796,13096184624779,16.667396,16.643400,,0.454500,0.526300,
19,DImprovedSurface,100,8,2818,2817,2815,2817,2797,13096184791213,16.666999,16.647200,,0.000000,0.572300,
19,DImprovedSurface,100,8,2819,2818,2816,2818,2798,13096184957685,16.666397,16.667200,,0.461400,0.468200,
19,DImprovedSurface,100,8,2820,2819,2817,2819,2799,13096185124357,16.666504,16.673100,,0.487600,0.473000,
19,DImprovedSurface,100,8,2821,2820,2818,2820,2800,13096185291088,16.667100,16.662500,,0.486300,0.537300,
19,DImprovedSurface,100,8,2822,2821,2819,2821,2801,13096185457713,16.666602,16.673100,,0.442900,0.527500,
19,DImprovedSurface,100,8,2823,2822,2820,2822,2802,13096185624444,16.667595,16.663300,,0.465600,0.530800,
19,DImprovedSurface,100,8,2824,2823,2821,2823,2803,13096185791077,16.666602,16.671500,,0.000000,0.573700,
19,DImprovedSurface,100,8,2825,2824,2822,2824,2804,13096185957792,16.666802,16.674700,,0.523500,0.741400,
19,DImprovedSurface,100,8,2826,2825,2823,2825,2805,13096186124539,16.667100,16.662000,,0.552500,0.553900,
19,DImprovedSurface,100,8,2827,2826,2824,2826,2806,13096186291159,16.666198,16.667700,,0.570000,0.579700,
19,DImprovedSurface,100,8,2828,2827,2825,2827,2807,13096186457836,16.667297,16.669700,,0.531500,0.567900,
19,DImprovedSurface,100,8,2829,2828,2826,2828,2808,13096186624533,16.666802,16.666500,,0.512800,0.590600,
19,DImprovedSurface,100,8,2830,2829,2827,2829,2809,13096186791198,16.673299,16.659300,,0.000000,0.616000,
19,DImprovedSurface,100,8,2831,2830,2828,2830,2810,13096186957791,16.660303,16.671100,,0.468300,0.548400,
19,DImprovedSurface,100,8,2832,2831,2829,2831,2811,13096187124502,16.666198,16.668300,,0.442200,0.476100,
19,DImprovedSurface,100,8,2833,2832,2830,2832,2812,13096187291185,16.666703,16.665500,,0.410100,0.454100,
19,DImprovedSurface,100,8,2834,2833,2831,2833,2813,13096187457840,16.666496,16.656500,,0.469500,0.597100,
19,DImprovedSurface,100,8,2835,2834,2832,2834,2814,13096187624405,16.667305,16.664000,,0.380300,0.398600,
19,DImprovedSurface,100,8,2836,2835,2833,2835,2815,13096187791045,16.667496,16.667300,,0.000000,0.499300,
19,DImprovedSurface,100,8,2837,2836,2834,2836,2816,13096187957718,16.666999,16.664300,,0.462600,0.627800,
19,DImprovedSurface,100,8,2838,2837,2835,2837,2817,13096188124361,16.665505,16.669400,,0.404300,0.618300,
19,DImprovedSurface,100,8,2839,2838,2836,2838,2818,13096188291055,16.667595,16.667700,,0.412200,0.415400,
19,DImprovedSurface,100,8,2840,2839,2837,2839,2819,13096188457732,16.665801,16.673500,,0.412600,0.459000,
19,DImprovedSurface,100,8,2841,2840,2838,2840,2820,13096188624467,16.667198,16.711200,,0.404300,0.429100,
19,DImprovedSurface,100,8,2842,2841,2839,2841,2821,13096188791579,16.666504,16.615000,,0.000000,0.427700,
19,DImprovedSurface,100,8,2843,2842,2840,2842,2822,13096188957729,16.667396,16.664000,,0.424500,0.427600,
19,DImprovedSurface,100,8,2844,2843,2841,2843,2823,13096189124369,16.666504,16.670500,,0.484100,0.518100,
19,DImprovedSurface,100,8,2845,2844,2842,2844,2824,13096189291074,16.667999,16.664700,,0.376200,0.497100,
19,DImprovedSurface,100,8,2846,2845,2843,2845,2825,13096189457721,16.666496,16.684900,,0.403900,0.486700,
19,DImprovedSurface,100,8,2847,2846,2844,2846,2826,13096189624570,16.665306,16.656300,,0.486100,0.485700,
19,DImprovedSurface,100,8,2848,2847,2845,2847,2827,13096189791133,16.666695,16.668500,,0.000000,0.511200,
19,DImprovedSurface,100,8,2849,2848,2846,2848,2828,13096189957818,16.666703,16.668600,,0.500800,0.499200,
19,DImprovedSurface,100,8,2850,2849,2847,2849,2829,13096190124504,16.667297,16.658000,,0.464300,0.633500,
19,DImprovedSurface,100,8,2851,2850,2848,2850,2830,13096190291084,16.667206,16.669900,,0.421200,0.488200,
19,DImprovedSurface,100,8,2852,2851,2849,2851,2831,13096190457783,16.666299,16.662200,,0.430100,0.500300,
19,DImprovedSurface,100,8,2853,2852,2850,2852,2832,13096190624405,16.666397,16.673800,,0.472200,0.489400,
19,DImprovedSurface,100,8,2854,2853,2851,2853,2833,13096190791143,16.667305,16.663600,,0.000000,0.454200,
19,DImprovedSurface,100,8,2855,2854,2852,2854,2834,13096190957779,16.666900,16.666000,,0.409900,0.458400,
19,DImprovedSurface,100,8,2856,2855,2853,2855,2835,13096191124439,16.666099,16.663600,,0.411500,0.470800,
19,DImprovedSurface,100,8,2857,2856,2854,2856,2836,13096191291075,16.666794,16.667400,,0.414300,0.538500,
19,DImprovedSurface,100,8,2858,2857,2855,2857,2837,13096191457749,16.666900,16.667400,,0.451000,0.517700,
19,DImprovedSurface,100,8,2859,2858,2856,2858,2838,13096191624423,16.667502,16.665600,,0.371500,0.416200,
19,DImprovedSurface,100,8,2860,2859,2857,2859,2839,13096191791079,16.665902,16.673600,,0.000000,0.461100,
19,DImprovedSurface,100,8,2861,2860,2858,2860,2840,13096191957815,16.666397,16.660700,,0.415700,0.442000,
19,DImprovedSurface,100,8,2862,2861,2859,2861,2841,13096192124422,16.691701,16.674100,,0.409700,0.437300,
19,DImprovedSurface,100,8,2863,2862,2860,2862,2842,13096192291163,16.666900,16.660900,,0.409200,0.426000,
19,DImprovedSurface,100,8,2864,2863,2861,2863,2843,13096192457772,16.701000,16.665200,,0.470000,0.761400,
19,DImprovedSurface,100,8,2865,2864,2862,2864,2844,13096192624424,16.667100,16.696500,,0.617900,0.531500,
19,DImprovedSurface,100,8,2866,2865,2863,2865,2845,13096192791389,16.666198,16.665400,,0.000000,0.431600,
19,DImprovedSurface,100,8,2867,2866,2864,2866,2846,13096192958043,16.666999,16.719200,,0.376600,0.418700,
19,DImprovedSurface,100,8,2868,2867,2865,2867,2847,13096193125235,16.667701,16.642200,,0.373400,0.417200,
19,DImprovedSurface,100,8,2869,2868,2866,2868,2848,13096193291657,16.665703,16.664800,,0.416100,0.470200,
19,DImprovedSurface,100,8,2870,2869,2867,2869,2849,13096193458305,16.666198,16.670300,,0.437400,0.508900,
19,DImprovedSurface,100,8,2871,2870,2868,2870,2850,13096193625008,16.668197,16.672400,,0.394500,0.396400,
19,DImprovedSurface,100,8,2872,2871,2869,2871,2851,13096193791732,16.666198,16.666200,,0.000000,0.476300,
19,DImprovedSurface,100,8,2873,2872,2870,2872,2852,13096193958394,16.666802,16.660100,,0.402600,0.651300,
19,DImprovedSurface,100,8,2874,2873,2871,2873,2853,13096194124995,16.665902,16.672500,,0.424000,0.410200,
19,DImprovedSurface,100,8,2875,2874,2872,2874,2854,13096194291720,16.666595,16.671500,,0.472800,0.548800,
19,DImprovedSurface,100,8,2876,2875,2873,2875,2855,13096194458435,16.667206,16.658900,,0.394900,0.395100,
20,DImprovedSurface,100,16,2908,2907,2905,2907,2886,13096200082268,16.666900,16.664000,,0.477400,0.458700,
20,DImprovedSurface,100,16,2909,2908,2906,2908,2887,13096200248908,16.666405,16.667700,,0.400100,0.456400,
20,DImprovedSurface,100,16,2910,2909,2907,2909,2888,13096200415585,16.667100,16.672300,,0.405400,0.486700,
20,DImprovedSurface,100,16,2911,2910,2908,2910,2889,13096200582308,16.666595,16.647100,,0.000000,0.502300,
20,DImprovedSurface,100,16,2912,2911,2909,2911,2890,13096200748779,16.666999,16.673900,,0.438300,0.448800,
20,DImprovedSurface,100,16,2913,2912,2910,2912,2891,13096200915518,16.666999,16.667300,,0.374300,0.463400,
20,DImprovedSurface,100,16,2914,2913,2911,2913,2892,13096201082191,16.666206,16.662600,,0.419100,0.457000,
20,DImprovedSurface,100,16,2915,2914,2912,2914,2893,13096201248817,16.668297,16.669300,,0.437300,0.420600,
20,DImprovedSurface,100,16,2916,2915,2913,2915,2894,13096201415510,16.665002,16.663800,,0.427000,0.532200,
20,DImprovedSurface,100,16,2917,2916,2914,2916,2895,13096201582148,16.667603,16.671300,,0.000000,0.483600,
20,DImprovedSurface,100,16,2918,2917,2915,2917,2896,13096201748861,16.666496,16.668100,,0.474500,0.453800,
20,DImprovedSurface,100,16,2919,2918,2916,2918,2897,13096201915542,16.666504,16.658700,,0.363300,0.578900,
20,DImprovedSurface,100,16,2920,2919,2917,2919,2898,13096202082129,16.667198,16.668500,,0.384600,0.385600,
20,DImprovedSurface,100,16,2921,2920,2918,2920,2899,13096202248814,16.665902,16.665600,,0.456400,0.671800,
20,DImprovedSurface,100,16,2922,2921,2919,2921,2900,13096202415470,16.666900,16.672300,,0.369800,0.536900,
20,DImprovedSurface,100,16,2923,2922,2920,2922,2901,13096202582193,16.667396,16.670900,,0.000000,0.427600,
20,DImprovedSurface,100,16,2924,2923,2921,2923,2902,13096202748902,16.667899,16.654400,,0.394300,0.498800,
20,DImprovedSurface,100,16,2925,2924,2922,2924,2903,13096202915446,16.664598,16.670700,,0.496000,0.510200,
20,DImprovedSurface,100,16,2926,2925,2923,2925,2904,13096203082153,16.667502,16.673800,,0.406100,0.436400,
20,DImprovedSurface,100,16,2927,2926,2924,2926,2905,13096203248891,16.667403,16.683200,,0.425200,0.467800,
20,DImprovedSurface,100,16,2928,2927,2925,2927,2906,13096203415723,16.666299,16.638500,,0.404800,0.419500,
20,DImprovedSurface,100,16,2929,2928,2926,2928,2907,13096203582108,16.666595,16.674900,,0.000000,0.473500,
20,DImprovedSurface,100,16,2930,2929,2927,2929,2908,13096203748857,16.666099,16.673800,,0.422900,0.477400,
20,DImprovedSurface,100,16,2931,2930,2928,2930,2909,13096203915595,16.666504,16.657100,,0.395400,0.402100,
20,DImprovedSurface,100,16,2932,2931,2929,2931,2910,13096204082166,16.667800,16.667100,,0.405000,0.408300,
20,DImprovedSurface,100,16,2933,2932,2930,2932,2911,13096204248837,16.665902,16.664700,,0.349600,0.430600,
20,DImprovedSurface,100,16,2934,2933,2931,2933,2912,13096204415484,16.666900,16.662400,,0.440300,0.450400,
20,DImprovedSurface,100,16,2935,2934,2932,2934,2913,13096204582108,16.668098,16.673000,,0.000000,0.657100,
20,DImprovedSurface,100,16,2936,2935,2933,2935,2914,13096204748838,16.665399,16.664200,,0.396900,0.410000,
20,DImprovedSurface,100,16,2937,2936,2934,2936,2915,13096204915480,16.667198,16.675200,,0.374700,0.398300,
20,DImprovedSurface,100,16,2938,2937,2935,2937,2916,13096205082232,16.668303,16.693600,,0.514700,0.488900,
20,DImprovedSurface,100,16,2939,2938,2936,2938,2917,13096205249168,16.665298,16.628700,,0.428800,0.480700,
20,DImprovedSurface,100,16,2940,2939,2937,2939,2918,13096205415455,16.666900,16.674400,,0.466500,0.503300,
20,DImprovedSurface,100,16,2941,2940,2938,2940,2919,13096205582199,16.666496,16.674400,,0.000000,0.519400,
20,DImprovedSurface,100,16,2942,2941,2939,2941,2920,13096205748943,16.668404,16.844200,,0.500300,0.505600,
20,DImprovedSurface,100,16,2943,2942,2940,2942,2921,13096205917385,16.665101,16.486700,,0.505200,0.536100,
20,DImprovedSurface,100,16,2944,2943,2941,2943,2922,13096206082252,16.666900,16.667000,,0.534200,0.556600,
20,DImprovedSurface,100,16,2945,2944,2942,2944,2923,13096206248922,16.667198,16.668600,,0.527400,0.550300,
20,DImprovedSurface,100,16,2946,2945,2943,2945,2924,13096206415608,16.666299,16.666000,,0.500800,0.584000,
20,DImprovedSurface,100,16,2947,2946,2944,2946,2925,13096206582268,16.666900,16.666700,,0.000000,0.564900,
20,DImprovedSurface,100,16,2948,2947,2945,2947,2926,13096206748935,16.666504,16.666800,,0.518900,0.656300,
20,DImprovedSurface,100,16,2949,2948,2946,2948,2927,13096206915603,16.667603,16.666900,,0.536300,0.537700,
20,DImprovedSurface,100,16,2950,2949,2947,2949,2928,13096207082272,16.666893,16.666800,,0.516400,0.520000,
20,DImprovedSurface,100,16,2951,2950,2948,2950,2929,13096207248940,16.695805,16.658000,,0.490700,0.566300,
20,DImprovedSurface,100,16,2952,2951,2949,2951,2930,13096207415520,16.666900,16.676000,,0.439200,0.462600,
20,DImprovedSurface,100,16,2953,2952,2950,2952,2931,13096207582280,16.667496,16.666100,,0.000000,0.403100,
20,DImprovedSurface,100,16,2954,2953,2951,2953,2932,13096207748941,16.666900,16.686400,,0.421900,0.475200,
20,DImprovedSurface,100,16,2955,2954,2952,2954,2933,13096207915805,16.665399,16.663200,,0.352800,0.439400,
20,DImprovedSurface,100,16,2956,2955,2953,2955,2934,13096208082437,16.667403,16.672100,,0.358600,0.392100,
20,DImprovedSurface,100,16,2957,2956,2954,2956,2935,13096208249158,16.666999,16.668000,,0.466100,0.569500,
20,DImprovedSurface,100,16,2958,2957,2955,2957,2936,13096208415838,16.666802,16.660800,,0.463600,0.505800,
20,DImprovedSurface,100,16,2959,2958,2956,2958,2937,13096208582446,16.668899,16.677700,,0.000000,0.511000,
20,DImprovedSurface,100,16,2960,2959,2957,2959,2938,13096208749223,16.664803,16.668200,,0.650300,0.639500,
20,DImprovedSurface,100,16,2961,2960,2958,2960,2939,13096208915905,16.667297,16.665800,,0.588100,0.719600,
20,DImprovedSurface,100,16,2962,2961,2959,2961,2940,13096209082563,16.666198,16.682900,,0.960300,0.713700,
20,DImprovedSurface,100,16,2963,2962,2960,2962,2941,13096209249392,16.666999,16.656500,,0.603500,0.605300,
20,DImprovedSurface,100,16,2964,2963,2961,2963,2942,13096209415957,16.667100,16.676700,,0.553400,0.556700,
20,DImprovedSurface,100,16,2965,2964,2962,2964,2943,13096209582724,16.667305,16.652200,,0.000000,0.620200,
20,DImprovedSurface,100,16,2966,2965,2963,2965,2944,13096209749246,16.666299,16.668900,,0.557000,0.575300,
20,DImprovedSurface,100,16,2967,2966,2964,2966,2945,13096209915935,16.666900,16.670500,,0.561300,0.591200,
20,DImprovedSurface,100,16,2968,2967,2965,2967,2946,13096210082640,16.666595,16.660200,,0.563500,0.549800,
20,DImprovedSurface,100,16,2969,2968,2966,2968,2947,13096210249242,16.666999,16.670500,,0.532900,0.521500,
20,DImprovedSurface,100,16,2970,2969,2967,2969,2948,13096210415947,16.666802,16.662400,,0.493700,0.559400,
20,DImprovedSurface,100,16,2971,2970,2968,2970,2949,13096210582571,16.666999,16.663600,,0.000000,0.610000,
20,DImprovedSurface,100,16,2972,2971,2969,2971,2950,13096210749207,16.666703,16.671500,,0.491400,0.511500,
20,DImprovedSurface,100,16,2973,2972,2970,2972,2951,13096210915922,16.666703,16.668800,,0.527900,0.583600,
20,DImprovedSurface,100,16,2974,2973,2971,2973,2952,13096211082610,16.666900,16.694800,,0.506700,0.553700,
20,DImprovedSurface,100,16,2975,2974,2972,2974,2953,13096211249558,16.809899,16.638000,,0.525500,0.633900,
20,DImprovedSurface,100,16,2976,2975,2973,2975,2954,13096211415938,16.666999,16.669400,,0.508000,0.645200,
20,DImprovedSurface,100,16,2977,2976,2974,2976,2955,13096211582632,16.666397,16.665200,,0.000000,0.778900,
20,DImprovedSurface,100,16,2978,2977,2975,2977,2956,13096211749284,16.666802,16.811900,,0.482300,0.522700,
20,DImprovedSurface,100,16,2979,2978,2976,2978,2957,13096211917403,16.666602,16.669700,,0.546400,0.581200,
20,DImprovedSurface,100,16,2980,2979,2977,2979,2958,13096212084100,16.667694,16.684800,,0.542300,0.730400,
20,DImprovedSurface,100,16,2981,2980,2978,2980,2959,13096212250948,16.666703,16.645400,,0.540200,0.574800,
20,DImprovedSurface,100,16,2982,2981,2979,2981,2960,13096212417402,16.666602,16.660300,,0.832300,0.759700,
20,DImprovedSurface,100,16,2983,2982,2980,2982,2961,13096212584005,16.666001,16.673400,,0.000000,0.671400,
20,DImprovedSurface,100,16,2984,2983,2981,2983,2962,13096212750739,16.667899,16.673300,,0.616200,0.668300,
20,DImprovedSurface,100,16,2985,2984,2982,2984,2963,13096212917472,16.666198,16.664300,,0.557300,0.637100,
20,DImprovedSurface,100,16,2986,2985,2983,2985,2964,13096213084115,16.666595,16.669900,,0.547800,0.572500,
20,DImprovedSurface,100,16,2987,2986,2984,2986,2965,13096213250814,16.883602,16.659600,,0.485700,0.545400,
20,DImprovedSurface,100,16,2988,2987,2985,2987,2966,13096213417410,16.666099,16.659900,,0.475800,0.570700,
20,DImprovedSurface,100,16,2989,2988,2986,2988,2967,13096213584009,16.666602,16.667400,,0.000000,0.569400,
20,DImprovedSurface,100,16,2990,2989,2987,2989,2968,13096213750683,16.667297,16.889200,,0.442500,0.469800,
20,DImprovedSurface,100,16,2991,2990,2988,2990,2969,13096213919575,16.666602,16.660700,,0.452900,0.478000,
20,DImprovedSurface,100,16,2992,2991,2989,2991,2970,13096214086182,16.667100,16.665600,,0.473100,0.517900,
20,DImprovedSurface,100,16,2993,2992,2990,2992,2971,13096214252838,16.666198,16.670500,,0.526100,0.534500,
20,DImprovedSurface,100,16,2994,2993,2991,2993,2972,13096214419543,16.666999,16.667700,,0.457300,0.491000,
20,DImprovedSurface,100,16,2995,2994,2992,2994,2973,13096214586220,16.666299,16.670300,,0.000000,0.511400,
20,DImprovedSurface,100,16,2996,2995,2993,2995,2974,13096214752923,16.667999,16.655900,,0.487300,0.491500,
20,DImprovedSurface,100,16,2997,2996,2994,2996,2975,13096214919482,16.665703,16.664600,,0.497800,0.537800,
20,DImprovedSurface,100,16,2998,2997,2995,2997,2976,13096215086128,16.667100,16.666200,,0.412800,0.508000,
20,DImprovedSurface,100,16,2999,2998,2996,2998,2977,13096215252790,16.666703,16.679100,,0.460100,0.550000,
20,DImprovedSurface,100,16,3000,2999,2997,2999,2978,13096215419581,16.667496,16.657000,,0.646000,0.548200,
20,DImprovedSurface,100,16,3001,3000,2998,3000,2979,13096215586151,16.666001,16.672600,,0.000000,0.531200,
20,DImprovedSurface,100,16,3002,3001,2999,3001,2980,13096215752877,16.667603,16.670900,,0.439900,0.507200,
20,DImprovedSurface,100,16,3003,3002,3000,3002,2981,13096215919586,16.666198,16.661600,,0.445500,0.517900,
20,DImprovedSurface,100,16,3004,3003,3001,3003,2982,13096216086202,16.666602,16.664400,,0.471100,0.528800,
20,DImprovedSurface,100,16,3005,3004,3002,3004,2983,13096216252846,16.666695,16.669700,,0.462800,0.520300,
20,DImprovedSurface,100,16,3006,3005,3003,3005,2984,13096216419543,16.666306,16.680500,,0.526800,0.613900,
20,DImprovedSurface,100,16,3007,3006,3004,3006,2985,13096216586348,16.666595,16.655200,,0.000000,0.627200,
20,DImprovedSurface,100,16,3008,3007,3005,3007,2986,13096216752900,16.666900,16.669000,,0.429900,0.462900,
20,DImprovedSurface,100,16,3009,3008,3006,3008,2987,13096216919590,16.666900,16.809100,,0.422900,0.429500,
20,DImprovedSurface,100,16,3010,3009,3007,3009,2988,13096217087681,16.668098,16.546600,,0.458100,0.538600,
20,DImprovedSurface,100,16,3011,3010,3008,3010,2989,13096217253147,16.665801,16.627500,,0.448400,0.704100,
20,DImprovedSurface,100,16,3012,3011,3009,3011,2990,13096217419422,16.666802,16.688600,,0.460900,0.441700,
20,DImprovedSurface,100,16,3013,3012,3010,3012,2991,13096217586308,16.666496,16.655000,,0.000000,0.444600,
20,DImprovedSurface,100,16,3014,3013,3011,3013,2992,13096217752858,16.666802,16.671800,,0.387900,0.423000,
20,DImprovedSurface,100,16,3015,3014,3012,3014,2993,13096217919576,16.666299,16.656200,,0.453000,0.473200,
20,DImprovedSurface,100,16,3016,3015,3013,3015,2994,13096218086138,16.667701,16.668900,,0.432200,0.496600,
20,DImprovedSurface,100,16,3017,3016,3014,3016,2995,13096218252827,16.666001,16.680800,,0.419600,0.501600,
20,DImprovedSurface,100,16,3018,3017,3015,3017,2996,13096218419635,16.667198,16.651300,,0.432100,0.476000,
20,DImprovedSurface,100,16,3019,3018,3016,3018,2997,13096218586148,16.666107,16.670800,,0.000000,0.432600,
20,DImprovedSurface,100,16,3020,3019,3017,3019,2998,13096218752856,16.666595,16.663300,,0.486900,0.457300,
20,DImprovedSurface,100,16,3021,3020,3018,3020,2999,13096218919489,16.667100,16.665600,,0.411100,0.525300,
20,DImprovedSurface,100,16,3022,3021,3019,3021,3000,13096219086145,16.666405,16.676100,,0.411500,0.479000,
20,DImprovedSurface,100,16,3023,3022,3020,3022,3001,13096219252906,16.666595,16.656100,,0.380300,0.441200,
20,DImprovedSurface,100,16,3024,3023,3021,3023,3002,13096219419467,16.667502,16.673300,,0.408700,0.455100,
20,DImprovedSurface,100,16,3025,3024,3022,3024,3003,13096219586200,16.666198,16.662900,,0.000000,0.436900,
20,DImprovedSurface,100,16,3026,3025,3023,3025,3004,13096219752829,16.668297,16.662400,,0.429400,0.423100,
20,DImprovedSurface,100,16,3027,3026,3024,3026,3005,13096219919453,16.664902,16.671500,,0.471900,0.487200,
21,DImprovedSurface,300,1,3059,3058,3056,3058,3036,13096225593607,16.666099,16.662700,,0.000000,0.730800,
21,DImprovedSurface,300,1,3060,3059,3057,3059,3037,13096225760234,16.666703,16.669300,,0.501500,0.500500,
21,DImprovedSurface,300,1,3061,3060,3058,3060,3038,13096225926927,16.667305,16.676100,,0.513300,0.502800,
21,DImprovedSurface,300,1,3062,3061,3059,3061,3039,13096226093688,16.666299,16.656800,,0.484000,0.575800,
21,DImprovedSurface,300,1,3063,3062,3060,3062,3040,13096226260256,16.666496,16.663200,,0.486700,0.505200,
21,DImprovedSurface,300,1,3064,3063,3061,3063,3041,13096226426888,16.666900,16.671900,,0.478700,0.474900,
21,DImprovedSurface,300,1,3065,3064,3062,3064,3042,13096226593607,16.667100,16.663800,,0.000000,0.513700,
21,DImprovedSurface,300,1,3066,3065,3063,3065,3043,13096226760245,16.666405,16.665900,,0.458500,0.447000,
21,DImprovedSurface,300,1,3067,3066,3064,3066,3044,13096226926904,16.666695,16.679700,,0.512900,0.548800,
21,DImprovedSurface,300,1,3068,3067,3065,3067,3045,13096227093701,16.667502,16.654000,,0.480700,0.471900,
21,DImprovedSurface,300,1,3069,3068,3066,3068,3046,13096227260241,16.666001,16.674100,,0.496100,0.512200,
21,DImprovedSurface,300,1,3070,3069,3067,3069,3047,13096227426982,16.668197,16.659900,,0.509400,0.510200,
21,DImprovedSurface,300,1,3071,3070,3068,3070,3048,13096227593581,16.667800,16.669600,,0.000000,0.577400,
21,DImprovedSurface,300,1,3072,3071,3069,3071,3049,13096227760277,16.665703,16.663700,,0.574400,0.473300,
21,DImprovedSurface,300,1,3073,3072,3070,3072,3050,13096227926914,16.666299,16.680200,,0.541200,0.501400,
21,DImprovedSurface,300,1,3074,3073,3071,3073,3051,13096228093716,16.668502,16.683400,,0.530800,0.764400,
21,DImprovedSurface,300,1,3075,3074,3072,3074,3052,13096228260550,16.665597,16.658300,,0.491600,0.515300,
21,DImprovedSurface,300,1,3076,3075,3073,3075,3053,13096228427133,16.666306,16.647400,,0.478000,0.520400,
21,DImprovedSurface,300,1,3077,3076,3074,3076,3054,13096228593607,16.667496,16.675000,,0.000000,0.592300,
21,DImprovedSurface,300,1,3078,3077,3075,3077,3055,13096228760357,16.666001,16.658200,,0.470200,0.547000,
21,DImprovedSurface,300,1,3079,3078,3076,3078,3056,13096228926939,16.667800,16.671100,,0.474800,0.504100,
21,DImprovedSurface,300,1,3080,3079,3077,3079,3057,13096229093650,16.666198,16.662400,,0.526100,0.518500,
21,DImprovedSurface,300,1,3081,3080,3078,3080,3058,13096229260274,16.667403,16.664600,,0.505800,0.590400,
21,DImprovedSurface,300,1,3082,3081,3079,3081,3059,13096229426920,16.666299,16.679900,,0.508600,0.566500,
21,DImprovedSurface,300,1,3083,3082,3080,3082,3060,13096229593719,16.696798,16.656100,,0.000000,0.543300,
21,DImprovedSurface,300,1,3084,3083,3081,3083,3061,13096229760280,16.877601,16.668800,,0.627200,0.571000,
21,DImprovedSurface,300,1,3085,3084,3082,3084,3062,13096229926968,16.667198,16.667200,,0.487700,0.512400,
21,DImprovedSurface,300,1,3086,3085,3083,3085,3063,13096230093640,16.667403,16.735500,,0.462900,0.512600,
21,DImprovedSurface,300,1,3087,3086,3084,3086,3064,13096230260995,16.665399,16.842000,,0.479000,0.511800,
21,DImprovedSurface,300,1,3088,3087,3085,3087,3065,13096230429415,16.667100,16.667600,,0.540500,0.690400,
21,DImprovedSurface,300,1,3089,3088,3086,3088,3066,13096230596091,16.667206,16.667800,,0.000000,0.585400,
21,DImprovedSurface,300,1,3090,3089,3087,3089,3067,13096230762769,16.666496,16.660200,,0.511500,0.526900,
21,DImprovedSurface,300,1,3091,3090,3088,3090,3068,13096230929371,16.666900,16.676900,,0.633500,0.608500,
21,DImprovedSurface,300,1,3092,3091,3089,3091,3069,13096231096140,16.666999,16.667300,,0.600000,0.585000,
21,DImprovedSurface,300,1,3093,3092,3090,3092,3070,13096231262813,16.667100,16.852600,,0.726600,0.750600,
21,DImprovedSurface,300,1,3094,3093,3091,3093,3071,13096231431339,16.675999,16.482700,,0.688300,0.850200,
21,DImprovedSurface,300,1,3095,3094,3092,3094,3072,13096231596166,16.666306,16.673000,,0.000000,0.903500,
21,DImprovedSurface,300,1,3096,3095,3093,3095,3073,13096231762896,16.667198,16.665300,,0.674700,0.688900,
21,DImprovedSurface,300,1,3097,3096,3094,3096,3074,13096231929549,16.666397,16.696700,,0.651200,0.810800,
21,DImprovedSurface,300,1,3098,3097,3095,3097,3075,13096232096516,16.667403,16.645400,,0.650400,0.624600,
21,DImprovedSurface,300,1,3099,3098,3096,3098,3076,13096232262970,16.666299,16.663400,,0.594500,0.594800,
21,DImprovedSurface,300,1,3100,3099,3097,3099,3077,13096232429604,16.902998,16.664100,,0.593500,0.594800,
21,DImprovedSurface,300,1,3101,3100,3098,3100,3078,13096232596245,16.666602,16.668100,,0.000000,0.678500,
21,DImprovedSurface,300,1,3102,3101,3099,3101,3079,13096232762926,16.666900,16.665700,,0.578700,0.644400,
21,DImprovedSurface,300,1,3103,3102,3100,3102,3080,13096232929583,16.667701,16.902200,,0.546900,0.576800,
21,DImprovedSurface,300,1,3104,3103,3101,3103,3081,13096233098605,16.667297,16.666400,,0.625800,0.692100,
21,DImprovedSurface,300,1,3105,3104,3102,3104,3082,13096233265269,16.665399,16.662800,,0.581800,0.605000,
21,DImprovedSurface,300,1,3106,3105,3103,3105,3083,13096233431897,16.666602,16.685500,,0.534200,0.565700,
21,DImprovedSurface,300,1,3107,3106,3104,3106,3084,13096233598752,16.667297,16.672100,,0.000000,0.506100,
21,DImprovedSurface,300,1,3108,3107,3105,3107,3085,13096233765473,16.666306,16.641000,,0.557100,0.538300,
21,DImprovedSurface,300,1,3109,3108,3106,3108,3086,13096233931883,16.667595,16.660800,,0.533300,0.520900,
21,DImprovedSurface,300,1,3110,3109,3107,3109,3087,13096234098491,16.666504,16.699000,,0.562900,0.607800,
21,DImprovedSurface,300,1,3111,3110,3108,3110,3088,13096234265481,16.666695,16.635400,,0.525000,0.581500,
21,DImprovedSurface,300,1,3112,3111,3109,3111,3089,13096234431835,16.667502,16.669700,,0.457600,0.596100,
21,DImprovedSurface,300,1,3113,3112,3110,3112,3090,13096234598532,16.667198,16.672300,,0.000000,0.569700,
21,DImprovedSurface,300,1,3114,3113,3111,3113,3091,13096234765255,16.665801,16.668400,,0.493900,0.534900,
21,DImprovedSurface,300,1,3115,3114,3112,3114,3092,13096234931939,16.667603,16.667000,,0.526300,0.536700,
21,DImprovedSurface,300,1,3116,3115,3113,3115,3093,13096235098609,16.666397,16.667500,,0.702200,0.840600,
21,DImprovedSurface,300,1,3117,3116,3114,3116,3094,13096235265284,16.666602,16.669000,,0.790400,0.813100,
21,DImprovedSurface,300,1,3118,3117,3115,3117,3095,13096235431974,16.715597,16.673600,,0.763300,0.901500,
21,DImprovedSurface,300,1,3119,3118,3116,3118,3096,13096235598710,16.667502,16.668700,,0.000000,0.741700,
21,DImprovedSurface,300,1,3120,3119,3117,3119,3097,13096235765397,16.666496,16.658300,,0.615100,0.599700,
21,DImprovedSurface,300,1,3121,3120,3118,3120,3098,13096235931980,16.667100,16.715900,,0.589000,0.646300,
21,DImprovedSurface,300,1,3122,3121,3119,3121,3099,13096236099139,16.667105,16.691600,,0.564400,0.547000,
21,DImprovedSurface,300,1,3123,3122,3120,3122,3100,13096236266055,16.666999,16.640500,,0.572200,0.619800,
21,DImprovedSurface,300,1,3124,3123,3121,3123,3101,13096236432460,16.666794,16.665700,,0.638600,0.811300,
21,DImprovedSurface,300,1,3125,3124,3122,3124,3102,13096236599117,16.667206,16.669400,,0.000000,0.659400,
21,DImprovedSurface,300,1,3126,3125,3123,3125,3103,13096236765811,16.666595,16.670100,,0.602200,0.645500,
21,DImprovedSurface,300,1,3127,3126,3124,3126,3104,13096236932512,16.666602,16.662500,,0.562000,0.562300,
21,DImprovedSurface,300,1,3128,3127,3125,3127,3105,13096237099137,16.667198,16.669400,,0.577400,0.574300,
21,DImprovedSurface,300,1,3129,3128,3126,3128,3106,13096237265831,16.666397,16.665100,,0.681400,0.601000,
21,DImprovedSurface,300,1,3130,3129,3127,3129,3107,13096237432482,16.667105,16.667000,,0.564400,0.645200,
21,DImprovedSurface,300,1,3131,3130,3128,3130,3108,13096237599152,16.666299,16.670600,,0.000000,0.730400,
21,DImprovedSurface,300,1,3132,3131,3129,3131,3109,13096237765858,16.667603,16.663200,,0.561000,0.576500,
21,DImprovedSurface,300,1,3133,3132,3130,3132,3110,13096237932490,16.666794,16.667800,,0.611000,0.606600,
21,DImprovedSurface,300,1,3134,3133,3131,3133,3111,13096238099168,16.666206,16.661700,,0.597800,0.586200,
21,DImprovedSurface,300,1,3135,3134,3132,3134,3112,13096238265785,16.667694,16.671700,,0.587100,0.608500,
21,DImprovedSurface,300,1,3136,3135,3133,3135,3113,13096238432502,16.666405,16.667300,,0.614000,0.635400,
21,DImprovedSurface,300,1,3137,3136,3134,3136,3114,13096238599175,16.667198,16.664900,,0.000000,0.617300,
21,DImprovedSurface,300,1,3138,3137,3135,3137,3115,13096238765824,16.666397,16.677600,,0.585600,0.620900,
21,DImprovedSurface,300,1,3139,3138,3136,3138,3116,13096238932600,16.667800,16.655200,,0.571600,0.569800,
21,DImprovedSurface,300,1,3140,3139,3137,3139,3117,13096239099152,16.665801,16.672400,,0.974200,0.794800,
21,DImprovedSurface,300,1,3141,3140,3138,3140,3118,13096239265876,16.666602,16.661800,,0.737600,0.775100,
21,DImprovedSurface,300,1,3142,3141,3139,3141,3119,13096239432494,16.666794,16.681700,,0.663700,0.671700,
21,DImprovedSurface,300,1,3143,3142,3140,3142,3120,13096239599311,16.666703,16.656200,,0.000000,0.768700,
21,DImprovedSurface,300,1,3144,3143,3141,3143,3121,13096239765873,16.667198,16.663400,,0.578600,0.613700,
21,DImprovedSurface,300,1,3145,3144,3142,3144,3122,13096239932507,16.666802,16.665400,,0.807200,0.584100,
21,DImprovedSurface,300,1,3146,3145,3143,3145,3123,13096240099161,16.666703,16.665400,,0.548300,0.553900,
21,DImprovedSurface,300,1,3147,3146,3144,3146,3124,13096240265815,16.666900,16.666300,,0.544900,0.565800,
21,DImprovedSurface,300,1,3148,3147,3145,3147,3125,13096240432478,16.666397,16.666300,,0.536900,0.534000,
21,DImprovedSurface,300,1,3149,3148,3146,3148,3126,13096240599141,16.667100,16.664200,,0.000000,0.564600,
21,DImprovedSurface,300,1,3150,3149,3147,3149,3127,13096240765783,16.666900,16.668300,,0.529400,0.583300,
21,DImprovedSurface,300,1,3151,3150,3148,3150,3128,13096240932466,16.666504,16.666200,,0.549200,0.589300,
21,DImprovedSurface,300,1,3152,3151,3149,3151,3129,13096241099128,16.667595,16.667200,,0.515700,0.534900,
21,DImprovedSurface,300,1,3153,3152,3150,3152,3130,13096241265800,16.668007,16.668500,,0.541500,0.571300,
21,DImprovedSurface,300,1,3154,3153,3151,3153,3131,13096241432485,16.664995,16.665100,,0.542200,0.595600,
21,DImprovedSurface,300,1,3155,3154,3152,3154,3132,13096241599136,16.666703,16.670400,,0.000000,0.567000,
21,DImprovedSurface,300,1,3156,3155,3153,3155,3133,13096241765840,16.667198,16.680200,,0.511000,0.643500,
21,DImprovedSurface,300,1,3157,3156,3154,3156,3134,13096241932642,16.666206,16.649400,,0.550300,0.595900,
21,DImprovedSurface,300,1,3158,3157,3155,3157,3135,13096242099136,16.667198,16.668100,,0.504500,0.509500,
21,DImprovedSurface,300,1,3159,3158,3156,3158,3136,13096242265817,16.666703,16.735300,,0.493100,0.499700,
21,DImprovedSurface,300,1,3160,3159,3157,3159,3137,13096242433170,16.667297,16.591200,,0.521600,0.594800,
21,DImprovedSurface,300,1,3161,3160,3158,3160,3138,13096242599082,16.666802,16.671600,,0.000000,0.644000,
21,DImprovedSurface,300,1,3162,3161,3159,3161,3139,13096242765798,16.666595,16.667100,,0.532900,0.572300,
21,DImprovedSurface,300,1,3163,3162,3160,3162,3140,13096242932469,16.666900,16.669500,,0.539300,0.567900,
21,DImprovedSurface,300,1,3164,3163,3161,3163,3141,13096243099164,16.666602,16.664600,,0.527300,0.654100,
21,DImprovedSurface,300,1,3165,3164,3162,3164,3142,13096243265810,16.667198,16.672300,,0.534200,0.564900,
21,DImprovedSurface,300,1,3166,3165,3163,3165,3143,13096243432533,16.667100,16.661400,,0.533700,0.588000,
21,DImprovedSurface,300,1,3167,3166,3164,3166,3144,13096243599147,16.666602,16.672600,,0.000000,0.629800,
21,DImprovedSurface,300,1,3168,3167,3165,3167,3145,13096243765873,16.667100,16.662200,,0.678600,0.693300,
21,DImprovedSurface,300,1,3169,3168,3166,3168,3146,13096243932495,16.666900,16.674100,,0.547600,0.532200,
21,DImprovedSurface,300,1,3170,3169,3167,3169,3147,13096244099236,16.666595,16.664500,,0.501600,0.553700,
21,DImprovedSurface,300,1,3171,3170,3168,3170,3148,13096244265881,16.666900,16.669200,,0.541500,0.542200,
21,DImprovedSurface,300,1,3172,3171,3169,3171,3149,13096244432573,16.666602,16.658500,,0.571400,0.609000,
21,DImprovedSurface,300,1,3173,3172,3170,3172,3150,13096244599158,16.666496,16.665800,,0.000000,0.643500,
21,DImprovedSurface,300,1,3174,3173,3171,3173,3151,13096244765816,16.667105,16.666500,,0.550300,0.666500,
21,DImprovedSurface,300,1,3175,3174,3172,3174,3152,13096244932481,16.666999,16.671200,,0.550900,0.556900,
21,DImprovedSurface,300,1,3176,3175,3173,3175,3153,13096245099193,16.695600,16.661200,,0.479600,0.532500,
21,DImprovedSurface,300,1,3177,3176,3174,3176,3154,13096245265805,16.666496,16.667300,,0.441400,0.516600,
21,DImprovedSurface,300,1,3178,3177,3175,3177,3155,13096245432478,16.802402,16.672000,,0.446100,0.510100,
22,DImprovedSurface,300,4,3210,3209,3207,3209,3186,13096251128629,16.666900,16.616200,,0.538400,0.688300,
22,DImprovedSurface,300,4,3211,3210,3208,3210,3187,13096251294791,16.666794,16.670800,,0.526900,0.539600,
22,DImprovedSurface,300,4,3212,3211,3209,3211,3188,13096251461499,16.667603,16.662700,,0.473800,0.541900,
22,DImprovedSurface,300,4,3213,3212,3210,3212,3189,13096251628126,16.665902,16.674700,,0.508000,0.569500,
22,DImprovedSurface,300,4,3214,3213,3211,3213,3190,13096251794873,16.666299,16.668700,,0.000000,0.542200,
22,DImprovedSurface,300,4,3215,3214,3212,3214,3191,13096251961560,16.668502,16.665200,,0.533100,0.529700,
22,DImprovedSurface,300,4,3216,3215,3213,3215,3192,13096252128212,16.664803,16.663800,,0.518000,0.825000,
22,DImprovedSurface,300,4,3217,3216,3214,3216,3193,13096252294850,16.667595,16.663600,,0.577100,0.586000,
22,DImprovedSurface,300,4,3218,3217,3215,3217,3194,13096252461486,16.667502,16.674700,,0.586200,0.717700,
22,DImprovedSurface,300,4,3219,3218,3216,3218,3195,13096252628233,16.665498,16.657300,,0.586800,0.794000,
22,DImprovedSurface,300,4,3220,3219,3217,3219,3196,13096252794806,16.667999,16.680500,,0.000000,0.772900,
22,DImprovedSurface,300,4,3221,3220,3218,3220,3197,13096252961611,16.666306,16.657100,,0.529500,0.568800,
22,DImprovedSurface,300,4,3222,3221,3219,3221,3198,13096253128182,16.666099,16.668600,,0.523100,0.539100,
22,DImprovedSurface,300,4,3223,3222,3220,3222,3199,13096253294868,16.667100,16.671400,,0.517600,0.577200,
22,DImprovedSurface,300,4,3224,3223,3221,3223,3200,13096253461582,16.667297,16.660600,,0.537700,0.702600,
22,DImprovedSurface,300,4,3225,3224,3222,3224,3201,13096253628188,16.666504,16.662300,,0.542200,0.542100,
22,DImprovedSurface,300,4,3226,3225,3223,3225,3202,13096253794811,16.666695,16.674800,,0.000000,0.644300,
22,DImprovedSurface,300,4,3227,3226,3224,3226,3203,13096253961559,16.666198,16.662700,,0.529400,0.526600,
22,DImprovedSurface,300,4,3228,3227,3225,3227,3204,13096254128186,16.829401,16.674200,,0.519200,0.692100,
22,DImprovedSurface,300,4,3229,3228,3226,3228,3205,13096254294928,16.666900,16.657900,,0.459400,0.517700,
22,DImprovedSurface,300,4,3230,3229,3227,3229,3206,13096254461507,16.666900,16.672300,,0.432500,0.548800,
22,DImprovedSurface,300,4,3231,3230,3228,3230,3207,13096254628230,16.666999,16.832500,,0.454400,0.624200,
22,DImprovedSurface,300,4,3232,3231,3229,3231,3208,13096254796555,16.666504,16.666000,,0.000000,0.693000,
22,DImprovedSurface,300,4,3233,3232,3230,3232,3209,13096254963215,16.667198,16.666300,,0.591400,0.685700,
22,DImprovedSurface,300,4,3234,3233,3231,3233,3210,13096255129878,16.666703,16.671200,,0.738400,0.773000,
22,DImprovedSurface,300,4,3235,3234,3232,3234,3211,13096255296590,16.666900,16.670200,,1.016500,0.973600,
22,DImprovedSurface,300,4,3236,3235,3233,3235,3212,13096255463292,16.673101,16.668200,,0.750200,0.688600,
22,DImprovedSurface,300,4,3237,3236,3234,3236,3213,13096255629974,16.667595,16.673000,,0.721400,0.784800,
22,DImprovedSurface,300,4,3238,3237,3235,3237,3214,13096255796704,16.666001,16.656400,,0.000000,1.057400,
22,DImprovedSurface,300,4,3239,3238,3236,3238,3215,13096255963268,16.667603,16.671700,,0.620400,0.662500,
22,DImprovedSurface,300,4,3240,3239,3237,3239,3216,13096256129985,16.666802,16.673500,,0.644600,0.682800,
22,DImprovedSurface,300,4,3241,3240,3238,3240,3217,13096256296720,16.666802,16.654500,,0.672700,0.735500,
22,DImprovedSurface,300,4,3242,3241,3239,3241,3218,13096256463265,16.666496,16.676000,,0.882800,0.665300,
22,DImprovedSurface,300,4,3243,3242,3240,3242,3219,13096256630025,16.670698,16.682900,,0.685400,0.749300,
22,DImprovedSurface,300,4,3244,3243,3241,3243,3220,13096256796854,16.663102,16.649300,,0.000000,0.905000,
22,DImprovedSurface,300,4,3245,3244,3242,3244,3221,13096256963347,16.667496,16.668600,,0.688200,0.784300,
22,DImprovedSurface,300,4,3246,3245,3243,3245,3222,13096257130033,16.666405,16.688200,,0.810100,0.751100,
22,DImprovedSurface,300,4,3247,3246,3244,3246,3223,13096257296915,16.666999,16.643000,,0.714600,0.775600,
22,DImprovedSurface,300,4,3248,3247,3245,3247,3224,13096257463345,16.666900,16.701400,,0.947700,0.826400,
22,DImprovedSurface,300,4,3249,3248,3246,3248,3225,13096257630359,16.666595,16.635400,,0.704200,0.805200,
22,DImprovedSurface,300,4,3250,3249,3247,3249,3226,13096257796713,16.666999,16.668000,,0.000000,0.721300,
22,DImprovedSurface,300,4,3251,3250,3248,3250,3227,13096257963393,16.666602,16.665700,,0.728500,0.684500,
22,DImprovedSurface,300,4,3252,3251,3249,3251,3228,13096258130050,16.667100,16.683500,,0.725900,0.713700,
22,DImprovedSurface,300,4,3253,3252,3250,3252,3229,13096258296885,16.666703,16.646500,,0.713500,0.685200,
22,DImprovedSurface,300,4,3254,3253,3251,3253,3230,13096258463350,16.667198,16.666000,,0.779800,0.896700,
22,DImprovedSurface,300,4,3255,3254,3252,3254,3231,13096258630010,16.666802,16.670600,,0.982700,0.860000,
22,DImprovedSurface,300,4,3256,3255,3253,3255,3232,13096258796716,16.666802,16.669100,,0.000000,0.739800,
22,DImprovedSurface,300,4,3257,3256,3254,3256,3233,13096258963407,16.667396,16.667500,,0.734000,0.848600,
22,DImprovedSurface,300,4,3258,3257,3255,3257,3234,13096259130082,16.666504,16.667400,,0.777100,0.921800,
22,DImprovedSurface,300,4,3259,3258,3256,3258,3235,13096259296756,16.666999,16.664600,,0.875500,0.859800,
22,DImprovedSurface,300,4,3260,3259,3257,3259,3236,13096259463402,16.667496,16.674700,,0.805700,0.967300,
22,DImprovedSurface,300,4,3261,3260,3258,3260,3237,13096259630149,16.666703,16.663900,,0.746600,0.850800,
22,DImprovedSurface,300,4,3262,3261,3259,3261,3238,13096259796788,16.666802,16.662800,,0.000000,0.842400,
22,DImprovedSurface,300,4,3263,3262,3260,3262,3239,13096259963416,16.667502,16.671500,,0.868800,0.860600,
22,DImprovedSurface,300,4,3264,3263,3261,3263,3240,13096260130131,16.666496,16.669400,,1.216300,1.110200,
22,DImprovedSurface,300,4,3265,3264,3262,3264,3241,13096260296825,16.666802,16.666000,,0.940600,0.880900,
22,DImprovedSurface,300,4,3266,3265,3263,3265,3242,13096260463485,16.666900,16.671700,,0.910900,1.056000,
22,DImprovedSurface,300,4,3267,3266,3264,3266,3243,13096260630202,16.667396,16.660800,,0.992800,0.901600,
22,DImprovedSurface,300,4,3268,3267,3265,3267,3244,13096260796810,16.666802,16.670100,,0.000000,0.941500,
22,DImprovedSurface,300,4,3269,3268,3266,3268,3245,13096260963511,16.666397,16.662100,,0.914200,0.853800,
22,DImprovedSurface,300,4,3270,3269,3267,3269,3246,13096261130132,16.666900,16.668000,,0.930500,1.074900,
22,DImprovedSurface,300,4,3271,3270,3268,3270,3247,13096261296812,16.667502,16.675100,,0.910800,0.949800,
22,DImprovedSurface,300,4,3272,3271,3269,3271,3248,13096261463563,16.666703,16.655900,,0.912800,0.889000,
22,DImprovedSurface,300,4,3273,3272,3270,3272,3249,13096261630122,16.666794,16.668600,,1.144900,1.076700,
22,DImprovedSurface,300,4,3274,3273,3271,3273,3250,13096261796808,16.666900,16.671800,,0.000000,1.107300,
22,DImprovedSurface,300,4,3275,3274,3272,3274,3251,13096261963526,16.667105,16.670100,,1.125400,1.169100,
22,DImprovedSurface,300,4,3276,3275,3273,3275,3252,13096262130227,16.666595,16.662200,,1.302400,1.230500,
22,DImprovedSurface,300,4,3277,3276,3274,3276,3253,13096262296849,16.666602,16.733500,,0.921900,0.937400,
22,DImprovedSurface,300,4,3278,3277,3275,3277,3254,13096262464184,16.667198,16.609300,,0.912400,0.863300,
22,DImprovedSurface,300,4,3279,3278,3276,3278,3255,13096262630277,16.667297,16.657400,,1.043700,0.848200,
22,DImprovedSurface,300,4,3280,3279,3277,3279,3256,13096262796851,16.666703,16.664700,,0.000000,0.851300,
22,DImprovedSurface,300,4,3281,3280,3278,3280,3257,13096262963498,16.666299,16.665200,,0.908400,0.942800,
22,DImprovedSurface,300,4,3282,3281,3279,3281,3258,13096263130150,16.667305,16.676500,,0.930900,0.751100,
22,DImprovedSurface,300,4,3283,3282,3280,3282,3259,13096263296915,16.666299,16.657700,,0.746700,0.760800,
22,DImprovedSurface,300,4,3284,3283,3281,3283,3260,13096263463492,16.666703,16.662400,,0.674800,0.689600,
22,DImprovedSurface,300,4,3285,3284,3282,3284,3261,13096263630116,16.667595,16.669100,,0.672000,0.660500,
22,DImprovedSurface,300,4,3286,3285,3283,3285,3262,13096263796807,16.666504,16.654200,,0.000000,0.710100,
22,DImprovedSurface,300,4,3287,3286,3284,3286,3263,13096263963349,16.666802,16.686300,,0.747800,0.835000,
22,DImprovedSurface,300,4,3288,3287,3285,3287,3264,13096264130212,16.666900,16.657300,,0.971800,0.928300,
22,DImprovedSurface,300,4,3289,3288,3286,3288,3265,13096264296785,16.829995,16.668000,,0.677200,0.725700,
22,DImprovedSurface,300,4,3290,3289,3287,3289,3266,13096264463465,16.667403,16.670000,,0.730800,0.687700,
22,DImprovedSurface,300,4,3291,3290,3288,3290,3267,13096264630165,16.666794,16.662400,,0.607200,0.634700,
22,DImprovedSurface,300,4,3292,3291,3289,3291,3268,13096264796789,16.666802,16.826000,,0.000000,0.697900,
22,DImprovedSurface,300,4,3293,3292,3290,3292,3269,13096264965049,16.666999,16.670500,,0.639600,0.634800,
22,DImprovedSurface,300,4,3294,3293,3291,3293,3270,13096265131754,16.666703,16.666200,,0.649500,0.697400,
22,DImprovedSurface,300,4,3295,3294,3292,3294,3271,13096265298416,16.666602,16.666900,,0.678100,0.657900,
22,DImprovedSurface,300,4,3296,3295,3293,3295,3272,13096265465085,16.667198,16.666000,,0.646900,0.678800,
22,DImprovedSurface,300,4,3297,3296,3294,3296,3273,13096265631745,16.666802,16.667900,,0.675900,0.700700,
22,DImprovedSurface,300,4,3298,3297,3295,3297,3274,13096265798424,16.667198,16.665700,,0.000000,0.682300,
22,DImprovedSurface,300,4,3299,3298,3296,3298,3275,13096265965081,16.666703,16.673600,,0.844000,0.831200,
22,DImprovedSurface,300,4,3300,3299,3297,3299,3276,13096266131817,16.666802,16.664200,,0.659500,0.724600,
22,DImprovedSurface,300,4,3301,3300,3298,3300,3277,13096266298459,16.667694,16.688300,,0.786900,0.804100,
22,DImprovedSurface,300,4,3302,3301,3299,3301,3278,13096266465342,16.666198,16.642700,,0.838000,0.738600,
22,DImprovedSurface,300,4,3303,3302,3300,3302,3279,13096266631769,16.667105,16.668900,,0.705700,0.746800,
22,DImprovedSurface,300,4,3304,3303,3301,3303,3280,13096266798458,16.666999,16.671700,,0.000000,0.791300,
22,DImprovedSurface,300,4,3305,3304,3302,3304,3281,13096266965175,16.667100,16.660100,,1.113400,1.015700,
22,DImprovedSurface,300,4,3306,3305,3303,3305,3282,13096267131776,16.666802,16.674400,,1.024800,0.964700,
22,DImprovedSurface,300,4,3307,3306,3304,3306,3283,13096267298520,16.666496,16.673100,,1.083100,0.884700,
22,DImprovedSurface,300,4,3308,3307,3305,3307,3284,13096267465251,16.667198,16.663400,,0.909000,0.844000,
22,DImprovedSurface,300,4,3309,3308,3306,3308,3285,13096267631885,16.667403,16.667100,,0.858800,0.822700,
22,DImprovedSurface,300,4,3310,3309,3307,3309,3286,13096267798556,16.666900,16.665100,,0.000000,0.862400,
22,DImprovedSurface,300,4,3311,3310,3308,3310,3287,13096267965207,16.666595,16.667400,,0.874600,0.857300,
22,DImprovedSurface,300,4,3312,3311,3309,3311,3288,13096268131881,16.667105,16.667500,,0.888400,0.879700,
22,DImprovedSurface,300,4,3313,3312,3310,3312,3289,13096268298556,16.666999,16.666600,,1.180600,1.105300,
22,DImprovedSurface,300,4,3314,3313,3311,3313,3290,13096268465222,16.666900,16.665800,,1.176500,1.424400,
22,DImprovedSurface,300,4,3315,3314,3312,3314,3291,13096268631880,16.666496,16.668600,,0.850000,1.274800,
22,DImprovedSurface,300,4,3316,3315,3313,3315,3292,13096268798566,16.666703,16.667900,,0.000000,1.066300,
22,DImprovedSurface,300,4,3317,3316,3314,3316,3293,13096268965245,16.667595,16.674400,,1.326500,0.964700,
22,DImprovedSurface,300,4,3318,3317,3315,3317,3294,13096269131989,16.666602,16.658200,,1.180100,0.936100,
22,DImprovedSurface,300,4,3319,3318,3316,3318,3295,13096269298571,16.667603,16.673600,,1.402400,0.956800,
22,DImprovedSurface,300,4,3320,3319,3317,3319,3296,13096269465307,16.666695,16.671100,,1.359700,1.175900,
22,DImprovedSurface,300,4,3321,3320,3318,3320,3297,13096269632018,16.667105,16.716100,,0.923500,1.135200,
22,DImprovedSurface,300,4,3322,3321,3319,3321,3298,13096269799179,16.666893,16.612200,,0.000000,0.887700,
22,DImprovedSurface,300,4,3323,3322,3320,3322,3299,13096269965301,16.666703,16.660700,,0.903900,0.649500,
22,DImprovedSurface,300,4,3324,3323,3321,3323,3300,13096270131908,16.666703,16.691100,,0.986100,0.851600,
22,DImprovedSurface,300,4,3325,3324,3322,3324,3301,13096270298819,16.666703,16.643500,,0.737500,0.715700,
22,DImprovedSurface,300,4,3326,3325,3323,3325,3302,13096270465254,16.666794,16.667200,,0.898400,1.015700,
22,DImprovedSurface,300,4,3327,3326,3324,3326,3303,13096270631926,16.666802,16.662200,,0.806300,0.806800,
22,DImprovedSurface,300,4,3328,3327,3325,3327,3304,13096270798548,16.666900,16.663600,,0.000000,0.835300,
22,DImprovedSurface,300,4,3329,3328,3326,3328,3305,13096270965184,16.666504,16.671400,,0.770900,0.873500,
23,DImprovedSurface,300,8,3361,3360,3358,3360,3336,13096277149086,16.667198,16.651400,,0.927300,0.819500,
23,DImprovedSurface,300,8,3362,3361,3359,3361,3337,13096277315600,16.666602,16.669900,,0.913700,1.011700,
23,DImprovedSurface,300,8,3363,3362,3360,3362,3338,13096277482299,16.667100,16.667000,,0.988600,1.081400,
23,DImprovedSurface,300,8,3364,3363,3361,3363,3339,13096277648969,16.666900,16.672200,,0.954000,1.125500,
23,DImprovedSurface,300,8,3365,3364,3362,3364,3340,13096277815691,16.667100,16.666400,,0.907500,0.831600,
23,DImprovedSurface,300,8,3366,3365,3363,3365,3341,13096277982355,16.666999,16.665500,,0.000000,0.888400,
23,DImprovedSurface,300,8,3367,3366,3364,3366,3342,13096278149010,16.666900,16.665700,,0.915800,0.863900,
23,DImprovedSurface,300,8,3368,3367,3365,3367,3343,13096278315667,16.666802,16.671700,,0.928800,1.092900,
23,DImprovedSurface,300,8,3369,3368,3366,3368,3344,13096278482384,16.667100,16.664400,,0.921400,0.888700,
23,DImprovedSurface,300,8,3370,3369,3367,3369,3345,13096278649028,16.667297,16.668000,,0.943000,0.978300,
23,DImprovedSurface,300,8,3371,3370,3368,3370,3346,13096278815708,16.667701,16.666900,,0.912400,0.933600,
23,DImprovedSurface,300,8,3372,3371,3369,3371,3347,13096278982377,16.666900,16.667200,,0.000000,1.135200,
23,DImprovedSurface,300,8,3373,3372,3370,3372,3348,13096279149049,16.666703,16.665100,,1.004000,0.849000,
23,DImprovedSurface,300,8,3374,3373,3371,3373,3349,13096279315700,16.666999,16.672500,,1.026400,0.995700,
23,DImprovedSurface,300,8,3375,3374,3372,3374,3350,13096279482425,16.666695,16.851100,,0.912500,0.852800,
23,DImprovedSurface,300,8,3376,3375,3373,3375,3351,13096279650936,16.666999,16.476400,,0.911900,0.854200,
23,DImprovedSurface,300,8,3377,3376,3374,3376,3352,13096279815700,16.666703,16.663700,,0.909100,0.868500,
23,DImprovedSurface,300,8,3378,3377,3375,3377,3353,13096279982337,16.666802,16.671600,,0.000000,0.847000,
23,DImprovedSurface,300,8,3379,3378,3376,3378,3354,13096280149053,16.666703,16.667800,,0.921200,0.863500,
23,DImprovedSurface,300,8,3380,3379,3377,3379,3355,13096280315731,16.666695,16.663200,,0.906600,0.861100,
23,DImprovedSurface,300,8,3381,3380,3378,3380,3356,13096280482363,16.667305,16.668100,,0.917000,0.972500,
23,DImprovedSurface,300,8,3382,3381,3379,3381,3357,13096280649044,16.666999,16.662900,,0.929600,0.854800,
23,DImprovedSurface,300,8,3383,3382,3380,3382,3358,13096280815673,16.666595,16.667900,,0.935100,0.850500,
23,DImprovedSurface,300,8,3384,3383,3381,3383,3359,13096280982352,16.666405,16.668400,,0.000000,0.771300,
23,DImprovedSurface,300,8,3385,3384,3382,3384,3360,13096281149036,16.667198,16.669600,,0.695400,0.664200,
23,DImprovedSurface,300,8,3386,3385,3383,3385,3361,13096281315732,16.667198,16.655800,,0.641100,0.746500,
23,DImprovedSurface,300,8,3387,3386,3384,3386,3362,13096281482290,16.666802,16.664500,,0.680800,0.758700,
23,DImprovedSurface,300,8,3388,3387,3385,3387,3363,13096281648935,16.666900,16.665000,,0.769700,0.714700,
23,DImprovedSurface,300,8,3389,3388,3386,3388,3364,13096281815585,16.666999,16.675200,,0.798700,0.815800,
23,DImprovedSurface,300,8,3390,3389,3387,3389,3365,13096281982337,16.667100,16.674300,,0.000000,0.882600,
23,DImprovedSurface,300,8,3391,3390,3388,3390,3366,13096282149080,16.667403,16.662700,,1.290900,1.043300,
23,DImprovedSurface,300,8,3392,3391,3389,3391,3367,13096282315707,16.666496,16.669400,,1.431600,1.432100,
23,DImprovedSurface,300,8,3393,3392,3390,3392,3368,13096282482401,16.666802,16.676100,,1.391100,1.494200,
23,DImprovedSurface,300,8,3394,3393,3391,3393,3369,13096282649162,16.666703,16.671100,,1.289900,1.119200,
23,DImprovedSurface,300,8,3395,3394,3392,3394,3370,13096282815873,16.667595,16.661700,,1.186000,1.433400,
23,DImprovedSurface,300,8,3396,3395,3393,3395,3371,13096282982490,16.666602,16.667800,,0.000000,1.230700,
23,DImprovedSurface,300,8,3397,3396,3394,3396,3372,13096283149168,16.667899,16.892400,,1.322000,1.073300,
23,DImprovedSurface,300,8,3398,3397,3395,3397,3373,13096283318092,16.668197,16.441000,,1.295300,1.468500,
23,DImprovedSurface,300,8,3399,3398,3396,3398,3374,13096283482502,16.668105,16.782200,,1.442800,1.227200,
23,DImprovedSurface,300,8,3400,3399,3397,3399,3375,13096283650324,16.664894,16.558700,,1.366500,1.187800,
23,DImprovedSurface,300,8,3401,3400,3398,3400,3376,13096283815911,16.666405,16.687100,,1.032600,1.221600,
23,DImprovedSurface,300,8,3402,3401,3399,3401,3377,13096283982782,16.666198,16.682000,,0.000000,1.557000,
23,DImprovedSurface,300,8,3403,3402,3400,3402,3378,13096284149602,16.667502,16.637400,,1.085000,1.217300,
23,DImprovedSurface,300,8,3404,3403,3401,3403,3379,13096284315976,16.667595,16.672800,,1.409200,1.126300,
23,DImprovedSurface,300,8,3405,3404,3402,3404,3380,13096284482704,16.666703,16.642500,,1.267700,1.208000,
23,DImprovedSurface,300,8,3406,3405,3403,3405,3381,13096284649129,16.666999,16.690200,,1.313400,1.437700,
23,DImprovedSurface,300,8,3407,3406,3404,3406,3382,13096284816031,16.666602,16.655200,,1.324700,1.371900,
23,DImprovedSurface,300,8,3408,3407,3405,3407,3383,13096284982583,16.667396,16.665600,,0.000000,1.151100,
23,DImprovedSurface,300,8,3409,3408,3406,3408,3384,13096285149239,16.666900,16.973900,,1.080500,1.264500,
23,DImprovedSurface,300,8,3410,3409,3407,3409,3385,13096285318978,16.667100,16.350600,,1.519900,1.238300,
23,DImprovedSurface,300,8,3411,3410,3408,3410,3386,13096285482484,16.667198,16.669700,,1.301300,1.463800,
23,DImprovedSurface,300,8,3412,3411,3409,3411,3387,13096285649181,16.687805,16.671900,,1.400800,1.071100,
23,DImprovedSurface,300,8,3413,3412,3410,3412,3388,13096285815900,16.667999,16.662400,,1.487600,1.464500,
23,DImprovedSurface,300,8,3414,3413,3411,3413,3389,13096285982524,16.666198,16.665500,,0.000000,1.209300,
23,DImprovedSurface,300,8,3415,3414,3412,3414,3390,13096286149179,16.667999,16.692600,,1.442500,1.293200,
23,DImprovedSurface,300,8,3416,3415,3413,3415,3391,13096286316105,16.665902,16.669500,,1.345600,1.423100,
23,DImprovedSurface,300,8,3417,3416,3414,3416,3392,13096286482800,16.667800,16.665800,,1.097300,1.220300,
23,DImprovedSurface,300,8,3418,3417,3415,3417,3393,13096286649458,16.666299,16.671000,,1.321300,1.403200,
23,DImprovedSurface,300,8,3419,3418,3416,3418,3394,13096286816168,16.666999,16.660800,,0.916100,0.986200,
23,DImprovedSurface,300,8,3420,3419,3417,3419,3395,13096286982776,16.666504,16.669200,,0.000000,0.883500,
23,DImprovedSurface,300,8,3421,3420,3418,3420,3396,13096287149468,16.667396,16.662700,,0.962600,1.162400,
23,DImprovedSurface,300,8,3422,3421,3419,3421,3397,13096287316095,16.666802,16.664500,,1.341200,1.212500,
23,DImprovedSurface,300,8,3423,3422,3420,3422,3398,13096287482740,16.667403,16.670100,,1.219100,1.409500,
23,DImprovedSurface,300,8,3424,3423,3421,3423,3399,13096287649441,16.667793,16.671800,,1.322300,1.181600,
23,DImprovedSurface,300,8,3425,3424,3422,3424,3400,13096287816159,16.665703,16.662000,,1.354100,1.049500,
23,DImprovedSurface,300,8,3426,3425,3423,3425,3401,13096287982779,16.667100,16.672700,,0.000000,1.126700,
23,DImprovedSurface,300,8,3427,3426,3424,3426,3402,13096288149506,16.666703,16.674600,,1.470100,1.196700,
23,DImprovedSurface,300,8,3428,3427,3425,3427,3403,13096288316252,16.666900,16.648100,,1.221800,0.965300,
23,DImprovedSurface,300,8,3429,3428,3426,3428,3404,13096288482733,16.667198,16.675500,,1.145800,1.068600,
23,DImprovedSurface,300,8,3430,3429,3427,3429,3405,13096288649488,16.668700,16.662600,,1.449400,1.234900,
23,DImprovedSurface,300,8,3431,3430,3428,3430,3406,13096288816114,16.665703,16.665800,,1.428300,1.207300,
23,DImprovedSurface,300,8,3432,3431,3429,3431,3407,13096288982772,16.666900,16.672900,,0.000000,1.146400,
23,DImprovedSurface,300,8,3433,3432,3430,3432,3408,13096289149501,16.920699,16.687800,,1.258200,1.213800,
23,DImprovedSurface,300,8,3434,3433,3431,3433,3409,13096289316379,16.675198,16.647900,,1.431000,1.467500,
23,DImprovedSurface,300,8,3435,3434,3432,3434,3410,13096289482858,16.659198,16.670700,,1.358800,1.419800,
23,DImprovedSurface,300,8,3436,3435,3433,3435,3411,13096289649565,17.118502,16.920300,,1.733100,1.442600,
23,DImprovedSurface,300,8,3437,3436,3434,3436,3412,13096289818768,16.665703,16.705700,,1.390500,1.658100,
23,DImprovedSurface,300,8,3438,3437,3435,3437,3413,13096289985825,16.666999,16.629800,,0.000000,0.928900,
23,DImprovedSurface,300,8,3439,3438,3436,3438,3414,13096290152123,16.666900,17.140900,,1.419200,1.193300,
23,DImprovedSurface,300,8,3440,3439,3437,3439,3415,13096290323532,16.668197,16.628600,,1.365400,1.417900,
23,DImprovedSurface,300,8,3441,3440,3438,3440,3416,13096290489818,16.666802,16.695100,,1.409500,1.246100,
23,DImprovedSurface,300,8,3442,3441,3439,3441,3417,13096290656769,16.667595,16.654000,,1.273100,1.182900,
23,DImprovedSurface,300,8,3443,3442,3440,3442,3418,13096290823309,16.665604,16.691000,,1.763100,1.240300,
23,DImprovedSurface,300,8,3444,3443,3441,3443,3419,13096290990219,16.667396,16.658500,,0.000000,1.239300,
23,DImprovedSurface,300,8,3445,3444,3442,3444,3420,13096291156804,16.666504,16.674500,,1.396500,1.091600,
23,DImprovedSurface,300,8,3446,3445,3443,3445,3421,13096291323549,16.667297,16.641300,,1.266900,1.280200,
23,DImprovedSurface,300,8,3447,3446,3444,3446,3422,13096291489962,16.666602,16.685000,,1.480700,1.202200,
23,DImprovedSurface,300,8,3448,3447,3445,3447,3423,13096291656812,16.667800,16.647400,,1.527800,1.274100,
23,DImprovedSurface,300,8,3449,3448,3446,3448,3424,13096291823286,16.668098,16.702900,,1.414900,1.152900,
23,DImprovedSurface,300,8,3450,3449,3447,3449,3425,13096291990315,16.673299,16.632700,,0.000000,1.162800,
23,DImprovedSurface,300,8,3451,3450,3448,3450,3426,13096292156642,16.672704,16.665300,,1.286000,1.391200,
23,DImprovedSurface,300,8,3452,3451,3449,3451,3427,13096292323295,16.668197,16.693700,,1.503000,1.259600,
23,DImprovedSurface,300,8,3453,3452,3450,3452,3428,13096292490232,16.666198,16.648100,,1.451500,1.785800,
23,DImprovedSurface,300,8,3454,3453,3451,3453,3429,13096292656713,16.667603,16.671600,,1.332700,1.333900,
23,DImprovedSurface,300,8,3455,3454,3452,3454,3430,13096292823429,16.666099,16.669600,,0.985400,1.142600,
23,DImprovedSurface,300,8,3456,3455,3453,3455,3431,13096292990125,16.667297,16.664000,,0.000000,1.042600,
23,DImprovedSurface,300,8,3457,3456,3454,3456,3432,13096293156765,16.666900,16.679600,,1.197000,1.146200,
23,DImprovedSurface,300,8,3458,3457,3455,3457,3433,13096293323561,16.667899,16.654300,,1.250500,1.334700,
23,DImprovedSurface,300,8,3459,3458,3456,3458,3434,13096293490104,16.666405,16.666400,,1.260600,1.170000,
23,DImprovedSurface,300,8,3460,3459,3457,3459,3435,13096293656768,16.780896,16.667300,,1.280000,1.036600,
23,DImprovedSurface,300,8,3461,3460,3458,3460,3436,13096293823441,16.668098,16.669500,,1.250700,0.997800,
23,DImprovedSurface,300,8,3462,3461,3459,3461,3437,13096293990136,16.666001,16.661900,,0.000000,1.185100,
23,DImprovedSurface,300,8,3463,3462,3460,3462,3438,13096294156755,16.667305,16.806500,,1.317700,1.122400,
23,DImprovedSurface,300,8,3464,3463,3461,3463,3439,13096294324820,16.666299,16.664100,,1.302600,1.237200,
23,DImprovedSurface,300,8,3465,3464,3462,3464,3440,13096294491461,16.667800,16.668600,,0.921100,0.873100,
23,DImprovedSurface,300,8,3466,3465,3463,3465,3441,13096294658147,16.666198,16.647200,,1.308900,1.152200,
23,DImprovedSurface,300,8,3467,3466,3464,3466,3442,13096294824619,16.666900,16.658300,,0.990800,0.887900,
23,DImprovedSurface,300,8,3468,3467,3465,3467,3443,13096294991202,16.667100,16.675700,,0.000000,1.333700,
23,DImprovedSurface,300,8,3469,3468,3466,3468,3444,13096295157959,16.666802,16.659100,,1.350100,1.218500,
23,DImprovedSurface,300,8,3470,3469,3467,3469,3445,13096295324550,16.666802,16.679700,,1.199400,0.936500,
23,DImprovedSurface,300,8,3471,3470,3468,3470,3446,13096295491347,16.668098,16.664600,,0.939500,0.891200,
23,DImprovedSurface,300,8,3472,3471,3469,3471,3447,13096295657993,16.666299,16.663200,,1.242300,1.116800,
23,DImprovedSurface,300,8,3473,3472,3470,3472,3448,13096295824625,16.666602,16.661100,,1.512200,1.092400,
23,DImprovedSurface,300,8,3474,3473,3471,3473,3449,13096295991236,16.667198,16.818300,,0.000000,0.863200,
23,DImprovedSurface,300,8,3475,3474,3472,3474,3450,13096296159419,16.985899,16.523100,,1.303900,1.281200,
23,DImprovedSurface,300,8,3476,3475,3473,3475,3451,13096296324650,16.666999,16.658600,,1.143700,1.020000,
23,DImprovedSurface,300,8,3477,3476,3474,3476,3452,13096296491236,16.666703,16.682300,,0.917400,0.945600,
23,DImprovedSurface,300,8,3478,3477,3475,3477,3453,13096296658059,16.666703,16.974100,,0.928800,0.978200,
23,DImprovedSurface,300,8,3479,3478,3476,3478,3454,13096296827800,16.667603,16.659900,,0.911300,0.851400,
23,DImprovedSurface,300,8,3480,3479,3477,3479,3455,13096296994399,16.666496,16.665800,,0.000000,1.161300,
24,DImprovedSurface,300,16,3512,3511,3509,3511,3486,13096307978849,16.667403,16.687400,,1.109300,0.867600,
24,DImprovedSurface,300,16,3513,3512,3510,3512,3487,13096308145723,16.666602,16.665000,,0.000000,1.042700,
24,DImprovedSurface,300,16,3514,3513,3511,3513,3488,13096308312373,16.667396,16.647300,,1.136000,0.914300,
24,DImprovedSurface,300,16,3515,3514,3512,3514,3489,13096308478846,16.666099,16.714200,,1.348400,1.149100,
24,DImprovedSurface,300,16,3516,3515,3513,3515,3490,13096308645988,16.666900,16.615900,,0.935100,0.887400,
24,DImprovedSurface,300,16,3517,3516,3514,3516,3491,13096308812147,16.667502,16.674800,,0.919600,0.954200,
24,DImprovedSurface,300,16,3518,3517,3515,3517,3492,13096308978895,16.666397,16.654200,,0.919800,0.948900,
24,DImprovedSurface,300,16,3519,3518,3516,3518,3493,13096309145437,16.667198,16.662000,,0.000000,0.827300,
24,DImprovedSurface,300,16,3520,3519,3517,3519,3494,13096309312057,16.666802,16.677600,,0.931700,1.036500,
24,DImprovedSurface,300,16,3521,3520,3518,3520,3495,13096309478833,16.667701,16.662900,,0.905700,0.911800,
24,DImprovedSurface,300,16,3522,3521,3519,3521,3496,13096309645462,16.666496,16.667300,,0.911100,0.897800,
24,DImprovedSurface,300,16,3523,3522,3520,3522,3497,13096309812135,16.666405,16.661300,,0.917200,1.098500,
24,DImprovedSurface,300,16,3524,3523,3521,3523,3498,13096309978748,16.666999,16.674000,,0.913400,0.934600,
24,DImprovedSurface,300,16,3525,3524,3522,3524,3499,13096310145488,16.667100,16.665100,,0.000000,0.887600,
24,DImprovedSurface,300,16,3526,3525,3523,3525,3500,13096310312139,16.667198,16.664800,,0.937500,0.841200,
24,DImprovedSurface,300,16,3527,3526,3524,3526,3501,13096310478787,16.670600,16.669500,,0.926700,0.858600,
24,DImprovedSurface,300,16,3528,3527,3525,3527,3502,13096310645482,16.666099,16.670000,,0.912600,0.877800,
24,DImprovedSurface,300,16,3529,3528,3526,3528,3503,13096310812182,16.667206,16.661100,,0.770700,0.828200,
24,DImprovedSurface,300,16,3530,3529,3527,3529,3504,13096310978793,16.667297,16.669300,,0.909000,0.876300,
24,DImprovedSurface,300,16,3531,3530,3528,3530,3505,13096311145486,16.666703,16.661300,,0.000000,0.888200,
24,DImprovedSurface,300,16,3532,3531,3529,3531,3506,13096311312099,16.667100,16.672300,,0.914400,0.867000,
24,DImprovedSurface,300,16,3533,3532,3530,3532,3507,13096311478822,16.666099,16.679300,,0.959700,0.935400,
24,DImprovedSurface,300,16,3534,3533,3531,3533,3508,13096311645615,16.666802,16.657300,,1.018400,0.851800,
24,DImprovedSurface,300,16,3535,3534,3532,3534,3509,13096311812188,16.666794,16.672600,,0.918800,0.900800,
24,DImprovedSurface,300,16,3536,3535,3533,3535,3510,13096311978914,16.667206,16.655800,,0.949100,1.225900,
24,DImprovedSurface,300,16,3537,3536,3534,3536,3511,13096312145472,16.666695,16.664300,,0.000000,0.966200,
24,DImprovedSurface,300,16,3538,3537,3535,3537,3512,13096312312115,16.668303,16.699900,,1.181200,0.943500,
24,DImprovedSurface,300,16,3539,3538,3536,3538,3513,13096312479114,16.666299,16.630000,,1.174700,1.026100,
24,DImprovedSurface,300,16,3540,3539,3537,3539,3514,13096312645414,16.667502,16.691600,,1.020700,0.877300,
24,DImprovedSurface,300,16,3541,3540,3538,3540,3515,13096312812330,16.666900,16.658700,,1.206700,1.086600,
24,DImprovedSurface,300,16,3542,3541,3539,3541,3516,13096312978917,16.666802,16.661700,,1.285300,1.075600,
24,DImprovedSurface,300,16,3543,3542,3540,3542,3517,13096313145534,16.666794,16.676500,,0.000000,1.067200,
24,DImprovedSurface,300,16,3544,3543,3541,3543,3518,13096313312299,16.667100,16.664500,,0.913400,1.087100,
24,DImprovedSurface,300,16,3545,3544,3542,3544,3519,13096313478944,16.666703,16.668900,,1.051800,0.976800,
24,DImprovedSurface,300,16,3546,3545,3543,3545,3520,13096313645633,16.666999,16.657600,,0.964800,1.020300,
24,DImprovedSurface,300,16,3547,3546,3544,3546,3521,13096313812209,16.666999,16.675000,,0.923000,1.206700,
24,DImprovedSurface,300,16,3548,3547,3545,3547,3522,13096313978959,16.666900,16.661700,,1.320400,1.024500,
24,DImprovedSurface,300,16,3549,3548,3546,3548,3523,13096314145576,16.666602,16.665800,,0.000000,0.948300,
24,DImprovedSurface,300,16,3550,3549,3547,3549,3524,13096314312234,16.667396,16.679100,,2.369600,1.197900,
24,DImprovedSurface,300,16,3551,3550,3548,3550,3525,13096314479025,16.667100,16.659100,,1.126800,1.084700,
24,DImprovedSurface,300,16,3552,3551,3549,3551,3526,13096314645616,16.667305,16.961200,,1.193700,1.185900,
24,DImprovedSurface,300,16,3553,3552,3550,3552,3527,13096314815228,16.666999,16.385600,,1.241100,1.193600,
24,DImprovedSurface,300,16,3554,3553,3551,3553,3528,13096314979084,16.666198,16.658200,,1.349700,1.455900,
24,DImprovedSurface,300,16,3555,3554,3552,3554,3529,13096315145666,16.667603,16.676000,,0.000000,0.988800,
24,DImprovedSurface,300,16,3556,3555,3553,3555,3530,13096315312426,16.666496,16.656800,,1.336300,1.044700,
24,DImprovedSurface,300,16,3557,3556,3554,3556,3531,13096315478994,16.667198,16.661800,,1.165200,0.825200,
24,DImprovedSurface,300,16,3558,3557,3555,3557,3532,13096315645612,16.666703,16.669700,,0.921000,1.032600,
24,DImprovedSurface,300,16,3559,3558,3556,3558,3533,13096315812309,16.666198,16.664300,,1.152500,1.036600,
24,DImprovedSurface,300,16,3560,3559,3557,3559,3534,13096315978952,16.667305,16.667400,,0.967200,0.956400,
24,DImprovedSurface,300,16,3561,3560,3558,3560,3535,13096316145626,16.667198,16.663400,,0.000000,0.893200,
24,DImprovedSurface,300,16,3562,3561,3559,3561,3536,13096316312260,16.666802,16.667700,,1.233000,0.897500,
24,DImprovedSurface,300,16,3563,3562,3560,3562,3537,13096316478937,16.667198,16.669100,,1.071000,1.079800,
24,DImprovedSurface,300,16,3564,3563,3561,3563,3538,13096316645628,16.666397,16.668100,,1.130500,0.981600,
24,DImprovedSurface,300,16,3565,3564,3562,3564,3539,13096316812309,16.666999,16.662500,,0.929400,1.082900,
24,DImprovedSurface,300,16,3566,3565,3563,3565,3540,13096316978934,16.666900,16.668200,,1.146500,1.096500,
24,DImprovedSurface,300,16,3567,3566,3564,3566,3541,13096317145616,16.666802,16.662100,,0.000000,0.907000,
24,DImprovedSurface,300,16,3568,3567,3565,3567,3542,13096317312237,16.666099,16.667700,,0.922300,0.859600,
24,DImprovedSurface,300,16,3569,3568,3566,3568,3543,13096317478914,16.666999,16.667300,,0.777500,0.785100,
24,DImprovedSurface,300,16,3570,3569,3567,3569,3544,13096317645587,16.667206,16.667100,,0.850800,0.812900,
24,DImprovedSurface,300,16,3571,3570,3568,3570,3545,13096317812258,16.667496,16.662900,,0.866700,1.058200,
24,DImprovedSurface,300,16,3572,3571,3569,3571,3546,13096317978887,16.666602,16.662800,,0.908700,0.992000,
24,DImprovedSurface,300,16,3573,3572,3570,3572,3547,13096318145515,16.666999,16.671700,,0.000000,0.821900,
24,DImprovedSurface,300,16,3574,3573,3571,3573,3548,13096318312232,16.666999,16.668400,,0.820200,0.883600,
24,DImprovedSurface,300,16,3575,3574,3572,3574,3549,13096318478916,16.667595,16.672600,,0.880700,0.857600,
24,DImprovedSurface,300,16,3576,3575,3573,3575,3550,13096318645642,16.865702,16.663400,,0.976000,1.005300,
24,DImprovedSurface,300,16,3577,3576,3574,3576,3551,13096318812276,16.668197,16.670900,,1.134000,0.907100,
24,DImprovedSurface,300,16,3578,3577,3575,3577,3552,13096318978985,16.665604,16.677800,,1.444100,1.148800,
24,DImprovedSurface,300,16,3579,3578,3576,3578,3553,13096319145763,16.676998,16.903300,,0.000000,0.881700,
24,DImprovedSurface,300,16,3580,3579,3577,3579,3554,13096319314796,16.657298,16.641500,,0.920400,0.982000,
24,DImprovedSurface,300,16,3581,3580,3578,3580,3555,13096319481211,16.666703,16.644500,,0.916300,1.040000,
24,DImprovedSurface,300,16,3582,3581,3579,3581,3556,13096319647656,16.667502,16.675300,,1.146400,0.885800,
24,DImprovedSurface,300,16,3583,3582,3580,3582,3557,13096319814409,16.667999,16.655500,,1.240900,3.516500,
24,DImprovedSurface,300,16,3584,3583,3581,3583,3558,13096319980964,16.665597,16.667300,,1.179100,1.064100,
24,DImprovedSurface,300,16,3585,3584,3582,3584,3559,13096320147637,16.666602,16.675200,,0.000000,1.075000,
24,DImprovedSurface,300,16,3586,3585,3583,3585,3560,13096320314389,16.666802,16.690700,,0.935300,0.946500,
24,DImprovedSurface,300,16,3587,3586,3584,3586,3561,13096320481296,16.667396,16.633500,,0.849000,0.771900,
24,DImprovedSurface,300,16,3588,3587,3585,3587,3562,13096320647631,16.666602,16.671600,,0.949100,1.040100,
24,DImprovedSurface,300,16,3589,3588,3586,3588,3563,13096320814347,16.666695,16.667500,,0.918700,1.118600,
24,DImprovedSurface,300,16,3590,3589,3587,3589,3564,13096320981022,16.666602,16.668600,,1.329800,0.921500,
24,DImprovedSurface,300,16,3591,3590,3588,3590,3565,13096321147708,16.667403,16.666800,,0.000000,0.931500,
24,DImprovedSurface,300,16,3592,3591,3589,3591,3566,13096321314376,16.666496,16.662100,,0.935300,1.068600,
24,DImprovedSurface,300,16,3593,3592,3590,3592,3567,13096321480997,16.666900,16.664400,,0.929500,0.852800,
24,DImprovedSurface,300,16,3594,3593,3591,3593,3568,13096321647641,16.666802,16.667300,,1.167000,0.911600,
24,DImprovedSurface,300,16,3595,3594,3592,3594,3569,13096321814314,16.666900,16.667900,,0.928800,1.044900,
24,DImprovedSurface,300,16,3596,3595,3593,3595,3570,13096321980993,16.666802,16.670700,,0.908200,1.167400,
24,DImprovedSurface,300,16,3597,3596,3594,3596,3571,13096322147700,16.667496,16.663900,,0.000000,0.888300,
24,DImprovedSurface,300,16,3598,3597,3595,3597,3572,13096322314339,16.666703,16.668700,,1.301300,1.039600,
24,DImprovedSurface,300,16,3599,3598,3596,3598,3573,13096322481026,16.666900,16.663500,,1.015900,1.154400,
24,DImprovedSurface,300,16,3600,3599,3597,3599,3574,13096322647661,16.667396,16.680600,,0.915600,1.132500,
24,DImprovedSurface,300,16,3601,3600,3598,3600,3575,13096322814467,16.666999,16.655900,,1.182400,0.959200,
24,DImprovedSurface,300,16,3602,3601,3599,3601,3576,13096322981026,16.666802,16.667200,,0.918400,0.850200,
24,DImprovedSurface,300,16,3603,3602,3600,3602,3577,13096323147698,16.719097,16.680700,,0.000000,1.093800,
24,DImprovedSurface,300,16,3604,3603,3601,3603,3578,13096323314505,16.668007,16.654700,,0.980100,0.880100,
24,DImprovedSurface,300,16,3605,3604,3602,3604,3579,13096323481052,16.665695,16.673600,,1.105800,0.921000,
24,DImprovedSurface,300,16,3606,3605,3603,3605,3580,13096323647788,16.680704,16.717900,,1.054600,0.976600,
24,DImprovedSurface,300,16,3607,3606,3604,3606,3581,13096323814967,16.667100,16.668400,,1.112300,0.955800,
24,DImprovedSurface,300,16,3608,3607,3605,3607,3582,13096323981651,16.689399,16.661800,,1.196700,0.956600,
24,DImprovedSurface,300,16,3609,3608,3606,3608,3583,13096324148269,16.666802,16.680000,,0.000000,1.159200,
24,DImprovedSurface,300,16,3610,3609,3607,3609,3584,13096324315069,16.666802,16.671700,,0.927500,0.889700,
24,DImprovedSurface,300,16,3611,3610,3608,3610,3585,13096324481786,16.667496,16.690700,,0.985000,0.893700,
24,DImprovedSurface,300,16,3612,3611,3609,3611,3586,13096324648693,16.666198,16.659300,,1.276800,0.908000,
24,DImprovedSurface,300,16,3613,3612,3610,3612,3587,13096324815286,16.666802,16.665000,,0.930100,0.903200,
24,DImprovedSurface,300,16,3614,3613,3611,3613,3588,13096324981936,16.667198,16.691600,,1.188500,0.970000,
24,DImprovedSurface,300,16,3615,3614,3612,3614,3589,13096325148852,16.667305,16.643900,,0.000000,0.827600,
24,DImprovedSurface,300,16,3616,3615,3613,3615,3590,13096325315291,16.666397,16.669500,,1.014600,0.854200,
24,DImprovedSurface,300,16,3617,3616,3614,3616,3591,13096325481986,16.666299,16.664300,,0.929400,0.983600,
24,DImprovedSurface,300,16,3618,3617,3615,3617,3592,13096325648629,16.666999,16.671700,,0.911400,1.065200,
24,DImprovedSurface,300,16,3619,3618,3616,3618,3593,13096325815346,16.667502,16.655900,,1.339500,1.165000,
24,DImprovedSurface,300,16,3620,3619,3617,3619,3594,13096325981905,16.666900,16.666200,,0.910500,0.985100,
24,DImprovedSurface,300,16,3621,3620,3618,3620,3595,13096326148567,16.666496,16.711700,,0.000000,0.958500,
24,DImprovedSurface,300,16,3622,3621,3619,3621,3596,13096326315684,16.666802,16.623100,,0.593200,0.690900,
24,DImprovedSurface,300,16,3623,3622,3620,3622,3597,13096326481915,16.666900,16.667400,,0.597700,0.738700,
24,DImprovedSurface,300,16,3624,3623,3621,3623,3598,13096326648589,16.666703,16.660800,,0.636700,0.677200,
24,DImprovedSurface,300,16,3625,3624,3622,3624,3599,13096326815197,16.666595,16.668000,,0.650300,0.636600,
24,DImprovedSurface,300,16,3626,3625,3623,3625,3600,13096326981877,16.666999,16.677000,,0.655400,0.608600,
24,DImprovedSurface,300,16,3627,3626,3624,3626,3601,13096327148647,16.667105,16.785200,,0.000000,0.757200,
24,DImprovedSurface,300,16,3628,3627,3625,3627,3602,13096327316499,16.667297,16.533700,,0.662800,0.612400,
24,DImprovedSurface,300,16,3629,3628,3626,3628,3603,13096327481836,16.666602,16.673000,,1.073200,1.095200,
24,DImprovedSurface,300,16,3630,3629,3627,3629,3604,13096327648566,16.666595,16.662600,,0.864800,0.843700,
24,DImprovedSurface,300,16,3631,3630,3628,3630,3605,13096327815192,16.666999,16.675900,,0.783200,0.903800,
25,DImprovedSurface,600,1,3663,3662,3660,3662,3636,13096334086277,16.667198,16.662200,,0.951000,0.844400,
25,DImprovedSurface,600,1,3664,3663,3661,3663,3637,13096334252899,16.666397,16.668300,,0.940400,0.851800,
25,DImprovedSurface,600,1,3665,3664,3662,3664,3638,13096334419582,16.666504,16.681200,,1.106000,0.979300,
25,DImprovedSurface,600,1,3666,3665,3663,3665,3639,13096334586394,16.666999,16.668600,,0.933800,1.035600,
25,DImprovedSurface,600,1,3667,3666,3664,3666,3640,13096334753080,16.666999,16.663100,,0.000000,0.887400,
25,DImprovedSurface,600,1,3668,3667,3665,3667,3641,13096334919711,16.666802,16.667400,,1.051500,0.937800,
25,DImprovedSurface,600,1,3669,3668,3666,3668,3642,13096335086385,16.667198,16.661900,,0.983100,0.822000,
25,DImprovedSurface,600,1,3670,3669,3667,3669,3643,13096335253004,16.666703,16.681700,,0.908700,0.892500,
25,DImprovedSurface,600,1,3671,3670,3668,3670,3644,13096335419821,16.666802,16.686200,,0.912900,0.912600,
25,DImprovedSurface,600,1,3672,3671,3669,3671,3645,13096335586683,16.667396,16.672000,,0.902500,1.037100,
25,DImprovedSurface,600,1,3673,3672,3670,3672,3646,13096335753403,16.666802,16.630900,,0.000000,0.905100,
25,DImprovedSurface,600,1,3674,3673,3671,3673,3647,13096335919712,16.670203,16.665300,,1.171400,0.927200,
25,DImprovedSurface,600,1,3675,3674,3672,3674,3648,13096336086365,16.664399,16.668200,,0.934800,0.860300,
25,DImprovedSurface,600,1,3676,3675,3673,3675,3649,13096336253047,16.666001,16.875500,,1.025000,0.824300,
25,DImprovedSurface,600,1,3677,3676,3674,3676,3650,13096336421802,16.692694,16.474500,,0.900000,0.920800,
25,DImprovedSurface,600,1,3678,3677,3675,3677,3651,13096336586547,16.666504,16.643400,,0.956800,0.981100,
25,DImprovedSurface,600,1,3679,3678,3676,3678,3652,13096336752981,16.667603,16.669500,,0.000000,0.824800,
25,DImprovedSurface,600,1,3680,3679,3677,3679,3653,13096336919676,16.666999,16.691000,,0.911900,0.909800,
25,DImprovedSurface,600,1,3681,3680,3678,3680,3654,13096337086586,16.666496,16.665800,,0.926500,0.912000,
25,DImprovedSurface,600,1,3682,3681,3679,3681,3655,13096337253244,16.666802,16.674800,,0.973500,1.042000,
25,DImprovedSurface,600,1,3683,3682,3680,3682,3656,13096337419992,16.667198,16.664600,,0.893700,0.981800,
25,DImprovedSurface,600,1,3684,3683,3681,3683,3657,13096337586638,16.685899,16.666400,,0.908500,0.964600,
25,DImprovedSurface,600,1,3685,3684,3682,3684,3658,13096337753302,16.667305,16.664600,,0.000000,0.874900,
25,DImprovedSurface,600,1,3686,3685,3683,3685,3659,13096337919948,16.730797,16.671900,,0.912600,1.160600,
25,DImprovedSurface,600,1,3687,3686,3684,3686,3660,13096338086667,16.666900,16.682200,,0.953900,0.976300,
25,DImprovedSurface,600,1,3688,3687,3685,3687,3661,13096338253489,16.667701,16.664500,,0.904800,0.850100,
25,DImprovedSurface,600,1,3689,3688,3686,3688,3662,13096338420134,16.666099,16.908700,,0.913800,0.822500,
25,DImprovedSurface,600,1,3690,3689,3687,3689,3663,13096338589221,16.667502,16.493300,,0.924700,0.988400,
25,DImprovedSurface,600,1,3691,3690,3688,3690,3664,13096338754154,16.666496,16.702800,,0.000000,0.837900,
25,DImprovedSurface,600,1,3692,3691,3689,3691,3665,13096338921182,16.667198,16.656100,,1.027600,0.947500,
25,DImprovedSurface,600,1,3693,3692,3690,3692,3666,13096339087743,16.666900,16.636000,,1.000800,0.859600,
25,DImprovedSurface,600,1,3694,3693,3691,3693,3667,13096339254103,16.666703,16.675400,,0.958100,0.831000,
25,DImprovedSurface,600,1,3695,3694,3692,3694,3668,13096339420857,16.666999,16.671200,,0.941000,0.938200,
25,DImprovedSurface,600,1,3696,3695,3693,3695,3669,13096339587569,16.666900,16.670200,,0.989400,0.972500,
25,DImprovedSurface,600,1,3697,3696,3694,3696,3670,13096339754271,16.667701,16.665000,,0.000000,0.883000,
25,DImprovedSurface,600,1,3698,3697,3695,3697,3671,13096339920921,16.665597,16.669400,,0.925400,1.035900,
25,DImprovedSurface,600,1,3699,3698,3696,3698,3672,13096340087615,16.667701,16.663100,,1.500900,0.943000,
25,DImprovedSurface,600,1,3700,3699,3697,3699,3673,13096340254246,16.669303,16.668600,,1.306300,0.834100,
25,DImprovedSurface,600,1,3701,3700,3698,3700,3674,13096340420932,16.663896,16.664800,,0.931100,0.871000,
25,DImprovedSurface,600,1,3702,3701,3699,3701,3675,13096340587580,16.666504,16.672300,,0.933100,0.878500,
25,DImprovedSurface,600,1,3703,3702,3700,3702,3676,13096340754303,16.667701,16.677600,,0.000000,0.869400,
25,DImprovedSurface,600,1,3704,3703,3701,3703,3677,13096340921079,16.666595,16.650100,,0.969800,0.916100,
25,DImprovedSurface,600,1,3705,3704,3702,3704,3678,13096341087580,16.666900,16.660700,,0.934600,0.906100,
25,DImprovedSurface,600,1,3706,3705,3703,3705,3679,13096341254187,16.667100,16.673000,,0.951600,1.167400,
25,DImprovedSurface,600,1,3707,3706,3704,3706,3680,13096341420917,16.667206,16.666800,,0.996900,0.882900,
25,DImprovedSurface,600,1,3708,3707,3705,3707,3681,13096341587585,16.666397,16.663800,,1.015400,0.870800,
25,DImprovedSurface,600,1,3709,3708,3706,3708,3682,13096341754223,16.666999,16.666600,,0.000000,0.867300,
25,DImprovedSurface,600,1,3710,3709,3707,3709,3683,13096341920889,16.666703,16.668600,,0.923100,0.949300,
25,DImprovedSurface,600,1,3711,3710,3708,3710,3684,13096342087575,16.667800,16.667900,,1.166400,0.861900,
25,DImprovedSurface,600,1,3712,3711,3709,3711,3685,13096342254254,16.666595,16.676200,,0.928200,0.892200,
25,DImprovedSurface,600,1,3713,3712,3710,3712,3686,13096342421016,16.667100,16.686900,,0.879500,0.914100,
25,DImprovedSurface,600,1,3714,3713,3711,3713,3687,13096342587885,16.668303,16.632800,,0.853800,0.849700,
25,DImprovedSurface,600,1,3715,3714,3712,3714,3688,13096342754213,16.666397,16.664400,,0.000000,0.884400,
25,DImprovedSurface,600,1,3716,3715,3713,3715,3689,13096342920857,16.666198,16.670100,,1.168400,0.859100,
25,DImprovedSurface,600,1,3717,3716,3714,3716,3690,13096343087558,16.669806,16.675300,,1.021800,0.868400,
25,DImprovedSurface,600,1,3718,3717,3715,3717,3691,13096343254311,16.665895,16.668900,,0.900800,0.851600,
25,DImprovedSurface,600,1,3719,3718,3716,3718,3692,13096343421000,16.666900,16.747700,,0.912800,0.851600,
25,DImprovedSurface,600,1,3720,3719,3717,3719,3693,13096343588477,16.666999,16.578400,,0.926900,0.939000,
25,DImprovedSurface,600,1,3721,3720,3718,3720,3694,13096343754261,16.666900,16.665900,,0.000000,0.868800,
25,DImprovedSurface,600,1,3722,3721,3719,3721,3695,13096343920920,16.667403,16.669300,,0.929400,1.226500,
25,DImprovedSurface,600,1,3723,3722,3720,3722,3696,13096344087613,16.666695,16.666500,,0.955800,0.877200,
25,DImprovedSurface,600,1,3724,3723,3721,3723,3697,13096344254278,16.667206,16.668600,,0.910700,0.852000,
25,DImprovedSurface,600,1,3725,3724,3722,3724,3698,13096344420964,16.666397,16.670400,,0.918200,1.148700,
25,DImprovedSurface,600,1,3726,3725,3723,3725,3699,13096344587668,16.667403,16.667500,,0.884000,1.027900,
25,DImprovedSurface,600,1,3727,3726,3724,3726,3700,13096344754343,16.666695,16.674000,,0.000000,0.840600,
25,DImprovedSurface,600,1,3728,3727,3725,3727,3701,13096344921083,16.666703,16.670800,,0.928800,0.978700,
25,DImprovedSurface,600,1,3729,3728,3726,3728,3702,13096345087791,16.666999,16.655000,,0.988700,0.977100,
25,DImprovedSurface,600,1,3730,3729,3727,3729,3703,13096345254341,16.668303,16.667100,,0.910300,1.120500,
25,DImprovedSurface,600,1,3731,3730,3728,3730,3704,13096345421012,16.665597,16.683200,,0.911600,1.096700,
25,DImprovedSurface,600,1,3732,3731,3729,3731,3705,13096345587844,16.666802,16.650900,,1.330700,1.148400,
25,DImprovedSurface,600,1,3733,3732,3730,3732,3706,13096345754353,16.666099,16.676500,,0.000000,1.101500,
25,DImprovedSurface,600,1,3734,3733,3731,3733,3707,13096345921118,16.666900,16.666000,,0.909800,0.870300,
25,DImprovedSurface,600,1,3735,3734,3732,3734,3708,13096346087778,16.666695,16.746400,,0.910300,0.782400,
25,DImprovedSurface,600,1,3736,3735,3733,3735,3709,13096346255242,16.667007,16.566500,,0.852600,0.854000,
25,DImprovedSurface,600,1,3737,3736,3734,3736,3710,13096346420907,16.666999,16.667600,,0.791900,0.871900,
25,DImprovedSurface,600,1,3738,3737,3735,3737,3711,13096346587583,16.667595,16.666600,,0.843400,1.071800,
25,DImprovedSurface,600,1,3739,3738,3736,3738,3712,13096346754249,16.666306,16.670600,,0.000000,0.846100,
25,DImprovedSurface,600,1,3740,3739,3737,3739,3713,13096346920955,16.667396,16.663400,,0.825700,0.881800,
25,DImprovedSurface,600,1,3741,3740,3738,3740,3714,13096347087589,16.666397,16.670200,,0.929300,0.826400,
25,DImprovedSurface,600,1,3742,3741,3739,3741,3715,13096347254291,16.667403,16.667100,,0.821100,0.793700,
25,DImprovedSurface,600,1,3743,3742,3740,3742,3716,13096347420962,16.666703,16.667800,,1.073700,0.861300,
25,DImprovedSurface,600,1,3744,3743,3741,3743,3717,13096347587640,16.667100,16.669600,,1.016000,0.831700,
25,DImprovedSurface,600,1,3745,3744,3742,3744,3718,13096347754336,16.667496,16.675200,,0.000000,0.881700,
25,DImprovedSurface,600,1,3746,3745,3743,3745,3719,13096347921088,16.811302,16.657900,,1.156600,0.832900,
25,DImprovedSurface,600,1,3747,3746,3744,3746,3720,13096348087667,16.666802,16.671100,,0.932200,0.870700,
25,DImprovedSurface,600,1,3748,3747,3745,3747,3721,13096348254378,16.764896,16.903700,,0.910400,0.975300,
25,DImprovedSurface,600,1,3749,3748,3746,3748,3722,13096348423415,16.667007,16.766500,,1.003500,0.838200,
25,DImprovedSurface,600,1,3750,3749,3747,3749,3723,13096348591080,16.666893,16.473000,,0.926700,0.900400,
25,DImprovedSurface,600,1,3751,3750,3748,3750,3724,13096348755810,16.667305,16.824200,,0.000000,0.902700,
25,DImprovedSurface,600,1,3752,3751,3749,3751,3725,13096348924052,16.666802,16.607600,,0.962300,0.870600,
25,DImprovedSurface,600,1,3753,3752,3750,3752,3726,13096349090128,16.666695,16.664600,,0.922900,0.976500,
25,DImprovedSurface,600,1,3754,3753,3751,3753,3727,13096349256774,16.666306,16.669900,,0.906800,0.863400,
25,DImprovedSurface,600,1,3755,3754,3752,3754,3728,13096349423473,16.667198,16.668900,,0.914600,0.905400,
25,DImprovedSurface,600,1,3756,3755,3753,3755,3729,13096349590162,16.667603,16.669300,,0.927100,0.901100,
25,DImprovedSurface,600,1,3757,3756,3754,3756,3730,13096349756855,16.666496,16.659400,,0.000000,1.088300,
25,DImprovedSurface,600,1,3758,3757,3755,3757,3731,13096349923449,16.667198,16.684300,,0.980800,1.150100,
25,DImprovedSurface,600,1,3759,3758,3756,3758,3732,13096350090292,16.666999,16.792400,,1.394800,1.207600,
25,DImprovedSurface,600,1,3760,3759,3757,3759,3733,13096350258216,16.666900,16.531800,,0.913400,0.840400,
25,DImprovedSurface,600,1,3761,3760,3758,3760,3734,13096350423534,16.666504,16.665100,,0.913500,0.832100,
25,DImprovedSurface,600,1,3762,3761,3759,3761,3735,13096350590185,16.666900,16.676000,,0.945600,0.868300,
25,DImprovedSurface,600,1,3763,3762,3760,3762,3736,13096350756945,16.666999,16.656300,,0.000000,0.921400,
25,DImprovedSurface,600,1,3764,3763,3761,3763,3737,13096350923508,16.667297,16.669600,,0.982300,0.893800,
25,DImprovedSurface,600,1,3765,3764,3762,3764,3738,13096351090204,16.666703,16.665900,,1.174200,0.974700,
25,DImprovedSurface,600,1,3766,3765,3763,3765,3739,13096351256863,16.666099,16.665900,,0.989400,0.865600,
25,DImprovedSurface,600,1,3767,3766,3764,3766,3740,13096351423522,16.668197,16.667600,,0.911900,0.927700,
25,DImprovedSurface,600,1,3768,3767,3765,3767,3741,13096351590198,16.666802,16.680200,,1.324900,1.122100,
25,DImprovedSurface,600,1,3769,3768,3766,3768,3742,13096351757000,16.666802,16.666800,,0.000000,0.877300,
25,DImprovedSurface,600,1,3770,3769,3767,3769,3743,13096351923668,16.666198,16.655300,,0.936300,1.049000,
25,DImprovedSurface,600,1,3771,3770,3768,3770,3744,13096352090221,16.666703,16.666300,,0.911200,0.937200,
25,DImprovedSurface,600,1,3772,3771,3769,3771,3745,13096352256884,16.667496,16.660600,,0.941600,0.854200,
25,DImprovedSurface,600,1,3773,3772,3770,3772,3746,13096352423490,16.666602,16.665900,,0.943400,1.073500,
25,DImprovedSurface,600,1,3774,3773,3771,3773,3747,13096352590149,16.667100,16.666200,,0.910400,1.194200,
25,DImprovedSurface,600,1,3775,3774,3772,3774,3748,13096352756811,16.666999,16.673600,,0.000000,0.865400,
25,DImprovedSurface,600,1,3776,3775,3773,3775,3749,13096352923547,16.667100,16.663700,,0.953600,0.874000,
25,DImprovedSurface,600,1,3777,3776,3774,3776,3750,13096353090184,16.666999,16.665000,,1.031500,1.008700,
25,DImprovedSurface,600,1,3778,3777,3775,3777,3751,13096353256834,16.707703,16.668900,,0.909500,0.816400,
25,DImprovedSurface,600,1,3779,3778,3776,3778,3752,13096353423523,16.666001,16.665700,,1.080300,0.893200,
25,DImprovedSurface,600,1,3780,3779,3777,3779,3753,13096353590180,16.667701,16.673300,,0.914100,0.835800,
25,DImprovedSurface,600,1,3781,3780,3778,3780,3754,13096353756913,16.666794,16.705200,,0.000000,0.860100,
25,DImprovedSurface,600,1,3782,3781,3779,3781,3755,13096353923965,16.667403,16.661000,,0.822700,0.774700,
26,DImprovedSurface,600,4,3814,3813,3811,3813,3786,13096360545395,16.667198,16.661400,,0.000000,0.788000,
26,DImprovedSurface,600,4,3815,3814,3812,3814,3787,13096360712009,16.666602,16.875500,,0.916600,0.845000,
26,DImprovedSurface,600,4,3816,3815,3813,3815,3788,13096360880764,16.668502,16.458600,,0.906400,0.893600,
26,DImprovedSurface,600,4,3817,3816,3814,3816,3789,13096361045350,16.665695,16.666700,,0.951300,0.815600,
26,DImprovedSurface,600,4,3818,3817,3815,3817,3790,13096361212017,16.666602,16.664600,,1.016500,0.855100,
26,DImprovedSurface,600,4,3819,3818,3816,3818,3791,13096361378663,16.666900,16.746700,,0.912200,0.807900,
26,DImprovedSurface,600,4,3820,3819,3817,3819,3792,13096361546130,16.666595,16.588200,,0.000000,0.915700,
26,DImprovedSurface,600,4,3821,3820,3818,3820,3793,13096361712012,16.667305,16.668000,,0.900000,0.761500,
26,DImprovedSurface,600,4,3822,3821,3819,3821,3794,13096361878692,16.666900,16.666700,,0.907600,0.853700,
26,DImprovedSurface,600,4,3823,3822,3820,3822,3795,13096362045359,16.666802,16.660900,,0.931600,0.820300,
26,DImprovedSurface,600,4,3824,3823,3821,3823,3796,13096362211968,16.666397,16.675600,,0.944100,0.929000,
26,DImprovedSurface,600,4,3825,3824,3822,3824,3797,13096362378724,16.667198,16.692400,,0.921800,1.002600,
26,DImprovedSurface,600,4,3826,3825,3823,3825,3798,13096362545648,16.667502,16.643700,,0.000000,0.834800,
26,DImprovedSurface,600,4,3827,3826,3824,3826,3799,13096362712085,16.666299,16.659700,,1.294500,0.926100,
26,DImprovedSurface,600,4,3828,3827,3825,3827,3800,13096362878682,16.666999,16.669600,,1.031900,0.756700,
26,DImprovedSurface,600,4,3829,3828,3826,3828,3801,13096363045378,16.667701,16.668100,,0.920300,0.822900,
26,DImprovedSurface,600,4,3830,3829,3827,3829,3802,13096363212059,16.665801,16.768400,,0.902500,0.834600,
26,DImprovedSurface,600,4,3831,3830,3828,3830,3803,13096363379743,16.666999,16.564300,,0.937700,0.845300,
26,DImprovedSurface,600,4,3832,3831,3829,3831,3804,13096363545386,16.667198,16.669100,,0.000000,0.888400,
26,DImprovedSurface,600,4,3833,3832,3830,3832,3805,13096363712077,16.667496,16.664600,,0.952600,0.841900,
26,DImprovedSurface,600,4,3834,3833,3831,3833,3806,13096363878723,16.666504,16.664300,,1.103200,0.884800,
26,DImprovedSurface,600,4,3835,3834,3832,3834,3807,13096364045366,16.666602,16.675400,,0.977600,0.949700,
26,DImprovedSurface,600,4,3836,3835,3833,3835,3808,13096364212120,16.667496,16.665300,,0.923300,0.933000,
26,DImprovedSurface,600,4,3837,3836,3834,3836,3809,13096364378773,16.666900,16.672400,,1.120900,0.851700,
26,DImprovedSurface,600,4,3838,3837,3835,3837,3810,13096364545497,16.666900,16.667100,,0.000000,0.891700,
26,DImprovedSurface,600,4,3839,3838,3836,3838,3811,13096364712168,16.666999,16.668500,,0.948500,0.886900,
26,DImprovedSurface,600,4,3840,3839,3837,3839,3812,13096364878853,16.666299,16.656200,,0.903600,0.858000,
26,DImprovedSurface,600,4,3841,3840,3838,3840,3813,13096365045415,16.667206,16.663500,,1.186200,0.878100,
26,DImprovedSurface,600,4,3842,3841,3839,3841,3814,13096365212050,16.666893,16.679900,,0.938300,0.817400,
26,DImprovedSurface,600,4,3843,3842,3840,3842,3815,13096365378849,16.666900,16.655200,,0.951900,0.888300,
26,DImprovedSurface,600,4,3844,3843,3841,3843,3816,13096365545401,16.668601,16.667500,,0.000000,0.872800,
26,DImprovedSurface,600,4,3845,3844,3842,3844,3817,13096365712076,16.665703,16.669500,,0.920100,0.896600,
26,DImprovedSurface,600,4,3846,3845,3843,3845,3818,13096365878771,16.667297,16.685400,,0.908400,0.872400,
26,DImprovedSurface,600,4,3847,3846,3844,3846,3819,13096366045625,16.666405,16.659500,,0.907700,0.823800,
26,DImprovedSurface,600,4,3848,3847,3845,3847,3820,13096366212220,16.667496,16.660500,,0.904400,0.886800,
26,DImprovedSurface,600,4,3849,3848,3846,3848,3821,13096366378825,16.666703,16.673400,,0.915400,0.855400,
26,DImprovedSurface,600,4,3850,3849,3847,3849,3822,13096366545559,16.666496,16.663200,,0.000000,0.857300,
26,DImprovedSurface,600,4,3851,3850,3848,3850,3823,13096366712191,16.666504,16.665200,,0.944400,0.807900,
26,DImprovedSurface,600,4,3852,3851,3849,3851,3824,13096366878843,16.667800,16.668800,,0.893900,0.791600,
26,DImprovedSurface,600,4,3853,3852,3850,3852,3825,13096367045531,16.666397,16.670800,,0.940000,0.935400,
26,DImprovedSurface,600,4,3854,3853,3851,3853,3826,13096367212239,16.666900,16.658800,,0.929800,1.046700,
26,DImprovedSurface,600,4,3855,3854,3852,3854,3827,13096367378827,16.666397,16.677300,,0.914500,1.016400,
26,DImprovedSurface,600,4,3856,3855,3853,3855,3828,13096367545600,16.731504,16.660100,,0.000000,0.855500,
26,DImprovedSurface,600,4,3857,3856,3854,3856,3829,13096367712201,16.666695,16.665900,,0.916900,0.940800,
26,DImprovedSurface,600,4,3858,3857,3855,3857,3830,13096367878860,16.666999,16.664300,,0.913800,0.973600,
26,DImprovedSurface,600,4,3859,3858,3856,3858,3831,13096368045503,16.667206,16.744800,,0.963100,0.858300,
26,DImprovedSurface,600,4,3860,3859,3857,3859,3832,13096368212951,16.666595,16.657600,,0.910300,0.852300,
26,DImprovedSurface,600,4,3861,3860,3858,3860,3833,13096368379527,16.666602,16.665700,,0.909000,0.868000,
26,DImprovedSurface,600,4,3862,3861,3859,3861,3834,13096368546184,16.666703,16.666900,,0.000000,0.841000,
26,DImprovedSurface,600,4,3863,3862,3860,3862,3835,13096368712853,16.667100,16.666400,,0.907200,0.925100,
26,DImprovedSurface,600,4,3864,3863,3861,3863,3836,13096368879517,16.667496,16.664500,,0.927100,0.839300,
26,DImprovedSurface,600,4,3865,3864,3862,3864,3837,13096369046162,16.666703,16.665300,,0.985500,0.876900,
26,DImprovedSurface,600,4,3866,3865,3863,3865,3838,13096369212815,16.666999,16.669900,,0.986500,0.858200,
26,DImprovedSurface,600,4,3867,3866,3864,3866,3839,13096369379514,16.667100,16.676300,,0.911300,0.830000,
26,DImprovedSurface,600,4,3868,3867,3865,3867,3840,13096369546277,16.666306,16.662300,,0.000000,0.919700,
26,DImprovedSurface,600,4,3869,3868,3866,3868,3841,13096369712900,16.666999,16.665700,,0.913300,1.080000,
26,DImprovedSurface,600,4,3870,3869,3867,3869,3842,13096369879557,16.735800,16.667800,,1.018100,1.084000,
26,DImprovedSurface,600,4,3871,3870,3868,3870,3843,13096370046235,16.666794,16.660000,,0.977200,0.859600,
26,DImprovedSurface,600,4,3872,3871,3869,3871,3844,13096370212835,16.667206,16.667400,,0.930400,0.893100,
26,DImprovedSurface,600,4,3873,3872,3870,3872,3845,13096370379509,16.667100,16.755400,,1.006800,1.194500,
26,DImprovedSurface,600,4,3874,3873,3871,3873,3846,13096370547063,16.667603,16.696100,,0.000000,0.926300,
26,DImprovedSurface,600,4,3875,3874,3872,3874,3847,13096370714024,16.666299,16.613600,,0.971300,0.881400,
26,DImprovedSurface,600,4,3876,3875,3873,3875,3848,13096370880160,16.667198,16.673900,,0.909500,1.014000,
26,DImprovedSurface,600,4,3877,3876,3874,3876,3849,13096371046899,16.667198,16.671100,,1.041900,0.852300,
26,DImprovedSurface,600,4,3878,3877,3875,3877,3850,13096371213610,16.666900,16.665700,,0.911500,0.813800,
26,DImprovedSurface,600,4,3879,3878,3876,3878,3851,13096371380267,16.666504,16.666000,,0.919800,0.883400,
26,DImprovedSurface,600,4,3880,3879,3877,3879,3852,13096371546927,16.667595,16.667400,,0.000000,0.887800,
26,DImprovedSurface,600,4,3881,3880,3878,3880,3853,13096371713601,16.666703,16.668400,,0.933500,0.847400,
26,DImprovedSurface,600,4,3882,3881,3879,3881,3854,13096371880285,16.666900,16.665500,,1.171800,1.304400,
26,DImprovedSurface,600,4,3883,3882,3880,3882,3855,13096372046940,16.666999,16.671400,,1.239900,1.029700,
26,DImprovedSurface,600,4,3884,3883,3881,3883,3856,13096372213654,16.666602,16.663000,,0.910200,0.902400,
26,DImprovedSurface,600,4,3885,3884,3882,3884,3857,13096372380284,16.666695,16.685500,,0.924900,0.836000,
26,DImprovedSurface,600,4,3886,3885,3883,3885,3858,13096372547139,16.666999,16.646400,,0.000000,0.887900,
26,DImprovedSurface,600,4,3887,3886,3884,3886,3859,13096372713603,16.667603,16.660000,,0.902700,0.884800,
26,DImprovedSurface,600,4,3888,3887,3885,3887,3860,13096372880203,16.666802,16.666500,,0.914600,0.869800,
26,DImprovedSurface,600,4,3889,3888,3886,3888,3861,13096373046868,16.666299,16.670200,,0.901600,0.967400,
26,DImprovedSurface,600,4,3890,3889,3887,3889,3862,13096373213570,16.666504,16.670100,,0.916400,0.902100,
26,DImprovedSurface,600,4,3891,3890,3888,3890,3863,13096373380271,16.667800,16.666600,,0.904000,0.907600,
26,DImprovedSurface,600,4,3892,3891,3889,3891,3864,13096373546937,16.666198,16.664100,,0.000000,0.861000,
26,DImprovedSurface,600,4,3893,3892,3890,3892,3865,13096373713578,16.667800,16.666900,,0.908500,0.876300,
26,DImprovedSurface,600,4,3894,3893,3891,3893,3866,13096373880247,16.666001,16.668300,,0.926900,0.920400,
26,DImprovedSurface,600,4,3895,3894,3892,3894,3867,13096374046930,16.667701,16.668500,,1.288600,1.042300,
26,DImprovedSurface,600,4,3896,3895,3893,3895,3868,13096374213615,16.767900,16.669400,,1.125700,1.205700,
26,DImprovedSurface,600,4,3897,3896,3894,3896,3869,13096374380309,16.668297,16.661700,,0.952500,0.954300,
26,DImprovedSurface,600,4,3898,3897,3895,3897,3870,13096374546926,16.665703,16.728300,,0.000000,0.872500,
26,DImprovedSurface,600,4,3899,3898,3896,3898,3871,13096374714209,16.666794,16.711000,,0.912200,0.991200,
26,DImprovedSurface,600,4,3900,3899,3897,3899,3872,13096374881319,16.666504,16.833400,,0.923400,0.893700,
26,DImprovedSurface,600,4,3901,3900,3898,3900,3873,13096375049653,16.667100,16.504000,,0.908200,0.986000,
26,DImprovedSurface,600,4,3902,3901,3899,3901,3874,13096375214693,16.667502,16.667500,,0.905600,0.843300,
26,DImprovedSurface,600,4,3903,3902,3900,3902,3875,13096375381368,16.666695,16.660000,,0.911200,0.976300,
26,DImprovedSurface,600,4,3904,3903,3901,3903,3876,13096375547968,16.666405,16.670900,,0.000000,0.847100,
26,DImprovedSurface,600,4,3905,3904,3902,3904,3877,13096375714677,16.667198,16.666700,,0.966900,0.966600,
26,DImprovedSurface,600,4,3906,3905,3903,3905,3878,13096375881344,16.666703,16.664300,,0.898400,0.917500,
26,DImprovedSurface,600,4,3907,3906,3904,3906,3879,13096376047987,16.666496,16.681000,,0.940600,0.874700,
26,DImprovedSurface,600,4,3908,3907,3905,3907,3880,13096376214797,16.667403,16.655800,,1.004700,1.210000,
26,DImprovedSurface,600,4,3909,3908,3906,3908,3881,13096376381355,16.733596,16.666200,,1.225600,1.036200,
26,DImprovedSurface,600,4,3910,3909,3907,3909,3882,13096376548017,16.668303,16.663200,,0.000000,1.008300,
26,DImprovedSurface,600,4,3911,3910,3908,3910,3883,13096376714649,16.666299,16.669900,,0.935000,0.862900,
26,DImprovedSurface,600,4,3912,3911,3909,3911,3884,13096376881348,16.777303,16.734900,,0.912700,1.021900,
26,DImprovedSurface,600,4,3913,3912,3910,3912,3885,13096377048697,16.667100,16.666900,,0.873300,0.856200,
26,DImprovedSurface,600,4,3914,3913,3911,3913,3886,13096377215366,16.666299,16.698100,,0.979600,0.803300,
26,DImprovedSurface,600,4,3915,3914,3912,3914,3887,13096377382347,16.667800,16.745700,,0.979400,0.883000,
26,DImprovedSurface,600,4,3916,3915,3913,3915,3888,13096377549804,16.666099,16.668600,,0.000000,0.907300,
26,DImprovedSurface,600,4,3917,3916,3914,3916,3889,13096377716490,16.667100,16.662700,,0.900700,0.828900,
26,DImprovedSurface,600,4,3918,3917,3915,3917,3890,13096377883117,16.666299,16.671500,,0.866500,0.862300,
26,DImprovedSurface,600,4,3919,3918,3916,3918,3891,13096378049832,16.668204,16.667500,,0.947100,1.129100,
26,DImprovedSurface,600,4,3920,3919,3917,3919,3892,13096378216507,16.666198,16.663400,,1.060300,1.167300,
26,DImprovedSurface,600,4,3921,3920,3918,3920,3893,13096378383141,16.667198,16.660200,,0.892300,0.889500,
26,DImprovedSurface,600,4,3922,3921,3919,3921,3894,13096378549743,16.666900,16.684900,,0.000000,0.926300,
26,DImprovedSurface,600,4,3923,3922,3920,3922,3895,13096378716592,16.666099,16.652700,,1.167000,0.841300,
26,DImprovedSurface,600,4,3924,3923,3921,3923,3896,13096378883119,16.667800,16.667400,,1.012900,0.833500,
26,DImprovedSurface,600,4,3925,3924,3922,3924,3897,13096379049793,16.666900,16.660300,,0.992900,0.881800,
26,DImprovedSurface,600,4,3926,3925,3923,3925,3898,13096379216396,16.667100,16.773800,,1.018700,0.877800,
26,DImprovedSurface,600,4,3927,3926,3924,3926,3899,13096379384134,16.768998,16.574200,,0.968800,0.847100,
26,DImprovedSurface,600,4,3928,3927,3925,3927,3900,13096379549876,16.666602,16.672900,,0.000000,0.829700,
26,DImprovedSurface,600,4,3929,3928,3926,3928,3901,13096379716605,16.667100,16.658800,,0.849200,1.063600,
26,DImprovedSurface,600,4,3930,3929,3927,3929,3902,13096379883193,16.667403,16.767700,,0.913700,0.871500,
26,DImprovedSurface,600,4,3931,3930,3928,3930,3903,13096380050870,16.666695,16.668700,,0.918300,0.878100,
26,DImprovedSurface,600,4,3932,3931,3929,3931,3904,13096380217557,16.667105,16.666900,,0.892700,0.849100,
26,DImprovedSurface,600,4,3933,3932,3930,3932,3905,13096380384226,16.667100,16.671900,,0.924200,1.009900,
27,DImprovedSurface,600,8,3965,3964,3962,3964,3936,13096387327960,16.666703,16.662800,,0.790900,0.843100,
27,DImprovedSurface,600,8,3966,3965,3963,3965,3937,13096387494588,16.666900,16.668900,,0.802300,0.808200,
27,DImprovedSurface,600,8,3967,3966,3964,3966,3938,13096387661277,16.667100,16.665700,,0.730800,0.841300,
27,DImprovedSurface,600,8,3968,3967,3965,3967,3939,13096387827934,16.666802,16.666300,,0.763800,0.734900,
27,DImprovedSurface,600,8,3969,3968,3966,3968,3940,13096387994597,16.667694,16.670100,,1.056800,0.946200,
27,DImprovedSurface,600,8,3970,3969,3967,3969,3941,13096388161298,16.666306,16.676600,,0.000000,0.947900,
27,DImprovedSurface,600,8,3971,3970,3968,3970,3942,13096388328064,16.667100,16.659400,,1.200700,0.933000,
27,DImprovedSurface,600,8,3972,3971,3969,3971,3943,13096388494658,16.666595,16.670600,,0.937100,0.925600,
27,DImprovedSurface,600,8,3973,3972,3970,3972,3944,13096388661364,16.666802,16.665600,,0.750300,0.711900,
27,DImprovedSurface,600,8,3974,3973,3971,3973,3945,13096388828020,16.666703,16.681000,,0.787000,0.750700,
27,DImprovedSurface,600,8,3975,3974,3972,3974,3946,13096388994830,16.666999,16.644100,,0.907900,0.890400,
27,DImprovedSurface,600,8,3976,3975,3973,3975,3947,13096389161271,16.666900,16.669900,,0.000000,0.792500,
27,DImprovedSurface,600,8,3977,3976,3974,3976,3948,13096389327970,16.666496,16.663500,,0.912300,0.938300,
27,DImprovedSurface,600,8,3978,3977,3975,3977,3949,13096389494605,16.667305,16.668800,,1.117300,0.977700,
27,DImprovedSurface,600,8,3979,3978,3976,3978,3950,13096389661293,16.666496,16.671000,,1.089200,0.922500,
27,DImprovedSurface,600,8,3980,3979,3977,3979,3951,13096389828003,16.681604,16.665800,,1.075900,0.985800,
27,DImprovedSurface,600,8,3981,3980,3978,3980,3952,13096389994661,16.666695,16.673800,,0.945000,0.938600,
27,DImprovedSurface,600,8,3982,3981,3979,3981,3953,13096390161399,16.669303,16.657400,,0.000000,0.825200,
27,DImprovedSurface,600,8,3983,3982,3980,3982,3954,13096390327973,16.663896,16.688800,,0.824100,1.138300,
27,DImprovedSurface,600,8,3984,3983,3981,3983,3955,13096390494861,16.666703,16.664300,,1.198000,0.849800,
27,DImprovedSurface,600,8,3985,3984,3982,3984,3956,13096390661504,16.666703,16.675800,,0.807600,0.790300,
27,DImprovedSurface,600,8,3986,3985,3983,3985,3957,13096390828262,16.667198,16.655200,,0.905700,0.869200,
27,DImprovedSurface,600,8,3987,3986,3984,3986,3958,13096390994814,16.666802,16.659800,,0.828500,0.806800,
27,DImprovedSurface,600,8,3988,3987,3985,3987,3959,13096391161412,16.666802,16.669800,,0.000000,0.791400,
27,DImprovedSurface,600,8,3989,3988,3986,3988,3960,13096391328110,16.667297,16.665600,,0.780300,0.737300,
27,DImprovedSurface,600,8,3990,3989,3987,3989,3961,13096391494766,16.666504,16.669100,,0.748400,0.794500,
27,DImprovedSurface,600,8,3991,3990,3988,3990,3962,13096391661457,16.666695,16.669700,,0.763100,0.738800,
27,DImprovedSurface,600,8,3992,3991,3989,3991,3963,13096391828154,16.666999,16.664400,,0.830100,0.809100,
27,DImprovedSurface,600,8,3993,3992,3990,3992,3964,13096391994798,16.667502,16.666300,,0.859100,0.832400,
27,DImprovedSurface,600,8,3994,3993,3991,3993,3965,13096392161461,16.666703,16.669100,,0.000000,0.864300,
27,DImprovedSurface,600,8,3995,3994,3992,3994,3966,13096392328152,16.667198,16.672100,,1.194400,0.996000,
27,DImprovedSurface,600,8,3996,3995,3993,3995,3967,13096392494873,16.667297,16.672300,,1.332700,1.135300,
27,DImprovedSurface,600,8,3997,3996,3994,3996,3968,13096392661596,16.666602,16.670900,,1.266200,1.235800,
27,DImprovedSurface,600,8,3998,3997,3995,3997,3969,13096392828305,16.667100,16.689400,,1.215900,1.190500,
27,DImprovedSurface,600,8,3999,3998,3996,3998,3970,13096392995199,16.665902,16.654500,,1.051400,0.857300,
27,DImprovedSurface,600,8,4000,3999,3997,3999,3971,13096393161744,16.667396,16.655600,,0.000000,0.860500,
27,DImprovedSurface,600,8,4001,4000,3998,4000,3972,13096393328300,16.667502,16.726600,,0.914500,0.885600,
27,DImprovedSurface,600,8,4002,4001,3999,4001,3973,13096393495566,16.913300,16.632600,,0.943900,0.906700,
27,DImprovedSurface,600,8,4003,4002,4000,4002,3974,13096393661892,16.666900,16.631500,,0.910400,0.907600,
27,DImprovedSurface,600,8,4004,4003,4001,4003,3975,13096393828207,16.667800,16.671100,,0.918500,0.890800,
27,DImprovedSurface,600,8,4005,4004,4002,4004,3976,13096393994918,16.665796,16.909900,,0.917000,0.844400,
27,DImprovedSurface,600,8,4006,4005,4003,4005,3977,13096394164017,16.666999,16.882700,,0.000000,0.888200,
27,DImprovedSurface,600,8,4007,4006,4004,4006,3978,13096394332844,16.667105,16.453800,,0.942100,0.972600,
27,DImprovedSurface,600,8,4008,4007,4005,4007,3979,13096394497382,16.667100,16.665400,,1.002000,0.860900,
27,DImprovedSurface,600,8,4009,4008,4006,4008,3980,13096394664036,16.666496,16.667600,,1.048900,0.955600,
27,DImprovedSurface,600,8,4010,4009,4007,4009,3981,13096394830712,16.667305,16.667900,,0.930600,0.864500,
27,DImprovedSurface,600,8,4011,4010,4008,4010,3982,13096394997391,16.666595,16.664600,,0.924800,0.923300,
27,DImprovedSurface,600,8,4012,4011,4009,4011,3983,13096395164037,16.666602,16.667800,,0.000000,0.866300,
27,DImprovedSurface,600,8,4013,4012,4010,4012,3984,13096395330715,16.667701,16.669300,,1.258900,1.016700,
27,DImprovedSurface,600,8,4014,4013,4011,4013,3985,13096395497408,16.665597,16.665000,,0.907600,0.854500,
27,DImprovedSurface,600,8,4015,4014,4012,4014,3986,13096395664058,16.667603,16.665600,,0.937500,1.006700,
27,DImprovedSurface,600,8,4016,4015,4013,4015,3987,13096395830714,16.666397,16.674900,,0.880800,1.074300,
27,DImprovedSurface,600,8,4017,4016,4014,4016,3988,13096395997463,16.667198,16.653400,,0.854800,0.890100,
27,DImprovedSurface,600,8,4018,4017,4015,4017,3989,13096396163997,16.667502,16.666000,,0.000000,0.861600,
27,DImprovedSurface,600,8,4019,4018,4016,4018,3990,13096396330657,16.666198,16.684100,,0.935500,0.881200,
27,DImprovedSurface,600,8,4020,4019,4017,4019,3991,13096396497498,16.667198,16.654900,,0.953500,0.828700,
27,DImprovedSurface,600,8,4021,4020,4018,4020,3992,13096396664047,16.666602,16.665800,,0.936600,0.910900,
27,DImprovedSurface,600,8,4022,4021,4019,4021,3993,13096396830705,16.667502,16.661300,,0.961600,0.910300,
27,DImprovedSurface,600,8,4023,4022,4020,4022,3994,13096396997318,16.666496,16.671700,,1.074000,0.966900,
27,DImprovedSurface,600,8,4024,4023,4021,4023,3995,13096397164035,16.666900,16.659300,,0.000000,0.991400,
27,DImprovedSurface,600,8,4025,4024,4022,4024,3996,13096397330628,16.666900,16.675600,,1.000600,1.171100,
27,DImprovedSurface,600,8,4026,4025,4023,4025,3997,13096397497384,16.667297,16.662300,,1.011100,1.233900,
27,DImprovedSurface,600,8,4027,4026,4024,4026,3998,13096397664007,16.666900,16.671500,,0.922100,0.957600,
27,DImprovedSurface,600,8,4028,4027,4025,4027,3999,13096397830722,16.666602,16.669800,,1.044200,0.869800,
27,DImprovedSurface,600,8,4029,4028,4026,4028,4000,13096397997420,16.667100,16.667800,,0.919600,0.848900,
27,DImprovedSurface,600,8,4030,4029,4027,4029,4001,13096398164098,16.666802,16.664200,,0.000000,0.863200,
27,DImprovedSurface,600,8,4031,4030,4028,4030,4002,13096398330740,16.667297,16.663800,,1.002700,0.995300,
27,DImprovedSurface,600,8,4032,4031,4029,4031,4003,13096398497378,16.670104,16.668800,,0.913300,0.900600,
27,DImprovedSurface,600,8,4033,4032,4030,4032,4004,13096398664066,16.664399,16.668200,,0.913400,0.896700,
27,DImprovedSurface,600,8,4034,4033,4031,4033,4005,13096398830748,16.666198,16.668700,,1.368800,1.210900,
27,DImprovedSurface,600,8,4035,4034,4032,4034,4006,13096398997435,16.666703,16.672100,,0.915500,0.871700,
27,DImprovedSurface,600,8,4036,4035,4033,4035,4007,13096399164156,16.666299,16.678400,,0.000000,0.872800,
27,DImprovedSurface,600,8,4037,4036,4034,4036,4008,13096399330940,16.667899,16.651700,,0.932900,0.870600,
27,DImprovedSurface,600,8,4038,4037,4035,4037,4009,13096399497457,16.667502,16.665000,,1.168800,1.079100,
27,DImprovedSurface,600,8,4039,4038,4036,4038,4010,13096399664107,16.665895,16.660500,,0.919400,0.912700,
27,DImprovedSurface,600,8,4040,4039,4037,4039,4011,13096399830712,16.666405,16.670500,,1.002000,0.836400,
27,DImprovedSurface,600,8,4041,4040,4038,4040,4012,13096399997417,16.667800,16.740800,,0.828400,0.825300,
27,DImprovedSurface,600,8,4042,4041,4039,4041,4013,13096400164825,16.666299,16.592200,,0.000000,0.841600,
27,DImprovedSurface,600,8,4043,4042,4040,4042,4014,13096400330747,16.667297,16.659200,,0.822800,0.937700,
27,DImprovedSurface,600,8,4044,4043,4041,4043,4015,13096400497339,16.666198,16.671200,,0.902800,0.767800,
27,DImprovedSurface,600,8,4045,4044,4042,4044,4016,13096400664051,16.667105,16.663600,,0.835400,0.870700,
27,DImprovedSurface,600,8,4046,4045,4043,4045,4017,13096400830687,16.666695,16.670800,,0.891300,0.894300,
27,DImprovedSurface,600,8,4047,4046,4044,4046,4018,13096400997395,16.666900,16.666400,,1.176700,1.043400,
27,DImprovedSurface,600,8,4048,4047,4045,4047,4019,13096401164059,16.667502,16.673700,,0.000000,0.825600,
27,DImprovedSurface,600,8,4049,4048,4046,4048,4020,13096401330796,16.667297,16.665400,,1.246700,0.808200,
27,DImprovedSurface,600,8,4050,4049,4047,4049,4021,13096401497450,16.666001,16.664000,,0.935500,1.214000,
27,DImprovedSurface,600,8,4051,4050,4048,4050,4022,13096401664090,16.666602,16.671800,,1.152900,0.963400,
27,DImprovedSurface,600,8,4052,4051,4049,4051,4023,13096401830808,16.667396,16.675600,,0.989100,0.931200,
27,DImprovedSurface,600,8,4053,4052,4050,4052,4024,13096401997564,16.666001,16.658100,,1.001200,0.890700,
27,DImprovedSurface,600,8,4054,4053,4051,4053,4025,13096402164145,16.668098,16.728600,,0.000000,1.043000,
27,DImprovedSurface,600,8,4055,4054,4052,4054,4026,13096402331431,16.666306,16.610900,,0.922200,0.849500,
27,DImprovedSurface,600,8,4056,4055,4053,4055,4027,13096402497540,16.666802,16.654900,,0.985900,0.911400,
27,DImprovedSurface,600,8,4057,4056,4054,4056,4028,13096402664089,16.666695,16.672000,,0.992600,0.829000,
27,DImprovedSurface,600,8,4058,4057,4055,4057,4029,13096402830809,16.666999,16.664500,,0.966100,0.850600,
27,DImprovedSurface,600,8,4059,4058,4056,4058,4030,13096402997454,16.667603,16.666900,,0.861700,0.910500,
27,DImprovedSurface,600,8,4060,4059,4057,4059,4031,13096403164123,16.666397,16.665600,,0.000000,0.825500,
27,DImprovedSurface,600,8,4061,4060,4058,4060,4032,13096403330779,16.666703,16.666000,,0.894000,0.955100,
27,DImprovedSurface,600,8,4062,4061,4059,4061,4033,13096403497439,16.666999,16.673000,,0.937900,0.958400,
27,DImprovedSurface,600,8,4063,4062,4060,4062,4034,13096403664169,16.666397,16.662000,,0.988400,1.358000,
27,DImprovedSurface,600,8,4064,4063,4061,4063,4035,13096403830789,16.667701,16.670600,,1.307300,0.957100,
27,DImprovedSurface,600,8,4065,4064,4062,4064,4036,13096403997495,16.666099,16.666000,,1.305300,1.064500,
27,DImprovedSurface,600,8,4066,4065,4063,4065,4037,13096404164155,16.666900,16.661700,,0.000000,0.822900,
27,DImprovedSurface,600,8,4067,4066,4064,4066,4038,13096404330772,16.666802,16.677800,,0.949500,1.014800,
27,DImprovedSurface,600,8,4068,4067,4065,4067,4039,13096404497550,16.666999,16.654600,,0.956300,0.921200,
27,DImprovedSurface,600,8,4069,4068,4066,4068,4040,13096404664096,16.667701,16.671200,,0.918100,0.827000,
27,DImprovedSurface,600,8,4070,4069,4067,4069,4041,13096404830808,16.667198,16.666000,,1.391300,1.143900,
27,DImprovedSurface,600,8,4071,4070,4068,4070,4042,13096404997468,16.666504,16.669600,,1.366600,0.892300,
27,DImprovedSurface,600,8,4072,4071,4069,4071,4043,13096405164164,16.666794,16.673700,,0.000000,1.090600,
27,DImprovedSurface,600,8,4073,4072,4070,4072,4044,13096405330901,16.667403,16.667700,,0.920500,0.823600,
27,DImprovedSurface,600,8,4074,4073,4071,4073,4045,13096405497578,16.666496,16.656100,,0.854000,0.849300,
27,DImprovedSurface,600,8,4075,4074,4072,4074,4046,13096405664139,16.667105,16.663500,,0.833300,0.881800,
27,DImprovedSurface,600,8,4076,4075,4073,4075,4047,13096405830774,16.666595,16.677100,,0.861600,0.891900,
27,DImprovedSurface,600,8,4077,4076,4074,4076,4048,13096405997545,16.667198,16.661500,,0.842500,1.181600,
27,DImprovedSurface,600,8,4078,4077,4075,4077,4049,13096406164160,16.772803,16.671400,,0.000000,0.886000,
27,DImprovedSurface,600,8,4079,4078,4076,4078,4050,13096406330874,16.667100,16.668300,,0.907100,0.946000,
27,DImprovedSurface,600,8,4080,4079,4077,4079,4051,13096406497557,16.666802,16.682700,,0.951100,0.851700,
27,DImprovedSurface,600,8,4081,4080,4078,4080,4052,13096406664384,16.666299,16.838200,,0.888800,0.905400,
27,DImprovedSurface,600,8,4082,4081,4079,4081,4053,13096406832766,16.667198,16.582000,,0.936800,0.807500,
27,DImprovedSurface,600,8,4083,4082,4080,4082,4054,13096406998586,16.666504,16.665900,,0.880200,0.830700,
27,DImprovedSurface,600,8,4084,4083,4081,4083,4055,13096407165245,16.666900,16.661700,,0.000000,0.825200,
28,DImprovedSurface,600,16,4116,4115,4113,4115,4086,13096415641936,16.666802,16.671900,,0.982400,0.999700,
28,DImprovedSurface,600,16,4117,4116,4114,4116,4087,13096415808655,16.667701,16.685000,,0.896400,0.868100,
28,DImprovedSurface,600,16,4118,4117,4115,4117,4088,13096415975505,16.667100,16.640700,,0.944600,0.940900,
28,DImprovedSurface,600,16,4119,4118,4116,4118,4089,13096416141912,16.666504,16.665100,,0.000000,0.970500,
28,DImprovedSurface,600,16,4120,4119,4117,4119,4090,13096416308563,16.666794,16.680700,,0.912000,0.965200,
28,DImprovedSurface,600,16,4121,4120,4118,4120,4091,13096416475370,16.666999,16.669900,,0.996700,0.849400,
28,DImprovedSurface,600,16,4122,4121,4119,4121,4092,13096416642069,16.666999,16.678000,,0.941900,0.918400,
28,DImprovedSurface,600,16,4123,4122,4120,4122,4093,13096416808849,16.666099,16.649500,,0.914900,1.019000,
28,DImprovedSurface,600,16,4124,4123,4121,4123,4094,13096416975344,16.763400,16.683500,,1.137500,1.077200,
28,DImprovedSurface,600,16,4125,4124,4122,4124,4095,13096417142179,16.666602,16.651000,,0.000000,1.014300,
28,DImprovedSurface,600,16,4126,4125,4123,4125,4096,13096417308689,16.667800,16.658400,,0.905600,0.887200,
28,DImprovedSurface,600,16,4127,4126,4124,4126,4097,13096417475273,16.666001,16.822200,,0.914900,0.876100,
28,DImprovedSurface,600,16,4128,4127,4125,4127,4098,13096417643495,16.667100,16.604900,,0.898900,0.869900,
28,DImprovedSurface,600,16,4129,4128,4126,4128,4099,13096417809544,16.666900,16.674200,,1.080200,0.894000,
28,DImprovedSurface,600,16,4130,4129,4127,4129,4100,13096417976286,16.666397,16.665200,,0.908800,0.978400,
28,DImprovedSurface,600,16,4131,4130,4128,4130,4101,13096418142938,16.667206,16.665000,,0.000000,0.998300,
28,DImprovedSurface,600,16,4132,4131,4129,4131,4102,13096418309588,16.667800,16.705000,,0.896100,0.889500,
28,DImprovedSurface,600,16,4133,4132,4130,4132,4103,13096418476638,16.665796,16.661500,,0.924200,0.915300,
28,DImprovedSurface,600,16,4134,4133,4131,4133,4104,13096418643253,16.705003,16.632900,,1.006800,0.901800,
28,DImprovedSurface,600,16,4135,4134,4132,4134,4105,13096418809582,16.727403,16.669000,,0.964900,0.882300,
28,DImprovedSurface,600,16,4136,4135,4133,4135,4106,13096418976272,16.666496,16.663500,,0.940100,1.164000,
28,DImprovedSurface,600,16,4137,4136,4134,4136,4107,13096419142907,16.666802,16.731800,,0.000000,1.397100,
28,DImprovedSurface,600,16,4138,4137,4135,4137,4108,13096419310225,16.666900,16.704700,,0.950300,0.843700,
28,DImprovedSurface,600,16,4139,4138,4136,4138,4109,13096419477272,16.671401,16.663300,,0.908300,1.022700,
28,DImprovedSurface,600,16,4140,4139,4137,4139,4110,13096419643905,16.662400,16.671800,,0.911700,0.891500,
28,DImprovedSurface,600,16,4141,4140,4138,4140,4111,13096419810623,16.667800,16.660000,,0.906800,0.833400,
28,DImprovedSurface,600,16,4142,4141,4139,4141,4112,13096419977223,16.666299,16.676900,,0.934100,1.023700,
28,DImprovedSurface,600,16,4143,4142,4140,4142,4113,13096420143992,16.667396,16.661600,,0.000000,0.827100,
28,DImprovedSurface,600,16,4144,4143,4141,4143,4114,13096420310608,16.666306,16.672000,,0.956600,0.949900,
28,DImprovedSurface,600,16,4145,4144,4142,4144,4115,13096420477328,16.667297,16.662500,,0.908300,0.970500,
28,DImprovedSurface,600,16,4146,4145,4143,4145,4116,13096420643953,16.666802,16.673900,,0.941300,0.928000,
28,DImprovedSurface,600,16,4147,4146,4144,4146,4117,13096420810692,16.666900,16.668500,,0.979100,0.880800,
28,DImprovedSurface,600,16,4148,4147,4145,4147,4118,13096420977377,16.666900,16.666000,,0.926300,0.890700,
28,DImprovedSurface,600,16,4149,4148,4146,4148,4119,13096421144037,16.667100,16.666700,,0.000000,0.904900,
28,DImprovedSurface,600,16,4150,4149,4147,4149,4120,13096421310704,16.667496,16.694500,,0.922200,0.865000,
28,DImprovedSurface,600,16,4151,4150,4148,4150,4121,13096421477649,16.666405,16.636300,,1.196000,0.906300,
28,DImprovedSurface,600,16,4152,4151,4149,4151,4122,13096421644012,16.666496,16.679700,,0.915700,0.908500,
28,DImprovedSurface,600,16,4153,4152,4150,4152,4123,13096421810809,16.667800,16.667200,,0.936900,0.873800,
28,DImprovedSurface,600,16,4154,4153,4151,4153,4124,13096421977481,16.667800,16.656500,,0.914000,0.891900,
28,DImprovedSurface,600,16,4155,4154,4152,4154,4125,13096422144046,16.666299,16.666600,,0.000000,0.847200,
28,DImprovedSurface,600,16,4156,4155,4153,4155,4126,13096422310712,16.667403,16.671000,,1.148900,0.909000,
28,DImprovedSurface,600,16,4157,4156,4154,4156,4127,13096422477422,16.666703,16.670700,,0.964300,0.858300,
28,DImprovedSurface,600,16,4158,4157,4155,4157,4128,13096422644129,16.666695,16.658700,,0.915700,1.066600,
28,DImprovedSurface,600,16,4159,4158,4156,4158,4129,13096422810716,16.667403,16.668800,,0.906800,0.909700,
28,DImprovedSurface,600,16,4160,4159,4157,4159,4130,13096422977404,16.666999,16.663800,,0.964000,0.901500,
28,DImprovedSurface,600,16,4161,4160,4158,4160,4131,13096423144042,16.841397,16.665000,,0.000000,1.098900,
28,DImprovedSurface,600,16,4162,4161,4159,4161,4132,13096423310692,16.669700,16.675000,,0.910100,0.923500,
28,DImprovedSurface,600,16,4163,4162,4160,4162,4133,13096423477442,16.663903,16.730100,,1.412800,1.121000,
28,DImprovedSurface,600,16,4164,4163,4161,4163,4134,13096423644743,16.667297,16.776900,,0.867400,0.865000,
28,DImprovedSurface,600,16,4165,4164,4162,4164,4135,13096423812512,16.667100,16.699600,,0.806100,0.772900,
28,DImprovedSurface,600,16,4166,4165,4163,4165,4136,13096423979508,16.667100,16.702100,,0.774700,0.820200,
28,DImprovedSurface,600,16,4167,4166,4164,4166,4137,13096424146529,16.668502,16.590900,,0.000000,0.992700,
28,DImprovedSurface,600,16,4168,4167,4165,4167,4138,13096424312438,16.664300,16.674400,,0.925000,1.063800,
28,DImprovedSurface,600,16,4169,4168,4166,4168,4139,13096424479182,16.666802,16.661800,,0.921400,0.793900,
28,DImprovedSurface,600,16,4170,4169,4167,4169,4140,13096424645800,16.667100,16.701900,,1.066500,0.796200,
28,DImprovedSurface,600,16,4171,4170,4168,4170,4141,13096424812819,16.667603,16.648600,,0.896300,0.815900,
28,DImprovedSurface,600,16,4172,4171,4169,4171,4142,13096424979305,16.669897,16.671800,,0.912400,0.921000,
28,DImprovedSurface,600,16,4173,4172,4170,4172,4143,13096425146023,16.663201,16.640100,,0.000000,0.814100,
28,DImprovedSurface,600,16,4174,4173,4171,4173,4144,13096425312424,16.668197,16.677600,,0.956400,1.020800,
28,DImprovedSurface,600,16,4175,4174,4172,4174,4145,13096425479200,16.666001,16.683200,,1.285200,1.054600,
28,DImprovedSurface,600,16,4176,4175,4173,4175,4146,13096425646032,16.666703,16.645500,,1.143900,0.848600,
28,DImprovedSurface,600,16,4177,4176,4174,4176,4147,13096425812487,16.667603,16.679900,,0.982000,0.907600,
28,DImprovedSurface,600,16,4178,4177,4175,4177,4148,13096425979286,16.666496,16.660200,,0.915000,0.912100,
28,DImprovedSurface,600,16,4179,4178,4176,4178,4149,13096426145888,16.667305,16.661000,,0.000000,0.846700,
28,DImprovedSurface,600,16,4180,4179,4177,4179,4150,13096426312498,16.666198,16.673600,,0.914400,0.837600,
28,DImprovedSurface,600,16,4181,4180,4178,4180,4151,13096426479234,16.667496,16.662800,,0.954700,0.908500,
28,DImprovedSurface,600,16,4182,4181,4179,4181,4152,13096426645862,16.666001,16.666400,,0.979500,0.889200,
28,DImprovedSurface,600,16,4183,4182,4180,4182,4153,13096426812526,16.667701,16.681300,,0.905500,0.832100,
28,DImprovedSurface,600,16,4184,4183,4181,4183,4154,13096426979339,16.667100,16.659400,,1.288700,1.192100,
28,DImprovedSurface,600,16,4185,4184,4182,4184,4155,13096427145933,16.666405,16.655500,,0.000000,0.885500,
28,DImprovedSurface,600,16,4186,4185,4183,4185,4156,13096427312488,16.666299,16.677400,,0.891900,0.949900,
28,DImprovedSurface,600,16,4187,4186,4184,4186,4157,13096427479262,16.666999,16.675300,,0.865900,0.870900,
28,DImprovedSurface,600,16,4188,4187,4185,4187,4158,13096427646015,16.677799,16.651600,,0.798300,0.924100,
28,DImprovedSurface,600,16,4189,4188,4186,4188,4159,13096427812531,16.666397,16.662000,,0.818600,0.758500,
28,DImprovedSurface,600,16,4190,4189,4187,4189,4160,13096427979151,16.667403,16.664300,,0.791900,0.754200,
28,DImprovedSurface,600,16,4191,4190,4188,4190,4161,13096428145794,16.667198,16.684300,,0.000000,0.799300,
28,DImprovedSurface,600,16,4192,4191,4189,4191,4162,13096428312637,16.666299,16.700100,,0.915700,0.786100,
28,DImprovedSurface,600,16,4193,4192,4190,4192,4163,13096428479638,16.666999,16.631100,,0.764600,0.717400,
28,DImprovedSurface,600,16,4194,4193,4191,4193,4164,13096428645949,16.667105,16.670200,,0.754300,0.849700,
28,DImprovedSurface,600,16,4195,4194,4192,4194,4165,13096428812651,16.666893,16.659700,,0.748600,0.758800,
28,DImprovedSurface,600,16,4196,4195,4193,4195,4166,13096428979248,16.667105,16.666600,,0.766600,0.744600,
28,DImprovedSurface,600,16,4197,4196,4194,4196,4167,13096429145914,16.667496,16.670300,,0.000000,0.757200,
28,DImprovedSurface,600,16,4198,4197,4195,4197,4168,13096429312617,16.666299,16.668100,,0.851900,0.820000,
28,DImprovedSurface,600,16,4199,4198,4196,4198,4169,13096429479298,16.666504,16.672400,,0.890600,1.016100,
28,DImprovedSurface,600,16,4200,4199,4197,4199,4170,13096429646022,16.667999,16.670000,,1.051000,0.802900,
28,DImprovedSurface,600,16,4201,4200,4198,4200,4171,13096429812722,16.666602,16.665700,,0.949200,0.937200,
28,DImprovedSurface,600,16,4202,4201,4199,4201,4172,13096429979379,16.666198,16.665300,,0.936100,0.925500,
28,DImprovedSurface,600,16,4203,4202,4200,4202,4173,13096430146032,16.666703,16.683800,,0.000000,0.904600,
28,DImprovedSurface,600,16,4204,4203,4201,4203,4174,13096430312870,16.667198,16.652500,,0.941700,0.835300,
28,DImprovedSurface,600,16,4205,4204,4202,4204,4175,13096430479395,16.666802,16.664300,,0.921700,0.977000,
28,DImprovedSurface,600,16,4206,4205,4203,4205,4176,13096430646038,16.667297,16.664300,,0.924200,0.944000,
28,DImprovedSurface,600,16,4207,4206,4204,4206,4177,13096430812681,16.666198,16.668800,,0.987300,0.844300,
28,DImprovedSurface,600,16,4208,4207,4205,4207,4178,13096430979369,16.667100,16.670900,,0.844000,0.836100,
28,DImprovedSurface,600,16,4209,4208,4206,4208,4179,13096431146078,16.667100,16.668000,,0.000000,0.992600,
28,DImprovedSurface,600,16,4210,4209,4207,4209,4180,13096431312758,16.666703,16.662100,,0.921400,0.829700,
28,DImprovedSurface,600,16,4211,4210,4208,4210,4181,13096431479379,16.666900,16.667400,,0.908200,0.991800,
28,DImprovedSurface,600,16,4212,4211,4209,4211,4182,13096431646053,16.666999,16.673300,,0.942400,0.993900,
28,DImprovedSurface,600,16,4213,4212,4210,4212,4183,13096431812786,16.666299,16.660800,,0.994800,1.044700,
28,DImprovedSurface,600,16,4214,4213,4211,4213,4184,13096431979394,16.669700,16.667800,,0.930800,0.912800,
28,DImprovedSurface,600,16,4215,4214,4212,4214,4185,13096432146072,16.665405,16.663000,,0.000000,1.054700,
28,DImprovedSurface,600,16,4216,4215,4213,4215,4186,13096432312702,16.666999,16.667400,,0.917400,0.904000,
28,DImprovedSurface,600,16,4217,4216,4214,4216,4187,13096432479376,16.666595,16.687500,,0.920100,0.836100,
28,DImprovedSurface,600,16,4218,4217,4215,4217,4188,13096432646251,16.667899,16.698900,,0.893700,0.836700,
28,DImprovedSurface,600,16,4219,4218,4216,4218,4189,13096432813240,16.666099,16.617100,,1.171900,1.115700,
28,DImprovedSurface,600,16,4220,4219,4217,4219,4190,13096432979411,16.666405,16.662800,,0.875000,0.844300,
28,DImprovedSurface,600,16,4221,4220,4218,4220,4191,13096433146039,16.666802,16.695000,,0.000000,0.837100,
28,DImprovedSurface,600,16,4222,4221,4219,4221,4192,13096433312989,16.667198,16.643300,,0.867500,0.872100,
28,DImprovedSurface,600,16,4223,4222,4220,4222,4193,13096433479422,16.666703,16.664900,,0.845500,0.893700,
28,DImprovedSurface,600,16,4224,4223,4221,4223,4194,13096433646071,16.667496,16.658500,,0.875300,0.824000,
28,DImprovedSurface,600,16,4225,4224,4222,4224,4195,13096433812656,16.666703,16.667300,,0.810000,0.873200,
28,DImprovedSurface,600,16,4226,4225,4223,4225,4196,13096433979329,16.666198,16.667800,,0.969600,1.152600,
28,DImprovedSurface,600,16,4227,4226,4224,4226,4197,13096434146007,16.723299,16.671200,,0.000000,0.966700,
28,DImprovedSurface,600,16,4228,4227,4225,4227,4198,13096434312719,16.666802,16.689400,,1.006600,0.836300,
28,DImprovedSurface,600,16,4229,4228,4226,4228,4199,13096434479613,16.666703,16.641500,,0.886600,0.877800,
28,DImprovedSurface,600,16,4230,4229,4227,4229,4200,13096434646028,16.667297,16.816800,,0.840500,0.830700,
28,DImprovedSurface,600,16,4231,4230,4228,4230,4201,13096434814196,16.666703,16.575800,,0.901000,0.824100,
28,DImprovedSurface,600,16,4232,4231,4229,4231,4202,13096434979954,16.672499,16.662300,,0.899200,0.893200,
28,DImprovedSurface,600,16,4233,4232,4230,4232,4203,13096435146577,16.661501,16.672400,,0.000000,0.870100,
28,DImprovedSurface,600,16,4234,4233,4231,4233,4204,13096435313301,16.667198,16.666400,,0.907200,0.926900,
28,DImprovedSurface,600,16,4235,4234,4232,4234,4205,13096435479965,16.666602,16.708100,,0.929600,0.802200,
29,DImprovedSurface,1000,1,4267,4266,4264,4266,4236,13096443499174,16.667198,16.551600,,0.905900,0.851800,
29,DImprovedSurface,1000,1,4268,4267,4265,4267,4237,13096443664690,16.666900,16.667100,,0.907700,0.912100,
29,DImprovedSurface,1000,1,4269,4268,4266,4268,4238,13096443831361,16.666703,16.668900,,0.900100,0.847200,
29,DImprovedSurface,1000,1,4270,4269,4267,4269,4239,13096443998050,16.667297,16.668600,,0.932700,0.853100,
29,DImprovedSurface,1000,1,4271,4270,4268,4270,4240,13096444164736,16.667100,16.663500,,0.000000,0.847500,
29,DImprovedSurface,1000,1,4272,4271,4269,4271,4241,13096444331371,16.666299,16.675100,,0.926600,0.849600,
29,DImprovedSurface,1000,1,4273,4272,4270,4272,4242,13096444498122,16.666900,16.663300,,0.993300,1.008500,
29,DImprovedSurface,1000,1,4274,4273,4271,4273,4243,13096444664755,16.666703,16.665600,,0.918400,0.902000,
29,DImprovedSurface,1000,1,4275,4274,4272,4274,4244,13096444831411,16.667100,16.661900,,0.905900,1.004200,
29,DImprovedSurface,1000,1,4276,4275,4273,4275,4245,13096444998030,16.666900,16.670100,,0.908700,1.055600,
29,DImprovedSurface,1000,1,4277,4276,4274,4276,4246,13096445164731,16.667403,16.721300,,0.000000,1.025500,
29,DImprovedSurface,1000,1,4278,4277,4275,4277,4247,13096445331944,16.666900,16.613700,,0.993400,0.947500,
29,DImprovedSurface,1000,1,4279,4278,4276,4278,4248,13096445498081,16.666595,16.659400,,0.904500,0.884600,
29,DImprovedSurface,1000,1,4280,4279,4277,4279,4249,13096445664675,16.667701,16.673300,,0.944800,0.944500,
29,DImprovedSurface,1000,1,4281,4280,4278,4280,4250,13096445831408,16.666299,16.671000,,0.909500,0.865400,
29,DImprovedSurface,1000,1,4282,4281,4279,4281,4251,13096445998118,16.666900,16.659600,,0.901500,0.834600,
29,DImprovedSurface,1000,1,4283,4282,4280,4282,4252,13096446164714,16.666397,16.676800,,0.000000,0.933300,
29,DImprovedSurface,1000,1,4284,4283,4281,4283,4253,13096446331482,16.666900,16.659400,,0.953800,0.993900,
29,DImprovedSurface,1000,1,4285,4284,4282,4284,4254,13096446498076,16.667899,16.669800,,0.899900,0.891200,
29,DImprovedSurface,1000,1,4286,4285,4283,4285,4255,13096446664774,16.666802,16.688400,,0.909000,0.842800,
29,DImprovedSurface,1000,1,4287,4286,4284,4286,4256,13096446831658,16.666099,16.640600,,0.910000,1.050800,
29,DImprovedSurface,1000,1,4288,4287,4285,4287,4257,13096446998064,16.666999,16.669600,,0.897400,0.860200,
29,DImprovedSurface,1000,1,4289,4288,4286,4288,4258,13096447164760,16.666703,16.668300,,0.000000,0.854200,
29,DImprovedSurface,1000,1,4290,4289,4287,4289,4259,13096447331443,16.692199,16.663400,,1.232100,0.992300,
29,DImprovedSurface,1000,1,4291,4290,4288,4290,4260,13096447498077,16.666306,16.666400,,1.068600,1.037600,
29,DImprovedSurface,1000,1,4292,4291,4289,4291,4261,13096447664741,16.667396,16.669300,,0.890200,0.866000,
29,DImprovedSurface,1000,1,4293,4292,4290,4292,4262,13096447831434,16.666397,16.703800,,0.991500,0.903100,
29,DImprovedSurface,1000,1,4294,4293,4291,4293,4263,13096447998472,16.667800,16.650000,,0.898600,0.858800,
29,DImprovedSurface,1000,1,4295,4294,4292,4294,4264,13096448164972,16.666802,16.673700,,0.000000,0.855500,
29,DImprovedSurface,1000,1,4296,4295,4293,4295,4265,13096448331709,16.666602,16.665100,,1.114400,1.017500,
29,DImprovedSurface,1000,1,4297,4296,4294,4296,4266,13096448498360,16.667100,16.671000,,0.968300,0.872600,
29,DImprovedSurface,1000,1,4298,4297,4295,4297,4267,13096448665070,16.666602,16.684700,,0.920000,0.902700,
29,DImprovedSurface,1000,1,4299,4298,4296,4298,4268,13096448831917,16.667595,16.685900,,0.906400,0.955400,
29,DImprovedSurface,1000,1,4300,4299,4297,4299,4269,13096448998776,16.666504,16.635600,,1.057800,0.968900,
29,DImprovedSurface,1000,1,4301,4300,4298,4300,4270,13096449165132,16.666900,16.665800,,0.000000,0.849600,
29,DImprovedSurface,1000,1,4302,4301,4299,4301,4271,13096449331790,16.666999,16.666900,,0.932400,0.881200,
29,DImprovedSurface,1000,1,4303,4302,4300,4302,4272,13096449498459,16.666695,16.665300,,0.911800,0.987100,
29,DImprovedSurface,1000,1,4304,4303,4301,4303,4273,13096449665112,16.668105,16.680100,,1.022200,0.869300,
29,DImprovedSurface,1000,1,4305,4304,4302,4304,4274,13096449831913,16.666299,16.655600,,0.946600,0.860300,
29,DImprovedSurface,1000,1,4306,4305,4303,4305,4275,13096449998469,16.666900,16.673200,,0.911900,0.826300,
29,DImprovedSurface,1000,1,4307,4306,4304,4306,4276,13096450165201,16.665902,16.669000,,0.000000,0.836700,
29,DImprovedSurface,1000,1,4308,4307,4305,4307,4277,13096450331891,16.667396,16.659300,,0.909600,0.873300,
29,DImprovedSurface,1000,1,4309,4308,4306,4308,4278,13096450498484,16.666802,16.667900,,0.910100,0.880600,
29,DImprovedSurface,1000,1,4310,4309,4307,4309,4279,13096450665163,16.666703,16.662800,,0.901900,0.871600,
29,DImprovedSurface,1000,1,4311,4310,4308,4310,4280,13096450831791,16.666695,16.670200,,0.919000,0.880900,
29,DImprovedSurface,1000,1,4312,4311,4309,4311,4281,13096450998493,16.667105,16.664400,,0.906900,0.849500,
29,DImprovedSurface,1000,1,4313,4312,4310,4312,4282,13096451165137,16.666397,16.668700,,0.000000,0.841400,
29,DImprovedSurface,1000,1,4314,4313,4311,4313,4283,13096451331824,16.666900,16.664600,,0.906700,1.055100,
29,DImprovedSurface,1000,1,4315,4314,4312,4314,4284,13096451498470,16.701296,16.666600,,1.136000,0.866300,
29,DImprovedSurface,1000,1,4316,4315,4313,4315,4285,13096451665136,16.666802,16.665000,,1.089000,0.855700,
29,DImprovedSurface,1000,1,4317,4316,4314,4316,4286,13096451831786,16.667701,16.670100,,0.819300,0.838300,
29,DImprovedSurface,1000,1,4318,4317,4315,4317,4287,13096451998487,16.668297,16.698500,,0.865500,0.794500,
29,DImprovedSurface,1000,1,4319,4318,4316,4318,4288,13096452165472,16.664406,16.660000,,0.000000,0.921500,
29,DImprovedSurface,1000,1,4320,4319,4317,4319,4289,13096452332072,16.667297,16.674400,,0.909500,0.827600,
29,DImprovedSurface,1000,1,4321,4320,4318,4320,4290,13096452498816,16.666595,16.680200,,0.904000,0.834200,
29,DImprovedSurface,1000,1,4322,4321,4319,4321,4291,13096452665618,16.666900,16.647400,,0.909800,0.825500,
29,DImprovedSurface,1000,1,4323,4322,4320,4322,4292,13096452832092,16.667603,16.667000,,0.895000,1.111900,
29,DImprovedSurface,1000,1,4324,4323,4321,4323,4293,13096452998762,16.667100,16.665300,,0.969200,0.994200,
29,DImprovedSurface,1000,1,4325,4324,4322,4324,4294,13096453165415,16.666405,16.666700,,0.000000,1.014400,
29,DImprovedSurface,1000,1,4326,4325,4323,4325,4295,13096453332082,16.666695,16.671600,,0.931400,1.085700,
29,DImprovedSurface,1000,1,4327,4326,4324,4326,4296,13096453498798,16.667403,16.673000,,0.968500,1.037600,
29,DImprovedSurface,1000,1,4328,4327,4325,4327,4297,13096453665528,16.666703,16.665500,,0.911300,0.851800,
29,DImprovedSurface,1000,1,4329,4328,4326,4328,4298,13096453832183,16.667100,16.667400,,1.003700,0.860500,
29,DImprovedSurface,1000,1,4330,4329,4327,4329,4299,13096453998857,16.666802,16.666600,,0.908800,0.885300,
29,DImprovedSurface,1000,1,4331,4330,4328,4330,4300,13096454165523,16.666999,16.784300,,0.000000,0.946800,
29,DImprovedSurface,1000,1,4332,4331,4329,4331,4301,13096454333366,16.666695,16.548500,,1.035800,1.072000,
29,DImprovedSurface,1000,1,4333,4332,4330,4332,4302,13096454498851,16.667502,16.669300,,0.910900,0.916800,
29,DImprovedSurface,1000,1,4334,4333,4331,4333,4303,13096454665544,16.666703,16.666000,,0.936500,0.936300,
29,DImprovedSurface,1000,1,4335,4334,4332,4334,4304,13096454832204,16.666893,16.669900,,1.314200,1.209100,
29,DImprovedSurface,1000,1,4336,4335,4333,4335,4305,13096454998903,16.666703,16.666100,,0.922100,0.897700,
29,DImprovedSurface,1000,1,4337,4336,4334,4336,4306,13096455165564,16.666299,16.675500,,0.000000,0.905800,
29,DImprovedSurface,1000,1,4338,4337,4335,4337,4307,13096455332319,16.667906,16.659900,,0.899500,1.119500,
29,DImprovedSurface,1000,1,4339,4338,4336,4338,4308,13096455498918,16.748194,16.661100,,0.993900,0.911600,
29,DImprovedSurface,1000,1,4340,4339,4337,4339,4309,13096455665529,16.667007,16.659400,,0.962900,0.973300,
29,DImprovedSurface,1000,1,4341,4340,4338,4340,4310,13096455832123,16.666397,16.752700,,1.062800,0.863800,
29,DImprovedSurface,1000,1,4342,4341,4339,4341,4311,13096455999650,16.757498,16.667500,,0.901000,0.878800,
29,DImprovedSurface,1000,1,4343,4342,4340,4342,4312,13096456166325,16.666504,16.668200,,0.859400,0.923500,
29,DImprovedSurface,1000,1,4344,4343,4341,4343,4313,13096456333007,16.692495,16.663300,,0.000000,0.825900,
29,DImprovedSurface,1000,1,4345,4344,4342,4344,4314,13096456499640,16.666802,16.762100,,0.909900,0.981400,
29,DImprovedSurface,1000,1,4346,4345,4343,4345,4315,13096456667261,16.666703,16.663500,,0.919700,0.857700,
29,DImprovedSurface,1000,1,4347,4346,4344,4346,4316,13096456833896,16.666496,16.695500,,0.903000,0.903300,
29,DImprovedSurface,1000,1,4348,4347,4345,4347,4317,13096457000851,16.666900,16.670300,,0.998600,0.890500,
29,DImprovedSurface,1000,1,4349,4348,4346,4348,4318,13096457167554,16.667206,16.660300,,0.817100,0.783000,
29,DImprovedSurface,1000,1,4350,4349,4347,4349,4319,13096457334157,16.667198,16.666000,,0.000000,1.026000,
29,DImprovedSurface,1000,1,4351,4350,4348,4350,4320,13096457500817,16.666703,16.668600,,0.918600,0.972300,
29,DImprovedSurface,1000,1,4352,4351,4349,4351,4321,13096457667503,16.753798,16.668800,,1.514300,1.076900,
29,DImprovedSurface,1000,1,4353,4352,4350,4352,4322,13096457834191,16.667100,16.686400,,1.232300,0.840800,
29,DImprovedSurface,1000,1,4354,4353,4351,4353,4323,13096458001055,16.666198,16.651000,,1.240500,0.813800,
29,DImprovedSurface,1000,1,4355,4354,4352,4354,4324,13096458167565,16.666802,16.876000,,0.906000,0.946700,
29,DImprovedSurface,1000,1,4356,4355,4353,4355,4325,13096458336325,16.667198,16.552300,,0.000000,0.828700,
29,DImprovedSurface,1000,1,4357,4356,4354,4356,4326,13096458501848,16.666802,16.653100,,0.972600,0.876600,
29,DImprovedSurface,1000,1,4358,4357,4355,4357,4327,13096458668379,16.666397,16.670300,,0.926400,0.852700,
29,DImprovedSurface,1000,1,4359,4358,4356,4358,4328,13096458835082,16.666802,16.681600,,1.038600,0.851300,
29,DImprovedSurface,1000,1,4360,4359,4357,4359,4329,13096459001898,16.667305,16.650500,,0.935600,0.787400,
29,DImprovedSurface,1000,1,4361,4360,4358,4360,4330,13096459168403,16.666999,16.667200,,1.027200,0.822900,
29,DImprovedSurface,1000,1,4362,4361,4359,4361,4331,13096459335075,16.666299,16.662200,,0.000000,0.887200,
29,DImprovedSurface,1000,1,4363,4362,4360,4362,4332,13096459501697,16.667198,16.672400,,0.921100,0.873000,
29,DImprovedSurface,1000,1,4364,4363,4361,4363,4333,13096459668421,16.666703,16.669500,,0.949000,1.028300,
29,DImprovedSurface,1000,1,4365,4364,4362,4364,4334,13096459835116,16.667396,16.666700,,0.907700,0.894300,
29,DImprovedSurface,1000,1,4366,4365,4363,4365,4335,13096460001783,16.668404,16.665100,,0.911800,0.911700,
29,DImprovedSurface,1000,1,4367,4366,4364,4366,4336,13096460168434,16.665200,16.667100,,0.932200,1.103600,
29,DImprovedSurface,1000,1,4368,4367,4365,4367,4337,13096460335105,16.667396,16.666200,,0.000000,0.828800,
29,DImprovedSurface,1000,1,4369,4368,4366,4368,4338,13096460501767,16.666405,16.679800,,0.942700,0.908400,
29,DImprovedSurface,1000,1,4370,4369,4367,4369,4339,13096460668565,16.666198,16.655400,,0.887700,0.816000,
29,DImprovedSurface,1000,1,4371,4370,4368,4370,4340,13096460835119,16.667603,16.666900,,0.814300,0.821600,
29,DImprovedSurface,1000,1,4372,4371,4369,4371,4341,13096461001788,16.666794,16.663100,,0.856000,1.184200,
29,DImprovedSurface,1000,1,4373,4372,4370,4372,4342,13096461168419,16.666504,16.662400,,0.879400,0.803300,
29,DImprovedSurface,1000,1,4374,4373,4371,4373,4343,13096461335043,16.666900,16.674300,,0.000000,0.817400,
29,DImprovedSurface,1000,1,4375,4374,4372,4374,4344,13096461501786,16.666999,16.661400,,0.911800,0.894100,
29,DImprovedSurface,1000,1,4376,4375,4373,4375,4345,13096461668400,16.666802,16.667200,,0.887300,0.880400,
29,DImprovedSurface,1000,1,4377,4376,4374,4376,4346,13096461835072,16.666999,16.665700,,0.916500,0.984500,
29,DImprovedSurface,1000,1,4378,4377,4375,4377,4347,13096462001729,16.666397,16.671400,,0.898000,0.937600,
29,DImprovedSurface,1000,1,4379,4378,4376,4378,4348,13096462168443,16.670004,16.666800,,1.069700,0.852300,
29,DImprovedSurface,1000,1,4380,4379,4377,4379,4349,13096462335111,16.666794,16.665200,,0.000000,0.790400,
29,DImprovedSurface,1000,1,4381,4380,4378,4380,4350,13096462501763,16.667206,16.663000,,0.767800,0.738000,
29,DImprovedSurface,1000,1,4382,4381,4379,4381,4351,13096462668393,16.666695,16.781700,,0.770400,0.741700,
29,DImprovedSurface,1000,1,4383,4382,4380,4382,4352,13096462836210,16.667206,16.552600,,0.769300,0.742100,
29,DImprovedSurface,1000,1,4384,4383,4381,4383,4353,13096463001736,16.666496,16.673200,,0.773300,0.736700,
29,DImprovedSurface,1000,1,4385,4384,4382,4384,4354,13096463168468,16.666703,16.660100,,0.754700,0.778800,
29,DImprovedSurface,1000,1,4386,4385,4383,4385,4355,13096463335069,16.666999,16.672400,,0.000000,0.734200,
30,DImprovedSurface,1000,4,4418,4417,4415,4417,4386,13096480806960,16.666602,16.656800,,0.928200,0.985500,
30,DImprovedSurface,1000,4,4419,4418,4416,4418,4387,13096480973528,16.666695,16.664700,,1.235200,0.903100,
30,DImprovedSurface,1000,4,4420,4419,4417,4419,4388,13096481140175,16.666999,16.668400,,0.895000,0.984500,
30,DImprovedSurface,1000,4,4421,4420,4418,4420,4389,13096481306859,16.667206,16.670800,,0.984200,0.835100,
30,DImprovedSurface,1000,4,4422,4421,4419,4421,4390,13096481473567,16.666397,16.657500,,0.937600,0.942000,
30,DImprovedSurface,1000,4,4423,4422,4420,4422,4391,13096481640142,16.667100,16.670100,,0.000000,1.051500,
30,DImprovedSurface,1000,4,4424,4423,4421,4423,4392,13096481806843,16.670302,16.666800,,0.910300,0.869200,
30,DImprovedSurface,1000,4,4425,4424,4422,4424,4393,13096481973511,16.663201,16.663600,,0.964500,0.912600,
30,DImprovedSurface,1000,4,4426,4425,4423,4425,4394,13096482140147,16.666900,16.668800,,0.958800,0.810300,
30,DImprovedSurface,1000,4,4427,4426,4424,4426,4395,13096482306835,16.666794,16.705600,,0.906700,1.083800,
30,DImprovedSurface,1000,4,4428,4427,4425,4427,4396,13096482473891,16.667105,16.628700,,0.916500,0.841300,
30,DImprovedSurface,1000,4,4429,4428,4426,4428,4397,13096482640178,16.666794,16.668300,,0.000000,0.882800,
30,DImprovedSurface,1000,4,4430,4429,4427,4429,4398,13096482806861,16.666999,16.665500,,0.901400,0.974700,
30,DImprovedSurface,1000,4,4431,4430,4428,4430,4399,13096482973516,16.667502,16.671500,,0.896100,0.952300,
30,DImprovedSurface,1000,4,4432,4431,4429,4431,4400,13096483140231,16.690299,16.661500,,0.953700,0.953200,
30,DImprovedSurface,1000,4,4433,4432,4430,4432,4401,13096483306846,16.667198,16.670300,,1.206900,0.918300,
30,DImprovedSurface,1000,4,4434,4433,4431,4433,4402,13096483473549,16.667206,16.669700,,0.908200,0.881400,
30,DImprovedSurface,1000,4,4435,4434,4432,4434,4403,13096483640246,16.666299,16.686500,,0.000000,0.911900,
30,DImprovedSurface,1000,4,4436,4435,4433,4435,4404,13096483807111,16.666802,16.701900,,0.907300,0.818500,
30,DImprovedSurface,1000,4,4437,4436,4434,4436,4405,13096483974130,16.666900,16.639200,,0.952200,0.876800,
30,DImprovedSurface,1000,4,4438,4437,4435,4437,4406,13096484140522,16.666695,16.654700,,0.896400,0.849700,
30,DImprovedSurface,1000,4,4439,4438,4436,4438,4407,13096484307069,16.666802,16.670900,,0.898300,0.925400,
30,DImprovedSurface,1000,4,4440,4439,4437,4439,4408,13096484473778,16.666900,16.669700,,0.963000,0.963200,
30,DImprovedSurface,1000,4,4441,4440,4438,4440,4409,13096484640475,16.666999,16.667000,,0.000000,0.946300,
30,DImprovedSurface,1000,4,4442,4441,4439,4441,4410,13096484807145,16.667403,16.673400,,0.903100,0.886300,
30,DImprovedSurface,1000,4,4443,4442,4440,4442,4411,13096484973879,16.670097,16.656400,,0.918400,1.028300,
30,DImprovedSurface,1000,4,4444,4443,4441,4443,4412,13096485140443,16.929202,16.670800,,0.908000,0.868900,
30,DImprovedSurface,1000,4,4445,4444,4442,4444,4413,13096485307151,16.666999,16.675300,,1.089100,1.077200,
30,DImprovedSurface,1000,4,4446,4445,4443,4445,4414,13096485473904,16.668098,16.699500,,0.933200,0.907300,
30,DImprovedSurface,1000,4,4447,4446,4444,4446,4415,13096485640899,16.666405,16.890900,,0.000000,0.859400,
30,DImprovedSurface,1000,4,4448,4447,4445,4447,4416,13096485809808,16.667198,16.777800,,0.944900,0.862200,
30,DImprovedSurface,1000,4,4449,4448,4446,4448,4417,13096485977586,16.666595,16.576300,,0.915300,1.002700,
30,DImprovedSurface,1000,4,4450,4449,4447,4449,4418,13096486143349,16.667007,16.656400,,0.908100,0.813800,
30,DImprovedSurface,1000,4,4451,4450,4448,4450,4419,13096486309913,16.666893,16.670800,,0.975900,1.096800,
30,DImprovedSurface,1000,4,4452,4451,4449,4451,4420,13096486476621,16.666602,16.765900,,0.913000,0.897300,
30,DImprovedSurface,1000,4,4453,4452,4450,4452,4421,13096486644280,16.667603,16.560700,,0.000000,0.823500,
30,DImprovedSurface,1000,4,4454,4453,4451,4453,4422,13096486809887,16.666595,16.670100,,0.911500,0.906900,
30,DImprovedSurface,1000,4,4455,4454,4452,4454,4423,13096486976588,16.667206,16.662900,,0.907200,0.868900,
30,DImprovedSurface,1000,4,4456,4455,4453,4455,4424,13096487143217,16.666299,16.672900,,0.920800,1.036700,
30,DImprovedSurface,1000,4,4457,4456,4454,4456,4425,13096487309946,16.667396,16.662800,,0.914200,0.942200,
30,DImprovedSurface,1000,4,4458,4457,4455,4457,4426,13096487476574,16.666504,16.691200,,0.987800,1.040700,
30,DImprovedSurface,1000,4,4459,4458,4456,4458,4427,13096487643486,16.702700,16.642400,,0.000000,0.895200,
30,DImprovedSurface,1000,4,4460,4459,4457,4459,4428,13096487809910,16.669402,16.670300,,1.079500,0.971600,
30,DImprovedSurface,1000,4,4461,4460,4458,4460,4429,13096487976613,16.664095,16.665200,,0.937300,0.909100,
30,DImprovedSurface,1000,4,4462,4461,4459,4461,4430,13096488143265,16.666703,16.702100,,0.999800,0.972000,
30,DImprovedSurface,1000,4,4463,4462,4460,4462,4431,13096488310286,16.666802,16.791000,,0.947600,1.235300,
30,DImprovedSurface,1000,4,4464,4463,4461,4463,4432,13096488478196,16.666900,16.559800,,0.947300,0.844300,
30,DImprovedSurface,1000,4,4465,4464,4462,4464,4433,13096488643794,16.666496,16.650800,,0.000000,0.825400,
30,DImprovedSurface,1000,4,4466,4465,4463,4465,4434,13096488810302,16.666802,16.667800,,0.913200,0.839500,
30,DImprovedSurface,1000,4,4467,4466,4464,4466,4435,13096488976980,16.667800,16.662100,,0.908600,0.920100,
30,DImprovedSurface,1000,4,4468,4467,4465,4467,4436,13096489143601,16.666703,16.663900,,0.936300,0.863600,
30,DImprovedSurface,1000,4,4469,4468,4466,4468,4437,13096489310240,16.666802,16.664000,,0.915600,0.863900,
30,DImprovedSurface,1000,4,4470,4469,4467,4469,4438,13096489476880,16.666198,16.711800,,0.915500,0.946500,
30,DImprovedSurface,1000,4,4471,4470,4468,4470,4439,13096489643998,16.666802,16.631700,,0.000000,0.954700,
30,DImprovedSurface,1000,4,4472,4471,4469,4471,4440,13096489810315,16.667396,16.670300,,0.973100,0.806300,
30,DImprovedSurface,1000,4,4473,4472,4470,4472,4441,13096489977018,16.666703,16.652600,,0.912700,0.836700,
30,DImprovedSurface,1000,4,4474,4473,4471,4473,4442,13096490143544,16.666397,16.700100,,0.959600,1.336200,
30,DImprovedSurface,1000,4,4475,4474,4472,4474,4443,13096490310545,16.667100,16.636400,,1.156300,1.110400,
30,DImprovedSurface,1000,4,4476,4475,4473,4475,4444,13096490476909,16.667701,16.661400,,0.928500,1.046400,
30,DImprovedSurface,1000,4,4477,4476,4474,4476,4445,13096490643523,16.666802,16.667900,,0.000000,0.879700,
30,DImprovedSurface,1000,4,4478,4477,4475,4477,4446,13096490810202,16.666496,16.756600,,0.926700,0.906800,
30,DImprovedSurface,1000,4,4479,4478,4476,4478,4447,13096490977768,16.666602,16.584500,,0.931700,0.899800,
30,DImprovedSurface,1000,4,4480,4479,4477,4479,4448,13096491143613,16.667800,16.682900,,0.975100,0.931000,
30,DImprovedSurface,1000,4,4481,4480,4478,4480,4449,13096491310442,16.666198,16.654400,,0.958100,0.930800,
30,DImprovedSurface,1000,4,4482,4481,4479,4481,4450,13096491476986,16.667198,16.746000,,0.954400,0.877400,
30,DImprovedSurface,1000,4,4483,4482,4480,4482,4451,13096491644446,16.667206,16.587700,,0.000000,0.874300,
30,DImprovedSurface,1000,4,4484,4483,4481,4483,4452,13096491810323,16.666999,16.720200,,1.006400,0.889000,
30,DImprovedSurface,1000,4,4485,4484,4482,4484,4453,13096491977525,16.667198,16.611900,,0.912500,1.053000,
30,DImprovedSurface,1000,4,4486,4485,4483,4485,4454,13096492143644,16.666802,16.670200,,1.287700,1.000200,
30,DImprovedSurface,1000,4,4487,4486,4484,4486,4455,13096492310346,16.666695,16.664500,,0.923100,0.868500,
30,DImprovedSurface,1000,4,4488,4487,4485,4487,4456,13096492476991,16.669104,16.680200,,0.933200,0.836900,
30,DImprovedSurface,1000,4,4489,4488,4486,4488,4457,13096492643793,16.663995,16.658100,,0.000000,1.091900,
30,DImprovedSurface,1000,4,4490,4489,4487,4489,4458,13096492810374,16.667800,16.667600,,0.915500,0.842100,
30,DImprovedSurface,1000,4,4491,4490,4488,4490,4459,13096492977050,16.666703,16.681500,,0.892600,0.901800,
30,DImprovedSurface,1000,4,4492,4491,4489,4491,4460,13096493143865,16.666001,16.647500,,0.945600,0.914300,
30,DImprovedSurface,1000,4,4493,4492,4490,4492,4461,13096493310340,16.667800,16.667000,,0.913500,0.979300,
30,DImprovedSurface,1000,4,4494,4493,4491,4493,4462,13096493477010,16.666602,16.669500,,0.907900,1.066900,
30,DImprovedSurface,1000,4,4495,4494,4492,4494,4463,13096493643705,16.667100,16.661900,,0.000000,0.853700,
30,DImprovedSurface,1000,4,4496,4495,4493,4495,4464,13096493810324,16.666802,16.670800,,1.017700,0.890900,
30,DImprovedSurface,1000,4,4497,4496,4494,4496,4465,13096493977032,16.666595,16.663600,,0.907800,0.916300,
30,DImprovedSurface,1000,4,4498,4497,4495,4497,4466,13096494143668,16.668800,16.667800,,1.327600,1.127700,
30,DImprovedSurface,1000,4,4499,4498,4496,4498,4467,13096494310346,16.665101,16.666300,,0.903100,0.803500,
30,DImprovedSurface,1000,4,4500,4499,4497,4499,4468,13096494477009,16.666900,16.715500,,0.896200,0.914700,
30,DImprovedSurface,1000,4,4501,4500,4498,4500,4469,13096494644164,16.667100,16.630700,,0.000000,0.857500,
30,DImprovedSurface,1000,4,4502,4501,4499,4501,4470,13096494810471,16.667502,16.655000,,1.012400,1.042700,
30,DImprovedSurface,1000,4,4503,4502,4500,4502,4471,13096494977021,16.666299,16.664600,,1.103700,1.147700,
30,DImprovedSurface,1000,4,4504,4503,4501,4503,4472,13096495143667,16.667502,16.673700,,1.373500,0.888300,
30,DImprovedSurface,1000,4,4505,4504,4502,4504,4473,13096495310404,16.666496,16.673600,,0.943800,0.819400,
30,DImprovedSurface,1000,4,4506,4505,4503,4505,4474,13096495477140,16.666999,16.663000,,0.928000,0.938100,
30,DImprovedSurface,1000,4,4507,4506,4504,4506,4475,13096495643770,16.666703,16.668400,,0.000000,0.879900,
30,DImprovedSurface,1000,4,4508,4507,4505,4507,4476,13096495810454,16.667603,16.955600,,0.915500,0.888400,
30,DImprovedSurface,1000,4,4509,4508,4506,4508,4477,13096495980010,16.666198,16.372400,,0.915800,0.905900,
30,DImprovedSurface,1000,4,4510,4509,4507,4509,4478,13096496143734,16.666900,16.681800,,0.974100,0.898300,
30,DImprovedSurface,1000,4,4511,4510,4508,4510,4479,13096496310552,16.666999,16.656400,,0.866100,0.841100,
30,DImprovedSurface,1000,4,4512,4511,4509,4511,4480,13096496477116,16.666999,16.659200,,0.989700,0.952900,
30,DImprovedSurface,1000,4,4513,4512,4510,4512,4481,13096496643708,16.666802,16.669800,,0.000000,0.869600,
30,DImprovedSurface,1000,4,4514,4513,4511,4513,4482,13096496810406,16.666496,16.668600,,0.923400,0.914700,
30,DImprovedSurface,1000,4,4515,4514,4512,4514,4483,13096496977092,16.666802,16.661600,,0.915000,0.825700,
30,DImprovedSurface,1000,4,4516,4515,4513,4515,4484,13096497143708,16.666999,16.672300,,0.921400,0.984900,
30,DImprovedSurface,1000,4,4517,4516,4514,4516,4485,13096497310431,16.666496,16.695200,,0.941600,0.918600,
30,DImprovedSurface,1000,4,4518,4517,4515,4517,4486,13096497477383,16.667100,16.634500,,0.988000,0.869400,
30,DImprovedSurface,1000,4,4519,4518,4516,4518,4487,13096497643728,16.667502,16.688900,,0.000000,1.070000,
30,DImprovedSurface,1000,4,4520,4519,4517,4519,4488,13096497810617,16.666802,16.642700,,0.926900,0.875100,
30,DImprovedSurface,1000,4,4521,4520,4518,4520,4489,13096497977044,16.667198,16.668800,,0.827500,0.863900,
30,DImprovedSurface,1000,4,4522,4521,4519,4521,4490,13096498143732,16.666703,16.667200,,1.133000,1.057900,
30,DImprovedSurface,1000,4,4523,4522,4520,4522,4491,13096498310404,16.666397,16.664000,,0.870500,0.887300,
30,DImprovedSurface,1000,4,4524,4523,4521,4523,4492,13096498477044,16.666900,16.676700,,0.910100,0.721400,
30,DImprovedSurface,1000,4,4525,4524,4522,4524,4493,13096498643811,16.667603,16.661000,,0.000000,0.836900,
30,DImprovedSurface,1000,4,4526,4525,4523,4525,4494,13096498810421,16.666802,16.655900,,0.911300,1.120400,
30,DImprovedSurface,1000,4,4527,4526,4524,4526,4495,13096498976980,16.666900,16.669200,,0.926700,0.906600,
30,DImprovedSurface,1000,4,4528,4527,4525,4527,4496,13096499143672,16.666794,16.680900,,0.913400,0.920100,
30,DImprovedSurface,1000,4,4529,4528,4526,4528,4497,13096499310481,16.666602,16.662400,,0.903700,0.896500,
30,DImprovedSurface,1000,4,4530,4529,4527,4529,4498,13096499477105,16.666999,16.668100,,0.920400,1.031700,
30,DImprovedSurface,1000,4,4531,4530,4528,4530,4499,13096499643786,16.667100,16.666700,,0.000000,0.906600,
30,DImprovedSurface,1000,4,4532,4531,4529,4531,4500,13096499810453,16.666299,16.663700,,1.253500,1.019200,
30,DImprovedSurface,1000,4,4533,4532,4530,4532,4501,13096499977090,16.667603,16.666200,,1.145000,0.935700,
30,DImprovedSurface,1000,4,4534,4533,4531,4533,4502,13096500143752,16.666602,16.674400,,0.909400,0.889900,
30,DImprovedSurface,1000,4,4535,4534,4532,4534,4503,13096500310496,16.666900,16.661000,,0.785700,0.888000,
30,DImprovedSurface,1000,4,4536,4535,4533,4535,4504,13096500477106,16.666496,16.668300,,0.898100,0.831900,
30,DImprovedSurface,1000,4,4537,4536,4534,4536,4505,13096500643789,16.666703,16.657200,,0.000000,0.795000,
31,DImprovedSurface,1000,8,4569,4568,4566,4568,4536,13096518680755,16.666999,16.777500,,0.931800,0.817600,
31,DImprovedSurface,1000,8,4570,4569,4567,4569,4537,13096518848530,16.667403,16.577300,,0.940300,0.938700,
31,DImprovedSurface,1000,8,4571,4570,4568,4570,4538,13096519014303,16.666198,16.805700,,0.000000,1.031100,
31,DImprovedSurface,1000,8,4572,4571,4569,4571,4539,13096519182360,16.667198,16.505000,,0.910400,0.922600,
31,DImprovedSurface,1000,8,4573,4572,4570,4572,4540,13096519347410,16.666900,16.668900,,0.921300,0.888300,
31,DImprovedSurface,1000,8,4574,4573,4571,4573,4541,13096519514099,16.669897,16.662800,,1.056500,0.913400,
31,DImprovedSurface,1000,8,4575,4574,4572,4574,4542,13096519680727,16.663805,16.705200,,0.928000,0.883400,
31,DImprovedSurface,1000,8,4576,4575,4573,4575,4543,13096519847779,16.667396,16.635100,,0.904500,0.858100,
31,DImprovedSurface,1000,8,4577,4576,4574,4576,4544,13096520014130,16.665801,16.675800,,0.000000,0.832700,
31,DImprovedSurface,1000,8,4578,4577,4575,4577,4545,13096520180888,16.667100,16.656500,,0.930000,0.946400,
31,DImprovedSurface,1000,8,4579,4578,4576,4578,4546,13096520347453,16.666999,16.673000,,0.926100,0.863100,
31,DImprovedSurface,1000,8,4580,4579,4577,4579,4547,13096520514183,16.667603,16.685600,,0.939300,0.902900,
31,DImprovedSurface,1000,8,4581,4580,4578,4580,4548,13096520681039,16.666595,16.667300,,0.963700,1.052200,
31,DImprovedSurface,1000,8,4582,4581,4579,4581,4549,13096520847712,16.666703,16.641800,,0.905100,0.936100,
31,DImprovedSurface,1000,8,4583,4582,4580,4582,4550,13096521014130,16.666703,16.675600,,0.000000,1.157900,
31,DImprovedSurface,1000,8,4584,4583,4581,4583,4551,13096521180886,16.667496,16.662100,,0.932800,0.965100,
31,DImprovedSurface,1000,8,4585,4584,4582,4584,4552,13096521347507,16.666099,16.681000,,0.899800,0.915500,
31,DImprovedSurface,1000,8,4586,4585,4583,4585,4553,13096521514317,16.667701,16.647900,,0.921100,0.908700,
31,DImprovedSurface,1000,8,4587,4586,4584,4586,4554,13096521680796,16.666703,16.666100,,0.905500,0.958500,
31,DImprovedSurface,1000,8,4588,4587,4585,4587,4555,13096521847457,16.666397,16.665000,,0.962700,0.938900,
31,DImprovedSurface,1000,8,4589,4588,4586,4588,4556,13096522014107,16.666802,16.668300,,0.000000,0.848500,
31,DImprovedSurface,1000,8,4590,4589,4587,4589,4557,13096522180790,16.666999,16.668500,,1.000600,0.952300,
31,DImprovedSurface,1000,8,4591,4590,4588,4590,4558,13096522347475,16.666802,16.663500,,0.917700,0.938600,
31,DImprovedSurface,1000,8,4592,4591,4589,4591,4559,13096522514110,16.666900,16.668800,,0.898900,0.908300,
31,DImprovedSurface,1000,8,4593,4592,4590,4592,4560,13096522680798,16.667800,16.666700,,0.899000,0.918600,
31,DImprovedSurface,1000,8,4594,4593,4591,4593,4561,13096522847465,16.665801,16.665900,,0.934200,0.873200,
31,DImprovedSurface,1000,8,4595,4594,4592,4594,4562,13096523014124,16.667496,16.666400,,0.000000,0.842900,
31,DImprovedSurface,1000,8,4596,4595,4593,4595,4563,13096523180788,16.666099,16.671900,,1.171400,0.981200,
31,DImprovedSurface,1000,8,4597,4596,4594,4596,4564,13096523347507,16.668098,16.662700,,0.904400,0.975200,
31,DImprovedSurface,1000,8,4598,4597,4595,4597,4565,13096523514134,16.671102,16.672100,,0.901000,0.902800,
31,DImprovedSurface,1000,8,4599,4598,4596,4598,4566,13096523680855,16.662600,16.662400,,0.973000,0.909700,
31,DImprovedSurface,1000,8,4600,4599,4597,4599,4567,13096523847479,16.666405,16.676500,,1.030400,0.859600,
31,DImprovedSurface,1000,8,4601,4600,4598,4600,4568,13096524014244,16.667198,16.686600,,0.000000,0.931500,
31,DImprovedSurface,1000,8,4602,4601,4599,4601,4569,13096524181110,16.666595,16.643800,,0.932700,0.883000,
31,DImprovedSurface,1000,8,4603,4602,4600,4602,4570,13096524347548,16.667105,16.667300,,0.923600,0.842400,
31,DImprovedSurface,1000,8,4604,4603,4601,4603,4571,13096524514221,16.666397,16.669800,,0.953500,1.028900,
31,DImprovedSurface,1000,8,4605,4604,4602,4604,4572,13096524680919,16.667502,16.665000,,0.908200,0.970300,
31,DImprovedSurface,1000,8,4606,4605,4603,4605,4573,13096524847569,16.666397,16.666000,,0.985600,0.855500,
31,DImprovedSurface,1000,8,4607,4606,4604,4606,4574,13096525014229,16.667297,16.670600,,0.000000,0.874600,
31,DImprovedSurface,1000,8,4608,4607,4605,4607,4575,13096525180935,16.666602,16.709900,,0.969600,0.901300,
31,DImprovedSurface,1000,8,4609,4608,4606,4608,4576,13096525348034,16.667297,16.622000,,0.964300,1.226300,
31,DImprovedSurface,1000,8,4610,4609,4607,4609,4577,13096525514254,16.666900,16.670600,,1.078600,1.047700,
31,DImprovedSurface,1000,8,4611,4610,4608,4610,4578,13096525680960,16.666504,16.666300,,1.299400,1.173700,
31,DImprovedSurface,1000,8,4612,4611,4609,4611,4579,13096525847623,16.666695,16.666100,,0.919700,0.915300,
31,DImprovedSurface,1000,8,4613,4612,4610,4612,4580,13096526014284,16.668105,16.669800,,0.000000,0.853800,
31,DImprovedSurface,1000,8,4614,4613,4611,4613,4581,13096526180982,16.666299,16.659400,,0.914800,0.987300,
31,DImprovedSurface,1000,8,4615,4614,4612,4614,4582,13096526347576,16.667100,16.663600,,0.934100,0.939800,
31,DImprovedSurface,1000,8,4616,4615,4613,4615,4583,13096526514212,16.666602,16.669600,,0.936500,0.898200,
31,DImprovedSurface,1000,8,4617,4616,4614,4616,4584,13096526680908,16.735898,16.692000,,0.913800,0.945600,
31,DImprovedSurface,1000,8,4618,4617,4615,4617,4585,13096526847828,16.666703,16.644400,,0.904800,0.882300,
31,DImprovedSurface,1000,8,4619,4618,4616,4618,4586,13096527014272,16.667297,16.669000,,0.000000,0.817400,
31,DImprovedSurface,1000,8,4620,4619,4617,4619,4587,13096527180962,16.666703,16.730500,,0.878300,0.962400,
31,DImprovedSurface,1000,8,4621,4620,4618,4620,4588,13096527348267,16.667999,16.667700,,0.849500,0.773200,
31,DImprovedSurface,1000,8,4622,4621,4619,4621,4589,13096527514944,16.665298,16.665800,,0.996000,0.853800,
31,DImprovedSurface,1000,8,4623,4622,4620,4622,4590,13096527681602,16.734198,16.690300,,0.962700,0.986800,
31,DImprovedSurface,1000,8,4624,4623,4621,4623,4591,13096527848505,16.666802,16.648000,,0.940800,0.822000,
31,DImprovedSurface,1000,8,4625,4624,4622,4624,4592,13096528014985,16.667297,16.657500,,1.029300,0.886800,
31,DImprovedSurface,1000,8,4626,4625,4623,4625,4593,13096528181560,16.666602,16.801800,,0.000000,0.875100,
31,DImprovedSurface,1000,8,4627,4626,4624,4626,4594,13096528349578,16.667502,16.601500,,0.912600,0.882500,
31,DImprovedSurface,1000,8,4628,4627,4625,4627,4595,13096528515593,16.666695,16.667600,,0.935900,1.000900,
31,DImprovedSurface,1000,8,4629,4628,4626,4628,4596,13096528682269,16.667206,16.666600,,0.980500,0.875900,
31,DImprovedSurface,1000,8,4630,4629,4627,4629,4597,13096528848935,16.666794,16.668500,,0.913400,0.939200,
31,DImprovedSurface,1000,8,4631,4630,4628,4630,4598,13096529015620,16.666802,16.668600,,0.912200,0.957100,
31,DImprovedSurface,1000,8,4632,4631,4629,4631,4599,13096529182306,16.666802,16.670200,,0.000000,0.911600,
31,DImprovedSurface,1000,8,4633,4632,4630,4632,4600,13096529349008,16.667603,16.663600,,0.910100,0.865100,
31,DImprovedSurface,1000,8,4634,4633,4631,4633,4601,13096529515644,16.666496,16.668000,,0.928100,0.931900,
31,DImprovedSurface,1000,8,4635,4634,4632,4634,4602,13096529682324,16.666900,16.666300,,0.911100,0.918500,
31,DImprovedSurface,1000,8,4636,4635,4633,4635,4603,13096529848987,16.666405,16.670200,,0.992400,1.183600,
31,DImprovedSurface,1000,8,4637,4636,4634,4636,4604,13096530015689,16.668800,16.666900,,0.912800,0.923600,
31,DImprovedSurface,1000,8,4638,4637,4635,4637,4605,13096530182358,16.665695,16.678500,,0.000000,1.035200,
31,DImprovedSurface,1000,8,4639,4638,4636,4638,4606,13096530349143,16.666900,16.695800,,0.935600,0.917600,
31,DImprovedSurface,1000,8,4640,4639,4637,4639,4607,13096530516101,16.666397,16.642000,,0.915500,0.888000,
31,DImprovedSurface,1000,8,4641,4640,4638,4640,4608,13096530682521,16.667502,16.653500,,0.887000,0.887200,
31,DImprovedSurface,1000,8,4642,4641,4639,4641,4609,13096530849056,16.666900,16.661000,,0.915500,0.962000,
31,DImprovedSurface,1000,8,4643,4642,4640,4642,4610,13096531015666,16.666900,16.661700,,0.860100,0.842300,
31,DImprovedSurface,1000,8,4644,4643,4641,4643,4611,13096531182283,16.666198,16.674400,,0.000000,0.879000,
31,DImprovedSurface,1000,8,4645,4644,4642,4644,4612,13096531349027,16.666999,16.666800,,0.955300,0.901900,
31,DImprovedSurface,1000,8,4646,4645,4643,4645,4613,13096531515695,16.666802,16.663000,,0.918500,0.975000,
31,DImprovedSurface,1000,8,4647,4646,4644,4646,4614,13096531682325,16.666602,16.668100,,0.935500,0.855000,
31,DImprovedSurface,1000,8,4648,4647,4645,4647,4615,13096531849006,16.700098,16.667800,,0.914400,1.054800,
31,DImprovedSurface,1000,8,4649,4648,4646,4648,4616,13096532015684,16.667198,16.664000,,0.883300,0.880400,
31,DImprovedSurface,1000,8,4650,4649,4647,4649,4617,13096532182324,16.666299,16.670100,,0.000000,0.803000,
31,DImprovedSurface,1000,8,4651,4650,4648,4650,4618,13096532349025,16.668098,16.698900,,0.809200,0.813900,
31,DImprovedSurface,1000,8,4652,4651,4649,4651,4619,13096532516014,16.666703,16.661800,,1.090200,0.963100,
31,DImprovedSurface,1000,8,4653,4652,4650,4652,4620,13096532682632,16.666703,16.666500,,0.870600,0.950900,
31,DImprovedSurface,1000,8,4654,4653,4651,4653,4621,13096532849297,16.666703,16.679900,,0.908100,0.826400,
31,DImprovedSurface,1000,8,4655,4654,4652,4654,4622,13096533016096,16.666496,16.660000,,0.921900,0.837600,
31,DImprovedSurface,1000,8,4656,4655,4653,4655,4623,13096533182696,16.667502,16.670700,,0.000000,0.995200,
31,DImprovedSurface,1000,8,4657,4656,4654,4656,4624,13096533349403,16.667100,16.666800,,0.922200,0.913500,
31,DImprovedSurface,1000,8,4658,4657,4655,4657,4625,13096533516071,16.666695,16.662100,,0.952500,0.897200,
31,DImprovedSurface,1000,8,4659,4658,4656,4658,4626,13096533682692,16.666703,16.674000,,0.933500,0.894500,
31,DImprovedSurface,1000,8,4660,4659,4657,4659,4627,13096533849432,16.666802,16.668300,,0.935300,1.075300,
31,DImprovedSurface,1000,8,4661,4660,4658,4660,4628,13096534016115,16.666703,16.661900,,1.018100,0.905900,
31,DImprovedSurface,1000,8,4662,4661,4659,4661,4629,13096534182734,16.667297,16.681000,,0.000000,0.928400,
31,DImprovedSurface,1000,8,4663,4662,4660,4662,4630,13096534349544,16.667297,16.649600,,0.867800,0.985800,
31,DImprovedSurface,1000,8,4664,4663,4661,4663,4631,13096534516040,16.666001,16.668000,,0.891000,0.984400,
31,DImprovedSurface,1000,8,4665,4664,4662,4664,4632,13096534682720,16.666703,16.675300,,0.936000,0.998500,
31,DImprovedSurface,1000,8,4666,4665,4663,4665,4633,13096534849473,16.667100,16.663000,,0.917700,0.914200,
31,DImprovedSurface,1000,8,4667,4666,4664,4666,4634,13096535016103,16.666999,16.662100,,0.959100,0.934400,
31,DImprovedSurface,1000,8,4668,4667,4665,4667,4635,13096535182724,16.666504,16.664800,,0.000000,0.887700,
31,DImprovedSurface,1000,8,4669,4668,4666,4668,4636,13096535349372,16.668396,16.668500,,0.922400,0.903200,
31,DImprovedSurface,1000,8,4670,4669,4667,4669,4637,13096535516057,16.666504,16.665300,,0.918900,0.865000,
31,DImprovedSurface,1000,8,4671,4670,4668,4670,4638,13096535682710,16.666397,16.668200,,1.277300,1.107400,
31,DImprovedSurface,1000,8,4672,4671,4669,4671,4639,13096535849392,16.666703,16.697500,,0.919300,0.909500,
31,DImprovedSurface,1000,8,4673,4672,4670,4672,4640,13096536016367,16.667100,16.648200,,0.910000,0.886800,
31,DImprovedSurface,1000,8,4674,4673,4671,4673,4641,13096536182849,16.666703,16.657300,,0.000000,1.100600,
31,DImprovedSurface,1000,8,4675,4674,4672,4674,4642,13096536349422,16.666397,16.665800,,0.864600,0.827000,
31,DImprovedSurface,1000,8,4676,4675,4673,4675,4643,13096536516080,16.667198,16.675600,,0.968200,1.001700,
31,DImprovedSurface,1000,8,4677,4676,4674,4676,4644,13096536682836,16.667403,16.659800,,0.972700,0.831000,
31,DImprovedSurface,1000,8,4678,4677,4675,4677,4645,13096536849434,16.666703,16.665100,,0.890300,0.868100,
31,DImprovedSurface,1000,8,4679,4678,4676,4678,4646,13096537016085,16.666397,16.664200,,0.841900,0.787400,
31,DImprovedSurface,1000,8,4680,4679,4677,4679,4647,13096537182727,16.667999,16.728500,,0.000000,0.822800,
31,DImprovedSurface,1000,8,4681,4680,4678,4680,4648,13096537350012,16.666001,16.604100,,0.899800,0.841000,
31,DImprovedSurface,1000,8,4682,4681,4679,4681,4649,13096537516053,16.666999,16.665100,,0.908200,0.888200,
31,DImprovedSurface,1000,8,4683,4682,4680,4682,4650,13096537682704,16.666900,16.683300,,0.908300,1.121200,
31,DImprovedSurface,1000,8,4684,4683,4681,4683,4651,13096537849537,16.667396,16.652300,,0.880300,0.933500,
31,DImprovedSurface,1000,8,4685,4684,4682,4684,4652,13096538016060,16.666206,16.667400,,0.901900,0.838500,
31,DImprovedSurface,1000,8,4686,4685,4683,4685,4653,13096538182734,16.666794,16.668000,,0.000000,0.968500,
31,DImprovedSurface,1000,8,4687,4686,4684,4686,4654,13096538349414,16.667206,16.669400,,0.910700,0.950600,
31,DImprovedSurface,1000,8,4688,4687,4685,4687,4655,13096538516108,16.667198,16.665400,,0.903500,0.879700,
31,DImprovedSurface,1000,8,4689,4688,4686,4688,4656,13096538682762,16.666602,16.665100,,0.915900,1.065700,
32,DImprovedSurface,1000,16,4721,4720,4718,4720,4687,13096558417478,16.666999,16.668600,,0.000000,1.039000,
32,DImprovedSurface,1000,16,4722,4721,4719,4721,4688,13096558584164,16.666900,16.666600,,1.185300,0.820300,
32,DImprovedSurface,1000,16,4723,4722,4720,4722,4689,13096558750830,16.666900,16.665500,,0.905600,0.866000,
32,DImprovedSurface,1000,16,4724,4723,4721,4723,4690,13096558917485,16.667100,16.846600,,0.909800,0.920200,
32,DImprovedSurface,1000,16,4725,4724,4722,4724,4691,13096559085951,16.667198,16.488700,,0.934800,0.938100,
32,DImprovedSurface,1000,16,4726,4725,4723,4725,4692,13096559250838,16.666802,16.669000,,0.903500,0.870200,
32,DImprovedSurface,1000,16,4727,4726,4724,4726,4693,13096559417528,16.666900,16.666300,,0.000000,0.788900,
32,DImprovedSurface,1000,16,4728,4727,4725,4727,4694,13096559584191,16.666695,16.669600,,0.963200,0.931500,
32,DImprovedSurface,1000,16,4729,4728,4726,4728,4695,13096559750887,16.690504,16.664900,,0.948700,0.870700,
32,DImprovedSurface,1000,16,4730,4729,4727,4729,4696,13096559917536,16.667100,16.667600,,0.931500,0.855700,
32,DImprovedSurface,1000,16,4731,4730,4728,4730,4697,13096560084212,16.666397,16.667000,,1.066600,0.979800,
32,DImprovedSurface,1000,16,4732,4731,4729,4731,4698,13096560250882,16.666802,16.694600,,0.903000,0.946300,
32,DImprovedSurface,1000,16,4733,4732,4730,4732,4699,13096560417828,17.001305,16.661100,,0.000000,0.834600,
32,DImprovedSurface,1000,16,4734,4733,4731,4733,4700,13096560584439,16.666794,16.670400,,0.912600,0.968800,
32,DImprovedSurface,1000,16,4735,4734,4732,4734,4701,13096560751143,16.667701,16.662100,,0.918500,0.882600,
32,DImprovedSurface,1000,16,4736,4735,4733,4735,4702,13096560917764,16.666504,17.195300,,0.923500,0.886000,
32,DImprovedSurface,1000,16,4737,4736,4734,4736,4703,13096561089717,16.676495,16.472700,,0.962900,0.950400,
32,DImprovedSurface,1000,16,4738,4737,4735,4737,4704,13096561254444,16.666703,16.675500,,0.921100,0.897700,
32,DImprovedSurface,1000,16,4739,4738,4736,4738,4705,13096561421199,16.666900,16.665300,,0.000000,0.857300,
32,DImprovedSurface,1000,16,4740,4739,4737,4739,4706,13096561587852,16.694097,16.682000,,0.930400,1.087500,
32,DImprovedSurface,1000,16,4741,4740,4738,4740,4707,13096561754672,16.666306,16.663200,,1.017700,0.932400,
32,DImprovedSurface,1000,16,4742,4741,4739,4741,4708,13096561921304,16.668601,16.662700,,0.919300,0.986400,
32,DImprovedSurface,1000,16,4743,4742,4740,4742,4709,13096562087931,16.665298,16.698900,,1.120200,0.953500,
32,DImprovedSurface,1000,16,4744,4743,4741,4743,4710,13096562254920,16.667694,16.657600,,0.924700,1.162100,
32,DImprovedSurface,1000,16,4745,4744,4742,4744,4711,13096562421496,16.666206,16.673800,,0.000000,0.932000,
32,DImprovedSurface,1000,16,4746,4745,4743,4745,4712,13096562588234,16.666900,16.657500,,0.905000,1.130600,
32,DImprovedSurface,1000,16,4747,4746,4744,4746,4713,13096562754809,16.666999,16.683400,,1.355800,0.998800,
32,DImprovedSurface,1000,16,4748,4747,4745,4747,4714,13096562921643,16.667198,16.656300,,0.901900,0.948900,
32,DImprovedSurface,1000,16,4749,4748,4746,4748,4715,13096563088206,16.667100,16.663200,,1.001800,0.858300,
32,DImprovedSurface,1000,16,4750,4749,4747,4749,4716,13096563254838,16.666999,16.668200,,0.906100,1.018700,
32,DImprovedSurface,1000,16,4751,4750,4748,4750,4717,13096563421520,16.666999,16.674000,,0.000000,0.943700,
32,DImprovedSurface,1000,16,4752,4751,4749,4751,4718,13096563588260,16.666299,16.695700,,0.917300,0.874900,
32,DImprovedSurface,1000,16,4753,4752,4750,4752,4719,13096563755217,16.668105,16.638400,,0.913200,0.964800,
32,DImprovedSurface,1000,16,4754,4753,4751,4753,4720,13096563921601,16.666001,16.671500,,0.916200,0.854100,
32,DImprovedSurface,1000,16,4755,4754,4752,4754,4721,13096564088316,16.666794,16.669700,,0.910900,0.887800,
32,DImprovedSurface,1000,16,4756,4755,4753,4755,4722,13096564255013,16.667701,16.661700,,0.964800,0.918500,
32,DImprovedSurface,1000,16,4757,4756,4754,4756,4723,13096564421630,16.667100,16.664300,,0.000000,0.965200,
32,DImprovedSurface,1000,16,4758,4757,4755,4757,4724,13096564588273,16.666405,16.665300,,1.081200,0.902600,
32,DImprovedSurface,1000,16,4759,4758,4756,4758,4725,13096564754926,16.667396,16.671000,,0.947100,0.951000,
32,DImprovedSurface,1000,16,4760,4759,4757,4759,4726,13096564921636,16.666198,16.668200,,0.918100,0.987700,
32,DImprovedSurface,1000,16,4761,4760,4758,4760,4727,13096565088318,16.862905,16.721600,,1.325900,1.038700,
32,DImprovedSurface,1000,16,4762,4761,4759,4761,4728,13096565255534,16.666999,16.612800,,0.913300,0.996700,
32,DImprovedSurface,1000,16,4763,4762,4760,4762,4729,13096565421662,16.666999,16.872100,,0.000000,0.828700,
32,DImprovedSurface,1000,16,4764,4763,4761,4763,4730,13096565590383,16.666001,16.659300,,1.007400,0.978000,
32,DImprovedSurface,1000,16,4765,4764,4762,4764,4731,13096565756976,16.667198,16.663600,,0.911600,0.877200,
32,DImprovedSurface,1000,16,4766,4765,4763,4765,4732,13096565923612,16.667701,16.669300,,0.924700,0.965600,
32,DImprovedSurface,1000,16,4767,4766,4764,4766,4733,13096566090305,16.666703,16.658200,,1.169900,0.889400,
32,DImprovedSurface,1000,16,4768,4767,4765,4767,4734,13096566256887,16.666695,16.668700,,0.992500,0.941700,
32,DImprovedSurface,1000,16,4769,4768,4766,4768,4735,13096566423574,16.666900,16.673900,,0.000000,0.947000,
32,DImprovedSurface,1000,16,4770,4769,4767,4769,4736,13096566590313,16.666198,16.697300,,0.917300,0.984200,
32,DImprovedSurface,1000,16,4771,4770,4768,4770,4737,13096566757286,16.666999,16.630700,,0.889100,1.060800,
32,DImprovedSurface,1000,16,4772,4771,4769,4771,4738,13096566923593,16.666802,16.669100,,0.817000,0.833100,
32,DImprovedSurface,1000,16,4773,4772,4770,4772,4739,13096567090284,16.667800,16.653700,,0.792500,0.819400,
32,DImprovedSurface,1000,16,4774,4773,4771,4773,4740,13096567256821,16.666099,16.755000,,0.915300,0.895500,
32,DImprovedSurface,1000,16,4775,4774,4772,4774,4741,13096567424371,16.666802,16.588800,,0.000000,0.838300,
32,DImprovedSurface,1000,16,4776,4775,4773,4775,4742,13096567590259,16.667297,16.673700,,0.995300,0.942600,
32,DImprovedSurface,1000,16,4777,4776,4774,4776,4743,13096567756996,16.666802,16.659600,,0.941100,0.937600,
32,DImprovedSurface,1000,16,4778,4777,4775,4777,4744,13096567923592,16.667502,16.661800,,0.917400,0.945100,
32,DImprovedSurface,1000,16,4779,4778,4776,4778,4745,13096568090210,16.666900,16.669200,,0.925700,0.948400,
32,DImprovedSurface,1000,16,4780,4779,4777,4779,4746,13096568256902,16.670698,16.665000,,1.026900,1.122600,
32,DImprovedSurface,1000,16,4781,4780,4778,4780,4747,13096568423552,16.664498,16.672900,,0.000000,0.907200,
32,DImprovedSurface,1000,16,4782,4781,4779,4781,4748,13096568590281,16.665399,16.669800,,0.988200,0.854700,
32,DImprovedSurface,1000,16,4783,4782,4780,4782,4749,13096568756979,16.753905,16.697200,,0.914400,0.965200,
32,DImprovedSurface,1000,16,4784,4783,4781,4783,4750,13096568923951,16.666198,16.664700,,0.920100,0.908300,
32,DImprovedSurface,1000,16,4785,4784,4782,4784,4751,13096569090598,16.667297,16.641200,,0.920400,0.904500,
32,DImprovedSurface,1000,16,4786,4785,4783,4785,4752,13096569257010,16.667100,16.839100,,0.912100,0.927100,
32,DImprovedSurface,1000,16,4787,4786,4784,4786,4753,13096569425401,16.666703,16.577100,,0.000000,0.944000,
32,DImprovedSurface,1000,16,4788,4787,4785,4787,4754,13096569591172,16.666299,16.668400,,0.931500,0.949700,
32,DImprovedSurface,1000,16,4789,4788,4786,4788,4755,13096569757856,16.668204,16.668700,,1.250700,1.122100,
32,DImprovedSurface,1000,16,4790,4789,4787,4789,4756,13096569924543,16.666198,16.668200,,1.217300,0.984300,
32,DImprovedSurface,1000,16,4791,4790,4788,4790,4757,13096570091225,16.666703,16.658400,,0.911300,0.813200,
32,DImprovedSurface,1000,16,4792,4791,4789,4791,4758,13096570257809,16.666900,16.686100,,0.906200,0.934500,
32,DImprovedSurface,1000,16,4793,4792,4790,4792,4759,13096570424670,16.667297,16.651500,,0.000000,0.827800,
32,DImprovedSurface,1000,16,4794,4793,4791,4793,4760,13096570591185,16.666999,16.669500,,1.096900,0.851800,
32,DImprovedSurface,1000,16,4795,4794,4792,4794,4761,13096570757880,16.667100,16.659900,,0.928700,0.885700,
32,DImprovedSurface,1000,16,4796,4795,4793,4795,4762,13096570924479,16.668502,16.690700,,0.985000,0.889500,
32,DImprovedSurface,1000,16,4797,4796,4794,4796,4763,13096571091386,16.667100,16.647200,,0.809500,0.885400,
32,DImprovedSurface,1000,16,4798,4797,4795,4797,4764,13096571257858,16.666602,16.665900,,0.835600,1.090900,
32,DImprovedSurface,1000,16,4799,4798,4796,4798,4765,13096571424517,16.666299,16.665300,,0.000000,0.859200,
32,DImprovedSurface,1000,16,4800,4799,4797,4799,4766,13096571591170,16.666900,16.688500,,0.841400,0.872700,
32,DImprovedSurface,1000,16,4801,4800,4798,4800,4767,13096571758055,16.676998,16.726200,,0.868400,0.821500,
32,DImprovedSurface,1000,16,4802,4801,4799,4801,4768,13096571925317,16.656497,16.585000,,0.949000,0.923000,
32,DImprovedSurface,1000,16,4803,4802,4800,4802,4769,13096572091167,16.667206,16.670600,,0.882000,1.032100,
32,DImprovedSurface,1000,16,4804,4803,4801,4803,4770,13096572257873,16.666999,16.677600,,0.862800,0.888500,
32,DImprovedSurface,1000,16,4805,4804,4802,4804,4771,13096572424649,16.666794,16.652600,,0.000000,1.049700,
32,DImprovedSurface,1000,16,4806,4805,4803,4805,4772,13096572591175,16.666802,16.674500,,0.915700,0.978200,
32,DImprovedSurface,1000,16,4807,4806,4804,4806,4773,13096572757920,16.667603,16.664000,,0.936700,0.836800,
32,DImprovedSurface,1000,16,4808,4807,4805,4807,4774,13096572924560,16.666496,16.670000,,0.987400,0.951200,
32,DImprovedSurface,1000,16,4809,4808,4806,4808,4775,13096573091260,16.666802,16.692400,,0.951300,0.905700,
32,DImprovedSurface,1000,16,4810,4809,4807,4809,4776,13096573258184,16.682100,16.645800,,0.920700,1.156900,
32,DImprovedSurface,1000,16,4811,4810,4808,4810,4777,13096573424642,16.667502,16.662900,,0.000000,1.015200,
32,DImprovedSurface,1000,16,4812,4811,4809,4811,4778,13096573591271,16.666198,16.666400,,0.889200,0.894600,
32,DImprovedSurface,1000,16,4813,4812,4810,4812,4779,13096573757935,16.666397,16.889100,,0.840300,0.856000,
32,DImprovedSurface,1000,16,4814,4813,4811,4813,4780,13096573926826,16.671302,16.462400,,0.797700,0.844700,
32,DImprovedSurface,1000,16,4815,4814,4812,4814,4781,13096574091450,16.663201,16.663400,,0.931500,0.842800,
32,DImprovedSurface,1000,16,4816,4815,4813,4815,4782,13096574258084,16.668098,16.655500,,0.824200,0.811500,
32,DImprovedSurface,1000,16,4817,4816,4814,4816,4783,13096574424639,16.665604,16.719500,,0.000000,0.968800,
32,DImprovedSurface,1000,16,4818,4817,4815,4817,4784,13096574591834,16.666794,16.626500,,0.942400,0.973900,
32,DImprovedSurface,1000,16,4819,4818,4816,4818,4785,13096574758099,16.667305,16.672600,,0.927000,0.838400,
32,DImprovedSurface,1000,16,4820,4819,4817,4819,4786,13096574924825,16.666001,16.664000,,0.903200,0.902600,
32,DImprovedSurface,1000,16,4821,4820,4818,4820,4787,13096575091465,16.667701,16.660600,,1.398700,0.926500,
32,DImprovedSurface,1000,16,4822,4821,4819,4821,4788,13096575258071,16.666299,16.670300,,0.927400,0.977200,
32,DImprovedSurface,1000,16,4823,4822,4820,4822,4789,13096575424774,16.666900,16.663500,,0.000000,0.904300,
32,DImprovedSurface,1000,16,4824,4823,4821,4823,4790,13096575591409,16.666496,16.671000,,0.901800,0.871800,
32,DImprovedSurface,1000,16,4825,4824,4822,4824,4791,13096575758119,16.776502,16.664800,,1.212800,1.288400,
32,DImprovedSurface,1000,16,4826,4825,4823,4825,4792,13096575924767,16.666802,16.667100,,1.313100,0.946400,
32,DImprovedSurface,1000,16,4827,4826,4824,4826,4793,13096576091438,16.666198,16.668500,,0.954200,0.912700,
32,DImprovedSurface,1000,16,4828,4827,4825,4827,4794,13096576258123,16.666900,16.786400,,0.971500,1.037200,
32,DImprovedSurface,1000,16,4829,4828,4826,4828,4795,13096576425987,16.667198,16.655200,,0.906600,0.908600,
32,DImprovedSurface,1000,16,4830,4829,4827,4829,4796,13096576592539,16.666999,16.656200,,0.000000,0.994200,
32,DImprovedSurface,1000,16,4831,4830,4828,4830,4797,13096576759101,16.666405,16.671200,,0.922500,0.886100,
32,DImprovedSurface,1000,16,4832,4831,4829,4831,4798,13096576925813,16.666999,16.674900,,0.908000,0.952300,
32,DImprovedSurface,1000,16,4833,4832,4830,4832,4799,13096577092562,16.667595,16.661900,,0.973800,1.011600,
32,DImprovedSurface,1000,16,4834,4833,4831,4833,4800,13096577259181,16.666405,16.666400,,0.922400,0.906300,
32,DImprovedSurface,1000,16,4835,4834,4832,4834,4801,13096577425845,16.667496,16.663000,,0.905400,0.887100,
32,DImprovedSurface,1000,16,4836,4835,4833,4835,4802,13096577592475,16.666299,16.676800,,0.000000,0.911300,
32,DImprovedSurface,1000,16,4837,4836,4834,4836,4803,13096577759243,16.666405,16.662800,,1.059900,0.969900,
32,DImprovedSurface,1000,16,4838,4837,4835,4837,4804,13096577925871,16.666999,16.670600,,0.894600,0.863100,
32,DImprovedSurface,1000,16,4839,4838,4836,4838,4805,13096578092577,16.666999,16.664600,,0.906700,0.946600,
32,DImprovedSurface,1000,16,4840,4839,4837,4839,4806,13096578259223,16.667297,16.664100,,0.907500,0.971100,
33,ECalibratedLiquid,100,1,4872,4871,4869,4871,4837,13096598691629,16.666802,16.667800,,1.392600,0.956800,
33,ECalibratedLiquid,100,1,4873,4872,4870,4872,4838,13096598858307,16.666999,16.750500,,1.348400,1.076600,
33,ECalibratedLiquid,100,1,4874,4873,4871,4873,4839,13096599025812,16.667502,16.662200,,0.000000,1.017500,
33,ECalibratedLiquid,100,1,4875,4874,4872,4874,4840,13096599192434,16.667701,16.666600,,1.417700,1.072400,
33,ECalibratedLiquid,100,1,4876,4875,4873,4875,4841,13096599359100,16.665597,16.665900,,1.400300,1.093900,
33,ECalibratedLiquid,100,1,4877,4876,4874,4876,4842,13096599525759,16.667800,16.668900,,1.354800,1.115600,
33,ECalibratedLiquid,100,1,4878,4877,4875,4877,4843,13096599692448,16.665801,16.671900,,1.337000,1.026500,
33,ECalibratedLiquid,100,1,4879,4878,4876,4878,4844,13096599859167,16.668297,16.663900,,1.380500,0.975600,
33,ECalibratedLiquid,100,1,4880,4879,4877,4879,4845,13096600025806,16.665902,16.666100,,0.000000,0.988700,
33,ECalibratedLiquid,100,1,4881,4880,4878,4880,4846,13096600192467,16.666504,16.663800,,1.353300,0.962900,
33,ECalibratedLiquid,100,1,4882,4881,4879,4881,4847,13096600359105,16.666900,16.675000,,1.348100,1.154300,
33,ECalibratedLiquid,100,1,4883,4882,4880,4882,4848,13096600525855,16.681993,16.660300,,1.334200,0.933900,
33,ECalibratedLiquid,100,1,4884,4883,4881,4883,4849,13096600692458,16.667800,16.665800,,1.356900,1.022300,
33,ECalibratedLiquid,100,1,4885,4884,4882,4884,4850,13096600859116,16.666405,16.664100,,1.377200,0.998900,
33,ECalibratedLiquid,100,1,4886,4885,4883,4885,4851,13096601025757,16.666999,16.683900,,0.000000,1.009000,
33,ECalibratedLiquid,100,1,4887,4886,4884,4886,4852,13096601192596,16.666595,16.675500,,1.721900,1.078100,
33,ECalibratedLiquid,100,1,4888,4887,4885,4887,4853,13096601359351,16.667899,16.670400,,1.408100,1.078100,
33,ECalibratedLiquid,100,1,4889,4888,4886,4888,4854,13096601526055,16.666703,16.664600,,1.360800,1.180400,
33,ECalibratedLiquid,100,1,4890,4889,4887,4889,4855,13096601692701,16.666900,16.720200,,1.348500,1.194700,
33,ECalibratedLiquid,100,1,4891,4890,4888,4890,4856,13096601859903,16.666900,16.679700,,1.622300,0.995700,
33,ECalibratedLiquid,100,1,4892,4891,4889,4891,4857,13096602026700,16.667701,16.599800,,0.000000,1.050800,
33,ECalibratedLiquid,100,1,4893,4892,4890,4892,4858,13096602192698,16.666099,16.671200,,1.615800,1.072100,
33,ECalibratedLiquid,100,1,4894,4893,4891,4893,4859,13096602359410,16.667496,16.667700,,1.408400,1.289000,
33,ECalibratedLiquid,100,1,4895,4894,4892,4894,4860,13096602526087,16.677601,16.681100,,1.375100,1.216500,
33,ECalibratedLiquid,100,1,4896,4895,4893,4895,4861,13096602692898,16.666405,16.653000,,1.398700,1.134600,
33,ECalibratedLiquid,100,1,4897,4896,4894,4896,4862,13096602859428,16.666695,16.669800,,1.407800,1.047200,
33,ECalibratedLiquid,100,1,4898,4897,4895,4897,4863,13096603026126,16.666900,16.676300,,0.000000,1.250700,
33,ECalibratedLiquid,100,1,4899,4898,4896,4898,4864,13096603192889,16.710205,16.666100,,1.326100,1.298800,
33,ECalibratedLiquid,100,1,4900,4899,4897,4899,4865,13096603359550,16.666397,16.668400,,1.615500,1.043200,
33,ECalibratedLiquid,100,1,4901,4900,4898,4900,4866,13096603526234,16.666504,16.664800,,1.271700,0.857500,
33,ECalibratedLiquid,100,1,4902,4901,4899,4901,4867,13096603692882,16.667793,16.719800,,1.253600,1.064200,
33,ECalibratedLiquid,100,1,4903,4902,4900,4902,4868,13096603860080,16.666405,16.655400,,1.272300,0.890900,
33,ECalibratedLiquid,100,1,4904,4903,4901,4903,4869,13096604026634,16.667396,16.662900,,0.000000,0.904400,
33,ECalibratedLiquid,100,1,4905,4904,4902,4904,4870,13096604193263,16.666900,16.674600,,1.305700,1.137500,
33,ECalibratedLiquid,100,1,4906,4905,4903,4905,4871,13096604360009,16.666802,16.661000,,1.499100,1.094200,
33,ECalibratedLiquid,100,1,4907,4906,4904,4906,4872,13096604526619,16.674001,16.803100,,1.362000,1.341900,
33,ECalibratedLiquid,100,1,4908,4907,4905,4907,4873,13096604694650,16.667100,16.532700,,1.368100,1.045900,
33,ECalibratedLiquid,100,1,4909,4908,4906,4908,4874,13096604859977,16.667198,16.668200,,1.356600,1.035900,
33,ECalibratedLiquid,100,1,4910,4909,4907,4909,4875,13096605026659,16.666900,16.674600,,0.000000,1.160300,
33,ECalibratedLiquid,100,1,4911,4910,4908,4910,4876,13096605193405,16.666703,16.669700,,1.766500,1.046800,
33,ECalibratedLiquid,100,1,4912,4911,4909,4911,4877,13096605360102,16.666802,16.665000,,1.588600,1.086600,
33,ECalibratedLiquid,100,1,4913,4912,4910,4912,4878,13096605526752,16.667100,16.667300,,1.364000,1.104700,
33,ECalibratedLiquid,100,1,4914,4913,4911,4913,4879,13096605693425,16.666602,16.674300,,1.743900,1.118900,
33,ECalibratedLiquid,100,1,4915,4914,4912,4914,4880,13096605860168,16.666794,16.707800,,1.240900,0.925400,
33,ECalibratedLiquid,100,1,4916,4915,4913,4915,4881,13096606027246,16.666703,16.616400,,0.000000,0.909000,
33,ECalibratedLiquid,100,1,4917,4916,4914,4916,4882,13096606193410,16.666999,16.664300,,1.182500,0.903400,
33,ECalibratedLiquid,100,1,4918,4917,4915,4917,4883,13096606360053,16.666900,16.664800,,1.235100,1.013700,
33,ECalibratedLiquid,100,1,4919,4918,4916,4918,4884,13096606526701,16.666703,16.666600,,1.407000,1.047800,
33,ECalibratedLiquid,100,1,4920,4919,4917,4919,4885,13096606693367,16.666397,16.669400,,1.388500,1.027000,
33,ECalibratedLiquid,100,1,4921,4920,4918,4920,4886,13096606860061,16.667100,16.668500,,1.065600,0.784800,
33,ECalibratedLiquid,100,1,4922,4921,4919,4921,4887,13096607026746,16.667305,16.663100,,0.000000,0.962600,
33,ECalibratedLiquid,100,1,4923,4922,4920,4922,4888,13096607193377,16.667396,16.660700,,1.296300,0.837600,
33,ECalibratedLiquid,100,1,4924,4923,4921,4923,4889,13096607359984,16.665902,16.677200,,1.192000,0.890300,
33,ECalibratedLiquid,100,1,4925,4924,4922,4924,4890,13096607526756,16.668502,16.662800,,1.129700,0.963300,
33,ECalibratedLiquid,100,1,4926,4925,4923,4925,4891,13096607693384,16.665200,16.669100,,1.511400,0.988100,
33,ECalibratedLiquid,100,1,4927,4926,4924,4926,4892,13096607860075,16.666900,16.659000,,1.380100,1.000700,
33,ECalibratedLiquid,100,1,4928,4927,4925,4927,4893,13096608026665,16.667297,16.674500,,0.000000,0.965400,
33,ECalibratedLiquid,100,1,4929,4928,4926,4928,4894,13096608193410,16.666703,16.659900,,1.325700,1.014800,
33,ECalibratedLiquid,100,1,4930,4929,4927,4929,4895,13096608360009,16.668396,16.667100,,1.555600,1.141300,
33,ECalibratedLiquid,100,1,4931,4930,4928,4930,4896,13096608526680,16.667305,16.670300,,1.401200,1.213100,
33,ECalibratedLiquid,100,1,4932,4931,4929,4931,4897,13096608693383,16.666397,16.666800,,1.449600,0.969700,
33,ECalibratedLiquid,100,1,4933,4932,4930,4932,4898,13096608860051,16.667502,16.671900,,1.348900,0.944500,
33,ECalibratedLiquid,100,1,4934,4933,4931,4933,4899,13096609026770,16.666299,16.668500,,0.000000,1.132400,
33,ECalibratedLiquid,100,1,4935,4934,4932,4934,4900,13096609193455,16.667100,16.666800,,1.353300,0.930300,
33,ECalibratedLiquid,100,1,4936,4935,4933,4935,4901,13096609360123,16.667403,16.680500,,1.339500,0.926000,
33,ECalibratedLiquid,100,1,4937,4936,4934,4936,4902,13096609526928,16.666099,16.651100,,1.366600,1.027600,
33,ECalibratedLiquid,100,1,4938,4937,4935,4937,4903,13096609693439,16.666794,16.668500,,1.492200,1.180000,
33,ECalibratedLiquid,100,1,4939,4938,4936,4938,4904,13096609860124,16.668105,16.668500,,1.168000,0.971500,
33,ECalibratedLiquid,100,1,4940,4939,4937,4939,4905,13096610026809,16.666496,16.668700,,0.000000,1.256800,
33,ECalibratedLiquid,100,1,4941,4940,4938,4940,4906,13096610193496,16.666198,16.659800,,1.375700,0.984700,
33,ECalibratedLiquid,100,1,4942,4941,4939,4941,4907,13096610360094,16.666703,16.681600,,1.227000,0.888400,
33,ECalibratedLiquid,100,1,4943,4942,4940,4942,4908,13096610526910,16.667396,16.666200,,1.209500,0.856100,
33,ECalibratedLiquid,100,1,4944,4943,4941,4943,4909,13096610693572,16.667206,16.653200,,1.149300,0.847500,
33,ECalibratedLiquid,100,1,4945,4944,4942,4944,4910,13096610860104,16.666999,16.664100,,1.431300,0.923900,
33,ECalibratedLiquid,100,1,4946,4945,4943,4945,4911,13096611026745,16.666496,16.670800,,0.000000,1.100400,
33,ECalibratedLiquid,100,1,4947,4946,4944,4946,4912,13096611193453,16.666802,16.668300,,1.369000,0.962000,
33,ECalibratedLiquid,100,1,4948,4947,4945,4947,4913,13096611360136,16.667502,16.686800,,1.359300,0.941400,
33,ECalibratedLiquid,100,1,4949,4948,4946,4948,4914,13096611527004,16.666900,16.651700,,1.364400,1.258900,
33,ECalibratedLiquid,100,1,4950,4949,4947,4949,4915,13096611693521,16.666397,16.664900,,1.347900,0.941500,
33,ECalibratedLiquid,100,1,4951,4950,4948,4950,4916,13096611860170,16.666999,16.668500,,1.372000,1.222800,
33,ECalibratedLiquid,100,1,4952,4951,4949,4951,4917,13096612026855,16.666900,16.666000,,0.000000,1.106100,
33,ECalibratedLiquid,100,1,4953,4952,4950,4952,4918,13096612193515,16.666802,16.669600,,1.858700,1.174000,
33,ECalibratedLiquid,100,1,4954,4953,4951,4953,4919,13096612360211,16.667496,16.667200,,1.997400,1.367600,
33,ECalibratedLiquid,100,1,4955,4954,4952,4954,4920,13096612526883,16.666703,16.659700,,1.598800,0.985600,
33,ECalibratedLiquid,100,1,4956,4955,4953,4955,4921,13096612693480,16.666602,16.678100,,1.425300,0.966500,
33,ECalibratedLiquid,100,1,4957,4956,4954,4956,4922,13096612860261,16.666999,16.656900,,1.374500,0.991600,
33,ECalibratedLiquid,100,1,4958,4957,4955,4957,4923,13096613026830,16.667396,16.667400,,0.000000,0.991900,
33,ECalibratedLiquid,100,1,4959,4958,4956,4958,4924,13096613193504,16.666405,16.663900,,1.442400,0.942400,
33,ECalibratedLiquid,100,1,4960,4959,4957,4959,4925,13096613360143,16.666794,16.669400,,1.415300,1.004900,
33,ECalibratedLiquid,100,1,4961,4960,4958,4960,4926,13096613526837,16.666504,16.667600,,1.372400,0.933300,
33,ECalibratedLiquid,100,1,4962,4961,4959,4961,4927,13096613693513,16.668197,16.668800,,1.053200,0.915900,
33,ECalibratedLiquid,100,1,4963,4962,4960,4962,4928,13096613860201,16.666198,16.665400,,1.076900,0.800400,
33,ECalibratedLiquid,100,1,4964,4963,4961,4963,4929,13096614026855,16.666504,16.661600,,0.000000,1.021100,
33,ECalibratedLiquid,100,1,4965,4964,4962,4964,4930,13096614193471,16.667800,16.676900,,1.330200,1.461900,
33,ECalibratedLiquid,100,1,4966,4965,4963,4965,4931,13096614360240,16.666595,16.674500,,1.456800,1.194800,
33,ECalibratedLiquid,100,1,4967,4966,4964,4966,4932,13096614526985,16.666602,16.652000,,1.506900,1.036400,
33,ECalibratedLiquid,100,1,4968,4967,4965,4967,4933,13096614693505,16.667100,16.672200,,1.335800,0.925400,
33,ECalibratedLiquid,100,1,4969,4968,4966,4968,4934,13096614860227,16.667100,16.668500,,1.360900,0.931900,
33,ECalibratedLiquid,100,1,4970,4969,4967,4969,4935,13096615026912,16.666802,16.678600,,0.000000,0.970200,
33,ECalibratedLiquid,100,1,4971,4970,4968,4970,4936,13096615193698,16.667198,16.649900,,1.343600,1.039000,
33,ECalibratedLiquid,100,1,4972,4971,4969,4971,4937,13096615360197,16.666900,16.670300,,1.562700,1.278700,
33,ECalibratedLiquid,100,1,4973,4972,4970,4972,4938,13096615526900,16.667502,16.662000,,1.341300,0.976200,
33,ECalibratedLiquid,100,1,4974,4973,4971,4973,4939,13096615693520,16.666496,16.671300,,1.673300,1.359900,
33,ECalibratedLiquid,100,1,4975,4974,4972,4974,4940,13096615860233,16.666802,16.668500,,1.332500,0.942700,
33,ECalibratedLiquid,100,1,4976,4975,4973,4975,4941,13096616026918,16.667305,16.680800,,0.000000,1.226500,
33,ECalibratedLiquid,100,1,4977,4976,4974,4976,4942,13096616193726,16.808100,16.653700,,1.426600,1.204700,
33,ECalibratedLiquid,100,1,4978,4977,4975,4977,4943,13096616360263,16.769601,16.674200,,2.047600,1.311900,
33,ECalibratedLiquid,100,1,4979,4978,4976,4978,4944,13096616527005,16.666999,16.656900,,1.959300,1.362300,
33,ECalibratedLiquid,100,1,4980,4979,4977,4979,4945,13096616693574,16.666595,16.816800,,1.650400,1.507400,
33,ECalibratedLiquid,100,1,4981,4980,4978,4980,4946,13096616861742,16.666999,17.149200,,1.698200,1.329500,
33,ECalibratedLiquid,100,1,4982,4981,4979,4981,4947,13096617033234,16.666703,16.287100,,0.000000,0.966900,
33,ECalibratedLiquid,100,1,4983,4982,4980,4982,4948,13096617196105,16.666703,16.661000,,1.316000,1.107900,
33,ECalibratedLiquid,100,1,4984,4983,4981,4983,4949,13096617362715,16.666999,16.663200,,1.409000,1.007900,
33,ECalibratedLiquid,100,1,4985,4984,4982,4984,4950,13096617529347,16.667198,16.667800,,1.373300,1.019900,
33,ECalibratedLiquid,100,1,4986,4985,4983,4985,4951,13096617696025,16.666198,16.665100,,1.357200,0.994200,
33,ECalibratedLiquid,100,1,4987,4986,4984,4986,4952,13096617862676,16.666999,16.672200,,1.335700,1.125000,
33,ECalibratedLiquid,100,1,4988,4987,4985,4987,4953,13096618029398,16.666999,16.664800,,0.000000,1.002200,
33,ECalibratedLiquid,100,1,4989,4988,4986,4988,4954,13096618196046,16.666802,16.667300,,1.338600,0.928400,
33,ECalibratedLiquid,100,1,4990,4989,4987,4989,4955,13096618362719,16.667297,16.665500,,1.338800,1.004200,
33,ECalibratedLiquid,100,1,4991,4990,4988,4990,4956,13096618529374,16.666999,16.665500,,1.339400,1.365400,
34,ECalibratedLiquid,100,4,5023,5022,5020,5022,4987,13096629558196,16.667297,16.659600,,1.516800,1.053600,
34,ECalibratedLiquid,100,4,5024,5023,5021,5023,4988,13096629724792,16.666802,16.668500,,1.331800,0.977600,
34,ECalibratedLiquid,100,4,5025,5024,5022,5024,4989,13096629891477,16.668098,16.656700,,1.398200,1.050800,
34,ECalibratedLiquid,100,4,5026,5025,5023,5025,4990,13096630058044,16.666198,16.672600,,0.000000,1.000800,
34,ECalibratedLiquid,100,4,5027,5026,5024,5026,4991,13096630224770,16.667603,16.665100,,1.383900,1.082500,
34,ECalibratedLiquid,100,4,5028,5027,5025,5027,4992,13096630391421,16.666198,16.669600,,1.411100,1.097100,
34,ECalibratedLiquid,100,4,5029,5028,5026,5028,4993,13096630558117,16.666900,16.663500,,1.462800,1.121800,
34,ECalibratedLiquid,100,4,5030,5029,5027,5029,4994,13096630724752,16.666496,16.675700,,1.398600,1.167900,
34,ECalibratedLiquid,100,4,5031,5030,5028,5030,4995,13096630891509,16.667906,16.665800,,1.417000,1.168700,
34,ECalibratedLiquid,100,4,5032,5031,5029,5031,4996,13096631058167,16.665399,16.664000,,0.000000,1.118700,
34,ECalibratedLiquid,100,4,5033,5032,5030,5032,4997,13096631224807,16.667595,16.667300,,1.354000,1.105400,
34,ECalibratedLiquid,100,4,5034,5033,5031,5033,4998,13096631391480,16.666001,16.669000,,1.375800,1.303400,
34,ECalibratedLiquid,100,4,5035,5034,5032,5034,4999,13096631558170,16.666802,16.661100,,1.615300,1.166600,
34,ECalibratedLiquid,100,4,5036,5035,5033,5035,5000,13096631724781,16.690604,16.666200,,1.660200,1.152200,
34,ECalibratedLiquid,100,4,5037,5036,5034,5036,5001,13096631891443,16.666999,16.661400,,1.579200,0.951300,
34,ECalibratedLiquid,100,4,5038,5037,5035,5037,5002,13096632058057,16.666900,16.668700,,0.000000,0.964300,
34,ECalibratedLiquid,100,4,5039,5038,5036,5038,5003,13096632224744,16.667999,16.694800,,1.379600,0.981700,
34,ECalibratedLiquid,100,4,5040,5039,5037,5039,5004,13096632391692,16.666299,16.663700,,1.439800,0.957300,
34,ECalibratedLiquid,100,4,5041,5040,5038,5040,5005,13096632558329,16.667603,16.665500,,1.376000,1.086800,
34,ECalibratedLiquid,100,4,5042,5041,5039,5041,5006,13096632724984,16.666703,16.669400,,1.380600,0.982700,
34,ECalibratedLiquid,100,4,5043,5042,5040,5042,5007,13096632891678,16.665796,16.763800,,1.365600,1.000800,
34,ECalibratedLiquid,100,4,5044,5043,5041,5043,5008,13096633059316,16.666999,16.595100,,0.000000,0.955700,
34,ECalibratedLiquid,100,4,5045,5044,5042,5044,5009,13096633225267,16.667206,16.647900,,1.533900,0.945400,
34,ECalibratedLiquid,100,4,5046,5045,5043,5045,5010,13096633391746,16.666893,16.664700,,1.355100,1.008800,
34,ECalibratedLiquid,100,4,5047,5046,5044,5046,5011,13096633558393,16.666405,16.664700,,1.390100,1.046100,
34,ECalibratedLiquid,100,4,5048,5047,5045,5047,5012,13096633725040,16.667800,16.671400,,1.386100,1.194700,
34,ECalibratedLiquid,100,4,5049,5048,5046,5048,5013,13096633891754,16.686196,16.657800,,1.495200,1.011200,
34,ECalibratedLiquid,100,4,5050,5049,5047,5049,5014,13096634058332,16.667403,16.667600,,0.000000,1.238800,
34,ECalibratedLiquid,100,4,5051,5050,5048,5050,5015,13096634225008,16.666397,16.680900,,1.356900,0.931700,
34,ECalibratedLiquid,100,4,5052,5051,5049,5051,5016,13096634391817,16.666802,16.682300,,1.358400,1.033500,
34,ECalibratedLiquid,100,4,5053,5052,5050,5052,5017,13096634558640,16.666999,16.677500,,1.358100,1.026100,
34,ECalibratedLiquid,100,4,5054,5053,5051,5053,5018,13096634725415,16.666900,16.656200,,1.358400,0.935100,
34,ECalibratedLiquid,100,4,5055,5054,5052,5054,5019,13096634891977,16.666999,16.665900,,1.362900,0.935400,
34,ECalibratedLiquid,100,4,5056,5055,5053,5055,5020,13096635058636,16.666299,16.666500,,0.000000,1.072500,
34,ECalibratedLiquid,100,4,5057,5056,5054,5056,5021,13096635225301,16.667403,16.683600,,1.431200,1.017300,
34,ECalibratedLiquid,100,4,5058,5057,5055,5057,5022,13096635392137,16.666595,16.651800,,1.461200,1.032800,
34,ECalibratedLiquid,100,4,5059,5058,5056,5058,5023,13096635558655,16.667403,16.661800,,1.410200,1.051600,
34,ECalibratedLiquid,100,4,5060,5059,5057,5059,5024,13096635725273,16.667297,16.677100,,1.407200,1.015100,
34,ECalibratedLiquid,100,4,5061,5060,5058,5060,5025,13096635892044,16.666504,16.659300,,1.597900,1.284000,
34,ECalibratedLiquid,100,4,5062,5061,5059,5061,5026,13096636058637,17.009595,16.672400,,0.000000,1.287200,
34,ECalibratedLiquid,100,4,5063,5062,5060,5062,5027,13096636225361,16.666504,16.666900,,1.332700,0.964300,
34,ECalibratedLiquid,100,4,5064,5063,5061,5063,5028,13096636392030,16.668098,16.687400,,1.347100,0.922700,
34,ECalibratedLiquid,100,4,5065,5064,5062,5064,5029,13096636558904,16.666198,16.983800,,1.411600,0.990700,
34,ECalibratedLiquid,100,4,5066,5065,5063,5065,5030,13096636728742,16.666802,16.661800,,1.372000,1.086500,
34,ECalibratedLiquid,100,4,5067,5066,5064,5066,5031,13096636895360,16.666397,16.678100,,1.383700,0.960000,
34,ECalibratedLiquid,100,4,5068,5067,5065,5067,5032,13096637062141,16.667305,16.660800,,0.000000,1.071300,
34,ECalibratedLiquid,100,4,5069,5068,5066,5068,5033,13096637228749,16.666999,16.666300,,1.381600,1.006700,
34,ECalibratedLiquid,100,4,5070,5069,5067,5069,5034,13096637395412,16.666496,16.664500,,1.393000,0.967000,
34,ECalibratedLiquid,100,4,5071,5070,5068,5070,5035,13096637562057,16.667701,16.671300,,1.325000,0.924400,
34,ECalibratedLiquid,100,4,5072,5071,5069,5071,5036,13096637728770,16.666099,16.668100,,1.364500,1.036200,
34,ECalibratedLiquid,100,4,5073,5072,5070,5072,5037,13096637895451,16.666999,16.664100,,1.433600,0.988300,
34,ECalibratedLiquid,100,4,5074,5073,5071,5073,5038,13096638062092,16.667403,16.663300,,0.000000,1.287700,
34,ECalibratedLiquid,100,4,5075,5074,5072,5074,5039,13096638228725,16.665597,16.671300,,1.667400,1.069400,
34,ECalibratedLiquid,100,4,5076,5075,5073,5075,5040,13096638395438,16.667100,16.669100,,1.473000,1.026100,
34,ECalibratedLiquid,100,4,5077,5076,5074,5076,5041,13096638562129,16.667206,16.670100,,1.517900,0.947000,
34,ECalibratedLiquid,100,4,5078,5077,5075,5077,5042,13096638728830,16.668396,16.736900,,1.465300,0.985200,
34,ECalibratedLiquid,100,4,5079,5078,5076,5078,5043,13096638896199,16.665298,16.586800,,1.370200,0.965300,
34,ECalibratedLiquid,100,4,5080,5079,5077,5079,5044,13096639062067,16.667105,16.666000,,0.000000,0.934700,
34,ECalibratedLiquid,100,4,5081,5080,5078,5080,5045,13096639228727,16.667198,16.669700,,1.360500,1.032300,
34,ECalibratedLiquid,100,4,5082,5081,5079,5081,5046,13096639395424,16.669197,16.665600,,1.426100,1.036000,
34,ECalibratedLiquid,100,4,5083,5082,5080,5082,5047,13096639562080,16.665101,16.669400,,1.375000,1.008400,
34,ECalibratedLiquid,100,4,5084,5083,5081,5083,5048,13096639728774,16.734000,16.669900,,1.784600,0.951900,
34,ECalibratedLiquid,100,4,5085,5084,5082,5084,5049,13096639895473,16.666802,16.676300,,1.369400,0.919300,
34,ECalibratedLiquid,100,4,5086,5085,5083,5085,5050,13096640062236,16.666703,16.657400,,0.000000,1.032000,
34,ECalibratedLiquid,100,4,5087,5086,5084,5086,5051,13096640228810,16.667198,16.732600,,1.353400,1.017500,
34,ECalibratedLiquid,100,4,5088,5087,5085,5087,5052,13096640396136,16.666703,16.667700,,1.313500,1.130300,
34,ECalibratedLiquid,100,4,5089,5088,5086,5088,5053,13096640562813,16.666999,16.670200,,1.398500,1.143300,
34,ECalibratedLiquid,100,4,5090,5089,5087,5089,5054,13096640729515,16.667396,16.665800,,1.944900,1.478700,
34,ECalibratedLiquid,100,4,5091,5090,5088,5090,5055,13096640896173,16.666306,16.729500,,1.843400,1.184200,
34,ECalibratedLiquid,100,4,5092,5091,5089,5091,5056,13096641063468,16.666695,16.603600,,0.000000,0.913500,
34,ECalibratedLiquid,100,4,5093,5092,5090,5092,5057,13096641229504,16.666802,16.675700,,1.458500,0.981300,
34,ECalibratedLiquid,100,4,5094,5093,5091,5093,5058,13096641396261,16.667800,16.652600,,1.340400,0.951700,
34,ECalibratedLiquid,100,4,5095,5094,5092,5094,5059,13096641562787,16.667899,16.663800,,1.372100,1.080200,
34,ECalibratedLiquid,100,4,5096,5095,5093,5095,5060,13096641729425,16.665703,16.665200,,1.385900,0.911900,
34,ECalibratedLiquid,100,4,5097,5096,5094,5096,5061,13096641896077,16.667198,16.675000,,1.401000,0.908800,
34,ECalibratedLiquid,100,4,5098,5097,5095,5097,5062,13096642062827,16.666602,16.673300,,0.000000,0.937700,
34,ECalibratedLiquid,100,4,5099,5098,5096,5098,5063,13096642229560,16.666999,16.655600,,1.324100,0.921700,
34,ECalibratedLiquid,100,4,5100,5099,5097,5099,5064,13096642396116,16.666198,16.667700,,1.327600,0.965300,
34,ECalibratedLiquid,100,4,5101,5100,5098,5100,5065,13096642562793,16.667595,16.686800,,1.537600,0.813200,
34,ECalibratedLiquid,100,4,5102,5101,5099,5101,5066,13096642729661,16.666206,16.649000,,1.167300,0.836200,
34,ECalibratedLiquid,100,4,5103,5102,5100,5102,5067,13096642896151,16.667496,16.662600,,1.126000,0.813500,
34,ECalibratedLiquid,100,4,5104,5103,5101,5103,5068,13096643062777,16.666900,16.670700,,0.000000,0.830200,
34,ECalibratedLiquid,100,4,5105,5104,5102,5104,5069,13096643229484,16.666900,16.661200,,1.256100,0.906400,
34,ECalibratedLiquid,100,4,5106,5105,5103,5105,5070,13096643396096,16.666999,16.672700,,1.380700,0.937500,
34,ECalibratedLiquid,100,4,5107,5106,5104,5106,5071,13096643562823,16.666900,16.668400,,1.491600,0.946300,
34,ECalibratedLiquid,100,4,5108,5107,5105,5107,5072,13096643729507,16.667100,16.669300,,1.362800,0.910400,
34,ECalibratedLiquid,100,4,5109,5108,5106,5108,5073,13096643896200,16.666999,16.665000,,1.356200,1.018400,
34,ECalibratedLiquid,100,4,5110,5109,5107,5109,5074,13096644062850,16.666099,16.668200,,0.000000,0.963900,
34,ECalibratedLiquid,100,4,5111,5110,5108,5110,5075,13096644229532,16.667701,16.667200,,1.369000,0.875900,
34,ECalibratedLiquid,100,4,5112,5111,5109,5111,5076,13096644396204,16.667198,16.667600,,1.148600,0.807000,
34,ECalibratedLiquid,100,4,5113,5112,5110,5112,5077,13096644562880,16.666602,16.665400,,1.362400,0.965300,
34,ECalibratedLiquid,100,4,5114,5113,5111,5113,5078,13096644729534,16.666299,16.668100,,1.427900,1.178400,
34,ECalibratedLiquid,100,4,5115,5114,5112,5114,5079,13096644896215,16.744798,16.668900,,1.745000,0.994200,
34,ECalibratedLiquid,100,4,5116,5115,5113,5115,5080,13096645062904,16.666900,16.660200,,0.000000,1.074900,
34,ECalibratedLiquid,100,4,5117,5116,5114,5116,5081,13096645229506,16.666703,16.667700,,1.456200,0.962200,
34,ECalibratedLiquid,100,4,5118,5117,5115,5117,5082,13096645396183,16.667198,17.026400,,1.341400,0.990400,
34,ECalibratedLiquid,100,4,5119,5118,5116,5118,5083,13096645566447,16.666900,16.389900,,1.333400,0.923700,
34,ECalibratedLiquid,100,4,5120,5119,5117,5119,5084,13096645730346,16.667305,16.672700,,1.325700,0.943000,
34,ECalibratedLiquid,100,4,5121,5120,5118,5120,5085,13096645897073,16.666299,16.658200,,1.352300,0.930800,
34,ECalibratedLiquid,100,4,5122,5121,5119,5121,5086,13096646063655,16.666695,16.667600,,0.000000,1.070400,
34,ECalibratedLiquid,100,4,5123,5122,5120,5122,5087,13096646230331,16.666602,16.667300,,1.389200,0.920000,
34,ECalibratedLiquid,100,4,5124,5123,5121,5123,5088,13096646397004,16.666900,16.673400,,1.336100,0.906300,
34,ECalibratedLiquid,100,4,5125,5124,5122,5124,5089,13096646563738,16.667800,16.661500,,1.476300,1.308800,
34,ECalibratedLiquid,100,4,5126,5125,5123,5125,5090,13096646730353,16.666703,16.662800,,1.895400,1.310100,
34,ECalibratedLiquid,100,4,5127,5126,5124,5126,5091,13096646896981,16.666900,16.686200,,1.221600,0.883200,
34,ECalibratedLiquid,100,4,5128,5127,5125,5127,5092,13096647063843,16.666794,16.659500,,0.000000,0.924800,
34,ECalibratedLiquid,100,4,5129,5128,5126,5128,5093,13096647230438,16.666999,16.658600,,1.442900,1.229900,
34,ECalibratedLiquid,100,4,5130,5129,5127,5129,5094,13096647397024,16.666900,16.663000,,1.302900,1.084300,
34,ECalibratedLiquid,100,4,5131,5130,5128,5130,5095,13096647563654,16.667206,16.674000,,1.153300,0.834800,
34,ECalibratedLiquid,100,4,5132,5131,5129,5131,5096,13096647730394,16.666496,16.665000,,1.246300,0.839000,
34,ECalibratedLiquid,100,4,5133,5132,5130,5132,5097,13096647897044,16.666397,16.659700,,1.091600,0.825700,
34,ECalibratedLiquid,100,4,5134,5133,5131,5133,5098,13096648063641,16.667403,16.668200,,0.000000,0.842500,
34,ECalibratedLiquid,100,4,5135,5134,5132,5134,5099,13096648230323,16.666602,16.669100,,1.244700,1.026900,
34,ECalibratedLiquid,100,4,5136,5135,5133,5135,5100,13096648397014,16.667297,16.662400,,1.259800,0.888000,
34,ECalibratedLiquid,100,4,5137,5136,5134,5136,5101,13096648563638,16.666496,16.671700,,1.267900,0.838800,
34,ECalibratedLiquid,100,4,5138,5137,5135,5137,5102,13096648730355,16.667105,16.666000,,1.173900,1.057500,
34,ECalibratedLiquid,100,4,5139,5138,5136,5138,5103,13096648897015,16.667100,16.671700,,1.276400,0.901400,
34,ECalibratedLiquid,100,4,5140,5139,5137,5139,5104,13096649063732,16.666802,16.660600,,0.000000,1.056300,
34,ECalibratedLiquid,100,4,5141,5140,5138,5140,5105,13096649230338,16.666695,16.669600,,1.417900,1.020500,
34,ECalibratedLiquid,100,4,5142,5141,5139,5141,5106,13096649397034,16.667100,16.669900,,1.358300,0.898400,
35,ECalibratedLiquid,100,8,5174,5173,5171,5173,5137,13096658456248,16.666900,16.794600,,1.444100,1.027100,
35,ECalibratedLiquid,100,8,5175,5174,5172,5174,5138,13096658624194,16.667198,16.563500,,1.459000,1.009500,
35,ECalibratedLiquid,100,8,5176,5175,5173,5175,5139,13096658789829,16.666001,16.647200,,1.354100,0.968900,
35,ECalibratedLiquid,100,8,5177,5176,5174,5176,5140,13096658956301,16.667305,16.666800,,1.415900,1.057400,
35,ECalibratedLiquid,100,8,5178,5177,5175,5177,5141,13096659122969,16.667297,16.669600,,1.426000,1.044500,
35,ECalibratedLiquid,100,8,5179,5178,5176,5178,5142,13096659289665,16.666099,16.664400,,0.000000,0.962900,
35,ECalibratedLiquid,100,8,5180,5179,5177,5179,5143,13096659456309,16.666802,16.668800,,1.441400,1.010200,
35,ECalibratedLiquid,100,8,5181,5180,5178,5180,5144,13096659622997,16.667100,16.666300,,1.369300,0.945400,
35,ECalibratedLiquid,100,8,5182,5181,5179,5181,5145,13096659789660,16.666602,16.662100,,1.362900,0.999000,
35,ECalibratedLiquid,100,8,5183,5182,5180,5182,5146,13096659956281,16.666695,16.665700,,1.331000,1.010100,
35,ECalibratedLiquid,100,8,5184,5183,5181,5183,5147,13096660122938,16.666999,16.671900,,1.396100,1.075500,
35,ECalibratedLiquid,100,8,5185,5184,5182,5184,5148,13096660289657,16.667603,16.662100,,0.000000,1.115100,
35,ECalibratedLiquid,100,8,5186,5185,5183,5185,5149,13096660456278,16.666900,16.668800,,1.430300,0.969400,
35,ECalibratedLiquid,100,8,5187,5186,5184,5186,5150,13096660622966,16.668502,16.673400,,1.342100,0.957300,
35,ECalibratedLiquid,100,8,5188,5187,5185,5187,5151,13096660789700,16.665200,16.693700,,1.354500,1.020900,
35,ECalibratedLiquid,100,8,5189,5188,5186,5188,5152,13096660956637,16.666999,16.632200,,1.455600,1.000400,
35,ECalibratedLiquid,100,8,5190,5189,5187,5189,5153,13096661122959,16.666900,16.680200,,1.332300,1.000600,
35,ECalibratedLiquid,100,8,5191,5190,5188,5190,5154,13096661289761,16.667297,16.652300,,0.000000,1.042300,
35,ECalibratedLiquid,100,8,5192,5191,5189,5191,5155,13096661456284,16.666099,16.668600,,1.342200,0.951800,
35,ECalibratedLiquid,100,8,5193,5192,5190,5192,5156,13096661622970,16.666900,16.668500,,1.406300,0.994000,
35,ECalibratedLiquid,100,8,5194,5193,5191,5193,5157,13096661789655,16.666802,16.666600,,1.500500,0.954400,
35,ECalibratedLiquid,100,8,5195,5194,5192,5194,5158,13096661956321,16.667100,16.663200,,1.382100,1.009500,
35,ECalibratedLiquid,100,8,5196,5195,5193,5195,5159,13096662122953,16.666299,16.667600,,1.466300,1.042600,
35,ECalibratedLiquid,100,8,5197,5196,5194,5196,5160,13096662289629,16.666999,16.672100,,0.000000,0.982700,
35,ECalibratedLiquid,100,8,5198,5197,5195,5197,5161,13096662456350,16.666602,16.670400,,1.360200,0.948500,
35,ECalibratedLiquid,100,8,5199,5198,5196,5198,5162,13096662623054,16.667603,16.661600,,1.638900,0.984100,
35,ECalibratedLiquid,100,8,5200,5199,5197,5199,5163,13096662789670,16.666794,16.662600,,1.363000,0.922400,
35,ECalibratedLiquid,100,8,5201,5200,5198,5200,5164,13096662956296,16.667105,16.670500,,1.401800,1.086700,
35,ECalibratedLiquid,100,8,5202,5201,5199,5201,5165,13096663123001,16.667396,16.787100,,1.408600,1.066200,
35,ECalibratedLiquid,100,8,5203,5202,5200,5202,5166,13096663290872,16.666703,16.549100,,0.000000,1.054600,
35,ECalibratedLiquid,100,8,5204,5203,5201,5203,5167,13096663456363,16.826099,16.673900,,1.443200,0.978700,
35,ECalibratedLiquid,100,8,5205,5204,5202,5204,5168,13096663623102,16.666496,16.667200,,1.338300,0.976100,
35,ECalibratedLiquid,100,8,5206,5205,5203,5205,5169,13096663789774,16.666802,16.669300,,1.360300,0.956500,
35,ECalibratedLiquid,100,8,5207,5206,5204,5206,5170,13096663956467,16.667502,16.823700,,1.329300,1.032900,
35,ECalibratedLiquid,100,8,5208,5207,5205,5207,5171,13096664124704,16.666900,16.670000,,1.376400,1.056600,
35,ECalibratedLiquid,100,8,5209,5208,5206,5208,5172,13096664291404,16.666496,16.661700,,0.000000,0.987100,
35,ECalibratedLiquid,100,8,5210,5209,5207,5209,5173,13096664458021,16.667206,16.669900,,1.377900,0.960500,
35,ECalibratedLiquid,100,8,5211,5210,5208,5210,5174,13096664624720,16.666198,16.669100,,1.380200,1.129000,
35,ECalibratedLiquid,100,8,5212,5211,5209,5211,5175,13096664791411,16.667396,16.661800,,1.418100,1.170900,
35,ECalibratedLiquid,100,8,5213,5212,5210,5212,5176,13096664958029,16.667603,16.674200,,1.347900,1.037800,
35,ECalibratedLiquid,100,8,5214,5213,5211,5213,5177,13096665124771,16.666496,16.660300,,1.795800,1.208100,
35,ECalibratedLiquid,100,8,5215,5214,5212,5214,5178,13096665291374,16.666099,16.718600,,0.000000,0.977300,
35,ECalibratedLiquid,100,8,5216,5215,5213,5215,5179,13096665458560,16.666703,16.686600,,1.337800,1.015900,
35,ECalibratedLiquid,100,8,5217,5216,5214,5216,5180,13096665625426,16.667198,16.737100,,1.384500,0.964700,
35,ECalibratedLiquid,100,8,5218,5217,5215,5217,5181,13096665792797,16.666602,16.522600,,1.392600,1.014800,
35,ECalibratedLiquid,100,8,5219,5218,5216,5218,5182,13096665958023,16.667100,16.660400,,1.389800,1.046500,
35,ECalibratedLiquid,100,8,5220,5219,5217,5219,5183,13096666124627,16.666802,16.669600,,1.404800,1.010700,
35,ECalibratedLiquid,100,8,5221,5220,5218,5220,5184,13096666291323,16.667603,16.662900,,0.000000,1.000700,
35,ECalibratedLiquid,100,8,5222,5221,5219,5221,5185,13096666457952,16.666999,16.667600,,1.382200,1.064500,
35,ECalibratedLiquid,100,8,5223,5222,5220,5222,5186,13096666624628,16.667297,16.685900,,1.441400,1.028000,
35,ECalibratedLiquid,100,8,5224,5223,5221,5223,5187,13096666791487,16.666504,16.659500,,1.411900,1.254300,
35,ECalibratedLiquid,100,8,5225,5224,5222,5224,5188,13096666958082,16.800793,16.669800,,1.607200,0.978600,
35,ECalibratedLiquid,100,8,5226,5225,5223,5225,5189,13096667124780,16.667105,16.663300,,1.556000,1.203900,
35,ECalibratedLiquid,100,8,5227,5226,5224,5226,5190,13096667291413,16.666099,16.672800,,0.000000,1.235200,
35,ECalibratedLiquid,100,8,5228,5227,5225,5227,5191,13096667458141,16.668098,16.807600,,1.337500,0.949900,
35,ECalibratedLiquid,100,8,5229,5228,5226,5228,5192,13096667626217,16.668899,16.654900,,1.563600,1.090500,
35,ECalibratedLiquid,100,8,5230,5229,5227,5229,5193,13096667792766,16.664399,16.661500,,2.045200,1.303700,
35,ECalibratedLiquid,100,8,5231,5230,5228,5230,5194,13096667959381,16.666999,16.692200,,1.480000,1.046300,
35,ECalibratedLiquid,100,8,5232,5231,5229,5231,5195,13096668126303,16.667403,16.655100,,1.371100,0.968600,
35,ECalibratedLiquid,100,8,5233,5232,5230,5232,5196,13096668292854,16.666999,16.654900,,0.000000,0.978800,
35,ECalibratedLiquid,100,8,5234,5233,5231,5233,5197,13096668459403,16.666496,16.670300,,1.437000,0.916200,
35,ECalibratedLiquid,100,8,5235,5234,5232,5234,5198,13096668626106,16.666900,16.671800,,1.407400,0.991600,
35,ECalibratedLiquid,100,8,5236,5235,5233,5235,5199,13096668792824,16.667305,16.664000,,1.400900,0.953600,
35,ECalibratedLiquid,100,8,5237,5236,5234,5236,5200,13096668959464,16.737599,16.675900,,1.355200,1.316800,
35,ECalibratedLiquid,100,8,5238,5237,5235,5237,5201,13096669126223,16.667100,16.663900,,1.361900,0.921100,
35,ECalibratedLiquid,100,8,5239,5238,5236,5238,5202,13096669292862,16.666999,16.662100,,0.000000,1.318200,
35,ECalibratedLiquid,100,8,5240,5239,5237,5239,5203,13096669459483,16.667496,16.835000,,1.346200,0.890300,
35,ECalibratedLiquid,100,8,5241,5240,5238,5240,5204,13096669627833,16.666900,16.580100,,1.945600,1.291500,
35,ECalibratedLiquid,100,8,5242,5241,5239,5241,5205,13096669793634,16.666504,16.651100,,1.862800,1.188200,
35,ECalibratedLiquid,100,8,5243,5242,5240,5242,5206,13096669960145,16.666900,16.676000,,1.373700,0.964200,
35,ECalibratedLiquid,100,8,5244,5243,5241,5243,5207,13096670126905,16.666496,16.670500,,1.342000,1.110400,
35,ECalibratedLiquid,100,8,5245,5244,5242,5244,5208,13096670293610,16.669501,16.654500,,0.000000,0.963600,
35,ECalibratedLiquid,100,8,5246,5245,5243,5245,5209,13096670460155,16.664598,16.666200,,1.356800,1.001400,
35,ECalibratedLiquid,100,8,5247,5246,5244,5246,5210,13096670626817,16.666802,16.660700,,1.335400,0.992800,
35,ECalibratedLiquid,100,8,5248,5247,5245,5247,5211,13096670793424,16.666900,16.681200,,1.483800,0.957200,
35,ECalibratedLiquid,100,8,5249,5248,5246,5248,5212,13096670960236,16.666703,16.657600,,1.344400,0.942900,
35,ECalibratedLiquid,100,8,5250,5249,5247,5249,5213,13096671126812,16.666299,16.667600,,1.263700,1.132000,
35,ECalibratedLiquid,100,8,5251,5250,5248,5250,5214,13096671293488,16.667100,16.669500,,0.000000,0.979500,
35,ECalibratedLiquid,100,8,5252,5251,5249,5251,5215,13096671460183,16.667403,16.663700,,1.047200,0.776000,
35,ECalibratedLiquid,100,8,5253,5252,5250,5252,5216,13096671626820,16.666703,16.659000,,1.057700,0.744400,
35,ECalibratedLiquid,100,8,5254,5253,5251,5253,5217,13096671793410,16.667999,16.670500,,1.027900,0.751200,
35,ECalibratedLiquid,100,8,5255,5254,5252,5254,5218,13096671960115,16.665597,16.665500,,1.109500,0.831000,
35,ECalibratedLiquid,100,8,5256,5255,5253,5255,5219,13096672126770,16.826205,16.668700,,1.086700,1.020800,
35,ECalibratedLiquid,100,8,5257,5256,5254,5256,5220,13096672293457,16.666299,16.676700,,0.000000,0.848800,
35,ECalibratedLiquid,100,8,5258,5257,5255,5257,5221,13096672460224,16.666999,16.660500,,1.244600,1.030600,
35,ECalibratedLiquid,100,8,5259,5258,5256,5258,5222,13096672626829,16.666802,16.846800,,1.179200,0.847600,
35,ECalibratedLiquid,100,8,5260,5259,5257,5259,5223,13096672795297,16.666595,16.647600,,1.240600,1.017600,
35,ECalibratedLiquid,100,8,5261,5260,5258,5260,5224,13096672961773,16.667403,16.663900,,1.106200,0.812000,
35,ECalibratedLiquid,100,8,5262,5261,5259,5261,5225,13096673128412,16.666695,16.667000,,1.155500,0.861500,
35,ECalibratedLiquid,100,8,5263,5262,5260,5262,5226,13096673295082,16.666999,16.665100,,0.000000,0.885500,
35,ECalibratedLiquid,100,8,5264,5263,5261,5263,5227,13096673461733,16.666602,16.670800,,1.168800,0.885200,
35,ECalibratedLiquid,100,8,5265,5264,5262,5264,5228,13096673628441,16.671302,16.665800,,1.592700,0.976200,
35,ECalibratedLiquid,100,8,5266,5265,5263,5265,5229,13096673795099,16.666198,16.668300,,1.230000,0.893700,
35,ECalibratedLiquid,100,8,5267,5266,5264,5266,5230,13096673961782,16.666900,16.669000,,1.175000,0.949000,
35,ECalibratedLiquid,100,8,5268,5267,5265,5267,5231,13096674128472,16.680598,16.675500,,1.108100,0.857800,
35,ECalibratedLiquid,100,8,5269,5268,5266,5268,5232,13096674295227,16.666703,16.655300,,0.000000,0.837700,
35,ECalibratedLiquid,100,8,5270,5269,5267,5269,5233,13096674461780,16.667198,16.670700,,1.281600,0.880200,
35,ECalibratedLiquid,100,8,5271,5270,5268,5270,5234,13096674628487,16.666999,16.682000,,1.066400,0.832400,
35,ECalibratedLiquid,100,8,5272,5271,5269,5271,5235,13096674795307,16.666703,16.662900,,1.245000,0.909600,
35,ECalibratedLiquid,100,8,5273,5272,5270,5272,5236,13096674961936,16.667701,16.672200,,1.429900,1.081100,
35,ECalibratedLiquid,100,8,5274,5273,5271,5273,5237,13096675128658,16.666001,16.666000,,1.684600,1.302700,
35,ECalibratedLiquid,100,8,5275,5274,5272,5274,5238,13096675295318,16.666595,16.666200,,0.000000,0.928400,
35,ECalibratedLiquid,100,8,5276,5275,5273,5275,5239,13096675461980,16.666504,16.678400,,1.674800,1.213400,
35,ECalibratedLiquid,100,8,5277,5276,5274,5276,5240,13096675628764,16.666900,16.655400,,1.399800,1.159800,
35,ECalibratedLiquid,100,8,5278,5277,5275,5277,5241,13096675795318,16.666900,16.676800,,1.366100,1.184300,
35,ECalibratedLiquid,100,8,5279,5278,5276,5278,5242,13096675962086,16.668800,16.649300,,1.580200,0.914300,
35,ECalibratedLiquid,100,8,5280,5279,5277,5279,5243,13096676128579,16.665399,16.667800,,1.146100,0.876000,
35,ECalibratedLiquid,100,8,5281,5280,5278,5280,5244,13096676295257,16.666397,16.666300,,0.000000,0.808200,
35,ECalibratedLiquid,100,8,5282,5281,5279,5281,5245,13096676461920,16.667206,16.761800,,1.118800,0.878200,
35,ECalibratedLiquid,100,8,5283,5282,5280,5282,5246,13096676629538,16.666893,16.574600,,1.064400,0.794200,
35,ECalibratedLiquid,100,8,5284,5283,5281,5283,5247,13096676795284,16.666703,16.664400,,1.310000,0.938300,
35,ECalibratedLiquid,100,8,5285,5284,5282,5284,5248,13096676961928,16.667198,16.667600,,1.424900,1.057400,
35,ECalibratedLiquid,100,8,5286,5285,5283,5285,5249,13096677128604,16.666999,16.669000,,1.404000,0.971500,
35,ECalibratedLiquid,100,8,5287,5286,5284,5286,5250,13096677295294,16.667206,16.668200,,0.000000,0.976200,
35,ECalibratedLiquid,100,8,5288,5287,5285,5287,5251,13096677461976,16.666001,16.667000,,1.235700,0.856100,
35,ECalibratedLiquid,100,8,5289,5288,5286,5288,5252,13096677628646,16.666999,16.671000,,1.447800,0.996300,
35,ECalibratedLiquid,100,8,5290,5289,5287,5289,5253,13096677795356,16.666496,16.674500,,1.333000,1.006800,
35,ECalibratedLiquid,100,8,5291,5290,5288,5290,5254,13096677962101,16.667502,16.658700,,1.192600,1.067600,
35,ECalibratedLiquid,100,8,5292,5291,5289,5291,5255,13096678128688,16.667603,16.663300,,1.631000,0.943500,
35,ECalibratedLiquid,100,8,5293,5292,5290,5292,5256,13096678295321,16.666794,16.663100,,0.000000,1.008400,
36,ECalibratedLiquid,100,16,5325,5324,5322,5324,5287,13096685914114,16.665399,16.673400,,1.417300,1.064800,
36,ECalibratedLiquid,100,16,5326,5325,5323,5325,5288,13096686080848,16.666900,16.650900,,0.000000,1.155500,
36,ECalibratedLiquid,100,16,5327,5326,5324,5326,5289,13096686247357,16.666802,16.677000,,1.385900,0.955900,
36,ECalibratedLiquid,100,16,5328,5327,5325,5327,5290,13096686414127,16.666999,16.653400,,1.381300,1.050600,
36,ECalibratedLiquid,100,16,5329,5328,5326,5328,5291,13096686580661,16.666900,16.702100,,1.515900,1.055000,
36,ECalibratedLiquid,100,16,5330,5329,5327,5329,5292,13096686747682,16.666900,16.631200,,1.430200,1.020700,
36,ECalibratedLiquid,100,16,5331,5330,5328,5330,5293,13096686913994,16.666802,16.669900,,1.393200,1.079000,
36,ECalibratedLiquid,100,16,5332,5331,5329,5331,5294,13096687080693,16.666893,16.662100,,0.000000,0.921500,
36,ECalibratedLiquid,100,16,5333,5332,5330,5332,5295,13096687247314,16.666900,16.667800,,1.374200,0.972900,
36,ECalibratedLiquid,100,16,5334,5333,5331,5333,5296,13096687413992,16.666703,16.669000,,1.450300,1.126200,
36,ECalibratedLiquid,100,16,5335,5334,5332,5334,5297,13096687580682,16.666999,16.666500,,1.491400,0.977900,
36,ECalibratedLiquid,100,16,5336,5335,5333,5335,5298,13096687747347,16.667603,16.666900,,1.450000,0.933000,
36,ECalibratedLiquid,100,16,5337,5336,5334,5336,5299,13096687914016,16.666595,16.667700,,1.480700,1.089900,
36,ECalibratedLiquid,100,16,5338,5337,5335,5337,5300,13096688080693,16.666999,16.666500,,0.000000,1.045400,
36,ECalibratedLiquid,100,16,5339,5338,5336,5338,5301,13096688247358,16.683107,16.678300,,1.351900,1.492300,
36,ECalibratedLiquid,100,16,5340,5339,5337,5339,5302,13096688414141,16.666794,16.658500,,1.600500,0.973200,
36,ECalibratedLiquid,100,16,5341,5340,5338,5340,5303,13096688580726,16.666900,16.673600,,1.438100,1.297700,
36,ECalibratedLiquid,100,16,5342,5341,5339,5341,5304,13096688747462,16.667206,16.676000,,1.327800,1.110000,
36,ECalibratedLiquid,100,16,5343,5342,5340,5342,5305,13096688914222,16.666299,16.664200,,1.364600,1.016700,
36,ECalibratedLiquid,100,16,5344,5343,5341,5343,5306,13096689080864,16.667496,16.665400,,0.000000,0.986700,
36,ECalibratedLiquid,100,16,5345,5344,5342,5344,5307,13096689247518,16.666206,16.670500,,1.457600,0.995000,
36,ECalibratedLiquid,100,16,5346,5345,5343,5345,5308,13096689414223,16.667100,16.665200,,1.338400,1.086500,
36,ECalibratedLiquid,100,16,5347,5346,5344,5346,5309,13096689580875,16.666695,16.677300,,1.409900,1.161900,
36,ECalibratedLiquid,100,16,5348,5347,5345,5347,5310,13096689747648,16.667800,16.657900,,1.375200,1.137800,
36,ECalibratedLiquid,100,16,5349,5348,5346,5348,5311,13096689914227,16.670600,16.674300,,1.348000,1.182200,
36,ECalibratedLiquid,100,16,5350,5349,5347,5349,5312,13096690080970,16.662706,16.659400,,0.000000,1.223900,
36,ECalibratedLiquid,100,16,5351,5350,5348,5350,5313,13096690247564,16.667496,16.682000,,1.365200,0.977100,
36,ECalibratedLiquid,100,16,5352,5351,5349,5351,5314,13096690414384,16.666306,16.690500,,1.394100,1.248400,
36,ECalibratedLiquid,100,16,5353,5352,5350,5352,5315,13096690581289,16.667793,16.629100,,1.762000,1.189900,
36,ECalibratedLiquid,100,16,5354,5353,5351,5353,5316,13096690747580,16.666602,16.681200,,1.560500,0.955500,
36,ECalibratedLiquid,100,16,5355,5354,5352,5354,5317,13096690914392,16.666900,16.653400,,1.350300,1.134000,
36,ECalibratedLiquid,100,16,5356,5355,5353,5355,5318,13096691080926,16.696896,16.682100,,0.000000,1.171600,
36,ECalibratedLiquid,100,16,5357,5356,5354,5356,5319,13096691247747,16.665902,16.660700,,1.333500,1.076200,
36,ECalibratedLiquid,100,16,5358,5357,5355,5357,5320,13096691414354,16.667403,16.667000,,1.341500,0.995400,
36,ECalibratedLiquid,100,16,5359,5358,5356,5358,5321,13096691581024,16.667100,16.693900,,1.331300,1.143500,
36,ECalibratedLiquid,100,16,5360,5359,5357,5359,5322,13096691747963,16.666999,16.663900,,1.391500,0.997700,
36,ECalibratedLiquid,100,16,5361,5360,5358,5360,5323,13096691914602,16.666198,16.673000,,1.678300,1.149400,
36,ECalibratedLiquid,100,16,5362,5361,5359,5361,5324,13096692081332,16.667305,16.666100,,0.000000,1.080600,
36,ECalibratedLiquid,100,16,5363,5362,5360,5362,5325,13096692247993,16.666595,16.669300,,1.360900,1.148500,
36,ECalibratedLiquid,100,16,5364,5363,5361,5363,5326,13096692414686,16.666504,16.665000,,1.719300,1.049900,
36,ECalibratedLiquid,100,16,5365,5364,5362,5364,5327,13096692581336,16.666999,16.669600,,1.335600,0.979600,
36,ECalibratedLiquid,100,16,5366,5365,5363,5365,5328,13096692748032,16.666695,16.665800,,1.651500,1.319100,
36,ECalibratedLiquid,100,16,5367,5366,5364,5366,5329,13096692914690,16.667100,16.852000,,1.349400,0.993000,
36,ECalibratedLiquid,100,16,5368,5367,5365,5367,5330,13096693083210,16.667403,16.476800,,0.000000,1.019600,
36,ECalibratedLiquid,100,16,5369,5368,5366,5368,5331,13096693247978,16.666703,16.664900,,1.927600,1.344100,
36,ECalibratedLiquid,100,16,5370,5369,5367,5369,5332,13096693414627,16.667496,16.669500,,1.416200,1.198300,
36,ECalibratedLiquid,100,16,5371,5370,5368,5370,5333,13096693581322,16.666001,16.750600,,1.471000,1.093000,
36,ECalibratedLiquid,100,16,5372,5371,5369,5371,5334,13096693748828,16.666900,16.582400,,1.347300,0.906300,
36,ECalibratedLiquid,100,16,5373,5372,5370,5372,5335,13096693914652,16.667297,16.673600,,1.459800,0.912400,
36,ECalibratedLiquid,100,16,5374,5373,5371,5373,5336,13096694081388,16.667603,16.654700,,0.000000,1.171100,
36,ECalibratedLiquid,100,16,5375,5374,5372,5374,5337,13096694247935,16.665604,16.672200,,1.523600,0.981800,
36,ECalibratedLiquid,100,16,5376,5375,5373,5375,5338,13096694414657,16.666496,16.672100,,1.464200,0.988800,
36,ECalibratedLiquid,100,16,5377,5376,5374,5376,5339,13096694581378,16.666999,16.958600,,1.357400,0.919100,
36,ECalibratedLiquid,100,16,5378,5377,5375,5377,5340,13096694750964,16.666602,16.364900,,1.361900,0.980500,
36,ECalibratedLiquid,100,16,5379,5378,5376,5378,5341,13096694914613,16.666900,16.664000,,1.339500,0.997200,
36,ECalibratedLiquid,100,16,5380,5379,5377,5379,5342,13096695081253,16.666900,16.663600,,0.000000,0.954300,
36,ECalibratedLiquid,100,16,5381,5380,5378,5380,5343,13096695247889,16.666900,16.669700,,1.351700,0.997900,
36,ECalibratedLiquid,100,16,5382,5381,5379,5381,5344,13096695414586,16.667800,16.665900,,1.439900,1.226100,
36,ECalibratedLiquid,100,16,5383,5382,5380,5382,5345,13096695581245,16.667595,16.669900,,1.977000,1.381700,
36,ECalibratedLiquid,100,16,5384,5383,5381,5383,5346,13096695747944,16.666001,16.665600,,1.400500,0.997200,
36,ECalibratedLiquid,100,16,5385,5384,5382,5384,5347,13096695914600,16.667305,16.683400,,1.405600,0.923100,
36,ECalibratedLiquid,100,16,5386,5385,5383,5385,5348,13096696081434,16.666794,16.666800,,0.000000,0.963900,
36,ECalibratedLiquid,100,16,5387,5386,5384,5386,5349,13096696248102,16.666900,16.658400,,1.340900,1.000700,
36,ECalibratedLiquid,100,16,5388,5387,5385,5387,5350,13096696414686,16.667206,16.669100,,1.806100,1.127400,
36,ECalibratedLiquid,100,16,5389,5388,5386,5388,5351,13096696581377,16.666893,16.664200,,1.488100,1.021600,
36,ECalibratedLiquid,100,16,5390,5389,5387,5389,5352,13096696748019,16.666405,16.673500,,1.449000,0.943500,
36,ECalibratedLiquid,100,16,5391,5390,5388,5390,5353,13096696914754,16.667396,16.657100,,1.333300,0.990700,
36,ECalibratedLiquid,100,16,5392,5391,5389,5391,5354,13096697081325,16.667603,16.672400,,0.000000,1.346500,
36,ECalibratedLiquid,100,16,5393,5392,5390,5392,5355,13096697248049,16.666198,16.663400,,1.338600,0.928500,
36,ECalibratedLiquid,100,16,5394,5393,5391,5393,5356,13096697414683,16.666703,16.675900,,1.386500,1.089800,
36,ECalibratedLiquid,100,16,5395,5394,5392,5394,5357,13096697581442,16.667496,16.664200,,1.356600,1.039500,
36,ECalibratedLiquid,100,16,5396,5395,5393,5395,5358,13096697748084,16.666802,16.665900,,1.377800,1.001000,
36,ECalibratedLiquid,100,16,5397,5396,5394,5396,5359,13096697914743,16.666099,16.666000,,1.292700,1.112400,
36,ECalibratedLiquid,100,16,5398,5397,5395,5397,5360,13096698081403,16.666999,16.671300,,0.000000,1.428300,
36,ECalibratedLiquid,100,16,5399,5398,5396,5398,5361,13096698248116,16.667603,16.661900,,1.495400,1.035900,
36,ECalibratedLiquid,100,16,5400,5399,5397,5399,5362,13096698414735,16.665902,16.658300,,1.401500,1.044500,
36,ECalibratedLiquid,100,16,5401,5400,5398,5400,5363,13096698581318,16.667396,16.675700,,1.430000,1.179200,
36,ECalibratedLiquid,100,16,5402,5401,5399,5401,5364,13096698748075,16.666703,16.669300,,1.384700,0.896400,
36,ECalibratedLiquid,100,16,5403,5402,5400,5402,5365,13096698914768,16.666602,16.658800,,1.441900,1.103100,
36,ECalibratedLiquid,100,16,5404,5403,5401,5403,5366,13096699081356,16.667396,16.667600,,0.000000,0.948700,
36,ECalibratedLiquid,100,16,5405,5404,5402,5404,5367,13096699248032,16.666802,16.668000,,1.417300,0.925800,
36,ECalibratedLiquid,100,16,5406,5405,5403,5405,5368,13096699414712,16.666703,16.662800,,1.360900,0.908700,
36,ECalibratedLiquid,100,16,5407,5406,5404,5406,5369,13096699581340,16.667595,16.676100,,1.344800,1.067800,
36,ECalibratedLiquid,100,16,5408,5407,5405,5407,5370,13096699748101,16.667105,16.665100,,1.188500,0.870900,
36,ECalibratedLiquid,100,16,5409,5408,5406,5408,5371,13096699914752,16.666397,16.662900,,1.255300,0.996100,
36,ECalibratedLiquid,100,16,5410,5409,5407,5409,5372,13096700081381,16.666802,16.669700,,0.000000,0.940100,
36,ECalibratedLiquid,100,16,5411,5410,5408,5410,5373,13096700248078,16.666595,16.666900,,1.476600,1.105400,
36,ECalibratedLiquid,100,16,5412,5411,5409,5411,5374,13096700414747,16.666900,16.665600,,1.530600,1.054100,
36,ECalibratedLiquid,100,16,5413,5412,5410,5412,5375,13096700581403,16.666703,16.670400,,1.361200,1.000400,
36,ECalibratedLiquid,100,16,5414,5413,5411,5413,5376,13096700748107,16.666999,16.663400,,1.423500,0.910600,
36,ECalibratedLiquid,100,16,5415,5414,5412,5414,5377,13096700914741,16.667100,16.745400,,1.467000,0.934400,
36,ECalibratedLiquid,100,16,5416,5415,5413,5415,5378,13096701082195,16.666999,16.611300,,0.000000,0.914800,
36,ECalibratedLiquid,100,16,5417,5416,5414,5416,5379,13096701248308,16.666999,16.643100,,1.157400,0.792200,
36,ECalibratedLiquid,100,16,5418,5417,5415,5417,5380,13096701414739,16.667198,16.667100,,1.089100,0.793500,
36,ECalibratedLiquid,100,16,5419,5418,5416,5418,5381,13096701581410,16.667206,16.666500,,1.304200,1.005200,
36,ECalibratedLiquid,100,16,5420,5419,5417,5419,5382,13096701748075,16.666198,16.668400,,1.393900,1.022200,
36,ECalibratedLiquid,100,16,5421,5420,5418,5420,5383,13096701914759,16.666595,16.668400,,1.574800,1.019800,
36,ECalibratedLiquid,100,16,5422,5421,5419,5421,5384,13096702081443,16.667502,16.669600,,0.000000,0.966900,
36,ECalibratedLiquid,100,16,5423,5422,5420,5422,5385,13096702248139,16.666397,16.664600,,1.442400,1.056100,
36,ECalibratedLiquid,100,16,5424,5423,5421,5423,5386,13096702414785,16.666703,16.664100,,1.415100,0.994600,
36,ECalibratedLiquid,100,16,5425,5424,5422,5424,5387,13096702581426,16.667403,16.673700,,1.399200,0.932600,
36,ECalibratedLiquid,100,16,5426,5425,5423,5425,5388,13096702748163,16.765399,16.659900,,1.669500,1.170200,
36,ECalibratedLiquid,100,16,5427,5426,5424,5426,5389,13096702914762,16.666703,16.702300,,1.359400,0.937500,
36,ECalibratedLiquid,100,16,5428,5427,5425,5427,5390,13096703081785,16.667595,16.635200,,0.000000,0.883000,
36,ECalibratedLiquid,100,16,5429,5428,5426,5428,5391,13096703248137,16.666001,16.765300,,1.708800,1.115500,
36,ECalibratedLiquid,100,16,5430,5429,5427,5429,5392,13096703415790,16.671201,16.656400,,1.277400,0.894600,
36,ECalibratedLiquid,100,16,5431,5430,5428,5430,5393,13096703582354,16.666397,16.686800,,1.330100,1.104700,
36,ECalibratedLiquid,100,16,5432,5431,5429,5431,5394,13096703749222,16.667100,16.650100,,1.344300,1.047400,
36,ECalibratedLiquid,100,16,5433,5432,5430,5432,5395,13096703915723,16.668404,16.674000,,1.404800,1.009200,
36,ECalibratedLiquid,100,16,5434,5433,5431,5433,5396,13096704082463,16.773200,16.662500,,0.000000,0.905100,
36,ECalibratedLiquid,100,16,5435,5434,5432,5434,5397,13096704249088,16.667502,16.667000,,1.197200,0.900700,
36,ECalibratedLiquid,100,16,5436,5435,5433,5435,5398,13096704415758,17.273696,16.694400,,1.374000,0.997100,
36,ECalibratedLiquid,100,16,5437,5436,5434,5436,5399,13096704582702,16.666900,16.748600,,1.381600,1.056600,
36,ECalibratedLiquid,100,16,5438,5437,5435,5437,5400,13096704750188,16.666802,16.670100,,1.537800,1.219800,
36,ECalibratedLiquid,100,16,5439,5438,5436,5438,5401,13096704916889,16.666397,17.288300,,1.363700,1.119400,
36,ECalibratedLiquid,100,16,5440,5439,5437,5439,5402,13096705089772,16.667305,16.651300,,0.000000,0.766400,
36,ECalibratedLiquid,100,16,5441,5440,5438,5440,5403,13096705256285,16.669799,16.665400,,1.057900,0.889000,
36,ECalibratedLiquid,100,16,5442,5441,5439,5441,5404,13096705422939,16.663598,16.659300,,1.424200,0.883400,
36,ECalibratedLiquid,100,16,5443,5442,5440,5442,5405,13096705589532,16.667701,16.676500,,1.126900,0.913500,
36,ECalibratedLiquid,100,16,5444,5443,5441,5443,5406,13096705756297,16.666198,16.673200,,1.103900,0.808500,
37,ECalibratedLiquid,300,1,5476,5475,5473,5475,5437,13096713919436,16.666999,16.667400,,1.334000,0.966600,
37,ECalibratedLiquid,300,1,5477,5476,5474,5476,5438,13096714086110,16.666504,16.664400,,0.000000,0.898100,
37,ECalibratedLiquid,300,1,5478,5477,5475,5477,5439,13096714252754,16.666900,16.749200,,1.356100,0.963900,
37,ECalibratedLiquid,300,1,5479,5478,5476,5478,5440,13096714420246,16.666703,16.594400,,1.482100,1.092600,
37,ECalibratedLiquid,300,1,5480,5479,5477,5479,5441,13096714586190,16.666794,16.663000,,1.421600,1.124400,
37,ECalibratedLiquid,300,1,5481,5480,5478,5480,5442,13096714752820,16.666802,16.664100,,1.697000,1.412400,
37,ECalibratedLiquid,300,1,5482,5481,5479,5481,5443,13096714919461,16.669700,16.667100,,1.332900,1.062000,
37,ECalibratedLiquid,300,1,5483,5482,5480,5482,5444,13096715086132,16.664101,16.665900,,0.000000,1.002500,
37,ECalibratedLiquid,300,1,5484,5483,5481,5483,5445,13096715252791,16.666703,16.665600,,1.394000,1.015700,
37,ECalibratedLiquid,300,1,5485,5484,5482,5484,5446,13096715419447,16.666802,16.675100,,1.322100,1.094400,
37,ECalibratedLiquid,300,1,5486,5485,5483,5485,5447,13096715586198,16.666900,16.664300,,1.378200,1.115100,
37,ECalibratedLiquid,300,1,5487,5486,5484,5486,5448,13096715752841,16.667198,16.703500,,1.415100,0.967900,
37,ECalibratedLiquid,300,1,5488,5487,5485,5487,5449,13096715919876,16.666595,16.628000,,1.399800,1.219600,
37,ECalibratedLiquid,300,1,5489,5488,5486,5488,5450,13096716086156,16.777501,16.661600,,0.000000,1.088300,
37,ECalibratedLiquid,300,1,5490,5489,5487,5489,5451,13096716252772,16.667305,16.671200,,1.549200,1.071600,
37,ECalibratedLiquid,300,1,5491,5490,5488,5490,5452,13096716419484,16.666695,16.676500,,1.372400,0.952100,
37,ECalibratedLiquid,300,1,5492,5491,5489,5491,5453,13096716586249,16.666703,16.772700,,1.310100,0.942800,
37,ECalibratedLiquid,300,1,5493,5492,5490,5492,5454,13096716753976,16.666703,16.661100,,1.362400,1.063800,
37,ECalibratedLiquid,300,1,5494,5493,5491,5493,5455,13096716920587,16.667198,16.664100,,1.321900,1.047100,
37,ECalibratedLiquid,300,1,5495,5494,5492,5494,5456,13096717087228,16.667198,16.667000,,0.000000,0.916900,
37,ECalibratedLiquid,300,1,5496,5495,5493,5495,5457,13096717253898,16.666299,16.666000,,1.327000,1.110900,
37,ECalibratedLiquid,300,1,5497,5496,5494,5496,5458,13096717420558,16.667206,16.672000,,1.380600,0.954300,
37,ECalibratedLiquid,300,1,5498,5497,5495,5497,5459,13096717587278,16.667198,16.667800,,1.385700,1.241700,
37,ECalibratedLiquid,300,1,5499,5498,5496,5498,5460,13096717753956,16.666198,16.665600,,1.342400,1.132800,
37,ECalibratedLiquid,300,1,5500,5499,5497,5499,5461,13096717920612,16.666802,16.671300,,1.353700,1.031400,
37,ECalibratedLiquid,300,1,5501,5500,5498,5500,5462,13096718087325,16.666999,16.665500,,0.000000,1.005000,
37,ECalibratedLiquid,300,1,5502,5501,5499,5501,5463,13096718253980,16.851198,16.694700,,1.631700,1.077900,
37,ECalibratedLiquid,300,1,5503,5502,5500,5502,5464,13096718420927,16.667502,16.632900,,2.034600,1.414300,
37,ECalibratedLiquid,300,1,5504,5503,5501,5503,5465,13096718587256,16.666802,16.668200,,1.498200,0.963100,
37,ECalibratedLiquid,300,1,5505,5504,5502,5504,5466,13096718753938,16.666595,16.914900,,1.358700,0.982600,
37,ECalibratedLiquid,300,1,5506,5505,5503,5505,5467,13096718923087,16.667603,16.612500,,1.344400,0.986800,
37,ECalibratedLiquid,300,1,5507,5506,5504,5506,5468,13096719089212,16.666802,16.663600,,0.000000,1.049700,
37,ECalibratedLiquid,300,1,5508,5507,5505,5507,5469,13096719255848,16.666496,16.667100,,1.445100,1.052600,
37,ECalibratedLiquid,300,1,5509,5508,5506,5508,5470,13096719422519,16.667105,16.677400,,1.373600,0.959700,
37,ECalibratedLiquid,300,1,5510,5509,5507,5509,5471,13096719589293,16.667396,16.662500,,1.341400,1.038300,
37,ECalibratedLiquid,300,1,5511,5510,5508,5510,5472,13096719755918,16.666900,16.668100,,1.411900,1.030100,
37,ECalibratedLiquid,300,1,5512,5511,5509,5511,5473,13096719922599,16.667502,16.665600,,1.385600,1.191000,
37,ECalibratedLiquid,300,1,5513,5512,5510,5512,5474,13096720089255,16.666595,16.670600,,0.000000,1.152700,
37,ECalibratedLiquid,300,1,5514,5513,5511,5513,5475,13096720255961,16.722200,16.667100,,1.403400,1.031100,
37,ECalibratedLiquid,300,1,5515,5514,5512,5514,5476,13096720422632,16.666496,16.675100,,1.369300,1.183400,
37,ECalibratedLiquid,300,1,5516,5515,5513,5515,5477,13096720589383,16.666999,16.655800,,1.735300,0.965000,
37,ECalibratedLiquid,300,1,5517,5516,5514,5516,5478,13096720755941,16.666602,16.725200,,1.325400,0.936200,
37,ECalibratedLiquid,300,1,5518,5517,5515,5517,5479,13096720923193,16.666999,16.657600,,1.336200,1.002600,
37,ECalibratedLiquid,300,1,5519,5518,5516,5518,5480,13096721089769,16.667899,16.676500,,0.000000,1.021100,
37,ECalibratedLiquid,300,1,5520,5519,5517,5519,5481,13096721256534,16.666198,16.656500,,1.424400,1.088500,
37,ECalibratedLiquid,300,1,5521,5520,5518,5520,5482,13096721423099,16.666703,16.667600,,1.389300,1.103200,
37,ECalibratedLiquid,300,1,5522,5521,5519,5521,5483,13096721589775,16.666900,16.672400,,1.349500,0.932800,
37,ECalibratedLiquid,300,1,5523,5522,5520,5522,5484,13096721756499,16.667297,16.665300,,1.354700,0.976600,
37,ECalibratedLiquid,300,1,5524,5523,5521,5523,5485,13096721923152,16.667403,16.663200,,1.335600,0.982500,
37,ECalibratedLiquid,300,1,5525,5524,5522,5524,5486,13096722089784,16.667100,16.665900,,0.000000,0.985900,
37,ECalibratedLiquid,300,1,5526,5525,5523,5525,5487,13096722256443,16.666602,16.671700,,1.613500,1.106000,
37,ECalibratedLiquid,300,1,5527,5526,5524,5526,5488,13096722423160,16.668098,16.670600,,1.481300,1.112700,
37,ECalibratedLiquid,300,1,5528,5527,5525,5527,5489,13096722589866,16.665801,16.674600,,1.466200,1.131100,
37,ECalibratedLiquid,300,1,5529,5528,5526,5528,5490,13096722756612,16.667100,16.662100,,1.441300,0.996200,
37,ECalibratedLiquid,300,1,5530,5529,5527,5529,5491,13096722923233,16.666595,16.685000,,1.438900,1.228900,
37,ECalibratedLiquid,300,1,5531,5530,5528,5530,5492,13096723090083,16.774299,16.660100,,0.000000,0.984200,
37,ECalibratedLiquid,300,1,5532,5531,5529,5531,5493,13096723256684,16.666504,16.657700,,1.965100,1.333900,
37,ECalibratedLiquid,300,1,5533,5532,5530,5532,5494,13096723423261,16.667198,16.665800,,1.353600,1.010900,
37,ECalibratedLiquid,300,1,5534,5533,5531,5533,5495,13096723589919,16.666900,16.785000,,1.388000,1.000400,
37,ECalibratedLiquid,300,1,5535,5534,5532,5534,5496,13096723757769,16.666405,16.653200,,1.340500,1.173000,
37,ECalibratedLiquid,300,1,5536,5535,5533,5535,5497,13096723924301,16.666794,16.675400,,1.338900,1.141500,
37,ECalibratedLiquid,300,1,5537,5536,5534,5536,5498,13096724091055,16.666900,16.660800,,0.000000,1.107700,
37,ECalibratedLiquid,300,1,5538,5537,5535,5537,5499,13096724257663,16.667305,16.664300,,1.363200,1.208400,
37,ECalibratedLiquid,300,1,5539,5538,5536,5538,5500,13096724424306,16.666397,16.667600,,1.350000,0.950500,
37,ECalibratedLiquid,300,1,5540,5539,5537,5539,5501,13096724590982,16.667297,16.666400,,1.339100,0.968100,
37,ECalibratedLiquid,300,1,5541,5540,5538,5540,5502,13096724757646,16.666999,16.666600,,1.366600,0.928000,
37,ECalibratedLiquid,300,1,5542,5541,5539,5541,5503,13096724924312,16.666602,16.664500,,1.344600,1.078300,
37,ECalibratedLiquid,300,1,5543,5542,5540,5542,5504,13096725090957,16.666900,16.672400,,0.000000,1.325100,
37,ECalibratedLiquid,300,1,5544,5543,5541,5543,5505,13096725257681,16.666397,16.675000,,1.849700,1.194900,
37,ECalibratedLiquid,300,1,5545,5544,5542,5544,5506,13096725424431,16.859701,16.676100,,1.371100,1.027600,
37,ECalibratedLiquid,300,1,5546,5545,5543,5545,5507,13096725591192,16.666504,16.650100,,1.250700,0.957500,
37,ECalibratedLiquid,300,1,5547,5546,5544,5546,5508,13096725757693,16.667100,16.663300,,1.194500,0.891700,
37,ECalibratedLiquid,300,1,5548,5547,5545,5547,5509,13096725924326,16.667603,16.860800,,1.187700,0.904200,
37,ECalibratedLiquid,300,1,5549,5548,5546,5548,5510,13096726092934,16.665200,16.677300,,0.000000,0.961100,
37,ECalibratedLiquid,300,1,5550,5549,5547,5549,5511,13096726259707,16.667595,16.653100,,1.374400,0.986900,
37,ECalibratedLiquid,300,1,5551,5550,5548,5550,5512,13096726426238,16.666900,16.675500,,1.351700,0.988500,
37,ECalibratedLiquid,300,1,5552,5551,5549,5551,5513,13096726592993,16.666802,16.660500,,1.327400,0.927400,
37,ECalibratedLiquid,300,1,5553,5552,5550,5552,5514,13096726759598,16.666999,16.659700,,1.144800,0.824600,
37,ECalibratedLiquid,300,1,5554,5553,5551,5553,5515,13096726926195,16.666999,16.671200,,1.105100,1.011000,
37,ECalibratedLiquid,300,1,5555,5554,5552,5554,5516,13096727092907,16.666999,16.656500,,0.000000,0.820900,
37,ECalibratedLiquid,300,1,5556,5555,5553,5555,5517,13096727259472,16.666999,16.692800,,1.063200,0.989200,
37,ECalibratedLiquid,300,1,5557,5556,5554,5556,5518,13096727426400,16.667701,16.645000,,1.430600,1.018800,
37,ECalibratedLiquid,300,1,5558,5557,5555,5557,5519,13096727592850,16.669799,16.677900,,1.070200,0.944900,
37,ECalibratedLiquid,300,1,5559,5558,5556,5558,5520,13096727759629,16.668700,16.663500,,1.457100,1.083800,
37,ECalibratedLiquid,300,1,5560,5559,5557,5559,5521,13096727926264,16.667403,16.662400,,1.533700,1.094000,
37,ECalibratedLiquid,300,1,5561,5560,5558,5560,5522,13096728092888,16.844494,16.697600,,0.000000,1.015400,
37,ECalibratedLiquid,300,1,5562,5561,5559,5561,5523,13096728259864,16.739903,16.795600,,1.445300,1.126600,
37,ECalibratedLiquid,300,1,5563,5562,5560,5562,5524,13096728427820,16.667403,16.722400,,1.326500,1.156700,
37,ECalibratedLiquid,300,1,5564,5563,5561,5563,5525,13096728595044,16.666999,16.638600,,1.471500,1.231100,
37,ECalibratedLiquid,300,1,5565,5564,5562,5564,5526,13096728761430,16.666695,16.734000,,1.389000,0.908800,
37,ECalibratedLiquid,300,1,5566,5565,5563,5565,5527,13096728928770,16.666802,16.671100,,1.430100,1.069700,
37,ECalibratedLiquid,300,1,5567,5566,5564,5566,5528,13096729095481,16.667603,16.668300,,0.000000,0.924700,
37,ECalibratedLiquid,300,1,5568,5567,5565,5567,5529,13096729262164,16.666299,16.666000,,1.148500,0.893700,
37,ECalibratedLiquid,300,1,5569,5568,5566,5568,5530,13096729428824,16.666999,16.660100,,1.128900,0.879800,
37,ECalibratedLiquid,300,1,5570,5569,5567,5569,5531,13096729595425,16.667100,16.678900,,1.192400,0.839700,
37,ECalibratedLiquid,300,1,5571,5570,5568,5570,5532,13096729762214,16.666703,16.657000,,1.520200,0.924400,
37,ECalibratedLiquid,300,1,5572,5571,5569,5571,5533,13096729928784,16.666900,16.675600,,1.232100,0.904300,
37,ECalibratedLiquid,300,1,5573,5572,5570,5572,5534,13096730095540,16.666900,16.665600,,0.000000,0.878000,
37,ECalibratedLiquid,300,1,5574,5573,5571,5573,5535,13096730262196,16.667603,16.666300,,1.385600,1.153900,
37,ECalibratedLiquid,300,1,5575,5574,5572,5574,5536,13096730428859,16.666099,16.665500,,1.767800,0.972200,
37,ECalibratedLiquid,300,1,5576,5575,5573,5575,5537,13096730595514,16.666595,16.686500,,1.314700,1.057900,
37,ECalibratedLiquid,300,1,5577,5576,5574,5576,5538,13096730762379,16.667899,16.653300,,1.249200,0.998300,
37,ECalibratedLiquid,300,1,5578,5577,5575,5577,5539,13096730928912,16.682604,16.684900,,1.819300,1.235700,
37,ECalibratedLiquid,300,1,5579,5578,5576,5578,5540,13096731095761,16.666595,16.633800,,0.000000,0.892200,
37,ECalibratedLiquid,300,1,5580,5579,5577,5579,5541,13096731262099,16.666703,16.681400,,1.378000,1.017200,
37,ECalibratedLiquid,300,1,5581,5580,5578,5580,5542,13096731428913,16.667603,16.674000,,1.422600,0.983300,
37,ECalibratedLiquid,300,1,5582,5581,5579,5581,5543,13096731595653,16.666595,16.662900,,1.338000,1.179600,
37,ECalibratedLiquid,300,1,5583,5582,5580,5582,5544,13096731762282,16.667206,16.669200,,1.376600,1.054700,
37,ECalibratedLiquid,300,1,5584,5583,5581,5583,5545,13096731928974,16.668098,16.666500,,1.333900,1.158200,
37,ECalibratedLiquid,300,1,5585,5584,5582,5584,5546,13096732095639,16.666099,16.665500,,0.000000,0.923000,
37,ECalibratedLiquid,300,1,5586,5585,5583,5585,5547,13096732262294,16.666496,16.669100,,1.376100,1.006200,
37,ECalibratedLiquid,300,1,5587,5586,5584,5586,5548,13096732428985,16.667305,16.666600,,1.490300,0.988500,
37,ECalibratedLiquid,300,1,5588,5587,5585,5587,5549,13096732595651,16.666900,16.675500,,1.477800,0.888000,
37,ECalibratedLiquid,300,1,5589,5588,5586,5588,5550,13096732762406,16.666099,16.666400,,1.347700,1.104400,
37,ECalibratedLiquid,300,1,5590,5589,5587,5589,5551,13096732929070,16.667595,16.675300,,1.272900,0.863800,
37,ECalibratedLiquid,300,1,5591,5590,5588,5590,5552,13096733095823,16.666802,16.659100,,0.000000,0.925100,
37,ECalibratedLiquid,300,1,5592,5591,5589,5591,5553,13096733262414,16.666504,16.653900,,1.376700,1.074500,
37,ECalibratedLiquid,300,1,5593,5592,5590,5592,5554,13096733428953,16.666595,16.671600,,1.608500,1.094700,
37,ECalibratedLiquid,300,1,5594,5593,5591,5593,5555,13096733595669,16.667403,16.673000,,1.513800,1.083400,
37,ECalibratedLiquid,300,1,5595,5594,5592,5594,5556,13096733762399,16.667198,16.661300,,1.322800,1.117600,
38,ECalibratedLiquid,300,4,5627,5626,5624,5626,5587,13096743790315,16.667297,16.666600,,1.331100,0.934600,
38,ECalibratedLiquid,300,4,5628,5627,5625,5627,5588,13096743956981,16.666602,16.668800,,1.652900,1.074500,
38,ECalibratedLiquid,300,4,5629,5628,5626,5628,5589,13096744123669,16.690101,16.667000,,1.565700,1.230300,
38,ECalibratedLiquid,300,4,5630,5629,5627,5629,5590,13096744290339,16.666900,16.694700,,1.392200,0.942700,
38,ECalibratedLiquid,300,4,5631,5630,5628,5630,5591,13096744457286,16.666900,16.678300,,0.000000,0.916400,
38,ECalibratedLiquid,300,4,5632,5631,5629,5631,5592,13096744624069,16.666496,16.713300,,1.371800,1.006500,
38,ECalibratedLiquid,300,4,5633,5632,5630,5632,5593,13096744791202,16.666999,16.604800,,1.343800,0.984400,
38,ECalibratedLiquid,300,4,5634,5633,5631,5633,5594,13096744957250,16.666703,16.669400,,1.328500,1.098700,
38,ECalibratedLiquid,300,4,5635,5634,5632,5634,5595,13096745123944,16.670400,16.662900,,1.371200,1.039500,
38,ECalibratedLiquid,300,4,5636,5635,5633,5635,5596,13096745290573,16.666802,16.672300,,1.310800,1.044600,
38,ECalibratedLiquid,300,4,5637,5636,5634,5636,5597,13096745457296,16.666802,16.661500,,0.000000,0.973200,
38,ECalibratedLiquid,300,4,5638,5637,5635,5637,5598,13096745623911,16.668297,16.668400,,1.334600,1.032600,
38,ECalibratedLiquid,300,4,5639,5638,5636,5638,5599,13096745790595,16.665498,16.670700,,1.429800,1.044900,
38,ECalibratedLiquid,300,4,5640,5639,5637,5639,5600,13096745957302,16.667403,16.662400,,1.347800,1.043100,
38,ECalibratedLiquid,300,4,5641,5640,5638,5640,5601,13096746123926,16.667100,16.674600,,1.389600,0.978200,
38,ECalibratedLiquid,300,4,5642,5641,5639,5641,5602,13096746290672,16.666504,16.662000,,1.445400,1.178700,
38,ECalibratedLiquid,300,4,5643,5642,5640,5642,5603,13096746457292,16.671095,16.683600,,0.000000,0.921700,
38,ECalibratedLiquid,300,4,5644,5643,5641,5643,5604,13096746624128,16.666802,16.653300,,1.332100,1.022500,
38,ECalibratedLiquid,300,4,5645,5644,5642,5644,5605,13096746790661,17.073201,16.663200,,1.317100,0.936800,
38,ECalibratedLiquid,300,4,5646,5645,5643,5645,5606,13096746957293,16.666900,16.824000,,1.399100,0.945800,
38,ECalibratedLiquid,300,4,5647,5646,5644,5646,5607,13096747125533,16.667198,16.514600,,1.366900,1.029700,
38,ECalibratedLiquid,300,4,5648,5647,5645,5647,5608,13096747290679,16.666703,17.077900,,1.379400,1.034100,
38,ECalibratedLiquid,300,4,5649,5648,5646,5648,5609,13096747461458,16.666999,16.663500,,1.404900,1.001100,
38,ECalibratedLiquid,300,4,5650,5649,5647,5649,5610,13096747628093,16.666999,16.675500,,0.000000,1.125100,
38,ECalibratedLiquid,300,4,5651,5650,5648,5650,5611,13096747794848,16.666802,16.663200,,1.369700,1.148400,
38,ECalibratedLiquid,300,4,5652,5651,5649,5651,5612,13096747961480,16.666299,16.666900,,1.320400,0.922300,
38,ECalibratedLiquid,300,4,5653,5652,5650,5652,5613,13096748128149,16.667396,16.672300,,1.372200,1.052000,
38,ECalibratedLiquid,300,4,5654,5653,5651,5653,5614,13096748294872,16.666504,16.659100,,1.401000,1.153700,
38,ECalibratedLiquid,300,4,5655,5654,5652,5654,5615,13096748461463,16.667502,16.662100,,1.347400,0.994400,
38,ECalibratedLiquid,300,4,5656,5655,5653,5655,5616,13096748628084,16.666496,16.673000,,0.000000,1.121900,
38,ECalibratedLiquid,300,4,5657,5656,5654,5656,5617,13096748794814,16.666802,16.663900,,1.346200,1.220200,
38,ECalibratedLiquid,300,4,5658,5657,5655,5657,5618,13096748961453,16.667198,16.664700,,1.806100,1.397800,
38,ECalibratedLiquid,300,4,5659,5658,5656,5658,5619,13096749128100,16.666802,16.692600,,1.411500,0.943100,
38,ECalibratedLiquid,300,4,5660,5659,5657,5659,5620,13096749295026,16.667100,16.683600,,1.330000,0.952100,
38,ECalibratedLiquid,300,4,5661,5660,5658,5660,5621,13096749461862,16.666900,16.770200,,1.388300,1.128900,
38,ECalibratedLiquid,300,4,5662,5661,5659,5661,5622,13096749629564,16.666299,16.531900,,0.000000,1.274500,
38,ECalibratedLiquid,300,4,5663,5662,5660,5662,5623,13096749794883,16.666999,16.665000,,1.382200,1.092200,
38,ECalibratedLiquid,300,4,5664,5663,5661,5663,5624,13096749961533,16.666900,16.676600,,1.464500,0.996400,
38,ECalibratedLiquid,300,4,5665,5664,5662,5664,5625,13096750128299,16.715704,16.655200,,1.429300,0.940900,
38,ECalibratedLiquid,300,4,5666,5665,5663,5665,5626,13096750294851,16.666900,16.670400,,1.337800,1.029000,
38,ECalibratedLiquid,300,4,5667,5666,5664,5666,5627,13096750461555,16.666802,16.666500,,1.420700,1.062000,
38,ECalibratedLiquid,300,4,5668,5667,5665,5667,5628,13096750628220,16.666595,16.715200,,0.000000,1.004100,
38,ECalibratedLiquid,300,4,5669,5668,5666,5668,5629,13096750795372,16.666703,16.669400,,1.455300,1.037900,
38,ECalibratedLiquid,300,4,5670,5669,5667,5669,5630,13096750962066,16.667100,16.669100,,1.518000,1.206100,
38,ECalibratedLiquid,300,4,5671,5670,5668,5670,5631,13096751128757,16.667701,16.662500,,1.422400,0.983300,
38,ECalibratedLiquid,300,4,5672,5671,5669,5671,5632,13096751295382,16.666198,16.665600,,1.204700,1.048200,
38,ECalibratedLiquid,300,4,5673,5672,5670,5672,5633,13096751462038,16.666703,16.673300,,1.292200,0.845300,
38,ECalibratedLiquid,300,4,5674,5673,5671,5673,5634,13096751628771,16.666496,16.662800,,0.000000,1.066100,
38,ECalibratedLiquid,300,4,5675,5674,5672,5674,5635,13096751795399,16.666900,16.659800,,1.437700,0.946800,
38,ECalibratedLiquid,300,4,5676,5675,5673,5675,5636,13096751961997,16.667100,16.761800,,1.400800,1.022100,
38,ECalibratedLiquid,300,4,5677,5676,5674,5676,5637,13096752129615,16.666900,16.573600,,1.492200,0.974400,
38,ECalibratedLiquid,300,4,5678,5677,5675,5677,5638,13096752295351,16.667198,16.664200,,1.351300,1.061900,
38,ECalibratedLiquid,300,4,5679,5678,5676,5678,5639,13096752461993,16.668105,16.665800,,1.408800,1.112400,
38,ECalibratedLiquid,300,4,5680,5679,5677,5679,5640,13096752628651,16.665200,16.671000,,0.000000,0.992700,
38,ECalibratedLiquid,300,4,5681,5680,5678,5680,5641,13096752795361,16.666496,16.673100,,1.466400,0.984700,
38,ECalibratedLiquid,300,4,5682,5681,5679,5681,5642,13096752962092,16.667100,16.665300,,1.344500,0.949700,
38,ECalibratedLiquid,300,4,5683,5682,5680,5682,5643,13096753128745,16.666999,16.663800,,1.459600,1.001400,
38,ECalibratedLiquid,300,4,5684,5683,5681,5683,5644,13096753295383,16.666900,16.658400,,1.373700,1.044100,
38,ECalibratedLiquid,300,4,5685,5684,5682,5684,5645,13096753461967,16.666703,16.671600,,1.353900,0.948100,
38,ECalibratedLiquid,300,4,5686,5685,5683,5685,5646,13096753628683,16.668098,16.664400,,0.000000,0.988800,
38,ECalibratedLiquid,300,4,5687,5686,5684,5686,5647,13096753795327,16.666999,16.668400,,1.528300,0.958400,
38,ECalibratedLiquid,300,4,5688,5687,5685,5687,5648,13096753962011,16.666405,16.665100,,1.363000,0.957300,
38,ECalibratedLiquid,300,4,5689,5688,5686,5688,5649,13096754128662,16.666695,16.679600,,1.353000,0.939900,
38,ECalibratedLiquid,300,4,5690,5689,5687,5689,5650,13096754295458,16.667403,16.665200,,1.340700,0.924400,
38,ECalibratedLiquid,300,4,5691,5690,5688,5690,5651,13096754462110,16.666703,16.662700,,1.532000,0.918700,
38,ECalibratedLiquid,300,4,5692,5691,5689,5691,5652,13096754628737,16.666900,16.668900,,0.000000,1.020000,
38,ECalibratedLiquid,300,4,5693,5692,5690,5692,5653,13096754795426,16.667198,16.666600,,1.474700,1.007500,
38,ECalibratedLiquid,300,4,5694,5693,5691,5693,5654,13096754962092,16.666999,16.667500,,1.363900,0.956900,
38,ECalibratedLiquid,300,4,5695,5694,5692,5694,5655,13096755128767,16.667198,16.667500,,1.369500,0.945900,
38,ECalibratedLiquid,300,4,5696,5695,5693,5695,5656,13096755295442,16.666198,16.669300,,1.882700,1.338700,
38,ECalibratedLiquid,300,4,5697,5696,5694,5696,5657,13096755462135,16.666900,16.663100,,1.344300,0.899100,
38,ECalibratedLiquid,300,4,5698,5697,5695,5697,5658,13096755628766,16.666299,16.677300,,0.000000,0.958600,
38,ECalibratedLiquid,300,4,5699,5698,5696,5698,5659,13096755795539,16.667206,16.656800,,1.491400,0.913800,
38,ECalibratedLiquid,300,4,5700,5699,5697,5699,5660,13096755962107,16.666900,16.664200,,1.348900,0.947200,
38,ECalibratedLiquid,300,4,5701,5700,5698,5700,5661,13096756128749,16.667198,16.660800,,1.375100,0.999400,
38,ECalibratedLiquid,300,4,5702,5701,5699,5701,5662,13096756295357,16.666999,16.845800,,1.338100,0.980300,
38,ECalibratedLiquid,300,4,5703,5702,5700,5702,5663,13096756463815,16.666602,16.492500,,1.268500,0.853700,
38,ECalibratedLiquid,300,4,5704,5703,5701,5703,5664,13096756628740,16.666999,16.668600,,0.000000,0.871700,
38,ECalibratedLiquid,300,4,5705,5704,5702,5704,5665,13096756795426,16.666595,16.662400,,1.191800,0.895300,
38,ECalibratedLiquid,300,4,5706,5705,5703,5705,5666,13096756962050,16.666703,16.665400,,1.321100,1.062000,
38,ECalibratedLiquid,300,4,5707,5706,5704,5706,5667,13096757128704,16.667297,16.674500,,1.338500,1.022000,
38,ECalibratedLiquid,300,4,5708,5707,5705,5707,5668,13096757295449,16.666802,16.664900,,1.464500,0.944700,
38,ECalibratedLiquid,300,4,5709,5708,5706,5708,5669,13096757462098,16.667198,16.666500,,1.360700,0.887700,
38,ECalibratedLiquid,300,4,5710,5709,5707,5709,5670,13096757628763,16.667603,16.669600,,0.000000,1.040600,
38,ECalibratedLiquid,300,4,5711,5710,5708,5710,5671,13096757795459,16.665902,16.665600,,1.355700,1.247900,
38,ECalibratedLiquid,300,4,5712,5711,5709,5711,5672,13096757962115,16.667100,16.669600,,1.352100,1.027200,
38,ECalibratedLiquid,300,4,5713,5712,5710,5712,5673,13096758128811,16.667100,16.669600,,1.839200,1.058600,
38,ECalibratedLiquid,300,4,5714,5713,5711,5713,5674,13096758295507,16.667198,16.661500,,1.385200,0.947600,
38,ECalibratedLiquid,300,4,5715,5714,5712,5714,5675,13096758462122,16.666405,16.668100,,1.332600,1.041100,
38,ECalibratedLiquid,300,4,5716,5715,5713,5715,5676,13096758628803,16.667396,16.671100,,0.000000,0.923200,
38,ECalibratedLiquid,300,4,5717,5716,5714,5716,5677,13096758795514,16.666504,16.819700,,1.418900,0.915400,
38,ECalibratedLiquid,300,4,5718,5717,5715,5717,5678,13096758963711,16.666999,16.507300,,1.367900,0.923300,
38,ECalibratedLiquid,300,4,5719,5718,5716,5718,5679,13096759128784,16.667595,16.669100,,1.315200,0.924500,
38,ECalibratedLiquid,300,4,5720,5719,5717,5719,5680,13096759295475,16.725106,16.683300,,1.346500,0.990300,
38,ECalibratedLiquid,300,4,5721,5720,5718,5720,5681,13096759462308,16.666595,16.651500,,1.386400,1.174800,
38,ECalibratedLiquid,300,4,5722,5721,5719,5721,5682,13096759628823,16.667198,16.666300,,0.000000,1.110900,
38,ECalibratedLiquid,300,4,5723,5722,5720,5722,5683,13096759795486,16.667206,16.906100,,1.411200,0.967000,
38,ECalibratedLiquid,300,4,5724,5723,5721,5723,5684,13096759964547,16.666299,16.488700,,1.438700,0.909700,
38,ECalibratedLiquid,300,4,5725,5724,5722,5724,5685,13096760129434,16.666703,16.666100,,1.429300,1.051600,
38,ECalibratedLiquid,300,4,5726,5725,5723,5725,5686,13096760296095,16.667198,16.670300,,1.459400,1.137700,
38,ECalibratedLiquid,300,4,5727,5726,5724,5726,5687,13096760462798,16.666802,16.661100,,1.564600,0.966100,
38,ECalibratedLiquid,300,4,5728,5727,5725,5727,5688,13096760629409,16.666695,16.669000,,0.000000,1.344200,
38,ECalibratedLiquid,300,4,5729,5728,5726,5728,5689,13096760796099,16.667305,16.728700,,1.433100,0.913200,
38,ECalibratedLiquid,300,4,5730,5729,5727,5729,5690,13096760963386,16.666999,16.603500,,1.478200,0.955100,
38,ECalibratedLiquid,300,4,5731,5730,5728,5730,5691,13096761129421,16.667100,16.669300,,1.225900,0.869400,
38,ECalibratedLiquid,300,4,5732,5731,5729,5731,5692,13096761296114,16.666703,16.671700,,1.839000,1.251400,
38,ECalibratedLiquid,300,4,5733,5732,5730,5732,5693,13096761462831,16.666099,16.656900,,1.166000,0.847100,
38,ECalibratedLiquid,300,4,5734,5733,5731,5733,5694,13096761629400,16.666695,16.677700,,0.000000,0.873000,
38,ECalibratedLiquid,300,4,5735,5734,5732,5734,5695,13096761796177,16.667206,16.656600,,1.107900,0.786200,
38,ECalibratedLiquid,300,4,5736,5735,5733,5735,5696,13096761962743,16.667800,16.664300,,1.059600,0.897600,
38,ECalibratedLiquid,300,4,5737,5736,5734,5736,5697,13096762129386,16.666099,16.660900,,1.036600,0.855000,
38,ECalibratedLiquid,300,4,5738,5737,5735,5737,5698,13096762295995,16.667198,16.673300,,1.622200,0.967200,
38,ECalibratedLiquid,300,4,5739,5738,5736,5738,5699,13096762462728,16.666703,16.663500,,1.483100,0.933600,
38,ECalibratedLiquid,300,4,5740,5739,5737,5739,5700,13096762629363,16.666595,16.671500,,0.000000,0.940800,
38,ECalibratedLiquid,300,4,5741,5740,5738,5740,5701,13096762796078,16.667701,16.774800,,1.047300,0.794300,
38,ECalibratedLiquid,300,4,5742,5741,5739,5741,5702,13096762963826,16.666099,16.564000,,1.187200,0.906800,
38,ECalibratedLiquid,300,4,5743,5742,5740,5742,5703,13096763129466,16.666802,16.654500,,1.331500,0.981500,
38,ECalibratedLiquid,300,4,5744,5743,5741,5743,5704,13096763296011,16.667198,16.677100,,1.198100,0.847900,
38,ECalibratedLiquid,300,4,5745,5744,5742,5744,5705,13096763462782,16.666602,16.662300,,1.265800,0.840000,
38,ECalibratedLiquid,300,4,5746,5745,5743,5745,5706,13096763629405,16.666900,16.665700,,0.000000,0.816400,
39,ECalibratedLiquid,300,8,5778,5777,5775,5777,5737,13096773544632,16.665101,16.666200,,0.000000,1.053900,
39,ECalibratedLiquid,300,8,5779,5778,5776,5778,5738,13096773711294,16.667297,16.659400,,1.344300,0.948300,
39,ECalibratedLiquid,300,8,5780,5779,5777,5779,5739,13096773877888,16.666999,16.669400,,1.346600,0.920900,
39,ECalibratedLiquid,300,8,5781,5780,5778,5780,5740,13096774044582,16.666999,16.659900,,1.347100,1.011000,
39,ECalibratedLiquid,300,8,5782,5781,5779,5781,5741,13096774211181,16.667502,16.667300,,1.356600,0.958500,
39,ECalibratedLiquid,300,8,5783,5782,5780,5782,5742,13096774377854,16.665796,16.669500,,1.354900,1.007900,
39,ECalibratedLiquid,300,8,5784,5783,5781,5783,5743,13096774544549,16.667305,16.664600,,0.000000,1.009200,
39,ECalibratedLiquid,300,8,5785,5784,5782,5784,5744,13096774711195,16.666794,16.672600,,1.360200,1.040800,
39,ECalibratedLiquid,300,8,5786,5785,5783,5785,5745,13096774877921,16.666405,16.660700,,1.448400,1.088500,
39,ECalibratedLiquid,300,8,5787,5786,5784,5786,5746,13096775044528,16.727097,16.670200,,1.522400,1.097600,
39,ECalibratedLiquid,300,8,5788,5787,5785,5787,5747,13096775211230,16.667198,16.667600,,1.817000,1.088000,
39,ECalibratedLiquid,300,8,5789,5788,5786,5788,5748,13096775377906,16.666802,16.663500,,1.406100,0.977100,
39,ECalibratedLiquid,300,8,5790,5789,5787,5789,5749,13096775544541,16.666802,16.729600,,0.000000,0.987500,
39,ECalibratedLiquid,300,8,5791,5790,5788,5790,5750,13096775711837,16.667100,16.665400,,1.383500,1.008900,
39,ECalibratedLiquid,300,8,5792,5791,5789,5791,5751,13096775878491,16.666703,16.668500,,1.359500,0.971200,
39,ECalibratedLiquid,300,8,5793,5792,5790,5792,5752,13096776045176,16.667100,16.660700,,1.438600,1.048500,
39,ECalibratedLiquid,300,8,5794,5793,5791,5793,5753,13096776211783,16.667403,16.676600,,1.371600,1.069800,
39,ECalibratedLiquid,300,8,5795,5794,5792,5794,5754,13096776378549,16.666496,16.658500,,1.398300,1.060000,
39,ECalibratedLiquid,300,8,5796,5795,5793,5795,5755,13096776545134,16.666703,16.674900,,0.000000,1.117200,
39,ECalibratedLiquid,300,8,5797,5796,5794,5796,5756,13096776711883,16.667999,16.670100,,1.371800,0.913500,
39,ECalibratedLiquid,300,8,5798,5797,5795,5797,5757,13096776878584,16.665801,16.657500,,1.394100,0.987400,
39,ECalibratedLiquid,300,8,5799,5798,5796,5798,5758,13096777045159,16.667198,16.666700,,1.337300,1.125400,
39,ECalibratedLiquid,300,8,5800,5799,5797,5799,5759,13096777211826,16.666299,16.670400,,1.418800,1.092900,
39,ECalibratedLiquid,300,8,5801,5800,5798,5800,5760,13096777378530,16.667403,16.663300,,1.514100,1.019900,
39,ECalibratedLiquid,300,8,5802,5801,5799,5801,5761,13096777545163,16.666794,16.673000,,0.000000,1.015800,
39,ECalibratedLiquid,300,8,5803,5802,5800,5802,5762,13096777711893,16.666999,16.659500,,1.399200,0.996700,
39,ECalibratedLiquid,300,8,5804,5803,5801,5803,5763,13096777878488,16.666602,16.670300,,1.381900,1.055700,
39,ECalibratedLiquid,300,8,5805,5804,5802,5804,5764,13096778045191,16.667297,16.663300,,1.437500,0.970200,
39,ECalibratedLiquid,300,8,5806,5805,5803,5805,5765,13096778211824,16.667105,16.674000,,1.401200,0.982500,
39,ECalibratedLiquid,300,8,5807,5806,5804,5806,5766,13096778378564,16.667100,16.662200,,1.386000,1.156600,
39,ECalibratedLiquid,300,8,5808,5807,5805,5807,5767,13096778545186,16.667297,16.674100,,0.000000,0.986400,
39,ECalibratedLiquid,300,8,5809,5808,5806,5808,5768,13096778711927,16.666999,16.666200,,1.337300,0.992200,
39,ECalibratedLiquid,300,8,5810,5809,5807,5809,5769,13096778878589,16.666900,16.669800,,1.399000,1.055900,
39,ECalibratedLiquid,300,8,5811,5810,5808,5810,5770,13096779045287,16.666397,16.665700,,1.414300,1.018600,
39,ECalibratedLiquid,300,8,5812,5811,5809,5811,5771,13096779211944,16.666900,16.667900,,1.377600,1.121700,
39,ECalibratedLiquid,300,8,5813,5812,5810,5812,5772,13096779378623,16.666703,16.666000,,1.480700,1.066300,
39,ECalibratedLiquid,300,8,5814,5813,5811,5813,5773,13096779545283,16.667701,16.681300,,0.000000,1.178300,
39,ECalibratedLiquid,300,8,5815,5814,5812,5814,5774,13096779712096,16.666703,16.655000,,1.329600,1.038400,
39,ECalibratedLiquid,300,8,5816,5815,5813,5815,5775,13096779878646,16.666299,16.665400,,1.333300,1.050800,
39,ECalibratedLiquid,300,8,5817,5816,5814,5816,5776,13096780045300,16.667198,16.675600,,1.390600,1.182100,
39,ECalibratedLiquid,300,8,5818,5817,5815,5817,5777,13096780212056,16.667100,16.658500,,1.354000,1.003300,
39,ECalibratedLiquid,300,8,5819,5818,5816,5818,5778,13096780378641,16.666999,16.662100,,1.418200,1.064800,
39,ECalibratedLiquid,300,8,5820,5819,5817,5819,5779,13096780545262,16.666198,16.676100,,0.000000,1.053400,
39,ECalibratedLiquid,300,8,5821,5820,5818,5820,5780,13096780712023,16.667502,16.669800,,1.439700,1.092700,
39,ECalibratedLiquid,300,8,5822,5821,5819,5821,5781,13096780878721,16.667502,16.658900,,1.530300,1.058100,
39,ECalibratedLiquid,300,8,5823,5822,5820,5822,5782,13096781045310,16.666299,16.670800,,1.451100,1.013900,
39,ECalibratedLiquid,300,8,5824,5823,5821,5823,5783,13096781212018,16.666802,16.663900,,1.455900,0.956100,
39,ECalibratedLiquid,300,8,5825,5824,5822,5824,5784,13096781378657,16.684396,16.667100,,1.347600,0.962700,
39,ECalibratedLiquid,300,8,5826,5825,5823,5825,5785,13096781545328,16.666703,16.669200,,0.000000,1.096400,
39,ECalibratedLiquid,300,8,5827,5826,5824,5826,5786,13096781712020,16.667603,16.667000,,1.405000,0.985000,
39,ECalibratedLiquid,300,8,5828,5827,5825,5827,5787,13096781878690,16.666900,16.684300,,1.720100,1.100300,
39,ECalibratedLiquid,300,8,5829,5828,5826,5828,5788,13096782045533,16.667297,16.670800,,1.957200,1.092300,
39,ECalibratedLiquid,300,8,5830,5829,5827,5829,5789,13096782212241,16.666099,16.667700,,1.625600,1.066500,
39,ECalibratedLiquid,300,8,5831,5830,5828,5830,5790,13096782378918,16.666504,16.676500,,1.497000,1.041300,
39,ECalibratedLiquid,300,8,5832,5831,5829,5831,5791,13096782545683,16.667999,16.654600,,0.000000,0.915300,
39,ECalibratedLiquid,300,8,5833,5832,5830,5832,5792,13096782712229,16.666001,16.661500,,1.375900,0.968300,
39,ECalibratedLiquid,300,8,5834,5833,5831,5833,5793,13096782878844,16.667496,16.659000,,1.383700,0.920100,
39,ECalibratedLiquid,300,8,5835,5834,5832,5834,5794,13096783045434,16.666900,16.667800,,1.370200,0.968800,
39,ECalibratedLiquid,300,8,5836,5835,5833,5835,5795,13096783212112,16.666703,16.663300,,1.391500,1.082400,
39,ECalibratedLiquid,300,8,5837,5836,5834,5836,5796,13096783378745,16.667701,16.676500,,1.445000,1.052800,
39,ECalibratedLiquid,300,8,5838,5837,5835,5837,5797,13096783545510,16.666496,16.668300,,0.000000,0.983800,
39,ECalibratedLiquid,300,8,5839,5838,5836,5838,5798,13096783712193,16.666900,16.665100,,1.340900,1.016500,
39,ECalibratedLiquid,300,8,5840,5839,5837,5839,5799,13096783878844,16.666900,16.724100,,1.377800,0.928300,
39,ECalibratedLiquid,300,8,5841,5840,5838,5840,5800,13096784046085,16.666496,16.613100,,1.428600,1.009200,
39,ECalibratedLiquid,300,8,5842,5841,5839,5841,5801,13096784212216,16.668906,16.665600,,1.422400,1.093300,
39,ECalibratedLiquid,300,8,5843,5842,5840,5842,5802,13096784378872,16.664697,16.667100,,1.562400,0.935800,
39,ECalibratedLiquid,300,8,5844,5843,5841,5843,5803,13096784545543,16.667198,16.666600,,0.000000,1.324200,
39,ECalibratedLiquid,300,8,5845,5844,5842,5844,5804,13096784712209,16.667502,16.678400,,1.451200,0.947700,
39,ECalibratedLiquid,300,8,5846,5845,5843,5845,5805,13096784878993,16.666999,16.658000,,1.941800,1.253300,
39,ECalibratedLiquid,300,8,5847,5846,5844,5846,5806,13096785045573,16.668502,16.663100,,1.352500,0.901400,
39,ECalibratedLiquid,300,8,5848,5847,5845,5847,5807,13096785212204,16.664498,16.678400,,1.243900,0.987400,
39,ECalibratedLiquid,300,8,5849,5848,5846,5848,5808,13096785378988,16.667297,16.658000,,1.343200,0.987000,
39,ECalibratedLiquid,300,8,5850,5849,5847,5849,5809,13096785545568,16.666198,16.672300,,0.000000,0.956400,
39,ECalibratedLiquid,300,8,5851,5850,5848,5850,5810,13096785712291,16.666703,16.691900,,1.442800,1.070700,
39,ECalibratedLiquid,300,8,5852,5851,5849,5851,5811,13096785879210,16.667603,16.636000,,1.325200,0.940100,
39,ECalibratedLiquid,300,8,5853,5852,5850,5852,5812,13096786045570,16.666299,16.659600,,1.363000,1.021400,
39,ECalibratedLiquid,300,8,5854,5853,5851,5853,5813,13096786212166,16.668502,16.667700,,1.421200,0.992800,
39,ECalibratedLiquid,300,8,5855,5854,5852,5854,5814,13096786378843,16.666703,16.668400,,1.376500,1.182300,
39,ECalibratedLiquid,300,8,5856,5855,5853,5855,5815,13096786545527,16.667396,16.666900,,0.000000,0.997500,
39,ECalibratedLiquid,300,8,5857,5856,5854,5856,5816,13096786712196,16.666900,16.668700,,2.132200,1.193600,
39,ECalibratedLiquid,300,8,5858,5857,5855,5857,5817,13096786878883,16.667800,16.666200,,1.432200,1.157300,
39,ECalibratedLiquid,300,8,5859,5858,5856,5858,5818,13096787045545,16.666099,16.668600,,1.253600,0.846100,
39,ECalibratedLiquid,300,8,5860,5859,5857,5859,5819,13096787212231,16.666999,16.661300,,1.264600,0.882500,
39,ECalibratedLiquid,300,8,5861,5860,5858,5860,5820,13096787378844,16.666999,16.672300,,1.405600,0.883400,
39,ECalibratedLiquid,300,8,5862,5861,5859,5861,5821,13096787545567,16.666999,16.662800,,0.000000,0.891700,
39,ECalibratedLiquid,300,8,5863,5862,5860,5862,5822,13096787712195,16.666900,16.673300,,1.416900,1.053200,
39,ECalibratedLiquid,300,8,5864,5863,5861,5863,5823,13096787878928,16.666802,16.665600,,1.368200,1.054700,
39,ECalibratedLiquid,300,8,5865,5864,5862,5864,5824,13096788045584,16.667396,16.673000,,1.422900,0.954600,
39,ECalibratedLiquid,300,8,5866,5865,5863,5865,5825,13096788212314,16.666602,16.662100,,1.353000,1.118400,
39,ECalibratedLiquid,300,8,5867,5866,5864,5866,5826,13096788378935,16.666703,16.665800,,1.357500,1.077600,
39,ECalibratedLiquid,300,8,5868,5867,5865,5867,5827,13096788545593,16.667100,16.864400,,0.000000,0.941700,
39,ECalibratedLiquid,300,8,5869,5868,5866,5868,5828,13096788714237,16.667100,16.473500,,1.299700,0.971300,
39,ECalibratedLiquid,300,8,5870,5869,5867,5869,5829,13096788878972,16.666001,16.667900,,1.396300,0.995600,
39,ECalibratedLiquid,300,8,5871,5870,5868,5870,5830,13096789045651,16.701099,16.668700,,1.581400,1.272700,
39,ECalibratedLiquid,300,8,5872,5871,5869,5871,5831,13096789212338,16.922804,16.665700,,1.238700,0.872300,
39,ECalibratedLiquid,300,8,5873,5872,5870,5872,5832,13096789378995,16.667694,16.661100,,1.344900,1.028000,
39,ECalibratedLiquid,300,8,5874,5873,5871,5873,5833,13096789545606,16.666999,16.784200,,0.000000,1.054800,
39,ECalibratedLiquid,300,8,5875,5874,5872,5874,5834,13096789713448,16.666802,16.847200,,1.471300,1.005500,
39,ECalibratedLiquid,300,8,5876,5875,5873,5875,5835,13096789881920,16.666602,16.665200,,1.370400,1.211300,
39,ECalibratedLiquid,300,8,5877,5876,5874,5876,5836,13096790048572,16.667496,16.694100,,1.390600,1.014200,
39,ECalibratedLiquid,300,8,5878,5877,5875,5877,5837,13096790215513,16.666703,16.637900,,1.394300,1.202800,
39,ECalibratedLiquid,300,8,5879,5878,5876,5878,5838,13096790381892,16.666504,16.662100,,1.391600,0.962100,
39,ECalibratedLiquid,300,8,5880,5879,5877,5879,5839,13096790548513,16.666595,16.669700,,0.000000,0.984500,
39,ECalibratedLiquid,300,8,5881,5880,5878,5880,5840,13096790715210,16.667100,16.666900,,1.400300,1.067900,
39,ECalibratedLiquid,300,8,5882,5881,5879,5881,5841,13096790881879,16.667403,16.669000,,1.629200,1.193100,
39,ECalibratedLiquid,300,8,5883,5882,5880,5882,5842,13096791048569,16.666397,16.662500,,1.690200,1.156600,
39,ECalibratedLiquid,300,8,5884,5883,5881,5883,5843,13096791215194,16.667206,16.667100,,1.346100,0.961300,
39,ECalibratedLiquid,300,8,5885,5884,5882,5884,5844,13096791381865,16.667198,16.668100,,1.445700,0.942900,
39,ECalibratedLiquid,300,8,5886,5885,5883,5885,5845,13096791548546,16.667100,16.663600,,0.000000,1.101400,
39,ECalibratedLiquid,300,8,5887,5886,5884,5886,5846,13096791715182,16.665801,16.676600,,1.334700,1.262200,
39,ECalibratedLiquid,300,8,5888,5887,5885,5887,5847,13096791881948,16.735800,16.665900,,1.536800,0.911100,
39,ECalibratedLiquid,300,8,5889,5888,5886,5888,5848,13096792048607,16.666999,16.665500,,1.162400,0.925100,
39,ECalibratedLiquid,300,8,5890,5889,5887,5889,5849,13096792215262,16.667396,16.659300,,1.325900,0.947200,
39,ECalibratedLiquid,300,8,5891,5890,5888,5890,5850,13096792381855,16.684502,16.868000,,1.383600,0.991600,
39,ECalibratedLiquid,300,8,5892,5891,5889,5891,5851,13096792550535,16.666703,16.534100,,0.000000,0.913800,
39,ECalibratedLiquid,300,8,5893,5892,5890,5892,5852,13096792715876,16.666198,16.672100,,1.249200,0.894400,
39,ECalibratedLiquid,300,8,5894,5893,5891,5893,5853,13096792882597,16.667198,16.681100,,1.138200,0.916300,
39,ECalibratedLiquid,300,8,5895,5894,5892,5894,5854,13096793049408,16.666900,16.664200,,1.108300,0.849800,
39,ECalibratedLiquid,300,8,5896,5895,5893,5895,5855,13096793216050,16.666496,16.662200,,1.033200,0.813700,
39,ECalibratedLiquid,300,8,5897,5896,5894,5896,5856,13096793382672,16.666802,16.668100,,1.024800,0.792400,
40,ECalibratedLiquid,300,16,5929,5928,5926,5928,5887,13096804458716,16.666595,16.667500,,1.378100,1.105200,
40,ECalibratedLiquid,300,16,5930,5929,5927,5929,5888,13096804625391,16.667206,16.758400,,1.388100,1.091400,
40,ECalibratedLiquid,300,16,5931,5930,5928,5930,5889,13096804792975,16.666496,16.609700,,1.378000,1.015000,
40,ECalibratedLiquid,300,16,5932,5931,5929,5931,5890,13096804959072,16.668404,16.667900,,1.407100,1.051600,
40,ECalibratedLiquid,300,16,5933,5932,5930,5932,5891,13096805125751,16.665498,16.668200,,1.330300,0.973000,
40,ECalibratedLiquid,300,16,5934,5933,5931,5933,5892,13096805292433,16.666900,16.664400,,0.000000,0.967900,
40,ECalibratedLiquid,300,16,5935,5934,5932,5934,5893,13096805459077,16.668502,16.675600,,1.400400,1.041700,
40,ECalibratedLiquid,300,16,5936,5935,5933,5935,5894,13096805625833,16.665695,16.661800,,1.383500,1.077800,
40,ECalibratedLiquid,300,16,5937,5936,5934,5936,5895,13096805792451,16.666602,16.664500,,1.376900,1.053000,
40,ECalibratedLiquid,300,16,5938,5937,5935,5937,5896,13096805959096,16.667100,16.680200,,1.372200,1.074700,
40,ECalibratedLiquid,300,16,5939,5938,5936,5938,5897,13096806125898,16.666397,16.657300,,1.406900,1.200300,
40,ECalibratedLiquid,300,16,5940,5939,5937,5939,5898,13096806292471,16.714200,16.665000,,0.000000,1.019600,
40,ECalibratedLiquid,300,16,5941,5940,5938,5940,5899,13096806459121,16.666703,16.668100,,1.367100,0.969800,
40,ECalibratedLiquid,300,16,5942,5941,5939,5941,5900,13096806625802,16.666198,16.663300,,1.366400,0.930200,
40,ECalibratedLiquid,300,16,5943,5942,5940,5942,5901,13096806792435,16.667100,16.785300,,1.333600,1.020800,
40,ECalibratedLiquid,300,16,5944,5943,5941,5943,5902,13096806960288,16.667198,16.611400,,1.353700,1.187600,
40,ECalibratedLiquid,300,16,5945,5944,5942,5944,5903,13096807126402,16.666306,16.651100,,1.355400,1.139900,
40,ECalibratedLiquid,300,16,5946,5945,5943,5945,5904,13096807292913,16.666900,16.668900,,0.000000,1.007000,
40,ECalibratedLiquid,300,16,5947,5946,5944,5946,5905,13096807459602,16.666794,16.668000,,1.372900,0.976600,
40,ECalibratedLiquid,300,16,5948,5947,5945,5947,5906,13096807626282,16.667305,16.664100,,1.399900,0.945500,
40,ECalibratedLiquid,300,16,5949,5948,5946,5948,5907,13096807792923,16.666900,16.666900,,1.367700,1.044900,
40,ECalibratedLiquid,300,16,5950,5949,5947,5949,5908,13096807959592,16.666900,16.663800,,1.405100,0.986800,
40,ECalibratedLiquid,300,16,5951,5950,5948,5950,5909,13096808126230,16.667595,16.670400,,1.343600,1.124300,
40,ECalibratedLiquid,300,16,5952,5951,5949,5951,5910,13096808292934,16.666206,16.668400,,0.000000,1.061000,
40,ECalibratedLiquid,300,16,5953,5952,5950,5952,5911,13096808459618,16.666496,16.666400,,1.381700,1.046800,
40,ECalibratedLiquid,300,16,5954,5953,5951,5953,5912,13096808626282,16.668098,16.669400,,1.319900,1.207700,
40,ECalibratedLiquid,300,16,5955,5954,5952,5954,5913,13096808792976,16.744798,16.662600,,1.620500,1.073000,
40,ECalibratedLiquid,300,16,5956,5955,5953,5955,5914,13096808959602,16.666001,16.666400,,1.342200,0.936000,
40,ECalibratedLiquid,300,16,5957,5956,5954,5956,5915,13096809126266,16.667105,16.674700,,1.356600,0.938400,
40,ECalibratedLiquid,300,16,5958,5957,5955,5957,5916,13096809293013,16.666595,16.818300,,0.000000,1.311300,
40,ECalibratedLiquid,300,16,5959,5958,5956,5958,5917,13096809461196,16.667100,16.590300,,1.367400,0.972700,
40,ECalibratedLiquid,300,16,5960,5959,5957,5959,5918,13096809627099,16.666999,16.668900,,1.498100,1.370500,
40,ECalibratedLiquid,300,16,5961,5960,5958,5960,5919,13096809793788,16.667206,16.671100,,1.487800,0.950600,
40,ECalibratedLiquid,300,16,5962,5961,5959,5961,5920,13096809960499,16.666595,16.668000,,1.325200,0.982000,
40,ECalibratedLiquid,300,16,5963,5962,5960,5962,5921,13096810127179,16.666602,16.680300,,1.419200,1.044600,
40,ECalibratedLiquid,300,16,5964,5963,5961,5963,5922,13096810293982,16.667198,16.653600,,0.000000,1.125500,
40,ECalibratedLiquid,300,16,5965,5964,5962,5964,5923,13096810460518,16.666703,16.664500,,1.384900,1.085900,
40,ECalibratedLiquid,300,16,5966,5965,5963,5965,5924,13096810627163,16.667100,16.666100,,1.132200,0.863400,
40,ECalibratedLiquid,300,16,5967,5966,5964,5966,5925,13096810793824,16.667297,16.673100,,1.318600,1.015300,
40,ECalibratedLiquid,300,16,5968,5967,5965,5967,5926,13096810960555,16.678501,16.661800,,1.328100,1.139700,
40,ECalibratedLiquid,300,16,5969,5968,5966,5968,5927,13096811127173,16.666900,16.668700,,1.421900,0.935300,
40,ECalibratedLiquid,300,16,5970,5969,5967,5969,5928,13096811293860,16.666198,16.667100,,0.000000,1.043700,
40,ECalibratedLiquid,300,16,5971,5970,5968,5970,5929,13096811460531,16.666999,16.790600,,1.338800,0.971500,
40,ECalibratedLiquid,300,16,5972,5971,5969,5971,5930,13096811628437,16.667305,16.559400,,1.230100,0.961800,
40,ECalibratedLiquid,300,16,5973,5972,5970,5972,5931,13096811794031,16.674999,16.659200,,1.636000,1.190700,
40,ECalibratedLiquid,300,16,5974,5973,5971,5973,5932,13096811960623,16.658198,16.706300,,1.229800,1.005000,
40,ECalibratedLiquid,300,16,5975,5974,5972,5974,5933,13096812127686,16.666900,16.635600,,1.341900,1.005400,
40,ECalibratedLiquid,300,16,5976,5975,5973,5975,5934,13096812294042,16.666900,16.665300,,0.000000,0.918800,
40,ECalibratedLiquid,300,16,5977,5976,5974,5976,5935,13096812460695,16.666496,16.662300,,1.149500,1.031400,
40,ECalibratedLiquid,300,16,5978,5977,5975,5977,5936,13096812627318,16.666802,16.664200,,1.140900,0.880900,
40,ECalibratedLiquid,300,16,5979,5978,5976,5978,5937,13096812793960,16.666802,16.665600,,1.112000,0.777500,
40,ECalibratedLiquid,300,16,5980,5979,5977,5979,5938,13096812960616,16.666999,16.669500,,1.130500,0.876400,
40,ECalibratedLiquid,300,16,5981,5980,5978,5980,5939,13096813127311,16.667603,16.665100,,1.105100,0.942900,
40,ECalibratedLiquid,300,16,5982,5981,5979,5981,5940,13096813293962,16.666496,16.667600,,0.000000,0.883200,
40,ECalibratedLiquid,300,16,5983,5982,5980,5982,5941,13096813460638,16.666198,16.691900,,1.346700,1.259700,
40,ECalibratedLiquid,300,16,5984,5983,5981,5983,5942,13096813627557,16.667305,16.642900,,1.450200,1.048400,
40,ECalibratedLiquid,300,16,5985,5984,5982,5984,5943,13096813793986,16.670501,16.666800,,1.169500,0.886100,
40,ECalibratedLiquid,300,16,5986,5985,5983,5985,5944,13096813960654,16.663797,16.660900,,1.066900,0.759500,
40,ECalibratedLiquid,300,16,5987,5986,5984,5986,5945,13096814127263,16.667502,16.673100,,1.082100,0.847300,
40,ECalibratedLiquid,300,16,5988,5987,5985,5987,5946,13096814293994,16.666595,16.724000,,0.000000,0.909300,
40,ECalibratedLiquid,300,16,5989,5988,5986,5988,5947,13096814461234,16.667100,16.605700,,1.211800,0.841300,
40,ECalibratedLiquid,300,16,5990,5989,5987,5989,5948,13096814627291,16.666602,16.672600,,1.265000,0.831500,
40,ECalibratedLiquid,300,16,5991,5990,5988,5990,5949,13096814794017,16.666802,16.666100,,1.184200,0.832400,
40,ECalibratedLiquid,300,16,5992,5991,5989,5991,5950,13096814960678,16.667297,16.666500,,1.125100,0.832800,
40,ECalibratedLiquid,300,16,5993,5992,5990,5992,5951,13096815127343,16.666504,16.683400,,1.123800,0.862200,
40,ECalibratedLiquid,300,16,5994,5993,5991,5993,5952,13096815294177,16.666999,16.647900,,0.000000,1.005700,
40,ECalibratedLiquid,300,16,5995,5994,5992,5994,5953,13096815460656,16.666695,16.667900,,1.548600,0.908800,
40,ECalibratedLiquid,300,16,5996,5995,5993,5995,5954,13096815627335,16.666802,16.668000,,1.214500,0.857700,
40,ECalibratedLiquid,300,16,5997,5996,5994,5996,5955,13096815794015,16.666802,16.667400,,1.780300,1.136700,
40,ECalibratedLiquid,300,16,5998,5997,5995,5997,5956,13096815960689,16.666999,16.664700,,1.159300,0.893600,
40,ECalibratedLiquid,300,16,5999,5998,5996,5998,5957,13096816127336,16.666099,16.675100,,1.229400,1.168000,
40,ECalibratedLiquid,300,16,6000,5999,5997,5999,5958,13096816294087,16.667297,16.662100,,0.000000,0.961600,
40,ECalibratedLiquid,300,16,6001,6000,5998,6000,5959,13096816460708,16.666306,16.668700,,1.288400,1.042000,
40,ECalibratedLiquid,300,16,6002,6001,5999,6001,5960,13096816627395,16.666900,16.666200,,1.046700,0.914700,
40,ECalibratedLiquid,300,16,6003,6002,6000,6002,5961,13096816794057,16.667899,16.664300,,1.608600,0.984600,
40,ECalibratedLiquid,300,16,6004,6003,6001,6003,5962,13096816960700,16.666397,16.664000,,1.328500,0.987400,
40,ECalibratedLiquid,300,16,6005,6004,6002,6004,5963,13096817127340,16.666602,16.663400,,1.072000,1.103500,
40,ECalibratedLiquid,300,16,6006,6005,6003,6005,5964,13096817293974,16.666900,16.668200,,0.000000,0.799800,
40,ECalibratedLiquid,300,16,6007,6006,6004,6006,5965,13096817460656,16.667100,16.666300,,1.121300,0.819200,
40,ECalibratedLiquid,300,16,6008,6007,6005,6007,5966,13096817627319,16.666695,16.664900,,1.206700,1.012800,
40,ECalibratedLiquid,300,16,6009,6008,6006,6008,5967,13096817793968,16.667899,16.667300,,1.439700,1.045500,
40,ECalibratedLiquid,300,16,6010,6009,6007,6009,5968,13096817960641,16.666107,16.667000,,1.492900,1.052400,
40,ECalibratedLiquid,300,16,6011,6010,6008,6010,5969,13096818127311,16.666299,16.670900,,1.514200,1.300600,
40,ECalibratedLiquid,300,16,6012,6011,6009,6011,5970,13096818294020,16.668297,16.668800,,0.000000,1.372300,
40,ECalibratedLiquid,300,16,6013,6012,6010,6012,5971,13096818460708,16.665902,16.668700,,1.948500,1.119000,
40,ECalibratedLiquid,300,16,6014,6013,6011,6013,5972,13096818627395,16.667603,16.662400,,1.359700,0.994300,
40,ECalibratedLiquid,300,16,6015,6014,6012,6014,5973,13096818794019,16.666595,16.805600,,1.763300,1.108900,
40,ECalibratedLiquid,300,16,6016,6015,6013,6015,5974,13096818962075,16.666703,16.709300,,1.400800,0.952100,
40,ECalibratedLiquid,300,16,6017,6016,6014,6016,5975,13096819129168,16.667198,16.498200,,1.359400,1.042800,
40,ECalibratedLiquid,300,16,6018,6017,6015,6017,5976,13096819294150,16.666703,16.656400,,0.000000,0.996200,
40,ECalibratedLiquid,300,16,6019,6018,6016,6018,5977,13096819460714,16.666703,16.666300,,1.358500,0.990600,
40,ECalibratedLiquid,300,16,6020,6019,6017,6019,5978,13096819627377,16.666999,16.669600,,1.434800,0.977000,
40,ECalibratedLiquid,300,16,6021,6020,6018,6020,5979,13096819794073,16.666900,16.665900,,1.390500,1.203500,
40,ECalibratedLiquid,300,16,6022,6021,6019,6021,5980,13096819960732,16.666595,16.670000,,1.367600,0.936600,
40,ECalibratedLiquid,300,16,6023,6022,6020,6022,5981,13096820127432,16.667701,16.663100,,1.413400,1.026700,
40,ECalibratedLiquid,300,16,6024,6023,6021,6023,5982,13096820294063,16.665902,16.680800,,0.000000,1.018400,
40,ECalibratedLiquid,300,16,6025,6024,6022,6024,5983,13096820460871,16.666900,16.656100,,1.505000,1.415900,
40,ECalibratedLiquid,300,16,6026,6025,6023,6025,5984,13096820627432,16.666595,16.666200,,1.356100,1.110500,
40,ECalibratedLiquid,300,16,6027,6026,6024,6026,5985,13096820794094,16.667105,16.662800,,1.746400,0.945500,
40,ECalibratedLiquid,300,16,6028,6027,6025,6027,5986,13096820960722,16.666900,16.667700,,1.526400,1.053100,
40,ECalibratedLiquid,300,16,6029,6028,6026,6028,5987,13096821127399,16.666999,16.664700,,1.642200,0.969900,
40,ECalibratedLiquid,300,16,6030,6029,6027,6029,5988,13096821294046,16.666397,16.667500,,0.000000,0.953200,
40,ECalibratedLiquid,300,16,6031,6030,6028,6030,5989,13096821460721,16.667396,16.667600,,1.360800,1.014800,
40,ECalibratedLiquid,300,16,6032,6031,6029,6031,5990,13096821627397,16.666999,16.668600,,1.719000,1.317000,
40,ECalibratedLiquid,300,16,6033,6032,6030,6032,5991,13096821794083,16.666001,16.662500,,1.178400,0.838400,
40,ECalibratedLiquid,300,16,6034,6033,6031,6033,5992,13096821960708,16.666602,16.674000,,1.089700,0.852400,
40,ECalibratedLiquid,300,16,6035,6034,6032,6034,5993,13096822127448,16.667701,16.663600,,1.044400,0.914700,
40,ECalibratedLiquid,300,16,6036,6035,6033,6035,5994,13096822294084,16.666595,16.659400,,0.000000,1.136000,
40,ECalibratedLiquid,300,16,6037,6036,6034,6036,5995,13096822460678,16.667502,16.661300,,1.409900,1.011400,
40,ECalibratedLiquid,300,16,6038,6037,6035,6037,5996,13096822627291,16.666703,16.718600,,1.364200,0.988200,
40,ECalibratedLiquid,300,16,6039,6038,6036,6038,5997,13096822794477,16.668396,16.628300,,1.130000,0.909600,
40,ECalibratedLiquid,300,16,6040,6039,6037,6039,5998,13096822960760,16.665801,16.666600,,1.110100,1.071800,
40,ECalibratedLiquid,300,16,6041,6040,6038,6040,5999,13096823127426,16.666602,16.661900,,1.135100,0.982400,
40,ECalibratedLiquid,300,16,6042,6041,6039,6041,6000,13096823294045,16.667297,16.675200,,0.000000,0.727300,
40,ECalibratedLiquid,300,16,6043,6042,6040,6042,6001,13096823460797,16.667899,16.654300,,1.011500,0.783700,
40,ECalibratedLiquid,300,16,6044,6043,6041,6043,6002,13096823627340,16.666001,16.667400,,1.400700,0.946100,
40,ECalibratedLiquid,300,16,6045,6044,6042,6044,6003,13096823794014,16.666496,16.667800,,1.238300,0.912600,
40,ECalibratedLiquid,300,16,6046,6045,6043,6045,6004,13096823960692,16.667305,16.678800,,1.357200,1.029100,
40,ECalibratedLiquid,300,16,6047,6046,6044,6046,6005,13096824127480,16.666595,16.660100,,1.393600,1.122300,
40,ECalibratedLiquid,300,16,6048,6047,6045,6047,6006,13096824294081,16.666900,16.667200,,0.000000,1.008300,
41,ECalibratedLiquid,600,1,6080,6079,6077,6079,6037,13096839080157,16.666703,16.667700,,0.000000,0.886100,
41,ECalibratedLiquid,600,1,6081,6080,6078,6080,6038,13096839246834,16.702799,16.662500,,1.821600,0.990000,
41,ECalibratedLiquid,600,1,6082,6081,6079,6081,6039,13096839413459,16.666999,16.673500,,1.196700,0.986600,
41,ECalibratedLiquid,600,1,6083,6082,6080,6082,6040,13096839580194,16.666999,16.665700,,1.117000,0.841400,
41,ECalibratedLiquid,600,1,6084,6083,6081,6083,6041,13096839746851,16.666900,16.697900,,1.139800,0.860400,
41,ECalibratedLiquid,600,1,6085,6084,6082,6084,6042,13096839913830,16.666496,16.663900,,1.059800,0.865500,
41,ECalibratedLiquid,600,1,6086,6085,6083,6085,6043,13096840080469,16.667800,16.667300,,0.000000,0.964700,
41,ECalibratedLiquid,600,1,6087,6086,6084,6086,6044,13096840247142,16.670698,16.669000,,1.361400,0.972000,
41,ECalibratedLiquid,600,1,6088,6087,6085,6087,6045,13096840413832,16.661905,16.670100,,1.383800,1.041300,
41,ECalibratedLiquid,600,1,6089,6088,6086,6088,6046,13096840580533,16.667396,16.670100,,1.000500,0.797000,
41,ECalibratedLiquid,600,1,6090,6089,6087,6089,6047,13096840747234,16.666999,16.680500,,1.100500,0.859500,
41,ECalibratedLiquid,600,1,6091,6090,6088,6090,6048,13096840914039,16.666999,16.635100,,1.452100,0.961900,
41,ECalibratedLiquid,600,1,6092,6091,6089,6091,6049,13096841080390,16.667100,16.672700,,0.000000,0.830100,
41,ECalibratedLiquid,600,1,6093,6092,6090,6092,6050,13096841247117,16.666802,16.672000,,1.035800,0.813400,
41,ECalibratedLiquid,600,1,6094,6093,6091,6093,6051,13096841413837,16.666999,16.670100,,1.362800,1.225600,
41,ECalibratedLiquid,600,1,6095,6094,6092,6094,6052,13096841580538,16.666602,16.668200,,1.605600,1.194900,
41,ECalibratedLiquid,600,1,6096,6095,6093,6095,6053,13096841747220,16.666999,16.660100,,1.731300,1.256500,
41,ECalibratedLiquid,600,1,6097,6096,6094,6096,6054,13096841913821,16.668404,16.675900,,1.360300,0.930800,
41,ECalibratedLiquid,600,1,6098,6097,6095,6097,6055,13096842080580,16.664498,16.793600,,0.000000,1.112700,
41,ECalibratedLiquid,600,1,6099,6098,6096,6098,6056,13096842248516,16.666999,16.540900,,1.185300,1.054000,
41,ECalibratedLiquid,600,1,6100,6099,6097,6099,6057,13096842413925,16.667496,16.660500,,1.143600,0.824400,
41,ECalibratedLiquid,600,1,6101,6100,6098,6100,6058,13096842580530,16.666306,16.663800,,1.273000,0.969300,
41,ECalibratedLiquid,600,1,6102,6101,6099,6101,6059,13096842747168,16.749397,16.661500,,1.949200,1.158900,
41,ECalibratedLiquid,600,1,6103,6102,6100,6102,6060,13096842913783,16.668303,16.678300,,1.303400,1.174000,
41,ECalibratedLiquid,600,1,6104,6103,6101,6103,6061,13096843080566,16.665399,16.666300,,0.000000,0.895400,
41,ECalibratedLiquid,600,1,6105,6104,6102,6104,6062,13096843247229,16.667100,16.747400,,1.157100,1.110200,
41,ECalibratedLiquid,600,1,6106,6105,6103,6105,6063,13096843414703,16.667297,16.668400,,1.127800,0.823600,
41,ECalibratedLiquid,600,1,6107,6106,6104,6106,6064,13096843581387,16.666999,16.671500,,1.493600,1.223200,
41,ECalibratedLiquid,600,1,6108,6107,6105,6107,6065,13096843748102,16.667100,16.661200,,1.614000,1.334200,
41,ECalibratedLiquid,600,1,6109,6108,6106,6108,6066,13096843914714,16.666703,16.683800,,1.936400,1.211200,
41,ECalibratedLiquid,600,1,6110,6109,6107,6109,6067,13096844081552,16.667305,16.663900,,0.000000,1.030600,
41,ECalibratedLiquid,600,1,6111,6110,6108,6110,6068,13096844248191,16.666794,16.662600,,1.396500,1.269500,
41,ECalibratedLiquid,600,1,6112,6111,6109,6111,6069,13096844414817,16.666900,16.665200,,1.996100,1.349300,
41,ECalibratedLiquid,600,1,6113,6112,6110,6112,6070,13096844581469,16.666703,16.668600,,1.494400,1.248100,
41,ECalibratedLiquid,600,1,6114,6113,6111,6113,6071,13096844748155,16.666999,16.659400,,1.661600,1.122300,
41,ECalibratedLiquid,600,1,6115,6114,6112,6114,6072,13096844914749,16.667297,16.671600,,1.466600,1.111200,
41,ECalibratedLiquid,600,1,6116,6115,6113,6115,6073,13096845081465,16.666999,16.664700,,0.000000,1.001100,
41,ECalibratedLiquid,600,1,6117,6116,6114,6116,6074,13096845248112,16.666405,16.666200,,1.723400,1.276900,
41,ECalibratedLiquid,600,1,6118,6117,6115,6117,6075,13096845414774,16.666802,16.671200,,1.358600,1.058700,
41,ECalibratedLiquid,600,1,6119,6118,6116,6118,6076,13096845581486,16.666900,16.669400,,1.696800,1.418400,
41,ECalibratedLiquid,600,1,6120,6119,6117,6119,6077,13096845748180,16.667396,16.658100,,1.699300,1.129200,
41,ECalibratedLiquid,600,1,6121,6120,6118,6120,6078,13096845914761,16.666602,16.670100,,1.566500,1.307300,
41,ECalibratedLiquid,600,1,6122,6121,6119,6121,6079,13096846081462,16.666496,16.666800,,0.000000,1.024900,
41,ECalibratedLiquid,600,1,6123,6122,6120,6122,6080,13096846248130,16.667403,16.671900,,1.811500,1.298800,
41,ECalibratedLiquid,600,1,6124,6123,6121,6123,6081,13096846414849,16.666099,16.662800,,1.475300,1.032300,
41,ECalibratedLiquid,600,1,6125,6124,6122,6124,6082,13096846581477,16.667198,16.667400,,1.155600,0.894100,
41,ECalibratedLiquid,600,1,6126,6125,6123,6125,6083,13096846748151,16.666802,16.665800,,1.156000,0.924000,
41,ECalibratedLiquid,600,1,6127,6126,6124,6126,6084,13096846914809,16.666695,16.657900,,1.082700,0.858400,
41,ECalibratedLiquid,600,1,6128,6127,6125,6127,6085,13096847081388,16.667206,16.668500,,0.000000,1.260800,
41,ECalibratedLiquid,600,1,6129,6128,6126,6128,6086,13096847248073,16.666695,16.667000,,1.221100,1.016400,
41,ECalibratedLiquid,600,1,6130,6129,6127,6129,6087,13096847414743,16.666001,16.684400,,1.226200,0.932200,
41,ECalibratedLiquid,600,1,6131,6130,6128,6130,6088,13096847581587,16.666900,16.651900,,1.277900,1.032200,
41,ECalibratedLiquid,600,1,6132,6131,6129,6131,6089,13096847748106,16.667100,16.667000,,1.319100,0.899200,
41,ECalibratedLiquid,600,1,6133,6132,6130,6132,6090,13096847914776,16.666999,16.659500,,1.447900,0.982100,
41,ECalibratedLiquid,600,1,6134,6133,6131,6133,6091,13096848081371,16.666900,16.667700,,0.000000,1.190600,
41,ECalibratedLiquid,600,1,6135,6134,6132,6134,6092,13096848248048,16.666504,16.662800,,1.385500,1.270500,
41,ECalibratedLiquid,600,1,6136,6135,6133,6135,6093,13096848414676,16.666999,16.672700,,1.248500,0.976900,
41,ECalibratedLiquid,600,1,6137,6136,6134,6136,6094,13096848581403,16.823802,16.665600,,1.401000,1.099500,
41,ECalibratedLiquid,600,1,6138,6137,6135,6137,6095,13096848748059,16.666794,16.663600,,1.524400,1.241000,
41,ECalibratedLiquid,600,1,6139,6138,6136,6138,6096,13096848914695,16.667502,16.672400,,1.678600,1.080000,
41,ECalibratedLiquid,600,1,6140,6139,6137,6139,6097,13096849081419,16.666299,16.834700,,0.000000,0.907200,
41,ECalibratedLiquid,600,1,6141,6140,6138,6140,6098,13096849249766,16.666900,16.719900,,1.412900,1.060500,
41,ECalibratedLiquid,600,1,6142,6141,6139,6141,6099,13096849416965,16.680399,16.604800,,1.089700,0.937200,
41,ECalibratedLiquid,600,1,6143,6142,6140,6142,6100,13096849583013,16.666802,16.665100,,1.419900,0.986900,
41,ECalibratedLiquid,600,1,6144,6143,6141,6143,6101,13096849749664,16.666900,16.667600,,1.587200,1.043400,
41,ECalibratedLiquid,600,1,6145,6144,6142,6144,6102,13096849916340,16.667603,16.686000,,2.007400,1.336300,
41,ECalibratedLiquid,600,1,6146,6145,6143,6145,6103,13096850083200,16.666496,16.669000,,0.000000,1.232700,
41,ECalibratedLiquid,600,1,6147,6146,6144,6146,6104,13096850249890,16.666504,16.673200,,1.382100,1.105500,
41,ECalibratedLiquid,600,1,6148,6147,6145,6147,6105,13096850416622,16.667800,16.663900,,1.898100,1.259800,
41,ECalibratedLiquid,600,1,6149,6148,6146,6148,6106,13096850583261,16.666893,16.665600,,1.804700,1.350400,
41,ECalibratedLiquid,600,1,6150,6149,6147,6149,6107,13096850749917,16.667007,16.669200,,1.741100,1.293800,
41,ECalibratedLiquid,600,1,6151,6150,6148,6150,6108,13096850916609,16.690398,16.672600,,2.054500,1.478500,
41,ECalibratedLiquid,600,1,6152,6151,6149,6151,6109,13096851083335,16.666299,16.662500,,0.000000,1.378300,
41,ECalibratedLiquid,600,1,6153,6152,6150,6152,6110,13096851249960,16.667100,16.673600,,1.263200,1.188800,
41,ECalibratedLiquid,600,1,6154,6153,6151,6153,6111,13096851416696,16.666602,16.932500,,1.385600,0.956200,
41,ECalibratedLiquid,600,1,6155,6154,6152,6154,6112,13096851586021,16.666802,16.409400,,1.898500,1.187600,
41,ECalibratedLiquid,600,1,6156,6155,6153,6155,6113,13096851750115,16.668594,16.665100,,1.334500,1.002800,
41,ECalibratedLiquid,600,1,6157,6156,6154,6156,6114,13096851916766,16.666099,16.676400,,1.964500,1.114200,
41,ECalibratedLiquid,600,1,6158,6157,6155,6157,6115,13096852083530,16.666703,16.655900,,0.000000,1.105800,
41,ECalibratedLiquid,600,1,6159,6158,6156,6158,6116,13096852250089,16.667899,16.680900,,1.345300,1.199300,
41,ECalibratedLiquid,600,1,6160,6159,6157,6159,6117,13096852416898,16.666703,16.669100,,1.979400,1.210800,
41,ECalibratedLiquid,600,1,6161,6160,6158,6160,6118,13096852583589,16.679201,16.653000,,1.519300,1.068900,
41,ECalibratedLiquid,600,1,6162,6161,6159,6161,6119,13096852750119,16.667396,16.679700,,2.040400,1.295400,
41,ECalibratedLiquid,600,1,6163,6162,6160,6162,6120,13096852916916,16.666504,16.661500,,1.659500,1.135800,
41,ECalibratedLiquid,600,1,6164,6163,6161,6163,6121,13096853083531,16.667694,16.708300,,0.000000,1.181200,
41,ECalibratedLiquid,600,1,6165,6164,6162,6164,6122,13096853250614,16.666405,16.640400,,1.971200,1.334000,
41,ECalibratedLiquid,600,1,6166,6165,6163,6165,6123,13096853417018,16.667297,16.663300,,1.593500,1.299100,
41,ECalibratedLiquid,600,1,6167,6166,6164,6166,6124,13096853583651,16.666900,16.679000,,1.958300,1.337000,
41,ECalibratedLiquid,600,1,6168,6167,6165,6167,6125,13096853750441,16.667198,16.652500,,1.668800,1.263500,
41,ECalibratedLiquid,600,1,6169,6168,6166,6168,6126,13096853916966,16.666405,16.890700,,1.862200,1.075900,
41,ECalibratedLiquid,600,1,6170,6169,6167,6169,6127,13096854085873,16.667800,16.464100,,0.000000,1.017500,
41,ECalibratedLiquid,600,1,6171,6170,6168,6170,6128,13096854250514,16.666198,16.651900,,1.666900,1.051300,
41,ECalibratedLiquid,600,1,6172,6171,6169,6171,6129,13096854417033,16.666595,16.660100,,1.491900,1.188500,
41,ECalibratedLiquid,600,1,6173,6172,6170,6172,6130,13096854583634,16.667603,16.680500,,1.354400,0.987600,
41,ECalibratedLiquid,600,1,6174,6173,6171,6173,6131,13096854750439,16.666703,16.657700,,1.433900,0.984300,
41,ECalibratedLiquid,600,1,6175,6174,6172,6174,6132,13096854917016,16.772795,16.662600,,1.349500,1.171900,
41,ECalibratedLiquid,600,1,6176,6175,6173,6175,6133,13096855083642,16.665604,16.673800,,0.000000,1.106400,
41,ECalibratedLiquid,600,1,6177,6176,6174,6176,6134,13096855250380,16.669601,16.662900,,1.119000,1.070000,
41,ECalibratedLiquid,600,1,6178,6177,6175,6177,6135,13096855417009,16.664201,16.786000,,1.817700,1.327000,
41,ECalibratedLiquid,600,1,6179,6178,6176,6178,6136,13096855584869,16.667100,16.648100,,1.404100,1.101600,
41,ECalibratedLiquid,600,1,6180,6179,6177,6179,6137,13096855751350,16.666703,16.672300,,1.122900,0.871400,
41,ECalibratedLiquid,600,1,6181,6180,6178,6180,6138,13096855918073,16.666595,16.667100,,1.148600,0.985800,
41,ECalibratedLiquid,600,1,6182,6181,6179,6181,6139,13096856084744,16.666900,16.661900,,0.000000,0.969300,
41,ECalibratedLiquid,600,1,6183,6182,6180,6182,6140,13096856251363,16.666504,16.666900,,1.368500,1.026700,
41,ECalibratedLiquid,600,1,6184,6183,6181,6183,6141,13096856418032,30.410899,16.665500,,1.359700,0.893200,
41,ECalibratedLiquid,600,1,6185,6184,6182,6184,6142,13096856584687,16.667100,16.669900,,2.706300,0.841100,
41,ECalibratedLiquid,600,1,6186,6185,6183,6185,6143,13096856751386,16.667603,16.664000,,0.000000,0.960600,
41,ECalibratedLiquid,600,1,6187,6186,6184,6186,6144,13096856918026,16.667100,30.402600,,1.257600,1.002000,
41,ECalibratedLiquid,600,1,6188,6187,6185,6187,6145,13096857222052,16.667800,16.664400,,1.455000,1.075200,
41,ECalibratedLiquid,600,1,6189,6188,6186,6188,6146,13096857388696,21.314399,16.678100,,1.346200,1.041300,
41,ECalibratedLiquid,600,1,6190,6189,6187,6189,6147,13096857555477,31.562798,16.668500,,1.134500,0.893200,
41,ECalibratedLiquid,600,1,6191,6190,6188,6190,6148,13096857722162,32.902304,16.691200,,2.103300,0.842400,
41,ECalibratedLiquid,600,1,6192,6191,6189,6191,6149,13096857889074,30.789698,21.279700,,2.021300,1.263700,
41,ECalibratedLiquid,600,1,6193,6192,6190,6192,6150,13096858101871,16.668502,31.566800,,2.613900,1.270400,
41,ECalibratedLiquid,600,1,6194,6193,6191,6193,6151,13096858417539,16.666703,32.912400,,1.666500,1.049800,
41,ECalibratedLiquid,600,1,6195,6194,6192,6194,6152,13096858746663,16.667297,30.777800,,0.000000,1.060400,
41,ECalibratedLiquid,600,1,6196,6195,6193,6195,6153,13096859054441,34.644198,16.677400,,1.335900,0.916400,
42,ECalibratedLiquid,600,4,6228,6227,6225,6227,6184,13096885372513,16.666299,16.637000,,1.388300,0.993500,
42,ECalibratedLiquid,600,4,6229,6228,6226,6228,6185,13096885538883,16.666703,16.666000,,1.357700,0.977200,
42,ECalibratedLiquid,600,4,6230,6229,6227,6229,6186,13096885705543,16.666695,16.663000,,1.370900,1.114200,
42,ECalibratedLiquid,600,4,6231,6230,6228,6230,6187,13096885872173,16.667206,16.661400,,0.000000,1.041000,
42,ECalibratedLiquid,600,4,6232,6231,6229,6231,6188,13096886038787,16.667198,16.665700,,1.400900,1.074000,
42,ECalibratedLiquid,600,4,6233,6232,6230,6232,6189,13096886205444,16.666496,16.669700,,1.350100,0.994700,
42,ECalibratedLiquid,600,4,6234,6233,6231,6233,6190,13096886372141,16.666504,16.666800,,1.371700,1.144800,
42,ECalibratedLiquid,600,4,6235,6234,6232,6234,6191,13096886538809,16.697804,16.668700,,1.769100,1.062200,
42,ECalibratedLiquid,600,4,6236,6235,6233,6235,6192,13096886705496,16.666999,16.662500,,1.367500,0.980000,
42,ECalibratedLiquid,600,4,6237,6236,6234,6236,6193,13096886872121,16.666496,16.663200,,0.000000,0.908500,
42,ECalibratedLiquid,600,4,6238,6237,6235,6237,6194,13096887038753,16.668303,16.723800,,1.429800,1.009400,
42,ECalibratedLiquid,600,4,6239,6238,6236,6238,6195,13096887205991,16.667694,16.656400,,1.389400,0.983700,
42,ECalibratedLiquid,600,4,6240,6239,6237,6239,6196,13096887372555,16.665505,16.656000,,1.418400,1.026900,
42,ECalibratedLiquid,600,4,6241,6240,6238,6240,6197,13096887539115,16.666999,16.675700,,1.475900,0.994300,
42,ECalibratedLiquid,600,4,6242,6241,6239,6241,6198,13096887705872,16.666999,16.669800,,1.494000,1.025700,
42,ECalibratedLiquid,600,4,6243,6242,6240,6242,6199,13096887872570,16.666001,16.668600,,0.000000,0.992800,
42,ECalibratedLiquid,600,4,6244,6243,6241,6243,6200,13096888039256,16.667999,16.666100,,1.360600,1.044200,
42,ECalibratedLiquid,600,4,6245,6244,6242,6244,6201,13096888205917,16.666703,16.668300,,1.385300,0.958800,
42,ECalibratedLiquid,600,4,6246,6245,6243,6245,6202,13096888372600,16.666496,16.659600,,1.592000,1.024500,
42,ECalibratedLiquid,600,4,6247,6246,6244,6246,6203,13096888539196,16.667502,16.671700,,1.420500,1.331100,
42,ECalibratedLiquid,600,4,6248,6247,6245,6247,6204,13096888705913,16.684396,16.664400,,1.422000,0.948100,
42,ECalibratedLiquid,600,4,6249,6248,6246,6248,6205,13096888872557,16.668404,16.668700,,0.000000,0.983200,
42,ECalibratedLiquid,600,4,6250,6249,6247,6249,6206,13096889039244,16.666299,16.702800,,1.441300,0.952900,
42,ECalibratedLiquid,600,4,6251,6250,6248,6250,6207,13096889206272,16.666900,16.705200,,1.413400,1.221500,
42,ECalibratedLiquid,600,4,6252,6251,6249,6251,6208,13096889373324,16.667603,16.637200,,1.423200,1.035500,
42,ECalibratedLiquid,600,4,6253,6252,6250,6252,6209,13096889539696,16.666595,16.678800,,1.436100,1.182700,
42,ECalibratedLiquid,600,4,6254,6253,6251,6253,6210,13096889706484,16.666999,16.626900,,1.342400,0.983700,
42,ECalibratedLiquid,600,4,6255,6254,6252,6254,6211,13096889872753,16.666900,16.670100,,0.000000,1.053300,
42,ECalibratedLiquid,600,4,6256,6255,6253,6255,6212,13096890039454,16.666602,16.678200,,1.398300,1.073200,
42,ECalibratedLiquid,600,4,6257,6256,6254,6256,6213,13096890206236,16.667198,16.657000,,1.333200,0.952400,
42,ECalibratedLiquid,600,4,6258,6257,6255,6257,6214,13096890372806,16.667297,16.668100,,1.344900,1.036000,
42,ECalibratedLiquid,600,4,6259,6258,6256,6258,6215,13096890539487,16.666504,16.810900,,1.465200,0.972800,
42,ECalibratedLiquid,600,4,6260,6259,6257,6259,6216,13096890707596,16.666703,16.522700,,1.324900,0.970900,
42,ECalibratedLiquid,600,4,6261,6260,6258,6260,6217,13096890872823,16.666794,16.666100,,0.000000,0.925700,
42,ECalibratedLiquid,600,4,6262,6261,6259,6261,6218,13096891039484,16.667007,16.668000,,1.416200,1.125500,
42,ECalibratedLiquid,600,4,6263,6262,6260,6262,6219,13096891206164,16.667396,16.663300,,1.501300,0.955700,
42,ECalibratedLiquid,600,4,6264,6263,6261,6263,6220,13096891372797,16.666602,16.666200,,1.268500,1.135300,
42,ECalibratedLiquid,600,4,6265,6264,6262,6264,6221,13096891539459,16.666695,16.668200,,1.396700,1.058700,
42,ECalibratedLiquid,600,4,6266,6265,6263,6265,6222,13096891706141,16.666999,16.697700,,1.455600,0.958700,
42,ECalibratedLiquid,600,4,6267,6266,6264,6266,6223,13096891873118,16.666306,16.634500,,0.000000,1.081800,
42,ECalibratedLiquid,600,4,6268,6267,6265,6267,6224,13096892039463,16.667198,16.668900,,1.270100,0.907800,
42,ECalibratedLiquid,600,4,6269,6268,6266,6268,6225,13096892206152,16.666802,16.667700,,1.201800,0.964700,
42,ECalibratedLiquid,600,4,6270,6269,6267,6269,6226,13096892372829,16.667297,16.663900,,1.133800,0.957300,
42,ECalibratedLiquid,600,4,6271,6270,6268,6270,6227,13096892539468,16.666299,16.667300,,1.245100,0.911900,
42,ECalibratedLiquid,600,4,6272,6271,6269,6271,6228,13096892706141,16.666198,16.664800,,1.097200,0.886700,
42,ECalibratedLiquid,600,4,6273,6272,6270,6272,6229,13096892872789,16.666802,16.667800,,0.000000,0.824900,
42,ECalibratedLiquid,600,4,6274,6273,6271,6273,6230,13096893039467,16.667502,16.663400,,1.084300,1.140600,
42,ECalibratedLiquid,600,4,6275,6274,6272,6274,6231,13096893206101,16.666595,16.661200,,1.031400,0.755000,
42,ECalibratedLiquid,600,4,6276,6275,6273,6275,6232,13096893372713,16.666206,16.666700,,1.350300,1.233700,
42,ECalibratedLiquid,600,4,6277,6276,6274,6276,6233,13096893539380,16.667198,16.674300,,1.807800,0.964500,
42,ECalibratedLiquid,600,4,6278,6277,6275,6277,6234,13096893706123,16.667603,16.669100,,1.684200,0.956700,
42,ECalibratedLiquid,600,4,6279,6278,6276,6278,6235,13096893872814,16.665993,16.657400,,0.000000,0.974800,
42,ECalibratedLiquid,600,4,6280,6279,6277,6279,6236,13096894039388,16.667105,16.733900,,1.352300,0.937600,
42,ECalibratedLiquid,600,4,6281,6280,6278,6280,6237,13096894206727,16.667899,16.606800,,1.403200,0.976600,
42,ECalibratedLiquid,600,4,6282,6281,6279,6281,6238,13096894372795,16.666695,16.660600,,1.415600,1.153400,
42,ECalibratedLiquid,600,4,6283,6282,6280,6282,6239,13096894539401,16.666900,16.670400,,1.407300,0.950800,
42,ECalibratedLiquid,600,4,6284,6283,6281,6283,6240,13096894706105,16.667206,16.673700,,1.350900,0.947600,
42,ECalibratedLiquid,600,4,6285,6284,6282,6284,6241,13096894872842,16.703196,16.665500,,0.000000,1.058100,
42,ECalibratedLiquid,600,4,6286,6285,6283,6285,6242,13096895039497,16.667403,16.669000,,1.400100,1.017400,
42,ECalibratedLiquid,600,4,6287,6286,6284,6286,6243,13096895206187,16.666900,16.666700,,1.516800,0.912700,
42,ECalibratedLiquid,600,4,6288,6287,6285,6287,6244,13096895372854,16.666794,16.703300,,1.372100,1.114100,
42,ECalibratedLiquid,600,4,6289,6288,6286,6288,6245,13096895539887,16.666900,16.665300,,1.899600,1.304900,
42,ECalibratedLiquid,600,4,6290,6289,6287,6289,6246,13096895706540,16.666504,16.669600,,1.419400,1.000000,
42,ECalibratedLiquid,600,4,6291,6290,6288,6290,6247,13096895873236,16.667496,16.673400,,0.000000,1.076300,
42,ECalibratedLiquid,600,4,6292,6291,6289,6291,6248,13096896039970,16.666602,16.656900,,1.907700,1.309700,
42,ECalibratedLiquid,600,4,6293,6292,6290,6292,6249,13096896206539,16.666496,16.667700,,1.239200,0.893300,
42,ECalibratedLiquid,600,4,6294,6293,6291,6293,6250,13096896373216,16.667105,16.680900,,1.385400,0.983200,
42,ECalibratedLiquid,600,4,6295,6294,6292,6294,6251,13096896540025,16.667396,16.655000,,1.403900,1.036600,
42,ECalibratedLiquid,600,4,6296,6295,6293,6295,6252,13096896706575,16.666602,16.659200,,1.355300,1.024500,
42,ECalibratedLiquid,600,4,6297,6296,6294,6296,6253,13096896873167,16.666695,16.665200,,0.000000,1.059400,
42,ECalibratedLiquid,600,4,6298,6297,6295,6297,6254,13096897039819,16.666900,16.687900,,1.347600,1.169000,
42,ECalibratedLiquid,600,4,6299,6298,6296,6298,6255,13096897206698,16.666504,16.650000,,1.355200,0.917500,
42,ECalibratedLiquid,600,4,6300,6299,6297,6299,6256,13096897373198,16.667100,16.670800,,1.346600,0.961900,
42,ECalibratedLiquid,600,4,6301,6300,6298,6300,6257,13096897539906,16.666703,16.665900,,1.271700,1.034800,
42,ECalibratedLiquid,600,4,6302,6301,6299,6301,6258,13096897706565,16.666496,16.663300,,1.155100,0.829300,
42,ECalibratedLiquid,600,4,6303,6302,6300,6302,6259,13096897873198,16.666900,16.667700,,0.000000,1.017700,
42,ECalibratedLiquid,600,4,6304,6303,6301,6303,6260,13096898039875,16.666900,16.667000,,1.507000,1.209100,
42,ECalibratedLiquid,600,4,6305,6304,6302,6304,6261,13096898206545,16.667502,16.665200,,1.449200,0.831300,
42,ECalibratedLiquid,600,4,6306,6305,6303,6305,6262,13096898373197,16.666794,16.669900,,1.413000,0.955600,
42,ECalibratedLiquid,600,4,6307,6306,6304,6306,6263,13096898539896,16.666504,16.661900,,1.405100,1.061400,
42,ECalibratedLiquid,600,4,6308,6307,6305,6307,6264,13096898706515,16.667396,16.671700,,1.335400,1.025700,
42,ECalibratedLiquid,600,4,6309,6308,6306,6308,6265,13096898873232,16.666900,16.668400,,0.000000,0.995400,
42,ECalibratedLiquid,600,4,6310,6309,6307,6309,6266,13096899039916,16.666802,16.664500,,1.584200,1.027600,
42,ECalibratedLiquid,600,4,6311,6310,6308,6310,6267,13096899206561,16.667100,16.673200,,1.240500,0.882900,
42,ECalibratedLiquid,600,4,6312,6311,6309,6311,6268,13096899373293,16.666198,16.668100,,1.323000,0.988900,
42,ECalibratedLiquid,600,4,6313,6312,6310,6312,6269,13096899539974,16.666999,16.663800,,1.362900,1.135300,
42,ECalibratedLiquid,600,4,6314,6313,6311,6313,6270,13096899706612,16.667206,16.800200,,1.330700,0.889000,
42,ECalibratedLiquid,600,4,6315,6314,6312,6314,6271,13096899874614,16.666802,16.528200,,0.000000,0.883600,
42,ECalibratedLiquid,600,4,6316,6315,6313,6315,6272,13096900039896,16.666595,16.670100,,1.430800,1.054100,
42,ECalibratedLiquid,600,4,6317,6316,6314,6316,6273,13096900206597,16.666999,16.682000,,1.269800,0.870400,
42,ECalibratedLiquid,600,4,6318,6317,6315,6317,6274,13096900373417,16.668998,16.654700,,1.239800,0.825300,
42,ECalibratedLiquid,600,4,6319,6318,6316,6318,6275,13096900539964,16.664406,16.664100,,2.640600,1.215400,
42,ECalibratedLiquid,600,4,6320,6319,6317,6319,6276,13096900706605,16.667595,16.667100,,1.520000,0.935300,
42,ECalibratedLiquid,600,4,6321,6320,6318,6320,6277,13096900873276,16.666306,16.681300,,0.000000,1.163400,
42,ECalibratedLiquid,600,4,6322,6321,6319,6321,6278,13096901040089,16.667899,16.657700,,1.437600,1.042800,
42,ECalibratedLiquid,600,4,6323,6322,6320,6322,6279,13096901206666,16.666001,16.672000,,1.334500,0.941800,
42,ECalibratedLiquid,600,4,6324,6323,6321,6323,6280,13096901373386,16.666999,16.655400,,1.432400,0.990600,
42,ECalibratedLiquid,600,4,6325,6324,6322,6324,6281,13096901539940,16.666595,16.668100,,1.649300,0.912900,
42,ECalibratedLiquid,600,4,6326,6325,6323,6325,6282,13096901706621,16.666602,16.666600,,1.566000,1.118300,
42,ECalibratedLiquid,600,4,6327,6326,6324,6326,6283,13096901873287,16.667800,16.667600,,0.000000,0.900400,
42,ECalibratedLiquid,600,4,6328,6327,6325,6327,6284,13096902039963,16.666397,16.667200,,1.721700,1.167300,
42,ECalibratedLiquid,600,4,6329,6328,6326,6328,6285,13096902206635,16.666900,16.658400,,1.128500,0.822100,
42,ECalibratedLiquid,600,4,6330,6329,6327,6329,6286,13096902373219,16.666802,16.684000,,1.321700,1.034800,
42,ECalibratedLiquid,600,4,6331,6330,6328,6330,6287,13096902540059,16.666900,16.655400,,1.306600,1.040300,
42,ECalibratedLiquid,600,4,6332,6331,6329,6331,6288,13096902706613,16.666595,16.664900,,1.147800,0.843200,
42,ECalibratedLiquid,600,4,6333,6332,6330,6332,6289,13096902873262,16.667899,16.693700,,0.000000,0.809800,
42,ECalibratedLiquid,600,4,6334,6333,6331,6333,6290,13096903040199,16.707307,16.639700,,1.581300,0.975200,
42,ECalibratedLiquid,600,4,6335,6334,6332,6334,6291,13096903206596,16.667694,16.662300,,1.831800,1.026900,
42,ECalibratedLiquid,600,4,6336,6335,6333,6335,6292,13096903373219,16.666802,16.671500,,1.372700,0.947000,
42,ECalibratedLiquid,600,4,6337,6336,6334,6336,6293,13096903539934,16.666405,16.732100,,1.359700,1.007100,
42,ECalibratedLiquid,600,4,6338,6337,6335,6337,6294,13096903707255,16.667595,16.647600,,1.447500,0.921300,
42,ECalibratedLiquid,600,4,6339,6338,6336,6338,6295,13096903873731,16.666198,16.663300,,0.000000,0.948800,
42,ECalibratedLiquid,600,4,6340,6339,6337,6339,6296,13096904040364,16.667403,16.664500,,1.497400,1.193400,
42,ECalibratedLiquid,600,4,6341,6340,6338,6340,6297,13096904207009,16.666802,16.671600,,1.350300,0.981700,
42,ECalibratedLiquid,600,4,6342,6341,6339,6341,6298,13096904373725,16.667701,16.666700,,1.154800,0.832900,
42,ECalibratedLiquid,600,4,6343,6342,6340,6342,6299,13096904540392,16.666099,16.668000,,1.148400,0.934400,
42,ECalibratedLiquid,600,4,6344,6343,6341,6343,6300,13096904707072,16.667396,16.667500,,1.164600,0.881800,
42,ECalibratedLiquid,600,4,6345,6344,6342,6344,6301,13096904873747,16.666099,16.663400,,0.000000,0.915800,
42,ECalibratedLiquid,600,4,6346,6345,6343,6345,6302,13096905040381,16.673299,16.664900,,1.179800,0.849800,
42,ECalibratedLiquid,600,4,6347,6346,6344,6346,6303,13096905207030,16.667603,16.669100,,1.774200,0.941500,
43,ECalibratedLiquid,600,8,6379,6378,6376,6378,6334,13096920979975,16.666802,16.664300,,1.456200,1.054900,
43,ECalibratedLiquid,600,8,6380,6379,6377,6379,6335,13096921146618,16.666900,16.667600,,1.419900,1.034800,
43,ECalibratedLiquid,600,8,6381,6380,6378,6380,6336,13096921313294,16.666602,16.668500,,0.000000,0.976900,
43,ECalibratedLiquid,600,8,6382,6381,6379,6381,6337,13096921479979,16.667198,16.662300,,1.359300,0.998500,
43,ECalibratedLiquid,600,8,6383,6382,6380,6382,6338,13096921646602,16.666397,16.665400,,1.350100,1.179900,
43,ECalibratedLiquid,600,8,6384,6383,6381,6383,6339,13096921813256,16.666802,16.664300,,1.612500,1.039100,
43,ECalibratedLiquid,600,8,6385,6384,6382,6384,6340,13096921979899,16.667701,16.667100,,1.319600,1.070900,
43,ECalibratedLiquid,600,8,6386,6385,6383,6385,6341,13096922146570,16.666595,16.666600,,1.324500,0.954900,
43,ECalibratedLiquid,600,8,6387,6386,6384,6386,6342,13096922313236,16.666306,16.670200,,0.000000,1.002000,
43,ECalibratedLiquid,600,8,6388,6387,6385,6387,6343,13096922479938,16.667396,16.671100,,1.500900,0.966500,
43,ECalibratedLiquid,600,8,6389,6388,6386,6388,6344,13096922646649,16.666602,16.667200,,1.346500,0.964200,
43,ECalibratedLiquid,600,8,6390,6389,6387,6389,6345,13096922813321,16.667297,16.658600,,1.333500,1.072400,
43,ECalibratedLiquid,600,8,6391,6390,6388,6390,6346,13096922979907,16.666397,16.680500,,1.395400,0.976000,
43,ECalibratedLiquid,600,8,6392,6391,6389,6391,6347,13096923146712,16.667906,16.656400,,1.586500,0.989800,
43,ECalibratedLiquid,600,8,6393,6392,6390,6392,6348,13096923313276,16.665895,16.668200,,0.000000,1.047300,
43,ECalibratedLiquid,600,8,6394,6393,6391,6393,6349,13096923479958,16.667603,16.666600,,1.372100,0.969900,
43,ECalibratedLiquid,600,8,6395,6394,6392,6394,6350,13096923646624,16.666299,16.671000,,1.364200,1.005300,
43,ECalibratedLiquid,600,8,6396,6395,6393,6395,6351,13096923813334,16.666900,16.660900,,1.379000,1.174100,
43,ECalibratedLiquid,600,8,6397,6396,6394,6396,6352,13096923979943,16.667305,16.670500,,1.345100,1.103800,
43,ECalibratedLiquid,600,8,6398,6397,6395,6397,6353,13096924146648,16.666397,16.665700,,1.327900,1.240600,
43,ECalibratedLiquid,600,8,6399,6398,6396,6398,6354,13096924313305,16.667198,16.664500,,0.000000,1.229600,
43,ECalibratedLiquid,600,8,6400,6399,6397,6399,6355,13096924479950,16.667603,16.665500,,1.706600,0.996600,
43,ECalibratedLiquid,600,8,6401,6400,6398,6400,6356,13096924646605,16.666099,16.665400,,1.929500,1.025200,
43,ECalibratedLiquid,600,8,6402,6401,6399,6401,6357,13096924813259,16.666602,16.676600,,1.419600,0.980000,
43,ECalibratedLiquid,600,8,6403,6402,6400,6402,6358,13096924980025,16.667396,16.691600,,1.351600,0.953300,
43,ECalibratedLiquid,600,8,6404,6403,6401,6403,6359,13096925146941,16.667502,16.639200,,1.421000,1.076200,
43,ECalibratedLiquid,600,8,6405,6404,6402,6404,6360,13096925313333,16.666198,16.667100,,0.000000,1.068800,
43,ECalibratedLiquid,600,8,6406,6405,6403,6405,6361,13096925480004,16.667496,16.665100,,1.485300,1.078000,
43,ECalibratedLiquid,600,8,6407,6406,6404,6406,6362,13096925646655,16.667105,16.671200,,1.382700,1.043400,
43,ECalibratedLiquid,600,8,6408,6407,6405,6407,6363,13096925813367,16.666999,16.663200,,1.739300,1.202800,
43,ECalibratedLiquid,600,8,6409,6408,6406,6408,6364,13096925979999,16.666595,16.669100,,1.437200,1.330200,
43,ECalibratedLiquid,600,8,6410,6409,6407,6409,6365,13096926146690,16.667100,16.673000,,1.345800,1.561500,
43,ECalibratedLiquid,600,8,6411,6410,6408,6410,6366,13096926313420,16.667100,16.688900,,0.000000,1.109200,
43,ECalibratedLiquid,600,8,6412,6411,6409,6411,6367,13096926480309,16.667206,16.650700,,1.503100,0.953800,
43,ECalibratedLiquid,600,8,6413,6412,6410,6412,6368,13096926646816,16.667297,16.665900,,1.921300,1.225300,
43,ECalibratedLiquid,600,8,6414,6413,6411,6413,6369,13096926813475,16.666504,16.676000,,1.393000,1.052400,
43,ECalibratedLiquid,600,8,6415,6414,6412,6414,6370,13096926980235,16.667100,16.754000,,1.592500,1.142800,
43,ECalibratedLiquid,600,8,6416,6415,6413,6415,6371,13096927147775,16.670996,16.569400,,1.508600,1.336600,
43,ECalibratedLiquid,600,8,6417,6416,6414,6416,6372,13096927313469,16.662804,16.665400,,0.000000,1.053500,
43,ECalibratedLiquid,600,8,6418,6417,6415,6417,6373,13096927480123,16.666695,16.669400,,1.331200,1.211600,
43,ECalibratedLiquid,600,8,6419,6418,6416,6418,6374,13096927646817,16.667701,16.671200,,1.367500,1.027500,
43,ECalibratedLiquid,600,8,6420,6419,6417,6419,6375,13096927813529,16.666504,16.660800,,1.447700,1.021300,
43,ECalibratedLiquid,600,8,6421,6420,6418,6420,6376,13096927980137,16.666695,16.670300,,1.340800,1.033900,
43,ECalibratedLiquid,600,8,6422,6421,6419,6421,6377,13096928146840,16.667502,16.665800,,1.256000,1.327000,
43,ECalibratedLiquid,600,8,6423,6422,6420,6422,6378,13096928313498,16.676702,16.670400,,0.000000,1.322600,
43,ECalibratedLiquid,600,8,6424,6423,6421,6423,6379,13096928480202,16.666496,16.659800,,1.481200,1.134500,
43,ECalibratedLiquid,600,8,6425,6424,6422,6424,6380,13096928646800,16.666703,16.677900,,1.436900,0.989900,
43,ECalibratedLiquid,600,8,6426,6425,6423,6425,6381,13096928813579,16.666802,16.853500,,1.412300,1.118400,
43,ECalibratedLiquid,600,8,6427,6426,6424,6426,6382,13096928982114,16.666496,16.485200,,1.220400,0.851700,
43,ECalibratedLiquid,600,8,6428,6427,6425,6427,6383,13096929146966,16.666703,16.659600,,1.278900,0.897900,
43,ECalibratedLiquid,600,8,6429,6428,6426,6428,6384,13096929313562,16.667100,16.665700,,0.000000,1.002600,
43,ECalibratedLiquid,600,8,6430,6429,6427,6429,6385,13096929480219,16.666999,16.667800,,1.268600,0.938500,
43,ECalibratedLiquid,600,8,6431,6430,6428,6430,6386,13096929646897,16.667403,16.663800,,1.276600,1.014400,
43,ECalibratedLiquid,600,8,6432,6431,6429,6431,6387,13096929813535,16.848100,16.666200,,1.421400,0.942400,
43,ECalibratedLiquid,600,8,6433,6432,6430,6432,6388,13096929980197,16.666794,16.670600,,1.413700,0.960400,
43,ECalibratedLiquid,600,8,6434,6433,6431,6433,6389,13096930146903,16.667206,16.671900,,1.416400,0.970400,
43,ECalibratedLiquid,600,8,6435,6434,6432,6434,6390,13096930313622,16.666001,16.845400,,0.000000,1.159400,
43,ECalibratedLiquid,600,8,6436,6435,6433,6435,6391,13096930482076,16.666999,16.666400,,1.413500,1.290800,
43,ECalibratedLiquid,600,8,6437,6436,6434,6436,6392,13096930648740,16.685395,16.668000,,1.337400,1.290900,
43,ECalibratedLiquid,600,8,6438,6437,6435,6437,6393,13096930815420,16.667502,16.655900,,1.360000,1.027000,
43,ECalibratedLiquid,600,8,6439,6438,6436,6438,6394,13096930981979,16.666595,16.665500,,1.389000,0.951100,
43,ECalibratedLiquid,600,8,6440,6439,6437,6439,6395,13096931148634,16.667206,16.688200,,1.675000,1.064300,
43,ECalibratedLiquid,600,8,6441,6440,6438,6440,6396,13096931315516,16.666802,16.672700,,0.000000,0.951500,
43,ECalibratedLiquid,600,8,6442,6441,6439,6441,6397,13096931482243,16.667100,16.664200,,1.455000,0.975200,
43,ECalibratedLiquid,600,8,6443,6442,6440,6442,6398,13096931648885,16.666794,16.672300,,1.369500,0.964600,
43,ECalibratedLiquid,600,8,6444,6443,6441,6443,6399,13096931815608,16.666802,16.663800,,1.445300,1.120700,
43,ECalibratedLiquid,600,8,6445,6444,6442,6444,6400,13096931982246,16.667701,16.666900,,1.440800,1.138900,
43,ECalibratedLiquid,600,8,6446,6445,6443,6445,6401,13096932148915,16.666099,16.668300,,1.665800,0.976900,
43,ECalibratedLiquid,600,8,6447,6446,6444,6446,6402,13096932315598,16.667305,16.668900,,0.000000,1.063200,
43,ECalibratedLiquid,600,8,6448,6447,6445,6447,6403,13096932482287,16.666695,16.674900,,1.625200,1.193300,
43,ECalibratedLiquid,600,8,6449,6448,6446,6448,6404,13096932649036,16.666900,16.656100,,1.683900,1.135300,
43,ECalibratedLiquid,600,8,6450,6449,6447,6449,6405,13096932815597,16.667305,16.671100,,1.604200,1.065800,
43,ECalibratedLiquid,600,8,6451,6450,6448,6450,6406,13096932982308,16.665993,16.666800,,1.438300,1.014400,
43,ECalibratedLiquid,600,8,6452,6451,6449,6451,6407,13096933148976,16.666999,16.669700,,1.457400,0.933100,
43,ECalibratedLiquid,600,8,6453,6452,6450,6452,6408,13096933315673,16.667007,16.791500,,0.000000,1.010200,
43,ECalibratedLiquid,600,8,6454,6453,6451,6453,6409,13096933483588,16.667198,16.532300,,1.355000,1.006000,
43,ECalibratedLiquid,600,8,6455,6454,6452,6454,6410,13096933648911,16.666703,16.674900,,1.258200,0.895900,
43,ECalibratedLiquid,600,8,6456,6455,6453,6455,6411,13096933815660,16.666695,16.659000,,1.282000,0.926700,
43,ECalibratedLiquid,600,8,6457,6456,6454,6456,6412,13096933982250,16.666999,16.669500,,1.167400,0.833500,
43,ECalibratedLiquid,600,8,6458,6457,6455,6457,6413,13096934148945,16.666405,16.666400,,1.385900,1.003600,
43,ECalibratedLiquid,600,8,6459,6458,6456,6458,6414,13096934315609,16.667100,16.664600,,0.000000,0.875600,
43,ECalibratedLiquid,600,8,6460,6459,6457,6459,6415,13096934482255,16.666595,16.668800,,1.359700,0.911500,
43,ECalibratedLiquid,600,8,6461,6460,6458,6460,6416,13096934648943,16.667701,16.663000,,1.276200,0.979100,
43,ECalibratedLiquid,600,8,6462,6461,6459,6461,6417,13096934815573,16.667198,16.668500,,1.373200,1.126000,
43,ECalibratedLiquid,600,8,6463,6462,6460,6462,6418,13096934982258,16.666001,16.668200,,1.825800,1.324100,
43,ECalibratedLiquid,600,8,6464,6463,6461,6463,6419,13096935148940,16.671499,16.674600,,1.823900,1.083900,
43,ECalibratedLiquid,600,8,6465,6464,6462,6464,6420,13096935315686,16.666602,16.672800,,0.000000,1.065500,
43,ECalibratedLiquid,600,8,6466,6465,6463,6465,6421,13096935482414,16.667297,16.691500,,1.443900,0.999300,
43,ECalibratedLiquid,600,8,6467,6466,6464,6466,6422,13096935649329,16.668007,16.718200,,1.395200,1.439900,
43,ECalibratedLiquid,600,8,6468,6467,6465,6467,6423,13096935816511,16.665094,16.584800,,1.391900,0.963900,
43,ECalibratedLiquid,600,8,6469,6468,6466,6468,6424,13096935982359,16.667906,16.667700,,1.378600,0.998400,
43,ECalibratedLiquid,600,8,6470,6469,6467,6469,6425,13096936149036,16.665796,16.705400,,1.372700,1.011800,
43,ECalibratedLiquid,600,8,6471,6470,6468,6470,6426,13096936316090,16.666602,16.632500,,0.000000,1.066800,
43,ECalibratedLiquid,600,8,6472,6471,6469,6471,6427,13096936482415,16.666703,16.672200,,1.366300,1.077100,
43,ECalibratedLiquid,600,8,6473,6472,6470,6472,6428,13096936649137,16.666794,16.653400,,1.403900,0.963600,
43,ECalibratedLiquid,600,8,6474,6473,6471,6473,6429,13096936815671,16.667502,16.670600,,1.269000,0.952100,
43,ECalibratedLiquid,600,8,6475,6474,6472,6474,6430,13096936982377,16.666900,16.664200,,1.340800,1.001600,
43,ECalibratedLiquid,600,8,6476,6475,6473,6475,6431,13096937149019,16.666703,16.665600,,1.248300,1.118600,
43,ECalibratedLiquid,600,8,6477,6476,6474,6476,6432,13096937315675,16.666397,16.671400,,0.000000,1.002900,
43,ECalibratedLiquid,600,8,6478,6477,6475,6477,6433,13096937482389,16.667701,16.664600,,1.350500,1.209700,
43,ECalibratedLiquid,600,8,6479,6478,6476,6478,6434,13096937649035,16.837500,16.666000,,1.515200,0.963600,
43,ECalibratedLiquid,600,8,6480,6479,6477,6479,6435,13096937815695,16.667297,16.667600,,2.027300,1.041400,
43,ECalibratedLiquid,600,8,6481,6480,6478,6480,6436,13096937982371,16.667603,16.666800,,1.371900,0.941500,
43,ECalibratedLiquid,600,8,6482,6481,6479,6481,6437,13096938149039,16.666802,16.866100,,1.491300,1.022100,
43,ECalibratedLiquid,600,8,6483,6482,6480,6482,6438,13096938317700,16.665895,16.640500,,0.000000,1.006300,
43,ECalibratedLiquid,600,8,6484,6483,6481,6483,6439,13096938484105,16.668404,16.673200,,1.473300,0.983700,
43,ECalibratedLiquid,600,8,6485,6484,6482,6484,6440,13096938650837,16.666198,16.660000,,1.838500,1.308700,
43,ECalibratedLiquid,600,8,6486,6485,6483,6485,6441,13096938817437,16.666802,16.667800,,1.283700,0.982500,
43,ECalibratedLiquid,600,8,6487,6486,6484,6486,6442,13096938984115,16.666299,16.680600,,1.362500,0.828500,
43,ECalibratedLiquid,600,8,6488,6487,6485,6487,6443,13096939150921,16.667305,16.654400,,1.146400,0.845300,
43,ECalibratedLiquid,600,8,6489,6488,6486,6488,6444,13096939317465,16.669501,16.665300,,0.000000,0.879900,
43,ECalibratedLiquid,600,8,6490,6489,6487,6489,6445,13096939484118,16.664095,16.664400,,1.439200,1.050800,
43,ECalibratedLiquid,600,8,6491,6490,6488,6490,6446,13096939650762,16.666900,16.663800,,1.520500,0.876400,
43,ECalibratedLiquid,600,8,6492,6491,6489,6491,6447,13096939817400,16.666999,16.671500,,1.376200,0.904500,
43,ECalibratedLiquid,600,8,6493,6492,6490,6492,6448,13096939984115,16.666703,16.659800,,1.500300,1.131800,
43,ECalibratedLiquid,600,8,6494,6493,6491,6493,6449,13096940150713,16.667603,16.685000,,1.330200,0.972300,
43,ECalibratedLiquid,600,8,6495,6494,6492,6494,6450,13096940317563,16.666900,16.648900,,0.000000,0.934000,
43,ECalibratedLiquid,600,8,6496,6495,6493,6495,6451,13096940484052,16.666794,16.668600,,1.424200,0.909700,
43,ECalibratedLiquid,600,8,6497,6496,6494,6496,6452,13096940650738,16.666999,16.673900,,1.451100,0.955700,
43,ECalibratedLiquid,600,8,6498,6497,6495,6497,6453,13096940817477,16.666405,16.665800,,1.435400,1.042600,
44,ECalibratedLiquid,600,16,6530,6529,6527,6529,6484,13096959898698,16.705796,16.674600,,1.358200,0.986200,
44,ECalibratedLiquid,600,16,6531,6530,6528,6530,6485,13096960065444,16.666703,16.700900,,1.381400,1.030200,
44,ECalibratedLiquid,600,16,6532,6531,6529,6531,6486,13096960232453,16.667100,16.624700,,0.000000,1.016700,
44,ECalibratedLiquid,600,16,6533,6532,6530,6532,6487,13096960398700,16.666602,16.707900,,1.391700,1.073300,
44,ECalibratedLiquid,600,16,6534,6533,6531,6533,6488,13096960565779,16.666900,16.666100,,1.349500,1.134400,
44,ECalibratedLiquid,600,16,6535,6534,6532,6534,6489,13096960732440,16.666900,16.668000,,1.350500,1.065300,
44,ECalibratedLiquid,600,16,6536,6535,6533,6535,6490,13096960899120,16.666900,16.663400,,1.785000,1.069500,
44,ECalibratedLiquid,600,16,6537,6536,6534,6536,6491,13096961065754,16.667100,16.664700,,1.369600,0.978400,
44,ECalibratedLiquid,600,16,6538,6537,6535,6537,6492,13096961232401,16.666794,16.669600,,0.000000,0.973700,
44,ECalibratedLiquid,600,16,6539,6538,6536,6538,6493,13096961399097,16.666703,16.667000,,1.377200,1.092600,
44,ECalibratedLiquid,600,16,6540,6539,6537,6539,6494,13096961565767,16.667198,16.666100,,1.363400,1.020800,
44,ECalibratedLiquid,600,16,6541,6540,6538,6540,6495,13096961732428,16.666405,16.668700,,1.433000,1.045200,
44,ECalibratedLiquid,600,16,6542,6541,6539,6541,6496,13096961899115,16.667496,16.667000,,1.326500,0.963200,
44,ECalibratedLiquid,600,16,6543,6542,6540,6542,6497,13096962065785,16.669501,16.669600,,1.395800,1.202200,
44,ECalibratedLiquid,600,16,6544,6543,6541,6543,6498,13096962232481,16.663704,16.662900,,0.000000,1.038300,
44,ECalibratedLiquid,600,16,6545,6544,6542,6544,6499,13096962399110,16.666794,16.680200,,1.637400,1.035200,
44,ECalibratedLiquid,600,16,6546,6545,6543,6545,6500,13096962565912,16.669601,16.657700,,1.340800,1.033600,
44,ECalibratedLiquid,600,16,6547,6546,6544,6546,6501,13096962732489,16.664300,16.663500,,1.375000,1.054800,
44,ECalibratedLiquid,600,16,6548,6547,6545,6547,6502,13096962899124,16.666703,16.664800,,1.357200,1.071500,
44,ECalibratedLiquid,600,16,6549,6548,6546,6548,6503,13096963065772,16.666802,16.717600,,1.379100,1.007500,
44,ECalibratedLiquid,600,16,6550,6549,6547,6549,6504,13096963232948,16.670996,16.625400,,0.000000,0.934400,
44,ECalibratedLiquid,600,16,6551,6550,6548,6550,6505,13096963399202,16.663300,16.659200,,1.817600,1.074800,
44,ECalibratedLiquid,600,16,6552,6551,6549,6551,6506,13096963565794,16.666405,16.665100,,1.312600,1.155800,
44,ECalibratedLiquid,600,16,6553,6552,6550,6552,6507,13096963732445,16.666999,16.689500,,1.521900,0.909400,
44,ECalibratedLiquid,600,16,6554,6553,6551,6553,6508,13096963899340,16.666802,16.737200,,1.354200,0.964100,
44,ECalibratedLiquid,600,16,6555,6554,6552,6554,6509,13096964066712,16.666893,16.575700,,1.285500,1.070900,
44,ECalibratedLiquid,600,16,6556,6555,6553,6555,6510,13096964232469,16.667007,16.666200,,0.000000,1.035300,
44,ECalibratedLiquid,600,16,6557,6556,6554,6556,6511,13096964399131,16.666695,16.668000,,1.376800,1.114500,
44,ECalibratedLiquid,600,16,6558,6557,6555,6557,6512,13096964565811,16.667403,16.665100,,1.371000,0.972200,
44,ECalibratedLiquid,600,16,6559,6558,6556,6558,6513,13096964732462,16.666595,16.671200,,1.366300,1.029300,
44,ECalibratedLiquid,600,16,6560,6559,6557,6559,6514,13096964899174,16.666900,16.666300,,1.413200,1.295700,
44,ECalibratedLiquid,600,16,6561,6560,6558,6560,6515,13096965065837,16.666999,16.685700,,1.482600,0.935100,
44,ECalibratedLiquid,600,16,6562,6561,6559,6561,6516,13096965232694,16.667206,16.659000,,0.000000,1.013200,
44,ECalibratedLiquid,600,16,6563,6562,6560,6562,6517,13096965399284,16.678097,16.663800,,1.663900,0.968000,
44,ECalibratedLiquid,600,16,6564,6563,6561,6563,6518,13096965565922,16.667297,16.669100,,1.651400,0.961600,
44,ECalibratedLiquid,600,16,6565,6564,6562,6564,6519,13096965732613,16.667305,16.668000,,1.547500,1.078600,
44,ECalibratedLiquid,600,16,6566,6565,6563,6565,6520,13096965899293,16.666802,16.726400,,1.375100,1.124500,
44,ECalibratedLiquid,600,16,6567,6566,6564,6566,6521,13096966066557,16.688194,16.617900,,1.340800,0.975900,
44,ECalibratedLiquid,600,16,6568,6567,6565,6567,6522,13096966232736,16.667502,16.672400,,0.000000,0.999100,
44,ECalibratedLiquid,600,16,6569,6568,6566,6568,6523,13096966399460,16.666299,16.657100,,1.382000,0.930000,
44,ECalibratedLiquid,600,16,6570,6569,6567,6569,6524,13096966566031,16.667800,16.686200,,1.414200,1.267300,
44,ECalibratedLiquid,600,16,6571,6570,6568,6570,6525,13096966732893,16.666602,16.677200,,1.358000,0.971700,
44,ECalibratedLiquid,600,16,6572,6571,6569,6571,6526,13096966899665,16.666695,16.658600,,1.363800,0.960500,
44,ECalibratedLiquid,600,16,6573,6572,6570,6572,6527,13096967066251,16.666999,16.672600,,1.376700,0.947100,
44,ECalibratedLiquid,600,16,6574,6573,6571,6573,6528,13096967232977,16.666602,16.666100,,0.000000,1.004900,
44,ECalibratedLiquid,600,16,6575,6574,6572,6574,6529,13096967399638,16.666703,16.665000,,1.523800,1.467800,
44,ECalibratedLiquid,600,16,6576,6575,6573,6575,6530,13096967566288,16.667396,16.667000,,1.832000,1.482800,
44,ECalibratedLiquid,600,16,6577,6576,6574,6576,6531,13096967732958,16.666306,16.665400,,1.831800,0.957600,
44,ECalibratedLiquid,600,16,6578,6577,6575,6577,6532,13096967899612,16.667100,16.663400,,1.379300,0.997300,
44,ECalibratedLiquid,600,16,6579,6578,6576,6578,6533,13096968066246,16.666397,16.766800,,1.201900,0.963000,
44,ECalibratedLiquid,600,16,6580,6579,6577,6579,6534,13096968233914,16.667297,16.564200,,0.000000,0.783900,
44,ECalibratedLiquid,600,16,6581,6580,6578,6580,6535,13096968399556,16.667305,16.664300,,1.036800,0.790400,
44,ECalibratedLiquid,600,16,6582,6581,6579,6581,6536,13096968566199,16.666900,16.662400,,1.064900,0.840800,
44,ECalibratedLiquid,600,16,6583,6582,6580,6582,6537,13096968732823,16.665902,16.691700,,1.445100,0.949000,
44,ECalibratedLiquid,600,16,6584,6583,6581,6583,6538,13096968899740,16.666999,16.657000,,1.364500,1.022000,
44,ECalibratedLiquid,600,16,6585,6584,6582,6584,6539,13096969066310,16.666794,16.661600,,1.340800,1.005600,
44,ECalibratedLiquid,600,16,6586,6585,6583,6585,6540,13096969232926,16.666999,16.672600,,0.000000,1.055400,
44,ECalibratedLiquid,600,16,6587,6586,6584,6586,6541,13096969399652,16.666802,16.655200,,1.377800,1.104800,
44,ECalibratedLiquid,600,16,6588,6587,6585,6587,6542,13096969566204,16.757200,16.670100,,1.686300,1.072200,
44,ECalibratedLiquid,600,16,6589,6588,6586,6588,6543,13096969732905,16.667800,16.665600,,1.644500,1.190600,
44,ECalibratedLiquid,600,16,6590,6589,6587,6589,6544,13096969899561,16.666900,16.665100,,1.335400,0.966600,
44,ECalibratedLiquid,600,16,6591,6590,6588,6590,6545,13096970066212,16.666299,16.766100,,1.347100,1.004600,
44,ECalibratedLiquid,600,16,6592,6591,6589,6591,6546,13096970233873,16.667206,17.562000,,0.000000,1.119600,
44,ECalibratedLiquid,600,16,6593,6592,6590,6592,6547,13096970409493,16.666299,15.780500,,1.486000,0.921400,
44,ECalibratedLiquid,600,16,6594,6593,6591,6593,6548,13096970567298,16.666900,16.659300,,1.423800,0.996200,
44,ECalibratedLiquid,600,16,6595,6594,6592,6594,6549,13096970733891,16.667297,16.689500,,1.356300,0.936200,
44,ECalibratedLiquid,600,16,6596,6595,6593,6595,6550,13096970900786,16.666802,16.640000,,1.462100,1.008500,
44,ECalibratedLiquid,600,16,6597,6596,6594,6596,6551,13096971067186,16.667297,16.670500,,1.452200,1.039400,
44,ECalibratedLiquid,600,16,6598,6597,6595,6597,6552,13096971233891,16.666999,16.668800,,0.000000,1.395300,
44,ECalibratedLiquid,600,16,6599,6598,6596,6598,6553,13096971400579,16.666703,16.662700,,1.340100,0.965300,
44,ECalibratedLiquid,600,16,6600,6599,6597,6599,6554,13096971567206,16.666198,16.678900,,1.351900,1.035700,
44,ECalibratedLiquid,600,16,6601,6600,6598,6600,6555,13096971733995,16.667502,16.661300,,1.484500,1.046200,
44,ECalibratedLiquid,600,16,6602,6601,6599,6601,6556,13096971900608,16.667198,16.655800,,1.966300,1.325200,
44,ECalibratedLiquid,600,16,6603,6602,6600,6602,6557,13096972067166,16.666299,16.667100,,1.372900,0.926100,
44,ECalibratedLiquid,600,16,6604,6603,6601,6603,6558,13096972233837,16.667206,16.669300,,0.000000,0.960800,
44,ECalibratedLiquid,600,16,6605,6604,6602,6604,6559,13096972400530,16.666900,16.666500,,1.399900,1.145700,
44,ECalibratedLiquid,600,16,6606,6605,6603,6605,6560,13096972567195,16.668998,16.668100,,1.523000,1.117200,
44,ECalibratedLiquid,600,16,6607,6606,6604,6606,6561,13096972733876,16.667198,16.668300,,1.442700,0.951900,
44,ECalibratedLiquid,600,16,6608,6607,6605,6607,6562,13096972900559,16.666802,16.666000,,1.421900,0.891400,
44,ECalibratedLiquid,600,16,6609,6608,6606,6608,6563,13096973067219,16.666900,16.671400,,1.503000,1.031100,
44,ECalibratedLiquid,600,16,6610,6609,6607,6609,6564,13096973233933,16.666999,16.664000,,0.000000,0.929900,
44,ECalibratedLiquid,600,16,6611,6610,6608,6610,6565,13096973400573,16.666802,16.665900,,1.606300,1.045400,
44,ECalibratedLiquid,600,16,6612,6611,6609,6611,6566,13096973567232,16.667297,16.668000,,1.251400,0.931000,
44,ECalibratedLiquid,600,16,6613,6612,6610,6612,6567,13096973733912,16.667198,16.667500,,1.513400,1.018900,
44,ECalibratedLiquid,600,16,6614,6613,6611,6613,6568,13096973900587,16.666602,16.663700,,1.523900,1.266900,
44,ECalibratedLiquid,600,16,6615,6614,6612,6614,6569,13096974067224,16.667100,16.675900,,1.911100,1.308000,
44,ECalibratedLiquid,600,16,6616,6615,6613,6615,6570,13096974233983,16.667502,16.670000,,0.000000,1.317600,
44,ECalibratedLiquid,600,16,6617,6616,6614,6616,6571,13096974400683,16.666001,16.668200,,1.946200,1.309100,
44,ECalibratedLiquid,600,16,6618,6617,6615,6617,6572,13096974567365,16.667100,16.667000,,1.434200,1.020300,
44,ECalibratedLiquid,600,16,6619,6618,6616,6618,6573,13096974734035,16.667297,16.710300,,1.385500,0.939900,
44,ECalibratedLiquid,600,16,6620,6619,6617,6619,6574,13096974901138,16.666802,16.618200,,1.385900,1.057100,
44,ECalibratedLiquid,600,16,6621,6620,6618,6620,6575,13096975067320,16.666900,16.667200,,1.411700,0.922600,
44,ECalibratedLiquid,600,16,6622,6621,6619,6621,6576,13096975233992,16.666900,16.676400,,0.000000,0.937300,
44,ECalibratedLiquid,600,16,6623,6622,6620,6622,6577,13096975400756,16.858999,16.659000,,1.236200,0.977400,
44,ECalibratedLiquid,600,16,6624,6623,6621,6623,6578,13096975567346,16.667701,16.669300,,1.106200,1.057300,
44,ECalibratedLiquid,600,16,6625,6624,6622,6624,6579,13096975734039,16.666496,16.688000,,1.542900,0.946700,
44,ECalibratedLiquid,600,16,6626,6625,6623,6625,6580,13096975900919,16.666703,16.828300,,1.183700,0.856100,
44,ECalibratedLiquid,600,16,6627,6626,6624,6626,6581,13096976069202,16.666999,16.672200,,1.144800,0.877700,
44,ECalibratedLiquid,600,16,6628,6627,6625,6627,6582,13096976235924,16.666703,16.671000,,0.000000,0.915400,
44,ECalibratedLiquid,600,16,6629,6628,6626,6628,6583,13096976402634,16.666397,16.661800,,1.337900,1.107400,
44,ECalibratedLiquid,600,16,6630,6629,6627,6629,6584,13096976569252,16.667999,16.664500,,1.783600,1.118100,
44,ECalibratedLiquid,600,16,6631,6630,6628,6630,6585,13096976735897,16.666602,16.669200,,1.721400,0.961700,
44,ECalibratedLiquid,600,16,6632,6631,6629,6631,6586,13096976902589,16.668297,16.662000,,1.256400,0.938600,
44,ECalibratedLiquid,600,16,6633,6632,6630,6632,6587,13096977069209,16.665604,16.765100,,1.349400,1.102300,
44,ECalibratedLiquid,600,16,6634,6633,6631,6633,6588,13096977236860,16.668297,16.571200,,0.000000,1.166500,
44,ECalibratedLiquid,600,16,6635,6634,6632,6634,6589,13096977402572,16.665902,16.682600,,1.832700,1.230000,
44,ECalibratedLiquid,600,16,6636,6635,6633,6635,6590,13096977569398,16.666397,16.650800,,1.356400,0.911700,
44,ECalibratedLiquid,600,16,6637,6636,6634,6636,6591,13096977735906,16.667007,16.679400,,1.354100,0.875000,
44,ECalibratedLiquid,600,16,6638,6637,6635,6637,6592,13096977902700,16.666794,16.685700,,1.279100,0.911000,
44,ECalibratedLiquid,600,16,6639,6638,6636,6638,6593,13096978069557,16.667206,16.632100,,1.124100,1.069000,
44,ECalibratedLiquid,600,16,6640,6639,6637,6639,6594,13096978235878,16.667198,16.664900,,0.000000,0.858300,
44,ECalibratedLiquid,600,16,6641,6640,6638,6640,6595,13096978402527,16.666999,16.673100,,1.193300,0.827500,
44,ECalibratedLiquid,600,16,6642,6641,6639,6641,6596,13096978569258,16.667198,16.660500,,1.340300,1.078900,
44,ECalibratedLiquid,600,16,6643,6642,6640,6642,6597,13096978735863,16.666099,16.667500,,1.512900,0.973900,
44,ECalibratedLiquid,600,16,6644,6643,6641,6643,6598,13096978902538,16.666802,16.673700,,1.286400,0.878900,
44,ECalibratedLiquid,600,16,6645,6644,6642,6644,6599,13096979069275,16.667403,16.662500,,1.214800,1.013300,
44,ECalibratedLiquid,600,16,6646,6645,6643,6645,6600,13096979235900,16.666595,16.695800,,0.000000,1.046400,
44,ECalibratedLiquid,600,16,6647,6646,6644,6646,6601,13096979402858,16.667603,16.631600,,1.460000,1.003700,
44,ECalibratedLiquid,600,16,6648,6647,6645,6647,6602,13096979569174,16.666299,16.754600,,1.162600,0.957200,
44,ECalibratedLiquid,600,16,6649,6648,6646,6648,6603,13096979736720,16.666802,16.584500,,1.187000,0.885400,
44,ECalibratedLiquid,600,16,6650,6649,6647,6649,6604,13096979902565,16.666703,16.671100,,1.062800,0.811800,
45,ECalibratedLiquid,1000,1,6682,6681,6679,6681,6635,13097001220882,16.666900,16.663600,,1.310100,1.273200,
45,ECalibratedLiquid,1000,1,6683,6682,6680,6682,6636,13097001387518,16.682900,16.669400,,0.000000,1.150400,
45,ECalibratedLiquid,1000,1,6684,6683,6681,6683,6637,13097001554212,16.666198,16.920500,,1.598100,1.046100,
45,ECalibratedLiquid,1000,1,6685,6684,6682,6684,6638,13097001723417,16.666900,16.654400,,1.350600,1.117600,
45,ECalibratedLiquid,1000,1,6686,6685,6683,6685,6639,13097001889961,16.666802,16.689200,,1.337600,1.107400,
45,ECalibratedLiquid,1000,1,6687,6686,6684,6686,6640,13097002056853,16.667297,16.656300,,1.295700,1.060900,
45,ECalibratedLiquid,1000,1,6688,6687,6685,6687,6641,13097002223416,16.666602,16.664400,,1.301800,1.000000,
45,ECalibratedLiquid,1000,1,6689,6688,6686,6688,6642,13097002390060,16.667297,16.666000,,0.000000,0.960500,
45,ECalibratedLiquid,1000,1,6690,6689,6687,6689,6643,13097002556720,16.666504,16.668900,,1.393500,1.178600,
45,ECalibratedLiquid,1000,1,6691,6690,6688,6690,6644,13097002723409,16.673399,16.667100,,1.824400,1.242000,
45,ECalibratedLiquid,1000,1,6692,6691,6689,6691,6645,13097002890080,16.677601,16.670900,,1.915000,1.179000,
45,ECalibratedLiquid,1000,1,6693,6692,6690,6692,6646,13097003056789,16.666900,16.661600,,1.357600,1.102400,
45,ECalibratedLiquid,1000,1,6694,6693,6691,6693,6647,13097003223405,16.666802,16.726100,,1.354100,0.947200,
45,ECalibratedLiquid,1000,1,6695,6694,6692,6694,6648,13097003390666,16.667100,16.738100,,0.000000,0.923300,
45,ECalibratedLiquid,1000,1,6696,6695,6693,6695,6649,13097003558047,16.666802,16.554100,,1.376200,1.065700,
45,ECalibratedLiquid,1000,1,6697,6696,6694,6696,6650,13097003723588,16.667701,16.668800,,1.315200,1.178100,
45,ECalibratedLiquid,1000,1,6698,6697,6695,6697,6651,13097003890276,16.666595,16.669900,,1.347800,0.983000,
45,ECalibratedLiquid,1000,1,6699,6698,6696,6698,6652,13097004056975,16.667100,16.662800,,1.665500,1.103200,
45,ECalibratedLiquid,1000,1,6700,6699,6697,6699,6653,13097004223603,16.666504,16.679200,,1.444300,1.236500,
45,ECalibratedLiquid,1000,1,6701,6700,6698,6700,6654,13097004390395,16.666802,16.665000,,0.000000,1.020200,
45,ECalibratedLiquid,1000,1,6702,6701,6699,6701,6655,13097004557045,16.666595,16.672400,,1.351800,0.994900,
45,ECalibratedLiquid,1000,1,6703,6702,6700,6702,6656,13097004723769,16.699702,16.672600,,1.321100,1.213500,
45,ECalibratedLiquid,1000,1,6704,6703,6701,6703,6657,13097004890495,16.666999,16.650200,,1.808700,1.112500,
45,ECalibratedLiquid,1000,1,6705,6704,6702,6704,6658,13097005056997,16.889796,16.664600,,1.322500,1.242300,
45,ECalibratedLiquid,1000,1,6706,6705,6703,6705,6659,13097005223643,16.667502,16.700000,,1.357300,1.083600,
45,ECalibratedLiquid,1000,1,6707,6706,6704,6706,6660,13097005390643,16.670698,16.666300,,1.398200,1.073500,
45,ECalibratedLiquid,1000,1,6708,6707,6705,6707,6661,13097005557306,16.662804,16.890800,,0.000000,0.981000,
45,ECalibratedLiquid,1000,1,6709,6708,6706,6708,6662,13097005726214,16.666496,16.670300,,1.401500,1.058900,
45,ECalibratedLiquid,1000,1,6710,6709,6707,6709,6663,13097005892917,16.667899,16.689800,,1.404400,0.981100,
45,ECalibratedLiquid,1000,1,6711,6710,6708,6710,6664,13097006059815,16.666198,16.639500,,1.330000,0.966600,
45,ECalibratedLiquid,1000,1,6712,6711,6709,6711,6665,13097006226210,16.667701,16.667400,,1.382600,1.170400,
45,ECalibratedLiquid,1000,1,6713,6712,6710,6712,6666,13097006392884,16.667297,16.688200,,1.407500,1.024500,
45,ECalibratedLiquid,1000,1,6714,6713,6711,6713,6667,13097006559766,16.666602,16.651800,,0.000000,1.083400,
45,ECalibratedLiquid,1000,1,6715,6714,6712,6714,6668,13097006726284,16.666099,16.697800,,1.386700,1.074400,
45,ECalibratedLiquid,1000,1,6716,6715,6713,6715,6669,13097006893262,16.667297,16.640500,,1.544200,0.917800,
45,ECalibratedLiquid,1000,1,6717,6716,6714,6716,6670,13097007059667,16.667603,16.666500,,1.441400,0.947700,
45,ECalibratedLiquid,1000,1,6718,6717,6715,6717,6671,13097007226332,16.666504,16.661000,,1.681500,1.269100,
45,ECalibratedLiquid,1000,1,6719,6718,6716,6718,6672,13097007392942,16.666999,16.671700,,1.352800,0.944800,
45,ECalibratedLiquid,1000,1,6720,6719,6717,6719,6673,13097007559659,16.666794,16.668200,,0.000000,0.977700,
45,ECalibratedLiquid,1000,1,6721,6720,6718,6720,6674,13097007726341,16.666405,16.665300,,1.333200,0.949100,
45,ECalibratedLiquid,1000,1,6722,6721,6719,6721,6675,13097007892994,16.666900,16.666900,,1.859100,1.187500,
45,ECalibratedLiquid,1000,1,6723,6722,6720,6722,6676,13097008059663,16.666999,16.667500,,1.379900,0.904400,
45,ECalibratedLiquid,1000,1,6724,6723,6721,6723,6677,13097008226338,16.666999,16.670200,,1.359800,0.926700,
45,ECalibratedLiquid,1000,1,6725,6724,6722,6724,6678,13097008393040,16.667100,16.653100,,1.385900,0.972000,
45,ECalibratedLiquid,1000,1,6726,6725,6723,6725,6679,13097008559571,16.666602,16.676800,,0.000000,0.940300,
45,ECalibratedLiquid,1000,1,6727,6726,6724,6726,6680,13097008726339,16.667100,16.689000,,1.505300,1.123500,
45,ECalibratedLiquid,1000,1,6728,6727,6725,6727,6681,13097008893229,16.666802,16.645800,,1.423300,0.991600,
45,ECalibratedLiquid,1000,1,6729,6728,6726,6728,6682,13097009059687,16.666496,16.665600,,1.524200,1.261600,
45,ECalibratedLiquid,1000,1,6730,6729,6727,6729,6683,13097009226343,16.666602,16.666300,,1.314200,1.143800,
45,ECalibratedLiquid,1000,1,6731,6730,6728,6730,6684,13097009393006,16.667496,16.666400,,1.390700,0.877000,
45,ECalibratedLiquid,1000,1,6732,6731,6729,6731,6685,13097009559670,16.666900,16.660300,,0.000000,1.084400,
45,ECalibratedLiquid,1000,1,6733,6732,6730,6732,6686,13097009726273,16.667502,16.680900,,1.434200,1.017500,
45,ECalibratedLiquid,1000,1,6734,6733,6731,6733,6687,13097009893082,16.665796,16.671800,,1.700200,1.075600,
45,ECalibratedLiquid,1000,1,6735,6734,6732,6734,6688,13097010059800,16.667701,16.652600,,1.382300,1.032000,
45,ECalibratedLiquid,1000,1,6736,6735,6733,6735,6689,13097010226326,16.668800,16.723400,,1.330600,1.087400,
45,ECalibratedLiquid,1000,1,6737,6736,6734,6736,6690,13097010393560,16.663903,16.605200,,1.446500,1.120400,
45,ECalibratedLiquid,1000,1,6738,6737,6735,6737,6691,13097010559612,16.666900,16.686500,,0.000000,0.893800,
45,ECalibratedLiquid,1000,1,6739,6738,6736,6738,6692,13097010726477,16.666802,16.687400,,1.451300,0.998400,
45,ECalibratedLiquid,1000,1,6740,6739,6737,6739,6693,13097010893351,16.693098,16.623400,,1.400700,0.949200,
45,ECalibratedLiquid,1000,1,6741,6740,6738,6740,6694,13097011059585,16.667502,16.667100,,1.347800,1.104100,
45,ECalibratedLiquid,1000,1,6742,6741,6739,6741,6695,13097011226256,16.667899,16.669700,,1.337500,1.218700,
45,ECalibratedLiquid,1000,1,6743,6742,6740,6742,6696,13097011392953,16.667100,16.700200,,1.701200,0.951500,
45,ECalibratedLiquid,1000,1,6744,6743,6741,6743,6697,13097011559955,16.667396,16.669000,,0.000000,0.981800,
45,ECalibratedLiquid,1000,1,6745,6744,6742,6744,6698,13097011726645,16.666001,16.666900,,1.571000,1.103600,
45,ECalibratedLiquid,1000,1,6746,6745,6743,6745,6699,13097011893314,16.667198,16.810400,,1.433800,0.974700,
45,ECalibratedLiquid,1000,1,6747,6746,6744,6746,6700,13097012061418,16.667105,16.524800,,1.692600,1.261700,
45,ECalibratedLiquid,1000,1,6748,6747,6745,6747,6701,13097012226666,16.666695,16.662700,,1.356100,0.971100,
45,ECalibratedLiquid,1000,1,6749,6748,6746,6748,6702,13097012393293,16.667502,16.671600,,1.476800,0.928700,
45,ECalibratedLiquid,1000,1,6750,6749,6747,6749,6703,13097012560009,16.666099,16.666700,,0.000000,1.350300,
45,ECalibratedLiquid,1000,1,6751,6750,6748,6750,6704,13097012726676,16.666703,16.665800,,1.357200,1.034300,
45,ECalibratedLiquid,1000,1,6752,6751,6749,6751,6705,13097012893334,16.666595,16.680600,,1.350600,1.011200,
45,ECalibratedLiquid,1000,1,6753,6752,6750,6752,6706,13097013060140,16.697705,16.657100,,1.346600,1.061800,
45,ECalibratedLiquid,1000,1,6754,6753,6751,6753,6707,13097013226711,16.666794,16.653400,,1.313500,1.032500,
45,ECalibratedLiquid,1000,1,6755,6754,6752,6754,6708,13097013393245,16.667105,16.667900,,1.581000,1.045500,
45,ECalibratedLiquid,1000,1,6756,6755,6753,6755,6709,13097013559924,16.705096,16.699000,,0.000000,1.276900,
45,ECalibratedLiquid,1000,1,6757,6756,6754,6756,6710,13097013726914,16.666602,16.664900,,1.412900,0.880900,
45,ECalibratedLiquid,1000,1,6758,6757,6755,6757,6711,13097013893563,16.666802,16.671700,,1.216100,0.821800,
45,ECalibratedLiquid,1000,1,6759,6758,6756,6758,6712,13097014060280,16.666900,16.706800,,1.058600,0.781700,
45,ECalibratedLiquid,1000,1,6760,6759,6757,6759,6713,13097014227348,16.666999,16.658000,,1.092400,0.822400,
45,ECalibratedLiquid,1000,1,6761,6760,6758,6760,6714,13097014393928,16.666496,16.665400,,1.037300,0.801800,
45,ECalibratedLiquid,1000,1,6762,6761,6759,6761,6715,13097014560582,16.667502,16.671800,,0.000000,0.786600,
45,ECalibratedLiquid,1000,1,6763,6762,6760,6762,6716,13097014727300,16.688300,16.665200,,1.369000,1.230300,
45,ECalibratedLiquid,1000,1,6764,6763,6761,6763,6717,13097014893952,16.666198,16.662800,,1.506600,1.111600,
45,ECalibratedLiquid,1000,1,6765,6764,6762,6764,6718,13097015060580,16.667496,16.677900,,1.379100,1.007500,
45,ECalibratedLiquid,1000,1,6766,6765,6763,6765,6719,13097015227359,16.666900,16.722400,,1.357400,1.012400,
45,ECalibratedLiquid,1000,1,6767,6766,6764,6766,6720,13097015394583,16.666602,16.633700,,1.339300,0.917300,
45,ECalibratedLiquid,1000,1,6768,6767,6765,6767,6721,13097015560920,16.667198,16.677800,,0.000000,0.935800,
45,ECalibratedLiquid,1000,1,6769,6768,6766,6768,6722,13097015727698,16.666802,16.661400,,1.361900,1.053400,
45,ECalibratedLiquid,1000,1,6770,6769,6767,6769,6723,13097015894312,16.666496,16.661500,,1.458300,1.256700,
45,ECalibratedLiquid,1000,1,6771,6770,6768,6770,6724,13097016060927,16.668105,16.669400,,1.797400,1.041600,
45,ECalibratedLiquid,1000,1,6772,6771,6769,6771,6725,13097016227621,16.666695,16.669000,,1.298200,0.973800,
45,ECalibratedLiquid,1000,1,6773,6772,6770,6772,6726,13097016394311,16.670607,16.659300,,1.902900,1.064100,
45,ECalibratedLiquid,1000,1,6774,6773,6771,6773,6727,13097016560904,16.663095,16.888500,,0.000000,1.072500,
45,ECalibratedLiquid,1000,1,6775,6774,6772,6774,6728,13097016729789,16.667403,16.459900,,1.385700,1.075000,
45,ECalibratedLiquid,1000,1,6776,6775,6773,6775,6729,13097016894388,16.666900,16.667400,,1.867900,1.233000,
45,ECalibratedLiquid,1000,1,6777,6776,6774,6776,6730,13097017061062,16.666794,16.657800,,1.808300,1.136600,
45,ECalibratedLiquid,1000,1,6778,6777,6775,6777,6731,13097017227640,16.726701,16.688500,,1.830400,1.238200,
45,ECalibratedLiquid,1000,1,6779,6778,6776,6778,6732,13097017394525,16.667206,16.654600,,1.858400,1.302000,
45,ECalibratedLiquid,1000,1,6780,6779,6777,6779,6733,13097017561071,16.666695,16.669400,,0.000000,1.279800,
45,ECalibratedLiquid,1000,1,6781,6780,6778,6780,6734,13097017727765,16.668204,16.724400,,2.103800,1.488900,
45,ECalibratedLiquid,1000,1,6782,6781,6779,6781,6735,13097017895009,16.665498,16.666300,,1.964800,1.268500,
45,ECalibratedLiquid,1000,1,6783,6782,6780,6782,6736,13097018061672,16.667603,16.666600,,1.352800,1.037400,
45,ECalibratedLiquid,1000,1,6784,6783,6781,6783,6737,13097018228338,16.666299,16.696900,,1.959600,1.302300,
45,ECalibratedLiquid,1000,1,6785,6784,6782,6784,6738,13097018395307,16.666602,16.632300,,1.467800,1.275100,
45,ECalibratedLiquid,1000,1,6786,6785,6783,6785,6739,13097018561630,16.666794,16.677500,,0.000000,1.075700,
45,ECalibratedLiquid,1000,1,6787,6786,6784,6786,6740,13097018728405,16.668303,16.653500,,1.359900,0.980600,
45,ECalibratedLiquid,1000,1,6788,6787,6785,6787,6741,13097018894940,16.834900,16.661700,,1.975900,1.415300,
45,ECalibratedLiquid,1000,1,6789,6788,6786,6788,6742,13097019061557,16.666703,16.668700,,1.352400,0.997800,
45,ECalibratedLiquid,1000,1,6790,6789,6787,6789,6743,13097019228244,16.666999,16.678600,,1.465000,0.929800,
45,ECalibratedLiquid,1000,1,6791,6790,6788,6790,6744,13097019395030,16.667100,16.828000,,1.319300,1.017900,
45,ECalibratedLiquid,1000,1,6792,6791,6789,6791,6745,13097019563310,16.667297,16.656300,,0.000000,1.116400,
45,ECalibratedLiquid,1000,1,6793,6792,6790,6792,6746,13097019729873,16.666703,16.671000,,1.441400,1.148100,
45,ECalibratedLiquid,1000,1,6794,6793,6791,6793,6747,13097019896583,16.667297,16.666300,,1.098700,0.895500,
45,ECalibratedLiquid,1000,1,6795,6794,6792,6794,6748,13097020063246,16.667100,16.669700,,1.376000,0.974100,
45,ECalibratedLiquid,1000,1,6796,6795,6793,6795,6749,13097020229943,16.668204,16.661000,,1.374600,1.033600,
45,ECalibratedLiquid,1000,1,6797,6796,6794,6796,6750,13097020396553,16.666703,16.669300,,1.316400,1.162300,
45,ECalibratedLiquid,1000,1,6798,6797,6795,6797,6751,13097020563246,16.666999,16.703200,,0.000000,1.086500,
45,ECalibratedLiquid,1000,1,6799,6798,6796,6798,6752,13097020730278,16.665895,16.642800,,1.404000,1.034500,
45,ECalibratedLiquid,1000,1,6800,6799,6797,6799,6753,13097020896706,16.666703,16.666200,,1.328600,0.929200,
45,ECalibratedLiquid,1000,1,6801,6800,6798,6800,6754,13097021063368,16.666999,16.663800,,1.360100,1.017500,
46,ECalibratedLiquid,1000,4,6833,6832,6830,6832,6785,13097041259954,16.667100,16.680600,,1.395300,1.011500,
46,ECalibratedLiquid,1000,4,6834,6833,6831,6833,6786,13097041426760,16.668098,16.657600,,0.000000,0.951300,
46,ECalibratedLiquid,1000,4,6835,6834,6832,6834,6787,13097041593336,16.666099,16.670400,,1.465600,0.968400,
46,ECalibratedLiquid,1000,4,6836,6835,6833,6835,6788,13097041760040,16.666602,16.663400,,1.358200,1.025800,
46,ECalibratedLiquid,1000,4,6837,6836,6834,6836,6789,13097041926674,16.666504,16.675700,,1.357900,0.945300,
46,ECalibratedLiquid,1000,4,6838,6837,6835,6837,6790,13097042093431,16.666595,16.662100,,1.458400,0.992700,
46,ECalibratedLiquid,1000,4,6839,6838,6836,6838,6791,13097042260052,16.667198,16.667700,,1.385900,1.010900,
46,ECalibratedLiquid,1000,4,6840,6839,6837,6839,6792,13097042426729,16.666602,16.663200,,0.000000,0.973500,
46,ECalibratedLiquid,1000,4,6841,6840,6838,6840,6793,13097042593361,16.667502,16.666000,,1.386200,1.010500,
46,ECalibratedLiquid,1000,4,6842,6841,6839,6841,6794,13097042760021,16.666001,16.668900,,1.376100,1.239000,
46,ECalibratedLiquid,1000,4,6843,6842,6840,6842,6795,13097042926710,16.667100,16.664800,,2.161900,1.007300,
46,ECalibratedLiquid,1000,4,6844,6843,6841,6843,6796,13097043093358,16.667100,16.673900,,1.414900,1.067100,
46,ECalibratedLiquid,1000,4,6845,6844,6842,6844,6797,13097043260097,16.667100,16.658400,,1.430300,1.010700,
46,ECalibratedLiquid,1000,4,6846,6845,6843,6845,6798,13097043426681,16.666397,16.670400,,0.000000,0.986200,
46,ECalibratedLiquid,1000,4,6847,6846,6844,6846,6799,13097043593385,16.667305,16.690800,,1.353300,0.962100,
46,ECalibratedLiquid,1000,4,6848,6847,6845,6847,6800,13097043760293,16.667496,16.648300,,1.320600,0.950700,
46,ECalibratedLiquid,1000,4,6849,6848,6846,6848,6801,13097043926776,16.665703,16.661000,,1.388900,0.986900,
46,ECalibratedLiquid,1000,4,6850,6849,6847,6849,6802,13097044093386,16.666900,16.667300,,1.367400,0.984400,
46,ECalibratedLiquid,1000,4,6851,6850,6848,6850,6803,13097044260059,16.667396,16.671500,,1.354100,0.970700,
46,ECalibratedLiquid,1000,4,6852,6851,6849,6851,6804,13097044426774,16.666504,16.661900,,0.000000,0.996700,
46,ECalibratedLiquid,1000,4,6853,6852,6850,6852,6805,13097044593393,16.666900,16.667900,,1.353000,1.042500,
46,ECalibratedLiquid,1000,4,6854,6853,6851,6853,6806,13097044760072,16.667297,16.666200,,1.358000,0.944000,
46,ECalibratedLiquid,1000,4,6855,6854,6852,6854,6807,13097044926734,16.668700,16.665600,,1.366500,0.978000,
46,ECalibratedLiquid,1000,4,6856,6855,6853,6855,6808,13097045093390,16.666001,16.667600,,1.372600,1.292900,
46,ECalibratedLiquid,1000,4,6857,6856,6854,6856,6809,13097045260066,16.670501,16.667600,,1.650800,1.084600,
46,ECalibratedLiquid,1000,4,6858,6857,6855,6857,6810,13097045426742,16.664101,16.669100,,0.000000,0.946600,
46,ECalibratedLiquid,1000,4,6859,6858,6856,6858,6811,13097045593433,16.666900,16.661700,,1.401100,0.976000,
46,ECalibratedLiquid,1000,4,6860,6859,6857,6859,6812,13097045760050,16.666900,16.807000,,1.361700,0.997200,
46,ECalibratedLiquid,1000,4,6861,6860,6858,6860,6813,13097045928120,16.666794,16.532700,,1.374800,1.262000,
46,ECalibratedLiquid,1000,4,6862,6861,6859,6861,6814,13097046093447,16.667701,16.790500,,1.518100,0.994500,
46,ECalibratedLiquid,1000,4,6863,6862,6860,6862,6815,13097046261352,16.667603,16.542600,,1.442600,1.238700,
46,ECalibratedLiquid,1000,4,6864,6863,6861,6863,6816,13097046426778,16.666001,16.675800,,0.000000,0.956000,
46,ECalibratedLiquid,1000,4,6865,6864,6862,6864,6817,13097046593536,16.667100,16.666000,,1.351900,0.892600,
46,ECalibratedLiquid,1000,4,6866,6865,6863,6865,6818,13097046760196,16.666802,16.667800,,1.451400,0.956900,
46,ECalibratedLiquid,1000,4,6867,6866,6864,6866,6819,13097046926874,16.667800,16.667700,,1.424000,0.918600,
46,ECalibratedLiquid,1000,4,6868,6867,6865,6867,6820,13097047093551,16.666198,16.664200,,1.444800,0.921400,
46,ECalibratedLiquid,1000,4,6869,6868,6866,6868,6821,13097047260193,16.666999,16.666900,,1.392800,1.159300,
46,ECalibratedLiquid,1000,4,6870,6869,6867,6869,6822,13097047426862,16.666703,16.667900,,0.000000,1.015100,
46,ECalibratedLiquid,1000,4,6871,6870,6868,6870,6823,13097047593541,16.666900,16.669100,,1.489400,0.928300,
46,ECalibratedLiquid,1000,4,6872,6871,6869,6871,6824,13097047760232,16.665895,16.663700,,1.346000,1.019000,
46,ECalibratedLiquid,1000,4,6873,6872,6870,6872,6825,13097047926869,16.667701,16.677200,,1.422900,1.071800,
46,ECalibratedLiquid,1000,4,6874,6873,6871,6873,6826,13097048093641,16.666900,16.657300,,1.362500,0.947700,
46,ECalibratedLiquid,1000,4,6875,6874,6872,6874,6827,13097048260214,16.666504,16.662200,,1.396700,1.103900,
46,ECalibratedLiquid,1000,4,6876,6875,6873,6875,6828,13097048426836,16.666794,16.669900,,0.000000,0.970200,
46,ECalibratedLiquid,1000,4,6877,6876,6874,6876,6829,13097048593535,16.669601,16.667700,,1.394200,0.937700,
46,ECalibratedLiquid,1000,4,6878,6877,6875,6877,6830,13097048760212,16.665101,16.692300,,1.395600,1.002100,
46,ECalibratedLiquid,1000,4,6879,6878,6876,6878,6831,13097048927135,16.666802,16.637900,,1.462600,1.071100,
46,ECalibratedLiquid,1000,4,6880,6879,6877,6879,6832,13097049093514,16.666504,16.682400,,1.401400,0.992900,
46,ECalibratedLiquid,1000,4,6881,6880,6878,6880,6833,13097049260338,16.666198,16.665400,,1.462500,1.001000,
46,ECalibratedLiquid,1000,4,6882,6881,6879,6881,6834,13097049426992,16.667100,16.658500,,0.000000,0.932800,
46,ECalibratedLiquid,1000,4,6883,6882,6880,6882,6835,13097049593577,16.667100,16.665700,,1.502200,0.970600,
46,ECalibratedLiquid,1000,4,6884,6883,6881,6883,6836,13097049760234,16.667502,16.658100,,1.398600,1.036400,
46,ECalibratedLiquid,1000,4,6885,6884,6882,6884,6837,13097049926815,16.666595,16.671500,,1.406800,0.934200,
46,ECalibratedLiquid,1000,4,6886,6885,6883,6885,6838,13097050093530,16.666602,16.666200,,1.454000,0.981000,
46,ECalibratedLiquid,1000,4,6887,6886,6884,6886,6839,13097050260192,16.666900,16.671400,,1.372700,0.916100,
46,ECalibratedLiquid,1000,4,6888,6887,6885,6887,6840,13097050426906,16.666802,16.666800,,0.000000,1.068700,
46,ECalibratedLiquid,1000,4,6889,6888,6886,6888,6841,13097050593574,16.666496,16.663700,,1.403300,0.949200,
46,ECalibratedLiquid,1000,4,6890,6889,6887,6889,6842,13097050760211,16.667100,16.664700,,1.360600,0.919700,
46,ECalibratedLiquid,1000,4,6891,6890,6888,6890,6843,13097050926858,16.666602,16.668700,,1.416000,1.046500,
46,ECalibratedLiquid,1000,4,6892,6891,6889,6891,6844,13097051093545,16.667297,16.665700,,1.372000,1.012400,
46,ECalibratedLiquid,1000,4,6893,6892,6890,6892,6845,13097051260202,16.668404,16.665100,,1.449300,1.058200,
46,ECalibratedLiquid,1000,4,6894,6893,6891,6893,6846,13097051426853,16.665298,16.662800,,0.000000,1.054700,
46,ECalibratedLiquid,1000,4,6895,6894,6892,6894,6847,13097051593481,16.667198,16.675800,,1.364400,0.897100,
46,ECalibratedLiquid,1000,4,6896,6895,6893,6895,6848,13097051760239,16.666900,16.680400,,1.350500,1.063700,
46,ECalibratedLiquid,1000,4,6897,6896,6894,6896,6849,13097051927043,16.666602,16.655600,,1.736300,1.018600,
46,ECalibratedLiquid,1000,4,6898,6897,6895,6897,6850,13097052093599,16.676297,16.672500,,1.448700,1.038500,
46,ECalibratedLiquid,1000,4,6899,6898,6896,6898,6851,13097052260324,16.667305,16.662100,,1.553900,0.952500,
46,ECalibratedLiquid,1000,4,6900,6899,6897,6899,6852,13097052426945,16.666893,16.671200,,1.497900,0.968600,
46,ECalibratedLiquid,1000,4,6901,6900,6898,6900,6853,13097052593657,16.667403,16.666100,,0.000000,0.940200,
46,ECalibratedLiquid,1000,4,6902,6901,6899,6901,6854,13097052760318,16.666802,16.672200,,2.025000,1.328600,
46,ECalibratedLiquid,1000,4,6903,6902,6900,6902,6855,13097052927040,16.666099,16.666500,,1.445700,0.931200,
46,ECalibratedLiquid,1000,4,6904,6903,6901,6903,6856,13097053093705,16.666900,16.675800,,1.414100,0.935600,
46,ECalibratedLiquid,1000,4,6905,6904,6902,6904,6857,13097053260463,16.666695,16.662500,,1.335600,0.972000,
46,ECalibratedLiquid,1000,4,6906,6905,6903,6905,6858,13097053427088,16.686806,16.658000,,1.429700,1.016500,
46,ECalibratedLiquid,1000,4,6907,6906,6904,6906,6859,13097053593668,16.667100,16.662500,,0.000000,0.961700,
46,ECalibratedLiquid,1000,4,6908,6907,6905,6907,6860,13097053760293,16.666001,16.671000,,1.247800,1.119000,
46,ECalibratedLiquid,1000,4,6909,6908,6906,6908,6861,13097053927003,16.667800,16.688400,,1.367000,1.006200,
46,ECalibratedLiquid,1000,4,6910,6909,6907,6909,6862,13097054093887,16.666397,16.668600,,1.051100,0.863100,
46,ECalibratedLiquid,1000,4,6911,6910,6908,6910,6863,13097054260573,16.666602,16.656600,,1.079300,0.788200,
46,ECalibratedLiquid,1000,4,6912,6911,6909,6911,6864,13097054427139,16.667100,16.669200,,1.221200,0.862900,
46,ECalibratedLiquid,1000,4,6913,6912,6910,6912,6865,13097054593831,16.666397,16.675600,,0.000000,0.954800,
46,ECalibratedLiquid,1000,4,6914,6913,6911,6913,6866,13097054760587,16.667198,16.657700,,1.263900,0.939800,
46,ECalibratedLiquid,1000,4,6915,6914,6912,6914,6867,13097054927164,16.667105,16.672400,,1.122400,0.838100,
46,ECalibratedLiquid,1000,4,6916,6915,6913,6915,6868,13097055093888,16.666794,16.663700,,1.483200,1.161900,
46,ECalibratedLiquid,1000,4,6917,6916,6914,6916,6869,13097055260525,16.666703,16.666800,,1.445200,1.028100,
46,ECalibratedLiquid,1000,4,6918,6917,6915,6917,6870,13097055427193,16.666802,16.671100,,1.483300,0.944100,
46,ECalibratedLiquid,1000,4,6919,6918,6916,6918,6871,13097055593904,16.667396,16.669500,,0.000000,1.034200,
46,ECalibratedLiquid,1000,4,6920,6919,6917,6919,6872,13097055760599,16.666504,16.666500,,1.340500,1.020500,
46,ECalibratedLiquid,1000,4,6921,6920,6918,6920,6873,13097055927264,16.666703,16.666900,,1.484900,1.490500,
46,ECalibratedLiquid,1000,4,6922,6921,6919,6921,6874,13097056093933,16.666299,16.967700,,1.343600,1.104900,
46,ECalibratedLiquid,1000,4,6923,6922,6920,6922,6875,13097056263610,16.667701,16.364500,,1.534000,1.278900,
46,ECalibratedLiquid,1000,4,6924,6923,6921,6923,6876,13097056427255,16.666794,16.667000,,1.715100,1.104000,
46,ECalibratedLiquid,1000,4,6925,6924,6922,6924,6877,13097056593925,16.666602,16.678200,,0.000000,1.405000,
46,ECalibratedLiquid,1000,4,6926,6925,6923,6925,6878,13097056760707,16.667502,16.656900,,1.358600,0.930700,
46,ECalibratedLiquid,1000,4,6927,6926,6924,6926,6879,13097056927276,16.667198,16.670100,,1.326100,1.067400,
46,ECalibratedLiquid,1000,4,6928,6927,6925,6927,6880,13097057093977,16.666595,16.657900,,1.421800,0.974400,
46,ECalibratedLiquid,1000,4,6929,6928,6926,6928,6881,13097057260556,16.666900,16.673700,,1.435200,0.990700,
46,ECalibratedLiquid,1000,4,6930,6929,6927,6929,6882,13097057427293,16.666900,16.667800,,1.333000,1.152500,
46,ECalibratedLiquid,1000,4,6931,6930,6928,6930,6883,13097057593971,16.666900,16.664700,,0.000000,1.001100,
46,ECalibratedLiquid,1000,4,6932,6931,6929,6931,6884,13097057760618,16.667305,16.667900,,1.485400,1.255300,
46,ECalibratedLiquid,1000,4,6933,6932,6930,6932,6885,13097057927297,16.666397,16.666800,,1.305500,0.931200,
46,ECalibratedLiquid,1000,4,6934,6933,6931,6933,6886,13097058093965,16.667297,16.665800,,1.578000,1.069500,
46,ECalibratedLiquid,1000,4,6935,6934,6932,6934,6887,13097058260623,16.708801,16.669400,,1.632200,1.403700,
46,ECalibratedLiquid,1000,4,6936,6935,6933,6935,6888,13097058427317,16.667305,16.665400,,1.344300,1.013400,
46,ECalibratedLiquid,1000,4,6937,6936,6934,6936,6889,13097058593971,16.667100,16.667700,,0.000000,0.980200,
46,ECalibratedLiquid,1000,4,6938,6937,6935,6937,6890,13097058760648,16.667800,16.715600,,1.631600,1.323300,
46,ECalibratedLiquid,1000,4,6939,6938,6936,6938,6891,13097058927804,16.665902,16.659300,,1.961700,1.297200,
46,ECalibratedLiquid,1000,4,6940,6939,6937,6939,6892,13097059094397,16.666695,16.667300,,1.360800,0.944900,
46,ECalibratedLiquid,1000,4,6941,6940,6938,6940,6893,13097059261070,16.666198,16.674700,,1.442800,0.903500,
46,ECalibratedLiquid,1000,4,6942,6941,6939,6941,6894,13097059427817,16.667502,16.656900,,1.217600,0.992500,
46,ECalibratedLiquid,1000,4,6943,6942,6940,6942,6895,13097059594386,16.667198,16.663500,,0.000000,0.868600,
46,ECalibratedLiquid,1000,4,6944,6943,6941,6943,6896,13097059761021,16.666802,16.664200,,1.255500,0.953600,
46,ECalibratedLiquid,1000,4,6945,6944,6942,6944,6897,13097059927663,16.666900,16.669300,,1.366600,1.052300,
46,ECalibratedLiquid,1000,4,6946,6945,6943,6945,6898,13097060094356,16.666703,16.670300,,1.405900,0.987400,
46,ECalibratedLiquid,1000,4,6947,6946,6944,6946,6899,13097060261059,16.666496,16.664600,,1.348700,1.106700,
46,ECalibratedLiquid,1000,4,6948,6947,6945,6947,6900,13097060427705,16.674001,16.668900,,1.464200,1.112900,
46,ECalibratedLiquid,1000,4,6949,6948,6946,6948,6901,13097060594394,16.666900,16.666200,,0.000000,1.174500,
46,ECalibratedLiquid,1000,4,6950,6949,6947,6949,6902,13097060761056,16.667396,16.664600,,1.379600,0.944600,
46,ECalibratedLiquid,1000,4,6951,6950,6948,6950,6903,13097060927702,16.667403,16.690400,,1.318300,1.013500,
46,ECalibratedLiquid,1000,4,6952,6951,6949,6951,6904,13097061094606,16.666001,16.652600,,1.485400,1.064900,
47,ECalibratedLiquid,1000,8,6984,6983,6981,6983,6935,13097082285583,16.666802,16.851100,,1.344100,1.044400,
47,ECalibratedLiquid,1000,8,6985,6984,6982,6984,6936,13097082454094,16.666802,16.483300,,1.346200,0.938600,
47,ECalibratedLiquid,1000,8,6986,6985,6983,6985,6937,13097082618927,16.667198,16.668500,,1.419000,0.964900,
47,ECalibratedLiquid,1000,8,6987,6986,6984,6986,6938,13097082785612,16.666397,16.665900,,1.351600,1.030400,
47,ECalibratedLiquid,1000,8,6988,6987,6985,6987,6939,13097082952271,16.667701,16.668300,,0.000000,0.937500,
47,ECalibratedLiquid,1000,8,6989,6988,6986,6988,6940,13097083118954,16.666703,16.669600,,1.363800,0.977500,
47,ECalibratedLiquid,1000,8,6990,6989,6987,6989,6941,13097083285650,16.666900,16.666700,,1.353000,0.953500,
47,ECalibratedLiquid,1000,8,6991,6990,6988,6990,6942,13097083452317,16.666802,16.669900,,1.348800,0.941200,
47,ECalibratedLiquid,1000,8,6992,6991,6989,6991,6943,13097083619016,16.666695,16.664300,,1.402500,0.956500,
47,ECalibratedLiquid,1000,8,6993,6992,6990,6992,6944,13097083785659,16.666405,16.663900,,1.390000,1.261400,
47,ECalibratedLiquid,1000,8,6994,6993,6991,6993,6945,13097083952298,16.667198,16.668600,,0.000000,1.379600,
47,ECalibratedLiquid,1000,8,6995,6994,6992,6994,6946,13097084118984,16.666496,16.666700,,1.470900,1.025600,
47,ECalibratedLiquid,1000,8,6996,6995,6993,6995,6947,13097084285651,16.667305,16.666900,,1.348600,0.923300,
47,ECalibratedLiquid,1000,8,6997,6996,6994,6996,6948,13097084452320,16.666703,16.741500,,1.326200,0.942700,
47,ECalibratedLiquid,1000,8,6998,6997,6995,6997,6949,13097084619735,16.667198,16.589800,,1.342700,0.943900,
47,ECalibratedLiquid,1000,8,6999,6998,6996,6998,6950,13097084785633,16.667297,16.669600,,1.375500,0.948100,
47,ECalibratedLiquid,1000,8,7000,6999,6997,6999,6951,13097084952329,16.666299,16.663200,,0.000000,1.009300,
47,ECalibratedLiquid,1000,8,7001,7000,6998,7000,6952,13097085118961,16.666602,16.674000,,1.353100,1.014500,
47,ECalibratedLiquid,1000,8,7002,7001,6999,7001,6953,13097085285701,16.666900,16.667900,,1.387900,0.967300,
47,ECalibratedLiquid,1000,8,7003,7002,7000,7002,6954,13097085452380,16.668098,16.667500,,1.360400,0.933200,
47,ECalibratedLiquid,1000,8,7004,7003,7001,7003,6955,13097085619055,16.665703,16.662600,,1.427900,0.994100,
47,ECalibratedLiquid,1000,8,7005,7004,7002,7004,6956,13097085785681,16.667100,16.663200,,1.327300,1.037800,
47,ECalibratedLiquid,1000,8,7006,7005,7003,7005,6957,13097085952313,16.667396,16.680800,,0.000000,1.066900,
47,ECalibratedLiquid,1000,8,7007,7006,7004,7006,6958,13097086119121,16.667007,16.654600,,1.358000,1.023300,
47,ECalibratedLiquid,1000,8,7008,7007,7005,7007,6959,13097086285667,16.666695,16.668600,,1.404900,0.960100,
47,ECalibratedLiquid,1000,8,7009,7008,7006,7008,6960,13097086452353,16.666299,16.832100,,1.348300,0.951000,
47,ECalibratedLiquid,1000,8,7010,7009,7007,7009,6961,13097086620674,16.666900,16.629100,,1.372700,0.930800,
47,ECalibratedLiquid,1000,8,7011,7010,7008,7010,6962,13097086786965,16.667603,16.539300,,1.333500,1.013800,
47,ECalibratedLiquid,1000,8,7012,7011,7009,7011,6963,13097086952358,16.666802,16.666200,,0.000000,1.104700,
47,ECalibratedLiquid,1000,8,7013,7012,7010,7012,6964,13097087119020,16.667198,16.663300,,1.359400,0.990900,
47,ECalibratedLiquid,1000,8,7014,7013,7011,7013,6965,13097087285653,16.666999,16.677100,,1.365600,1.047500,
47,ECalibratedLiquid,1000,8,7015,7014,7012,7014,6966,13097087452424,16.666900,16.684600,,1.347800,0.940800,
47,ECalibratedLiquid,1000,8,7016,7015,7013,7015,6967,13097087619270,16.887600,16.653100,,1.361800,1.003100,
47,ECalibratedLiquid,1000,8,7017,7016,7014,7016,6968,13097087785801,19.909000,16.664200,,1.823300,1.039700,
47,ECalibratedLiquid,1000,8,7018,7017,7015,7017,6969,13097087952443,16.668404,16.667100,,1.426800,0.854600,
47,ECalibratedLiquid,1000,8,7019,7018,7016,7018,6970,13097088119114,16.667198,33.346200,,0.000000,1.176100,
47,ECalibratedLiquid,1000,8,7020,7019,7017,7019,6971,13097088452576,16.666299,3.473500,,1.370100,0.968100,
47,ECalibratedLiquid,1000,8,7021,7020,7018,7020,6972,13097088487311,16.666703,16.698000,,1.340800,0.990900,
47,ECalibratedLiquid,1000,8,7022,7021,7019,7021,6973,13097088654291,16.666602,16.676600,,1.307600,0.904300,
47,ECalibratedLiquid,1000,8,7023,7022,7020,7022,6974,13097088821057,16.667198,16.666300,,1.187800,0.918900,
47,ECalibratedLiquid,1000,8,7024,7023,7021,7023,6975,13097088987720,16.667100,16.604700,,1.341700,0.944800,
47,ECalibratedLiquid,1000,8,7025,7024,7022,7024,6976,13097089153767,16.666999,16.662400,,0.000000,0.959600,
47,ECalibratedLiquid,1000,8,7026,7025,7023,7025,6977,13097089320391,16.666405,16.672300,,1.362100,0.992400,
47,ECalibratedLiquid,1000,8,7027,7026,7024,7026,6978,13097089487114,16.667297,16.666300,,1.409300,0.951400,
47,ECalibratedLiquid,1000,8,7028,7027,7025,7027,6979,13097089653777,16.667100,16.667500,,1.359000,1.124100,
47,ECalibratedLiquid,1000,8,7029,7028,7026,7028,6980,13097089820452,16.666299,16.665500,,1.370800,1.233600,
47,ECalibratedLiquid,1000,8,7030,7029,7027,7029,6981,13097089987107,16.667502,16.667600,,1.380900,1.064400,
47,ECalibratedLiquid,1000,8,7031,7030,7028,7030,6982,13097090153783,16.666099,16.667300,,0.000000,1.316600,
47,ECalibratedLiquid,1000,8,7032,7031,7029,7031,6983,13097090320456,16.667603,16.669000,,1.339500,0.940000,
47,ECalibratedLiquid,1000,8,7033,7032,7030,7032,6984,13097090487146,16.666299,16.671000,,1.368600,0.943800,
47,ECalibratedLiquid,1000,8,7034,7033,7031,7033,6985,13097090653856,16.667100,16.654300,,1.323200,0.886100,
47,ECalibratedLiquid,1000,8,7035,7034,7032,7034,6986,13097090820399,16.669303,16.668400,,1.372900,1.042000,
47,ECalibratedLiquid,1000,8,7036,7035,7033,7035,6987,13097090987083,16.664697,16.664300,,1.353100,1.006700,
47,ECalibratedLiquid,1000,8,7037,7036,7034,7036,6988,13097091153726,16.666602,16.670600,,0.000000,1.045700,
47,ECalibratedLiquid,1000,8,7038,7037,7035,7037,6989,13097091320432,16.666999,16.671200,,1.361000,0.917600,
47,ECalibratedLiquid,1000,8,7039,7038,7036,7038,6990,13097091487144,16.666001,16.664500,,1.421000,1.385300,
47,ECalibratedLiquid,1000,8,7040,7039,7037,7039,6991,13097091653789,16.667198,16.659500,,1.824300,1.017300,
47,ECalibratedLiquid,1000,8,7041,7040,7038,7040,6992,13097091820384,16.667297,16.670900,,1.363600,1.113300,
47,ECalibratedLiquid,1000,8,7042,7041,7039,7041,6993,13097091987093,16.667105,16.659700,,1.431200,0.977400,
47,ECalibratedLiquid,1000,8,7043,7042,7040,7042,6994,13097092153690,16.666595,16.776600,,0.000000,1.030600,
47,ECalibratedLiquid,1000,8,7044,7043,7041,7043,6995,13097092321456,16.667100,16.562200,,1.375100,0.995200,
47,ECalibratedLiquid,1000,8,7045,7044,7042,7044,6996,13097092487078,16.667305,16.668300,,1.375100,0.965300,
47,ECalibratedLiquid,1000,8,7046,7045,7043,7045,6997,13097092653761,16.666595,16.672100,,1.679700,1.044300,
47,ECalibratedLiquid,1000,8,7047,7046,7044,7046,6998,13097092820482,16.666703,16.665700,,1.470200,0.954100,
47,ECalibratedLiquid,1000,8,7048,7047,7045,7047,6999,13097092987139,16.696202,16.667500,,1.394300,0.948500,
47,ECalibratedLiquid,1000,8,7049,7048,7046,7048,7000,13097093153814,16.666999,16.665300,,0.000000,1.031700,
47,ECalibratedLiquid,1000,8,7050,7049,7047,7049,7001,13097093320467,16.667198,16.670500,,1.356100,1.047100,
47,ECalibratedLiquid,1000,8,7051,7050,7048,7050,7002,13097093487172,16.666703,16.694200,,1.408900,0.988700,
47,ECalibratedLiquid,1000,8,7052,7051,7049,7051,7003,13097093654114,16.667297,16.668600,,1.393300,1.000600,
47,ECalibratedLiquid,1000,8,7053,7052,7050,7052,7004,13097093820800,16.666602,16.669300,,1.805400,1.655500,
47,ECalibratedLiquid,1000,8,7054,7053,7051,7053,7005,13097093987493,16.665895,16.664500,,1.690400,1.031000,
47,ECalibratedLiquid,1000,8,7055,7054,7052,7054,7006,13097094154138,16.668007,16.670400,,0.000000,1.051700,
47,ECalibratedLiquid,1000,8,7056,7055,7053,7055,7007,13097094320842,16.666900,16.660500,,1.402000,1.034100,
47,ECalibratedLiquid,1000,8,7057,7056,7054,7056,7008,13097094487447,16.666900,16.661000,,1.464700,1.097400,
47,ECalibratedLiquid,1000,8,7058,7057,7055,7057,7009,13097094654057,16.665993,16.750600,,1.355600,1.018200,
47,ECalibratedLiquid,1000,8,7059,7058,7056,7058,7010,13097094821563,16.667403,16.589600,,1.438000,1.005200,
47,ECalibratedLiquid,1000,8,7060,7059,7057,7059,7011,13097094987459,16.666397,16.662900,,1.493400,1.099700,
47,ECalibratedLiquid,1000,8,7061,7060,7058,7060,7012,13097095154088,16.667305,16.665200,,0.000000,0.956100,
47,ECalibratedLiquid,1000,8,7062,7061,7059,7061,7013,13097095320740,16.666900,16.666700,,1.500700,0.976000,
47,ECalibratedLiquid,1000,8,7063,7062,7060,7062,7014,13097095487407,16.666999,16.663600,,1.392000,1.101400,
47,ECalibratedLiquid,1000,8,7064,7063,7061,7063,7015,13097095654043,16.666496,16.678400,,1.365000,0.934800,
47,ECalibratedLiquid,1000,8,7065,7064,7062,7064,7016,13097095820827,16.667701,16.665600,,1.347400,0.952100,
47,ECalibratedLiquid,1000,8,7066,7065,7063,7065,7017,13097095987483,16.666299,16.667100,,1.433900,0.988400,
47,ECalibratedLiquid,1000,8,7067,7066,7064,7066,7018,13097096154154,16.667198,16.661100,,0.000000,0.994000,
47,ECalibratedLiquid,1000,8,7068,7067,7065,7067,7019,13097096320765,16.666999,16.671200,,1.354400,1.090500,
47,ECalibratedLiquid,1000,8,7069,7068,7066,7068,7020,13097096487477,16.666703,16.667300,,1.748600,0.930700,
47,ECalibratedLiquid,1000,8,7070,7069,7067,7069,7021,13097096654150,16.666802,16.669900,,1.410200,0.944300,
47,ECalibratedLiquid,1000,8,7071,7070,7068,7070,7022,13097096820849,16.666802,16.668900,,1.585000,0.971600,
47,ECalibratedLiquid,1000,8,7072,7071,7069,7071,7023,13097096987538,16.667100,16.736000,,1.366800,1.020000,
47,ECalibratedLiquid,1000,8,7073,7072,7070,7072,7024,13097097154898,16.666703,16.598000,,0.000000,1.120500,
47,ECalibratedLiquid,1000,8,7074,7073,7071,7073,7025,13097097320878,16.667100,16.659100,,1.374300,0.977100,
47,ECalibratedLiquid,1000,8,7075,7074,7072,7074,7026,13097097487469,16.666900,16.676300,,1.395900,1.033900,
47,ECalibratedLiquid,1000,8,7076,7075,7073,7075,7027,13097097654232,16.667100,16.659900,,1.513200,1.012600,
47,ECalibratedLiquid,1000,8,7077,7076,7074,7076,7028,13097097820831,16.666703,16.666600,,1.373500,0.959300,
47,ECalibratedLiquid,1000,8,7078,7077,7075,7077,7029,13097097987497,16.667297,16.670300,,1.446700,0.946000,
47,ECalibratedLiquid,1000,8,7079,7078,7076,7078,7030,13097098154200,16.666602,16.668800,,0.000000,0.969900,
47,ECalibratedLiquid,1000,8,7080,7079,7077,7079,7031,13097098320888,16.667396,16.702800,,1.339500,1.103500,
47,ECalibratedLiquid,1000,8,7081,7080,7078,7080,7032,13097098487916,16.666504,16.823700,,1.460200,0.869700,
47,ECalibratedLiquid,1000,8,7082,7081,7079,7081,7033,13097098656153,16.666496,16.472200,,1.119900,0.908000,
47,ECalibratedLiquid,1000,8,7083,7082,7080,7082,7034,13097098820875,16.666802,16.684600,,1.065000,0.904000,
47,ECalibratedLiquid,1000,8,7084,7083,7081,7083,7035,13097098987721,16.666496,16.645400,,1.104300,0.827300,
47,ECalibratedLiquid,1000,8,7085,7084,7082,7084,7036,13097099154175,16.667100,16.666400,,0.000000,0.863900,
47,ECalibratedLiquid,1000,8,7086,7085,7083,7085,7037,13097099320839,16.666602,16.663600,,1.149800,0.969800,
47,ECalibratedLiquid,1000,8,7087,7086,7084,7086,7038,13097099487475,16.667198,16.667400,,1.140700,0.807500,
47,ECalibratedLiquid,1000,8,7088,7087,7085,7087,7039,13097099654149,16.667206,16.665900,,1.483300,1.017300,
47,ECalibratedLiquid,1000,8,7089,7088,7086,7088,7040,13097099820808,16.665895,16.666900,,1.351100,0.904100,
47,ECalibratedLiquid,1000,8,7090,7089,7087,7089,7041,13097099987477,27.201800,16.673600,,1.364100,0.919500,
47,ECalibratedLiquid,1000,8,7091,7090,7088,7090,7042,13097100154213,33.939004,16.667400,,1.332900,1.090200,
47,ECalibratedLiquid,1000,8,7092,7091,7089,7091,7043,13097100320887,32.967295,16.660100,,2.517400,0.954800,
47,ECalibratedLiquid,1000,8,7093,7092,7090,7092,7044,13097100487488,16.667305,27.197500,,1.082300,0.897300,
47,ECalibratedLiquid,1000,8,7094,7093,7091,7093,7045,13097100759463,16.667297,33.938100,,1.028600,0.845400,
47,ECalibratedLiquid,1000,8,7095,7094,7092,7094,7046,13097101098844,16.746400,32.963400,,1.150300,0.827900,
47,ECalibratedLiquid,1000,8,7096,7095,7093,7095,7047,13097101428478,35.579201,16.672200,,1.200400,0.745800,
47,ECalibratedLiquid,1000,8,7097,7096,7094,7096,7048,13097101595200,39.906301,16.666500,,1.917200,0.777200,
47,ECalibratedLiquid,1000,8,7098,7097,7095,7097,7049,13097101761865,35.813797,16.747800,,3.264800,0.850700,
48,ECalibratedLiquid,1000,16,7130,7129,7127,7129,7080,13097127316153,16.666299,16.664200,,1.392900,1.029400,
48,ECalibratedLiquid,1000,16,7131,7130,7128,7130,7081,13097127482795,16.666099,16.662300,,1.325400,1.021500,
48,ECalibratedLiquid,1000,16,7132,7131,7129,7131,7082,13097127649418,16.666999,16.673300,,0.000000,0.985800,
48,ECalibratedLiquid,1000,16,7133,7132,7130,7132,7083,13097127816151,16.667105,16.661100,,1.349600,1.204300,
48,ECalibratedLiquid,1000,16,7134,7133,7131,7133,7084,13097127982762,16.666496,16.666000,,1.512400,1.051700,
48,ECalibratedLiquid,1000,16,7135,7134,7132,7134,7085,13097128149422,16.667502,16.665200,,1.522700,0.979800,
48,ECalibratedLiquid,1000,16,7136,7135,7133,7135,7086,13097128316074,16.666397,16.668600,,1.338700,0.950000,
48,ECalibratedLiquid,1000,16,7137,7136,7134,7136,7087,13097128482760,16.667502,16.800100,,1.493600,0.935100,
48,ECalibratedLiquid,1000,16,7138,7137,7135,7137,7088,13097128650761,16.666397,16.535200,,0.000000,1.061400,
48,ECalibratedLiquid,1000,16,7139,7138,7136,7138,7089,13097128816113,16.667999,16.665300,,1.438500,1.055700,
48,ECalibratedLiquid,1000,16,7140,7139,7137,7139,7090,13097128982766,16.666099,16.672500,,1.456000,0.957200,
48,ECalibratedLiquid,1000,16,7141,7140,7138,7140,7091,13097129149491,16.666602,16.660500,,1.400700,1.044000,
48,ECalibratedLiquid,1000,16,7142,7141,7139,7141,7092,13097129316096,16.667595,16.692800,,1.342900,1.061200,
48,ECalibratedLiquid,1000,16,7143,7142,7140,7142,7093,13097129483024,16.666405,16.647000,,1.357500,1.042100,
48,ECalibratedLiquid,1000,16,7144,7143,7141,7143,7094,13097129649494,16.667603,16.662900,,0.000000,1.027600,
48,ECalibratedLiquid,1000,16,7145,7144,7142,7144,7095,13097129816123,16.666299,16.667800,,1.358400,0.906600,
48,ECalibratedLiquid,1000,16,7146,7145,7143,7145,7096,13097129982801,16.667396,16.670100,,1.361200,0.965900,
48,ECalibratedLiquid,1000,16,7147,7146,7144,7146,7097,13097130149502,16.665703,16.662900,,1.355800,0.998600,
48,ECalibratedLiquid,1000,16,7148,7147,7145,7147,7098,13097130316131,16.672002,16.668900,,1.334900,1.268300,
48,ECalibratedLiquid,1000,16,7149,7148,7146,7148,7099,13097130482820,16.662898,16.667500,,1.367400,0.943600,
48,ECalibratedLiquid,1000,16,7150,7149,7147,7149,7100,13097130649495,16.666496,16.660800,,0.000000,0.955800,
48,ECalibratedLiquid,1000,16,7151,7150,7148,7150,7101,13097130816103,16.666900,16.795400,,1.360100,0.932400,
48,ECalibratedLiquid,1000,16,7152,7151,7149,7151,7102,13097130984057,16.666703,16.554600,,1.373300,0.972900,
48,ECalibratedLiquid,1000,16,7153,7152,7150,7152,7103,13097131149603,16.666802,16.654200,,1.438700,0.952500,
48,ECalibratedLiquid,1000,16,7154,7153,7151,7153,7104,13097131316145,16.667297,16.671500,,1.408600,0.998900,
48,ECalibratedLiquid,1000,16,7155,7154,7152,7154,7105,13097131482860,16.667206,16.657000,,1.343400,0.936500,
48,ECalibratedLiquid,1000,16,7156,7155,7153,7155,7106,13097131649430,16.666299,16.669000,,0.000000,0.977500,
48,ECalibratedLiquid,1000,16,7157,7156,7154,7156,7107,13097131816120,16.667198,16.667200,,1.430400,0.923300,
48,ECalibratedLiquid,1000,16,7158,7157,7155,7157,7108,13097131982792,16.667502,16.673900,,1.358200,0.999600,
48,ECalibratedLiquid,1000,16,7159,7158,7156,7158,7109,13097132149531,16.668998,16.660900,,1.384400,1.006700,
48,ECalibratedLiquid,1000,16,7160,7159,7157,7159,7110,13097132316140,16.775504,16.668000,,1.345900,1.316400,
48,ECalibratedLiquid,1000,16,7161,7160,7158,7160,7111,13097132482820,16.666999,16.675800,,1.434700,1.045300,
48,ECalibratedLiquid,1000,16,7162,7161,7159,7161,7112,13097132649578,16.666695,16.688200,,0.000000,1.005600,
48,ECalibratedLiquid,1000,16,7163,7162,7160,7162,7113,13097132816460,16.666900,16.909300,,1.382400,0.984000,
48,ECalibratedLiquid,1000,16,7164,7163,7161,7163,7114,13097132985553,16.666999,16.564100,,1.358400,0.949100,
48,ECalibratedLiquid,1000,16,7165,7164,7162,7164,7115,13097133151194,16.667198,16.616700,,1.382700,0.924900,
48,ECalibratedLiquid,1000,16,7166,7165,7163,7165,7116,13097133317361,16.666306,16.665900,,1.435700,0.897300,
48,ECalibratedLiquid,1000,16,7167,7166,7164,7166,7117,13097133484020,16.667297,16.662300,,1.355800,0.901800,
48,ECalibratedLiquid,1000,16,7168,7167,7165,7167,7118,13097133650643,16.667100,16.675100,,0.000000,0.956700,
48,ECalibratedLiquid,1000,16,7169,7168,7166,7168,7119,13097133817394,16.666900,16.660800,,1.576300,1.024700,
48,ECalibratedLiquid,1000,16,7170,7169,7167,7169,7120,13097133984002,16.666999,16.670700,,1.379000,0.929900,
48,ECalibratedLiquid,1000,16,7171,7170,7168,7170,7121,13097134150709,16.666900,16.665900,,1.943400,1.142800,
48,ECalibratedLiquid,1000,16,7172,7171,7169,7171,7122,13097134317368,16.666802,16.669600,,1.345400,0.913400,
48,ECalibratedLiquid,1000,16,7173,7172,7170,7172,7123,13097134484064,16.666703,16.702900,,1.337700,0.908600,
48,ECalibratedLiquid,1000,16,7174,7173,7171,7173,7124,13097134651093,16.667396,16.631000,,0.000000,0.935700,
48,ECalibratedLiquid,1000,16,7175,7174,7172,7174,7125,13097134817403,16.666999,16.666000,,1.597500,1.105500,
48,ECalibratedLiquid,1000,16,7176,7175,7173,7175,7126,13097134984063,16.691199,16.664400,,1.517200,1.099300,
48,ECalibratedLiquid,1000,16,7177,7176,7174,7176,7127,13097135150707,16.666802,16.693600,,1.326200,1.031200,
48,ECalibratedLiquid,1000,16,7178,7177,7175,7177,7128,13097135317643,16.665703,16.651100,,1.252300,0.872500,
48,ECalibratedLiquid,1000,16,7179,7178,7176,7178,7129,13097135484154,16.667999,16.679700,,1.111800,0.819200,
48,ECalibratedLiquid,1000,16,7180,7179,7177,7179,7130,13097135650951,16.666802,16.666600,,0.000000,0.827800,
48,ECalibratedLiquid,1000,16,7181,7180,7178,7180,7131,13097135817617,16.667396,16.656300,,1.065000,0.782900,
48,ECalibratedLiquid,1000,16,7182,7181,7179,7181,7132,13097135984180,16.666198,16.674100,,1.314000,0.974000,
48,ECalibratedLiquid,1000,16,7183,7182,7180,7182,7133,13097136150921,16.666504,16.667800,,1.372700,0.988800,
48,ECalibratedLiquid,1000,16,7184,7183,7181,7183,7134,13097136317599,16.666397,16.669400,,1.383000,0.971400,
48,ECalibratedLiquid,1000,16,7185,7184,7182,7184,7135,13097136484293,16.667701,16.665000,,1.548900,0.965800,
48,ECalibratedLiquid,1000,16,7186,7185,7183,7185,7136,13097136650943,16.666099,16.664100,,0.000000,1.086300,
48,ECalibratedLiquid,1000,16,7187,7186,7184,7186,7137,13097136817584,16.667100,16.663100,,1.343500,0.947300,
48,ECalibratedLiquid,1000,16,7188,7187,7185,7187,7138,13097136984215,16.667502,16.677500,,1.483000,0.984100,
48,ECalibratedLiquid,1000,16,7189,7188,7186,7188,7139,13097137150990,16.667198,16.657100,,1.460500,0.985400,
48,ECalibratedLiquid,1000,16,7190,7189,7187,7189,7140,13097137317561,16.669203,16.669900,,1.358400,1.077700,
48,ECalibratedLiquid,1000,16,7191,7190,7188,7190,7141,13097137484260,16.665498,16.674100,,1.452400,0.965300,
48,ECalibratedLiquid,1000,16,7192,7191,7189,7191,7142,13097137651001,16.667297,16.667500,,0.000000,0.985500,
48,ECalibratedLiquid,1000,16,7193,7192,7190,7192,7143,13097137817676,16.667100,16.678500,,1.472000,1.115500,
48,ECalibratedLiquid,1000,16,7194,7193,7191,7193,7144,13097137984461,16.666802,16.687600,,1.436900,0.924900,
48,ECalibratedLiquid,1000,16,7195,7194,7192,7194,7145,13097138151337,16.666802,16.634500,,1.459700,0.990500,
48,ECalibratedLiquid,1000,16,7196,7195,7193,7195,7146,13097138317682,16.666900,16.668000,,1.363500,0.922600,
48,ECalibratedLiquid,1000,16,7197,7196,7194,7196,7147,13097138484362,16.667403,16.664000,,1.327500,1.057600,
48,ECalibratedLiquid,1000,16,7198,7197,7195,7197,7148,13097138651002,16.666794,16.667700,,0.000000,1.382400,
48,ECalibratedLiquid,1000,16,7199,7198,7196,7198,7149,13097138817679,16.666306,16.669200,,1.373300,0.929600,
48,ECalibratedLiquid,1000,16,7200,7199,7197,7199,7150,13097138984371,16.667198,16.674300,,1.463100,0.944000,
48,ECalibratedLiquid,1000,16,7201,7200,7198,7200,7151,13097139151114,16.667100,16.659300,,1.355400,1.019400,
48,ECalibratedLiquid,1000,16,7202,7201,7199,7201,7152,13097139317707,16.666999,16.668400,,1.327900,1.006800,
48,ECalibratedLiquid,1000,16,7203,7202,7200,7202,7153,13097139484391,16.666802,16.664000,,1.297300,0.969800,
48,ECalibratedLiquid,1000,16,7204,7203,7201,7203,7154,13097139651031,16.666703,16.664900,,0.000000,0.913100,
48,ECalibratedLiquid,1000,16,7205,7204,7202,7204,7155,13097139817680,16.666999,16.691000,,1.187200,1.015200,
48,ECalibratedLiquid,1000,16,7206,7205,7203,7205,7156,13097139984590,16.666900,16.644800,,1.330500,0.747900,
48,ECalibratedLiquid,1000,16,7207,7206,7204,7206,7157,13097140151038,16.666496,16.662300,,1.092600,0.868700,
48,ECalibratedLiquid,1000,16,7208,7207,7205,7207,7158,13097140317661,16.666703,16.671000,,1.162000,0.869700,
48,ECalibratedLiquid,1000,16,7209,7208,7206,7208,7159,13097140484371,16.666802,16.662500,,1.031700,0.794200,
48,ECalibratedLiquid,1000,16,7210,7209,7207,7209,7160,13097140650996,16.666397,16.662000,,0.000000,0.771100,
48,ECalibratedLiquid,1000,16,7211,7210,7208,7210,7161,13097140817616,16.667701,16.668300,,1.158800,0.772400,
48,ECalibratedLiquid,1000,16,7212,7211,7209,7211,7162,13097140984299,16.667198,16.664300,,1.135400,0.874500,
48,ECalibratedLiquid,1000,16,7213,7212,7210,7212,7163,13097141150942,16.666496,16.672700,,1.336000,1.100400,
48,ECalibratedLiquid,1000,16,7214,7213,7211,7213,7164,13097141317669,16.666703,16.669600,,1.319800,0.972500,
48,ECalibratedLiquid,1000,16,7215,7214,7212,7214,7165,13097141484365,16.667198,16.673100,,1.337400,0.994000,
48,ECalibratedLiquid,1000,16,7216,7215,7213,7215,7166,13097141651096,16.666999,16.661300,,0.000000,1.032700,
48,ECalibratedLiquid,1000,16,7217,7216,7214,7216,7167,13097141817709,16.666504,16.665800,,1.239400,0.872600,
48,ECalibratedLiquid,1000,16,7218,7217,7215,7217,7168,13097141984367,16.666602,16.667200,,1.162600,0.942100,
48,ECalibratedLiquid,1000,16,7219,7218,7216,7218,7169,13097142151039,16.666695,16.671200,,1.202000,0.866000,
48,ECalibratedLiquid,1000,16,7220,7219,7217,7219,7170,13097142317751,16.667403,16.662500,,1.060800,0.870900,
48,ECalibratedLiquid,1000,16,7221,7220,7218,7220,7171,13097142484376,16.667100,16.666500,,1.090400,0.860300,
48,ECalibratedLiquid,1000,16,7222,7221,7219,7221,7172,13097142651041,16.666299,16.660500,,0.000000,0.883700,
48,ECalibratedLiquid,1000,16,7223,7222,7220,7222,7173,13097142817646,16.666602,16.673100,,1.197400,0.950400,
48,ECalibratedLiquid,1000,16,7224,7223,7221,7223,7174,13097142984377,23.567297,16.667100,,1.125000,0.986000,
48,ECalibratedLiquid,1000,16,7225,7224,7222,7224,7175,13097143151048,17.193098,16.665600,,1.446400,0.862700,
48,ECalibratedLiquid,1000,16,7226,7225,7223,7225,7176,13097143317704,36.606405,16.669000,,1.483900,1.089800,
48,ECalibratedLiquid,1000,16,7227,7226,7224,7226,7177,13097143484394,43.112896,23.555600,,2.567800,0.951900,
48,ECalibratedLiquid,1000,16,7228,7227,7225,7227,7178,13097143719950,16.667603,17.194900,,2.614200,0.803400,
48,ECalibratedLiquid,1000,16,7229,7228,7226,7228,7179,13097143891899,16.666695,36.606100,,1.089800,0.827600,
48,ECalibratedLiquid,1000,16,7230,7229,7227,7229,7180,13097144257960,16.667403,43.137100,,1.276200,0.912300,
48,ECalibratedLiquid,1000,16,7231,7230,7228,7230,7181,13097144689331,39.439499,16.645100,,1.345300,1.133000,
48,ECalibratedLiquid,1000,16,7232,7231,7229,7231,7182,13097144855782,16.667999,16.670400,,2.041800,0.851200,
48,ECalibratedLiquid,1000,16,7233,7232,7230,7232,7183,13097145022486,16.666405,16.668800,,0.000000,0.798700,
48,ECalibratedLiquid,1000,16,7234,7233,7231,7233,7184,13097145189174,16.667297,39.429300,,0.998300,0.746600,
48,ECalibratedLiquid,1000,16,7235,7234,7232,7234,7185,13097145583467,16.666703,16.676800,,1.028200,0.851400,
48,ECalibratedLiquid,1000,16,7236,7235,7233,7235,7186,13097145750235,27.454996,16.662100,,1.310000,0.973100,
48,ECalibratedLiquid,1000,16,7237,7236,7234,7236,7187,13097145916856,41.993205,16.671000,,1.126000,0.949200,
48,ECalibratedLiquid,1000,16,7238,7237,7235,7237,7188,13097146083566,39.215099,16.670600,,2.349600,0.872200,
48,ECalibratedLiquid,1000,16,7239,7238,7236,7238,7189,13097146250272,16.667595,27.444600,,2.664300,0.982200,
48,ECalibratedLiquid,1000,16,7240,7239,7237,7239,7190,13097146524718,17.040307,41.994800,,1.411900,1.013000,
48,ECalibratedLiquid,1000,16,7241,7240,7238,7240,7191,13097146944666,16.667793,39.216800,,1.337900,1.145000,
