case,tick,time,ice_index,x,y,angle,vx,vy,angular_velocity,measured_speed,sleeping,contacts,near_liquid_count,near_liquid_mean_speed,near_liquid_p95_speed,deep_liquid_inside_ice,active_ml,retired_ml
Kinematic-Cluster4-Empty,300,6.02,0,-3.082418,-1.60373771,-1.55332458,0,0,0,0,1,7,0,0,0,0,0,0
Kinematic-Cluster4-Empty,300,6.02,1,-2.70456719,-1.61225569,-3.328678,0,0,0,0,1,9,0,0,0,0,0,0
Kinematic-Cluster4-Empty,300,6.02,2,-3.063569,-1.22724235,0.1164295,0,0,0,0,1,6,0,0,0,0,0,0
Kinematic-Cluster4-Empty,300,6.02,3,-2.6896472,-1.24223423,-10.6217489,0,0,0,0,1,7,0,0,0,0,0,0
Kinematic-Cluster4-Empty,301,6.04,0,-3.082418,-1.60373771,-1.55332458,0,0,0,0,1,7,0,0,0,0,0,0
Kinematic-Cluster4-Empty,301,6.04,1,-2.70456719,-1.61225569,-3.328678,0,0,0,0,1,9,0,0,0,0,0,0
Kinematic-Cluster4-Empty,301,6.04,2,-3.063569,-1.22724235,0.1164295,0,0,0,0,1,6,0,0,0,0,0,0
Kinematic-Cluster4-Empty,301,6.04,3,-2.6896472,-1.24223423,-10.6217489,0,0,0,0,1,7,0,0,0,0,0,0
Kinematic-Cluster4-Empty,302,6.06,0,-3.082418,-1.60373771,-1.55332458,0,0,0,0,1,7,0,0,0,0,0,0
Kinematic-Cluster4-Empty,302,6.06,1,-2.70456719,-1.61225569,-3.328678,0,0,0,0,1,9,0,0,0,0,0,0
Kinematic-Cluster4-Empty,302,6.06,2,-3.063569,-1.22724235,0.1164295,0,0,0,0,1,6,0,0,0,0,0,0
Kinematic-Cluster4-Empty,302,6.06,3,-2.6896472,-1.24223423,-10.6217489,0,0,0,0,1,7,0,0,0,0,0,0
Kinematic-Cluster4-Empty,303,6.08,0,-3.082418,-1.60373771,-1.55332458,0,0,0,0,1,7,0,0,0,0,0,0
Kinematic-Cluster4-Empty,303,6.08,1,-2.70456719,-1.61225569,-3.328678,0,0,0,0,1,9,0,0,0,0,0,0
Kinematic-Cluster4-Empty,303,6.08,2,-3.063569,-1.22724235,0.1164295,0,0,0,0,1,6,0,0,0,0,0,0
Kinematic-Cluster4-Empty,303,6.08,3,-2.6896472,-1.24223423,-10.6217489,0,0,0,0,1,7,0,0,0,0,0,0
Kinematic-Cluster4-Empty,304,6.1,0,-3.082418,-1.60373771,-1.55332458,0,0,0,0,1,7,0,0,0,0,0,0
Kinematic-Cluster4-Empty,304,6.1,1,-2.70456719,-1.61225569,-3.328678,0,0,0,0,1,9,0,0,0,0,0,0
Kinematic-Cluster4-Empty,304,6.1,2,-3.063569,-1.22724235,0.1164295,0,0,0,0,1,6,0,0,0,0,0,0
Kinematic-Cluster4-Empty,304,6.1,3,-2.6896472,-1.24223423,-10.6217489,0,0,0,0,1,7,0,0,0,0,0,0
Kinematic-Cluster4-Empty,305,6.12,0,-3.082418,-1.60373771,-1.55332458,0,0,0,0,1,7,0,0,0,0,0,0
Kinematic-Cluster4-Empty,305,6.12,1,-2.70456719,-1.61225569,-3.328678,0,0,0,0,1,9,0,0,0,0,0,0
Kinematic-Cluster4-Empty,305,6.12,2,-3.063569,-1.22724235,0.1164295,0,0,0,0,1,6,0,0,0,0,0,0
Kinematic-Cluster4-Empty,305,6.12,3,-2.6896472,-1.24223423,-10.6217489,0,0,0,0,1,7,0,0,0,0,0,0
Kinematic-Cluster4-Empty,306,6.14,0,-3.082418,-1.60373771,-1.55332458,0,0,0,0,1,7,0,0,0,0,0,0
Kinematic-Cluster4-Empty,306,6.14,1,-2.70456719,-1.61225569,-3.328678,0,0,0,0,1,9,0,0,0,0,0,0
Kinematic-Cluster4-Empty,306,6.14,2,-3.063569,-1.22724235,0.1164295,0,0,0,0,1,6,0,0,0,0,0,0
Kinematic-Cluster4-Empty,306,6.14,3,-2.6896472,-1.24223423,-10.6217489,0,0,0,0,1,7,0,0,0,0,0,0
Kinematic-Cluster4-Empty,307,6.16,0,-3.082418,-1.60373771,-1.55332458,0,0,0,0,1,7,0,0,0,0,0,0
Kinematic-Cluster4-Empty,307,6.16,1,-2.70456719,-1.61225569,-3.328678,0,0,0,0,1,9,0,0,0,0,0,0
Kinematic-Cluster4-Empty,307,6.16,2,-3.063569,-1.22724235,0.1164295,0,0,0,0,1,6,0,0,0,0,0,0
Kinematic-Cluster4-Empty,307,6.16,3,-2.6896472,-1.24223423,-10.6217489,0,0,0,0,1,7,0,0,0,0,0,0
Kinematic-Cluster4-Empty,308,6.18,0,-3.082418,-1.60373771,-1.55332458,0,0,0,0,1,7,0,0,0,0,0,0
Kinematic-Cluster4-Empty,308,6.18,1,-2.70456719,-1.61225569,-3.328678,0,0,0,0,1,9,0,0,0,0,0,0
Kinematic-Cluster4-Empty,308,6.18,2,-3.063569,-1.22724235,0.1164295,0,0,0,0,1,6,0,0,0,0,0,0
Kinematic-Cluster4-Empty,308,6.18,3,-2.6896472,-1.24223423,-10.6217489,0,0,0,0,1,7,0,0,0,0,0,0
Kinematic-Cluster4-Empty,309,6.2,0,-3.082418,-1.60373771,-1.55332458,0,0,0,0,1,7,0,0,0,0,0,0
Kinematic-Cluster4-Empty,309,6.2,1,-2.70456719,-1.61225569,-3.328678,0,0,0,0,1,9,0,0,0,0,0,0
Kinematic-Cluster4-Empty,309,6.2,2,-3.063569,-1.22724235,0.1164295,0,0,0,0,1,6,0,0,0,0,0,0
Kinematic-Cluster4-Empty,309,6.2,3,-2.6896472,-1.24223423,-10.6217489,0,0,0,0,1,7,0,0,0,0,0,0
Kinematic-Cluster4-Empty,310,6.22,0,-3.082418,-1.60373771,-1.55332458,0,0,0,0,1,7,0,0,0,0,0,0
Kinematic-Cluster4-Empty,310,6.22,1,-2.70456719,-1.61225569,-3.328678,0,0,0,0,1,9,0,0,0,0,0,0
Kinematic-Cluster4-Empty,310,6.22,2,-3.063569,-1.22724235,0.1164295,0,0,0,0,1,6,0,0,0,0,0,0
Kinematic-Cluster4-Empty,310,6.22,3,-2.6896472,-1.24223423,-10.6217489,0,0,0,0,1,7,0,0,0,0,0,0
Kinematic-Cluster4-Empty,311,6.24,0,-3.082418,-1.60373771,-1.55332458,0,0,0,0,1,7,0,0,0,0,0,0
Kinematic-Cluster4-Empty,311,6.24,1,-2.70456719,-1.61225569,-3.328678,0,0,0,0,1,9,0,0,0,0,0,0
Kinematic-Cluster4-Empty,311,6.24,2,-3.063569,-1.22724235,0.1164295,0,0,0,0,1,6,0,0,0,0,0,0
Kinematic-Cluster4-Empty,311,6.24,3,-2.6896472,-1.24223423,-10.6217489,0,0,0,0,1,7,0,0,0,0,0,0
Kinematic-Cluster4-Empty,312,6.25999975,0,-3.082418,-1.60373771,-1.55332458,0,0,0,0,1,7,0,0,0,0,0,0
Kinematic-Cluster4-Empty,312,6.25999975,1,-2.70456719,-1.61225569,-3.328678,0,0,0,0,1,9,0,0,0,0,0,0
Kinematic-Cluster4-Empty,312,6.25999975,2,-3.063569,-1.22724235,0.1164295,0,0,0,0,1,6,0,0,0,0,0,0
Kinematic-Cluster4-Empty,312,6.25999975,3,-2.6896472,-1.24223423,-10.6217489,0,0,0,0,1,7,0,0,0,0,0,0
Kinematic-Cluster4-Empty,313,6.27999973,0,-3.082418,-1.60373771,-1.55332458,0,0,0,0,1,7,0,0,0,0,0,0
Kinematic-Cluster4-Empty,313,6.27999973,1,-2.70456719,-1.61225569,-3.328678,0,0,0,0,1,9,0,0,0,0,0,0
Kinematic-Cluster4-Empty,313,6.27999973,2,-3.063569,-1.22724235,0.1164295,0,0,0,0,1,6,0,0,0,0,0,0
Kinematic-Cluster4-Empty,313,6.27999973,3,-2.6896472,-1.24223423,-10.6217489,0,0,0,0,1,7,0,0,0,0,0,0
Kinematic-Cluster4-Empty,314,6.29999971,0,-3.082418,-1.60373771,-1.55332458,0,0,0,0,1,7,0,0,0,0,0,0
Kinematic-Cluster4-Empty,314,6.29999971,1,-2.70456719,-1.61225569,-3.328678,0,0,0,0,1,9,0,0,0,0,0,0
Kinematic-Cluster4-Empty,314,6.29999971,2,-3.063569,-1.22724235,0.1164295,0,0,0,0,1,6,0,0,0,0,0,0
Kinematic-Cluster4-Empty,314,6.29999971,3,-2.6896472,-1.24223423,-10.6217489,0,0,0,0,1,7,0,0,0,0,0,0
Kinematic-Cluster4-Empty,315,6.31999969,0,-3.082418,-1.60373771,-1.55332458,0,0,0,0,1,7,0,0,0,0,0,0
Kinematic-Cluster4-Empty,315,6.31999969,1,-2.70456719,-1.61225569,-3.328678,0,0,0,0,1,9,0,0,0,0,0,0
Kinematic-Cluster4-Empty,315,6.31999969,2,-3.063569,-1.22724235,0.1164295,0,0,0,0,1,6,0,0,0,0,0,0
Kinematic-Cluster4-Empty,315,6.31999969,3,-2.6896472,-1.24223423,-10.6217489,0,0,0,0,1,7,0,0,0,0,0,0
Kinematic-Cluster4-Empty,316,6.33999968,0,-3.082418,-1.60373771,-1.55332458,0,0,0,0,1,7,0,0,0,0,0,0
Kinematic-Cluster4-Empty,316,6.33999968,1,-2.70456719,-1.61225569,-3.328678,0,0,0,0,1,9,0,0,0,0,0,0
Kinematic-Cluster4-Empty,316,6.33999968,2,-3.063569,-1.22724235,0.1164295,0,0,0,0,1,6,0,0,0,0,0,0
Kinematic-Cluster4-Empty,316,6.33999968,3,-2.6896472,-1.24223423,-10.6217489,0,0,0,0,1,7,0,0,0,0,0,0
Kinematic-Cluster4-Empty,317,6.35999966,0,-3.082418,-1.60373771,-1.55332458,0,0,0,0,1,7,0,0,0,0,0,0
Kinematic-Cluster4-Empty,317,6.35999966,1,-2.70456719,-1.61225569,-3.328678,0,0,0,0,1,9,0,0,0,0,0,0
Kinematic-Cluster4-Empty,317,6.35999966,2,-3.063569,-1.22724235,0.1164295,0,0,0,0,1,6,0,0,0,0,0,0
Kinematic-Cluster4-Empty,317,6.35999966,3,-2.6896472,-1.24223423,-10.6217489,0,0,0,0,1,7,0,0,0,0,0,0
Kinematic-Cluster4-Empty,318,6.37999964,0,-3.082418,-1.60373771,-1.55332458,0,0,0,0,1,7,0,0,0,0,0,0
Kinematic-Cluster4-Empty,318,6.37999964,1,-2.70456719,-1.61225569,-3.328678,0,0,0,0,1,9,0,0,0,0,0,0
Kinematic-Cluster4-Empty,318,6.37999964,2,-3.063569,-1.22724235,0.1164295,0,0,0,0,1,6,0,0,0,0,0,0
Kinematic-Cluster4-Empty,318,6.37999964,3,-2.6896472,-1.24223423,-10.6217489,0,0,0,0,1,7,0,0,0,0,0,0
Kinematic-Cluster4-Empty,319,6.39999962,0,-3.082418,-1.60373771,-1.55332458,0,0,0,0,1,7,0,0,0,0,0,0
Kinematic-Cluster4-Empty,319,6.39999962,1,-2.70456719,-1.61225569,-3.328678,0,0,0,0,1,9,0,0,0,0,0,0
Kinematic-Cluster4-Empty,319,6.39999962,2,-3.063569,-1.22724235,0.1164295,0,0,0,0,1,6,0,0,0,0,0,0
Kinematic-Cluster4-Empty,319,6.39999962,3,-2.6896472,-1.24223423,-10.6217489,0,0,0,0,1,7,0,0,0,0,0,0
Kinematic-Cluster4-Empty,320,6.42,0,-3.082418,-1.60373771,-1.55332458,0,0,0,0,1,7,0,0,0,0,0,0
Kinematic-Cluster4-Empty,320,6.42,1,-2.70456719,-1.61225569,-3.328678,0,0,0,0,1,9,0,0,0,0,0,0
Kinematic-Cluster4-Empty,320,6.42,2,-3.063569,-1.22724235,0.1164295,0,0,0,0,1,6,0,0,0,0,0,0
Kinematic-Cluster4-Empty,320,6.42,3,-2.6896472,-1.24223423,-10.6217489,0,0,0,0,1,7,0,0,0,0,0,0
Kinematic-Cluster4-Empty,321,6.44,0,-3.082418,-1.60373771,-1.55332458,0,0,0,0,1,7,0,0,0,0,0,0
Kinematic-Cluster4-Empty,321,6.44,1,-2.70456719,-1.61225569,-3.328678,0,0,0,0,1,9,0,0,0,0,0,0
Kinematic-Cluster4-Empty,321,6.44,2,-3.063569,-1.22724235,0.1164295,0,0,0,0,1,6,0,0,0,0,0,0
Kinematic-Cluster4-Empty,321,6.44,3,-2.6896472,-1.24223423,-10.6217489,0,0,0,0,1,7,0,0,0,0,0,0
Kinematic-Cluster4-Empty,322,6.46,0,-3.082418,-1.60373771,-1.55332458,0,0,0,0,1,7,0,0,0,0,0,0
Kinematic-Cluster4-Empty,322,6.46,1,-2.70456719,-1.61225569,-3.328678,0,0,0,0,1,9,0,0,0,0,0,0
Kinematic-Cluster4-Empty,322,6.46,2,-3.063569,-1.22724235,0.1164295,0,0,0,0,1,6,0,0,0,0,0,0
Kinematic-Cluster4-Empty,322,6.46,3,-2.6896472,-1.24223423,-10.6217489,0,0,0,0,1,7,0,0,0,0,0,0
Kinematic-Cluster4-Empty,323,6.48,0,-3.082418,-1.60373771,-1.55332458,0,0,0,0,1,7,0,0,0,0,0,0
Kinematic-Cluster4-Empty,323,6.48,1,-2.70456719,-1.61225569,-3.328678,0,0,0,0,1,9,0,0,0,0,0,0
Kinematic-Cluster4-Empty,323,6.48,2,-3.063569,-1.22724235,0.1164295,0,0,0,0,1,6,0,0,0,0,0,0
Kinematic-Cluster4-Empty,323,6.48,3,-2.6896472,-1.24223423,-10.6217489,0,0,0,0,1,7,0,0,0,0,0,0
Kinematic-Cluster4-Empty,324,6.5,0,-3.082418,-1.60373771,-1.55332458,0,0,0,0,1,7,0,0,0,0,0,0
Kinematic-Cluster4-Empty,324,6.5,1,-2.70456719,-1.61225569,-3.328678,0,0,0,0,1,9,0,0,0,0,0,0
Kinematic-Cluster4-Empty,324,6.5,2,-3.063569,-1.22724235,0.1164295,0,0,0,0,1,6,0,0,0,0,0,0
Kinematic-Cluster4-Empty,324,6.5,3,-2.6896472,-1.24223423,-10.6217489,0,0,0,0,1,7,0,0,0,0,0,0
Kinematic-Cluster4-Empty,325,6.52,0,-3.082418,-1.60373771,-1.55332458,0,0,0,0,1,7,0,0,0,0,0,0
Kinematic-Cluster4-Empty,325,6.52,1,-2.70456719,-1.61225569,-3.328678,0,0,0,0,1,9,0,0,0,0,0,0
Kinematic-Cluster4-Empty,325,6.52,2,-3.063569,-1.22724235,0.1164295,0,0,0,0,1,6,0,0,0,0,0,0
Kinematic-Cluster4-Empty,325,6.52,3,-2.6896472,-1.24223423,-10.6217489,0,0,0,0,1,7,0,0,0,0,0,0
Kinematic-Cluster4-Empty,326,6.54,0,-3.082418,-1.60373771,-1.55332458,0,0,0,0,1,7,0,0,0,0,0,0
Kinematic-Cluster4-Empty,326,6.54,1,-2.70456719,-1.61225569,-3.328678,0,0,0,0,1,9,0,0,0,0,0,0
Kinematic-Cluster4-Empty,326,6.54,2,-3.063569,-1.22724235,0.1164295,0,0,0,0,1,6,0,0,0,0,0,0
Kinematic-Cluster4-Empty,326,6.54,3,-2.6896472,-1.24223423,-10.6217489,0,0,0,0,1,7,0,0,0,0,0,0
Kinematic-Cluster4-Empty,327,6.56,0,-3.082418,-1.60373771,-1.55332458,0,0,0,0,1,7,0,0,0,0,0,0
Kinematic-Cluster4-Empty,327,6.56,1,-2.70456719,-1.61225569,-3.328678,0,0,0,0,1,9,0,0,0,0,0,0
Kinematic-Cluster4-Empty,327,6.56,2,-3.063569,-1.22724235,0.1164295,0,0,0,0,1,6,0,0,0,0,0,0
Kinematic-Cluster4-Empty,327,6.56,3,-2.6896472,-1.24223423,-10.6217489,0,0,0,0,1,7,0,0,0,0,0,0
Kinematic-Cluster4-Empty,328,6.58,0,-3.082418,-1.60373771,-1.55332458,0,0,0,0,1,7,0,0,0,0,0,0
Kinematic-Cluster4-Empty,328,6.58,1,-2.70456719,-1.61225569,-3.328678,0,0,0,0,1,9,0,0,0,0,0,0
Kinematic-Cluster4-Empty,328,6.58,2,-3.063569,-1.22724235,0.1164295,0,0,0,0,1,6,0,0,0,0,0,0
Kinematic-Cluster4-Empty,328,6.58,3,-2.6896472,-1.24223423,-10.6217489,0,0,0,0,1,7,0,0,0,0,0,0
Kinematic-Cluster4-Empty,329,6.6,0,-3.082418,-1.60373771,-1.55332458,0,0,0,0,1,7,0,0,0,0,0,0
Kinematic-Cluster4-Empty,329,6.6,1,-2.70456719,-1.61225569,-3.328678,0,0,0,0,1,9,0,0,0,0,0,0
Kinematic-Cluster4-Empty,329,6.6,2,-3.063569,-1.22724235,0.1164295,0,0,0,0,1,6,0,0,0,0,0,0
Kinematic-Cluster4-Empty,329,6.6,3,-2.6896472,-1.24223423,-10.6217489,0,0,0,0,1,7,0,0,0,0,0,0
Kinematic-Cluster4-Empty,330,6.62,0,-3.082418,-1.60373771,-1.55332458,0,0,0,0,1,7,0,0,0,0,0,0
Kinematic-Cluster4-Empty,330,6.62,1,-2.70456719,-1.61225569,-3.328678,0,0,0,0,1,9,0,0,0,0,0,0
Kinematic-Cluster4-Empty,330,6.62,2,-3.063569,-1.22724235,0.1164295,0,0,0,0,1,6,0,0,0,0,0,0
Kinematic-Cluster4-Empty,330,6.62,3,-2.6896472,-1.24223423,-10.6217489,0,0,0,0,1,7,0,0,0,0,0,0
Kinematic-Cluster4-Empty,331,6.64,0,-3.082418,-1.60373771,-1.55332458,0,0,0,0,1,7,0,0,0,0,0,0
Kinematic-Cluster4-Empty,331,6.64,1,-2.70456719,-1.61225569,-3.328678,0,0,0,0,1,9,0,0,0,0,0,0
Kinematic-Cluster4-Empty,331,6.64,2,-3.063569,-1.22724235,0.1164295,0,0,0,0,1,6,0,0,0,0,0,0
Kinematic-Cluster4-Empty,331,6.64,3,-2.6896472,-1.24223423,-10.6217489,0,0,0,0,1,7,0,0,0,0,0,0
Kinematic-Cluster4-Empty,332,6.66,0,-3.082418,-1.60373771,-1.55332458,0,0,0,0,1,7,0,0,0,0,0,0
Kinematic-Cluster4-Empty,332,6.66,1,-2.70456719,-1.61225569,-3.328678,0,0,0,0,1,9,0,0,0,0,0,0
Kinematic-Cluster4-Empty,332,6.66,2,-3.063569,-1.22724235,0.1164295,0,0,0,0,1,6,0,0,0,0,0,0
Kinematic-Cluster4-Empty,332,6.66,3,-2.6896472,-1.24223423,-10.6217489,0,0,0,0,1,7,0,0,0,0,0,0
Kinematic-Cluster4-Empty,333,6.68,0,-3.082418,-1.60373771,-1.55332458,0,0,0,0,1,7,0,0,0,0,0,0
Kinematic-Cluster4-Empty,333,6.68,1,-2.70456719,-1.61225569,-3.328678,0,0,0,0,1,9,0,0,0,0,0,0
Kinematic-Cluster4-Empty,333,6.68,2,-3.063569,-1.22724235,0.1164295,0,0,0,0,1,6,0,0,0,0,0,0
Kinematic-Cluster4-Empty,333,6.68,3,-2.6896472,-1.24223423,-10.6217489,0,0,0,0,1,7,0,0,0,0,0,0
Kinematic-Cluster4-Empty,334,6.7,0,-3.082418,-1.60373771,-1.55332458,0,0,0,0,1,7,0,0,0,0,0,0
Kinematic-Cluster4-Empty,334,6.7,1,-2.70456719,-1.61225569,-3.328678,0,0,0,0,1,9,0,0,0,0,0,0
Kinematic-Cluster4-Empty,334,6.7,2,-3.063569,-1.22724235,0.1164295,0,0,0,0,1,6,0,0,0,0,0,0
Kinematic-Cluster4-Empty,334,6.7,3,-2.6896472,-1.24223423,-10.6217489,0,0,0,0,1,7,0,0,0,0,0,0
Kinematic-Cluster4-Empty,335,6.72,0,-3.082418,-1.60373771,-1.55332458,0,0,0,0,1,7,0,0,0,0,0,0
Kinematic-Cluster4-Empty,335,6.72,1,-2.70456719,-1.61225569,-3.328678,0,0,0,0,1,9,0,0,0,0,0,0
Kinematic-Cluster4-Empty,335,6.72,2,-3.063569,-1.22724235,0.1164295,0,0,0,0,1,6,0,0,0,0,0,0
Kinematic-Cluster4-Empty,335,6.72,3,-2.6896472,-1.24223423,-10.6217489,0,0,0,0,1,7,0,0,0,0,0,0
Kinematic-Cluster4-Empty,336,6.74,0,-3.082418,-1.60373771,-1.55332458,0,0,0,0,1,7,0,0,0,0,0,0
Kinematic-Cluster4-Empty,336,6.74,1,-2.70456719,-1.61225569,-3.328678,0,0,0,0,1,9,0,0,0,0,0,0
Kinematic-Cluster4-Empty,336,6.74,2,-3.063569,-1.22724235,0.1164295,0,0,0,0,1,6,0,0,0,0,0,0
Kinematic-Cluster4-Empty,336,6.74,3,-2.6896472,-1.24223423,-10.6217489,0,0,0,0,1,7,0,0,0,0,0,0
Kinematic-Cluster4-Empty,337,6.75999975,0,-3.082418,-1.60373771,-1.55332458,0,0,0,0,1,7,0,0,0,0,0,0
Kinematic-Cluster4-Empty,337,6.75999975,1,-2.70456719,-1.61225569,-3.328678,0,0,0,0,1,9,0,0,0,0,0,0
Kinematic-Cluster4-Empty,337,6.75999975,2,-3.063569,-1.22724235,0.1164295,0,0,0,0,1,6,0,0,0,0,0,0
Kinematic-Cluster4-Empty,337,6.75999975,3,-2.6896472,-1.24223423,-10.6217489,0,0,0,0,1,7,0,0,0,0,0,0
Kinematic-Cluster4-Empty,338,6.77999973,0,-3.082418,-1.60373771,-1.55332458,0,0,0,0,1,7,0,0,0,0,0,0
Kinematic-Cluster4-Empty,338,6.77999973,1,-2.70456719,-1.61225569,-3.328678,0,0,0,0,1,9,0,0,0,0,0,0
Kinematic-Cluster4-Empty,338,6.77999973,2,-3.063569,-1.22724235,0.1164295,0,0,0,0,1,6,0,0,0,0,0,0
Kinematic-Cluster4-Empty,338,6.77999973,3,-2.6896472,-1.24223423,-10.6217489,0,0,0,0,1,7,0,0,0,0,0,0
Kinematic-Cluster4-Empty,339,6.79999971,0,-3.082418,-1.60373771,-1.55332458,0,0,0,0,1,7,0,0,0,0,0,0
Kinematic-Cluster4-Empty,339,6.79999971,1,-2.70456719,-1.61225569,-3.328678,0,0,0,0,1,9,0,0,0,0,0,0
Kinematic-Cluster4-Empty,339,6.79999971,2,-3.063569,-1.22724235,0.1164295,0,0,0,0,1,6,0,0,0,0,0,0
Kinematic-Cluster4-Empty,339,6.79999971,3,-2.6896472,-1.24223423,-10.6217489,0,0,0,0,1,7,0,0,0,0,0,0
Kinematic-Cluster4-Empty,340,6.81999969,0,-3.082418,-1.60373771,-1.55332458,0,0,0,0,1,7,0,0,0,0,0,0
Kinematic-Cluster4-Empty,340,6.81999969,1,-2.70456719,-1.61225569,-3.328678,0,0,0,0,1,9,0,0,0,0,0,0
Kinematic-Cluster4-Empty,340,6.81999969,2,-3.063569,-1.22724235,0.1164295,0,0,0,0,1,6,0,0,0,0,0,0
Kinematic-Cluster4-Empty,340,6.81999969,3,-2.6896472,-1.24223423,-10.6217489,0,0,0,0,1,7,0,0,0,0,0,0
Kinematic-Cluster4-Empty,341,6.83999968,0,-3.082418,-1.60373771,-1.55332458,0,0,0,0,1,7,0,0,0,0,0,0
Kinematic-Cluster4-Empty,341,6.83999968,1,-2.70456719,-1.61225569,-3.328678,0,0,0,0,1,9,0,0,0,0,0,0
Kinematic-Cluster4-Empty,341,6.83999968,2,-3.063569,-1.22724235,0.1164295,0,0,0,0,1,6,0,0,0,0,0,0
Kinematic-Cluster4-Empty,341,6.83999968,3,-2.6896472,-1.24223423,-10.6217489,0,0,0,0,1,7,0,0,0,0,0,0
Kinematic-Cluster4-Empty,342,6.85999966,0,-3.082418,-1.60373771,-1.55332458,0,0,0,0,1,7,0,0,0,0,0,0
Kinematic-Cluster4-Empty,342,6.85999966,1,-2.70456719,-1.61225569,-3.328678,0,0,0,0,1,9,0,0,0,0,0,0
Kinematic-Cluster4-Empty,342,6.85999966,2,-3.063569,-1.22724235,0.1164295,0,0,0,0,1,6,0,0,0,0,0,0
Kinematic-Cluster4-Empty,342,6.85999966,3,-2.6896472,-1.24223423,-10.6217489,0,0,0,0,1,7,0,0,0,0,0,0
Kinematic-Cluster4-Empty,343,6.87999964,0,-3.082418,-1.60373771,-1.55332458,0,0,0,0,1,7,0,0,0,0,0,0
Kinematic-Cluster4-Empty,343,6.87999964,1,-2.70456719,-1.61225569,-3.328678,0,0,0,0,1,9,0,0,0,0,0,0
Kinematic-Cluster4-Empty,343,6.87999964,2,-3.063569,-1.22724235,0.1164295,0,0,0,0,1,6,0,0,0,0,0,0
Kinematic-Cluster4-Empty,343,6.87999964,3,-2.6896472,-1.24223423,-10.6217489,0,0,0,0,1,7,0,0,0,0,0,0
Kinematic-Cluster4-Empty,344,6.89999962,0,-3.082418,-1.60373771,-1.55332458,0,0,0,0,1,7,0,0,0,0,0,0
Kinematic-Cluster4-Empty,344,6.89999962,1,-2.70456719,-1.61225569,-3.328678,0,0,0,0,1,9,0,0,0,0,0,0
Kinematic-Cluster4-Empty,344,6.89999962,2,-3.063569,-1.22724235,0.1164295,0,0,0,0,1,6,0,0,0,0,0,0
Kinematic-Cluster4-Empty,344,6.89999962,3,-2.6896472,-1.24223423,-10.6217489,0,0,0,0,1,7,0,0,0,0,0,0
Kinematic-Cluster4-Empty,345,6.92,0,-3.082418,-1.60373771,-1.55332458,0,0,0,0,1,7,0,0,0,0,0,0
Kinematic-Cluster4-Empty,345,6.92,1,-2.70456719,-1.61225569,-3.328678,0,0,0,0,1,9,0,0,0,0,0,0
Kinematic-Cluster4-Empty,345,6.92,2,-3.063569,-1.22724235,0.1164295,0,0,0,0,1,6,0,0,0,0,0,0
Kinematic-Cluster4-Empty,345,6.92,3,-2.6896472,-1.24223423,-10.6217489,0,0,0,0,1,7,0,0,0,0,0,0
Kinematic-Cluster4-Empty,346,6.94,0,-3.082418,-1.60373771,-1.55332458,0,0,0,0,1,7,0,0,0,0,0,0
Kinematic-Cluster4-Empty,346,6.94,1,-2.70456719,-1.61225569,-3.328678,0,0,0,0,1,9,0,0,0,0,0,0
Kinematic-Cluster4-Empty,346,6.94,2,-3.063569,-1.22724235,0.1164295,0,0,0,0,1,6,0,0,0,0,0,0
Kinematic-Cluster4-Empty,346,6.94,3,-2.6896472,-1.24223423,-10.6217489,0,0,0,0,1,7,0,0,0,0,0,0
Kinematic-Cluster4-Empty,347,6.96,0,-3.082418,-1.60373771,-1.55332458,0,0,0,0,1,7,0,0,0,0,0,0
Kinematic-Cluster4-Empty,347,6.96,1,-2.70456719,-1.61225569,-3.328678,0,0,0,0,1,9,0,0,0,0,0,0
Kinematic-Cluster4-Empty,347,6.96,2,-3.063569,-1.22724235,0.1164295,0,0,0,0,1,6,0,0,0,0,0,0
Kinematic-Cluster4-Empty,347,6.96,3,-2.6896472,-1.24223423,-10.6217489,0,0,0,0,1,7,0,0,0,0,0,0
Kinematic-Cluster4-Empty,348,6.98,0,-3.082418,-1.60373771,-1.55332458,0,0,0,0,1,7,0,0,0,0,0,0
Kinematic-Cluster4-Empty,348,6.98,1,-2.70456719,-1.61225569,-3.328678,0,0,0,0,1,9,0,0,0,0,0,0
Kinematic-Cluster4-Empty,348,6.98,2,-3.063569,-1.22724235,0.1164295,0,0,0,0,1,6,0,0,0,0,0,0
Kinematic-Cluster4-Empty,348,6.98,3,-2.6896472,-1.24223423,-10.6217489,0,0,0,0,1,7,0,0,0,0,0,0
Kinematic-Cluster4-Empty,349,7,0,-3.082418,-1.60373771,-1.55332458,0,0,0,0,1,7,0,0,0,0,0,0
Kinematic-Cluster4-Empty,349,7,1,-2.70456719,-1.61225569,-3.328678,0,0,0,0,1,9,0,0,0,0,0,0
Kinematic-Cluster4-Empty,349,7,2,-3.063569,-1.22724235,0.1164295,0,0,0,0,1,6,0,0,0,0,0,0
Kinematic-Cluster4-Empty,349,7,3,-2.6896472,-1.24223423,-10.6217489,0,0,0,0,1,7,0,0,0,0,0,0
Kinematic-Cluster4-Empty,350,7.02,0,-3.082418,-1.60373771,-1.55332458,0,0,0,0,1,7,0,0,0,0,0,0
Kinematic-Cluster4-Empty,350,7.02,1,-2.70456719,-1.61225569,-3.328678,0,0,0,0,1,9,0,0,0,0,0,0
Kinematic-Cluster4-Empty,350,7.02,2,-3.063569,-1.22724235,0.1164295,0,0,0,0,1,6,0,0,0,0,0,0
Kinematic-Cluster4-Empty,350,7.02,3,-2.6896472,-1.24223423,-10.6217489,0,0,0,0,1,7,0,0,0,0,0,0
Kinematic-Cluster4-Empty,351,7.04,0,-3.082418,-1.60373771,-1.55332458,0,0,0,0,1,7,0,0,0,0,0,0
Kinematic-Cluster4-Empty,351,7.04,1,-2.70456719,-1.61225569,-3.328678,0,0,0,0,1,9,0,0,0,0,0,0
Kinematic-Cluster4-Empty,351,7.04,2,-3.063569,-1.22724235,0.1164295,0,0,0,0,1,6,0,0,0,0,0,0
Kinematic-Cluster4-Empty,351,7.04,3,-2.6896472,-1.24223423,-10.6217489,0,0,0,0,1,7,0,0,0,0,0,0
Kinematic-Cluster4-Empty,352,7.06,0,-3.082418,-1.60373771,-1.55332458,0,0,0,0,1,7,0,0,0,0,0,0
Kinematic-Cluster4-Empty,352,7.06,1,-2.70456719,-1.61225569,-3.328678,0,0,0,0,1,9,0,0,0,0,0,0
Kinematic-Cluster4-Empty,352,7.06,2,-3.063569,-1.22724235,0.1164295,0,0,0,0,1,6,0,0,0,0,0,0
Kinematic-Cluster4-Empty,352,7.06,3,-2.6896472,-1.24223423,-10.6217489,0,0,0,0,1,7,0,0,0,0,0,0
Kinematic-Cluster4-Empty,353,7.08,0,-3.082418,-1.60373771,-1.55332458,0,0,0,0,1,7,0,0,0,0,0,0
Kinematic-Cluster4-Empty,353,7.08,1,-2.70456719,-1.61225569,-3.328678,0,0,0,0,1,9,0,0,0,0,0,0
Kinematic-Cluster4-Empty,353,7.08,2,-3.063569,-1.22724235,0.1164295,0,0,0,0,1,6,0,0,0,0,0,0
Kinematic-Cluster4-Empty,353,7.08,3,-2.6896472,-1.24223423,-10.6217489,0,0,0,0,1,7,0,0,0,0,0,0
Kinematic-Cluster4-Empty,354,7.1,0,-3.082418,-1.60373771,-1.55332458,0,0,0,0,1,7,0,0,0,0,0,0
Kinematic-Cluster4-Empty,354,7.1,1,-2.70456719,-1.61225569,-3.328678,0,0,0,0,1,9,0,0,0,0,0,0
Kinematic-Cluster4-Empty,354,7.1,2,-3.063569,-1.22724235,0.1164295,0,0,0,0,1,6,0,0,0,0,0,0
Kinematic-Cluster4-Empty,354,7.1,3,-2.6896472,-1.24223423,-10.6217489,0,0,0,0,1,7,0,0,0,0,0,0
Kinematic-Cluster4-Empty,355,7.12,0,-3.082418,-1.60373771,-1.55332458,0,0,0,0,1,7,0,0,0,0,0,0
Kinematic-Cluster4-Empty,355,7.12,1,-2.70456719,-1.61225569,-3.328678,0,0,0,0,1,9,0,0,0,0,0,0
Kinematic-Cluster4-Empty,355,7.12,2,-3.063569,-1.22724235,0.1164295,0,0,0,0,1,6,0,0,0,0,0,0
Kinematic-Cluster4-Empty,355,7.12,3,-2.6896472,-1.24223423,-10.6217489,0,0,0,0,1,7,0,0,0,0,0,0
Kinematic-Cluster4-Empty,356,7.14,0,-3.082418,-1.60373771,-1.55332458,0,0,0,0,1,7,0,0,0,0,0,0
Kinematic-Cluster4-Empty,356,7.14,1,-2.70456719,-1.61225569,-3.328678,0,0,0,0,1,9,0,0,0,0,0,0
Kinematic-Cluster4-Empty,356,7.14,2,-3.063569,-1.22724235,0.1164295,0,0,0,0,1,6,0,0,0,0,0,0
Kinematic-Cluster4-Empty,356,7.14,3,-2.6896472,-1.24223423,-10.6217489,0,0,0,0,1,7,0,0,0,0,0,0
Kinematic-Cluster4-Empty,357,7.16,0,-3.082418,-1.60373771,-1.55332458,0,0,0,0,1,7,0,0,0,0,0,0
Kinematic-Cluster4-Empty,357,7.16,1,-2.70456719,-1.61225569,-3.328678,0,0,0,0,1,9,0,0,0,0,0,0
Kinematic-Cluster4-Empty,357,7.16,2,-3.063569,-1.22724235,0.1164295,0,0,0,0,1,6,0,0,0,0,0,0
Kinematic-Cluster4-Empty,357,7.16,3,-2.6896472,-1.24223423,-10.6217489,0,0,0,0,1,7,0,0,0,0,0,0
Kinematic-Cluster4-Empty,358,7.18,0,-3.082418,-1.60373771,-1.55332458,0,0,0,0,1,7,0,0,0,0,0,0
Kinematic-Cluster4-Empty,358,7.18,1,-2.70456719,-1.61225569,-3.328678,0,0,0,0,1,9,0,0,0,0,0,0
Kinematic-Cluster4-Empty,358,7.18,2,-3.063569,-1.22724235,0.1164295,0,0,0,0,1,6,0,0,0,0,0,0
Kinematic-Cluster4-Empty,358,7.18,3,-2.6896472,-1.24223423,-10.6217489,0,0,0,0,1,7,0,0,0,0,0,0
Kinematic-Cluster4-Empty,359,7.2,0,-3.082418,-1.60373771,-1.55332458,0,0,0,0,1,7,0,0,0,0,0,0
Kinematic-Cluster4-Empty,359,7.2,1,-2.70456719,-1.61225569,-3.328678,0,0,0,0,1,9,0,0,0,0,0,0
Kinematic-Cluster4-Empty,359,7.2,2,-3.063569,-1.22724235,0.1164295,0,0,0,0,1,6,0,0,0,0,0,0
Kinematic-Cluster4-Empty,359,7.2,3,-2.6896472,-1.24223423,-10.6217489,0,0,0,0,1,7,0,0,0,0,0,0
Kinematic-Cluster4-Empty,360,7.22,0,-3.082418,-1.60373771,-1.55332458,0,0,0,0,1,7,0,0,0,0,0,0
Kinematic-Cluster4-Empty,360,7.22,1,-2.70456719,-1.61225569,-3.328678,0,0,0,0,1,9,0,0,0,0,0,0
Kinematic-Cluster4-Empty,360,7.22,2,-3.063569,-1.22724235,0.1164295,0,0,0,0,1,6,0,0,0,0,0,0
Kinematic-Cluster4-Empty,360,7.22,3,-2.6896472,-1.24223423,-10.6217489,0,0,0,0,1,7,0,0,0,0,0,0
Kinematic-Cluster4-Empty,361,7.24,0,-3.082418,-1.60373771,-1.55332458,0,0,0,0,1,7,0,0,0,0,0,0
Kinematic-Cluster4-Empty,361,7.24,1,-2.70456719,-1.61225569,-3.328678,0,0,0,0,1,9,0,0,0,0,0,0
Kinematic-Cluster4-Empty,361,7.24,2,-3.063569,-1.22724235,0.1164295,0,0,0,0,1,6,0,0,0,0,0,0
Kinematic-Cluster4-Empty,361,7.24,3,-2.6896472,-1.24223423,-10.6217489,0,0,0,0,1,7,0,0,0,0,0,0
Kinematic-Cluster4-Empty,362,7.25999975,0,-3.082418,-1.60373771,-1.55332458,0,0,0,0,1,7,0,0,0,0,0,0
Kinematic-Cluster4-Empty,362,7.25999975,1,-2.70456719,-1.61225569,-3.328678,0,0,0,0,1,9,0,0,0,0,0,0
Kinematic-Cluster4-Empty,362,7.25999975,2,-3.063569,-1.22724235,0.1164295,0,0,0,0,1,6,0,0,0,0,0,0
Kinematic-Cluster4-Empty,362,7.25999975,3,-2.6896472,-1.24223423,-10.6217489,0,0,0,0,1,7,0,0,0,0,0,0
Kinematic-Cluster4-Empty,363,7.27999973,0,-3.082418,-1.60373771,-1.55332458,0,0,0,0,1,7,0,0,0,0,0,0
Kinematic-Cluster4-Empty,363,7.27999973,1,-2.70456719,-1.61225569,-3.328678,0,0,0,0,1,9,0,0,0,0,0,0
Kinematic-Cluster4-Empty,363,7.27999973,2,-3.063569,-1.22724235,0.1164295,0,0,0,0,1,6,0,0,0,0,0,0
Kinematic-Cluster4-Empty,363,7.27999973,3,-2.6896472,-1.24223423,-10.6217489,0,0,0,0,1,7,0,0,0,0,0,0
Kinematic-Cluster4-Empty,364,7.29999971,0,-3.082418,-1.60373771,-1.55332458,0,0,0,0,1,7,0,0,0,0,0,0
Kinematic-Cluster4-Empty,364,7.29999971,1,-2.70456719,-1.61225569,-3.328678,0,0,0,0,1,9,0,0,0,0,0,0
Kinematic-Cluster4-Empty,364,7.29999971,2,-3.063569,-1.22724235,0.1164295,0,0,0,0,1,6,0,0,0,0,0,0
Kinematic-Cluster4-Empty,364,7.29999971,3,-2.6896472,-1.24223423,-10.6217489,0,0,0,0,1,7,0,0,0,0,0,0
Kinematic-Cluster4-Empty,365,7.31999969,0,-3.082418,-1.60373771,-1.55332458,0,0,0,0,1,7,0,0,0,0,0,0
Kinematic-Cluster4-Empty,365,7.31999969,1,-2.70456719,-1.61225569,-3.328678,0,0,0,0,1,9,0,0,0,0,0,0
Kinematic-Cluster4-Empty,365,7.31999969,2,-3.063569,-1.22724235,0.1164295,0,0,0,0,1,6,0,0,0,0,0,0
Kinematic-Cluster4-Empty,365,7.31999969,3,-2.6896472,-1.24223423,-10.6217489,0,0,0,0,1,7,0,0,0,0,0,0
Kinematic-Cluster4-Empty,366,7.33999968,0,-3.082418,-1.60373771,-1.55332458,0,0,0,0,1,7,0,0,0,0,0,0
Kinematic-Cluster4-Empty,366,7.33999968,1,-2.70456719,-1.61225569,-3.328678,0,0,0,0,1,9,0,0,0,0,0,0
Kinematic-Cluster4-Empty,366,7.33999968,2,-3.063569,-1.22724235,0.1164295,0,0,0,0,1,6,0,0,0,0,0,0
Kinematic-Cluster4-Empty,366,7.33999968,3,-2.6896472,-1.24223423,-10.6217489,0,0,0,0,1,7,0,0,0,0,0,0
Kinematic-Cluster4-Empty,367,7.35999966,0,-3.082418,-1.60373771,-1.55332458,0,0,0,0,1,7,0,0,0,0,0,0
Kinematic-Cluster4-Empty,367,7.35999966,1,-2.70456719,-1.61225569,-3.328678,0,0,0,0,1,9,0,0,0,0,0,0
Kinematic-Cluster4-Empty,367,7.35999966,2,-3.063569,-1.22724235,0.1164295,0,0,0,0,1,6,0,0,0,0,0,0
Kinematic-Cluster4-Empty,367,7.35999966,3,-2.6896472,-1.24223423,-10.6217489,0,0,0,0,1,7,0,0,0,0,0,0
Kinematic-Cluster4-Empty,368,7.37999964,0,-3.082418,-1.60373771,-1.55332458,0,0,0,0,1,7,0,0,0,0,0,0
Kinematic-Cluster4-Empty,368,7.37999964,1,-2.70456719,-1.61225569,-3.328678,0,0,0,0,1,9,0,0,0,0,0,0
Kinematic-Cluster4-Empty,368,7.37999964,2,-3.063569,-1.22724235,0.1164295,0,0,0,0,1,6,0,0,0,0,0,0
Kinematic-Cluster4-Empty,368,7.37999964,3,-2.6896472,-1.24223423,-10.6217489,0,0,0,0,1,7,0,0,0,0,0,0
Kinematic-Cluster4-Empty,369,7.39999962,0,-3.082418,-1.60373771,-1.55332458,0,0,0,0,1,7,0,0,0,0,0,0
Kinematic-Cluster4-Empty,369,7.39999962,1,-2.70456719,-1.61225569,-3.328678,0,0,0,0,1,9,0,0,0,0,0,0
Kinematic-Cluster4-Empty,369,7.39999962,2,-3.063569,-1.22724235,0.1164295,0,0,0,0,1,6,0,0,0,0,0,0
Kinematic-Cluster4-Empty,369,7.39999962,3,-2.6896472,-1.24223423,-10.6217489,0,0,0,0,1,7,0,0,0,0,0,0
Kinematic-Cluster4-Empty,370,7.4199996,0,-3.082418,-1.60373771,-1.55332458,0,0,0,0,1,7,0,0,0,0,0,0
Kinematic-Cluster4-Empty,370,7.4199996,1,-2.70456719,-1.61225569,-3.328678,0,0,0,0,1,9,0,0,0,0,0,0
Kinematic-Cluster4-Empty,370,7.4199996,2,-3.063569,-1.22724235,0.1164295,0,0,0,0,1,6,0,0,0,0,0,0
Kinematic-Cluster4-Empty,370,7.4199996,3,-2.6896472,-1.24223423,-10.6217489,0,0,0,0,1,7,0,0,0,0,0,0
Kinematic-Cluster4-Empty,371,7.44,0,-3.082418,-1.60373771,-1.55332458,0,0,0,0,1,7,0,0,0,0,0,0
Kinematic-Cluster4-Empty,371,7.44,1,-2.70456719,-1.61225569,-3.328678,0,0,0,0,1,9,0,0,0,0,0,0
Kinematic-Cluster4-Empty,371,7.44,2,-3.063569,-1.22724235,0.1164295,0,0,0,0,1,6,0,0,0,0,0,0
Kinematic-Cluster4-Empty,371,7.44,3,-2.6896472,-1.24223423,-10.6217489,0,0,0,0,1,7,0,0,0,0,0,0
Kinematic-Cluster4-Empty,372,7.46,0,-3.082418,-1.60373771,-1.55332458,0,0,0,0,1,7,0,0,0,0,0,0
Kinematic-Cluster4-Empty,372,7.46,1,-2.70456719,-1.61225569,-3.328678,0,0,0,0,1,9,0,0,0,0,0,0
Kinematic-Cluster4-Empty,372,7.46,2,-3.063569,-1.22724235,0.1164295,0,0,0,0,1,6,0,0,0,0,0,0
Kinematic-Cluster4-Empty,372,7.46,3,-2.6896472,-1.24223423,-10.6217489,0,0,0,0,1,7,0,0,0,0,0,0
Kinematic-Cluster4-Empty,373,7.48,0,-3.082418,-1.60373771,-1.55332458,0,0,0,0,1,7,0,0,0,0,0,0
Kinematic-Cluster4-Empty,373,7.48,1,-2.70456719,-1.61225569,-3.328678,0,0,0,0,1,9,0,0,0,0,0,0
Kinematic-Cluster4-Empty,373,7.48,2,-3.063569,-1.22724235,0.1164295,0,0,0,0,1,6,0,0,0,0,0,0
Kinematic-Cluster4-Empty,373,7.48,3,-2.6896472,-1.24223423,-10.6217489,0,0,0,0,1,7,0,0,0,0,0,0
Kinematic-Cluster4-Empty,374,7.5,0,-3.082418,-1.60373771,-1.55332458,0,0,0,0,1,7,0,0,0,0,0,0
Kinematic-Cluster4-Empty,374,7.5,1,-2.70456719,-1.61225569,-3.328678,0,0,0,0,1,9,0,0,0,0,0,0
Kinematic-Cluster4-Empty,374,7.5,2,-3.063569,-1.22724235,0.1164295,0,0,0,0,1,6,0,0,0,0,0,0
Kinematic-Cluster4-Empty,374,7.5,3,-2.6896472,-1.24223423,-10.6217489,0,0,0,0,1,7,0,0,0,0,0,0
Kinematic-Cluster4-Empty,375,7.52,0,-3.082418,-1.60373771,-1.55332458,0,0,0,0,1,7,0,0,0,0,0,0
Kinematic-Cluster4-Empty,375,7.52,1,-2.70456719,-1.61225569,-3.328678,0,0,0,0,1,9,0,0,0,0,0,0
Kinematic-Cluster4-Empty,375,7.52,2,-3.063569,-1.22724235,0.1164295,0,0,0,0,1,6,0,0,0,0,0,0
Kinematic-Cluster4-Empty,375,7.52,3,-2.6896472,-1.24223423,-10.6217489,0,0,0,0,1,7,0,0,0,0,0,0
Kinematic-Cluster4-Empty,376,7.54,0,-3.082418,-1.60373771,-1.55332458,0,0,0,0,1,7,0,0,0,0,0,0
Kinematic-Cluster4-Empty,376,7.54,1,-2.70456719,-1.61225569,-3.328678,0,0,0,0,1,9,0,0,0,0,0,0
Kinematic-Cluster4-Empty,376,7.54,2,-3.063569,-1.22724235,0.1164295,0,0,0,0,1,6,0,0,0,0,0,0
Kinematic-Cluster4-Empty,376,7.54,3,-2.6896472,-1.24223423,-10.6217489,0,0,0,0,1,7,0,0,0,0,0,0
Kinematic-Cluster4-Empty,377,7.56,0,-3.082418,-1.60373771,-1.55332458,0,0,0,0,1,7,0,0,0,0,0,0
Kinematic-Cluster4-Empty,377,7.56,1,-2.70456719,-1.61225569,-3.328678,0,0,0,0,1,9,0,0,0,0,0,0
Kinematic-Cluster4-Empty,377,7.56,2,-3.063569,-1.22724235,0.1164295,0,0,0,0,1,6,0,0,0,0,0,0
Kinematic-Cluster4-Empty,377,7.56,3,-2.6896472,-1.24223423,-10.6217489,0,0,0,0,1,7,0,0,0,0,0,0
Kinematic-Cluster4-Empty,378,7.58,0,-3.082418,-1.60373771,-1.55332458,0,0,0,0,1,7,0,0,0,0,0,0
Kinematic-Cluster4-Empty,378,7.58,1,-2.70456719,-1.61225569,-3.328678,0,0,0,0,1,9,0,0,0,0,0,0
Kinematic-Cluster4-Empty,378,7.58,2,-3.063569,-1.22724235,0.1164295,0,0,0,0,1,6,0,0,0,0,0,0
Kinematic-Cluster4-Empty,378,7.58,3,-2.6896472,-1.24223423,-10.6217489,0,0,0,0,1,7,0,0,0,0,0,0
Kinematic-Cluster4-Empty,379,7.6,0,-3.082418,-1.60373771,-1.55332458,0,0,0,0,1,7,0,0,0,0,0,0
Kinematic-Cluster4-Empty,379,7.6,1,-2.70456719,-1.61225569,-3.328678,0,0,0,0,1,9,0,0,0,0,0,0
Kinematic-Cluster4-Empty,379,7.6,2,-3.063569,-1.22724235,0.1164295,0,0,0,0,1,6,0,0,0,0,0,0
Kinematic-Cluster4-Empty,379,7.6,3,-2.6896472,-1.24223423,-10.6217489,0,0,0,0,1,7,0,0,0,0,0,0
Kinematic-Cluster4-Empty,380,7.62,0,-3.082418,-1.60373771,-1.55332458,0,0,0,0,1,7,0,0,0,0,0,0
Kinematic-Cluster4-Empty,380,7.62,1,-2.70456719,-1.61225569,-3.328678,0,0,0,0,1,9,0,0,0,0,0,0
Kinematic-Cluster4-Empty,380,7.62,2,-3.063569,-1.22724235,0.1164295,0,0,0,0,1,6,0,0,0,0,0,0
Kinematic-Cluster4-Empty,380,7.62,3,-2.6896472,-1.24223423,-10.6217489,0,0,0,0,1,7,0,0,0,0,0,0
Kinematic-Cluster4-Empty,381,7.64,0,-3.082418,-1.60373771,-1.55332458,0,0,0,0,1,7,0,0,0,0,0,0
Kinematic-Cluster4-Empty,381,7.64,1,-2.70456719,-1.61225569,-3.328678,0,0,0,0,1,9,0,0,0,0,0,0
Kinematic-Cluster4-Empty,381,7.64,2,-3.063569,-1.22724235,0.1164295,0,0,0,0,1,6,0,0,0,0,0,0
Kinematic-Cluster4-Empty,381,7.64,3,-2.6896472,-1.24223423,-10.6217489,0,0,0,0,1,7,0,0,0,0,0,0
Kinematic-Cluster4-Empty,382,7.66,0,-3.082418,-1.60373771,-1.55332458,0,0,0,0,1,7,0,0,0,0,0,0
Kinematic-Cluster4-Empty,382,7.66,1,-2.70456719,-1.61225569,-3.328678,0,0,0,0,1,9,0,0,0,0,0,0
Kinematic-Cluster4-Empty,382,7.66,2,-3.063569,-1.22724235,0.1164295,0,0,0,0,1,6,0,0,0,0,0,0
Kinematic-Cluster4-Empty,382,7.66,3,-2.6896472,-1.24223423,-10.6217489,0,0,0,0,1,7,0,0,0,0,0,0
Kinematic-Cluster4-Empty,383,7.68,0,-3.082418,-1.60373771,-1.55332458,0,0,0,0,1,7,0,0,0,0,0,0
Kinematic-Cluster4-Empty,383,7.68,1,-2.70456719,-1.61225569,-3.328678,0,0,0,0,1,9,0,0,0,0,0,0
Kinematic-Cluster4-Empty,383,7.68,2,-3.063569,-1.22724235,0.1164295,0,0,0,0,1,6,0,0,0,0,0,0
Kinematic-Cluster4-Empty,383,7.68,3,-2.6896472,-1.24223423,-10.6217489,0,0,0,0,1,7,0,0,0,0,0,0
Kinematic-Cluster4-Empty,384,7.7,0,-3.082418,-1.60373771,-1.55332458,0,0,0,0,1,7,0,0,0,0,0,0
Kinematic-Cluster4-Empty,384,7.7,1,-2.70456719,-1.61225569,-3.328678,0,0,0,0,1,9,0,0,0,0,0,0
Kinematic-Cluster4-Empty,384,7.7,2,-3.063569,-1.22724235,0.1164295,0,0,0,0,1,6,0,0,0,0,0,0
Kinematic-Cluster4-Empty,384,7.7,3,-2.6896472,-1.24223423,-10.6217489,0,0,0,0,1,7,0,0,0,0,0,0
Kinematic-Cluster4-Empty,385,7.72,0,-3.082418,-1.60373771,-1.55332458,0,0,0,0,1,7,0,0,0,0,0,0
Kinematic-Cluster4-Empty,385,7.72,1,-2.70456719,-1.61225569,-3.328678,0,0,0,0,1,9,0,0,0,0,0,0
Kinematic-Cluster4-Empty,385,7.72,2,-3.063569,-1.22724235,0.1164295,0,0,0,0,1,6,0,0,0,0,0,0
Kinematic-Cluster4-Empty,385,7.72,3,-2.6896472,-1.24223423,-10.6217489,0,0,0,0,1,7,0,0,0,0,0,0
Kinematic-Cluster4-Empty,386,7.74,0,-3.082418,-1.60373771,-1.55332458,0,0,0,0,1,7,0,0,0,0,0,0
Kinematic-Cluster4-Empty,386,7.74,1,-2.70456719,-1.61225569,-3.328678,0,0,0,0,1,9,0,0,0,0,0,0
Kinematic-Cluster4-Empty,386,7.74,2,-3.063569,-1.22724235,0.1164295,0,0,0,0,1,6,0,0,0,0,0,0
Kinematic-Cluster4-Empty,386,7.74,3,-2.6896472,-1.24223423,-10.6217489,0,0,0,0,1,7,0,0,0,0,0,0
Kinematic-Cluster4-Empty,387,7.75999975,0,-3.082418,-1.60373771,-1.55332458,0,0,0,0,1,7,0,0,0,0,0,0
Kinematic-Cluster4-Empty,387,7.75999975,1,-2.70456719,-1.61225569,-3.328678,0,0,0,0,1,9,0,0,0,0,0,0
Kinematic-Cluster4-Empty,387,7.75999975,2,-3.063569,-1.22724235,0.1164295,0,0,0,0,1,6,0,0,0,0,0,0
Kinematic-Cluster4-Empty,387,7.75999975,3,-2.6896472,-1.24223423,-10.6217489,0,0,0,0,1,7,0,0,0,0,0,0
Kinematic-Cluster4-Empty,388,7.77999973,0,-3.082418,-1.60373771,-1.55332458,0,0,0,0,1,7,0,0,0,0,0,0
Kinematic-Cluster4-Empty,388,7.77999973,1,-2.70456719,-1.61225569,-3.328678,0,0,0,0,1,9,0,0,0,0,0,0
Kinematic-Cluster4-Empty,388,7.77999973,2,-3.063569,-1.22724235,0.1164295,0,0,0,0,1,6,0,0,0,0,0,0
Kinematic-Cluster4-Empty,388,7.77999973,3,-2.6896472,-1.24223423,-10.6217489,0,0,0,0,1,7,0,0,0,0,0,0
Kinematic-Cluster4-Empty,389,7.79999971,0,-3.082418,-1.60373771,-1.55332458,0,0,0,0,1,7,0,0,0,0,0,0
Kinematic-Cluster4-Empty,389,7.79999971,1,-2.70456719,-1.61225569,-3.328678,0,0,0,0,1,9,0,0,0,0,0,0
Kinematic-Cluster4-Empty,389,7.79999971,2,-3.063569,-1.22724235,0.1164295,0,0,0,0,1,6,0,0,0,0,0,0
Kinematic-Cluster4-Empty,389,7.79999971,3,-2.6896472,-1.24223423,-10.6217489,0,0,0,0,1,7,0,0,0,0,0,0
Kinematic-Cluster4-Empty,390,7.81999969,0,-3.082418,-1.60373771,-1.55332458,0,0,0,0,1,7,0,0,0,0,0,0
Kinematic-Cluster4-Empty,390,7.81999969,1,-2.70456719,-1.61225569,-3.328678,0,0,0,0,1,9,0,0,0,0,0,0
Kinematic-Cluster4-Empty,390,7.81999969,2,-3.063569,-1.22724235,0.1164295,0,0,0,0,1,6,0,0,0,0,0,0
Kinematic-Cluster4-Empty,390,7.81999969,3,-2.6896472,-1.24223423,-10.6217489,0,0,0,0,1,7,0,0,0,0,0,0
Kinematic-Cluster4-Empty,391,7.83999968,0,-3.082418,-1.60373771,-1.55332458,0,0,0,0,1,7,0,0,0,0,0,0
Kinematic-Cluster4-Empty,391,7.83999968,1,-2.70456719,-1.61225569,-3.328678,0,0,0,0,1,9,0,0,0,0,0,0
Kinematic-Cluster4-Empty,391,7.83999968,2,-3.063569,-1.22724235,0.1164295,0,0,0,0,1,6,0,0,0,0,0,0
Kinematic-Cluster4-Empty,391,7.83999968,3,-2.6896472,-1.24223423,-10.6217489,0,0,0,0,1,7,0,0,0,0,0,0
Kinematic-Cluster4-Empty,392,7.85999966,0,-3.082418,-1.60373771,-1.55332458,0,0,0,0,1,7,0,0,0,0,0,0
Kinematic-Cluster4-Empty,392,7.85999966,1,-2.70456719,-1.61225569,-3.328678,0,0,0,0,1,9,0,0,0,0,0,0
Kinematic-Cluster4-Empty,392,7.85999966,2,-3.063569,-1.22724235,0.1164295,0,0,0,0,1,6,0,0,0,0,0,0
Kinematic-Cluster4-Empty,392,7.85999966,3,-2.6896472,-1.24223423,-10.6217489,0,0,0,0,1,7,0,0,0,0,0,0
Kinematic-Cluster4-Empty,393,7.87999964,0,-3.082418,-1.60373771,-1.55332458,0,0,0,0,1,7,0,0,0,0,0,0
Kinematic-Cluster4-Empty,393,7.87999964,1,-2.70456719,-1.61225569,-3.328678,0,0,0,0,1,9,0,0,0,0,0,0
Kinematic-Cluster4-Empty,393,7.87999964,2,-3.063569,-1.22724235,0.1164295,0,0,0,0,1,6,0,0,0,0,0,0
Kinematic-Cluster4-Empty,393,7.87999964,3,-2.6896472,-1.24223423,-10.6217489,0,0,0,0,1,7,0,0,0,0,0,0
Kinematic-Cluster4-Empty,394,7.89999962,0,-3.082418,-1.60373771,-1.55332458,0,0,0,0,1,7,0,0,0,0,0,0
Kinematic-Cluster4-Empty,394,7.89999962,1,-2.70456719,-1.61225569,-3.328678,0,0,0,0,1,9,0,0,0,0,0,0
Kinematic-Cluster4-Empty,394,7.89999962,2,-3.063569,-1.22724235,0.1164295,0,0,0,0,1,6,0,0,0,0,0,0
Kinematic-Cluster4-Empty,394,7.89999962,3,-2.6896472,-1.24223423,-10.6217489,0,0,0,0,1,7,0,0,0,0,0,0
Kinematic-Cluster4-Empty,395,7.9199996,0,-3.082418,-1.60373771,-1.55332458,0,0,0,0,1,7,0,0,0,0,0,0
Kinematic-Cluster4-Empty,395,7.9199996,1,-2.70456719,-1.61225569,-3.328678,0,0,0,0,1,9,0,0,0,0,0,0
Kinematic-Cluster4-Empty,395,7.9199996,2,-3.063569,-1.22724235,0.1164295,0,0,0,0,1,6,0,0,0,0,0,0
Kinematic-Cluster4-Empty,395,7.9199996,3,-2.6896472,-1.24223423,-10.6217489,0,0,0,0,1,7,0,0,0,0,0,0
Kinematic-Cluster4-Empty,396,7.94,0,-3.082418,-1.60373771,-1.55332458,0,0,0,0,1,7,0,0,0,0,0,0
Kinematic-Cluster4-Empty,396,7.94,1,-2.70456719,-1.61225569,-3.328678,0,0,0,0,1,9,0,0,0,0,0,0
Kinematic-Cluster4-Empty,396,7.94,2,-3.063569,-1.22724235,0.1164295,0,0,0,0,1,6,0,0,0,0,0,0
Kinematic-Cluster4-Empty,396,7.94,3,-2.6896472,-1.24223423,-10.6217489,0,0,0,0,1,7,0,0,0,0,0,0
Kinematic-Cluster4-Empty,397,7.96,0,-3.082418,-1.60373771,-1.55332458,0,0,0,0,1,7,0,0,0,0,0,0
Kinematic-Cluster4-Empty,397,7.96,1,-2.70456719,-1.61225569,-3.328678,0,0,0,0,1,9,0,0,0,0,0,0
Kinematic-Cluster4-Empty,397,7.96,2,-3.063569,-1.22724235,0.1164295,0,0,0,0,1,6,0,0,0,0,0,0
Kinematic-Cluster4-Empty,397,7.96,3,-2.6896472,-1.24223423,-10.6217489,0,0,0,0,1,7,0,0,0,0,0,0
Kinematic-Cluster4-Empty,398,7.98,0,-3.082418,-1.60373771,-1.55332458,0,0,0,0,1,7,0,0,0,0,0,0
Kinematic-Cluster4-Empty,398,7.98,1,-2.70456719,-1.61225569,-3.328678,0,0,0,0,1,9,0,0,0,0,0,0
Kinematic-Cluster4-Empty,398,7.98,2,-3.063569,-1.22724235,0.1164295,0,0,0,0,1,6,0,0,0,0,0,0
Kinematic-Cluster4-Empty,398,7.98,3,-2.6896472,-1.24223423,-10.6217489,0,0,0,0,1,7,0,0,0,0,0,0
Kinematic-Cluster4-Empty,399,8,0,-3.082418,-1.60373771,-1.55332458,0,0,0,0,1,7,0,0,0,0,0,0
Kinematic-Cluster4-Empty,399,8,1,-2.70456719,-1.61225569,-3.328678,0,0,0,0,1,9,0,0,0,0,0,0
Kinematic-Cluster4-Empty,399,8,2,-3.063569,-1.22724235,0.1164295,0,0,0,0,1,6,0,0,0,0,0,0
Kinematic-Cluster4-Empty,399,8,3,-2.6896472,-1.24223423,-10.6217489,0,0,0,0,1,7,0,0,0,0,0,0
Kinematic-Cluster4-F,300,6.02,0,-3.08110213,-1.60480618,-2.05219674,0,0,0,0,1,8,36,0.00181594468,0.008899018,0,41,0
Kinematic-Cluster4-F,300,6.02,1,-2.7023344,-1.61033857,-4.27854347,0,0,0,0,1,9,36,0.00181594468,0.008899018,0,41,0
Kinematic-Cluster4-F,300,6.02,2,-3.06268382,-1.22661054,0.6927197,0,0,0,0,1,6,36,0.00181594468,0.008899018,0,41,0
Kinematic-Cluster4-F,300,6.02,3,-2.685102,-1.24056208,-11.1045437,0,0,0,0,1,7,36,0.00181594468,0.008899018,0,41,0
Kinematic-Cluster4-F,301,6.04,0,-3.08110213,-1.60480618,-2.05219674,0,0,0,0,1,8,36,0.000448818231,0.001788634,0,41,0
Kinematic-Cluster4-F,301,6.04,1,-2.7023344,-1.61033857,-4.27854347,0,0,0,0,1,9,36,0.000448818231,0.001788634,0,41,0
Kinematic-Cluster4-F,301,6.04,2,-3.06268382,-1.22661054,0.6927197,0,0,0,0,1,6,36,0.000448818231,0.001788634,0,41,0
Kinematic-Cluster4-F,301,6.04,3,-2.685102,-1.24056208,-11.1045437,0,0,0,0,1,7,36,0.000448818231,0.001788634,0,41,0
Kinematic-Cluster4-F,302,6.06,0,-3.08110213,-1.60480618,-2.05219674,0,0,0,0,1,8,36,0.0008919993,0.00458346447,0,41,0
Kinematic-Cluster4-F,302,6.06,1,-2.7023344,-1.61033857,-4.27854347,0,0,0,0,1,9,36,0.0008919993,0.00458346447,0,41,0
Kinematic-Cluster4-F,302,6.06,2,-3.06268382,-1.22661054,0.6927197,0,0,0,0,1,6,36,0.0008919993,0.00458346447,0,41,0
Kinematic-Cluster4-F,302,6.06,3,-2.685102,-1.24056208,-11.1045437,0,0,0,0,1,7,36,0.0008919993,0.00458346447,0,41,0
Kinematic-Cluster4-F,303,6.08,0,-3.08110213,-1.60480618,-2.05219674,0,0,0,0,1,8,36,0.000476125977,0.002340841,0,41,0
Kinematic-Cluster4-F,303,6.08,1,-2.7023344,-1.61033857,-4.27854347,0,0,0,0,1,9,36,0.000476125977,0.002340841,0,41,0
Kinematic-Cluster4-F,303,6.08,2,-3.06268382,-1.22661054,0.6927197,0,0,0,0,1,6,36,0.000476125977,0.002340841,0,41,0
Kinematic-Cluster4-F,303,6.08,3,-2.685102,-1.24056208,-11.1045437,0,0,0,0,1,7,36,0.000476125977,0.002340841,0,41,0
Kinematic-Cluster4-F,304,6.1,0,-3.08110213,-1.60480618,-2.05219674,0,0,0,0,1,8,36,0.0008604849,0.00404588226,0,41,0
Kinematic-Cluster4-F,304,6.1,1,-2.7023344,-1.61033857,-4.27854347,0,0,0,0,1,9,36,0.0008604849,0.00404588226,0,41,0
Kinematic-Cluster4-F,304,6.1,2,-3.06268382,-1.22661054,0.6927197,0,0,0,0,1,6,36,0.0008604849,0.00404588226,0,41,0
Kinematic-Cluster4-F,304,6.1,3,-2.685102,-1.24056208,-11.1045437,0,0,0,0,1,7,36,0.0008604849,0.00404588226,0,41,0
Kinematic-Cluster4-F,305,6.12,0,-3.08110213,-1.60480618,-2.05219674,0,0,0,0,1,8,36,0.000531931059,0.00238867127,0,41,0
Kinematic-Cluster4-F,305,6.12,1,-2.7023344,-1.61033857,-4.27854347,0,0,0,0,1,9,36,0.000531931059,0.00238867127,0,41,0
Kinematic-Cluster4-F,305,6.12,2,-3.06268382,-1.22661054,0.6927197,0,0,0,0,1,6,36,0.000531931059,0.00238867127,0,41,0
Kinematic-Cluster4-F,305,6.12,3,-2.685102,-1.24056208,-11.1045437,0,0,0,0,1,7,36,0.000531931059,0.00238867127,0,41,0
Kinematic-Cluster4-F,306,6.14,0,-3.08110213,-1.60480618,-2.05219674,0,0,0,0,1,8,36,0.0008626956,0.00309459749,0,41,0
Kinematic-Cluster4-F,306,6.14,1,-2.7023344,-1.61033857,-4.27854347,0,0,0,0,1,9,36,0.0008626956,0.00309459749,0,41,0
Kinematic-Cluster4-F,306,6.14,2,-3.06268382,-1.22661054,0.6927197,0,0,0,0,1,6,36,0.0008626956,0.00309459749,0,41,0
Kinematic-Cluster4-F,306,6.14,3,-2.685102,-1.24056208,-11.1045437,0,0,0,0,1,7,36,0.0008626956,0.00309459749,0,41,0
Kinematic-Cluster4-F,307,6.16,0,-3.08110213,-1.60480618,-2.05219674,0,0,0,0,1,8,36,0.000817261,0.005528928,0,41,0
Kinematic-Cluster4-F,307,6.16,1,-2.7023344,-1.61033857,-4.27854347,0,0,0,0,1,9,36,0.000817261,0.005528928,0,41,0
Kinematic-Cluster4-F,307,6.16,2,-3.06268382,-1.22661054,0.6927197,0,0,0,0,1,6,36,0.000817261,0.005528928,0,41,0
Kinematic-Cluster4-F,307,6.16,3,-2.685102,-1.24056208,-11.1045437,0,0,0,0,1,7,36,0.000817261,0.005528928,0,41,0
Kinematic-Cluster4-F,308,6.18,0,-3.08110213,-1.60480618,-2.05219674,0,0,0,0,1,8,36,0.0008889713,0.005094068,0,41,0
Kinematic-Cluster4-F,308,6.18,1,-2.7023344,-1.61033857,-4.27854347,0,0,0,0,1,9,36,0.0008889713,0.005094068,0,41,0
Kinematic-Cluster4-F,308,6.18,2,-3.06268382,-1.22661054,0.6927197,0,0,0,0,1,6,36,0.0008889713,0.005094068,0,41,0
Kinematic-Cluster4-F,308,6.18,3,-2.685102,-1.24056208,-11.1045437,0,0,0,0,1,7,36,0.0008889713,0.005094068,0,41,0
Kinematic-Cluster4-F,309,6.2,0,-3.08110213,-1.60480618,-2.05219674,0,0,0,0,1,8,36,0.000969944638,0.00562388869,0,41,0
Kinematic-Cluster4-F,309,6.2,1,-2.7023344,-1.61033857,-4.27854347,0,0,0,0,1,9,36,0.000969944638,0.00562388869,0,41,0
Kinematic-Cluster4-F,309,6.2,2,-3.06268382,-1.22661054,0.6927197,0,0,0,0,1,6,36,0.000969944638,0.00562388869,0,41,0
Kinematic-Cluster4-F,309,6.2,3,-2.685102,-1.24056208,-11.1045437,0,0,0,0,1,7,36,0.000969944638,0.00562388869,0,41,0
Kinematic-Cluster4-F,310,6.22,0,-3.08110213,-1.60480618,-2.05219674,0,0,0,0,1,8,36,0.0004876364,0.00236514048,0,41,0
Kinematic-Cluster4-F,310,6.22,1,-2.7023344,-1.61033857,-4.27854347,0,0,0,0,1,9,36,0.0004876364,0.00236514048,0,41,0
Kinematic-Cluster4-F,310,6.22,2,-3.06268382,-1.22661054,0.6927197,0,0,0,0,1,6,36,0.0004876364,0.00236514048,0,41,0
Kinematic-Cluster4-F,310,6.22,3,-2.685102,-1.24056208,-11.1045437,0,0,0,0,1,7,36,0.0004876364,0.00236514048,0,41,0
Kinematic-Cluster4-F,311,6.24,0,-3.08110213,-1.60480618,-2.05219674,0,0,0,0,1,8,36,0.001274647,0.00759017328,0,41,0
Kinematic-Cluster4-F,311,6.24,1,-2.7023344,-1.61033857,-4.27854347,0,0,0,0,1,9,36,0.001274647,0.00759017328,0,41,0
Kinematic-Cluster4-F,311,6.24,2,-3.06268382,-1.22661054,0.6927197,0,0,0,0,1,6,36,0.001274647,0.00759017328,0,41,0
Kinematic-Cluster4-F,311,6.24,3,-2.685102,-1.24056208,-11.1045437,0,0,0,0,1,7,36,0.001274647,0.00759017328,0,41,0
Kinematic-Cluster4-F,312,6.25999975,0,-3.08110213,-1.60480618,-2.05219674,0,0,0,0,1,8,36,0.0006119544,0.00257031363,0,41,0
Kinematic-Cluster4-F,312,6.25999975,1,-2.7023344,-1.61033857,-4.27854347,0,0,0,0,1,9,36,0.0006119544,0.00257031363,0,41,0
Kinematic-Cluster4-F,312,6.25999975,2,-3.06268382,-1.22661054,0.6927197,0,0,0,0,1,6,36,0.0006119544,0.00257031363,0,41,0
Kinematic-Cluster4-F,312,6.25999975,3,-2.685102,-1.24056208,-11.1045437,0,0,0,0,1,7,36,0.0006119544,0.00257031363,0,41,0
Kinematic-Cluster4-F,313,6.27999973,0,-3.08110213,-1.60480618,-2.05219674,0,0,0,0,1,8,36,0.0008759342,0.002924688,0,41,0
Kinematic-Cluster4-F,313,6.27999973,1,-2.7023344,-1.61033857,-4.27854347,0,0,0,0,1,9,36,0.0008759342,0.002924688,0,41,0
Kinematic-Cluster4-F,313,6.27999973,2,-3.06268382,-1.22661054,0.6927197,0,0,0,0,1,6,36,0.0008759342,0.002924688,0,41,0
Kinematic-Cluster4-F,313,6.27999973,3,-2.685102,-1.24056208,-11.1045437,0,0,0,0,1,7,36,0.0008759342,0.002924688,0,41,0
Kinematic-Cluster4-F,314,6.29999971,0,-3.08110213,-1.60480618,-2.05219674,0,0,0,0,1,8,36,0.00125284761,0.005095297,0,41,0
Kinematic-Cluster4-F,314,6.29999971,1,-2.7023344,-1.61033857,-4.27854347,0,0,0,0,1,9,36,0.00125284761,0.005095297,0,41,0
Kinematic-Cluster4-F,314,6.29999971,2,-3.06268382,-1.22661054,0.6927197,0,0,0,0,1,6,36,0.00125284761,0.005095297,0,41,0
Kinematic-Cluster4-F,314,6.29999971,3,-2.685102,-1.24056208,-11.1045437,0,0,0,0,1,7,36,0.00125284761,0.005095297,0,41,0
Kinematic-Cluster4-F,315,6.31999969,0,-3.08110213,-1.60480618,-2.05219674,0,0,0,0,1,8,36,0.00150411925,0.005082441,0,41,0
Kinematic-Cluster4-F,315,6.31999969,1,-2.7023344,-1.61033857,-4.27854347,0,0,0,0,1,9,36,0.00150411925,0.005082441,0,41,0
Kinematic-Cluster4-F,315,6.31999969,2,-3.06268382,-1.22661054,0.6927197,0,0,0,0,1,6,36,0.00150411925,0.005082441,0,41,0
Kinematic-Cluster4-F,315,6.31999969,3,-2.685102,-1.24056208,-11.1045437,0,0,0,0,1,7,36,0.00150411925,0.005082441,0,41,0
Kinematic-Cluster4-F,316,6.33999968,0,-3.08110213,-1.60480618,-2.05219674,0,0,0,0,1,8,36,0.000588819,0.002830975,0,41,0
Kinematic-Cluster4-F,316,6.33999968,1,-2.7023344,-1.61033857,-4.27854347,0,0,0,0,1,9,36,0.000588819,0.002830975,0,41,0
Kinematic-Cluster4-F,316,6.33999968,2,-3.06268382,-1.22661054,0.6927197,0,0,0,0,1,6,36,0.000588819,0.002830975,0,41,0
Kinematic-Cluster4-F,316,6.33999968,3,-2.685102,-1.24056208,-11.1045437,0,0,0,0,1,7,36,0.000588819,0.002830975,0,41,0
Kinematic-Cluster4-F,317,6.35999966,0,-3.08110213,-1.60480618,-2.05219674,0,0,0,0,1,8,36,0.0005505586,0.002604695,0,41,0
Kinematic-Cluster4-F,317,6.35999966,1,-2.7023344,-1.61033857,-4.27854347,0,0,0,0,1,9,36,0.0005505586,0.002604695,0,41,0
Kinematic-Cluster4-F,317,6.35999966,2,-3.06268382,-1.22661054,0.6927197,0,0,0,0,1,6,36,0.0005505586,0.002604695,0,41,0
Kinematic-Cluster4-F,317,6.35999966,3,-2.685102,-1.24056208,-11.1045437,0,0,0,0,1,7,36,0.0005505586,0.002604695,0,41,0
Kinematic-Cluster4-F,318,6.37999964,0,-3.08110213,-1.60480618,-2.05219674,0,0,0,0,1,8,36,0.0007523766,0.004734683,0,41,0
Kinematic-Cluster4-F,318,6.37999964,1,-2.7023344,-1.61033857,-4.27854347,0,0,0,0,1,9,36,0.0007523766,0.004734683,0,41,0
Kinematic-Cluster4-F,318,6.37999964,2,-3.06268382,-1.22661054,0.6927197,0,0,0,0,1,6,36,0.0007523766,0.004734683,0,41,0
Kinematic-Cluster4-F,318,6.37999964,3,-2.685102,-1.24056208,-11.1045437,0,0,0,0,1,7,36,0.0007523766,0.004734683,0,41,0
Kinematic-Cluster4-F,319,6.39999962,0,-3.08110213,-1.60480618,-2.05219674,0,0,0,0,1,8,36,0.000989418,0.005011933,0,41,0
Kinematic-Cluster4-F,319,6.39999962,1,-2.7023344,-1.61033857,-4.27854347,0,0,0,0,1,9,36,0.000989418,0.005011933,0,41,0
Kinematic-Cluster4-F,319,6.39999962,2,-3.06268382,-1.22661054,0.6927197,0,0,0,0,1,6,36,0.000989418,0.005011933,0,41,0
Kinematic-Cluster4-F,319,6.39999962,3,-2.685102,-1.24056208,-11.1045437,0,0,0,0,1,7,36,0.000989418,0.005011933,0,41,0
Kinematic-Cluster4-F,320,6.42,0,-3.08110213,-1.60480618,-2.05219674,0,0,0,0,1,8,36,0.0013731831,0.009129908,0,41,0
Kinematic-Cluster4-F,320,6.42,1,-2.7023344,-1.61033857,-4.27854347,0,0,0,0,1,9,36,0.0013731831,0.009129908,0,41,0
Kinematic-Cluster4-F,320,6.42,2,-3.06268382,-1.22661054,0.6927197,0,0,0,0,1,6,36,0.0013731831,0.009129908,0,41,0
Kinematic-Cluster4-F,320,6.42,3,-2.685102,-1.24056208,-11.1045437,0,0,0,0,1,7,36,0.0013731831,0.009129908,0,41,0
Kinematic-Cluster4-F,321,6.44,0,-3.08110213,-1.60480618,-2.05219674,0,0,0,0,1,8,36,0.0009332381,0.00380187621,0,41,0
Kinematic-Cluster4-F,321,6.44,1,-2.7023344,-1.61033857,-4.27854347,0,0,0,0,1,9,36,0.0009332381,0.00380187621,0,41,0
Kinematic-Cluster4-F,321,6.44,2,-3.06268382,-1.22661054,0.6927197,0,0,0,0,1,6,36,0.0009332381,0.00380187621,0,41,0
Kinematic-Cluster4-F,321,6.44,3,-2.685102,-1.24056208,-11.1045437,0,0,0,0,1,7,36,0.0009332381,0.00380187621,0,41,0
Kinematic-Cluster4-F,322,6.46,0,-3.08110213,-1.60480618,-2.05219674,0,0,0,0,1,8,36,0.001490242,0.00560096465,0,41,0
Kinematic-Cluster4-F,322,6.46,1,-2.7023344,-1.61033857,-4.27854347,0,0,0,0,1,9,36,0.001490242,0.00560096465,0,41,0
Kinematic-Cluster4-F,322,6.46,2,-3.06268382,-1.22661054,0.6927197,0,0,0,0,1,6,36,0.001490242,0.00560096465,0,41,0
Kinematic-Cluster4-F,322,6.46,3,-2.685102,-1.24056208,-11.1045437,0,0,0,0,1,7,36,0.001490242,0.00560096465,0,41,0
Kinematic-Cluster4-F,323,6.48,0,-3.08110213,-1.60480618,-2.05219674,0,0,0,0,1,8,36,0.00101783511,0.0045655733,0,41,0
Kinematic-Cluster4-F,323,6.48,1,-2.7023344,-1.61033857,-4.27854347,0,0,0,0,1,9,36,0.00101783511,0.0045655733,0,41,0
Kinematic-Cluster4-F,323,6.48,2,-3.06268382,-1.22661054,0.6927197,0,0,0,0,1,6,36,0.00101783511,0.0045655733,0,41,0
Kinematic-Cluster4-F,323,6.48,3,-2.685102,-1.24056208,-11.1045437,0,0,0,0,1,7,36,0.00101783511,0.0045655733,0,41,0
Kinematic-Cluster4-F,324,6.5,0,-3.08110213,-1.60480618,-2.05219674,0,0,0,0,1,8,36,0.00188448362,0.008618733,0,41,0
Kinematic-Cluster4-F,324,6.5,1,-2.7023344,-1.61033857,-4.27854347,0,0,0,0,1,9,36,0.00188448362,0.008618733,0,41,0
Kinematic-Cluster4-F,324,6.5,2,-3.06268382,-1.22661054,0.6927197,0,0,0,0,1,6,36,0.00188448362,0.008618733,0,41,0
Kinematic-Cluster4-F,324,6.5,3,-2.685102,-1.24056208,-11.1045437,0,0,0,0,1,7,36,0.00188448362,0.008618733,0,41,0
Kinematic-Cluster4-F,325,6.52,0,-3.08110213,-1.60480618,-2.05219674,0,0,0,0,1,8,36,0.0005174057,0.0026560165,0,41,0
Kinematic-Cluster4-F,325,6.52,1,-2.7023344,-1.61033857,-4.27854347,0,0,0,0,1,9,36,0.0005174057,0.0026560165,0,41,0
Kinematic-Cluster4-F,325,6.52,2,-3.06268382,-1.22661054,0.6927197,0,0,0,0,1,6,36,0.0005174057,0.0026560165,0,41,0
Kinematic-Cluster4-F,325,6.52,3,-2.685102,-1.24056208,-11.1045437,0,0,0,0,1,7,36,0.0005174057,0.0026560165,0,41,0
Kinematic-Cluster4-F,326,6.54,0,-3.08110213,-1.60480618,-2.05219674,0,0,0,0,1,8,36,0.00100211927,0.00407365849,0,41,0
Kinematic-Cluster4-F,326,6.54,1,-2.7023344,-1.61033857,-4.27854347,0,0,0,0,1,9,36,0.00100211927,0.00407365849,0,41,0
Kinematic-Cluster4-F,326,6.54,2,-3.06268382,-1.22661054,0.6927197,0,0,0,0,1,6,36,0.00100211927,0.00407365849,0,41,0
Kinematic-Cluster4-F,326,6.54,3,-2.685102,-1.24056208,-11.1045437,0,0,0,0,1,7,36,0.00100211927,0.00407365849,0,41,0
Kinematic-Cluster4-F,327,6.56,0,-3.08110213,-1.60480618,-2.05219674,0,0,0,0,1,8,36,0.0005282113,0.00235829945,0,41,0
Kinematic-Cluster4-F,327,6.56,1,-2.7023344,-1.61033857,-4.27854347,0,0,0,0,1,9,36,0.0005282113,0.00235829945,0,41,0
Kinematic-Cluster4-F,327,6.56,2,-3.06268382,-1.22661054,0.6927197,0,0,0,0,1,6,36,0.0005282113,0.00235829945,0,41,0
Kinematic-Cluster4-F,327,6.56,3,-2.685102,-1.24056208,-11.1045437,0,0,0,0,1,7,36,0.0005282113,0.00235829945,0,41,0
Kinematic-Cluster4-F,328,6.58,0,-3.08110213,-1.60480618,-2.05219674,0,0,0,0,1,8,36,0.000756105757,0.00341255637,0,41,0
Kinematic-Cluster4-F,328,6.58,1,-2.7023344,-1.61033857,-4.27854347,0,0,0,0,1,9,36,0.000756105757,0.00341255637,0,41,0
Kinematic-Cluster4-F,328,6.58,2,-3.06268382,-1.22661054,0.6927197,0,0,0,0,1,6,36,0.000756105757,0.00341255637,0,41,0
Kinematic-Cluster4-F,328,6.58,3,-2.685102,-1.24056208,-11.1045437,0,0,0,0,1,7,36,0.000756105757,0.00341255637,0,41,0
Kinematic-Cluster4-F,329,6.6,0,-3.08110213,-1.60480618,-2.05219674,0,0,0,0,1,8,36,0.0008106363,0.00244232244,0,41,0
Kinematic-Cluster4-F,329,6.6,1,-2.7023344,-1.61033857,-4.27854347,0,0,0,0,1,9,36,0.0008106363,0.00244232244,0,41,0
Kinematic-Cluster4-F,329,6.6,2,-3.06268382,-1.22661054,0.6927197,0,0,0,0,1,6,36,0.0008106363,0.00244232244,0,41,0
Kinematic-Cluster4-F,329,6.6,3,-2.685102,-1.24056208,-11.1045437,0,0,0,0,1,7,36,0.0008106363,0.00244232244,0,41,0
Kinematic-Cluster4-F,330,6.62,0,-3.08110213,-1.60480618,-2.05219674,0,0,0,0,1,8,36,0.000788079,0.00539800432,0,41,0
Kinematic-Cluster4-F,330,6.62,1,-2.7023344,-1.61033857,-4.27854347,0,0,0,0,1,9,36,0.000788079,0.00539800432,0,41,0
Kinematic-Cluster4-F,330,6.62,2,-3.06268382,-1.22661054,0.6927197,0,0,0,0,1,6,36,0.000788079,0.00539800432,0,41,0
Kinematic-Cluster4-F,330,6.62,3,-2.685102,-1.24056208,-11.1045437,0,0,0,0,1,7,36,0.000788079,0.00539800432,0,41,0
Kinematic-Cluster4-F,331,6.64,0,-3.08110213,-1.60480618,-2.05219674,0,0,0,0,1,8,36,0.000535821833,0.00230631325,0,41,0
Kinematic-Cluster4-F,331,6.64,1,-2.7023344,-1.61033857,-4.27854347,0,0,0,0,1,9,36,0.000535821833,0.00230631325,0,41,0
Kinematic-Cluster4-F,331,6.64,2,-3.06268382,-1.22661054,0.6927197,0,0,0,0,1,6,36,0.000535821833,0.00230631325,0,41,0
Kinematic-Cluster4-F,331,6.64,3,-2.685102,-1.24056208,-11.1045437,0,0,0,0,1,7,36,0.000535821833,0.00230631325,0,41,0
Kinematic-Cluster4-F,332,6.66,0,-3.08110213,-1.60480618,-2.05219674,0,0,0,0,1,8,36,0.00118922011,0.005764929,0,41,0
Kinematic-Cluster4-F,332,6.66,1,-2.7023344,-1.61033857,-4.27854347,0,0,0,0,1,9,36,0.00118922011,0.005764929,0,41,0
Kinematic-Cluster4-F,332,6.66,2,-3.06268382,-1.22661054,0.6927197,0,0,0,0,1,6,36,0.00118922011,0.005764929,0,41,0
Kinematic-Cluster4-F,332,6.66,3,-2.685102,-1.24056208,-11.1045437,0,0,0,0,1,7,36,0.00118922011,0.005764929,0,41,0
Kinematic-Cluster4-F,333,6.68,0,-3.08110213,-1.60480618,-2.05219674,0,0,0,0,1,8,36,0.0014901784,0.008109435,0,41,0
Kinematic-Cluster4-F,333,6.68,1,-2.7023344,-1.61033857,-4.27854347,0,0,0,0,1,9,36,0.0014901784,0.008109435,0,41,0
Kinematic-Cluster4-F,333,6.68,2,-3.06268382,-1.22661054,0.6927197,0,0,0,0,1,6,36,0.0014901784,0.008109435,0,41,0
Kinematic-Cluster4-F,333,6.68,3,-2.685102,-1.24056208,-11.1045437,0,0,0,0,1,7,36,0.0014901784,0.008109435,0,41,0
Kinematic-Cluster4-F,334,6.7,0,-3.08110213,-1.60480618,-2.05219674,0,0,0,0,1,8,36,0.001100198,0.00506617967,0,41,0
Kinematic-Cluster4-F,334,6.7,1,-2.7023344,-1.61033857,-4.27854347,0,0,0,0,1,9,36,0.001100198,0.00506617967,0,41,0
Kinematic-Cluster4-F,334,6.7,2,-3.06268382,-1.22661054,0.6927197,0,0,0,0,1,6,36,0.001100198,0.00506617967,0,41,0
Kinematic-Cluster4-F,334,6.7,3,-2.685102,-1.24056208,-11.1045437,0,0,0,0,1,7,36,0.001100198,0.00506617967,0,41,0
Kinematic-Cluster4-F,335,6.72,0,-3.08110213,-1.60480618,-2.05219674,0,0,0,0,1,8,36,0.00160344515,0.008456866,0,41,0
Kinematic-Cluster4-F,335,6.72,1,-2.7023344,-1.61033857,-4.27854347,0,0,0,0,1,9,36,0.00160344515,0.008456866,0,41,0
Kinematic-Cluster4-F,335,6.72,2,-3.06268382,-1.22661054,0.6927197,0,0,0,0,1,6,36,0.00160344515,0.008456866,0,41,0
Kinematic-Cluster4-F,335,6.72,3,-2.685102,-1.24056208,-11.1045437,0,0,0,0,1,7,36,0.00160344515,0.008456866,0,41,0
Kinematic-Cluster4-F,336,6.74,0,-3.08110213,-1.60480618,-2.05219674,0,0,0,0,1,8,36,0.0007685597,0.00487492327,0,41,0
Kinematic-Cluster4-F,336,6.74,1,-2.7023344,-1.61033857,-4.27854347,0,0,0,0,1,9,36,0.0007685597,0.00487492327,0,41,0
Kinematic-Cluster4-F,336,6.74,2,-3.06268382,-1.22661054,0.6927197,0,0,0,0,1,6,36,0.0007685597,0.00487492327,0,41,0
Kinematic-Cluster4-F,336,6.74,3,-2.685102,-1.24056208,-11.1045437,0,0,0,0,1,7,36,0.0007685597,0.00487492327,0,41,0
Kinematic-Cluster4-F,337,6.75999975,0,-3.08110213,-1.60480618,-2.05219674,0,0,0,0,1,8,36,0.00135146186,0.007227432,0,41,0
Kinematic-Cluster4-F,337,6.75999975,1,-2.7023344,-1.61033857,-4.27854347,0,0,0,0,1,9,36,0.00135146186,0.007227432,0,41,0
Kinematic-Cluster4-F,337,6.75999975,2,-3.06268382,-1.22661054,0.6927197,0,0,0,0,1,6,36,0.00135146186,0.007227432,0,41,0
Kinematic-Cluster4-F,337,6.75999975,3,-2.685102,-1.24056208,-11.1045437,0,0,0,0,1,7,36,0.00135146186,0.007227432,0,41,0
Kinematic-Cluster4-F,338,6.77999973,0,-3.08110213,-1.60480618,-2.05219674,0,0,0,0,1,8,36,0.0009725544,0.006748439,0,41,0
Kinematic-Cluster4-F,338,6.77999973,1,-2.7023344,-1.61033857,-4.27854347,0,0,0,0,1,9,36,0.0009725544,0.006748439,0,41,0
Kinematic-Cluster4-F,338,6.77999973,2,-3.06268382,-1.22661054,0.6927197,0,0,0,0,1,6,36,0.0009725544,0.006748439,0,41,0
Kinematic-Cluster4-F,338,6.77999973,3,-2.685102,-1.24056208,-11.1045437,0,0,0,0,1,7,36,0.0009725544,0.006748439,0,41,0
Kinematic-Cluster4-F,339,6.79999971,0,-3.08110213,-1.60480618,-2.05219674,0,0,0,0,1,8,36,0.001142406,0.006784833,0,41,0
Kinematic-Cluster4-F,339,6.79999971,1,-2.7023344,-1.61033857,-4.27854347,0,0,0,0,1,9,36,0.001142406,0.006784833,0,41,0
Kinematic-Cluster4-F,339,6.79999971,2,-3.06268382,-1.22661054,0.6927197,0,0,0,0,1,6,36,0.001142406,0.006784833,0,41,0
Kinematic-Cluster4-F,339,6.79999971,3,-2.685102,-1.24056208,-11.1045437,0,0,0,0,1,7,36,0.001142406,0.006784833,0,41,0
Kinematic-Cluster4-F,340,6.81999969,0,-3.08110213,-1.60480618,-2.05219674,0,0,0,0,1,8,36,0.00149585586,0.0082621,0,41,0
Kinematic-Cluster4-F,340,6.81999969,1,-2.7023344,-1.61033857,-4.27854347,0,0,0,0,1,9,36,0.00149585586,0.0082621,0,41,0
Kinematic-Cluster4-F,340,6.81999969,2,-3.06268382,-1.22661054,0.6927197,0,0,0,0,1,6,36,0.00149585586,0.0082621,0,41,0
Kinematic-Cluster4-F,340,6.81999969,3,-2.685102,-1.24056208,-11.1045437,0,0,0,0,1,7,36,0.00149585586,0.0082621,0,41,0
Kinematic-Cluster4-F,341,6.83999968,0,-3.08110213,-1.60480618,-2.05219674,0,0,0,0,1,8,36,0.0006229154,0.00299115945,0,41,0
Kinematic-Cluster4-F,341,6.83999968,1,-2.7023344,-1.61033857,-4.27854347,0,0,0,0,1,9,36,0.0006229154,0.00299115945,0,41,0
Kinematic-Cluster4-F,341,6.83999968,2,-3.06268382,-1.22661054,0.6927197,0,0,0,0,1,6,36,0.0006229154,0.00299115945,0,41,0
Kinematic-Cluster4-F,341,6.83999968,3,-2.685102,-1.24056208,-11.1045437,0,0,0,0,1,7,36,0.0006229154,0.00299115945,0,41,0
Kinematic-Cluster4-F,342,6.85999966,0,-3.08110213,-1.60480618,-2.05219674,0,0,0,0,1,8,36,0.0009655314,0.006654964,0,41,0
Kinematic-Cluster4-F,342,6.85999966,1,-2.7023344,-1.61033857,-4.27854347,0,0,0,0,1,9,36,0.0009655314,0.006654964,0,41,0
Kinematic-Cluster4-F,342,6.85999966,2,-3.06268382,-1.22661054,0.6927197,0,0,0,0,1,6,36,0.0009655314,0.006654964,0,41,0
Kinematic-Cluster4-F,342,6.85999966,3,-2.685102,-1.24056208,-11.1045437,0,0,0,0,1,7,36,0.0009655314,0.006654964,0,41,0
Kinematic-Cluster4-F,343,6.87999964,0,-3.08110213,-1.60480618,-2.05219674,0,0,0,0,1,8,36,0.000590932439,0.00260078255,0,41,0
Kinematic-Cluster4-F,343,6.87999964,1,-2.7023344,-1.61033857,-4.27854347,0,0,0,0,1,9,36,0.000590932439,0.00260078255,0,41,0
Kinematic-Cluster4-F,343,6.87999964,2,-3.06268382,-1.22661054,0.6927197,0,0,0,0,1,6,36,0.000590932439,0.00260078255,0,41,0
Kinematic-Cluster4-F,343,6.87999964,3,-2.685102,-1.24056208,-11.1045437,0,0,0,0,1,7,36,0.000590932439,0.00260078255,0,41,0
Kinematic-Cluster4-F,344,6.89999962,0,-3.08110213,-1.60480618,-2.05219674,0,0,0,0,1,8,36,0.0010003075,0.005153914,0,41,0
Kinematic-Cluster4-F,344,6.89999962,1,-2.7023344,-1.61033857,-4.27854347,0,0,0,0,1,9,36,0.0010003075,0.005153914,0,41,0
Kinematic-Cluster4-F,344,6.89999962,2,-3.06268382,-1.22661054,0.6927197,0,0,0,0,1,6,36,0.0010003075,0.005153914,0,41,0
Kinematic-Cluster4-F,344,6.89999962,3,-2.685102,-1.24056208,-11.1045437,0,0,0,0,1,7,36,0.0010003075,0.005153914,0,41,0
Kinematic-Cluster4-F,345,6.92,0,-3.08110213,-1.60480618,-2.05219674,0,0,0,0,1,8,36,0.00129038317,0.0070457384,0,41,0
Kinematic-Cluster4-F,345,6.92,1,-2.7023344,-1.61033857,-4.27854347,0,0,0,0,1,9,36,0.00129038317,0.0070457384,0,41,0
Kinematic-Cluster4-F,345,6.92,2,-3.06268382,-1.22661054,0.6927197,0,0,0,0,1,6,36,0.00129038317,0.0070457384,0,41,0
Kinematic-Cluster4-F,345,6.92,3,-2.685102,-1.24056208,-11.1045437,0,0,0,0,1,7,36,0.00129038317,0.0070457384,0,41,0
Kinematic-Cluster4-F,346,6.94,0,-3.08110213,-1.60480618,-2.05219674,0,0,0,0,1,8,36,0.00132982747,0.00588747,0,41,0
Kinematic-Cluster4-F,346,6.94,1,-2.7023344,-1.61033857,-4.27854347,0,0,0,0,1,9,36,0.00132982747,0.00588747,0,41,0
Kinematic-Cluster4-F,346,6.94,2,-3.06268382,-1.22661054,0.6927197,0,0,0,0,1,6,36,0.00132982747,0.00588747,0,41,0
Kinematic-Cluster4-F,346,6.94,3,-2.685102,-1.24056208,-11.1045437,0,0,0,0,1,7,36,0.00132982747,0.00588747,0,41,0
Kinematic-Cluster4-F,347,6.96,0,-3.08110213,-1.60480618,-2.05219674,0,0,0,0,1,8,36,0.0007001754,0.00322431419,0,41,0
Kinematic-Cluster4-F,347,6.96,1,-2.7023344,-1.61033857,-4.27854347,0,0,0,0,1,9,36,0.0007001754,0.00322431419,0,41,0
Kinematic-Cluster4-F,347,6.96,2,-3.06268382,-1.22661054,0.6927197,0,0,0,0,1,6,36,0.0007001754,0.00322431419,0,41,0
Kinematic-Cluster4-F,347,6.96,3,-2.685102,-1.24056208,-11.1045437,0,0,0,0,1,7,36,0.0007001754,0.00322431419,0,41,0
Kinematic-Cluster4-F,348,6.98,0,-3.08110213,-1.60480618,-2.05219674,0,0,0,0,1,8,36,0.00094590144,0.00520965131,0,41,0
Kinematic-Cluster4-F,348,6.98,1,-2.7023344,-1.61033857,-4.27854347,0,0,0,0,1,9,36,0.00094590144,0.00520965131,0,41,0
Kinematic-Cluster4-F,348,6.98,2,-3.06268382,-1.22661054,0.6927197,0,0,0,0,1,6,36,0.00094590144,0.00520965131,0,41,0
Kinematic-Cluster4-F,348,6.98,3,-2.685102,-1.24056208,-11.1045437,0,0,0,0,1,7,36,0.00094590144,0.00520965131,0,41,0
Kinematic-Cluster4-F,349,7,0,-3.08110213,-1.60480618,-2.05219674,0,0,0,0,1,8,36,0.000826276431,0.00617244,0,41,0
Kinematic-Cluster4-F,349,7,1,-2.7023344,-1.61033857,-4.27854347,0,0,0,0,1,9,36,0.000826276431,0.00617244,0,41,0
Kinematic-Cluster4-F,349,7,2,-3.06268382,-1.22661054,0.6927197,0,0,0,0,1,6,36,0.000826276431,0.00617244,0,41,0
Kinematic-Cluster4-F,349,7,3,-2.685102,-1.24056208,-11.1045437,0,0,0,0,1,7,36,0.000826276431,0.00617244,0,41,0
Kinematic-Cluster4-F,350,7.02,0,-3.08110213,-1.60480618,-2.05219674,0,0,0,0,1,8,36,0.00105762121,0.007404244,0,41,0
Kinematic-Cluster4-F,350,7.02,1,-2.7023344,-1.61033857,-4.27854347,0,0,0,0,1,9,36,0.00105762121,0.007404244,0,41,0
Kinematic-Cluster4-F,350,7.02,2,-3.06268382,-1.22661054,0.6927197,0,0,0,0,1,6,36,0.00105762121,0.007404244,0,41,0
Kinematic-Cluster4-F,350,7.02,3,-2.685102,-1.24056208,-11.1045437,0,0,0,0,1,7,36,0.00105762121,0.007404244,0,41,0
Kinematic-Cluster4-F,351,7.04,0,-3.08110213,-1.60480618,-2.05219674,0,0,0,0,1,8,36,0.0006346231,0.003091223,0,41,0
Kinematic-Cluster4-F,351,7.04,1,-2.7023344,-1.61033857,-4.27854347,0,0,0,0,1,9,36,0.0006346231,0.003091223,0,41,0
Kinematic-Cluster4-F,351,7.04,2,-3.06268382,-1.22661054,0.6927197,0,0,0,0,1,6,36,0.0006346231,0.003091223,0,41,0
Kinematic-Cluster4-F,351,7.04,3,-2.685102,-1.24056208,-11.1045437,0,0,0,0,1,7,36,0.0006346231,0.003091223,0,41,0
Kinematic-Cluster4-F,352,7.06,0,-3.08110213,-1.60480618,-2.05219674,0,0,0,0,1,8,36,0.000947319262,0.00644383067,0,41,0
Kinematic-Cluster4-F,352,7.06,1,-2.7023344,-1.61033857,-4.27854347,0,0,0,0,1,9,36,0.000947319262,0.00644383067,0,41,0
Kinematic-Cluster4-F,352,7.06,2,-3.06268382,-1.22661054,0.6927197,0,0,0,0,1,6,36,0.000947319262,0.00644383067,0,41,0
Kinematic-Cluster4-F,352,7.06,3,-2.685102,-1.24056208,-11.1045437,0,0,0,0,1,7,36,0.000947319262,0.00644383067,0,41,0
Kinematic-Cluster4-F,353,7.08,0,-3.08110213,-1.60480618,-2.05219674,0,0,0,0,1,8,36,0.00127251493,0.008631852,0,41,0
Kinematic-Cluster4-F,353,7.08,1,-2.7023344,-1.61033857,-4.27854347,0,0,0,0,1,9,36,0.00127251493,0.008631852,0,41,0
Kinematic-Cluster4-F,353,7.08,2,-3.06268382,-1.22661054,0.6927197,0,0,0,0,1,6,36,0.00127251493,0.008631852,0,41,0
Kinematic-Cluster4-F,353,7.08,3,-2.685102,-1.24056208,-11.1045437,0,0,0,0,1,7,36,0.00127251493,0.008631852,0,41,0
Kinematic-Cluster4-F,354,7.1,0,-3.08110213,-1.60480618,-2.05219674,0,0,0,0,1,8,36,0.0003734717,0.00174126448,0,41,0
Kinematic-Cluster4-F,354,7.1,1,-2.7023344,-1.61033857,-4.27854347,0,0,0,0,1,9,36,0.0003734717,0.00174126448,0,41,0
Kinematic-Cluster4-F,354,7.1,2,-3.06268382,-1.22661054,0.6927197,0,0,0,0,1,6,36,0.0003734717,0.00174126448,0,41,0
Kinematic-Cluster4-F,354,7.1,3,-2.685102,-1.24056208,-11.1045437,0,0,0,0,1,7,36,0.0003734717,0.00174126448,0,41,0
Kinematic-Cluster4-F,355,7.12,0,-3.08110213,-1.60480618,-2.05219674,0,0,0,0,1,8,36,0.0009231377,0.00536922552,0,41,0
Kinematic-Cluster4-F,355,7.12,1,-2.7023344,-1.61033857,-4.27854347,0,0,0,0,1,9,36,0.0009231377,0.00536922552,0,41,0
Kinematic-Cluster4-F,355,7.12,2,-3.06268382,-1.22661054,0.6927197,0,0,0,0,1,6,36,0.0009231377,0.00536922552,0,41,0
Kinematic-Cluster4-F,355,7.12,3,-2.685102,-1.24056208,-11.1045437,0,0,0,0,1,7,36,0.0009231377,0.00536922552,0,41,0
Kinematic-Cluster4-F,356,7.14,0,-3.08110213,-1.60480618,-2.05219674,0,0,0,0,1,8,36,0.000749047555,0.00362588023,0,41,0
Kinematic-Cluster4-F,356,7.14,1,-2.7023344,-1.61033857,-4.27854347,0,0,0,0,1,9,36,0.000749047555,0.00362588023,0,41,0
Kinematic-Cluster4-F,356,7.14,2,-3.06268382,-1.22661054,0.6927197,0,0,0,0,1,6,36,0.000749047555,0.00362588023,0,41,0
Kinematic-Cluster4-F,356,7.14,3,-2.685102,-1.24056208,-11.1045437,0,0,0,0,1,7,36,0.000749047555,0.00362588023,0,41,0
Kinematic-Cluster4-F,357,7.16,0,-3.08110213,-1.60480618,-2.05219674,0,0,0,0,1,8,36,0.00107589469,0.007185591,0,41,0
Kinematic-Cluster4-F,357,7.16,1,-2.7023344,-1.61033857,-4.27854347,0,0,0,0,1,9,36,0.00107589469,0.007185591,0,41,0
Kinematic-Cluster4-F,357,7.16,2,-3.06268382,-1.22661054,0.6927197,0,0,0,0,1,6,36,0.00107589469,0.007185591,0,41,0
Kinematic-Cluster4-F,357,7.16,3,-2.685102,-1.24056208,-11.1045437,0,0,0,0,1,7,36,0.00107589469,0.007185591,0,41,0
Kinematic-Cluster4-F,358,7.18,0,-3.08110213,-1.60480618,-2.05219674,0,0,0,0,1,8,36,0.00135837658,0.009291407,0,41,0
Kinematic-Cluster4-F,358,7.18,1,-2.7023344,-1.61033857,-4.27854347,0,0,0,0,1,9,36,0.00135837658,0.009291407,0,41,0
Kinematic-Cluster4-F,358,7.18,2,-3.06268382,-1.22661054,0.6927197,0,0,0,0,1,6,36,0.00135837658,0.009291407,0,41,0
Kinematic-Cluster4-F,358,7.18,3,-2.685102,-1.24056208,-11.1045437,0,0,0,0,1,7,36,0.00135837658,0.009291407,0,41,0
Kinematic-Cluster4-F,359,7.2,0,-3.08110213,-1.60480618,-2.05219674,0,0,0,0,1,8,36,0.000736703863,0.00336524961,0,41,0
Kinematic-Cluster4-F,359,7.2,1,-2.7023344,-1.61033857,-4.27854347,0,0,0,0,1,9,36,0.000736703863,0.00336524961,0,41,0
Kinematic-Cluster4-F,359,7.2,2,-3.06268382,-1.22661054,0.6927197,0,0,0,0,1,6,36,0.000736703863,0.00336524961,0,41,0
Kinematic-Cluster4-F,359,7.2,3,-2.685102,-1.24056208,-11.1045437,0,0,0,0,1,7,36,0.000736703863,0.00336524961,0,41,0
Kinematic-Cluster4-F,360,7.22,0,-3.08110213,-1.60480618,-2.05219674,0,0,0,0,1,8,36,0.0008440305,0.005899826,0,41,0
Kinematic-Cluster4-F,360,7.22,1,-2.7023344,-1.61033857,-4.27854347,0,0,0,0,1,9,36,0.0008440305,0.005899826,0,41,0
Kinematic-Cluster4-F,360,7.22,2,-3.06268382,-1.22661054,0.6927197,0,0,0,0,1,6,36,0.0008440305,0.005899826,0,41,0
Kinematic-Cluster4-F,360,7.22,3,-2.685102,-1.24056208,-11.1045437,0,0,0,0,1,7,36,0.0008440305,0.005899826,0,41,0
Kinematic-Cluster4-F,361,7.24,0,-3.08110213,-1.60480618,-2.05219674,0,0,0,0,1,8,36,0.000879999658,0.004769633,0,41,0
Kinematic-Cluster4-F,361,7.24,1,-2.7023344,-1.61033857,-4.27854347,0,0,0,0,1,9,36,0.000879999658,0.004769633,0,41,0
Kinematic-Cluster4-F,361,7.24,2,-3.06268382,-1.22661054,0.6927197,0,0,0,0,1,6,36,0.000879999658,0.004769633,0,41,0
Kinematic-Cluster4-F,361,7.24,3,-2.685102,-1.24056208,-11.1045437,0,0,0,0,1,7,36,0.000879999658,0.004769633,0,41,0
Kinematic-Cluster4-F,362,7.25999975,0,-3.08110213,-1.60480618,-2.05219674,0,0,0,0,1,8,36,0.0010965541,0.00413365,0,41,0
Kinematic-Cluster4-F,362,7.25999975,1,-2.7023344,-1.61033857,-4.27854347,0,0,0,0,1,9,36,0.0010965541,0.00413365,0,41,0
Kinematic-Cluster4-F,362,7.25999975,2,-3.06268382,-1.22661054,0.6927197,0,0,0,0,1,6,36,0.0010965541,0.00413365,0,41,0
Kinematic-Cluster4-F,362,7.25999975,3,-2.685102,-1.24056208,-11.1045437,0,0,0,0,1,7,36,0.0010965541,0.00413365,0,41,0
Kinematic-Cluster4-F,363,7.27999973,0,-3.08110213,-1.60480618,-2.05219674,0,0,0,0,1,8,36,0.0005757052,0.00304783951,0,41,0
Kinematic-Cluster4-F,363,7.27999973,1,-2.7023344,-1.61033857,-4.27854347,0,0,0,0,1,9,36,0.0005757052,0.00304783951,0,41,0
Kinematic-Cluster4-F,363,7.27999973,2,-3.06268382,-1.22661054,0.6927197,0,0,0,0,1,6,36,0.0005757052,0.00304783951,0,41,0
Kinematic-Cluster4-F,363,7.27999973,3,-2.685102,-1.24056208,-11.1045437,0,0,0,0,1,7,36,0.0005757052,0.00304783951,0,41,0
Kinematic-Cluster4-F,364,7.29999971,0,-3.08110213,-1.60480618,-2.05219674,0,0,0,0,1,8,36,0.000919547456,0.003730219,0,41,0
Kinematic-Cluster4-F,364,7.29999971,1,-2.7023344,-1.61033857,-4.27854347,0,0,0,0,1,9,36,0.000919547456,0.003730219,0,41,0
Kinematic-Cluster4-F,364,7.29999971,2,-3.06268382,-1.22661054,0.6927197,0,0,0,0,1,6,36,0.000919547456,0.003730219,0,41,0
Kinematic-Cluster4-F,364,7.29999971,3,-2.685102,-1.24056208,-11.1045437,0,0,0,0,1,7,36,0.000919547456,0.003730219,0,41,0
Kinematic-Cluster4-F,365,7.31999969,0,-3.08110213,-1.60480618,-2.05219674,0,0,0,0,1,8,36,0.0008562094,0.004598829,0,41,0
Kinematic-Cluster4-F,365,7.31999969,1,-2.7023344,-1.61033857,-4.27854347,0,0,0,0,1,9,36,0.0008562094,0.004598829,0,41,0
Kinematic-Cluster4-F,365,7.31999969,2,-3.06268382,-1.22661054,0.6927197,0,0,0,0,1,6,36,0.0008562094,0.004598829,0,41,0
Kinematic-Cluster4-F,365,7.31999969,3,-2.685102,-1.24056208,-11.1045437,0,0,0,0,1,7,36,0.0008562094,0.004598829,0,41,0
Kinematic-Cluster4-F,366,7.33999968,0,-3.08110213,-1.60480618,-2.05219674,0,0,0,0,1,8,36,0.00100246328,0.005071774,0,41,0
Kinematic-Cluster4-F,366,7.33999968,1,-2.7023344,-1.61033857,-4.27854347,0,0,0,0,1,9,36,0.00100246328,0.005071774,0,41,0
Kinematic-Cluster4-F,366,7.33999968,2,-3.06268382,-1.22661054,0.6927197,0,0,0,0,1,6,36,0.00100246328,0.005071774,0,41,0
Kinematic-Cluster4-F,366,7.33999968,3,-2.685102,-1.24056208,-11.1045437,0,0,0,0,1,7,36,0.00100246328,0.005071774,0,41,0
Kinematic-Cluster4-F,367,7.35999966,0,-3.08110213,-1.60480618,-2.05219674,0,0,0,0,1,8,36,0.00103080657,0.004634225,0,41,0
Kinematic-Cluster4-F,367,7.35999966,1,-2.7023344,-1.61033857,-4.27854347,0,0,0,0,1,9,36,0.00103080657,0.004634225,0,41,0
Kinematic-Cluster4-F,367,7.35999966,2,-3.06268382,-1.22661054,0.6927197,0,0,0,0,1,6,36,0.00103080657,0.004634225,0,41,0
Kinematic-Cluster4-F,367,7.35999966,3,-2.685102,-1.24056208,-11.1045437,0,0,0,0,1,7,36,0.00103080657,0.004634225,0,41,0
Kinematic-Cluster4-F,368,7.37999964,0,-3.08110213,-1.60480618,-2.05219674,0,0,0,0,1,8,36,0.000914747245,0.00374198426,0,41,0
Kinematic-Cluster4-F,368,7.37999964,1,-2.7023344,-1.61033857,-4.27854347,0,0,0,0,1,9,36,0.000914747245,0.00374198426,0,41,0
Kinematic-Cluster4-F,368,7.37999964,2,-3.06268382,-1.22661054,0.6927197,0,0,0,0,1,6,36,0.000914747245,0.00374198426,0,41,0
Kinematic-Cluster4-F,368,7.37999964,3,-2.685102,-1.24056208,-11.1045437,0,0,0,0,1,7,36,0.000914747245,0.00374198426,0,41,0
Kinematic-Cluster4-F,369,7.39999962,0,-3.08110213,-1.60480618,-2.05219674,0,0,0,0,1,8,36,0.0009786935,0.004357846,0,41,0
Kinematic-Cluster4-F,369,7.39999962,1,-2.7023344,-1.61033857,-4.27854347,0,0,0,0,1,9,36,0.0009786935,0.004357846,0,41,0
Kinematic-Cluster4-F,369,7.39999962,2,-3.06268382,-1.22661054,0.6927197,0,0,0,0,1,6,36,0.0009786935,0.004357846,0,41,0
Kinematic-Cluster4-F,369,7.39999962,3,-2.685102,-1.24056208,-11.1045437,0,0,0,0,1,7,36,0.0009786935,0.004357846,0,41,0
Kinematic-Cluster4-F,370,7.4199996,0,-3.08110213,-1.60480618,-2.05219674,0,0,0,0,1,8,36,0.0008716777,0.004423681,0,41,0
Kinematic-Cluster4-F,370,7.4199996,1,-2.7023344,-1.61033857,-4.27854347,0,0,0,0,1,9,36,0.0008716777,0.004423681,0,41,0
Kinematic-Cluster4-F,370,7.4199996,2,-3.06268382,-1.22661054,0.6927197,0,0,0,0,1,6,36,0.0008716777,0.004423681,0,41,0
Kinematic-Cluster4-F,370,7.4199996,3,-2.685102,-1.24056208,-11.1045437,0,0,0,0,1,7,36,0.0008716777,0.004423681,0,41,0
Kinematic-Cluster4-F,371,7.44,0,-3.08110213,-1.60480618,-2.05219674,0,0,0,0,1,8,36,0.0006841563,0.00341255637,0,41,0
Kinematic-Cluster4-F,371,7.44,1,-2.7023344,-1.61033857,-4.27854347,0,0,0,0,1,9,36,0.0006841563,0.00341255637,0,41,0
Kinematic-Cluster4-F,371,7.44,2,-3.06268382,-1.22661054,0.6927197,0,0,0,0,1,6,36,0.0006841563,0.00341255637,0,41,0
Kinematic-Cluster4-F,371,7.44,3,-2.685102,-1.24056208,-11.1045437,0,0,0,0,1,7,36,0.0006841563,0.00341255637,0,41,0
Kinematic-Cluster4-F,372,7.46,0,-3.08110213,-1.60480618,-2.05219674,0,0,0,0,1,8,36,0.000949786452,0.005690148,0,41,0
Kinematic-Cluster4-F,372,7.46,1,-2.7023344,-1.61033857,-4.27854347,0,0,0,0,1,9,36,0.000949786452,0.005690148,0,41,0
Kinematic-Cluster4-F,372,7.46,2,-3.06268382,-1.22661054,0.6927197,0,0,0,0,1,6,36,0.000949786452,0.005690148,0,41,0
Kinematic-Cluster4-F,372,7.46,3,-2.685102,-1.24056208,-11.1045437,0,0,0,0,1,7,36,0.000949786452,0.005690148,0,41,0
Kinematic-Cluster4-F,373,7.48,0,-3.08110213,-1.60480618,-2.05219674,0,0,0,0,1,8,36,0.0008294799,0.003678956,0,41,0
Kinematic-Cluster4-F,373,7.48,1,-2.7023344,-1.61033857,-4.27854347,0,0,0,0,1,9,36,0.0008294799,0.003678956,0,41,0
Kinematic-Cluster4-F,373,7.48,2,-3.06268382,-1.22661054,0.6927197,0,0,0,0,1,6,36,0.0008294799,0.003678956,0,41,0
Kinematic-Cluster4-F,373,7.48,3,-2.685102,-1.24056208,-11.1045437,0,0,0,0,1,7,36,0.0008294799,0.003678956,0,41,0
Kinematic-Cluster4-F,374,7.5,0,-3.08110213,-1.60480618,-2.05219674,0,0,0,0,1,8,36,0.000984836,0.00499463733,0,41,0
Kinematic-Cluster4-F,374,7.5,1,-2.7023344,-1.61033857,-4.27854347,0,0,0,0,1,9,36,0.000984836,0.00499463733,0,41,0
Kinematic-Cluster4-F,374,7.5,2,-3.06268382,-1.22661054,0.6927197,0,0,0,0,1,6,36,0.000984836,0.00499463733,0,41,0
Kinematic-Cluster4-F,374,7.5,3,-2.685102,-1.24056208,-11.1045437,0,0,0,0,1,7,36,0.000984836,0.00499463733,0,41,0
Kinematic-Cluster4-F,375,7.52,0,-3.08110213,-1.60480618,-2.05219674,0,0,0,0,1,8,36,0.0006573879,0.00272767548,0,41,0
Kinematic-Cluster4-F,375,7.52,1,-2.7023344,-1.61033857,-4.27854347,0,0,0,0,1,9,36,0.0006573879,0.00272767548,0,41,0
Kinematic-Cluster4-F,375,7.52,2,-3.06268382,-1.22661054,0.6927197,0,0,0,0,1,6,36,0.0006573879,0.00272767548,0,41,0
Kinematic-Cluster4-F,375,7.52,3,-2.685102,-1.24056208,-11.1045437,0,0,0,0,1,7,36,0.0006573879,0.00272767548,0,41,0
Kinematic-Cluster4-F,376,7.54,0,-3.08110213,-1.60480618,-2.05219674,0,0,0,0,1,8,36,0.00110454124,0.005392322,0,41,0
Kinematic-Cluster4-F,376,7.54,1,-2.7023344,-1.61033857,-4.27854347,0,0,0,0,1,9,36,0.00110454124,0.005392322,0,41,0
Kinematic-Cluster4-F,376,7.54,2,-3.06268382,-1.22661054,0.6927197,0,0,0,0,1,6,36,0.00110454124,0.005392322,0,41,0
Kinematic-Cluster4-F,376,7.54,3,-2.685102,-1.24056208,-11.1045437,0,0,0,0,1,7,36,0.00110454124,0.005392322,0,41,0
Kinematic-Cluster4-F,377,7.56,0,-3.08110213,-1.60480618,-2.05219674,0,0,0,0,1,8,36,0.00126916438,0.00732035143,0,41,0
Kinematic-Cluster4-F,377,7.56,1,-2.7023344,-1.61033857,-4.27854347,0,0,0,0,1,9,36,0.00126916438,0.00732035143,0,41,0
Kinematic-Cluster4-F,377,7.56,2,-3.06268382,-1.22661054,0.6927197,0,0,0,0,1,6,36,0.00126916438,0.00732035143,0,41,0
Kinematic-Cluster4-F,377,7.56,3,-2.685102,-1.24056208,-11.1045437,0,0,0,0,1,7,36,0.00126916438,0.00732035143,0,41,0
Kinematic-Cluster4-F,378,7.58,0,-3.08110213,-1.60480618,-2.05219674,0,0,0,0,1,8,36,0.00134586787,0.006127663,0,41,0
Kinematic-Cluster4-F,378,7.58,1,-2.7023344,-1.61033857,-4.27854347,0,0,0,0,1,9,36,0.00134586787,0.006127663,0,41,0
Kinematic-Cluster4-F,378,7.58,2,-3.06268382,-1.22661054,0.6927197,0,0,0,0,1,6,36,0.00134586787,0.006127663,0,41,0
Kinematic-Cluster4-F,378,7.58,3,-2.685102,-1.24056208,-11.1045437,0,0,0,0,1,7,36,0.00134586787,0.006127663,0,41,0
Kinematic-Cluster4-F,379,7.6,0,-3.08110213,-1.60480618,-2.05219674,0,0,0,0,1,8,36,0.00100653549,0.0071100546,0,41,0
Kinematic-Cluster4-F,379,7.6,1,-2.7023344,-1.61033857,-4.27854347,0,0,0,0,1,9,36,0.00100653549,0.0071100546,0,41,0
Kinematic-Cluster4-F,379,7.6,2,-3.06268382,-1.22661054,0.6927197,0,0,0,0,1,6,36,0.00100653549,0.0071100546,0,41,0
Kinematic-Cluster4-F,379,7.6,3,-2.685102,-1.24056208,-11.1045437,0,0,0,0,1,7,36,0.00100653549,0.0071100546,0,41,0
Kinematic-Cluster4-F,380,7.62,0,-3.08110213,-1.60480618,-2.05219674,0,0,0,0,1,8,36,0.000589980744,0.003126944,0,41,0
Kinematic-Cluster4-F,380,7.62,1,-2.7023344,-1.61033857,-4.27854347,0,0,0,0,1,9,36,0.000589980744,0.003126944,0,41,0
Kinematic-Cluster4-F,380,7.62,2,-3.06268382,-1.22661054,0.6927197,0,0,0,0,1,6,36,0.000589980744,0.003126944,0,41,0
Kinematic-Cluster4-F,380,7.62,3,-2.685102,-1.24056208,-11.1045437,0,0,0,0,1,7,36,0.000589980744,0.003126944,0,41,0
Kinematic-Cluster4-F,381,7.64,0,-3.08110213,-1.60480618,-2.05219674,0,0,0,0,1,8,36,0.0008698576,0.00493883248,0,41,0
Kinematic-Cluster4-F,381,7.64,1,-2.7023344,-1.61033857,-4.27854347,0,0,0,0,1,9,36,0.0008698576,0.00493883248,0,41,0
Kinematic-Cluster4-F,381,7.64,2,-3.06268382,-1.22661054,0.6927197,0,0,0,0,1,6,36,0.0008698576,0.00493883248,0,41,0
Kinematic-Cluster4-F,381,7.64,3,-2.685102,-1.24056208,-11.1045437,0,0,0,0,1,7,36,0.0008698576,0.00493883248,0,41,0
Kinematic-Cluster4-F,382,7.66,0,-3.08110213,-1.60480618,-2.05219674,0,0,0,0,1,8,36,0.000500772148,0.00224393117,0,41,0
Kinematic-Cluster4-F,382,7.66,1,-2.7023344,-1.61033857,-4.27854347,0,0,0,0,1,9,36,0.000500772148,0.00224393117,0,41,0
Kinematic-Cluster4-F,382,7.66,2,-3.06268382,-1.22661054,0.6927197,0,0,0,0,1,6,36,0.000500772148,0.00224393117,0,41,0
Kinematic-Cluster4-F,382,7.66,3,-2.685102,-1.24056208,-11.1045437,0,0,0,0,1,7,36,0.000500772148,0.00224393117,0,41,0
Kinematic-Cluster4-F,383,7.68,0,-3.08110213,-1.60480618,-2.05219674,0,0,0,0,1,8,36,0.00112311728,0.007659799,0,41,0
Kinematic-Cluster4-F,383,7.68,1,-2.7023344,-1.61033857,-4.27854347,0,0,0,0,1,9,36,0.00112311728,0.007659799,0,41,0
Kinematic-Cluster4-F,383,7.68,2,-3.06268382,-1.22661054,0.6927197,0,0,0,0,1,6,36,0.00112311728,0.007659799,0,41,0
Kinematic-Cluster4-F,383,7.68,3,-2.685102,-1.24056208,-11.1045437,0,0,0,0,1,7,36,0.00112311728,0.007659799,0,41,0
Kinematic-Cluster4-F,384,7.7,0,-3.08110213,-1.60480618,-2.05219674,0,0,0,0,1,8,36,0.00131047657,0.007830737,0,41,0
Kinematic-Cluster4-F,384,7.7,1,-2.7023344,-1.61033857,-4.27854347,0,0,0,0,1,9,36,0.00131047657,0.007830737,0,41,0
Kinematic-Cluster4-F,384,7.7,2,-3.06268382,-1.22661054,0.6927197,0,0,0,0,1,6,36,0.00131047657,0.007830737,0,41,0
Kinematic-Cluster4-F,384,7.7,3,-2.685102,-1.24056208,-11.1045437,0,0,0,0,1,7,36,0.00131047657,0.007830737,0,41,0
Kinematic-Cluster4-F,385,7.72,0,-3.08110213,-1.60480618,-2.05219674,0,0,0,0,1,8,36,0.0005680987,0.00250094081,0,41,0
Kinematic-Cluster4-F,385,7.72,1,-2.7023344,-1.61033857,-4.27854347,0,0,0,0,1,9,36,0.0005680987,0.00250094081,0,41,0
Kinematic-Cluster4-F,385,7.72,2,-3.06268382,-1.22661054,0.6927197,0,0,0,0,1,6,36,0.0005680987,0.00250094081,0,41,0
Kinematic-Cluster4-F,385,7.72,3,-2.685102,-1.24056208,-11.1045437,0,0,0,0,1,7,36,0.0005680987,0.00250094081,0,41,0
Kinematic-Cluster4-F,386,7.74,0,-3.08110213,-1.60480618,-2.05219674,0,0,0,0,1,8,36,0.0009701861,0.00488409074,0,41,0
Kinematic-Cluster4-F,386,7.74,1,-2.7023344,-1.61033857,-4.27854347,0,0,0,0,1,9,36,0.0009701861,0.00488409074,0,41,0
Kinematic-Cluster4-F,386,7.74,2,-3.06268382,-1.22661054,0.6927197,0,0,0,0,1,6,36,0.0009701861,0.00488409074,0,41,0
Kinematic-Cluster4-F,386,7.74,3,-2.685102,-1.24056208,-11.1045437,0,0,0,0,1,7,36,0.0009701861,0.00488409074,0,41,0
Kinematic-Cluster4-F,387,7.75999975,0,-3.08110213,-1.60480618,-2.05219674,0,0,0,0,1,8,36,0.0005594523,0.00249184226,0,41,0
Kinematic-Cluster4-F,387,7.75999975,1,-2.7023344,-1.61033857,-4.27854347,0,0,0,0,1,9,36,0.0005594523,0.00249184226,0,41,0
Kinematic-Cluster4-F,387,7.75999975,2,-3.06268382,-1.22661054,0.6927197,0,0,0,0,1,6,36,0.0005594523,0.00249184226,0,41,0
Kinematic-Cluster4-F,387,7.75999975,3,-2.685102,-1.24056208,-11.1045437,0,0,0,0,1,7,36,0.0005594523,0.00249184226,0,41,0
Kinematic-Cluster4-F,388,7.77999973,0,-3.08110213,-1.60480618,-2.05219674,0,0,0,0,1,8,36,0.00131113245,0.00514355442,0,41,0
Kinematic-Cluster4-F,388,7.77999973,1,-2.7023344,-1.61033857,-4.27854347,0,0,0,0,1,9,36,0.00131113245,0.00514355442,0,41,0
Kinematic-Cluster4-F,388,7.77999973,2,-3.06268382,-1.22661054,0.6927197,0,0,0,0,1,6,36,0.00131113245,0.00514355442,0,41,0
Kinematic-Cluster4-F,388,7.77999973,3,-2.685102,-1.24056208,-11.1045437,0,0,0,0,1,7,36,0.00131113245,0.00514355442,0,41,0
Kinematic-Cluster4-F,389,7.79999971,0,-3.08110213,-1.60480618,-2.05219674,0,0,0,0,1,8,36,0.00207329472,0.009116949,0,41,0
Kinematic-Cluster4-F,389,7.79999971,1,-2.7023344,-1.61033857,-4.27854347,0,0,0,0,1,9,36,0.00207329472,0.009116949,0,41,0
Kinematic-Cluster4-F,389,7.79999971,2,-3.06268382,-1.22661054,0.6927197,0,0,0,0,1,6,36,0.00207329472,0.009116949,0,41,0
Kinematic-Cluster4-F,389,7.79999971,3,-2.685102,-1.24056208,-11.1045437,0,0,0,0,1,7,36,0.00207329472,0.009116949,0,41,0
Kinematic-Cluster4-F,390,7.81999969,0,-3.08110213,-1.60480618,-2.05219674,0,0,0,0,1,8,36,0.000891159,0.00414201,0,41,0
Kinematic-Cluster4-F,390,7.81999969,1,-2.7023344,-1.61033857,-4.27854347,0,0,0,0,1,9,36,0.000891159,0.00414201,0,41,0
Kinematic-Cluster4-F,390,7.81999969,2,-3.06268382,-1.22661054,0.6927197,0,0,0,0,1,6,36,0.000891159,0.00414201,0,41,0
Kinematic-Cluster4-F,390,7.81999969,3,-2.685102,-1.24056208,-11.1045437,0,0,0,0,1,7,36,0.000891159,0.00414201,0,41,0
Kinematic-Cluster4-F,391,7.83999968,0,-3.08110213,-1.60480618,-2.05219674,0,0,0,0,1,8,36,0.000764627941,0.00369694061,0,41,0
Kinematic-Cluster4-F,391,7.83999968,1,-2.7023344,-1.61033857,-4.27854347,0,0,0,0,1,9,36,0.000764627941,0.00369694061,0,41,0
Kinematic-Cluster4-F,391,7.83999968,2,-3.06268382,-1.22661054,0.6927197,0,0,0,0,1,6,36,0.000764627941,0.00369694061,0,41,0
Kinematic-Cluster4-F,391,7.83999968,3,-2.685102,-1.24056208,-11.1045437,0,0,0,0,1,7,36,0.000764627941,0.00369694061,0,41,0
Kinematic-Cluster4-F,392,7.85999966,0,-3.08110213,-1.60480618,-2.05219674,0,0,0,0,1,8,36,0.0009301001,0.00314918975,0,41,0
Kinematic-Cluster4-F,392,7.85999966,1,-2.7023344,-1.61033857,-4.27854347,0,0,0,0,1,9,36,0.0009301001,0.00314918975,0,41,0
Kinematic-Cluster4-F,392,7.85999966,2,-3.06268382,-1.22661054,0.6927197,0,0,0,0,1,6,36,0.0009301001,0.00314918975,0,41,0
Kinematic-Cluster4-F,392,7.85999966,3,-2.685102,-1.24056208,-11.1045437,0,0,0,0,1,7,36,0.0009301001,0.00314918975,0,41,0
Kinematic-Cluster4-F,393,7.87999964,0,-3.08110213,-1.60480618,-2.05219674,0,0,0,0,1,8,36,0.0013525266,0.004553623,0,41,0
Kinematic-Cluster4-F,393,7.87999964,1,-2.7023344,-1.61033857,-4.27854347,0,0,0,0,1,9,36,0.0013525266,0.004553623,0,41,0
Kinematic-Cluster4-F,393,7.87999964,2,-3.06268382,-1.22661054,0.6927197,0,0,0,0,1,6,36,0.0013525266,0.004553623,0,41,0
Kinematic-Cluster4-F,393,7.87999964,3,-2.685102,-1.24056208,-11.1045437,0,0,0,0,1,7,36,0.0013525266,0.004553623,0,41,0
Kinematic-Cluster4-F,394,7.89999962,0,-3.08110213,-1.60480618,-2.05219674,0,0,0,0,1,8,36,0.00102270115,0.00329489773,0,41,0
Kinematic-Cluster4-F,394,7.89999962,1,-2.7023344,-1.61033857,-4.27854347,0,0,0,0,1,9,36,0.00102270115,0.00329489773,0,41,0
Kinematic-Cluster4-F,394,7.89999962,2,-3.06268382,-1.22661054,0.6927197,0,0,0,0,1,6,36,0.00102270115,0.00329489773,0,41,0
Kinematic-Cluster4-F,394,7.89999962,3,-2.685102,-1.24056208,-11.1045437,0,0,0,0,1,7,36,0.00102270115,0.00329489773,0,41,0
Kinematic-Cluster4-F,395,7.9199996,0,-3.08110213,-1.60480618,-2.05219674,0,0,0,0,1,8,36,0.00138146954,0.00585459964,0,41,0
Kinematic-Cluster4-F,395,7.9199996,1,-2.7023344,-1.61033857,-4.27854347,0,0,0,0,1,9,36,0.00138146954,0.00585459964,0,41,0
Kinematic-Cluster4-F,395,7.9199996,2,-3.06268382,-1.22661054,0.6927197,0,0,0,0,1,6,36,0.00138146954,0.00585459964,0,41,0
Kinematic-Cluster4-F,395,7.9199996,3,-2.685102,-1.24056208,-11.1045437,0,0,0,0,1,7,36,0.00138146954,0.00585459964,0,41,0
Kinematic-Cluster4-F,396,7.94,0,-3.08110213,-1.60480618,-2.05219674,0,0,0,0,1,8,36,0.0015954827,0.0072119846,0,41,0
Kinematic-Cluster4-F,396,7.94,1,-2.7023344,-1.61033857,-4.27854347,0,0,0,0,1,9,36,0.0015954827,0.0072119846,0,41,0
Kinematic-Cluster4-F,396,7.94,2,-3.06268382,-1.22661054,0.6927197,0,0,0,0,1,6,36,0.0015954827,0.0072119846,0,41,0
Kinematic-Cluster4-F,396,7.94,3,-2.685102,-1.24056208,-11.1045437,0,0,0,0,1,7,36,0.0015954827,0.0072119846,0,41,0
Kinematic-Cluster4-F,397,7.96,0,-3.08110213,-1.60480618,-2.05219674,0,0,0,0,1,8,36,0.0008524587,0.00374707067,0,41,0
Kinematic-Cluster4-F,397,7.96,1,-2.7023344,-1.61033857,-4.27854347,0,0,0,0,1,9,36,0.0008524587,0.00374707067,0,41,0
Kinematic-Cluster4-F,397,7.96,2,-3.06268382,-1.22661054,0.6927197,0,0,0,0,1,6,36,0.0008524587,0.00374707067,0,41,0
Kinematic-Cluster4-F,397,7.96,3,-2.685102,-1.24056208,-11.1045437,0,0,0,0,1,7,36,0.0008524587,0.00374707067,0,41,0
Kinematic-Cluster4-F,398,7.98,0,-3.08110213,-1.60480618,-2.05219674,0,0,0,0,1,8,36,0.000915197132,0.004478561,0,41,0
Kinematic-Cluster4-F,398,7.98,1,-2.7023344,-1.61033857,-4.27854347,0,0,0,0,1,9,36,0.000915197132,0.004478561,0,41,0
Kinematic-Cluster4-F,398,7.98,2,-3.06268382,-1.22661054,0.6927197,0,0,0,0,1,6,36,0.000915197132,0.004478561,0,41,0
Kinematic-Cluster4-F,398,7.98,3,-2.685102,-1.24056208,-11.1045437,0,0,0,0,1,7,36,0.000915197132,0.004478561,0,41,0
Kinematic-Cluster4-F,399,8,0,-3.08110213,-1.60480618,-2.05219674,0,0,0,0,1,8,36,0.001032313,0.003998146,0,41,0
Kinematic-Cluster4-F,399,8,1,-2.7023344,-1.61033857,-4.27854347,0,0,0,0,1,9,36,0.001032313,0.003998146,0,41,0
Kinematic-Cluster4-F,399,8,2,-3.06268382,-1.22661054,0.6927197,0,0,0,0,1,6,36,0.001032313,0.003998146,0,41,0
Kinematic-Cluster4-F,399,8,3,-2.685102,-1.24056208,-11.1045437,0,0,0,0,1,7,36,0.001032313,0.003998146,0,41,0
Kinematic-FixedSingle-F,300,6.02,0,-2.903136,-1.51495075,0,0,0,0,0,1,0,29,0.001313898,0.005541544,0,40.5,0
Kinematic-FixedSingle-F,301,6.04,0,-2.903136,-1.51495075,0,0,0,0,0,1,0,29,0.00125056633,0.005323604,0,40.5,0
Kinematic-FixedSingle-F,302,6.06,0,-2.903136,-1.51495075,0,0,0,0,0,1,0,29,0.001168732,0.00500657549,0,40.5,0
Kinematic-FixedSingle-F,303,6.08,0,-2.903136,-1.51495075,0,0,0,0,0,1,0,29,0.00109654071,0.00470096245,0,40.5,0
Kinematic-FixedSingle-F,304,6.1,0,-2.903136,-1.51495075,0,0,0,0,0,1,0,29,0.0010233369,0.00433052,0,40.5,0
Kinematic-FixedSingle-F,305,6.12,0,-2.903136,-1.51495075,0,0,0,0,0,1,0,29,0.000951173832,0.00398405548,0,40.5,0
Kinematic-FixedSingle-F,306,6.14,0,-2.903136,-1.51495075,0,0,0,0,0,1,0,29,0.000887832546,0.003712716,0,40.5,0
Kinematic-FixedSingle-F,307,6.16,0,-2.903136,-1.51495075,0,0,0,0,0,1,0,29,0.000825620955,0.00341567048,0,40.5,0
Kinematic-FixedSingle-F,308,6.18,0,-2.903136,-1.51495075,0,0,0,0,0,1,0,29,0.000767163234,0.003326488,0,40.5,0
Kinematic-FixedSingle-F,309,6.2,0,-2.903136,-1.51495075,0,0,0,0,0,1,0,29,0.0007182846,0.00321647176,0,40.5,0
Kinematic-FixedSingle-F,310,6.22,0,-2.903136,-1.51495075,0,0,0,0,0,1,0,29,0.000674704439,0.0028963848,0,40.5,0
Kinematic-FixedSingle-F,311,6.24,0,-2.903136,-1.51495075,0,0,0,0,0,1,0,29,0.0006163527,0.00262329727,0,40.5,0
Kinematic-FixedSingle-F,312,6.25999975,0,-2.903136,-1.51495075,0,0,0,0,0,1,0,29,0.0006047683,0.00249913731,0,40.5,0
Kinematic-FixedSingle-F,313,6.27999973,0,-2.903136,-1.51495075,0,0,0,0,0,1,0,29,0.00054707285,0.00221048715,0,40.5,0
Kinematic-FixedSingle-F,314,6.29999971,0,-2.903136,-1.51495075,0,0,0,0,0,1,0,29,0.0005282913,0.00206536986,0,40.5,0
Kinematic-FixedSingle-F,315,6.31999969,0,-2.903136,-1.51495075,0,0,0,0,0,1,0,29,0.000478975067,0.00182761624,0,40.5,0
Kinematic-FixedSingle-F,316,6.33999968,0,-2.903136,-1.51495075,0,0,0,0,0,1,0,29,0.000472184736,0.00163954124,0,40.5,0
Kinematic-FixedSingle-F,317,6.35999966,0,-2.903136,-1.51495075,0,0,0,0,0,1,0,29,0.000407857558,0.00155341928,0,40.5,0
Kinematic-FixedSingle-F,318,6.37999964,0,-2.903136,-1.51495075,0,0,0,0,0,1,0,29,0.000392838352,0.001287797,0,40.5,0
Kinematic-FixedSingle-F,319,6.39999962,0,-2.903136,-1.51495075,0,0,0,0,0,1,0,29,0.000348014466,0.0011992472,0,40.5,0
Kinematic-FixedSingle-F,320,6.42,0,-2.903136,-1.51495075,0,0,0,0,0,1,0,29,0.000356452976,0.0009821807,0,40.5,0
Kinematic-FixedSingle-F,321,6.44,0,-2.903136,-1.51495075,0,0,0,0,0,1,0,29,0.0003182214,0.0009364742,0,40.5,0
Kinematic-FixedSingle-F,322,6.46,0,-2.903136,-1.51495075,0,0,0,0,0,1,0,29,0.0003140024,0.0009193371,0,40.5,0
Kinematic-FixedSingle-F,323,6.48,0,-2.903136,-1.51495075,0,0,0,0,0,1,0,29,0.000319938466,0.00086209405,0,40.5,0
Kinematic-FixedSingle-F,324,6.5,0,-2.903136,-1.51495075,0,0,0,0,0,1,0,29,0.000277139538,0.00075082673,0,40.5,0
Kinematic-FixedSingle-F,325,6.52,0,-2.903136,-1.51495075,0,0,0,0,0,1,0,29,0.000281221728,0.0007241106,0,40.5,0
Kinematic-FixedSingle-F,326,6.54,0,-2.903136,-1.51495075,0,0,0,0,0,1,0,29,0.000276775681,0.0007230094,0,40.5,0
Kinematic-FixedSingle-F,327,6.56,0,-2.903136,-1.51495075,0,0,0,0,0,1,0,29,0.000267002033,0.000725347258,0,40.5,0
Kinematic-FixedSingle-F,328,6.58,0,-2.903136,-1.51495075,0,0,0,0,0,1,0,29,0.0002671901,0.000739089854,0,40.5,0
Kinematic-FixedSingle-F,329,6.6,0,-2.903136,-1.51495075,0,0,0,0,0,1,0,29,0.0002633898,0.000717590738,0,40.5,0
Kinematic-FixedSingle-F,330,6.62,0,-2.903136,-1.51495075,0,0,0,0,0,1,0,29,0.0002662235,0.000684981933,0,40.5,0
Kinematic-FixedSingle-F,331,6.64,0,-2.903136,-1.51495075,0,0,0,0,0,1,0,29,0.0002549897,0.0006832681,0,40.5,0
Kinematic-FixedSingle-F,332,6.66,0,-2.903136,-1.51495075,0,0,0,0,0,1,0,29,0.000254551152,0.0007047054,0,40.5,0
Kinematic-FixedSingle-F,333,6.68,0,-2.903136,-1.51495075,0,0,0,0,0,1,0,29,0.000253411359,0.000692691945,0,40.5,0
Kinematic-FixedSingle-F,334,6.7,0,-2.903136,-1.51495075,0,0,0,0,0,1,0,29,0.000252770231,0.0006932509,0,40.5,0
Kinematic-FixedSingle-F,335,6.72,0,-2.903136,-1.51495075,0,0,0,0,0,1,0,29,0.0002469518,0.000696380041,0,40.5,0
Kinematic-FixedSingle-F,336,6.74,0,-2.903136,-1.51495075,0,0,0,0,0,1,0,29,0.000234480831,0.0006720848,0,40.5,0
Kinematic-FixedSingle-F,337,6.75999975,0,-2.903136,-1.51495075,0,0,0,0,0,1,0,29,0.0002298583,0.000680678757,0,40.5,0
Kinematic-FixedSingle-F,338,6.77999973,0,-2.903136,-1.51495075,0,0,0,0,0,1,0,29,0.0002333033,0.0006860532,0,40.5,0
Kinematic-FixedSingle-F,339,6.79999971,0,-2.903136,-1.51495075,0,0,0,0,0,1,0,29,0.000234331164,0.0006892586,0,40.5,0
Kinematic-FixedSingle-F,340,6.81999969,0,-2.903136,-1.51495075,0,0,0,0,0,1,0,29,0.000224834177,0.0007134549,0,40.5,0
Kinematic-FixedSingle-F,341,6.83999968,0,-2.903136,-1.51495075,0,0,0,0,0,1,0,29,0.000220666218,0.0006901265,0,40.5,0
Kinematic-FixedSingle-F,342,6.85999966,0,-2.903136,-1.51495075,0,0,0,0,0,1,0,29,0.000221075374,0.0006763277,0,40.5,0
Kinematic-FixedSingle-F,343,6.87999964,0,-2.903136,-1.51495075,0,0,0,0,0,1,0,29,0.000213652544,0.0006734449,0,40.5,0
Kinematic-FixedSingle-F,344,6.89999962,0,-2.903136,-1.51495075,0,0,0,0,0,1,0,29,0.000211495324,0.0006609605,0,40.5,0
Kinematic-FixedSingle-F,345,6.92,0,-2.903136,-1.51495075,0,0,0,0,0,1,0,29,0.000205569435,0.000695596333,0,40.5,0
Kinematic-FixedSingle-F,346,6.94,0,-2.903136,-1.51495075,0,0,0,0,0,1,0,29,0.000206027529,0.000670052,0,40.5,0
Kinematic-FixedSingle-F,347,6.96,0,-2.903136,-1.51495075,0,0,0,0,0,1,0,29,0.000203240343,0.0006793459,0,40.5,0
Kinematic-FixedSingle-F,348,6.98,0,-2.903136,-1.51495075,0,0,0,0,0,1,0,29,0.0002049392,0.0006922785,0,40.5,0
Kinematic-FixedSingle-F,349,7,0,-2.903136,-1.51495075,0,0,0,0,0,1,0,29,0.000203565272,0.0006672167,0,40.5,0
Kinematic-FixedSingle-F,350,7.02,0,-2.903136,-1.51495075,0,0,0,0,0,1,0,29,0.000192505962,0.000667443441,0,40.5,0
Kinematic-FixedSingle-F,351,7.04,0,-2.903136,-1.51495075,0,0,0,0,0,1,0,29,0.000187266167,0.000676438,0,40.5,0
Kinematic-FixedSingle-F,352,7.06,0,-2.903136,-1.51495075,0,0,0,0,0,1,0,29,0.00019060394,0.0006745189,0,40.5,0
Kinematic-FixedSingle-F,353,7.08,0,-2.903136,-1.51495075,0,0,0,0,0,1,0,29,0.000184912991,0.0006729535,0,40.5,0
Kinematic-FixedSingle-F,354,7.1,0,-2.903136,-1.51495075,0,0,0,0,0,1,0,29,0.000178759,0.0006831373,0,40.5,0
Kinematic-FixedSingle-F,355,7.12,0,-2.903136,-1.51495075,0,0,0,0,0,1,0,29,0.000177435868,0.0007038795,0,40.5,0
Kinematic-FixedSingle-F,356,7.14,0,-2.903136,-1.51495075,0,0,0,0,0,1,0,29,0.000168983446,0.000702866,0,40.5,0
Kinematic-FixedSingle-F,357,7.16,0,-2.903136,-1.51495075,0,0,0,0,0,1,0,29,0.000165827951,0.0006769719,0,40.5,0
Kinematic-FixedSingle-F,358,7.18,0,-2.903136,-1.51495075,0,0,0,0,0,1,0,29,0.000165277248,0.000686800748,0,40.5,0
Kinematic-FixedSingle-F,359,7.2,0,-2.903136,-1.51495075,0,0,0,0,0,1,0,29,0.000177321941,0.0006743241,0,40.5,0
Kinematic-FixedSingle-F,360,7.22,0,-2.903136,-1.51495075,0,0,0,0,0,1,0,29,0.000151141474,0.0006532084,0,40.5,0
Kinematic-FixedSingle-F,361,7.24,0,-2.903136,-1.51495075,0,0,0,0,0,1,0,29,0.000154676629,0.000717957737,0,40.5,0
Kinematic-FixedSingle-F,362,7.25999975,0,-2.903136,-1.51495075,0,0,0,0,0,1,0,29,0.000159970165,0.0006961325,0,40.5,0
Kinematic-FixedSingle-F,363,7.27999973,0,-2.903136,-1.51495075,0,0,0,0,0,1,0,29,0.000142068617,0.0006614774,0,40.5,0
Kinematic-FixedSingle-F,364,7.29999971,0,-2.903136,-1.51495075,0,0,0,0,0,1,0,29,0.000142439239,0.000714777969,0,40.5,0
Kinematic-FixedSingle-F,365,7.31999969,0,-2.903136,-1.51495075,0,0,0,0,0,1,0,29,0.000148681473,0.0006912825,0,40.5,0
Kinematic-FixedSingle-F,366,7.33999968,0,-2.903136,-1.51495075,0,0,0,0,0,1,0,29,0.000138487259,0.000681439938,0,40.5,0
Kinematic-FixedSingle-F,367,7.35999966,0,-2.903136,-1.51495075,0,0,0,0,0,1,0,29,0.000140014716,0.0007176422,0,40.5,0
Kinematic-FixedSingle-F,368,7.37999964,0,-2.903136,-1.51495075,0,0,0,0,0,1,0,29,0.000133324531,0.0006686106,0,40.5,0
Kinematic-FixedSingle-F,369,7.39999962,0,-2.903136,-1.51495075,0,0,0,0,0,1,0,29,0.000137790063,0.0006785634,0,40.5,0
Kinematic-FixedSingle-F,370,7.4199996,0,-2.903136,-1.51495075,0,0,0,0,0,1,0,29,0.00013650005,0.0006434325,0,40.5,0
Kinematic-FixedSingle-F,371,7.44,0,-2.903136,-1.51495075,0,0,0,0,0,1,0,29,0.000137286348,0.000665970845,0,40.5,0
Kinematic-FixedSingle-F,372,7.46,0,-2.903136,-1.51495075,0,0,0,0,0,1,0,29,0.000139019568,0.000665249652,0,40.5,0
Kinematic-FixedSingle-F,373,7.48,0,-2.903136,-1.51495075,0,0,0,0,0,1,0,29,0.000128031868,0.0006873066,0,40.5,0
Kinematic-FixedSingle-F,374,7.5,0,-2.903136,-1.51495075,0,0,0,0,0,1,0,29,0.000134888076,0.000683659862,0,40.5,0
Kinematic-FixedSingle-F,375,7.52,0,-2.903136,-1.51495075,0,0,0,0,0,1,0,29,0.000129407053,0.000649493944,0,40.5,0
Kinematic-FixedSingle-F,376,7.54,0,-2.903136,-1.51495075,0,0,0,0,0,1,0,29,0.000125800812,0.00069504726,0,40.5,0
Kinematic-FixedSingle-F,377,7.56,0,-2.903136,-1.51495075,0,0,0,0,0,1,0,29,0.000122406025,0.0007049976,0,40.5,0
Kinematic-FixedSingle-F,378,7.58,0,-2.903136,-1.51495075,0,0,0,0,0,1,0,29,0.00011555852,0.0007049976,0,40.5,0
Kinematic-FixedSingle-F,379,7.6,0,-2.903136,-1.51495075,0,0,0,0,0,1,0,29,0.000116426629,0.000701404642,0,40.5,0
Kinematic-FixedSingle-F,380,7.62,0,-2.903136,-1.51495075,0,0,0,0,0,1,0,29,0.000116168354,0.000698649441,0,40.5,0
Kinematic-FixedSingle-F,381,7.64,0,-2.903136,-1.51495075,0,0,0,0,0,1,0,29,0.000109182278,0.000689418637,0,40.5,0
Kinematic-FixedSingle-F,382,7.66,0,-2.903136,-1.51495075,0,0,0,0,0,1,0,29,0.000108886525,0.000690614164,0,40.5,0
Kinematic-FixedSingle-F,383,7.68,0,-2.903136,-1.51495075,0,0,0,0,0,1,0,29,0.000114614762,0.000668217,0,40.5,0
Kinematic-FixedSingle-F,384,7.7,0,-2.903136,-1.51495075,0,0,0,0,0,1,0,29,0.000110725749,0.00066088367,0,40.5,0
Kinematic-FixedSingle-F,385,7.72,0,-2.903136,-1.51495075,0,0,0,0,0,1,0,29,0.000106987012,0.00066088367,0,40.5,0
Kinematic-FixedSingle-F,386,7.74,0,-2.903136,-1.51495075,0,0,0,0,0,1,0,29,0.0001043377,0.0006536842,0,40.5,0
Kinematic-FixedSingle-F,387,7.75999975,0,-2.903136,-1.51495075,0,0,0,0,0,1,0,29,0.000107133121,0.000659278652,0,40.5,0
Kinematic-FixedSingle-F,388,7.77999973,0,-2.903136,-1.51495075,0,0,0,0,0,1,0,29,0.000103550861,0.000659278652,0,40.5,0
Kinematic-FixedSingle-F,389,7.79999971,0,-2.903136,-1.51495075,0,0,0,0,0,1,0,29,0.0001004619,0.0006134404,0,40.5,0
Kinematic-FixedSingle-F,390,7.81999969,0,-2.903136,-1.51495075,0,0,0,0,0,1,0,29,9.984059E-05,0.0005942583,0,40.5,0
Kinematic-FixedSingle-F,391,7.83999968,0,-2.903136,-1.51495075,0,0,0,0,0,1,0,29,9.35427161E-05,0.000582858047,0,40.5,0
Kinematic-FixedSingle-F,392,7.85999966,0,-2.903136,-1.51495075,0,0,0,0,0,1,0,29,9.159997E-05,0.000549423858,0,40.5,0
Kinematic-FixedSingle-F,393,7.87999964,0,-2.903136,-1.51495075,0,0,0,0,0,1,0,29,9.283862E-05,0.0005348325,0,40.5,0
Kinematic-FixedSingle-F,394,7.89999962,0,-2.903136,-1.51495075,0,0,0,0,0,1,0,29,9.518155E-05,0.000516013359,0,40.5,0
Kinematic-FixedSingle-F,395,7.9199996,0,-2.903136,-1.51495075,0,0,0,0,0,1,0,29,9.038589E-05,0.000497618166,0,40.5,0
Kinematic-FixedSingle-F,396,7.94,0,-2.903136,-1.51495075,0,0,0,0,0,1,0,29,8.78407955E-05,0.00048263144,0,40.5,0
Kinematic-FixedSingle-F,397,7.96,0,-2.903136,-1.51495075,0,0,0,0,0,1,0,29,8.47139963E-05,0.000475406676,0,40.5,0
Kinematic-FixedSingle-F,398,7.98,0,-2.903136,-1.51495075,0,0,0,0,0,1,0,29,8.935387E-05,0.0005015765,0,40.5,0
Kinematic-FixedSingle-F,399,8,0,-2.903136,-1.51495075,0,0,0,0,0,1,0,29,8.415169E-05,0.000494628563,0,40.5,0
Held-Cluster4-Empty,300,6.02,0,-3.08112264,-1.60470736,-1.99855888,0,0,0,0,1,7,0,0,0,0,0,0
Held-Cluster4-Empty,300,6.02,1,-2.7026515,-1.610664,-4.17241669,0,0,0,0,1,9,0,0,0,0,0,0
Held-Cluster4-Empty,300,6.02,2,-3.06258321,-1.226314,0.7421474,0,0,0,0,1,6,0,0,0,0,0,0
Held-Cluster4-Empty,300,6.02,3,-2.68562531,-1.24075615,-10.9020987,0,0,0,0,1,7,0,0,0,0,0,0
Held-Cluster4-Empty,301,6.04,0,-3.08112264,-1.60470736,-1.99855888,0,0,0,0,1,7,0,0,0,0,0,0
Held-Cluster4-Empty,301,6.04,1,-2.7026515,-1.610664,-4.17241669,0,0,0,0,1,9,0,0,0,0,0,0
Held-Cluster4-Empty,301,6.04,2,-3.06258321,-1.226314,0.7421474,0,0,0,0,1,6,0,0,0,0,0,0
Held-Cluster4-Empty,301,6.04,3,-2.68562531,-1.24075615,-10.9020987,0,0,0,0,1,7,0,0,0,0,0,0
Held-Cluster4-Empty,302,6.06,0,-3.08112264,-1.60470736,-1.99855888,0,0,0,0,1,7,0,0,0,0,0,0
Held-Cluster4-Empty,302,6.06,1,-2.7026515,-1.610664,-4.17241669,0,0,0,0,1,9,0,0,0,0,0,0
Held-Cluster4-Empty,302,6.06,2,-3.06258321,-1.226314,0.7421474,0,0,0,0,1,6,0,0,0,0,0,0
Held-Cluster4-Empty,302,6.06,3,-2.68562531,-1.24075615,-10.9020987,0,0,0,0,1,7,0,0,0,0,0,0
Held-Cluster4-Empty,303,6.08,0,-3.08112264,-1.60470736,-1.99855888,0,0,0,0,1,7,0,0,0,0,0,0
Held-Cluster4-Empty,303,6.08,1,-2.7026515,-1.610664,-4.17241669,0,0,0,0,1,9,0,0,0,0,0,0
Held-Cluster4-Empty,303,6.08,2,-3.06258321,-1.226314,0.7421474,0,0,0,0,1,6,0,0,0,0,0,0
Held-Cluster4-Empty,303,6.08,3,-2.68562531,-1.24075615,-10.9020987,0,0,0,0,1,7,0,0,0,0,0,0
Held-Cluster4-Empty,304,6.1,0,-3.08112264,-1.60470736,-1.99855888,0,0,0,0,1,7,0,0,0,0,0,0
Held-Cluster4-Empty,304,6.1,1,-2.7026515,-1.610664,-4.17241669,0,0,0,0,1,9,0,0,0,0,0,0
Held-Cluster4-Empty,304,6.1,2,-3.06258321,-1.226314,0.7421474,0,0,0,0,1,6,0,0,0,0,0,0
Held-Cluster4-Empty,304,6.1,3,-2.68562531,-1.24075615,-10.9020987,0,0,0,0,1,7,0,0,0,0,0,0
Held-Cluster4-Empty,305,6.12,0,-3.08112264,-1.60470736,-1.99855888,0,0,0,0,1,7,0,0,0,0,0,0
Held-Cluster4-Empty,305,6.12,1,-2.7026515,-1.610664,-4.17241669,0,0,0,0,1,9,0,0,0,0,0,0
Held-Cluster4-Empty,305,6.12,2,-3.06258321,-1.226314,0.7421474,0,0,0,0,1,6,0,0,0,0,0,0
Held-Cluster4-Empty,305,6.12,3,-2.68562531,-1.24075615,-10.9020987,0,0,0,0,1,7,0,0,0,0,0,0
Held-Cluster4-Empty,306,6.14,0,-3.08112264,-1.60470736,-1.99855888,0,0,0,0,1,7,0,0,0,0,0,0
Held-Cluster4-Empty,306,6.14,1,-2.7026515,-1.610664,-4.17241669,0,0,0,0,1,9,0,0,0,0,0,0
Held-Cluster4-Empty,306,6.14,2,-3.06258321,-1.226314,0.7421474,0,0,0,0,1,6,0,0,0,0,0,0
Held-Cluster4-Empty,306,6.14,3,-2.68562531,-1.24075615,-10.9020987,0,0,0,0,1,7,0,0,0,0,0,0
Held-Cluster4-Empty,307,6.16,0,-3.08112264,-1.60470736,-1.99855888,0,0,0,0,1,7,0,0,0,0,0,0
Held-Cluster4-Empty,307,6.16,1,-2.7026515,-1.610664,-4.17241669,0,0,0,0,1,9,0,0,0,0,0,0
Held-Cluster4-Empty,307,6.16,2,-3.06258321,-1.226314,0.7421474,0,0,0,0,1,6,0,0,0,0,0,0
Held-Cluster4-Empty,307,6.16,3,-2.68562531,-1.24075615,-10.9020987,0,0,0,0,1,7,0,0,0,0,0,0
Held-Cluster4-Empty,308,6.18,0,-3.08112264,-1.60470736,-1.99855888,0,0,0,0,1,7,0,0,0,0,0,0
Held-Cluster4-Empty,308,6.18,1,-2.7026515,-1.610664,-4.17241669,0,0,0,0,1,9,0,0,0,0,0,0
Held-Cluster4-Empty,308,6.18,2,-3.06258321,-1.226314,0.7421474,0,0,0,0,1,6,0,0,0,0,0,0
Held-Cluster4-Empty,308,6.18,3,-2.68562531,-1.24075615,-10.9020987,0,0,0,0,1,7,0,0,0,0,0,0
Held-Cluster4-Empty,309,6.2,0,-3.08112264,-1.60470736,-1.99855888,0,0,0,0,1,7,0,0,0,0,0,0
Held-Cluster4-Empty,309,6.2,1,-2.7026515,-1.610664,-4.17241669,0,0,0,0,1,9,0,0,0,0,0,0
Held-Cluster4-Empty,309,6.2,2,-3.06258321,-1.226314,0.7421474,0,0,0,0,1,6,0,0,0,0,0,0
Held-Cluster4-Empty,309,6.2,3,-2.68562531,-1.24075615,-10.9020987,0,0,0,0,1,7,0,0,0,0,0,0
Held-Cluster4-Empty,310,6.22,0,-3.08112264,-1.60470736,-1.99855888,0,0,0,0,1,7,0,0,0,0,0,0
Held-Cluster4-Empty,310,6.22,1,-2.7026515,-1.610664,-4.17241669,0,0,0,0,1,9,0,0,0,0,0,0
Held-Cluster4-Empty,310,6.22,2,-3.06258321,-1.226314,0.7421474,0,0,0,0,1,6,0,0,0,0,0,0
Held-Cluster4-Empty,310,6.22,3,-2.68562531,-1.24075615,-10.9020987,0,0,0,0,1,7,0,0,0,0,0,0
Held-Cluster4-Empty,311,6.24,0,-3.08112264,-1.60470736,-1.99855888,0,0,0,0,1,7,0,0,0,0,0,0
Held-Cluster4-Empty,311,6.24,1,-2.7026515,-1.610664,-4.17241669,0,0,0,0,1,9,0,0,0,0,0,0
Held-Cluster4-Empty,311,6.24,2,-3.06258321,-1.226314,0.7421474,0,0,0,0,1,6,0,0,0,0,0,0
Held-Cluster4-Empty,311,6.24,3,-2.68562531,-1.24075615,-10.9020987,0,0,0,0,1,7,0,0,0,0,0,0
Held-Cluster4-Empty,312,6.25999975,0,-3.08112264,-1.60470736,-1.99855888,0,0,0,0,1,7,0,0,0,0,0,0
Held-Cluster4-Empty,312,6.25999975,1,-2.7026515,-1.610664,-4.17241669,0,0,0,0,1,9,0,0,0,0,0,0
Held-Cluster4-Empty,312,6.25999975,2,-3.06258321,-1.226314,0.7421474,0,0,0,0,1,6,0,0,0,0,0,0
Held-Cluster4-Empty,312,6.25999975,3,-2.68562531,-1.24075615,-10.9020987,0,0,0,0,1,7,0,0,0,0,0,0
Held-Cluster4-Empty,313,6.27999973,0,-3.08112264,-1.60470736,-1.99855888,0,0,0,0,1,7,0,0,0,0,0,0
Held-Cluster4-Empty,313,6.27999973,1,-2.7026515,-1.610664,-4.17241669,0,0,0,0,1,9,0,0,0,0,0,0
Held-Cluster4-Empty,313,6.27999973,2,-3.06258321,-1.226314,0.7421474,0,0,0,0,1,6,0,0,0,0,0,0
Held-Cluster4-Empty,313,6.27999973,3,-2.68562531,-1.24075615,-10.9020987,0,0,0,0,1,7,0,0,0,0,0,0
Held-Cluster4-Empty,314,6.29999971,0,-3.08112264,-1.60470736,-1.99855888,0,0,0,0,1,7,0,0,0,0,0,0
Held-Cluster4-Empty,314,6.29999971,1,-2.7026515,-1.610664,-4.17241669,0,0,0,0,1,9,0,0,0,0,0,0
Held-Cluster4-Empty,314,6.29999971,2,-3.06258321,-1.226314,0.7421474,0,0,0,0,1,6,0,0,0,0,0,0
Held-Cluster4-Empty,314,6.29999971,3,-2.68562531,-1.24075615,-10.9020987,0,0,0,0,1,7,0,0,0,0,0,0
Held-Cluster4-Empty,315,6.31999969,0,-3.08112264,-1.60470736,-1.99855888,0,0,0,0,1,7,0,0,0,0,0,0
Held-Cluster4-Empty,315,6.31999969,1,-2.7026515,-1.610664,-4.17241669,0,0,0,0,1,9,0,0,0,0,0,0
Held-Cluster4-Empty,315,6.31999969,2,-3.06258321,-1.226314,0.7421474,0,0,0,0,1,6,0,0,0,0,0,0
Held-Cluster4-Empty,315,6.31999969,3,-2.68562531,-1.24075615,-10.9020987,0,0,0,0,1,7,0,0,0,0,0,0
Held-Cluster4-Empty,316,6.33999968,0,-3.08112264,-1.60470736,-1.99855888,0,0,0,0,1,7,0,0,0,0,0,0
Held-Cluster4-Empty,316,6.33999968,1,-2.7026515,-1.610664,-4.17241669,0,0,0,0,1,9,0,0,0,0,0,0
Held-Cluster4-Empty,316,6.33999968,2,-3.06258321,-1.226314,0.7421474,0,0,0,0,1,6,0,0,0,0,0,0
Held-Cluster4-Empty,316,6.33999968,3,-2.68562531,-1.24075615,-10.9020987,0,0,0,0,1,7,0,0,0,0,0,0
Held-Cluster4-Empty,317,6.35999966,0,-3.08112264,-1.60470736,-1.99855888,0,0,0,0,1,7,0,0,0,0,0,0
Held-Cluster4-Empty,317,6.35999966,1,-2.7026515,-1.610664,-4.17241669,0,0,0,0,1,9,0,0,0,0,0,0
Held-Cluster4-Empty,317,6.35999966,2,-3.06258321,-1.226314,0.7421474,0,0,0,0,1,6,0,0,0,0,0,0
Held-Cluster4-Empty,317,6.35999966,3,-2.68562531,-1.24075615,-10.9020987,0,0,0,0,1,7,0,0,0,0,0,0
Held-Cluster4-Empty,318,6.37999964,0,-3.08112264,-1.60470736,-1.99855888,0,0,0,0,1,7,0,0,0,0,0,0
Held-Cluster4-Empty,318,6.37999964,1,-2.7026515,-1.610664,-4.17241669,0,0,0,0,1,9,0,0,0,0,0,0
Held-Cluster4-Empty,318,6.37999964,2,-3.06258321,-1.226314,0.7421474,0,0,0,0,1,6,0,0,0,0,0,0
Held-Cluster4-Empty,318,6.37999964,3,-2.68562531,-1.24075615,-10.9020987,0,0,0,0,1,7,0,0,0,0,0,0
Held-Cluster4-Empty,319,6.39999962,0,-3.08112264,-1.60470736,-1.99855888,0,0,0,0,1,7,0,0,0,0,0,0
Held-Cluster4-Empty,319,6.39999962,1,-2.7026515,-1.610664,-4.17241669,0,0,0,0,1,9,0,0,0,0,0,0
Held-Cluster4-Empty,319,6.39999962,2,-3.06258321,-1.226314,0.7421474,0,0,0,0,1,6,0,0,0,0,0,0
Held-Cluster4-Empty,319,6.39999962,3,-2.68562531,-1.24075615,-10.9020987,0,0,0,0,1,7,0,0,0,0,0,0
Held-Cluster4-Empty,320,6.42,0,-3.08112264,-1.60470736,-1.99855888,0,0,0,0,1,7,0,0,0,0,0,0
Held-Cluster4-Empty,320,6.42,1,-2.7026515,-1.610664,-4.17241669,0,0,0,0,1,9,0,0,0,0,0,0
Held-Cluster4-Empty,320,6.42,2,-3.06258321,-1.226314,0.7421474,0,0,0,0,1,6,0,0,0,0,0,0
Held-Cluster4-Empty,320,6.42,3,-2.68562531,-1.24075615,-10.9020987,0,0,0,0,1,7,0,0,0,0,0,0
Held-Cluster4-Empty,321,6.44,0,-3.08112264,-1.60470736,-1.99855888,0,0,0,0,1,7,0,0,0,0,0,0
Held-Cluster4-Empty,321,6.44,1,-2.7026515,-1.610664,-4.17241669,0,0,0,0,1,9,0,0,0,0,0,0
Held-Cluster4-Empty,321,6.44,2,-3.06258321,-1.226314,0.7421474,0,0,0,0,1,6,0,0,0,0,0,0
Held-Cluster4-Empty,321,6.44,3,-2.68562531,-1.24075615,-10.9020987,0,0,0,0,1,7,0,0,0,0,0,0
Held-Cluster4-Empty,322,6.46,0,-3.08112264,-1.60470736,-1.99855888,0,0,0,0,1,7,0,0,0,0,0,0
Held-Cluster4-Empty,322,6.46,1,-2.7026515,-1.610664,-4.17241669,0,0,0,0,1,9,0,0,0,0,0,0
Held-Cluster4-Empty,322,6.46,2,-3.06258321,-1.226314,0.7421474,0,0,0,0,1,6,0,0,0,0,0,0
Held-Cluster4-Empty,322,6.46,3,-2.68562531,-1.24075615,-10.9020987,0,0,0,0,1,7,0,0,0,0,0,0
Held-Cluster4-Empty,323,6.48,0,-3.08112264,-1.60470736,-1.99855888,0,0,0,0,1,7,0,0,0,0,0,0
Held-Cluster4-Empty,323,6.48,1,-2.7026515,-1.610664,-4.17241669,0,0,0,0,1,9,0,0,0,0,0,0
Held-Cluster4-Empty,323,6.48,2,-3.06258321,-1.226314,0.7421474,0,0,0,0,1,6,0,0,0,0,0,0
Held-Cluster4-Empty,323,6.48,3,-2.68562531,-1.24075615,-10.9020987,0,0,0,0,1,7,0,0,0,0,0,0
Held-Cluster4-Empty,324,6.5,0,-3.08112264,-1.60470736,-1.99855888,0,0,0,0,1,7,0,0,0,0,0,0
Held-Cluster4-Empty,324,6.5,1,-2.7026515,-1.610664,-4.17241669,0,0,0,0,1,9,0,0,0,0,0,0
Held-Cluster4-Empty,324,6.5,2,-3.06258321,-1.226314,0.7421474,0,0,0,0,1,6,0,0,0,0,0,0
Held-Cluster4-Empty,324,6.5,3,-2.68562531,-1.24075615,-10.9020987,0,0,0,0,1,7,0,0,0,0,0,0
Held-Cluster4-Empty,325,6.52,0,-3.08112264,-1.60470736,-1.99855888,0,0,0,0,1,7,0,0,0,0,0,0
Held-Cluster4-Empty,325,6.52,1,-2.7026515,-1.610664,-4.17241669,0,0,0,0,1,9,0,0,0,0,0,0
Held-Cluster4-Empty,325,6.52,2,-3.06258321,-1.226314,0.7421474,0,0,0,0,1,6,0,0,0,0,0,0
Held-Cluster4-Empty,325,6.52,3,-2.68562531,-1.24075615,-10.9020987,0,0,0,0,1,7,0,0,0,0,0,0
Held-Cluster4-Empty,326,6.54,0,-3.08112264,-1.60470736,-1.99855888,0,0,0,0,1,7,0,0,0,0,0,0
Held-Cluster4-Empty,326,6.54,1,-2.7026515,-1.610664,-4.17241669,0,0,0,0,1,9,0,0,0,0,0,0
Held-Cluster4-Empty,326,6.54,2,-3.06258321,-1.226314,0.7421474,0,0,0,0,1,6,0,0,0,0,0,0
Held-Cluster4-Empty,326,6.54,3,-2.68562531,-1.24075615,-10.9020987,0,0,0,0,1,7,0,0,0,0,0,0
Held-Cluster4-Empty,327,6.56,0,-3.08112264,-1.60470736,-1.99855888,0,0,0,0,1,7,0,0,0,0,0,0
Held-Cluster4-Empty,327,6.56,1,-2.7026515,-1.610664,-4.17241669,0,0,0,0,1,9,0,0,0,0,0,0
Held-Cluster4-Empty,327,6.56,2,-3.06258321,-1.226314,0.7421474,0,0,0,0,1,6,0,0,0,0,0,0
Held-Cluster4-Empty,327,6.56,3,-2.68562531,-1.24075615,-10.9020987,0,0,0,0,1,7,0,0,0,0,0,0
Held-Cluster4-Empty,328,6.58,0,-3.08112264,-1.60470736,-1.99855888,0,0,0,0,1,7,0,0,0,0,0,0
Held-Cluster4-Empty,328,6.58,1,-2.7026515,-1.610664,-4.17241669,0,0,0,0,1,9,0,0,0,0,0,0
Held-Cluster4-Empty,328,6.58,2,-3.06258321,-1.226314,0.7421474,0,0,0,0,1,6,0,0,0,0,0,0
Held-Cluster4-Empty,328,6.58,3,-2.68562531,-1.24075615,-10.9020987,0,0,0,0,1,7,0,0,0,0,0,0
Held-Cluster4-Empty,329,6.6,0,-3.08112264,-1.60470736,-1.99855888,0,0,0,0,1,7,0,0,0,0,0,0
Held-Cluster4-Empty,329,6.6,1,-2.7026515,-1.610664,-4.17241669,0,0,0,0,1,9,0,0,0,0,0,0
Held-Cluster4-Empty,329,6.6,2,-3.06258321,-1.226314,0.7421474,0,0,0,0,1,6,0,0,0,0,0,0
Held-Cluster4-Empty,329,6.6,3,-2.68562531,-1.24075615,-10.9020987,0,0,0,0,1,7,0,0,0,0,0,0
Held-Cluster4-Empty,330,6.62,0,-3.08112264,-1.60470736,-1.99855888,0,0,0,0,1,7,0,0,0,0,0,0
Held-Cluster4-Empty,330,6.62,1,-2.7026515,-1.610664,-4.17241669,0,0,0,0,1,9,0,0,0,0,0,0
Held-Cluster4-Empty,330,6.62,2,-3.06258321,-1.226314,0.7421474,0,0,0,0,1,6,0,0,0,0,0,0
Held-Cluster4-Empty,330,6.62,3,-2.68562531,-1.24075615,-10.9020987,0,0,0,0,1,7,0,0,0,0,0,0
Held-Cluster4-Empty,331,6.64,0,-3.08112264,-1.60470736,-1.99855888,0,0,0,0,1,7,0,0,0,0,0,0
Held-Cluster4-Empty,331,6.64,1,-2.7026515,-1.610664,-4.17241669,0,0,0,0,1,9,0,0,0,0,0,0
Held-Cluster4-Empty,331,6.64,2,-3.06258321,-1.226314,0.7421474,0,0,0,0,1,6,0,0,0,0,0,0
Held-Cluster4-Empty,331,6.64,3,-2.68562531,-1.24075615,-10.9020987,0,0,0,0,1,7,0,0,0,0,0,0
Held-Cluster4-Empty,332,6.66,0,-3.08112264,-1.60470736,-1.99855888,0,0,0,0,1,7,0,0,0,0,0,0
Held-Cluster4-Empty,332,6.66,1,-2.7026515,-1.610664,-4.17241669,0,0,0,0,1,9,0,0,0,0,0,0
Held-Cluster4-Empty,332,6.66,2,-3.06258321,-1.226314,0.7421474,0,0,0,0,1,6,0,0,0,0,0,0
Held-Cluster4-Empty,332,6.66,3,-2.68562531,-1.24075615,-10.9020987,0,0,0,0,1,7,0,0,0,0,0,0
Held-Cluster4-Empty,333,6.68,0,-3.08112264,-1.60470736,-1.99855888,0,0,0,0,1,7,0,0,0,0,0,0
Held-Cluster4-Empty,333,6.68,1,-2.7026515,-1.610664,-4.17241669,0,0,0,0,1,9,0,0,0,0,0,0
Held-Cluster4-Empty,333,6.68,2,-3.06258321,-1.226314,0.7421474,0,0,0,0,1,6,0,0,0,0,0,0
Held-Cluster4-Empty,333,6.68,3,-2.68562531,-1.24075615,-10.9020987,0,0,0,0,1,7,0,0,0,0,0,0
Held-Cluster4-Empty,334,6.7,0,-3.08112264,-1.60470736,-1.99855888,0,0,0,0,1,7,0,0,0,0,0,0
Held-Cluster4-Empty,334,6.7,1,-2.7026515,-1.610664,-4.17241669,0,0,0,0,1,9,0,0,0,0,0,0
Held-Cluster4-Empty,334,6.7,2,-3.06258321,-1.226314,0.7421474,0,0,0,0,1,6,0,0,0,0,0,0
Held-Cluster4-Empty,334,6.7,3,-2.68562531,-1.24075615,-10.9020987,0,0,0,0,1,7,0,0,0,0,0,0
Held-Cluster4-Empty,335,6.72,0,-3.08112264,-1.60470736,-1.99855888,0,0,0,0,1,7,0,0,0,0,0,0
Held-Cluster4-Empty,335,6.72,1,-2.7026515,-1.610664,-4.17241669,0,0,0,0,1,9,0,0,0,0,0,0
Held-Cluster4-Empty,335,6.72,2,-3.06258321,-1.226314,0.7421474,0,0,0,0,1,6,0,0,0,0,0,0
Held-Cluster4-Empty,335,6.72,3,-2.68562531,-1.24075615,-10.9020987,0,0,0,0,1,7,0,0,0,0,0,0
Held-Cluster4-Empty,336,6.74,0,-3.08112264,-1.60470736,-1.99855888,0,0,0,0,1,7,0,0,0,0,0,0
Held-Cluster4-Empty,336,6.74,1,-2.7026515,-1.610664,-4.17241669,0,0,0,0,1,9,0,0,0,0,0,0
Held-Cluster4-Empty,336,6.74,2,-3.06258321,-1.226314,0.7421474,0,0,0,0,1,6,0,0,0,0,0,0
Held-Cluster4-Empty,336,6.74,3,-2.68562531,-1.24075615,-10.9020987,0,0,0,0,1,7,0,0,0,0,0,0
Held-Cluster4-Empty,337,6.75999975,0,-3.08112264,-1.60470736,-1.99855888,0,0,0,0,1,7,0,0,0,0,0,0
Held-Cluster4-Empty,337,6.75999975,1,-2.7026515,-1.610664,-4.17241669,0,0,0,0,1,9,0,0,0,0,0,0
Held-Cluster4-Empty,337,6.75999975,2,-3.06258321,-1.226314,0.7421474,0,0,0,0,1,6,0,0,0,0,0,0
Held-Cluster4-Empty,337,6.75999975,3,-2.68562531,-1.24075615,-10.9020987,0,0,0,0,1,7,0,0,0,0,0,0
Held-Cluster4-Empty,338,6.77999973,0,-3.08112264,-1.60470736,-1.99855888,0,0,0,0,1,7,0,0,0,0,0,0
Held-Cluster4-Empty,338,6.77999973,1,-2.7026515,-1.610664,-4.17241669,0,0,0,0,1,9,0,0,0,0,0,0
Held-Cluster4-Empty,338,6.77999973,2,-3.06258321,-1.226314,0.7421474,0,0,0,0,1,6,0,0,0,0,0,0
Held-Cluster4-Empty,338,6.77999973,3,-2.68562531,-1.24075615,-10.9020987,0,0,0,0,1,7,0,0,0,0,0,0
Held-Cluster4-Empty,339,6.79999971,0,-3.08112264,-1.60470736,-1.99855888,0,0,0,0,1,7,0,0,0,0,0,0
Held-Cluster4-Empty,339,6.79999971,1,-2.7026515,-1.610664,-4.17241669,0,0,0,0,1,9,0,0,0,0,0,0
Held-Cluster4-Empty,339,6.79999971,2,-3.06258321,-1.226314,0.7421474,0,0,0,0,1,6,0,0,0,0,0,0
Held-Cluster4-Empty,339,6.79999971,3,-2.68562531,-1.24075615,-10.9020987,0,0,0,0,1,7,0,0,0,0,0,0
Held-Cluster4-Empty,340,6.81999969,0,-3.08112264,-1.60470736,-1.99855888,0,0,0,0,1,7,0,0,0,0,0,0
Held-Cluster4-Empty,340,6.81999969,1,-2.7026515,-1.610664,-4.17241669,0,0,0,0,1,9,0,0,0,0,0,0
Held-Cluster4-Empty,340,6.81999969,2,-3.06258321,-1.226314,0.7421474,0,0,0,0,1,6,0,0,0,0,0,0
Held-Cluster4-Empty,340,6.81999969,3,-2.68562531,-1.24075615,-10.9020987,0,0,0,0,1,7,0,0,0,0,0,0
Held-Cluster4-Empty,341,6.83999968,0,-3.08112264,-1.60470736,-1.99855888,0,0,0,0,1,7,0,0,0,0,0,0
Held-Cluster4-Empty,341,6.83999968,1,-2.7026515,-1.610664,-4.17241669,0,0,0,0,1,9,0,0,0,0,0,0
Held-Cluster4-Empty,341,6.83999968,2,-3.06258321,-1.226314,0.7421474,0,0,0,0,1,6,0,0,0,0,0,0
Held-Cluster4-Empty,341,6.83999968,3,-2.68562531,-1.24075615,-10.9020987,0,0,0,0,1,7,0,0,0,0,0,0
Held-Cluster4-Empty,342,6.85999966,0,-3.08112264,-1.60470736,-1.99855888,0,0,0,0,1,7,0,0,0,0,0,0
Held-Cluster4-Empty,342,6.85999966,1,-2.7026515,-1.610664,-4.17241669,0,0,0,0,1,9,0,0,0,0,0,0
Held-Cluster4-Empty,342,6.85999966,2,-3.06258321,-1.226314,0.7421474,0,0,0,0,1,6,0,0,0,0,0,0
Held-Cluster4-Empty,342,6.85999966,3,-2.68562531,-1.24075615,-10.9020987,0,0,0,0,1,7,0,0,0,0,0,0
Held-Cluster4-Empty,343,6.87999964,0,-3.08112264,-1.60470736,-1.99855888,0,0,0,0,1,7,0,0,0,0,0,0
Held-Cluster4-Empty,343,6.87999964,1,-2.7026515,-1.610664,-4.17241669,0,0,0,0,1,9,0,0,0,0,0,0
Held-Cluster4-Empty,343,6.87999964,2,-3.06258321,-1.226314,0.7421474,0,0,0,0,1,6,0,0,0,0,0,0
Held-Cluster4-Empty,343,6.87999964,3,-2.68562531,-1.24075615,-10.9020987,0,0,0,0,1,7,0,0,0,0,0,0
Held-Cluster4-Empty,344,6.89999962,0,-3.08112264,-1.60470736,-1.99855888,0,0,0,0,1,7,0,0,0,0,0,0
Held-Cluster4-Empty,344,6.89999962,1,-2.7026515,-1.610664,-4.17241669,0,0,0,0,1,9,0,0,0,0,0,0
Held-Cluster4-Empty,344,6.89999962,2,-3.06258321,-1.226314,0.7421474,0,0,0,0,1,6,0,0,0,0,0,0
Held-Cluster4-Empty,344,6.89999962,3,-2.68562531,-1.24075615,-10.9020987,0,0,0,0,1,7,0,0,0,0,0,0
Held-Cluster4-Empty,345,6.92,0,-3.08112264,-1.60470736,-1.99855888,0,0,0,0,1,7,0,0,0,0,0,0
Held-Cluster4-Empty,345,6.92,1,-2.7026515,-1.610664,-4.17241669,0,0,0,0,1,9,0,0,0,0,0,0
Held-Cluster4-Empty,345,6.92,2,-3.06258321,-1.226314,0.7421474,0,0,0,0,1,6,0,0,0,0,0,0
Held-Cluster4-Empty,345,6.92,3,-2.68562531,-1.24075615,-10.9020987,0,0,0,0,1,7,0,0,0,0,0,0
Held-Cluster4-Empty,346,6.94,0,-3.08112264,-1.60470736,-1.99855888,0,0,0,0,1,7,0,0,0,0,0,0
Held-Cluster4-Empty,346,6.94,1,-2.7026515,-1.610664,-4.17241669,0,0,0,0,1,9,0,0,0,0,0,0
Held-Cluster4-Empty,346,6.94,2,-3.06258321,-1.226314,0.7421474,0,0,0,0,1,6,0,0,0,0,0,0
Held-Cluster4-Empty,346,6.94,3,-2.68562531,-1.24075615,-10.9020987,0,0,0,0,1,7,0,0,0,0,0,0
Held-Cluster4-Empty,347,6.96,0,-3.08112264,-1.60470736,-1.99855888,0,0,0,0,1,7,0,0,0,0,0,0
Held-Cluster4-Empty,347,6.96,1,-2.7026515,-1.610664,-4.17241669,0,0,0,0,1,9,0,0,0,0,0,0
Held-Cluster4-Empty,347,6.96,2,-3.06258321,-1.226314,0.7421474,0,0,0,0,1,6,0,0,0,0,0,0
Held-Cluster4-Empty,347,6.96,3,-2.68562531,-1.24075615,-10.9020987,0,0,0,0,1,7,0,0,0,0,0,0
Held-Cluster4-Empty,348,6.98,0,-3.08112264,-1.60470736,-1.99855888,0,0,0,0,1,7,0,0,0,0,0,0
Held-Cluster4-Empty,348,6.98,1,-2.7026515,-1.610664,-4.17241669,0,0,0,0,1,9,0,0,0,0,0,0
Held-Cluster4-Empty,348,6.98,2,-3.06258321,-1.226314,0.7421474,0,0,0,0,1,6,0,0,0,0,0,0
Held-Cluster4-Empty,348,6.98,3,-2.68562531,-1.24075615,-10.9020987,0,0,0,0,1,7,0,0,0,0,0,0
Held-Cluster4-Empty,349,7,0,-3.08112264,-1.60470736,-1.99855888,0,0,0,0,1,7,0,0,0,0,0,0
Held-Cluster4-Empty,349,7,1,-2.7026515,-1.610664,-4.17241669,0,0,0,0,1,9,0,0,0,0,0,0
Held-Cluster4-Empty,349,7,2,-3.06258321,-1.226314,0.7421474,0,0,0,0,1,6,0,0,0,0,0,0
Held-Cluster4-Empty,349,7,3,-2.68562531,-1.24075615,-10.9020987,0,0,0,0,1,7,0,0,0,0,0,0
Held-Cluster4-Empty,350,7.02,0,-3.08112264,-1.60470736,-1.99855888,0,0,0,0,1,7,0,0,0,0,0,0
Held-Cluster4-Empty,350,7.02,1,-2.7026515,-1.610664,-4.17241669,0,0,0,0,1,9,0,0,0,0,0,0
Held-Cluster4-Empty,350,7.02,2,-3.06258321,-1.226314,0.7421474,0,0,0,0,1,6,0,0,0,0,0,0
Held-Cluster4-Empty,350,7.02,3,-2.68562531,-1.24075615,-10.9020987,0,0,0,0,1,7,0,0,0,0,0,0
Held-Cluster4-Empty,351,7.04,0,-3.08112264,-1.60470736,-1.99855888,0,0,0,0,1,7,0,0,0,0,0,0
Held-Cluster4-Empty,351,7.04,1,-2.7026515,-1.610664,-4.17241669,0,0,0,0,1,9,0,0,0,0,0,0
Held-Cluster4-Empty,351,7.04,2,-3.06258321,-1.226314,0.7421474,0,0,0,0,1,6,0,0,0,0,0,0
Held-Cluster4-Empty,351,7.04,3,-2.68562531,-1.24075615,-10.9020987,0,0,0,0,1,7,0,0,0,0,0,0
Held-Cluster4-Empty,352,7.06,0,-3.08112264,-1.60470736,-1.99855888,0,0,0,0,1,7,0,0,0,0,0,0
Held-Cluster4-Empty,352,7.06,1,-2.7026515,-1.610664,-4.17241669,0,0,0,0,1,9,0,0,0,0,0,0
Held-Cluster4-Empty,352,7.06,2,-3.06258321,-1.226314,0.7421474,0,0,0,0,1,6,0,0,0,0,0,0
Held-Cluster4-Empty,352,7.06,3,-2.68562531,-1.24075615,-10.9020987,0,0,0,0,1,7,0,0,0,0,0,0
Held-Cluster4-Empty,353,7.08,0,-3.08112264,-1.60470736,-1.99855888,0,0,0,0,1,7,0,0,0,0,0,0
Held-Cluster4-Empty,353,7.08,1,-2.7026515,-1.610664,-4.17241669,0,0,0,0,1,9,0,0,0,0,0,0
Held-Cluster4-Empty,353,7.08,2,-3.06258321,-1.226314,0.7421474,0,0,0,0,1,6,0,0,0,0,0,0
Held-Cluster4-Empty,353,7.08,3,-2.68562531,-1.24075615,-10.9020987,0,0,0,0,1,7,0,0,0,0,0,0
Held-Cluster4-Empty,354,7.1,0,-3.08112264,-1.60470736,-1.99855888,0,0,0,0,1,7,0,0,0,0,0,0
Held-Cluster4-Empty,354,7.1,1,-2.7026515,-1.610664,-4.17241669,0,0,0,0,1,9,0,0,0,0,0,0
Held-Cluster4-Empty,354,7.1,2,-3.06258321,-1.226314,0.7421474,0,0,0,0,1,6,0,0,0,0,0,0
Held-Cluster4-Empty,354,7.1,3,-2.68562531,-1.24075615,-10.9020987,0,0,0,0,1,7,0,0,0,0,0,0
Held-Cluster4-Empty,355,7.12,0,-3.08112264,-1.60470736,-1.99855888,0,0,0,0,1,7,0,0,0,0,0,0
Held-Cluster4-Empty,355,7.12,1,-2.7026515,-1.610664,-4.17241669,0,0,0,0,1,9,0,0,0,0,0,0
Held-Cluster4-Empty,355,7.12,2,-3.06258321,-1.226314,0.7421474,0,0,0,0,1,6,0,0,0,0,0,0
Held-Cluster4-Empty,355,7.12,3,-2.68562531,-1.24075615,-10.9020987,0,0,0,0,1,7,0,0,0,0,0,0
Held-Cluster4-Empty,356,7.14,0,-3.08112264,-1.60470736,-1.99855888,0,0,0,0,1,7,0,0,0,0,0,0
Held-Cluster4-Empty,356,7.14,1,-2.7026515,-1.610664,-4.17241669,0,0,0,0,1,9,0,0,0,0,0,0
Held-Cluster4-Empty,356,7.14,2,-3.06258321,-1.226314,0.7421474,0,0,0,0,1,6,0,0,0,0,0,0
Held-Cluster4-Empty,356,7.14,3,-2.68562531,-1.24075615,-10.9020987,0,0,0,0,1,7,0,0,0,0,0,0
Held-Cluster4-Empty,357,7.16,0,-3.08112264,-1.60470736,-1.99855888,0,0,0,0,1,7,0,0,0,0,0,0
Held-Cluster4-Empty,357,7.16,1,-2.7026515,-1.610664,-4.17241669,0,0,0,0,1,9,0,0,0,0,0,0
Held-Cluster4-Empty,357,7.16,2,-3.06258321,-1.226314,0.7421474,0,0,0,0,1,6,0,0,0,0,0,0
Held-Cluster4-Empty,357,7.16,3,-2.68562531,-1.24075615,-10.9020987,0,0,0,0,1,7,0,0,0,0,0,0
Held-Cluster4-Empty,358,7.18,0,-3.08112264,-1.60470736,-1.99855888,0,0,0,0,1,7,0,0,0,0,0,0
Held-Cluster4-Empty,358,7.18,1,-2.7026515,-1.610664,-4.17241669,0,0,0,0,1,9,0,0,0,0,0,0
Held-Cluster4-Empty,358,7.18,2,-3.06258321,-1.226314,0.7421474,0,0,0,0,1,6,0,0,0,0,0,0
Held-Cluster4-Empty,358,7.18,3,-2.68562531,-1.24075615,-10.9020987,0,0,0,0,1,7,0,0,0,0,0,0
Held-Cluster4-Empty,359,7.2,0,-3.08112264,-1.60470736,-1.99855888,0,0,0,0,1,7,0,0,0,0,0,0
Held-Cluster4-Empty,359,7.2,1,-2.7026515,-1.610664,-4.17241669,0,0,0,0,1,9,0,0,0,0,0,0
Held-Cluster4-Empty,359,7.2,2,-3.06258321,-1.226314,0.7421474,0,0,0,0,1,6,0,0,0,0,0,0
Held-Cluster4-Empty,359,7.2,3,-2.68562531,-1.24075615,-10.9020987,0,0,0,0,1,7,0,0,0,0,0,0
Held-Cluster4-Empty,360,7.22,0,-3.08112264,-1.60470736,-1.99855888,0,0,0,0,1,7,0,0,0,0,0,0
Held-Cluster4-Empty,360,7.22,1,-2.7026515,-1.610664,-4.17241669,0,0,0,0,1,9,0,0,0,0,0,0
Held-Cluster4-Empty,360,7.22,2,-3.06258321,-1.226314,0.7421474,0,0,0,0,1,6,0,0,0,0,0,0
Held-Cluster4-Empty,360,7.22,3,-2.68562531,-1.24075615,-10.9020987,0,0,0,0,1,7,0,0,0,0,0,0
Held-Cluster4-Empty,361,7.24,0,-3.08112264,-1.60470736,-1.99855888,0,0,0,0,1,7,0,0,0,0,0,0
Held-Cluster4-Empty,361,7.24,1,-2.7026515,-1.610664,-4.17241669,0,0,0,0,1,9,0,0,0,0,0,0
Held-Cluster4-Empty,361,7.24,2,-3.06258321,-1.226314,0.7421474,0,0,0,0,1,6,0,0,0,0,0,0
Held-Cluster4-Empty,361,7.24,3,-2.68562531,-1.24075615,-10.9020987,0,0,0,0,1,7,0,0,0,0,0,0
Held-Cluster4-Empty,362,7.25999975,0,-3.08112264,-1.60470736,-1.99855888,0,0,0,0,1,7,0,0,0,0,0,0
Held-Cluster4-Empty,362,7.25999975,1,-2.7026515,-1.610664,-4.17241669,0,0,0,0,1,9,0,0,0,0,0,0
Held-Cluster4-Empty,362,7.25999975,2,-3.06258321,-1.226314,0.7421474,0,0,0,0,1,6,0,0,0,0,0,0
Held-Cluster4-Empty,362,7.25999975,3,-2.68562531,-1.24075615,-10.9020987,0,0,0,0,1,7,0,0,0,0,0,0
Held-Cluster4-Empty,363,7.27999973,0,-3.08112264,-1.60470736,-1.99855888,0,0,0,0,1,7,0,0,0,0,0,0
Held-Cluster4-Empty,363,7.27999973,1,-2.7026515,-1.610664,-4.17241669,0,0,0,0,1,9,0,0,0,0,0,0
Held-Cluster4-Empty,363,7.27999973,2,-3.06258321,-1.226314,0.7421474,0,0,0,0,1,6,0,0,0,0,0,0
Held-Cluster4-Empty,363,7.27999973,3,-2.68562531,-1.24075615,-10.9020987,0,0,0,0,1,7,0,0,0,0,0,0
Held-Cluster4-Empty,364,7.29999971,0,-3.08112264,-1.60470736,-1.99855888,0,0,0,0,1,7,0,0,0,0,0,0
Held-Cluster4-Empty,364,7.29999971,1,-2.7026515,-1.610664,-4.17241669,0,0,0,0,1,9,0,0,0,0,0,0
Held-Cluster4-Empty,364,7.29999971,2,-3.06258321,-1.226314,0.7421474,0,0,0,0,1,6,0,0,0,0,0,0
Held-Cluster4-Empty,364,7.29999971,3,-2.68562531,-1.24075615,-10.9020987,0,0,0,0,1,7,0,0,0,0,0,0
Held-Cluster4-Empty,365,7.31999969,0,-3.08112264,-1.60470736,-1.99855888,0,0,0,0,1,7,0,0,0,0,0,0
Held-Cluster4-Empty,365,7.31999969,1,-2.7026515,-1.610664,-4.17241669,0,0,0,0,1,9,0,0,0,0,0,0
Held-Cluster4-Empty,365,7.31999969,2,-3.06258321,-1.226314,0.7421474,0,0,0,0,1,6,0,0,0,0,0,0
Held-Cluster4-Empty,365,7.31999969,3,-2.68562531,-1.24075615,-10.9020987,0,0,0,0,1,7,0,0,0,0,0,0
Held-Cluster4-Empty,366,7.33999968,0,-3.08112264,-1.60470736,-1.99855888,0,0,0,0,1,7,0,0,0,0,0,0
Held-Cluster4-Empty,366,7.33999968,1,-2.7026515,-1.610664,-4.17241669,0,0,0,0,1,9,0,0,0,0,0,0
Held-Cluster4-Empty,366,7.33999968,2,-3.06258321,-1.226314,0.7421474,0,0,0,0,1,6,0,0,0,0,0,0
Held-Cluster4-Empty,366,7.33999968,3,-2.68562531,-1.24075615,-10.9020987,0,0,0,0,1,7,0,0,0,0,0,0
Held-Cluster4-Empty,367,7.35999966,0,-3.08112264,-1.60470736,-1.99855888,0,0,0,0,1,7,0,0,0,0,0,0
Held-Cluster4-Empty,367,7.35999966,1,-2.7026515,-1.610664,-4.17241669,0,0,0,0,1,9,0,0,0,0,0,0
Held-Cluster4-Empty,367,7.35999966,2,-3.06258321,-1.226314,0.7421474,0,0,0,0,1,6,0,0,0,0,0,0
Held-Cluster4-Empty,367,7.35999966,3,-2.68562531,-1.24075615,-10.9020987,0,0,0,0,1,7,0,0,0,0,0,0
Held-Cluster4-Empty,368,7.37999964,0,-3.08112264,-1.60470736,-1.99855888,0,0,0,0,1,7,0,0,0,0,0,0
Held-Cluster4-Empty,368,7.37999964,1,-2.7026515,-1.610664,-4.17241669,0,0,0,0,1,9,0,0,0,0,0,0
Held-Cluster4-Empty,368,7.37999964,2,-3.06258321,-1.226314,0.7421474,0,0,0,0,1,6,0,0,0,0,0,0
Held-Cluster4-Empty,368,7.37999964,3,-2.68562531,-1.24075615,-10.9020987,0,0,0,0,1,7,0,0,0,0,0,0
Held-Cluster4-Empty,369,7.39999962,0,-3.08112264,-1.60470736,-1.99855888,0,0,0,0,1,7,0,0,0,0,0,0
Held-Cluster4-Empty,369,7.39999962,1,-2.7026515,-1.610664,-4.17241669,0,0,0,0,1,9,0,0,0,0,0,0
Held-Cluster4-Empty,369,7.39999962,2,-3.06258321,-1.226314,0.7421474,0,0,0,0,1,6,0,0,0,0,0,0
Held-Cluster4-Empty,369,7.39999962,3,-2.68562531,-1.24075615,-10.9020987,0,0,0,0,1,7,0,0,0,0,0,0
Held-Cluster4-Empty,370,7.4199996,0,-3.08112264,-1.60470736,-1.99855888,0,0,0,0,1,7,0,0,0,0,0,0
Held-Cluster4-Empty,370,7.4199996,1,-2.7026515,-1.610664,-4.17241669,0,0,0,0,1,9,0,0,0,0,0,0
Held-Cluster4-Empty,370,7.4199996,2,-3.06258321,-1.226314,0.7421474,0,0,0,0,1,6,0,0,0,0,0,0
Held-Cluster4-Empty,370,7.4199996,3,-2.68562531,-1.24075615,-10.9020987,0,0,0,0,1,7,0,0,0,0,0,0
Held-Cluster4-Empty,371,7.44,0,-3.08112264,-1.60470736,-1.99855888,0,0,0,0,1,7,0,0,0,0,0,0
Held-Cluster4-Empty,371,7.44,1,-2.7026515,-1.610664,-4.17241669,0,0,0,0,1,9,0,0,0,0,0,0
Held-Cluster4-Empty,371,7.44,2,-3.06258321,-1.226314,0.7421474,0,0,0,0,1,6,0,0,0,0,0,0
Held-Cluster4-Empty,371,7.44,3,-2.68562531,-1.24075615,-10.9020987,0,0,0,0,1,7,0,0,0,0,0,0
Held-Cluster4-Empty,372,7.46,0,-3.08112264,-1.60470736,-1.99855888,0,0,0,0,1,7,0,0,0,0,0,0
Held-Cluster4-Empty,372,7.46,1,-2.7026515,-1.610664,-4.17241669,0,0,0,0,1,9,0,0,0,0,0,0
Held-Cluster4-Empty,372,7.46,2,-3.06258321,-1.226314,0.7421474,0,0,0,0,1,6,0,0,0,0,0,0
Held-Cluster4-Empty,372,7.46,3,-2.68562531,-1.24075615,-10.9020987,0,0,0,0,1,7,0,0,0,0,0,0
Held-Cluster4-Empty,373,7.48,0,-3.08112264,-1.60470736,-1.99855888,0,0,0,0,1,7,0,0,0,0,0,0
Held-Cluster4-Empty,373,7.48,1,-2.7026515,-1.610664,-4.17241669,0,0,0,0,1,9,0,0,0,0,0,0
Held-Cluster4-Empty,373,7.48,2,-3.06258321,-1.226314,0.7421474,0,0,0,0,1,6,0,0,0,0,0,0
Held-Cluster4-Empty,373,7.48,3,-2.68562531,-1.24075615,-10.9020987,0,0,0,0,1,7,0,0,0,0,0,0
Held-Cluster4-Empty,374,7.5,0,-3.08112264,-1.60470736,-1.99855888,0,0,0,0,1,7,0,0,0,0,0,0
Held-Cluster4-Empty,374,7.5,1,-2.7026515,-1.610664,-4.17241669,0,0,0,0,1,9,0,0,0,0,0,0
Held-Cluster4-Empty,374,7.5,2,-3.06258321,-1.226314,0.7421474,0,0,0,0,1,6,0,0,0,0,0,0
Held-Cluster4-Empty,374,7.5,3,-2.68562531,-1.24075615,-10.9020987,0,0,0,0,1,7,0,0,0,0,0,0
Held-Cluster4-Empty,375,7.52,0,-3.08112264,-1.60470736,-1.99855888,0,0,0,0,1,7,0,0,0,0,0,0
Held-Cluster4-Empty,375,7.52,1,-2.7026515,-1.610664,-4.17241669,0,0,0,0,1,9,0,0,0,0,0,0
Held-Cluster4-Empty,375,7.52,2,-3.06258321,-1.226314,0.7421474,0,0,0,0,1,6,0,0,0,0,0,0
Held-Cluster4-Empty,375,7.52,3,-2.68562531,-1.24075615,-10.9020987,0,0,0,0,1,7,0,0,0,0,0,0
Held-Cluster4-Empty,376,7.54,0,-3.08112264,-1.60470736,-1.99855888,0,0,0,0,1,7,0,0,0,0,0,0
Held-Cluster4-Empty,376,7.54,1,-2.7026515,-1.610664,-4.17241669,0,0,0,0,1,9,0,0,0,0,0,0
Held-Cluster4-Empty,376,7.54,2,-3.06258321,-1.226314,0.7421474,0,0,0,0,1,6,0,0,0,0,0,0
Held-Cluster4-Empty,376,7.54,3,-2.68562531,-1.24075615,-10.9020987,0,0,0,0,1,7,0,0,0,0,0,0
Held-Cluster4-Empty,377,7.56,0,-3.08112264,-1.60470736,-1.99855888,0,0,0,0,1,7,0,0,0,0,0,0
Held-Cluster4-Empty,377,7.56,1,-2.7026515,-1.610664,-4.17241669,0,0,0,0,1,9,0,0,0,0,0,0
Held-Cluster4-Empty,377,7.56,2,-3.06258321,-1.226314,0.7421474,0,0,0,0,1,6,0,0,0,0,0,0
Held-Cluster4-Empty,377,7.56,3,-2.68562531,-1.24075615,-10.9020987,0,0,0,0,1,7,0,0,0,0,0,0
Held-Cluster4-Empty,378,7.58,0,-3.08112264,-1.60470736,-1.99855888,0,0,0,0,1,7,0,0,0,0,0,0
Held-Cluster4-Empty,378,7.58,1,-2.7026515,-1.610664,-4.17241669,0,0,0,0,1,9,0,0,0,0,0,0
Held-Cluster4-Empty,378,7.58,2,-3.06258321,-1.226314,0.7421474,0,0,0,0,1,6,0,0,0,0,0,0
Held-Cluster4-Empty,378,7.58,3,-2.68562531,-1.24075615,-10.9020987,0,0,0,0,1,7,0,0,0,0,0,0
Held-Cluster4-Empty,379,7.6,0,-3.08112264,-1.60470736,-1.99855888,0,0,0,0,1,7,0,0,0,0,0,0
Held-Cluster4-Empty,379,7.6,1,-2.7026515,-1.610664,-4.17241669,0,0,0,0,1,9,0,0,0,0,0,0
Held-Cluster4-Empty,379,7.6,2,-3.06258321,-1.226314,0.7421474,0,0,0,0,1,6,0,0,0,0,0,0
Held-Cluster4-Empty,379,7.6,3,-2.68562531,-1.24075615,-10.9020987,0,0,0,0,1,7,0,0,0,0,0,0
Held-Cluster4-Empty,380,7.62,0,-3.08112264,-1.60470736,-1.99855888,0,0,0,0,1,7,0,0,0,0,0,0
Held-Cluster4-Empty,380,7.62,1,-2.7026515,-1.610664,-4.17241669,0,0,0,0,1,9,0,0,0,0,0,0
Held-Cluster4-Empty,380,7.62,2,-3.06258321,-1.226314,0.7421474,0,0,0,0,1,6,0,0,0,0,0,0
Held-Cluster4-Empty,380,7.62,3,-2.68562531,-1.24075615,-10.9020987,0,0,0,0,1,7,0,0,0,0,0,0
Held-Cluster4-Empty,381,7.64,0,-3.08112264,-1.60470736,-1.99855888,0,0,0,0,1,7,0,0,0,0,0,0
Held-Cluster4-Empty,381,7.64,1,-2.7026515,-1.610664,-4.17241669,0,0,0,0,1,9,0,0,0,0,0,0
Held-Cluster4-Empty,381,7.64,2,-3.06258321,-1.226314,0.7421474,0,0,0,0,1,6,0,0,0,0,0,0
Held-Cluster4-Empty,381,7.64,3,-2.68562531,-1.24075615,-10.9020987,0,0,0,0,1,7,0,0,0,0,0,0
Held-Cluster4-Empty,382,7.66,0,-3.08112264,-1.60470736,-1.99855888,0,0,0,0,1,7,0,0,0,0,0,0
Held-Cluster4-Empty,382,7.66,1,-2.7026515,-1.610664,-4.17241669,0,0,0,0,1,9,0,0,0,0,0,0
Held-Cluster4-Empty,382,7.66,2,-3.06258321,-1.226314,0.7421474,0,0,0,0,1,6,0,0,0,0,0,0
Held-Cluster4-Empty,382,7.66,3,-2.68562531,-1.24075615,-10.9020987,0,0,0,0,1,7,0,0,0,0,0,0
Held-Cluster4-Empty,383,7.68,0,-3.08112264,-1.60470736,-1.99855888,0,0,0,0,1,7,0,0,0,0,0,0
Held-Cluster4-Empty,383,7.68,1,-2.7026515,-1.610664,-4.17241669,0,0,0,0,1,9,0,0,0,0,0,0
Held-Cluster4-Empty,383,7.68,2,-3.06258321,-1.226314,0.7421474,0,0,0,0,1,6,0,0,0,0,0,0
Held-Cluster4-Empty,383,7.68,3,-2.68562531,-1.24075615,-10.9020987,0,0,0,0,1,7,0,0,0,0,0,0
Held-Cluster4-Empty,384,7.7,0,-3.08112264,-1.60470736,-1.99855888,0,0,0,0,1,7,0,0,0,0,0,0
Held-Cluster4-Empty,384,7.7,1,-2.7026515,-1.610664,-4.17241669,0,0,0,0,1,9,0,0,0,0,0,0
Held-Cluster4-Empty,384,7.7,2,-3.06258321,-1.226314,0.7421474,0,0,0,0,1,6,0,0,0,0,0,0
Held-Cluster4-Empty,384,7.7,3,-2.68562531,-1.24075615,-10.9020987,0,0,0,0,1,7,0,0,0,0,0,0
Held-Cluster4-Empty,385,7.72,0,-3.08112264,-1.60470736,-1.99855888,0,0,0,0,1,7,0,0,0,0,0,0
Held-Cluster4-Empty,385,7.72,1,-2.7026515,-1.610664,-4.17241669,0,0,0,0,1,9,0,0,0,0,0,0
Held-Cluster4-Empty,385,7.72,2,-3.06258321,-1.226314,0.7421474,0,0,0,0,1,6,0,0,0,0,0,0
Held-Cluster4-Empty,385,7.72,3,-2.68562531,-1.24075615,-10.9020987,0,0,0,0,1,7,0,0,0,0,0,0
Held-Cluster4-Empty,386,7.74,0,-3.08112264,-1.60470736,-1.99855888,0,0,0,0,1,7,0,0,0,0,0,0
Held-Cluster4-Empty,386,7.74,1,-2.7026515,-1.610664,-4.17241669,0,0,0,0,1,9,0,0,0,0,0,0
Held-Cluster4-Empty,386,7.74,2,-3.06258321,-1.226314,0.7421474,0,0,0,0,1,6,0,0,0,0,0,0
Held-Cluster4-Empty,386,7.74,3,-2.68562531,-1.24075615,-10.9020987,0,0,0,0,1,7,0,0,0,0,0,0
Held-Cluster4-Empty,387,7.75999975,0,-3.08112264,-1.60470736,-1.99855888,0,0,0,0,1,7,0,0,0,0,0,0
Held-Cluster4-Empty,387,7.75999975,1,-2.7026515,-1.610664,-4.17241669,0,0,0,0,1,9,0,0,0,0,0,0
Held-Cluster4-Empty,387,7.75999975,2,-3.06258321,-1.226314,0.7421474,0,0,0,0,1,6,0,0,0,0,0,0
Held-Cluster4-Empty,387,7.75999975,3,-2.68562531,-1.24075615,-10.9020987,0,0,0,0,1,7,0,0,0,0,0,0
Held-Cluster4-Empty,388,7.77999973,0,-3.08112264,-1.60470736,-1.99855888,0,0,0,0,1,7,0,0,0,0,0,0
Held-Cluster4-Empty,388,7.77999973,1,-2.7026515,-1.610664,-4.17241669,0,0,0,0,1,9,0,0,0,0,0,0
Held-Cluster4-Empty,388,7.77999973,2,-3.06258321,-1.226314,0.7421474,0,0,0,0,1,6,0,0,0,0,0,0
Held-Cluster4-Empty,388,7.77999973,3,-2.68562531,-1.24075615,-10.9020987,0,0,0,0,1,7,0,0,0,0,0,0
Held-Cluster4-Empty,389,7.79999971,0,-3.08112264,-1.60470736,-1.99855888,0,0,0,0,1,7,0,0,0,0,0,0
Held-Cluster4-Empty,389,7.79999971,1,-2.7026515,-1.610664,-4.17241669,0,0,0,0,1,9,0,0,0,0,0,0
Held-Cluster4-Empty,389,7.79999971,2,-3.06258321,-1.226314,0.7421474,0,0,0,0,1,6,0,0,0,0,0,0
Held-Cluster4-Empty,389,7.79999971,3,-2.68562531,-1.24075615,-10.9020987,0,0,0,0,1,7,0,0,0,0,0,0
Held-Cluster4-Empty,390,7.81999969,0,-3.08112264,-1.60470736,-1.99855888,0,0,0,0,1,7,0,0,0,0,0,0
Held-Cluster4-Empty,390,7.81999969,1,-2.7026515,-1.610664,-4.17241669,0,0,0,0,1,9,0,0,0,0,0,0
Held-Cluster4-Empty,390,7.81999969,2,-3.06258321,-1.226314,0.7421474,0,0,0,0,1,6,0,0,0,0,0,0
Held-Cluster4-Empty,390,7.81999969,3,-2.68562531,-1.24075615,-10.9020987,0,0,0,0,1,7,0,0,0,0,0,0
Held-Cluster4-Empty,391,7.83999968,0,-3.08112264,-1.60470736,-1.99855888,0,0,0,0,1,7,0,0,0,0,0,0
Held-Cluster4-Empty,391,7.83999968,1,-2.7026515,-1.610664,-4.17241669,0,0,0,0,1,9,0,0,0,0,0,0
Held-Cluster4-Empty,391,7.83999968,2,-3.06258321,-1.226314,0.7421474,0,0,0,0,1,6,0,0,0,0,0,0
Held-Cluster4-Empty,391,7.83999968,3,-2.68562531,-1.24075615,-10.9020987,0,0,0,0,1,7,0,0,0,0,0,0
Held-Cluster4-Empty,392,7.85999966,0,-3.08112264,-1.60470736,-1.99855888,0,0,0,0,1,7,0,0,0,0,0,0
Held-Cluster4-Empty,392,7.85999966,1,-2.7026515,-1.610664,-4.17241669,0,0,0,0,1,9,0,0,0,0,0,0
Held-Cluster4-Empty,392,7.85999966,2,-3.06258321,-1.226314,0.7421474,0,0,0,0,1,6,0,0,0,0,0,0
Held-Cluster4-Empty,392,7.85999966,3,-2.68562531,-1.24075615,-10.9020987,0,0,0,0,1,7,0,0,0,0,0,0
Held-Cluster4-Empty,393,7.87999964,0,-3.08112264,-1.60470736,-1.99855888,0,0,0,0,1,7,0,0,0,0,0,0
Held-Cluster4-Empty,393,7.87999964,1,-2.7026515,-1.610664,-4.17241669,0,0,0,0,1,9,0,0,0,0,0,0
Held-Cluster4-Empty,393,7.87999964,2,-3.06258321,-1.226314,0.7421474,0,0,0,0,1,6,0,0,0,0,0,0
Held-Cluster4-Empty,393,7.87999964,3,-2.68562531,-1.24075615,-10.9020987,0,0,0,0,1,7,0,0,0,0,0,0
Held-Cluster4-Empty,394,7.89999962,0,-3.08112264,-1.60470736,-1.99855888,0,0,0,0,1,7,0,0,0,0,0,0
Held-Cluster4-Empty,394,7.89999962,1,-2.7026515,-1.610664,-4.17241669,0,0,0,0,1,9,0,0,0,0,0,0
Held-Cluster4-Empty,394,7.89999962,2,-3.06258321,-1.226314,0.7421474,0,0,0,0,1,6,0,0,0,0,0,0
Held-Cluster4-Empty,394,7.89999962,3,-2.68562531,-1.24075615,-10.9020987,0,0,0,0,1,7,0,0,0,0,0,0
Held-Cluster4-Empty,395,7.9199996,0,-3.08112264,-1.60470736,-1.99855888,0,0,0,0,1,7,0,0,0,0,0,0
Held-Cluster4-Empty,395,7.9199996,1,-2.7026515,-1.610664,-4.17241669,0,0,0,0,1,9,0,0,0,0,0,0
Held-Cluster4-Empty,395,7.9199996,2,-3.06258321,-1.226314,0.7421474,0,0,0,0,1,6,0,0,0,0,0,0
Held-Cluster4-Empty,395,7.9199996,3,-2.68562531,-1.24075615,-10.9020987,0,0,0,0,1,7,0,0,0,0,0,0
Held-Cluster4-Empty,396,7.94,0,-3.08112264,-1.60470736,-1.99855888,0,0,0,0,1,7,0,0,0,0,0,0
Held-Cluster4-Empty,396,7.94,1,-2.7026515,-1.610664,-4.17241669,0,0,0,0,1,9,0,0,0,0,0,0
Held-Cluster4-Empty,396,7.94,2,-3.06258321,-1.226314,0.7421474,0,0,0,0,1,6,0,0,0,0,0,0
Held-Cluster4-Empty,396,7.94,3,-2.68562531,-1.24075615,-10.9020987,0,0,0,0,1,7,0,0,0,0,0,0
Held-Cluster4-Empty,397,7.96,0,-3.08112264,-1.60470736,-1.99855888,0,0,0,0,1,7,0,0,0,0,0,0
Held-Cluster4-Empty,397,7.96,1,-2.7026515,-1.610664,-4.17241669,0,0,0,0,1,9,0,0,0,0,0,0
Held-Cluster4-Empty,397,7.96,2,-3.06258321,-1.226314,0.7421474,0,0,0,0,1,6,0,0,0,0,0,0
Held-Cluster4-Empty,397,7.96,3,-2.68562531,-1.24075615,-10.9020987,0,0,0,0,1,7,0,0,0,0,0,0
Held-Cluster4-Empty,398,7.98,0,-3.08112264,-1.60470736,-1.99855888,0,0,0,0,1,7,0,0,0,0,0,0
Held-Cluster4-Empty,398,7.98,1,-2.7026515,-1.610664,-4.17241669,0,0,0,0,1,9,0,0,0,0,0,0
Held-Cluster4-Empty,398,7.98,2,-3.06258321,-1.226314,0.7421474,0,0,0,0,1,6,0,0,0,0,0,0
Held-Cluster4-Empty,398,7.98,3,-2.68562531,-1.24075615,-10.9020987,0,0,0,0,1,7,0,0,0,0,0,0
Held-Cluster4-Empty,399,8,0,-3.08112264,-1.60470736,-1.99855888,0,0,0,0,1,7,0,0,0,0,0,0
Held-Cluster4-Empty,399,8,1,-2.7026515,-1.610664,-4.17241669,0,0,0,0,1,9,0,0,0,0,0,0
Held-Cluster4-Empty,399,8,2,-3.06258321,-1.226314,0.7421474,0,0,0,0,1,6,0,0,0,0,0,0
Held-Cluster4-Empty,399,8,3,-2.68562531,-1.24075615,-10.9020987,0,0,0,0,1,7,0,0,0,0,0,0
Held-Cluster4-F,300,6.02,0,-3.08226061,-1.60396385,-1.66578531,0,0,0,0,1,9,37,0.0008394327,0.003224305,0,41,0
Held-Cluster4-F,300,6.02,1,-2.70483136,-1.61255968,-3.23447347,0,0,0,0,1,11,37,0.0008394327,0.003224305,0,41,0
Held-Cluster4-F,300,6.02,2,-3.06443,-1.22703373,0.462887645,0,0,0,0,1,6,37,0.0008394327,0.003224305,0,41,0
Held-Cluster4-F,300,6.02,3,-2.69040632,-1.242527,-10.524087,0,0,0,0,1,7,37,0.0008394327,0.003224305,0,41,0
Held-Cluster4-F,301,6.04,0,-3.08226061,-1.60396385,-1.66578531,0,0,0,0,1,9,37,0.000417128729,0.0016472867,0,41,0
Held-Cluster4-F,301,6.04,1,-2.70483136,-1.61255968,-3.23447347,0,0,0,0,1,11,37,0.000417128729,0.0016472867,0,41,0
Held-Cluster4-F,301,6.04,2,-3.06443,-1.22703373,0.462887645,0,0,0,0,1,6,37,0.000417128729,0.0016472867,0,41,0
Held-Cluster4-F,301,6.04,3,-2.69040632,-1.242527,-10.524087,0,0,0,0,1,7,37,0.000417128729,0.0016472867,0,41,0
Held-Cluster4-F,302,6.06,0,-3.08226061,-1.60396385,-1.66578531,0,0,0,0,1,9,37,0.0005806734,0.002553675,0,41,0
Held-Cluster4-F,302,6.06,1,-2.70483136,-1.61255968,-3.23447347,0,0,0,0,1,11,37,0.0005806734,0.002553675,0,41,0
Held-Cluster4-F,302,6.06,2,-3.06443,-1.22703373,0.462887645,0,0,0,0,1,6,37,0.0005806734,0.002553675,0,41,0
Held-Cluster4-F,302,6.06,3,-2.69040632,-1.242527,-10.524087,0,0,0,0,1,7,37,0.0005806734,0.002553675,0,41,0
Held-Cluster4-F,303,6.08,0,-3.08226061,-1.60396385,-1.66578531,0,0,0,0,1,9,37,0.000747823331,0.002734519,0,41,0
Held-Cluster4-F,303,6.08,1,-2.70483136,-1.61255968,-3.23447347,0,0,0,0,1,11,37,0.000747823331,0.002734519,0,41,0
Held-Cluster4-F,303,6.08,2,-3.06443,-1.22703373,0.462887645,0,0,0,0,1,6,37,0.000747823331,0.002734519,0,41,0
Held-Cluster4-F,303,6.08,3,-2.69040632,-1.242527,-10.524087,0,0,0,0,1,7,37,0.000747823331,0.002734519,0,41,0
Held-Cluster4-F,304,6.1,0,-3.08226061,-1.60396385,-1.66578531,0,0,0,0,1,9,37,0.000478656526,0.00247522444,0,41,0
Held-Cluster4-F,304,6.1,1,-2.70483136,-1.61255968,-3.23447347,0,0,0,0,1,11,37,0.000478656526,0.00247522444,0,41,0
Held-Cluster4-F,304,6.1,2,-3.06443,-1.22703373,0.462887645,0,0,0,0,1,6,37,0.000478656526,0.00247522444,0,41,0
Held-Cluster4-F,304,6.1,3,-2.69040632,-1.242527,-10.524087,0,0,0,0,1,7,37,0.000478656526,0.00247522444,0,41,0
Held-Cluster4-F,305,6.12,0,-3.08226061,-1.60396385,-1.66578531,0,0,0,0,1,9,37,0.000522478542,0.00231679,0,41,0
Held-Cluster4-F,305,6.12,1,-2.70483136,-1.61255968,-3.23447347,0,0,0,0,1,11,37,0.000522478542,0.00231679,0,41,0
Held-Cluster4-F,305,6.12,2,-3.06443,-1.22703373,0.462887645,0,0,0,0,1,6,37,0.000522478542,0.00231679,0,41,0
Held-Cluster4-F,305,6.12,3,-2.69040632,-1.242527,-10.524087,0,0,0,0,1,7,37,0.000522478542,0.00231679,0,41,0
Held-Cluster4-F,306,6.14,0,-3.08226061,-1.60396385,-1.66578531,0,0,0,0,1,9,37,0.0007398661,0.00320052519,0,41,0
Held-Cluster4-F,306,6.14,1,-2.70483136,-1.61255968,-3.23447347,0,0,0,0,1,11,37,0.0007398661,0.00320052519,0,41,0
Held-Cluster4-F,306,6.14,2,-3.06443,-1.22703373,0.462887645,0,0,0,0,1,6,37,0.0007398661,0.00320052519,0,41,0
Held-Cluster4-F,306,6.14,3,-2.69040632,-1.242527,-10.524087,0,0,0,0,1,7,37,0.0007398661,0.00320052519,0,41,0
Held-Cluster4-F,307,6.16,0,-3.08226061,-1.60396385,-1.66578531,0,0,0,0,1,9,37,0.000715494331,0.00297127268,0,41,0
Held-Cluster4-F,307,6.16,1,-2.70483136,-1.61255968,-3.23447347,0,0,0,0,1,11,37,0.000715494331,0.00297127268,0,41,0
Held-Cluster4-F,307,6.16,2,-3.06443,-1.22703373,0.462887645,0,0,0,0,1,6,37,0.000715494331,0.00297127268,0,41,0
Held-Cluster4-F,307,6.16,3,-2.69040632,-1.242527,-10.524087,0,0,0,0,1,7,37,0.000715494331,0.00297127268,0,41,0
Held-Cluster4-F,308,6.18,0,-3.08226061,-1.60396385,-1.66578531,0,0,0,0,1,9,37,0.0005560243,0.00224748929,0,41,0
Held-Cluster4-F,308,6.18,1,-2.70483136,-1.61255968,-3.23447347,0,0,0,0,1,11,37,0.0005560243,0.00224748929,0,41,0
Held-Cluster4-F,308,6.18,2,-3.06443,-1.22703373,0.462887645,0,0,0,0,1,6,37,0.0005560243,0.00224748929,0,41,0
Held-Cluster4-F,308,6.18,3,-2.69040632,-1.242527,-10.524087,0,0,0,0,1,7,37,0.0005560243,0.00224748929,0,41,0
Held-Cluster4-F,309,6.2,0,-3.08226061,-1.60396385,-1.66578531,0,0,0,0,1,9,37,0.000351680152,0.00132440089,0,41,0
Held-Cluster4-F,309,6.2,1,-2.70483136,-1.61255968,-3.23447347,0,0,0,0,1,11,37,0.000351680152,0.00132440089,0,41,0
Held-Cluster4-F,309,6.2,2,-3.06443,-1.22703373,0.462887645,0,0,0,0,1,6,37,0.000351680152,0.00132440089,0,41,0
Held-Cluster4-F,309,6.2,3,-2.69040632,-1.242527,-10.524087,0,0,0,0,1,7,37,0.000351680152,0.00132440089,0,41,0
Held-Cluster4-F,310,6.22,0,-3.08226061,-1.60396385,-1.66578531,0,0,0,0,1,9,37,0.0008850865,0.00386481825,0,41,0
Held-Cluster4-F,310,6.22,1,-2.70483136,-1.61255968,-3.23447347,0,0,0,0,1,11,37,0.0008850865,0.00386481825,0,41,0
Held-Cluster4-F,310,6.22,2,-3.06443,-1.22703373,0.462887645,0,0,0,0,1,6,37,0.0008850865,0.00386481825,0,41,0
Held-Cluster4-F,310,6.22,3,-2.69040632,-1.242527,-10.524087,0,0,0,0,1,7,37,0.0008850865,0.00386481825,0,41,0
Held-Cluster4-F,311,6.24,0,-3.08226061,-1.60396385,-1.66578531,0,0,0,0,1,9,37,0.0007457351,0.003212291,0,41,0
Held-Cluster4-F,311,6.24,1,-2.70483136,-1.61255968,-3.23447347,0,0,0,0,1,11,37,0.0007457351,0.003212291,0,41,0
Held-Cluster4-F,311,6.24,2,-3.06443,-1.22703373,0.462887645,0,0,0,0,1,6,37,0.0007457351,0.003212291,0,41,0
Held-Cluster4-F,311,6.24,3,-2.69040632,-1.242527,-10.524087,0,0,0,0,1,7,37,0.0007457351,0.003212291,0,41,0
Held-Cluster4-F,312,6.25999975,0,-3.08226061,-1.60396385,-1.66578531,0,0,0,0,1,9,37,0.000342773419,0.001772565,0,41,0
Held-Cluster4-F,312,6.25999975,1,-2.70483136,-1.61255968,-3.23447347,0,0,0,0,1,11,37,0.000342773419,0.001772565,0,41,0
Held-Cluster4-F,312,6.25999975,2,-3.06443,-1.22703373,0.462887645,0,0,0,0,1,6,37,0.000342773419,0.001772565,0,41,0
Held-Cluster4-F,312,6.25999975,3,-2.69040632,-1.242527,-10.524087,0,0,0,0,1,7,37,0.000342773419,0.001772565,0,41,0
Held-Cluster4-F,313,6.27999973,0,-3.08226061,-1.60396385,-1.66578531,0,0,0,0,1,9,37,0.0007050696,0.0027651845,0,41,0
Held-Cluster4-F,313,6.27999973,1,-2.70483136,-1.61255968,-3.23447347,0,0,0,0,1,11,37,0.0007050696,0.0027651845,0,41,0
Held-Cluster4-F,313,6.27999973,2,-3.06443,-1.22703373,0.462887645,0,0,0,0,1,6,37,0.0007050696,0.0027651845,0,41,0
Held-Cluster4-F,313,6.27999973,3,-2.69040632,-1.242527,-10.524087,0,0,0,0,1,7,37,0.0007050696,0.0027651845,0,41,0
Held-Cluster4-F,314,6.29999971,0,-3.08226061,-1.60396385,-1.66578531,0,0,0,0,1,9,37,0.000396828225,0.00178029924,0,41,0
Held-Cluster4-F,314,6.29999971,1,-2.70483136,-1.61255968,-3.23447347,0,0,0,0,1,11,37,0.000396828225,0.00178029924,0,41,0
Held-Cluster4-F,314,6.29999971,2,-3.06443,-1.22703373,0.462887645,0,0,0,0,1,6,37,0.000396828225,0.00178029924,0,41,0
Held-Cluster4-F,314,6.29999971,3,-2.69040632,-1.242527,-10.524087,0,0,0,0,1,7,37,0.000396828225,0.00178029924,0,41,0
Held-Cluster4-F,315,6.31999969,0,-3.08226061,-1.60396385,-1.66578531,0,0,0,0,1,9,37,0.000468556973,0.00209057145,0,41,0
Held-Cluster4-F,315,6.31999969,1,-2.70483136,-1.61255968,-3.23447347,0,0,0,0,1,11,37,0.000468556973,0.00209057145,0,41,0
Held-Cluster4-F,315,6.31999969,2,-3.06443,-1.22703373,0.462887645,0,0,0,0,1,6,37,0.000468556973,0.00209057145,0,41,0
Held-Cluster4-F,315,6.31999969,3,-2.69040632,-1.242527,-10.524087,0,0,0,0,1,7,37,0.000468556973,0.00209057145,0,41,0
Held-Cluster4-F,316,6.33999968,0,-3.08226061,-1.60396385,-1.66578531,0,0,0,0,1,9,37,0.00050604326,0.00165071769,0,41,0
Held-Cluster4-F,316,6.33999968,1,-2.70483136,-1.61255968,-3.23447347,0,0,0,0,1,11,37,0.00050604326,0.00165071769,0,41,0
Held-Cluster4-F,316,6.33999968,2,-3.06443,-1.22703373,0.462887645,0,0,0,0,1,6,37,0.00050604326,0.00165071769,0,41,0
Held-Cluster4-F,316,6.33999968,3,-2.69040632,-1.242527,-10.524087,0,0,0,0,1,7,37,0.00050604326,0.00165071769,0,41,0
Held-Cluster4-F,317,6.35999966,0,-3.08226061,-1.60396385,-1.66578531,0,0,0,0,1,9,37,0.000248687458,0.00107962883,0,41,0
Held-Cluster4-F,317,6.35999966,1,-2.70483136,-1.61255968,-3.23447347,0,0,0,0,1,11,37,0.000248687458,0.00107962883,0,41,0
Held-Cluster4-F,317,6.35999966,2,-3.06443,-1.22703373,0.462887645,0,0,0,0,1,6,37,0.000248687458,0.00107962883,0,41,0
Held-Cluster4-F,317,6.35999966,3,-2.69040632,-1.242527,-10.524087,0,0,0,0,1,7,37,0.000248687458,0.00107962883,0,41,0
Held-Cluster4-F,318,6.37999964,0,-3.08226061,-1.60396385,-1.66578531,0,0,0,0,1,9,37,0.00064195,0.00253559859,0,41,0
Held-Cluster4-F,318,6.37999964,1,-2.70483136,-1.61255968,-3.23447347,0,0,0,0,1,11,37,0.00064195,0.00253559859,0,41,0
Held-Cluster4-F,318,6.37999964,2,-3.06443,-1.22703373,0.462887645,0,0,0,0,1,6,37,0.00064195,0.00253559859,0,41,0
Held-Cluster4-F,318,6.37999964,3,-2.69040632,-1.242527,-10.524087,0,0,0,0,1,7,37,0.00064195,0.00253559859,0,41,0
Held-Cluster4-F,319,6.39999962,0,-3.08226061,-1.60396385,-1.66578531,0,0,0,0,1,9,37,0.000430170738,0.00140019367,0,41,0
Held-Cluster4-F,319,6.39999962,1,-2.70483136,-1.61255968,-3.23447347,0,0,0,0,1,11,37,0.000430170738,0.00140019367,0,41,0
Held-Cluster4-F,319,6.39999962,2,-3.06443,-1.22703373,0.462887645,0,0,0,0,1,6,37,0.000430170738,0.00140019367,0,41,0
Held-Cluster4-F,319,6.39999962,3,-2.69040632,-1.242527,-10.524087,0,0,0,0,1,7,37,0.000430170738,0.00140019367,0,41,0
Held-Cluster4-F,320,6.42,0,-3.08226061,-1.60396385,-1.66578531,0,0,0,0,1,9,37,0.0009074416,0.00413377956,0,41,0
Held-Cluster4-F,320,6.42,1,-2.70483136,-1.61255968,-3.23447347,0,0,0,0,1,11,37,0.0009074416,0.00413377956,0,41,0
Held-Cluster4-F,320,6.42,2,-3.06443,-1.22703373,0.462887645,0,0,0,0,1,6,37,0.0009074416,0.00413377956,0,41,0
Held-Cluster4-F,320,6.42,3,-2.69040632,-1.242527,-10.524087,0,0,0,0,1,7,37,0.0009074416,0.00413377956,0,41,0
Held-Cluster4-F,321,6.44,0,-3.08226061,-1.60396385,-1.66578531,0,0,0,0,1,9,37,0.0007062829,0.00277721835,0,41,0
Held-Cluster4-F,321,6.44,1,-2.70483136,-1.61255968,-3.23447347,0,0,0,0,1,11,37,0.0007062829,0.00277721835,0,41,0
Held-Cluster4-F,321,6.44,2,-3.06443,-1.22703373,0.462887645,0,0,0,0,1,6,37,0.0007062829,0.00277721835,0,41,0
Held-Cluster4-F,321,6.44,3,-2.69040632,-1.242527,-10.524087,0,0,0,0,1,7,37,0.0007062829,0.00277721835,0,41,0
Held-Cluster4-F,322,6.46,0,-3.08226061,-1.60396385,-1.66578531,0,0,0,0,1,9,37,0.00114561734,0.00494205859,0,41,0
Held-Cluster4-F,322,6.46,1,-2.70483136,-1.61255968,-3.23447347,0,0,0,0,1,11,37,0.00114561734,0.00494205859,0,41,0
Held-Cluster4-F,322,6.46,2,-3.06443,-1.22703373,0.462887645,0,0,0,0,1,6,37,0.00114561734,0.00494205859,0,41,0
Held-Cluster4-F,322,6.46,3,-2.69040632,-1.242527,-10.524087,0,0,0,0,1,7,37,0.00114561734,0.00494205859,0,41,0
Held-Cluster4-F,323,6.48,0,-3.08226061,-1.60396385,-1.66578531,0,0,0,0,1,9,37,0.0005771201,0.00203762483,0,41,0
Held-Cluster4-F,323,6.48,1,-2.70483136,-1.61255968,-3.23447347,0,0,0,0,1,11,37,0.0005771201,0.00203762483,0,41,0
Held-Cluster4-F,323,6.48,2,-3.06443,-1.22703373,0.462887645,0,0,0,0,1,6,37,0.0005771201,0.00203762483,0,41,0
Held-Cluster4-F,323,6.48,3,-2.69040632,-1.242527,-10.524087,0,0,0,0,1,7,37,0.0005771201,0.00203762483,0,41,0
Held-Cluster4-F,324,6.5,0,-3.08226061,-1.60396385,-1.66578531,0,0,0,0,1,9,37,0.000553216669,0.00300631742,0,41,0
Held-Cluster4-F,324,6.5,1,-2.70483136,-1.61255968,-3.23447347,0,0,0,0,1,11,37,0.000553216669,0.00300631742,0,41,0
Held-Cluster4-F,324,6.5,2,-3.06443,-1.22703373,0.462887645,0,0,0,0,1,6,37,0.000553216669,0.00300631742,0,41,0
Held-Cluster4-F,324,6.5,3,-2.69040632,-1.242527,-10.524087,0,0,0,0,1,7,37,0.000553216669,0.00300631742,0,41,0
Held-Cluster4-F,325,6.52,0,-3.08226061,-1.60396385,-1.66578531,0,0,0,0,1,9,37,0.0004952963,0.00234160922,0,41,0
Held-Cluster4-F,325,6.52,1,-2.70483136,-1.61255968,-3.23447347,0,0,0,0,1,11,37,0.0004952963,0.00234160922,0,41,0
Held-Cluster4-F,325,6.52,2,-3.06443,-1.22703373,0.462887645,0,0,0,0,1,6,37,0.0004952963,0.00234160922,0,41,0
Held-Cluster4-F,325,6.52,3,-2.69040632,-1.242527,-10.524087,0,0,0,0,1,7,37,0.0004952963,0.00234160922,0,41,0
Held-Cluster4-F,326,6.54,0,-3.08226061,-1.60396385,-1.66578531,0,0,0,0,1,9,37,0.000415245624,0.00223763473,0,41,0
Held-Cluster4-F,326,6.54,1,-2.70483136,-1.61255968,-3.23447347,0,0,0,0,1,11,37,0.000415245624,0.00223763473,0,41,0
Held-Cluster4-F,326,6.54,2,-3.06443,-1.22703373,0.462887645,0,0,0,0,1,6,37,0.000415245624,0.00223763473,0,41,0
Held-Cluster4-F,326,6.54,3,-2.69040632,-1.242527,-10.524087,0,0,0,0,1,7,37,0.000415245624,0.00223763473,0,41,0
Held-Cluster4-F,327,6.56,0,-3.08226061,-1.60396385,-1.66578531,0,0,0,0,1,9,37,0.0004995894,0.00205894629,0,41,0
Held-Cluster4-F,327,6.56,1,-2.70483136,-1.61255968,-3.23447347,0,0,0,0,1,11,37,0.0004995894,0.00205894629,0,41,0
Held-Cluster4-F,327,6.56,2,-3.06443,-1.22703373,0.462887645,0,0,0,0,1,6,37,0.0004995894,0.00205894629,0,41,0
Held-Cluster4-F,327,6.56,3,-2.69040632,-1.242527,-10.524087,0,0,0,0,1,7,37,0.0004995894,0.00205894629,0,41,0
Held-Cluster4-F,328,6.58,0,-3.08226061,-1.60396385,-1.66578531,0,0,0,0,1,9,37,0.000379314064,0.001666249,0,41,0
Held-Cluster4-F,328,6.58,1,-2.70483136,-1.61255968,-3.23447347,0,0,0,0,1,11,37,0.000379314064,0.001666249,0,41,0
Held-Cluster4-F,328,6.58,2,-3.06443,-1.22703373,0.462887645,0,0,0,0,1,6,37,0.000379314064,0.001666249,0,41,0
Held-Cluster4-F,328,6.58,3,-2.69040632,-1.242527,-10.524087,0,0,0,0,1,7,37,0.000379314064,0.001666249,0,41,0
Held-Cluster4-F,329,6.6,0,-3.08226061,-1.60396385,-1.66578531,0,0,0,0,1,9,37,0.000272518082,0.00135435141,0,41,0
Held-Cluster4-F,329,6.6,1,-2.70483136,-1.61255968,-3.23447347,0,0,0,0,1,11,37,0.000272518082,0.00135435141,0,41,0
Held-Cluster4-F,329,6.6,2,-3.06443,-1.22703373,0.462887645,0,0,0,0,1,6,37,0.000272518082,0.00135435141,0,41,0
Held-Cluster4-F,329,6.6,3,-2.69040632,-1.242527,-10.524087,0,0,0,0,1,7,37,0.000272518082,0.00135435141,0,41,0
Held-Cluster4-F,330,6.62,0,-3.08226061,-1.60396385,-1.66578531,0,0,0,0,1,9,37,0.0006686775,0.00328287017,0,41,0
Held-Cluster4-F,330,6.62,1,-2.70483136,-1.61255968,-3.23447347,0,0,0,0,1,11,37,0.0006686775,0.00328287017,0,41,0
Held-Cluster4-F,330,6.62,2,-3.06443,-1.22703373,0.462887645,0,0,0,0,1,6,37,0.0006686775,0.00328287017,0,41,0
Held-Cluster4-F,330,6.62,3,-2.69040632,-1.242527,-10.524087,0,0,0,0,1,7,37,0.0006686775,0.00328287017,0,41,0
Held-Cluster4-F,331,6.64,0,-3.08226061,-1.60396385,-1.66578531,0,0,0,0,1,9,37,0.000552372658,0.00246589957,0,41,0
Held-Cluster4-F,331,6.64,1,-2.70483136,-1.61255968,-3.23447347,0,0,0,0,1,11,37,0.000552372658,0.00246589957,0,41,0
Held-Cluster4-F,331,6.64,2,-3.06443,-1.22703373,0.462887645,0,0,0,0,1,6,37,0.000552372658,0.00246589957,0,41,0
Held-Cluster4-F,331,6.64,3,-2.69040632,-1.242527,-10.524087,0,0,0,0,1,7,37,0.000552372658,0.00246589957,0,41,0
Held-Cluster4-F,332,6.66,0,-3.08226061,-1.60396385,-1.66578531,0,0,0,0,1,9,37,0.000721831166,0.00267105782,0,41,0
Held-Cluster4-F,332,6.66,1,-2.70483136,-1.61255968,-3.23447347,0,0,0,0,1,11,37,0.000721831166,0.00267105782,0,41,0
Held-Cluster4-F,332,6.66,2,-3.06443,-1.22703373,0.462887645,0,0,0,0,1,6,37,0.000721831166,0.00267105782,0,41,0
Held-Cluster4-F,332,6.66,3,-2.69040632,-1.242527,-10.524087,0,0,0,0,1,7,37,0.000721831166,0.00267105782,0,41,0
Held-Cluster4-F,333,6.68,0,-3.08226061,-1.60396385,-1.66578531,0,0,0,0,1,9,37,0.0004833017,0.00254929787,0,41,0
Held-Cluster4-F,333,6.68,1,-2.70483136,-1.61255968,-3.23447347,0,0,0,0,1,11,37,0.0004833017,0.00254929787,0,41,0
Held-Cluster4-F,333,6.68,2,-3.06443,-1.22703373,0.462887645,0,0,0,0,1,6,37,0.0004833017,0.00254929787,0,41,0
Held-Cluster4-F,333,6.68,3,-2.69040632,-1.242527,-10.524087,0,0,0,0,1,7,37,0.0004833017,0.00254929787,0,41,0
Held-Cluster4-F,334,6.7,0,-3.08226061,-1.60396385,-1.66578531,0,0,0,0,1,9,37,0.000837539556,0.00299534667,0,41,0
Held-Cluster4-F,334,6.7,1,-2.70483136,-1.61255968,-3.23447347,0,0,0,0,1,11,37,0.000837539556,0.00299534667,0,41,0
Held-Cluster4-F,334,6.7,2,-3.06443,-1.22703373,0.462887645,0,0,0,0,1,6,37,0.000837539556,0.00299534667,0,41,0
Held-Cluster4-F,334,6.7,3,-2.69040632,-1.242527,-10.524087,0,0,0,0,1,7,37,0.000837539556,0.00299534667,0,41,0
Held-Cluster4-F,335,6.72,0,-3.08226061,-1.60396385,-1.66578531,0,0,0,0,1,9,37,0.000653362134,0.002871078,0,41,0
Held-Cluster4-F,335,6.72,1,-2.70483136,-1.61255968,-3.23447347,0,0,0,0,1,11,37,0.000653362134,0.002871078,0,41,0
Held-Cluster4-F,335,6.72,2,-3.06443,-1.22703373,0.462887645,0,0,0,0,1,6,37,0.000653362134,0.002871078,0,41,0
Held-Cluster4-F,335,6.72,3,-2.69040632,-1.242527,-10.524087,0,0,0,0,1,7,37,0.000653362134,0.002871078,0,41,0
Held-Cluster4-F,336,6.74,0,-3.08226061,-1.60396385,-1.66578531,0,0,0,0,1,9,37,0.000975284,0.003894935,0,41,0
Held-Cluster4-F,336,6.74,1,-2.70483136,-1.61255968,-3.23447347,0,0,0,0,1,11,37,0.000975284,0.003894935,0,41,0
Held-Cluster4-F,336,6.74,2,-3.06443,-1.22703373,0.462887645,0,0,0,0,1,6,37,0.000975284,0.003894935,0,41,0
Held-Cluster4-F,336,6.74,3,-2.69040632,-1.242527,-10.524087,0,0,0,0,1,7,37,0.000975284,0.003894935,0,41,0
Held-Cluster4-F,337,6.75999975,0,-3.08226061,-1.60396385,-1.66578531,0,0,0,0,1,9,37,0.0005158745,0.00168848,0,41,0
Held-Cluster4-F,337,6.75999975,1,-2.70483136,-1.61255968,-3.23447347,0,0,0,0,1,11,37,0.0005158745,0.00168848,0,41,0
Held-Cluster4-F,337,6.75999975,2,-3.06443,-1.22703373,0.462887645,0,0,0,0,1,6,37,0.0005158745,0.00168848,0,41,0
Held-Cluster4-F,337,6.75999975,3,-2.69040632,-1.242527,-10.524087,0,0,0,0,1,7,37,0.0005158745,0.00168848,0,41,0
Held-Cluster4-F,338,6.77999973,0,-3.08226061,-1.60396385,-1.66578531,0,0,0,0,1,9,37,0.000371186383,0.00169761619,0,41,0
Held-Cluster4-F,338,6.77999973,1,-2.70483136,-1.61255968,-3.23447347,0,0,0,0,1,11,37,0.000371186383,0.00169761619,0,41,0
Held-Cluster4-F,338,6.77999973,2,-3.06443,-1.22703373,0.462887645,0,0,0,0,1,6,37,0.000371186383,0.00169761619,0,41,0
Held-Cluster4-F,338,6.77999973,3,-2.69040632,-1.242527,-10.524087,0,0,0,0,1,7,37,0.000371186383,0.00169761619,0,41,0
Held-Cluster4-F,339,6.79999971,0,-3.08226061,-1.60396385,-1.66578531,0,0,0,0,1,9,37,0.0004347285,0.00157889,0,41,0
Held-Cluster4-F,339,6.79999971,1,-2.70483136,-1.61255968,-3.23447347,0,0,0,0,1,11,37,0.0004347285,0.00157889,0,41,0
Held-Cluster4-F,339,6.79999971,2,-3.06443,-1.22703373,0.462887645,0,0,0,0,1,6,37,0.0004347285,0.00157889,0,41,0
Held-Cluster4-F,339,6.79999971,3,-2.69040632,-1.242527,-10.524087,0,0,0,0,1,7,37,0.0004347285,0.00157889,0,41,0
Held-Cluster4-F,340,6.81999969,0,-3.08226061,-1.60396385,-1.66578531,0,0,0,0,1,9,37,0.0009086313,0.0039603035,0,41,0
Held-Cluster4-F,340,6.81999969,1,-2.70483136,-1.61255968,-3.23447347,0,0,0,0,1,11,37,0.0009086313,0.0039603035,0,41,0
Held-Cluster4-F,340,6.81999969,2,-3.06443,-1.22703373,0.462887645,0,0,0,0,1,6,37,0.0009086313,0.0039603035,0,41,0
Held-Cluster4-F,340,6.81999969,3,-2.69040632,-1.242527,-10.524087,0,0,0,0,1,7,37,0.0009086313,0.0039603035,0,41,0
Held-Cluster4-F,341,6.83999968,0,-3.08226061,-1.60396385,-1.66578531,0,0,0,0,1,9,37,0.0004885392,0.00189452292,0,41,0
Held-Cluster4-F,341,6.83999968,1,-2.70483136,-1.61255968,-3.23447347,0,0,0,0,1,11,37,0.0004885392,0.00189452292,0,41,0
Held-Cluster4-F,341,6.83999968,2,-3.06443,-1.22703373,0.462887645,0,0,0,0,1,6,37,0.0004885392,0.00189452292,0,41,0
Held-Cluster4-F,341,6.83999968,3,-2.69040632,-1.242527,-10.524087,0,0,0,0,1,7,37,0.0004885392,0.00189452292,0,41,0
Held-Cluster4-F,342,6.85999966,0,-3.08226061,-1.60396385,-1.66578531,0,0,0,0,1,9,37,0.000805889431,0.0036451153,0,41,0
Held-Cluster4-F,342,6.85999966,1,-2.70483136,-1.61255968,-3.23447347,0,0,0,0,1,11,37,0.000805889431,0.0036451153,0,41,0
Held-Cluster4-F,342,6.85999966,2,-3.06443,-1.22703373,0.462887645,0,0,0,0,1,6,37,0.000805889431,0.0036451153,0,41,0
Held-Cluster4-F,342,6.85999966,3,-2.69040632,-1.242527,-10.524087,0,0,0,0,1,7,37,0.000805889431,0.0036451153,0,41,0
Held-Cluster4-F,343,6.87999964,0,-3.08226061,-1.60396385,-1.66578531,0,0,0,0,1,9,37,0.0008456882,0.00374182174,0,41,0
Held-Cluster4-F,343,6.87999964,1,-2.70483136,-1.61255968,-3.23447347,0,0,0,0,1,11,37,0.0008456882,0.00374182174,0,41,0
Held-Cluster4-F,343,6.87999964,2,-3.06443,-1.22703373,0.462887645,0,0,0,0,1,6,37,0.0008456882,0.00374182174,0,41,0
Held-Cluster4-F,343,6.87999964,3,-2.69040632,-1.242527,-10.524087,0,0,0,0,1,7,37,0.0008456882,0.00374182174,0,41,0
Held-Cluster4-F,344,6.89999962,0,-3.08226061,-1.60396385,-1.66578531,0,0,0,0,1,9,37,0.000835713465,0.00355373928,0,41,0
Held-Cluster4-F,344,6.89999962,1,-2.70483136,-1.61255968,-3.23447347,0,0,0,0,1,11,37,0.000835713465,0.00355373928,0,41,0
Held-Cluster4-F,344,6.89999962,2,-3.06443,-1.22703373,0.462887645,0,0,0,0,1,6,37,0.000835713465,0.00355373928,0,41,0
Held-Cluster4-F,344,6.89999962,3,-2.69040632,-1.242527,-10.524087,0,0,0,0,1,7,37,0.000835713465,0.00355373928,0,41,0
Held-Cluster4-F,345,6.92,0,-3.08226061,-1.60396385,-1.66578531,0,0,0,0,1,9,37,0.000251973979,0.00113875768,0,41,0
Held-Cluster4-F,345,6.92,1,-2.70483136,-1.61255968,-3.23447347,0,0,0,0,1,11,37,0.000251973979,0.00113875768,0,41,0
Held-Cluster4-F,345,6.92,2,-3.06443,-1.22703373,0.462887645,0,0,0,0,1,6,37,0.000251973979,0.00113875768,0,41,0
Held-Cluster4-F,345,6.92,3,-2.69040632,-1.242527,-10.524087,0,0,0,0,1,7,37,0.000251973979,0.00113875768,0,41,0
Held-Cluster4-F,346,6.94,0,-3.08226061,-1.60396385,-1.66578531,0,0,0,0,1,9,37,0.0005010271,0.002982837,0,41,0
Held-Cluster4-F,346,6.94,1,-2.70483136,-1.61255968,-3.23447347,0,0,0,0,1,11,37,0.0005010271,0.002982837,0,41,0
Held-Cluster4-F,346,6.94,2,-3.06443,-1.22703373,0.462887645,0,0,0,0,1,6,37,0.0005010271,0.002982837,0,41,0
Held-Cluster4-F,346,6.94,3,-2.69040632,-1.242527,-10.524087,0,0,0,0,1,7,37,0.0005010271,0.002982837,0,41,0
Held-Cluster4-F,347,6.96,0,-3.08226061,-1.60396385,-1.66578531,0,0,0,0,1,9,37,0.000586734037,0.002581901,0,41,0
Held-Cluster4-F,347,6.96,1,-2.70483136,-1.61255968,-3.23447347,0,0,0,0,1,11,37,0.000586734037,0.002581901,0,41,0
Held-Cluster4-F,347,6.96,2,-3.06443,-1.22703373,0.462887645,0,0,0,0,1,6,37,0.000586734037,0.002581901,0,41,0
Held-Cluster4-F,347,6.96,3,-2.69040632,-1.242527,-10.524087,0,0,0,0,1,7,37,0.000586734037,0.002581901,0,41,0
Held-Cluster4-F,348,6.98,0,-3.08226061,-1.60396385,-1.66578531,0,0,0,0,1,9,37,0.00073533837,0.00361256534,0,41,0
Held-Cluster4-F,348,6.98,1,-2.70483136,-1.61255968,-3.23447347,0,0,0,0,1,11,37,0.00073533837,0.00361256534,0,41,0
Held-Cluster4-F,348,6.98,2,-3.06443,-1.22703373,0.462887645,0,0,0,0,1,6,37,0.00073533837,0.00361256534,0,41,0
Held-Cluster4-F,348,6.98,3,-2.69040632,-1.242527,-10.524087,0,0,0,0,1,7,37,0.00073533837,0.00361256534,0,41,0
Held-Cluster4-F,349,7,0,-3.08226061,-1.60396385,-1.66578531,0,0,0,0,1,9,37,0.000419794727,0.00165740575,0,41,0
Held-Cluster4-F,349,7,1,-2.70483136,-1.61255968,-3.23447347,0,0,0,0,1,11,37,0.000419794727,0.00165740575,0,41,0
Held-Cluster4-F,349,7,2,-3.06443,-1.22703373,0.462887645,0,0,0,0,1,6,37,0.000419794727,0.00165740575,0,41,0
Held-Cluster4-F,349,7,3,-2.69040632,-1.242527,-10.524087,0,0,0,0,1,7,37,0.000419794727,0.00165740575,0,41,0
Held-Cluster4-F,350,7.02,0,-3.08226061,-1.60396385,-1.66578531,0,0,0,0,1,9,37,0.000668971741,0.00491239969,0,41,0
Held-Cluster4-F,350,7.02,1,-2.70483136,-1.61255968,-3.23447347,0,0,0,0,1,11,37,0.000668971741,0.00491239969,0,41,0
Held-Cluster4-F,350,7.02,2,-3.06443,-1.22703373,0.462887645,0,0,0,0,1,6,37,0.000668971741,0.00491239969,0,41,0
Held-Cluster4-F,350,7.02,3,-2.69040632,-1.242527,-10.524087,0,0,0,0,1,7,37,0.000668971741,0.00491239969,0,41,0
Held-Cluster4-F,351,7.04,0,-3.08226061,-1.60396385,-1.66578531,0,0,0,0,1,9,37,0.000684583269,0.003059301,0,41,0
Held-Cluster4-F,351,7.04,1,-2.70483136,-1.61255968,-3.23447347,0,0,0,0,1,11,37,0.000684583269,0.003059301,0,41,0
Held-Cluster4-F,351,7.04,2,-3.06443,-1.22703373,0.462887645,0,0,0,0,1,6,37,0.000684583269,0.003059301,0,41,0
Held-Cluster4-F,351,7.04,3,-2.69040632,-1.242527,-10.524087,0,0,0,0,1,7,37,0.000684583269,0.003059301,0,41,0
Held-Cluster4-F,352,7.06,0,-3.08226061,-1.60396385,-1.66578531,0,0,0,0,1,9,37,0.000467840349,0.00184811733,0,41,0
Held-Cluster4-F,352,7.06,1,-2.70483136,-1.61255968,-3.23447347,0,0,0,0,1,11,37,0.000467840349,0.00184811733,0,41,0
Held-Cluster4-F,352,7.06,2,-3.06443,-1.22703373,0.462887645,0,0,0,0,1,6,37,0.000467840349,0.00184811733,0,41,0
Held-Cluster4-F,352,7.06,3,-2.69040632,-1.242527,-10.524087,0,0,0,0,1,7,37,0.000467840349,0.00184811733,0,41,0
Held-Cluster4-F,353,7.08,0,-3.08226061,-1.60396385,-1.66578531,0,0,0,0,1,9,37,0.0004682649,0.00290435716,0,41,0
Held-Cluster4-F,353,7.08,1,-2.70483136,-1.61255968,-3.23447347,0,0,0,0,1,11,37,0.0004682649,0.00290435716,0,41,0
Held-Cluster4-F,353,7.08,2,-3.06443,-1.22703373,0.462887645,0,0,0,0,1,6,37,0.0004682649,0.00290435716,0,41,0
Held-Cluster4-F,353,7.08,3,-2.69040632,-1.242527,-10.524087,0,0,0,0,1,7,37,0.0004682649,0.00290435716,0,41,0
Held-Cluster4-F,354,7.1,0,-3.08226061,-1.60396385,-1.66578531,0,0,0,0,1,9,37,0.000945370935,0.00321084168,0,41,0
Held-Cluster4-F,354,7.1,1,-2.70483136,-1.61255968,-3.23447347,0,0,0,0,1,11,37,0.000945370935,0.00321084168,0,41,0
Held-Cluster4-F,354,7.1,2,-3.06443,-1.22703373,0.462887645,0,0,0,0,1,6,37,0.000945370935,0.00321084168,0,41,0
Held-Cluster4-F,354,7.1,3,-2.69040632,-1.242527,-10.524087,0,0,0,0,1,7,37,0.000945370935,0.00321084168,0,41,0
Held-Cluster4-F,355,7.12,0,-3.08226061,-1.60396385,-1.66578531,0,0,0,0,1,9,37,0.0004513923,0.00143450743,0,41,0
Held-Cluster4-F,355,7.12,1,-2.70483136,-1.61255968,-3.23447347,0,0,0,0,1,11,37,0.0004513923,0.00143450743,0,41,0
Held-Cluster4-F,355,7.12,2,-3.06443,-1.22703373,0.462887645,0,0,0,0,1,6,37,0.0004513923,0.00143450743,0,41,0
Held-Cluster4-F,355,7.12,3,-2.69040632,-1.242527,-10.524087,0,0,0,0,1,7,37,0.0004513923,0.00143450743,0,41,0
Held-Cluster4-F,356,7.14,0,-3.08226061,-1.60396385,-1.66578531,0,0,0,0,1,9,37,0.000259015535,0.0009146972,0,41,0
Held-Cluster4-F,356,7.14,1,-2.70483136,-1.61255968,-3.23447347,0,0,0,0,1,11,37,0.000259015535,0.0009146972,0,41,0
Held-Cluster4-F,356,7.14,2,-3.06443,-1.22703373,0.462887645,0,0,0,0,1,6,37,0.000259015535,0.0009146972,0,41,0
Held-Cluster4-F,356,7.14,3,-2.69040632,-1.242527,-10.524087,0,0,0,0,1,7,37,0.000259015535,0.0009146972,0,41,0
Held-Cluster4-F,357,7.16,0,-3.08226061,-1.60396385,-1.66578531,0,0,0,0,1,9,37,0.000208301135,0.00120240985,0,41,0
Held-Cluster4-F,357,7.16,1,-2.70483136,-1.61255968,-3.23447347,0,0,0,0,1,11,37,0.000208301135,0.00120240985,0,41,0
Held-Cluster4-F,357,7.16,2,-3.06443,-1.22703373,0.462887645,0,0,0,0,1,6,37,0.000208301135,0.00120240985,0,41,0
Held-Cluster4-F,357,7.16,3,-2.69040632,-1.242527,-10.524087,0,0,0,0,1,7,37,0.000208301135,0.00120240985,0,41,0
Held-Cluster4-F,358,7.18,0,-3.08226061,-1.60396385,-1.66578531,0,0,0,0,1,9,37,0.000311233482,0.00162561215,0,41,0
Held-Cluster4-F,358,7.18,1,-2.70483136,-1.61255968,-3.23447347,0,0,0,0,1,11,37,0.000311233482,0.00162561215,0,41,0
Held-Cluster4-F,358,7.18,2,-3.06443,-1.22703373,0.462887645,0,0,0,0,1,6,37,0.000311233482,0.00162561215,0,41,0
Held-Cluster4-F,358,7.18,3,-2.69040632,-1.242527,-10.524087,0,0,0,0,1,7,37,0.000311233482,0.00162561215,0,41,0
Held-Cluster4-F,359,7.2,0,-3.08226061,-1.60396385,-1.66578531,0,0,0,0,1,9,37,0.000386020634,0.00155333208,0,41,0
Held-Cluster4-F,359,7.2,1,-2.70483136,-1.61255968,-3.23447347,0,0,0,0,1,11,37,0.000386020634,0.00155333208,0,41,0
Held-Cluster4-F,359,7.2,2,-3.06443,-1.22703373,0.462887645,0,0,0,0,1,6,37,0.000386020634,0.00155333208,0,41,0
Held-Cluster4-F,359,7.2,3,-2.69040632,-1.242527,-10.524087,0,0,0,0,1,7,37,0.000386020634,0.00155333208,0,41,0
Held-Cluster4-F,360,7.22,0,-3.08226061,-1.60396385,-1.66578531,0,0,0,0,1,9,37,0.0004600238,0.0022579825,0,41,0
Held-Cluster4-F,360,7.22,1,-2.70483136,-1.61255968,-3.23447347,0,0,0,0,1,11,37,0.0004600238,0.0022579825,0,41,0
Held-Cluster4-F,360,7.22,2,-3.06443,-1.22703373,0.462887645,0,0,0,0,1,6,37,0.0004600238,0.0022579825,0,41,0
Held-Cluster4-F,360,7.22,3,-2.69040632,-1.242527,-10.524087,0,0,0,0,1,7,37,0.0004600238,0.0022579825,0,41,0
Held-Cluster4-F,361,7.24,0,-3.08226061,-1.60396385,-1.66578531,0,0,0,0,1,9,37,0.0007275122,0.00337119284,0,41,0
Held-Cluster4-F,361,7.24,1,-2.70483136,-1.61255968,-3.23447347,0,0,0,0,1,11,37,0.0007275122,0.00337119284,0,41,0
Held-Cluster4-F,361,7.24,2,-3.06443,-1.22703373,0.462887645,0,0,0,0,1,6,37,0.0007275122,0.00337119284,0,41,0
Held-Cluster4-F,361,7.24,3,-2.69040632,-1.242527,-10.524087,0,0,0,0,1,7,37,0.0007275122,0.00337119284,0,41,0
Held-Cluster4-F,362,7.25999975,0,-3.08226061,-1.60396385,-1.66578531,0,0,0,0,1,9,37,0.0004192347,0.00197099848,0,41,0
Held-Cluster4-F,362,7.25999975,1,-2.70483136,-1.61255968,-3.23447347,0,0,0,0,1,11,37,0.0004192347,0.00197099848,0,41,0
Held-Cluster4-F,362,7.25999975,2,-3.06443,-1.22703373,0.462887645,0,0,0,0,1,6,37,0.0004192347,0.00197099848,0,41,0
Held-Cluster4-F,362,7.25999975,3,-2.69040632,-1.242527,-10.524087,0,0,0,0,1,7,37,0.0004192347,0.00197099848,0,41,0
Held-Cluster4-F,363,7.27999973,0,-3.08226061,-1.60396385,-1.66578531,0,0,0,0,1,9,37,0.000329828064,0.00122914335,0,41,0
Held-Cluster4-F,363,7.27999973,1,-2.70483136,-1.61255968,-3.23447347,0,0,0,0,1,11,37,0.000329828064,0.00122914335,0,41,0
Held-Cluster4-F,363,7.27999973,2,-3.06443,-1.22703373,0.462887645,0,0,0,0,1,6,37,0.000329828064,0.00122914335,0,41,0
Held-Cluster4-F,363,7.27999973,3,-2.69040632,-1.242527,-10.524087,0,0,0,0,1,7,37,0.000329828064,0.00122914335,0,41,0
Held-Cluster4-F,364,7.29999971,0,-3.08226061,-1.60396385,-1.66578531,0,0,0,0,1,9,37,0.000464077719,0.00265971827,0,41,0
Held-Cluster4-F,364,7.29999971,1,-2.70483136,-1.61255968,-3.23447347,0,0,0,0,1,11,37,0.000464077719,0.00265971827,0,41,0
Held-Cluster4-F,364,7.29999971,2,-3.06443,-1.22703373,0.462887645,0,0,0,0,1,6,37,0.000464077719,0.00265971827,0,41,0
Held-Cluster4-F,364,7.29999971,3,-2.69040632,-1.242527,-10.524087,0,0,0,0,1,7,37,0.000464077719,0.00265971827,0,41,0
Held-Cluster4-F,365,7.31999969,0,-3.08226061,-1.60396385,-1.66578531,0,0,0,0,1,9,37,0.000709631364,0.00357698021,0,41,0
Held-Cluster4-F,365,7.31999969,1,-2.70483136,-1.61255968,-3.23447347,0,0,0,0,1,11,37,0.000709631364,0.00357698021,0,41,0
Held-Cluster4-F,365,7.31999969,2,-3.06443,-1.22703373,0.462887645,0,0,0,0,1,6,37,0.000709631364,0.00357698021,0,41,0
Held-Cluster4-F,365,7.31999969,3,-2.69040632,-1.242527,-10.524087,0,0,0,0,1,7,37,0.000709631364,0.00357698021,0,41,0
Held-Cluster4-F,366,7.33999968,0,-3.08226061,-1.60396385,-1.66578531,0,0,0,0,1,9,37,0.0005260966,0.00211329479,0,41,0
Held-Cluster4-F,366,7.33999968,1,-2.70483136,-1.61255968,-3.23447347,0,0,0,0,1,11,37,0.0005260966,0.00211329479,0,41,0
Held-Cluster4-F,366,7.33999968,2,-3.06443,-1.22703373,0.462887645,0,0,0,0,1,6,37,0.0005260966,0.00211329479,0,41,0
Held-Cluster4-F,366,7.33999968,3,-2.69040632,-1.242527,-10.524087,0,0,0,0,1,7,37,0.0005260966,0.00211329479,0,41,0
Held-Cluster4-F,367,7.35999966,0,-3.08226061,-1.60396385,-1.66578531,0,0,0,0,1,9,37,0.0008355008,0.00378904585,0,41,0
Held-Cluster4-F,367,7.35999966,1,-2.70483136,-1.61255968,-3.23447347,0,0,0,0,1,11,37,0.0008355008,0.00378904585,0,41,0
Held-Cluster4-F,367,7.35999966,2,-3.06443,-1.22703373,0.462887645,0,0,0,0,1,6,37,0.0008355008,0.00378904585,0,41,0
Held-Cluster4-F,367,7.35999966,3,-2.69040632,-1.242527,-10.524087,0,0,0,0,1,7,37,0.0008355008,0.00378904585,0,41,0
Held-Cluster4-F,368,7.37999964,0,-3.08226061,-1.60396385,-1.66578531,0,0,0,0,1,9,37,0.000501094444,0.002041431,0,41,0
Held-Cluster4-F,368,7.37999964,1,-2.70483136,-1.61255968,-3.23447347,0,0,0,0,1,11,37,0.000501094444,0.002041431,0,41,0
Held-Cluster4-F,368,7.37999964,2,-3.06443,-1.22703373,0.462887645,0,0,0,0,1,6,37,0.000501094444,0.002041431,0,41,0
Held-Cluster4-F,368,7.37999964,3,-2.69040632,-1.242527,-10.524087,0,0,0,0,1,7,37,0.000501094444,0.002041431,0,41,0
Held-Cluster4-F,369,7.39999962,0,-3.08226061,-1.60396385,-1.66578531,0,0,0,0,1,9,37,0.0005639676,0.00245927274,0,41,0
Held-Cluster4-F,369,7.39999962,1,-2.70483136,-1.61255968,-3.23447347,0,0,0,0,1,11,37,0.0005639676,0.00245927274,0,41,0
Held-Cluster4-F,369,7.39999962,2,-3.06443,-1.22703373,0.462887645,0,0,0,0,1,6,37,0.0005639676,0.00245927274,0,41,0
Held-Cluster4-F,369,7.39999962,3,-2.69040632,-1.242527,-10.524087,0,0,0,0,1,7,37,0.0005639676,0.00245927274,0,41,0
Held-Cluster4-F,370,7.4199996,0,-3.08226061,-1.60396385,-1.66578531,0,0,0,0,1,9,37,0.000645246357,0.00220493437,0,41,0
Held-Cluster4-F,370,7.4199996,1,-2.70483136,-1.61255968,-3.23447347,0,0,0,0,1,11,37,0.000645246357,0.00220493437,0,41,0
Held-Cluster4-F,370,7.4199996,2,-3.06443,-1.22703373,0.462887645,0,0,0,0,1,6,37,0.000645246357,0.00220493437,0,41,0
Held-Cluster4-F,370,7.4199996,3,-2.69040632,-1.242527,-10.524087,0,0,0,0,1,7,37,0.000645246357,0.00220493437,0,41,0
Held-Cluster4-F,371,7.44,0,-3.08226061,-1.60396385,-1.66578531,0,0,0,0,1,9,37,0.0003226103,0.00139127031,0,41,0
Held-Cluster4-F,371,7.44,1,-2.70483136,-1.61255968,-3.23447347,0,0,0,0,1,11,37,0.0003226103,0.00139127031,0,41,0
Held-Cluster4-F,371,7.44,2,-3.06443,-1.22703373,0.462887645,0,0,0,0,1,6,37,0.0003226103,0.00139127031,0,41,0
Held-Cluster4-F,371,7.44,3,-2.69040632,-1.242527,-10.524087,0,0,0,0,1,7,37,0.0003226103,0.00139127031,0,41,0
Held-Cluster4-F,372,7.46,0,-3.08226061,-1.60396385,-1.66578531,0,0,0,0,1,9,37,0.0005692425,0.00191805384,0,41,0
Held-Cluster4-F,372,7.46,1,-2.70483136,-1.61255968,-3.23447347,0,0,0,0,1,11,37,0.0005692425,0.00191805384,0,41,0
Held-Cluster4-F,372,7.46,2,-3.06443,-1.22703373,0.462887645,0,0,0,0,1,6,37,0.0005692425,0.00191805384,0,41,0
Held-Cluster4-F,372,7.46,3,-2.69040632,-1.242527,-10.524087,0,0,0,0,1,7,37,0.0005692425,0.00191805384,0,41,0
Held-Cluster4-F,373,7.48,0,-3.08226061,-1.60396385,-1.66578531,0,0,0,0,1,9,37,0.000404209248,0.00215336448,0,41,0
Held-Cluster4-F,373,7.48,1,-2.70483136,-1.61255968,-3.23447347,0,0,0,0,1,11,37,0.000404209248,0.00215336448,0,41,0
Held-Cluster4-F,373,7.48,2,-3.06443,-1.22703373,0.462887645,0,0,0,0,1,6,37,0.000404209248,0.00215336448,0,41,0
Held-Cluster4-F,373,7.48,3,-2.69040632,-1.242527,-10.524087,0,0,0,0,1,7,37,0.000404209248,0.00215336448,0,41,0
Held-Cluster4-F,374,7.5,0,-3.08226061,-1.60396385,-1.66578531,0,0,0,0,1,9,37,0.000647477631,0.00267105782,0,41,0
Held-Cluster4-F,374,7.5,1,-2.70483136,-1.61255968,-3.23447347,0,0,0,0,1,11,37,0.000647477631,0.00267105782,0,41,0
Held-Cluster4-F,374,7.5,2,-3.06443,-1.22703373,0.462887645,0,0,0,0,1,6,37,0.000647477631,0.00267105782,0,41,0
Held-Cluster4-F,374,7.5,3,-2.69040632,-1.242527,-10.524087,0,0,0,0,1,7,37,0.000647477631,0.00267105782,0,41,0
Held-Cluster4-F,375,7.52,0,-3.08226061,-1.60396385,-1.66578531,0,0,0,0,1,9,37,0.0004389831,0.001788634,0,41,0
Held-Cluster4-F,375,7.52,1,-2.70483136,-1.61255968,-3.23447347,0,0,0,0,1,11,37,0.0004389831,0.001788634,0,41,0
Held-Cluster4-F,375,7.52,2,-3.06443,-1.22703373,0.462887645,0,0,0,0,1,6,37,0.0004389831,0.001788634,0,41,0
Held-Cluster4-F,375,7.52,3,-2.69040632,-1.242527,-10.524087,0,0,0,0,1,7,37,0.0004389831,0.001788634,0,41,0
Held-Cluster4-F,376,7.54,0,-3.08226061,-1.60396385,-1.66578531,0,0,0,0,1,9,37,0.0008429242,0.00311816344,0,41,0
Held-Cluster4-F,376,7.54,1,-2.70483136,-1.61255968,-3.23447347,0,0,0,0,1,11,37,0.0008429242,0.00311816344,0,41,0
Held-Cluster4-F,376,7.54,2,-3.06443,-1.22703373,0.462887645,0,0,0,0,1,6,37,0.0008429242,0.00311816344,0,41,0
Held-Cluster4-F,376,7.54,3,-2.69040632,-1.242527,-10.524087,0,0,0,0,1,7,37,0.0008429242,0.00311816344,0,41,0
Held-Cluster4-F,377,7.56,0,-3.08226061,-1.60396385,-1.66578531,0,0,0,0,1,9,37,0.00047622656,0.00171804137,0,41,0
Held-Cluster4-F,377,7.56,1,-2.70483136,-1.61255968,-3.23447347,0,0,0,0,1,11,37,0.00047622656,0.00171804137,0,41,0
Held-Cluster4-F,377,7.56,2,-3.06443,-1.22703373,0.462887645,0,0,0,0,1,6,37,0.00047622656,0.00171804137,0,41,0
Held-Cluster4-F,377,7.56,3,-2.69040632,-1.242527,-10.524087,0,0,0,0,1,7,37,0.00047622656,0.00171804137,0,41,0
Held-Cluster4-F,378,7.58,0,-3.08226061,-1.60396385,-1.66578531,0,0,0,0,1,9,37,0.0006552602,0.002807938,0,41,0
Held-Cluster4-F,378,7.58,1,-2.70483136,-1.61255968,-3.23447347,0,0,0,0,1,11,37,0.0006552602,0.002807938,0,41,0
Held-Cluster4-F,378,7.58,2,-3.06443,-1.22703373,0.462887645,0,0,0,0,1,6,37,0.0006552602,0.002807938,0,41,0
Held-Cluster4-F,378,7.58,3,-2.69040632,-1.242527,-10.524087,0,0,0,0,1,7,37,0.0006552602,0.002807938,0,41,0
Held-Cluster4-F,379,7.6,0,-3.08226061,-1.60396385,-1.66578531,0,0,0,0,1,9,37,0.0007501859,0.00329465349,0,41,0
Held-Cluster4-F,379,7.6,1,-2.70483136,-1.61255968,-3.23447347,0,0,0,0,1,11,37,0.0007501859,0.00329465349,0,41,0
Held-Cluster4-F,379,7.6,2,-3.06443,-1.22703373,0.462887645,0,0,0,0,1,6,37,0.0007501859,0.00329465349,0,41,0
Held-Cluster4-F,379,7.6,3,-2.69040632,-1.242527,-10.524087,0,0,0,0,1,7,37,0.0007501859,0.00329465349,0,41,0
Held-Cluster4-F,380,7.62,0,-3.08226061,-1.60396385,-1.66578531,0,0,0,0,1,9,37,0.00023997463,0.001052208,0,41,0
Held-Cluster4-F,380,7.62,1,-2.70483136,-1.61255968,-3.23447347,0,0,0,0,1,11,37,0.00023997463,0.001052208,0,41,0
Held-Cluster4-F,380,7.62,2,-3.06443,-1.22703373,0.462887645,0,0,0,0,1,6,37,0.00023997463,0.001052208,0,41,0
Held-Cluster4-F,380,7.62,3,-2.69040632,-1.242527,-10.524087,0,0,0,0,1,7,37,0.00023997463,0.001052208,0,41,0
Held-Cluster4-F,381,7.64,0,-3.08226061,-1.60396385,-1.66578531,0,0,0,0,1,9,37,0.000219054185,0.00112779462,0,41,0
Held-Cluster4-F,381,7.64,1,-2.70483136,-1.61255968,-3.23447347,0,0,0,0,1,11,37,0.000219054185,0.00112779462,0,41,0
Held-Cluster4-F,381,7.64,2,-3.06443,-1.22703373,0.462887645,0,0,0,0,1,6,37,0.000219054185,0.00112779462,0,41,0
Held-Cluster4-F,381,7.64,3,-2.69040632,-1.242527,-10.524087,0,0,0,0,1,7,37,0.000219054185,0.00112779462,0,41,0
Held-Cluster4-F,382,7.66,0,-3.08226061,-1.60396385,-1.66578531,0,0,0,0,1,9,37,0.0002992835,0.00131331047,0,41,0
Held-Cluster4-F,382,7.66,1,-2.70483136,-1.61255968,-3.23447347,0,0,0,0,1,11,37,0.0002992835,0.00131331047,0,41,0
Held-Cluster4-F,382,7.66,2,-3.06443,-1.22703373,0.462887645,0,0,0,0,1,6,37,0.0002992835,0.00131331047,0,41,0
Held-Cluster4-F,382,7.66,3,-2.69040632,-1.242527,-10.524087,0,0,0,0,1,7,37,0.0002992835,0.00131331047,0,41,0
Held-Cluster4-F,383,7.68,0,-3.08226061,-1.60396385,-1.66578531,0,0,0,0,1,9,37,0.0007034051,0.00318082329,0,41,0
Held-Cluster4-F,383,7.68,1,-2.70483136,-1.61255968,-3.23447347,0,0,0,0,1,11,37,0.0007034051,0.00318082329,0,41,0
Held-Cluster4-F,383,7.68,2,-3.06443,-1.22703373,0.462887645,0,0,0,0,1,6,37,0.0007034051,0.00318082329,0,41,0
Held-Cluster4-F,383,7.68,3,-2.69040632,-1.242527,-10.524087,0,0,0,0,1,7,37,0.0007034051,0.00318082329,0,41,0
Held-Cluster4-F,384,7.7,0,-3.08226061,-1.60396385,-1.66578531,0,0,0,0,1,9,37,0.0007112393,0.003246289,0,41,0
Held-Cluster4-F,384,7.7,1,-2.70483136,-1.61255968,-3.23447347,0,0,0,0,1,11,37,0.0007112393,0.003246289,0,41,0
Held-Cluster4-F,384,7.7,2,-3.06443,-1.22703373,0.462887645,0,0,0,0,1,6,37,0.0007112393,0.003246289,0,41,0
Held-Cluster4-F,384,7.7,3,-2.69040632,-1.242527,-10.524087,0,0,0,0,1,7,37,0.0007112393,0.003246289,0,41,0
Held-Cluster4-F,385,7.72,0,-3.08226061,-1.60396385,-1.66578531,0,0,0,0,1,9,37,0.000329871866,0.00109447329,0,41,0
Held-Cluster4-F,385,7.72,1,-2.70483136,-1.61255968,-3.23447347,0,0,0,0,1,11,37,0.000329871866,0.00109447329,0,41,0
Held-Cluster4-F,385,7.72,2,-3.06443,-1.22703373,0.462887645,0,0,0,0,1,6,37,0.000329871866,0.00109447329,0,41,0
Held-Cluster4-F,385,7.72,3,-2.69040632,-1.242527,-10.524087,0,0,0,0,1,7,37,0.000329871866,0.00109447329,0,41,0
Held-Cluster4-F,386,7.74,0,-3.08226061,-1.60396385,-1.66578531,0,0,0,0,1,9,37,0.000495224143,0.00201214035,0,41,0
Held-Cluster4-F,386,7.74,1,-2.70483136,-1.61255968,-3.23447347,0,0,0,0,1,11,37,0.000495224143,0.00201214035,0,41,0
Held-Cluster4-F,386,7.74,2,-3.06443,-1.22703373,0.462887645,0,0,0,0,1,6,37,0.000495224143,0.00201214035,0,41,0
Held-Cluster4-F,386,7.74,3,-2.69040632,-1.242527,-10.524087,0,0,0,0,1,7,37,0.000495224143,0.00201214035,0,41,0
Held-Cluster4-F,387,7.75999975,0,-3.08226061,-1.60396385,-1.66578531,0,0,0,0,1,9,37,0.000763306045,0.0031559302,0,41,0
Held-Cluster4-F,387,7.75999975,1,-2.70483136,-1.61255968,-3.23447347,0,0,0,0,1,11,37,0.000763306045,0.0031559302,0,41,0
Held-Cluster4-F,387,7.75999975,2,-3.06443,-1.22703373,0.462887645,0,0,0,0,1,6,37,0.000763306045,0.0031559302,0,41,0
Held-Cluster4-F,387,7.75999975,3,-2.69040632,-1.242527,-10.524087,0,0,0,0,1,7,37,0.000763306045,0.0031559302,0,41,0
Held-Cluster4-F,388,7.77999973,0,-3.08226061,-1.60396385,-1.66578531,0,0,0,0,1,9,37,0.000317582977,0.0015138766,0,41,0
Held-Cluster4-F,388,7.77999973,1,-2.70483136,-1.61255968,-3.23447347,0,0,0,0,1,11,37,0.000317582977,0.0015138766,0,41,0
Held-Cluster4-F,388,7.77999973,2,-3.06443,-1.22703373,0.462887645,0,0,0,0,1,6,37,0.000317582977,0.0015138766,0,41,0
Held-Cluster4-F,388,7.77999973,3,-2.69040632,-1.242527,-10.524087,0,0,0,0,1,7,37,0.000317582977,0.0015138766,0,41,0
Held-Cluster4-F,389,7.79999971,0,-3.08226061,-1.60396385,-1.66578531,0,0,0,0,1,9,37,0.0007365226,0.00284910644,0,41,0
Held-Cluster4-F,389,7.79999971,1,-2.70483136,-1.61255968,-3.23447347,0,0,0,0,1,11,37,0.0007365226,0.00284910644,0,41,0
Held-Cluster4-F,389,7.79999971,2,-3.06443,-1.22703373,0.462887645,0,0,0,0,1,6,37,0.0007365226,0.00284910644,0,41,0
Held-Cluster4-F,389,7.79999971,3,-2.69040632,-1.242527,-10.524087,0,0,0,0,1,7,37,0.0007365226,0.00284910644,0,41,0
Held-Cluster4-F,390,7.81999969,0,-3.08226061,-1.60396385,-1.66578531,0,0,0,0,1,9,37,0.0007083577,0.00328532467,0,41,0
Held-Cluster4-F,390,7.81999969,1,-2.70483136,-1.61255968,-3.23447347,0,0,0,0,1,11,37,0.0007083577,0.00328532467,0,41,0
Held-Cluster4-F,390,7.81999969,2,-3.06443,-1.22703373,0.462887645,0,0,0,0,1,6,37,0.0007083577,0.00328532467,0,41,0
Held-Cluster4-F,390,7.81999969,3,-2.69040632,-1.242527,-10.524087,0,0,0,0,1,7,37,0.0007083577,0.00328532467,0,41,0
Held-Cluster4-F,391,7.83999968,0,-3.08226061,-1.60396385,-1.66578531,0,0,0,0,1,9,37,0.0002791597,0.00122898445,0,41,0
Held-Cluster4-F,391,7.83999968,1,-2.70483136,-1.61255968,-3.23447347,0,0,0,0,1,11,37,0.0002791597,0.00122898445,0,41,0
Held-Cluster4-F,391,7.83999968,2,-3.06443,-1.22703373,0.462887645,0,0,0,0,1,6,37,0.0002791597,0.00122898445,0,41,0
Held-Cluster4-F,391,7.83999968,3,-2.69040632,-1.242527,-10.524087,0,0,0,0,1,7,37,0.0002791597,0.00122898445,0,41,0
Held-Cluster4-F,392,7.85999966,0,-3.08226061,-1.60396385,-1.66578531,0,0,0,0,1,9,37,0.0006032468,0.00276058028,0,41,0
Held-Cluster4-F,392,7.85999966,1,-2.70483136,-1.61255968,-3.23447347,0,0,0,0,1,11,37,0.0006032468,0.00276058028,0,41,0
Held-Cluster4-F,392,7.85999966,2,-3.06443,-1.22703373,0.462887645,0,0,0,0,1,6,37,0.0006032468,0.00276058028,0,41,0
Held-Cluster4-F,392,7.85999966,3,-2.69040632,-1.242527,-10.524087,0,0,0,0,1,7,37,0.0006032468,0.00276058028,0,41,0
Held-Cluster4-F,393,7.87999964,0,-3.08226061,-1.60396385,-1.66578531,0,0,0,0,1,9,37,0.000301796215,0.000906825939,0,41,0
Held-Cluster4-F,393,7.87999964,1,-2.70483136,-1.61255968,-3.23447347,0,0,0,0,1,11,37,0.000301796215,0.000906825939,0,41,0
Held-Cluster4-F,393,7.87999964,2,-3.06443,-1.22703373,0.462887645,0,0,0,0,1,6,37,0.000301796215,0.000906825939,0,41,0
Held-Cluster4-F,393,7.87999964,3,-2.69040632,-1.242527,-10.524087,0,0,0,0,1,7,37,0.000301796215,0.000906825939,0,41,0
Held-Cluster4-F,394,7.89999962,0,-3.08226061,-1.60396385,-1.66578531,0,0,0,0,1,9,37,0.000206357217,0.000912817835,0,41,0
Held-Cluster4-F,394,7.89999962,1,-2.70483136,-1.61255968,-3.23447347,0,0,0,0,1,11,37,0.000206357217,0.000912817835,0,41,0
Held-Cluster4-F,394,7.89999962,2,-3.06443,-1.22703373,0.462887645,0,0,0,0,1,6,37,0.000206357217,0.000912817835,0,41,0
Held-Cluster4-F,394,7.89999962,3,-2.69040632,-1.242527,-10.524087,0,0,0,0,1,7,37,0.000206357217,0.000912817835,0,41,0
Held-Cluster4-F,395,7.9199996,0,-3.08226061,-1.60396385,-1.66578531,0,0,0,0,1,9,37,0.000209288861,0.000790306367,0,41,0
Held-Cluster4-F,395,7.9199996,1,-2.70483136,-1.61255968,-3.23447347,0,0,0,0,1,11,37,0.000209288861,0.000790306367,0,41,0
Held-Cluster4-F,395,7.9199996,2,-3.06443,-1.22703373,0.462887645,0,0,0,0,1,6,37,0.000209288861,0.000790306367,0,41,0
Held-Cluster4-F,395,7.9199996,3,-2.69040632,-1.242527,-10.524087,0,0,0,0,1,7,37,0.000209288861,0.000790306367,0,41,0
Held-Cluster4-F,396,7.94,0,-3.08226061,-1.60396385,-1.66578531,0,0,0,0,1,9,37,0.000412461173,0.002517219,0,41,0
Held-Cluster4-F,396,7.94,1,-2.70483136,-1.61255968,-3.23447347,0,0,0,0,1,11,37,0.000412461173,0.002517219,0,41,0
Held-Cluster4-F,396,7.94,2,-3.06443,-1.22703373,0.462887645,0,0,0,0,1,6,37,0.000412461173,0.002517219,0,41,0
Held-Cluster4-F,396,7.94,3,-2.69040632,-1.242527,-10.524087,0,0,0,0,1,7,37,0.000412461173,0.002517219,0,41,0
Held-Cluster4-F,397,7.96,0,-3.08226061,-1.60396385,-1.66578531,0,0,0,0,1,9,37,0.0005665225,0.002365544,0,41,0
Held-Cluster4-F,397,7.96,1,-2.70483136,-1.61255968,-3.23447347,0,0,0,0,1,11,37,0.0005665225,0.002365544,0,41,0
Held-Cluster4-F,397,7.96,2,-3.06443,-1.22703373,0.462887645,0,0,0,0,1,6,37,0.0005665225,0.002365544,0,41,0
Held-Cluster4-F,397,7.96,3,-2.69040632,-1.242527,-10.524087,0,0,0,0,1,7,37,0.0005665225,0.002365544,0,41,0
Held-Cluster4-F,398,7.98,0,-3.08226061,-1.60396385,-1.66578531,0,0,0,0,1,9,37,0.000753962842,0.00339822844,0,41,0
Held-Cluster4-F,398,7.98,1,-2.70483136,-1.61255968,-3.23447347,0,0,0,0,1,11,37,0.000753962842,0.00339822844,0,41,0
Held-Cluster4-F,398,7.98,2,-3.06443,-1.22703373,0.462887645,0,0,0,0,1,6,37,0.000753962842,0.00339822844,0,41,0
Held-Cluster4-F,398,7.98,3,-2.69040632,-1.242527,-10.524087,0,0,0,0,1,7,37,0.000753962842,0.00339822844,0,41,0
Held-Cluster4-F,399,8,0,-3.08226061,-1.60396385,-1.66578531,0,0,0,0,1,9,37,0.000343058549,0.00144714862,0,41,0
Held-Cluster4-F,399,8,1,-2.70483136,-1.61255968,-3.23447347,0,0,0,0,1,11,37,0.000343058549,0.00144714862,0,41,0
Held-Cluster4-F,399,8,2,-3.06443,-1.22703373,0.462887645,0,0,0,0,1,6,37,0.000343058549,0.00144714862,0,41,0
Held-Cluster4-F,399,8,3,-2.69040632,-1.242527,-10.524087,0,0,0,0,1,7,37,0.000343058549,0.00144714862,0,41,0
Held-FixedSingle-F,300,6.02,0,-2.903136,-1.51495075,0,0,0,0,0,1,0,29,0.00130469364,0.005469266,0,40.5,0
Held-FixedSingle-F,301,6.04,0,-2.903136,-1.51495075,0,0,0,0,0,1,0,29,0.00123154523,0.00521507347,0,40.5,0
Held-FixedSingle-F,302,6.06,0,-2.903136,-1.51495075,0,0,0,0,0,1,0,29,0.00115978194,0.004929455,0,40.5,0
Held-FixedSingle-F,303,6.08,0,-2.903136,-1.51495075,0,0,0,0,0,1,0,29,0.00109112146,0.004638124,0,40.5,0
Held-FixedSingle-F,304,6.1,0,-2.903136,-1.51495075,0,0,0,0,0,1,0,29,0.001012333,0.00427538669,0,40.5,0
Held-FixedSingle-F,305,6.12,0,-2.903136,-1.51495075,0,0,0,0,0,1,0,29,0.0009462803,0.003929786,0,40.5,0
Held-FixedSingle-F,306,6.14,0,-2.903136,-1.51495075,0,0,0,0,0,1,0,29,0.0008760441,0.00362217939,0,40.5,0
Held-FixedSingle-F,307,6.16,0,-2.903136,-1.51495075,0,0,0,0,0,1,0,29,0.000815412553,0.00346739427,0,40.5,0
Held-FixedSingle-F,308,6.18,0,-2.903136,-1.51495075,0,0,0,0,0,1,0,29,0.00076000113,0.00342641352,0,40.5,0
Held-FixedSingle-F,309,6.2,0,-2.903136,-1.51495075,0,0,0,0,0,1,0,29,0.000706763,0.00310024852,0,40.5,0
Held-FixedSingle-F,310,6.22,0,-2.903136,-1.51495075,0,0,0,0,0,1,0,29,0.0006433162,0.002793184,0,40.5,0
Held-FixedSingle-F,311,6.24,0,-2.903136,-1.51495075,0,0,0,0,0,1,0,29,0.000631367555,0.00261027785,0,40.5,0
Held-FixedSingle-F,312,6.25999975,0,-2.903136,-1.51495075,0,0,0,0,0,1,0,29,0.0005629187,0.002316231,0,40.5,0
Held-FixedSingle-F,313,6.27999973,0,-2.903136,-1.51495075,0,0,0,0,0,1,0,29,0.000555974839,0.002154282,0,40.5,0
Held-FixedSingle-F,314,6.29999971,0,-2.903136,-1.51495075,0,0,0,0,0,1,0,29,0.0004921878,0.00192691979,0,40.5,0
Held-FixedSingle-F,315,6.31999969,0,-2.903136,-1.51495075,0,0,0,0,0,1,0,29,0.0004721271,0.00169701781,0,40.5,0
Held-FixedSingle-F,316,6.33999968,0,-2.903136,-1.51495075,0,0,0,0,0,1,0,29,0.000405025028,0.00155341788,0,40.5,0
Held-FixedSingle-F,317,6.35999966,0,-2.903136,-1.51495075,0,0,0,0,0,1,0,29,0.000408316351,0.00128779607,0,40.5,0
Held-FixedSingle-F,318,6.37999964,0,-2.903136,-1.51495075,0,0,0,0,0,1,0,29,0.000359638274,0.00123638427,0,40.5,0
Held-FixedSingle-F,319,6.39999962,0,-2.903136,-1.51495075,0,0,0,0,0,1,0,29,0.000346468441,0.00111156,0,40.5,0
Held-FixedSingle-F,320,6.42,0,-2.903136,-1.51495075,0,0,0,0,0,1,0,29,0.000322700682,0.00101073552,0,40.5,0
Held-FixedSingle-F,321,6.44,0,-2.903136,-1.51495075,0,0,0,0,0,1,0,29,0.0003133682,0.0008793491,0,40.5,0
Held-FixedSingle-F,322,6.46,0,-2.903136,-1.51495075,0,0,0,0,0,1,0,29,0.0003045556,0.0007883031,0,40.5,0
Held-FixedSingle-F,323,6.48,0,-2.903136,-1.51495075,0,0,0,0,0,1,0,29,0.0002952649,0.0007685808,0,40.5,0
Held-FixedSingle-F,324,6.5,0,-2.903136,-1.51495075,0,0,0,0,0,1,0,29,0.000290556927,0.0007759297,0,40.5,0
Held-FixedSingle-F,325,6.52,0,-2.903136,-1.51495075,0,0,0,0,0,1,0,29,0.00028098136,0.000741849362,0,40.5,0
Held-FixedSingle-F,326,6.54,0,-2.903136,-1.51495075,0,0,0,0,0,1,0,29,0.000277953048,0.0007547627,0,40.5,0
Held-FixedSingle-F,327,6.56,0,-2.903136,-1.51495075,0,0,0,0,0,1,0,29,0.000268691831,0.0006877743,0,40.5,0
Held-FixedSingle-F,328,6.58,0,-2.903136,-1.51495075,0,0,0,0,0,1,0,29,0.000267688418,0.000700069359,0,40.5,0
Held-FixedSingle-F,329,6.6,0,-2.903136,-1.51495075,0,0,0,0,0,1,0,29,0.000264628616,0.0007112257,0,40.5,0
Held-FixedSingle-F,330,6.62,0,-2.903136,-1.51495075,0,0,0,0,0,1,0,29,0.000264854461,0.000734672532,0,40.5,0
Held-FixedSingle-F,331,6.64,0,-2.903136,-1.51495075,0,0,0,0,0,1,0,29,0.0002652274,0.0007665702,0,40.5,0
Held-FixedSingle-F,332,6.66,0,-2.903136,-1.51495075,0,0,0,0,0,1,0,29,0.0002607744,0.0007639861,0,40.5,0
Held-FixedSingle-F,333,6.68,0,-2.903136,-1.51495075,0,0,0,0,0,1,0,29,0.000260526722,0.0007665702,0,40.5,0
Held-FixedSingle-F,334,6.7,0,-2.903136,-1.51495075,0,0,0,0,0,1,0,29,0.000260171626,0.0007547783,0,40.5,0
Held-FixedSingle-F,335,6.72,0,-2.903136,-1.51495075,0,0,0,0,0,1,0,29,0.0002574798,0.0007322651,0,40.5,0
Held-FixedSingle-F,336,6.74,0,-2.903136,-1.51495075,0,0,0,0,0,1,0,29,0.0002515449,0.0007155818,0,40.5,0
Held-FixedSingle-F,337,6.75999975,0,-2.903136,-1.51495075,0,0,0,0,0,1,0,29,0.000243612973,0.0006947053,0,40.5,0
Held-FixedSingle-F,338,6.77999973,0,-2.903136,-1.51495075,0,0,0,0,0,1,0,29,0.000238023727,0.000699510449,0,40.5,0
Held-FixedSingle-F,339,6.79999971,0,-2.903136,-1.51495075,0,0,0,0,0,1,0,29,0.000235893589,0.000703939062,0,40.5,0
Held-FixedSingle-F,340,6.81999969,0,-2.903136,-1.51495075,0,0,0,0,0,1,0,29,0.000230674734,0.0006955883,0,40.5,0
Held-FixedSingle-F,341,6.83999968,0,-2.903136,-1.51495075,0,0,0,0,0,1,0,29,0.000222961855,0.000691047055,0,40.5,0
Held-FixedSingle-F,342,6.85999966,0,-2.903136,-1.51495075,0,0,0,0,0,1,0,29,0.0002244702,0.00068082707,0,40.5,0
Held-FixedSingle-F,343,6.87999964,0,-2.903136,-1.51495075,0,0,0,0,0,1,0,29,0.000215400651,0.000665369444,0,40.5,0
Held-FixedSingle-F,344,6.89999962,0,-2.903136,-1.51495075,0,0,0,0,0,1,0,29,0.000216774,0.0006772056,0,40.5,0
Held-FixedSingle-F,345,6.92,0,-2.903136,-1.51495075,0,0,0,0,0,1,0,29,0.000209791513,0.0006865546,0,40.5,0
Held-FixedSingle-F,346,6.94,0,-2.903136,-1.51495075,0,0,0,0,0,1,0,29,0.000205948338,0.0006838049,0,40.5,0
Held-FixedSingle-F,347,6.96,0,-2.903136,-1.51495075,0,0,0,0,0,1,0,29,0.000204490658,0.00068397104,0,40.5,0
Held-FixedSingle-F,348,6.98,0,-2.903136,-1.51495075,0,0,0,0,0,1,0,29,0.000199784787,0.0006580753,0,40.5,0
Held-FixedSingle-F,349,7,0,-2.903136,-1.51495075,0,0,0,0,0,1,0,29,0.000197467467,0.00066956575,0,40.5,0
Held-FixedSingle-F,350,7.02,0,-2.903136,-1.51495075,0,0,0,0,0,1,0,29,0.000189054408,0.000704201229,0,40.5,0
Held-FixedSingle-F,351,7.04,0,-2.903136,-1.51495075,0,0,0,0,0,1,0,29,0.000184293167,0.0007014506,0,40.5,0
Held-FixedSingle-F,352,7.06,0,-2.903136,-1.51495075,0,0,0,0,0,1,0,29,0.000186636724,0.000690534536,0,40.5,0
Held-FixedSingle-F,353,7.08,0,-2.903136,-1.51495075,0,0,0,0,0,1,0,29,0.000180157789,0.000708528038,0,40.5,0
Held-FixedSingle-F,354,7.1,0,-2.903136,-1.51495075,0,0,0,0,0,1,0,29,0.000171286054,0.0006948605,0,40.5,0
Held-FixedSingle-F,355,7.12,0,-2.903136,-1.51495075,0,0,0,0,0,1,0,29,0.000169956169,0.000681010948,0,40.5,0
Held-FixedSingle-F,356,7.14,0,-2.903136,-1.51495075,0,0,0,0,0,1,0,29,0.000169459789,0.000700314529,0,40.5,0
Held-FixedSingle-F,357,7.16,0,-2.903136,-1.51495075,0,0,0,0,0,1,0,29,0.000163175777,0.000701854,0,40.5,0
Held-FixedSingle-F,358,7.18,0,-2.903136,-1.51495075,0,0,0,0,0,1,0,29,0.000164570127,0.0006898526,0,40.5,0
Held-FixedSingle-F,359,7.2,0,-2.903136,-1.51495075,0,0,0,0,0,1,0,29,0.000163632518,0.0006869742,0,40.5,0
Held-FixedSingle-F,360,7.22,0,-2.903136,-1.51495075,0,0,0,0,0,1,0,29,0.000165072721,0.0007113047,0,40.5,0
Held-FixedSingle-F,361,7.24,0,-2.903136,-1.51495075,0,0,0,0,0,1,0,29,0.00015824617,0.000709031359,0,40.5,0
Held-FixedSingle-F,362,7.25999975,0,-2.903136,-1.51495075,0,0,0,0,0,1,0,29,0.000146366423,0.000694050745,0,40.5,0
Held-FixedSingle-F,363,7.27999973,0,-2.903136,-1.51495075,0,0,0,0,0,1,0,29,0.0001456325,0.000681696867,0,40.5,0
Held-FixedSingle-F,364,7.29999971,0,-2.903136,-1.51495075,0,0,0,0,0,1,0,29,0.000150472231,0.0006909936,0,40.5,0
Held-FixedSingle-F,365,7.31999969,0,-2.903136,-1.51495075,0,0,0,0,0,1,0,29,0.000145068276,0.000714365335,0,40.5,0
Held-FixedSingle-F,366,7.33999968,0,-2.903136,-1.51495075,0,0,0,0,0,1,0,29,0.000151758068,0.0007006969,0,40.5,0
Held-FixedSingle-F,367,7.35999966,0,-2.903136,-1.51495075,0,0,0,0,0,1,0,29,0.000133915659,0.0006560864,0,40.5,0
Held-FixedSingle-F,368,7.37999964,0,-2.903136,-1.51495075,0,0,0,0,0,1,0,29,0.000137372612,0.0007234647,0,40.5,0
Held-FixedSingle-F,369,7.39999962,0,-2.903136,-1.51495075,0,0,0,0,0,1,0,29,0.000143880563,0.000710757857,0,40.5,0
Held-FixedSingle-F,370,7.4199996,0,-2.903136,-1.51495075,0,0,0,0,0,1,0,29,0.000121479185,0.000677060045,0,40.5,0
Held-FixedSingle-F,371,7.44,0,-2.903136,-1.51495075,0,0,0,0,0,1,0,29,0.000140905948,0.0007313744,0,40.5,0
Held-FixedSingle-F,372,7.46,0,-2.903136,-1.51495075,0,0,0,0,0,1,0,29,0.000118070471,0.0006723899,0,40.5,0
Held-FixedSingle-F,373,7.48,0,-2.903136,-1.51495075,0,0,0,0,0,1,0,29,0.000140043165,0.0007121467,0,40.5,0
Held-FixedSingle-F,374,7.5,0,-2.903136,-1.51495075,0,0,0,0,0,1,0,29,0.0001273291,0.000691995,0,40.5,0
Held-FixedSingle-F,375,7.52,0,-2.903136,-1.51495075,0,0,0,0,0,1,0,29,0.000122024379,0.00069223,0,40.5,0
Held-FixedSingle-F,376,7.54,0,-2.903136,-1.51495075,0,0,0,0,0,1,0,29,0.000130446235,0.000694382237,0,40.5,0
Held-FixedSingle-F,377,7.56,0,-2.903136,-1.51495075,0,0,0,0,0,1,0,29,0.000122006815,0.00064714544,0,40.5,0
Held-FixedSingle-F,378,7.58,0,-2.903136,-1.51495075,0,0,0,0,0,1,0,29,0.0001179999,0.000665993663,0,40.5,0
Held-FixedSingle-F,379,7.6,0,-2.903136,-1.51495075,0,0,0,0,0,1,0,29,0.000122601952,0.0006949735,0,40.5,0
Held-FixedSingle-F,380,7.62,0,-2.903136,-1.51495075,0,0,0,0,0,1,0,29,0.00011935216,0.000656855,0,40.5,0
Held-FixedSingle-F,381,7.64,0,-2.903136,-1.51495075,0,0,0,0,0,1,0,29,0.000109775261,0.000627554837,0,40.5,0
Held-FixedSingle-F,382,7.66,0,-2.903136,-1.51495075,0,0,0,0,0,1,0,29,0.0001127404,0.0006787935,0,40.5,0
Held-FixedSingle-F,383,7.68,0,-2.903136,-1.51495075,0,0,0,0,0,1,0,29,0.000100036188,0.0006536842,0,40.5,0
Held-FixedSingle-F,384,7.7,0,-2.903136,-1.51495075,0,0,0,0,0,1,0,29,0.000113566384,0.0006881444,0,40.5,0
Held-FixedSingle-F,385,7.72,0,-2.903136,-1.51495075,0,0,0,0,0,1,0,29,0.000111672984,0.0006756798,0,40.5,0
Held-FixedSingle-F,386,7.74,0,-2.903136,-1.51495075,0,0,0,0,0,1,0,29,0.000102923266,0.0005754188,0,40.5,0
Held-FixedSingle-F,387,7.75999975,0,-2.903136,-1.51495075,0,0,0,0,0,1,0,29,0.000111092442,0.0006731665,0,40.5,0
Held-FixedSingle-F,388,7.77999973,0,-2.903136,-1.51495075,0,0,0,0,0,1,0,29,0.000105232175,0.0006348282,0,40.5,0
Held-FixedSingle-F,389,7.79999971,0,-2.903136,-1.51495075,0,0,0,0,0,1,0,29,9.939317E-05,0.0006014646,0,40.5,0
Held-FixedSingle-F,390,7.81999969,0,-2.903136,-1.51495075,0,0,0,0,0,1,0,29,9.216286E-05,0.000582858047,0,40.5,0
Held-FixedSingle-F,391,7.83999968,0,-2.903136,-1.51495075,0,0,0,0,0,1,0,29,0.000110220455,0.0006014646,0,40.5,0
Held-FixedSingle-F,392,7.85999966,0,-2.903136,-1.51495075,0,0,0,0,0,1,0,29,9.64617E-05,0.000561,0,40.5,0
Held-FixedSingle-F,393,7.87999964,0,-2.903136,-1.51495075,0,0,0,0,0,1,0,29,9.704446E-05,0.0005406118,0,40.5,0
Held-FixedSingle-F,394,7.89999962,0,-2.903136,-1.51495075,0,0,0,0,0,1,0,29,9.52865448E-05,0.0005277871,0,40.5,0
Held-FixedSingle-F,395,7.9199996,0,-2.903136,-1.51495075,0,0,0,0,0,1,0,29,9.047344E-05,0.0005348325,0,40.5,0
Held-FixedSingle-F,396,7.94,0,-2.903136,-1.51495075,0,0,0,0,0,1,0,29,9.4023475E-05,0.000547234144,0,40.5,0
Held-FixedSingle-F,397,7.96,0,-2.903136,-1.51495075,0,0,0,0,0,1,0,29,8.7587E-05,0.0005540324,0,40.5,0
Held-FixedSingle-F,398,7.98,0,-2.903136,-1.51495075,0,0,0,0,0,1,0,29,9.168741E-05,0.0005209175,0,40.5,0
Held-FixedSingle-F,399,8,0,-2.903136,-1.51495075,0,0,0,0,0,1,0,29,8.577874E-05,0.000508707366,0,40.5,0
