case,mode,requested_particles,ingredients,poll_frame,physics_source_frame,gpu_marker_source_frame,surface_source_frame,surface_render_count,frame_timing_timestamp,wall_interval_ms,cpu_frame_ms,gpu_frame_ms,cpu_physics_submission_ms,cpu_manual_camera_render_ms,gpu_surface_ms
1,CReferenceSurface,100,1,34,33,31,33,31,13091594982861,16.666900,16.662500,,0.000000,0.443000,
1,CReferenceSurface,100,1,35,34,32,34,32,13091595149486,16.667100,16.668500,,0.386600,0.436700,
1,CReferenceSurface,100,1,36,35,33,35,33,13091595316171,16.666299,16.664200,,0.322300,0.443200,
1,CReferenceSurface,100,1,37,36,34,36,34,13091595482813,16.667198,16.672000,,0.377700,0.428500,
1,CReferenceSurface,100,1,38,37,35,37,35,13091595649533,16.666099,16.665800,,0.393800,0.488400,
1,CReferenceSurface,100,1,39,38,36,38,36,13091595816191,16.667403,16.665200,,0.373800,0.392700,
1,CReferenceSurface,100,1,40,39,37,39,37,13091595982843,16.666496,16.681500,,0.000000,0.552900,
1,CReferenceSurface,100,1,41,40,38,40,38,13091596149658,16.667206,16.652400,,0.400400,0.446100,
1,CReferenceSurface,100,1,42,41,39,41,39,13091596316182,16.666794,16.674100,,0.382100,0.468000,
1,CReferenceSurface,100,1,43,42,40,42,40,13091596482923,16.665902,16.674900,,0.367900,0.448100,
1,CReferenceSurface,100,1,44,43,41,43,41,13091596649672,16.666999,16.653800,,0.374200,0.348000,
1,CReferenceSurface,100,1,45,44,42,44,42,13091596816210,16.666703,16.669500,,0.332500,0.411200,
1,CReferenceSurface,100,1,46,45,43,45,43,13091596982905,16.666397,16.660400,,0.000000,0.412400,
1,CReferenceSurface,100,1,47,46,44,46,44,13091597149509,16.666602,16.669700,,0.322700,0.368700,
1,CReferenceSurface,100,1,48,47,45,47,45,13091597316206,16.667603,16.665600,,0.387700,0.444700,
1,CReferenceSurface,100,1,49,48,46,48,46,13091597482862,16.666496,16.665200,,0.377800,0.400400,
1,CReferenceSurface,100,1,50,49,47,49,47,13091597649514,16.666001,16.668800,,0.372500,0.479100,
1,CReferenceSurface,100,1,51,50,48,50,48,13091597816202,16.667502,16.665600,,0.302900,0.362900,
1,CReferenceSurface,100,1,52,51,49,51,49,13091597982858,16.666099,16.668300,,0.000000,0.347200,
1,CReferenceSurface,100,1,53,52,50,52,50,13091598149541,16.667198,16.662400,,0.406400,0.407400,
1,CReferenceSurface,100,1,54,53,51,53,51,13091598316165,16.666802,16.667400,,0.313000,0.368500,
1,CReferenceSurface,100,1,55,54,52,54,52,13091598482839,16.666496,16.668700,,0.382300,0.395400,
1,CReferenceSurface,100,1,56,55,53,55,53,13091598649526,16.666504,16.667300,,0.301800,0.382600,
1,CReferenceSurface,100,1,57,56,54,56,54,13091598816199,16.666999,16.667800,,0.338500,0.402100,
1,CReferenceSurface,100,1,58,57,55,57,55,13091598982877,16.684702,16.663000,,0.000000,0.458900,
1,CReferenceSurface,100,1,59,58,56,58,56,13091599149507,16.826594,16.669500,,0.385700,0.415500,
1,CReferenceSurface,100,1,60,59,57,59,57,13091599316202,16.668404,16.663800,,0.316400,0.381100,
1,CReferenceSurface,100,1,61,60,58,60,58,13091599482840,16.666703,16.687300,,0.384800,0.416900,
1,CReferenceSurface,100,1,62,61,59,61,59,13091599649713,16.666001,16.822000,,0.382100,0.497600,
1,CReferenceSurface,100,1,63,62,60,62,60,13091599817933,16.667198,16.674400,,0.346200,0.381200,
1,CReferenceSurface,100,1,64,63,61,63,61,13091599984677,16.666595,16.668900,,0.000000,0.583100,
1,CReferenceSurface,100,1,65,64,62,64,62,13091600151366,16.665801,16.661200,,0.391700,0.452300,
1,CReferenceSurface,100,1,66,65,63,65,63,13091600317978,16.666900,16.678400,,0.404700,0.444600,
1,CReferenceSurface,100,1,67,66,64,66,64,13091600484762,16.667100,16.656500,,0.377400,0.420900,
1,CReferenceSurface,100,1,68,67,65,67,65,13091600651327,16.666001,16.686100,,0.323900,0.427800,
1,CReferenceSurface,100,1,69,68,66,68,66,13091600818188,16.666802,16.645600,,0.373500,0.330700,
1,CReferenceSurface,100,1,70,69,67,69,67,13091600984644,16.666602,16.670300,,0.000000,0.462400,
1,CReferenceSurface,100,1,71,70,68,70,68,13091601151347,16.667396,16.662500,,0.538300,0.588900,
1,CReferenceSurface,100,1,72,71,69,71,69,13091601317972,16.666099,16.666900,,0.312500,0.364300,
1,CReferenceSurface,100,1,73,72,70,72,70,13091601484641,16.667403,16.666400,,0.375900,0.416700,
1,CReferenceSurface,100,1,74,73,71,73,71,13091601651305,16.666695,16.667800,,0.321300,0.403700,
1,CReferenceSurface,100,1,75,74,72,74,72,13091601817983,16.666802,16.665200,,0.376700,0.378200,
1,CReferenceSurface,100,1,76,75,73,75,73,13091601984635,16.666703,16.671800,,0.000000,0.390000,
1,CReferenceSurface,100,1,77,76,74,76,74,13091602151353,16.666496,16.663700,,0.349200,0.406300,
1,CReferenceSurface,100,1,78,77,75,77,75,13091602317990,16.667100,16.666000,,0.385500,0.416700,
1,CReferenceSurface,100,1,79,78,76,78,76,13091602484650,16.665902,16.665900,,0.314200,0.390800,
1,CReferenceSurface,100,1,80,79,77,79,77,13091602651309,16.667800,16.669900,,0.308100,0.343100,
1,CReferenceSurface,100,1,81,80,78,80,78,13091602818008,16.665399,16.665500,,0.390300,0.461700,
1,CReferenceSurface,100,1,82,81,79,81,79,13091602984663,16.667800,16.664200,,0.000000,0.406900,
1,CReferenceSurface,100,1,83,82,80,82,80,13091603151305,16.667403,16.674100,,0.427800,0.368000,
1,CReferenceSurface,100,1,84,83,81,83,81,13091603318046,16.665002,16.659500,,0.490800,0.435100,
1,CReferenceSurface,100,1,85,84,82,84,82,13091603484641,16.666695,16.677800,,0.368800,0.377700,
1,CReferenceSurface,100,1,86,85,83,85,83,13091603651419,16.667403,16.725700,,0.323200,0.418000,
1,CReferenceSurface,100,1,87,86,84,86,84,13091603818676,16.667396,16.632700,,0.382000,0.432100,
1,CReferenceSurface,100,1,88,87,85,87,85,13091603985003,16.665604,16.631600,,0.000000,0.540300,
1,CReferenceSurface,100,1,89,88,86,88,86,13091604151319,16.667198,16.671600,,0.419700,0.511400,
1,CReferenceSurface,100,1,90,89,87,89,87,13091604318035,16.667198,16.669000,,0.400000,0.498200,
1,CReferenceSurface,100,1,91,90,88,90,88,13091604484725,16.665604,16.664800,,0.387700,0.427800,
1,CReferenceSurface,100,1,92,91,89,91,89,13091604651373,16.667701,16.669500,,0.370300,0.427000,
1,CReferenceSurface,100,1,93,92,90,92,90,13091604818068,16.667297,16.665600,,0.306000,0.378600,
1,CReferenceSurface,100,1,94,93,91,93,91,13091604984724,16.666099,16.658400,,0.000000,0.567300,
1,CReferenceSurface,100,1,95,94,92,94,92,13091605151308,16.666703,16.666200,,0.379700,0.420400,
1,CReferenceSurface,100,1,96,95,93,95,93,13091605317970,16.667297,16.682800,,0.405200,0.490600,
1,CReferenceSurface,100,1,97,96,94,96,94,13091605484798,16.665399,16.653200,,0.395600,0.448800,
1,CReferenceSurface,100,1,98,97,95,97,95,13091605651330,16.666999,16.677300,,0.413700,0.471400,
1,CReferenceSurface,100,1,99,98,96,98,96,13091605818103,16.666802,16.666100,,0.313100,0.356400,
1,CReferenceSurface,100,1,100,99,97,99,97,13091605984764,16.666900,16.705500,,0.000000,0.382300,
1,CReferenceSurface,100,1,101,100,98,100,98,13091606151819,16.666703,16.623100,,0.385100,0.457600,
1,CReferenceSurface,100,1,102,101,99,101,99,13091606318050,16.665902,16.663300,,0.375800,0.324600,
1,CReferenceSurface,100,1,103,102,100,102,100,13091606484683,16.667899,16.667700,,0.370000,0.379200,
1,CReferenceSurface,100,1,104,103,101,103,101,13091606651360,16.665902,16.662700,,0.376400,0.433300,
1,CReferenceSurface,100,1,105,104,102,104,102,13091606817987,16.666397,16.665100,,0.370900,0.381800,
1,CReferenceSurface,100,1,106,105,103,105,103,13091606984638,16.667999,16.672600,,0.000000,0.352600,
1,CReferenceSurface,100,1,107,106,104,106,104,13091607151364,16.666504,16.663900,,0.355100,0.385400,
1,CReferenceSurface,100,1,108,107,105,107,105,13091607318003,16.666299,16.664400,,0.376100,0.387800,
1,CReferenceSurface,100,1,109,108,106,108,106,13091607484647,16.666595,16.671800,,0.376400,0.454800,
1,CReferenceSurface,100,1,110,109,107,109,107,13091607651365,16.667305,16.665000,,0.371900,0.346100,
1,CReferenceSurface,100,1,111,110,108,110,108,13091607818015,16.665597,16.667200,,0.396500,0.533400,
1,CReferenceSurface,100,1,112,111,109,111,109,13091607984687,16.667100,16.663800,,0.000000,0.401800,
1,CReferenceSurface,100,1,113,112,110,112,110,13091608151325,16.667800,16.678500,,0.323100,0.408000,
1,CReferenceSurface,100,1,114,113,111,113,111,13091608318110,16.665101,16.702100,,0.428800,0.540900,
1,CReferenceSurface,100,1,115,114,112,114,112,13091608485131,16.668700,16.621200,,0.374700,0.392500,
1,CReferenceSurface,100,1,116,115,113,115,113,13091608651343,16.665505,16.685800,,0.319300,0.434200,
1,CReferenceSurface,100,1,117,116,114,116,114,13091608818201,16.666999,16.645100,,0.376800,0.443100,
1,CReferenceSurface,100,1,118,117,115,117,115,13091608984652,16.666496,16.673600,,0.000000,0.404000,
1,CReferenceSurface,100,1,119,118,116,118,116,13091609151388,16.666802,16.662200,,0.340200,0.418200,
1,CReferenceSurface,100,1,120,119,117,119,117,13091609318010,16.666802,16.666600,,0.366700,0.478200,
1,CReferenceSurface,100,1,121,120,118,120,118,13091609484676,16.667297,16.669300,,0.401100,0.508000,
1,CReferenceSurface,100,1,122,121,119,121,119,13091609651369,16.666299,16.672400,,0.459100,0.454600,
1,CReferenceSurface,100,1,123,122,120,122,120,13091609818093,16.666900,16.668600,,0.428200,0.498400,
1,CReferenceSurface,100,1,124,123,121,123,121,13091609984779,16.727105,16.663500,,0.000000,0.441100,
1,CReferenceSurface,100,1,125,124,122,124,122,13091610151414,16.666198,16.664900,,0.483500,0.424300,
1,CReferenceSurface,100,1,126,125,123,125,123,13091610318063,16.667595,16.666000,,0.400000,0.427800,
1,CReferenceSurface,100,1,127,126,124,126,124,13091610484723,16.666206,16.737100,,0.343000,0.423200,
1,CReferenceSurface,100,1,128,127,125,127,125,13091610652094,16.667198,16.723800,,0.396000,0.481400,
1,CReferenceSurface,100,1,129,128,126,128,126,13091610819332,16.667100,16.600200,,0.362500,0.436300,
1,CReferenceSurface,100,1,130,129,127,129,127,13091610985334,16.666397,16.667100,,0.000000,0.542500,
1,CReferenceSurface,100,1,131,130,128,130,128,13091611152005,16.665902,16.668000,,0.382800,0.422200,
1,CReferenceSurface,100,1,132,131,129,131,129,13091611318685,16.667603,16.671800,,0.314200,0.405200,
1,CReferenceSurface,100,1,133,132,130,132,130,13091611485403,16.665597,16.656500,,0.379900,0.407600,
1,CReferenceSurface,100,1,134,133,131,133,131,13091611651968,16.666602,16.665500,,0.314400,0.367800,
1,CReferenceSurface,100,1,135,134,132,134,132,13091611818623,16.667297,16.672100,,0.385800,0.431100,
1,CReferenceSurface,100,1,136,135,133,135,133,13091611985344,16.666802,16.660100,,0.000000,0.446500,
1,CReferenceSurface,100,1,137,136,134,136,134,13091612151945,16.666405,16.670100,,0.391800,0.396500,
1,CReferenceSurface,100,1,138,137,135,137,135,13091612318646,16.667297,16.665800,,0.375500,0.419100,
1,CReferenceSurface,100,1,139,138,136,138,136,13091612485304,16.666099,16.671500,,0.390100,0.427500,
1,CReferenceSurface,100,1,140,139,137,139,137,13091612652019,16.666703,16.661100,,0.360400,0.508100,
1,CReferenceSurface,100,1,141,140,138,140,138,13091612818630,16.666900,16.669200,,0.382200,0.449600,
1,CReferenceSurface,100,1,142,141,139,141,139,13091612985322,16.666794,16.666200,,0.000000,0.432800,
1,CReferenceSurface,100,1,143,142,140,142,140,13091613151984,16.666999,16.680400,,0.334500,0.429400,
1,CReferenceSurface,100,1,144,143,141,143,141,13091613318788,16.667403,16.652000,,0.378300,0.419300,
1,CReferenceSurface,100,1,145,144,142,144,142,13091613485308,16.665801,16.662500,,0.325300,0.433300,
1,CReferenceSurface,100,1,146,145,143,145,143,13091613651933,16.666099,16.668700,,0.384600,0.398000,
1,CReferenceSurface,100,1,147,146,144,146,144,13091613818620,16.667496,16.674700,,0.377000,0.391100,
1,CReferenceSurface,100,1,148,147,145,147,145,13091613985367,16.666504,16.662600,,0.000000,0.376600,
1,CReferenceSurface,100,1,149,148,146,148,146,13091614151993,16.666802,16.663700,,0.380800,0.427700,
1,CReferenceSurface,100,1,150,149,147,149,147,13091614318630,16.665993,16.666200,,0.390500,0.408500,
1,CReferenceSurface,100,1,151,150,148,150,148,13091614485292,16.667502,16.668500,,0.377400,0.392600,
1,CReferenceSurface,100,1,152,151,149,151,149,13091614651977,16.667297,16.665300,,0.409800,0.467900,
1,CReferenceSurface,100,1,153,152,150,152,150,13091614818630,16.665505,16.664300,,0.389600,0.499200,
1,CReferenceSurface,100,1,154,153,151,153,151,13091614985273,16.667297,16.678000,,0.000000,0.403200,
2,CReferenceSurface,100,4,186,185,183,185,182,13091620844982,16.665002,16.659300,,0.433800,0.484900,
2,CReferenceSurface,100,4,187,186,184,186,183,13091621011575,16.668197,16.662600,,0.373800,0.422500,
2,CReferenceSurface,100,4,188,187,185,187,184,13091621178201,16.666099,16.686100,,0.000000,0.558100,
2,CReferenceSurface,100,4,189,188,186,188,185,13091621345062,16.666802,16.647100,,0.400700,0.419500,
2,CReferenceSurface,100,4,190,189,187,189,186,13091621511533,16.666999,16.685400,,0.316500,0.382200,
2,CReferenceSurface,100,4,191,190,188,190,187,13091621678387,16.665902,16.650800,,0.384900,0.392700,
2,CReferenceSurface,100,4,192,191,189,191,188,13091621844895,16.666794,16.665300,,0.375200,0.432600,
2,CReferenceSurface,100,4,193,192,190,192,189,13091622011548,16.667206,16.665700,,0.385000,0.397500,
2,CReferenceSurface,100,4,194,193,191,193,190,13091622178205,16.666397,16.666600,,0.000000,0.645000,
2,CReferenceSurface,100,4,195,194,192,194,191,13091622344871,16.666999,16.668800,,0.339300,0.459900,
2,CReferenceSurface,100,4,196,195,193,195,192,13091622511559,16.667100,16.670500,,0.369800,0.445900,
2,CReferenceSurface,100,4,197,196,194,196,193,13091622678264,16.666999,16.662300,,0.398500,0.430800,
2,CReferenceSurface,100,4,198,197,195,197,194,13091622844887,16.666001,16.674500,,0.390800,0.461500,
2,CReferenceSurface,100,4,199,198,196,198,195,13091623011632,16.666900,16.666200,,0.368000,0.396800,
2,CReferenceSurface,100,4,200,199,197,199,196,13091623178294,16.666703,16.666500,,0.000000,0.418400,
2,CReferenceSurface,100,4,201,200,198,200,197,13091623344959,16.667396,16.658000,,0.414900,0.533900,
2,CReferenceSurface,100,4,202,201,199,201,198,13091623511539,16.666306,16.668100,,0.386000,0.410000,
2,CReferenceSurface,100,4,203,202,200,202,199,13091623678220,16.667198,16.672200,,0.410800,0.527400,
2,CReferenceSurface,100,4,204,203,201,203,200,13091623844942,16.666999,16.665600,,0.394700,0.449900,
2,CReferenceSurface,100,4,205,204,202,204,201,13091624011598,16.665399,16.670300,,0.392500,0.441300,
2,CReferenceSurface,100,4,206,205,203,205,202,13091624178301,16.667502,16.666900,,0.000000,0.379500,
2,CReferenceSurface,100,4,207,206,204,206,203,13091624344970,16.680995,16.665400,,0.361700,0.405100,
2,CReferenceSurface,100,4,208,207,205,207,204,13091624511624,16.665207,16.659800,,0.607000,0.416500,
2,CReferenceSurface,100,4,209,208,206,208,205,13091624678222,16.666299,16.672400,,0.317700,0.400400,
2,CReferenceSurface,100,4,210,209,207,209,206,13091624844946,16.667496,16.872100,,0.323200,0.510000,
2,CReferenceSurface,100,4,211,210,208,210,207,13091625013667,16.666306,16.469300,,0.394400,0.433100,
2,CReferenceSurface,100,4,212,211,209,211,208,13091625178360,16.666496,16.668500,,0.000000,0.403200,
2,CReferenceSurface,100,4,213,212,210,212,209,13091625345045,16.666703,16.669800,,0.382300,0.331800,
2,CReferenceSurface,100,4,214,213,211,213,210,13091625511743,16.667701,16.662400,,0.331200,0.481000,
2,CReferenceSurface,100,4,215,214,212,214,211,13091625678367,16.666099,16.662600,,0.358400,0.453100,
2,CReferenceSurface,100,4,216,215,213,215,212,13091625844993,16.666198,16.676300,,0.357200,0.477000,
2,CReferenceSurface,100,4,217,216,214,216,213,13091626011756,16.666900,16.668000,,0.381700,0.479600,
2,CReferenceSurface,100,4,218,217,215,217,214,13091626178436,16.666695,16.668000,,0.000000,0.485300,
2,CReferenceSurface,100,4,219,218,216,218,215,13091626345116,16.666504,16.666600,,0.389700,0.605000,
2,CReferenceSurface,100,4,220,219,217,219,216,13091626511782,16.666802,16.673600,,0.404800,0.448100,
2,CReferenceSurface,100,4,221,220,218,220,217,13091626678518,16.667100,16.661500,,0.402000,0.516700,
2,CReferenceSurface,100,4,222,221,219,221,218,13091626845133,16.666703,16.667000,,0.430500,0.496900,
2,CReferenceSurface,100,4,223,222,220,222,219,13091627011803,16.666595,16.668200,,0.549700,0.517600,
2,CReferenceSurface,100,4,224,223,221,223,220,13091627178485,16.666900,16.665100,,0.000000,0.668500,
2,CReferenceSurface,100,4,225,224,222,224,221,13091627345136,16.666602,16.665300,,0.408800,0.446200,
2,CReferenceSurface,100,4,226,225,223,225,222,13091627511789,16.666595,16.670300,,0.411300,0.508500,
2,CReferenceSurface,100,4,227,226,224,226,223,13091627678492,16.666802,16.662300,,0.380200,0.449300,
2,CReferenceSurface,100,4,228,227,225,227,224,13091627845115,16.666198,16.662700,,0.438400,0.464800,
2,CReferenceSurface,100,4,229,228,226,228,225,13091628011742,16.667206,16.669700,,0.383200,0.353000,
2,CReferenceSurface,100,4,230,229,227,229,226,13091628178439,16.666695,16.677200,,0.000000,0.371700,
2,CReferenceSurface,100,4,231,230,228,230,227,13091628345211,16.666405,16.655200,,0.317500,0.360300,
2,CReferenceSurface,100,4,232,231,229,231,228,13091628511763,16.667496,16.657500,,0.375700,0.329400,
2,CReferenceSurface,100,4,233,232,230,232,229,13091628678338,16.666504,16.667300,,0.402900,0.595100,
2,CReferenceSurface,100,4,234,233,231,233,230,13091628845011,16.666794,16.666400,,0.326500,0.461300,
2,CReferenceSurface,100,4,235,234,232,234,231,13091629011675,16.666405,16.676800,,0.457800,0.461300,
2,CReferenceSurface,100,4,236,235,233,235,232,13091629178443,16.667100,16.667300,,0.000000,0.479600,
2,CReferenceSurface,100,4,237,236,234,236,233,13091629345116,16.666999,16.671600,,0.408100,0.446400,
2,CReferenceSurface,100,4,238,237,235,237,234,13091629511832,16.666299,16.662800,,0.625800,0.612500,
2,CReferenceSurface,100,4,239,238,236,238,235,13091629678460,16.667305,16.671700,,0.500000,0.542900,
2,CReferenceSurface,100,4,240,239,237,239,236,13091629845177,16.666299,16.667700,,0.455600,0.522000,
2,CReferenceSurface,100,4,241,240,238,240,237,13091630011854,16.666703,16.658900,,0.418200,0.481300,
2,CReferenceSurface,100,4,242,241,239,241,238,13091630178443,16.667396,16.666500,,0.000000,0.449400,
2,CReferenceSurface,100,4,243,242,240,242,239,13091630345108,16.666504,16.666200,,0.384500,0.465100,
2,CReferenceSurface,100,4,244,243,241,243,240,13091630511770,16.666794,16.668300,,0.400700,0.474700,
2,CReferenceSurface,100,4,245,244,242,244,241,13091630678453,16.666504,16.664400,,0.417800,0.543100,
2,CReferenceSurface,100,4,246,245,243,245,242,13091630845097,16.666802,16.667200,,0.413500,0.477100,
2,CReferenceSurface,100,4,247,246,244,246,243,13091631011769,16.666802,16.671400,,0.413000,0.494100,
2,CReferenceSurface,100,4,248,247,245,247,244,13091631178483,16.666695,16.666700,,0.000000,0.484600,
2,CReferenceSurface,100,4,249,248,246,248,245,13091631345150,16.666999,16.687800,,0.455100,0.507300,
2,CReferenceSurface,100,4,250,249,247,249,246,13091631512028,16.666999,16.648100,,0.514400,0.572600,
2,CReferenceSurface,100,4,251,250,248,250,247,13091631678509,16.668303,16.666900,,0.545000,0.528500,
2,CReferenceSurface,100,4,252,251,249,251,248,13091631845178,16.666397,16.667900,,0.663000,0.668400,
2,CReferenceSurface,100,4,253,252,250,252,249,13091632011857,16.666703,16.671700,,0.452300,0.489600,
2,CReferenceSurface,100,4,254,253,251,253,250,13091632178574,16.666802,16.786000,,0.000000,0.482100,
2,CReferenceSurface,100,4,255,254,252,254,251,13091632346434,16.666695,16.540800,,0.410300,0.460900,
2,CReferenceSurface,100,4,256,255,253,255,252,13091632511842,16.667105,16.664200,,0.412100,0.474400,
2,CReferenceSurface,100,4,257,256,254,256,253,13091632678484,16.666397,16.666800,,0.542400,0.536200,
2,CReferenceSurface,100,4,258,257,255,257,254,13091632845152,16.666397,16.666900,,0.475600,0.518700,
2,CReferenceSurface,100,4,259,258,256,258,255,13091633011821,16.667100,16.672300,,0.477700,0.496900,
2,CReferenceSurface,100,4,260,259,257,259,256,13091633178544,16.666802,16.659500,,0.000000,0.492500,
2,CReferenceSurface,100,4,261,260,258,260,257,13091633345139,16.666999,16.675600,,0.427600,0.470000,
2,CReferenceSurface,100,4,262,261,259,261,258,13091633511895,16.666405,16.662700,,0.415700,0.455300,
2,CReferenceSurface,100,4,263,262,260,262,259,13091633678522,16.666695,16.666500,,0.399100,0.433000,
2,CReferenceSurface,100,4,264,263,261,263,260,13091633845187,16.667403,16.665600,,0.401900,0.463700,
2,CReferenceSurface,100,4,265,264,262,264,261,13091634011843,16.666299,16.661700,,0.399900,0.529300,
2,CReferenceSurface,100,4,266,265,263,265,262,13091634178460,16.666999,16.667500,,0.000000,0.481300,
2,CReferenceSurface,100,4,267,266,264,266,263,13091634345135,16.666198,16.666600,,0.368000,0.440100,
2,CReferenceSurface,100,4,268,267,265,267,264,13091634511801,16.666900,16.669700,,0.358300,0.386700,
2,CReferenceSurface,100,4,269,268,266,268,265,13091634678498,16.666802,16.665100,,0.419200,0.446500,
2,CReferenceSurface,100,4,270,269,267,269,266,13091634845149,16.666504,16.659000,,0.390100,0.507000,
2,CReferenceSurface,100,4,271,270,268,270,267,13091635011739,16.667496,16.670000,,0.431300,0.426100,
2,CReferenceSurface,100,4,272,271,269,271,268,13091635178439,16.666504,16.672500,,0.000000,0.547200,
2,CReferenceSurface,100,4,273,272,270,272,269,13091635345164,16.666496,16.659900,,0.444800,0.495400,
2,CReferenceSurface,100,4,274,273,271,273,270,13091635511763,16.667100,16.676200,,0.434300,0.479500,
2,CReferenceSurface,100,4,275,274,272,274,271,13091635678525,16.666504,16.663600,,0.423800,0.489500,
2,CReferenceSurface,100,4,276,275,273,275,272,13091635845161,16.667198,16.667000,,0.402900,0.460200,
2,CReferenceSurface,100,4,277,276,274,276,273,13091636011831,16.666099,16.666400,,0.403900,0.470700,
2,CReferenceSurface,100,4,278,277,275,277,274,13091636178495,16.666602,16.666800,,0.000000,0.493600,
2,CReferenceSurface,100,4,279,278,276,278,275,13091636345163,16.667899,16.668700,,0.409000,0.492800,
2,CReferenceSurface,100,4,280,279,277,279,276,13091636511850,16.665597,16.668700,,0.466200,0.464900,
2,CReferenceSurface,100,4,281,280,278,280,277,13091636678537,16.666999,16.677700,,0.365500,0.462400,
2,CReferenceSurface,100,4,282,281,279,281,278,13091636845314,16.666703,16.721600,,0.461100,0.500800,
2,CReferenceSurface,100,4,283,282,280,282,279,13091637012530,16.666802,16.594200,,0.447200,0.490500,
2,CReferenceSurface,100,4,284,283,281,283,280,13091637178472,16.666496,16.671800,,0.000000,0.559700,
2,CReferenceSurface,100,4,285,284,282,284,281,13091637345190,16.666999,16.669300,,0.372300,0.466700,
2,CReferenceSurface,100,4,286,285,283,285,282,13091637511883,16.666504,16.665300,,0.448800,0.477700,
2,CReferenceSurface,100,4,287,286,284,286,283,13091637678536,16.666397,16.663600,,0.430900,0.463100,
2,CReferenceSurface,100,4,288,287,285,287,284,13091637845172,16.666900,16.667500,,0.433000,0.499900,
2,CReferenceSurface,100,4,289,288,286,288,285,13091638011847,16.666900,16.667000,,0.360800,0.447400,
2,CReferenceSurface,100,4,290,289,287,289,286,13091638178517,16.666900,16.665200,,0.000000,0.525800,
2,CReferenceSurface,100,4,291,290,288,290,287,13091638345169,16.666802,16.665900,,0.412200,0.469300,
2,CReferenceSurface,100,4,292,291,289,291,288,13091638511828,16.666496,16.669300,,0.372700,0.454400,
2,CReferenceSurface,100,4,293,292,290,292,289,13091638678521,16.668098,16.667600,,0.454300,0.560900,
2,CReferenceSurface,100,4,294,293,291,293,290,13091638845197,16.665405,16.667500,,0.473900,0.447900,
2,CReferenceSurface,100,4,295,294,292,294,291,13091639011872,16.667198,16.669700,,0.386300,0.476200,
2,CReferenceSurface,100,4,296,295,293,295,292,13091639178569,16.666198,16.715000,,0.000000,0.485800,
2,CReferenceSurface,100,4,297,296,294,296,293,13091639345719,16.667100,16.612100,,0.434900,0.586400,
2,CReferenceSurface,100,4,298,297,295,297,294,13091639511840,16.666999,16.669200,,0.428300,0.485800,
2,CReferenceSurface,100,4,299,298,296,298,295,13091639678532,16.666306,16.662100,,0.437900,0.462100,
2,CReferenceSurface,100,4,300,299,297,299,296,13091639845153,16.667100,16.670500,,0.430400,0.512200,
2,CReferenceSurface,100,4,301,300,298,300,297,13091640011858,16.666397,16.669300,,0.412200,0.453200,
2,CReferenceSurface,100,4,302,301,299,301,298,13091640178551,16.666999,16.661700,,0.000000,0.486000,
2,CReferenceSurface,100,4,303,302,300,302,299,13091640345168,16.666504,16.666700,,0.366800,0.445700,
2,CReferenceSurface,100,4,304,303,301,303,300,13091640511835,16.666595,16.668900,,0.420400,0.456300,
2,CReferenceSurface,100,4,305,304,302,304,301,13091640678524,16.666703,16.667000,,0.424400,0.500800,
2,CReferenceSurface,100,4,306,305,303,305,302,13091640845194,16.666900,16.666600,,0.397800,0.475100,
3,CReferenceSurface,100,8,338,337,335,337,333,13091646657936,16.665703,16.670600,,0.319500,0.375000,
3,CReferenceSurface,100,8,339,338,336,338,334,13091646824642,16.666794,16.666600,,0.401300,0.399800,
3,CReferenceSurface,100,8,340,339,337,339,335,13091646991308,16.667403,16.665700,,0.000000,0.377600,
3,CReferenceSurface,100,8,341,340,338,340,336,13091647157965,16.666802,16.661300,,0.333900,0.373500,
3,CReferenceSurface,100,8,342,341,339,341,337,13091647324578,16.667198,16.668300,,0.383300,0.446700,
3,CReferenceSurface,100,8,343,342,340,342,338,13091647491261,16.665902,16.668000,,0.391000,0.439700,
3,CReferenceSurface,100,8,344,343,341,343,339,13091647657941,16.667198,16.669100,,0.327500,0.454600,
3,CReferenceSurface,100,8,345,344,342,344,340,13091647824632,16.666299,16.668200,,0.380700,0.441200,
3,CReferenceSurface,100,8,346,345,343,345,341,13091647991314,16.667198,16.670800,,0.000000,0.374000,
3,CReferenceSurface,100,8,347,346,344,346,342,13091648158022,16.666405,16.663400,,0.415600,0.416300,
3,CReferenceSurface,100,8,348,347,345,347,343,13091648324656,16.665902,16.663100,,0.408200,0.541400,
3,CReferenceSurface,100,8,349,348,346,348,344,13091648491287,16.666999,16.670500,,0.392500,0.421700,
3,CReferenceSurface,100,8,350,349,347,349,345,13091648657992,16.667100,16.661800,,0.527600,0.447100,
3,CReferenceSurface,100,8,351,350,348,350,346,13091648824610,16.666802,16.665100,,0.345500,0.360000,
3,CReferenceSurface,100,8,352,351,349,351,347,13091648991261,16.666299,16.676600,,0.000000,0.404000,
3,CReferenceSurface,100,8,353,352,350,352,348,13091649158027,16.667603,16.658700,,0.379300,0.395400,
3,CReferenceSurface,100,8,354,353,351,353,349,13091649324614,16.665695,16.667000,,0.389800,0.473700,
3,CReferenceSurface,100,8,355,354,352,354,350,13091649491284,16.667502,16.663100,,0.404000,0.429300,
3,CReferenceSurface,100,8,356,355,353,355,351,13091649657915,16.666802,16.674300,,0.389200,0.462500,
3,CReferenceSurface,100,8,357,356,354,356,352,13091649824658,16.666794,16.663400,,0.359500,0.397100,
3,CReferenceSurface,100,8,358,357,355,357,353,13091649991292,16.666602,16.668400,,0.000000,0.394600,
3,CReferenceSurface,100,8,359,358,356,358,354,13091650157976,16.666299,16.664600,,0.383400,0.395100,
3,CReferenceSurface,100,8,360,359,357,359,355,13091650324622,16.667701,16.665400,,0.368700,0.353800,
3,CReferenceSurface,100,8,361,360,358,360,356,13091650491276,16.666602,16.666300,,0.407300,0.488700,
3,CReferenceSurface,100,8,362,361,359,361,357,13091650657939,16.666099,16.666400,,0.382200,0.565700,
3,CReferenceSurface,100,8,363,362,360,362,358,13091650824603,16.666595,16.677900,,0.378700,0.355000,
3,CReferenceSurface,100,8,364,363,361,363,359,13091650991382,16.666999,16.660000,,0.000000,0.547400,
3,CReferenceSurface,100,8,365,364,362,364,360,13091651157982,16.665703,16.664400,,0.352600,0.652000,
3,CReferenceSurface,100,8,366,365,363,365,361,13091651324626,16.667100,16.676500,,0.455600,0.397300,
3,CReferenceSurface,100,8,367,366,364,366,362,13091651491391,16.667100,16.654400,,0.323200,0.410900,
3,CReferenceSurface,100,8,368,367,365,367,363,13091651657935,16.666703,16.669500,,0.357200,0.468500,
3,CReferenceSurface,100,8,369,368,366,368,364,13091651824630,16.666802,16.664300,,0.365800,0.455800,
3,CReferenceSurface,100,8,370,369,367,369,365,13091651991273,16.666900,16.671500,,0.000000,0.502000,
3,CReferenceSurface,100,8,371,370,368,370,366,13091652157988,16.666496,16.672600,,0.454400,0.487500,
3,CReferenceSurface,100,8,372,371,369,371,367,13091652324714,16.666999,16.677300,,0.498400,0.559000,
3,CReferenceSurface,100,8,373,372,370,372,368,13091652491487,16.666602,16.658900,,0.497400,0.531700,
3,CReferenceSurface,100,8,374,373,371,373,369,13091652658076,16.666703,16.667300,,0.471100,0.522900,
3,CReferenceSurface,100,8,375,374,372,374,370,13091652824749,16.666794,16.666800,,0.441300,0.483700,
3,CReferenceSurface,100,8,376,375,373,375,371,13091652991417,16.666703,16.669400,,0.000000,0.483800,
3,CReferenceSurface,100,8,377,376,374,376,372,13091653158111,16.668303,16.665300,,0.438500,0.486200,
3,CReferenceSurface,100,8,378,377,375,377,373,13091653324764,16.664894,16.664800,,0.444000,0.598700,
3,CReferenceSurface,100,8,379,378,376,378,374,13091653491412,16.667403,16.666200,,0.430300,0.519000,
3,CReferenceSurface,100,8,380,379,377,379,375,13091653658074,16.666001,16.668100,,0.419200,0.467000,
3,CReferenceSurface,100,8,381,380,378,380,376,13091653824755,16.666595,16.661600,,0.398100,0.467000,
3,CReferenceSurface,100,8,382,381,379,381,377,13091653991371,16.667305,16.670500,,0.000000,0.424300,
3,CReferenceSurface,100,8,383,382,380,382,378,13091654158076,16.667396,16.662200,,0.435600,0.483300,
3,CReferenceSurface,100,8,384,383,381,383,379,13091654324698,16.666001,16.657800,,0.333900,0.383100,
3,CReferenceSurface,100,8,385,384,382,384,380,13091654491276,16.666397,16.674500,,0.381300,0.401200,
3,CReferenceSurface,100,8,386,385,383,385,381,13091654658021,16.666900,16.662900,,0.376800,0.406400,
3,CReferenceSurface,100,8,387,386,384,386,382,13091654824650,16.666703,16.666300,,0.379900,0.503900,
3,CReferenceSurface,100,8,388,387,385,387,383,13091654991313,16.666703,16.665900,,0.000000,0.476900,
3,CReferenceSurface,100,8,389,388,386,388,384,13091655157972,16.666695,16.678200,,0.376800,0.445100,
3,CReferenceSurface,100,8,390,389,387,389,385,13091655324754,16.667502,16.665400,,0.417500,0.492000,
3,CReferenceSurface,100,8,391,390,388,390,386,13091655491408,16.666299,16.665400,,0.722800,0.812100,
3,CReferenceSurface,100,8,392,391,389,391,387,13091655658062,16.666802,16.669300,,0.535300,0.543100,
3,CReferenceSurface,100,8,393,392,390,392,388,13091655824755,16.666900,16.678500,,0.503500,0.564900,
3,CReferenceSurface,100,8,394,393,391,393,389,13091655991540,16.666504,16.657300,,0.000000,0.528000,
3,CReferenceSurface,100,8,395,394,392,394,390,13091656158113,16.667100,16.666500,,0.437100,0.501500,
3,CReferenceSurface,100,8,396,395,393,395,391,13091656324778,16.666397,16.666100,,0.400000,0.461700,
3,CReferenceSurface,100,8,397,396,394,396,392,13091656491439,16.667603,16.662600,,0.409900,0.468600,
3,CReferenceSurface,100,8,398,397,395,397,393,13091656658065,16.666496,16.665000,,0.403400,0.462500,
3,CReferenceSurface,100,8,399,398,396,398,394,13091656824715,16.666602,16.664700,,0.394100,0.464600,
3,CReferenceSurface,100,8,400,399,397,399,395,13091656991362,16.666802,16.675100,,0.000000,0.516900,
3,CReferenceSurface,100,8,401,400,398,400,396,13091657158113,16.666595,16.664200,,0.405300,0.470000,
3,CReferenceSurface,100,8,402,401,399,401,397,13091657324755,16.666703,16.666700,,0.428000,0.573300,
3,CReferenceSurface,100,8,403,402,400,402,398,13091657491422,16.666602,16.665400,,0.457600,0.466200,
3,CReferenceSurface,100,8,404,403,401,403,399,13091657658076,16.667793,16.668000,,0.413400,0.495100,
3,CReferenceSurface,100,8,405,404,402,404,400,13091657824756,16.665902,16.668800,,0.417500,0.502700,
3,CReferenceSurface,100,8,406,405,403,405,401,13091657991444,16.667502,16.675500,,0.000000,0.509300,
3,CReferenceSurface,100,8,407,406,404,406,402,13091658158199,16.666001,16.657900,,0.426900,0.498600,
3,CReferenceSurface,100,8,408,407,405,407,403,13091658324778,16.666802,16.689800,,0.476200,0.593200,
3,CReferenceSurface,100,8,409,408,406,408,404,13091658491676,16.850000,16.641700,,0.618100,0.702800,
3,CReferenceSurface,100,8,410,409,407,409,405,13091658658093,16.666595,16.686700,,0.618500,0.585400,
3,CReferenceSurface,100,8,411,410,408,410,406,13091658824960,16.666802,16.651000,,0.488900,0.519700,
3,CReferenceSurface,100,8,412,411,409,411,407,13091658991470,16.666703,16.848300,,0.000000,0.533100,
3,CReferenceSurface,100,8,413,412,410,412,408,13091659159953,16.667198,16.662000,,0.388200,0.493300,
3,CReferenceSurface,100,8,414,413,411,413,409,13091659326573,16.666299,16.677300,,0.459200,0.484800,
3,CReferenceSurface,100,8,415,414,412,414,410,13091659493346,16.666602,16.651400,,0.397500,0.454700,
3,CReferenceSurface,100,8,416,415,413,415,411,13091659659860,16.666703,16.671100,,0.384900,0.455100,
3,CReferenceSurface,100,8,417,416,414,416,412,13091659826571,16.666999,16.665300,,0.399900,0.549600,
3,CReferenceSurface,100,8,418,417,415,417,413,13091659993224,16.665993,16.665600,,0.000000,0.487300,
3,CReferenceSurface,100,8,419,418,416,418,414,13091660159880,16.667105,16.665700,,0.422900,0.401300,
3,CReferenceSurface,100,8,420,419,417,419,415,13091660326537,16.666900,16.672500,,0.410700,0.448100,
3,CReferenceSurface,100,8,421,420,418,420,416,13091660493262,16.666900,16.659200,,0.349200,0.430100,
3,CReferenceSurface,100,8,422,421,419,421,417,13091660659854,16.666595,16.666700,,0.442700,0.511700,
3,CReferenceSurface,100,8,423,422,420,422,418,13091660826521,16.667100,16.667900,,0.391100,0.461300,
3,CReferenceSurface,100,8,424,423,421,423,419,13091660993200,16.684305,16.669800,,0.000000,0.472200,
3,CReferenceSurface,100,8,425,424,422,424,420,13091661159898,16.664598,16.667800,,0.436700,0.519500,
3,CReferenceSurface,100,8,426,425,423,425,421,13091661326576,16.667100,16.666100,,0.392300,0.468300,
3,CReferenceSurface,100,8,427,426,424,426,422,13091661493237,16.666405,16.700900,,0.402700,0.494000,
3,CReferenceSurface,100,8,428,427,425,427,423,13091661660246,16.667100,16.648200,,0.396400,0.462900,
3,CReferenceSurface,100,8,429,428,426,428,424,13091661826728,16.666595,16.666700,,0.406100,0.478000,
3,CReferenceSurface,100,8,430,429,427,429,425,13091661993395,16.666703,16.665600,,0.000000,0.481500,
3,CReferenceSurface,100,8,431,430,428,430,426,13091662160051,16.667502,16.668700,,0.405000,0.499400,
3,CReferenceSurface,100,8,432,431,429,431,427,13091662326738,16.666900,16.671700,,0.383300,0.457000,
3,CReferenceSurface,100,8,433,432,430,432,428,13091662493455,16.665597,16.663900,,0.349900,0.506600,
3,CReferenceSurface,100,8,434,433,431,433,429,13091662660094,16.667297,16.662000,,0.430200,0.559900,
3,CReferenceSurface,100,8,435,434,432,434,430,13091662826714,16.667206,16.670100,,0.382800,0.438400,
3,CReferenceSurface,100,8,436,435,433,435,431,13091662993415,16.665796,16.658000,,0.000000,0.443600,
3,CReferenceSurface,100,8,437,436,434,436,432,13091663159995,16.667403,16.671500,,0.321800,0.366600,
3,CReferenceSurface,100,8,438,437,435,437,433,13091663326710,16.687095,16.672600,,0.424700,0.585300,
3,CReferenceSurface,100,8,439,438,436,438,434,13091663493436,16.668007,16.655700,,0.567000,0.597500,
3,CReferenceSurface,100,8,440,439,437,439,435,13091663659993,16.666595,16.677400,,0.329200,0.433900,
3,CReferenceSurface,100,8,441,440,438,440,436,13091663826767,16.665703,16.681600,,0.383600,0.416000,
3,CReferenceSurface,100,8,442,441,439,441,437,13091663993583,16.666900,16.668300,,0.000000,0.433800,
3,CReferenceSurface,100,8,443,442,440,442,438,13091664160266,16.667198,16.666700,,0.418000,0.399100,
3,CReferenceSurface,100,8,444,443,441,443,439,13091664326933,16.666802,16.660100,,0.324200,0.405800,
3,CReferenceSurface,100,8,445,444,442,444,440,13091664493534,16.666397,16.674100,,0.404400,0.446700,
3,CReferenceSurface,100,8,446,445,443,445,441,13091664660275,16.666299,16.660100,,0.378100,0.456500,
3,CReferenceSurface,100,8,447,446,444,446,442,13091664826876,16.666999,16.675600,,0.374100,0.427100,
3,CReferenceSurface,100,8,448,447,445,447,443,13091664993632,16.666999,16.659300,,0.000000,0.474600,
3,CReferenceSurface,100,8,449,448,446,448,444,13091665160225,16.666504,16.665900,,0.409900,0.428200,
3,CReferenceSurface,100,8,450,449,447,449,445,13091665326884,16.666397,16.670100,,0.376200,0.439500,
3,CReferenceSurface,100,8,451,450,448,450,446,13091665493585,16.667403,16.665700,,0.378300,0.409500,
3,CReferenceSurface,100,8,452,451,449,451,447,13091665660242,16.666695,16.673000,,0.379400,0.428200,
3,CReferenceSurface,100,8,453,452,450,452,448,13091665826972,16.665801,16.658300,,0.493800,0.544700,
3,CReferenceSurface,100,8,454,453,451,453,449,13091665993555,16.667403,16.667300,,0.000000,0.579500,
3,CReferenceSurface,100,8,455,454,452,454,450,13091666160228,16.666900,16.715500,,0.431900,0.466700,
3,CReferenceSurface,100,8,456,455,453,455,451,13091666327383,16.666397,16.622900,,0.371800,0.444700,
3,CReferenceSurface,100,8,457,456,454,456,452,13091666493612,16.666703,16.670200,,0.381700,0.401700,
4,CReferenceSurface,100,16,489,488,486,488,483,13091672110915,16.667403,16.665900,,0.317000,0.373400,
4,CReferenceSurface,100,16,490,489,487,489,484,13091672277574,16.665695,16.667400,,0.303500,0.332800,
4,CReferenceSurface,100,16,491,490,488,490,485,13091672444248,16.666999,16.666900,,0.317000,0.359500,
4,CReferenceSurface,100,16,492,491,489,491,486,13091672610917,16.667206,16.667900,,0.308700,0.396200,
4,CReferenceSurface,100,16,493,492,490,492,487,13091672777596,16.666695,16.663800,,0.000000,0.414300,
4,CReferenceSurface,100,16,494,493,491,493,488,13091672944234,16.666602,16.671800,,0.308600,0.392500,
4,CReferenceSurface,100,16,495,494,492,494,489,13091673110952,16.667297,16.668000,,0.316800,0.380700,
4,CReferenceSurface,100,16,496,495,493,495,490,13091673277632,16.667603,16.660000,,0.315700,0.383400,
4,CReferenceSurface,100,16,497,496,494,496,491,13091673444232,16.664803,16.670700,,0.428800,0.384200,
4,CReferenceSurface,100,16,498,497,495,497,492,13091673610939,16.666900,16.669700,,0.364900,0.399400,
4,CReferenceSurface,100,16,499,498,496,498,493,13091673777636,16.667396,16.676000,,0.000000,0.404300,
4,CReferenceSurface,100,16,500,499,497,499,494,13091673944396,16.666299,16.657900,,0.400500,0.456400,
4,CReferenceSurface,100,16,501,500,498,500,495,13091674110975,16.666504,16.668400,,0.397700,0.371200,
4,CReferenceSurface,100,16,502,501,499,501,496,13091674277659,16.665902,16.668800,,0.325800,0.389400,
4,CReferenceSurface,100,16,503,502,500,502,497,13091674444347,16.667595,16.667300,,0.309600,0.395700,
4,CReferenceSurface,100,16,504,503,501,503,498,13091674611020,16.666900,16.657400,,0.312500,0.386300,
4,CReferenceSurface,100,16,505,504,502,504,499,13091674777594,16.666299,16.663200,,0.000000,0.395200,
4,CReferenceSurface,100,16,506,505,503,505,500,13091674944226,16.666703,16.669100,,0.334800,0.382300,
4,CReferenceSurface,100,16,507,506,504,506,501,13091675110917,16.667100,16.669900,,0.324600,0.370400,
4,CReferenceSurface,100,16,508,507,505,507,502,13091675277616,16.666306,16.690500,,0.326000,0.394800,
4,CReferenceSurface,100,16,509,508,506,508,503,13091675444521,16.666397,16.642500,,0.347400,0.365000,
4,CReferenceSurface,100,16,510,509,507,509,504,13091675610946,16.666496,16.708400,,0.314400,0.394400,
4,CReferenceSurface,100,16,511,510,508,510,505,13091675778030,16.667105,16.623700,,0.000000,0.382800,
4,CReferenceSurface,100,16,512,511,509,511,506,13091675944267,16.666695,16.665300,,0.325500,0.392200,
4,CReferenceSurface,100,16,513,512,510,512,507,13091676110920,16.667206,16.668500,,0.315300,0.391400,
4,CReferenceSurface,100,16,514,513,511,513,508,13091676277605,16.666595,16.722600,,0.329200,0.428000,
4,CReferenceSurface,100,16,515,514,512,514,509,13091676444831,16.667297,16.607400,,0.321800,0.401500,
4,CReferenceSurface,100,16,516,515,513,515,510,13091676610905,16.665902,16.677300,,0.398700,0.396400,
4,CReferenceSurface,100,16,517,516,514,516,511,13091676777678,16.667100,16.662600,,0.000000,0.368200,
4,CReferenceSurface,100,16,518,517,515,517,512,13091676944304,16.666602,16.666200,,0.319900,0.393200,
4,CReferenceSurface,100,16,519,518,516,518,513,13091677110966,16.666504,16.663700,,0.388100,0.497200,
4,CReferenceSurface,100,16,520,519,517,519,514,13091677277603,16.666695,16.668100,,0.373100,0.446300,
4,CReferenceSurface,100,16,521,520,518,520,515,13091677444284,16.667100,16.675500,,0.401300,0.482900,
4,CReferenceSurface,100,16,522,521,519,521,516,13091677611039,16.666504,16.672800,,0.452600,0.489500,
4,CReferenceSurface,100,16,523,522,520,522,517,13091677777767,16.666397,16.662100,,0.000000,0.584000,
4,CReferenceSurface,100,16,524,523,521,523,518,13091677944388,16.667603,16.669300,,0.447700,0.607700,
4,CReferenceSurface,100,16,525,524,522,524,519,13091678111081,16.666001,16.667800,,0.472100,0.463500,
4,CReferenceSurface,100,16,526,525,523,525,520,13091678277759,16.666802,16.663900,,0.413900,0.495100,
4,CReferenceSurface,100,16,527,526,524,526,521,13091678444398,16.666496,16.740100,,0.432400,0.532600,
4,CReferenceSurface,100,16,528,527,525,527,522,13091678611799,16.667100,16.591500,,0.434600,0.468800,
4,CReferenceSurface,100,16,529,528,526,528,523,13091678777714,16.667305,16.668900,,0.000000,0.479000,
4,CReferenceSurface,100,16,530,529,527,529,524,13091678944403,16.666001,16.664700,,0.429800,0.456500,
4,CReferenceSurface,100,16,531,530,528,530,525,13091679111050,16.666198,16.665600,,0.359400,0.412900,
4,CReferenceSurface,100,16,532,531,529,531,526,13091679277706,16.666695,16.668900,,0.318000,0.360300,
4,CReferenceSurface,100,16,533,532,530,532,527,13091679444395,16.666602,16.658700,,0.308500,0.357500,
4,CReferenceSurface,100,16,534,533,531,533,528,13091679610982,16.677601,16.662400,,0.314000,0.369700,
4,CReferenceSurface,100,16,535,534,532,534,529,13091679777606,16.667396,16.666800,,0.000000,0.373900,
4,CReferenceSurface,100,16,536,535,533,535,530,13091679944274,16.667502,16.666600,,0.331100,0.358700,
4,CReferenceSurface,100,16,537,536,534,536,531,13091680110940,16.666602,16.675200,,0.388500,0.419600,
4,CReferenceSurface,100,16,538,537,535,537,532,13091680277692,16.666099,16.668700,,0.371000,0.530100,
4,CReferenceSurface,100,16,539,538,536,538,533,13091680444379,16.666695,16.678700,,0.436900,0.447700,
4,CReferenceSurface,100,16,540,539,537,539,534,13091680611166,16.671102,16.668700,,0.430200,0.477500,
4,CReferenceSurface,100,16,541,540,538,540,535,13091680777853,16.662203,16.666900,,0.000000,0.632000,
4,CReferenceSurface,100,16,542,541,539,541,536,13091680944522,16.666595,16.663000,,0.503200,0.576900,
4,CReferenceSurface,100,16,543,542,540,542,537,13091681111152,16.667206,16.685400,,0.471000,0.504300,
4,CReferenceSurface,100,16,544,543,541,543,538,13091681278006,16.666397,16.648200,,0.421600,0.461800,
4,CReferenceSurface,100,16,545,544,542,544,539,13091681444488,16.666703,16.665000,,0.411800,0.482600,
4,CReferenceSurface,100,16,546,545,543,545,540,13091681611138,16.667100,16.666500,,0.404600,0.447400,
4,CReferenceSurface,100,16,547,546,544,546,541,13091681777803,16.666695,16.665400,,0.000000,0.470900,
4,CReferenceSurface,100,16,548,547,545,547,542,13091681944457,16.666602,16.668800,,0.431100,0.491900,
4,CReferenceSurface,100,16,549,548,546,548,543,13091682111145,16.666802,16.665800,,0.437000,0.529400,
4,CReferenceSurface,100,16,550,549,547,549,544,13091682277803,16.666802,16.673700,,0.446900,0.477400,
4,CReferenceSurface,100,16,551,550,548,550,545,13091682444540,16.666900,16.665500,,0.421800,0.470900,
4,CReferenceSurface,100,16,552,551,549,551,546,13091682611195,16.666595,16.673500,,0.405400,0.466400,
4,CReferenceSurface,100,16,553,552,550,552,547,13091682777930,16.666900,16.657200,,0.000000,0.595800,
4,CReferenceSurface,100,16,554,553,551,553,548,13091682944502,16.666504,16.667600,,0.397600,0.457800,
4,CReferenceSurface,100,16,555,554,552,554,549,13091683111178,16.666900,16.666600,,0.421400,0.538700,
4,CReferenceSurface,100,16,556,555,553,555,550,13091683277844,16.666496,16.665400,,0.410000,0.457700,
4,CReferenceSurface,100,16,557,556,554,556,551,13091683444498,16.666602,16.671300,,0.408800,0.488200,
4,CReferenceSurface,100,16,558,557,555,557,552,13091683611211,16.667396,16.667300,,0.418200,0.485200,
4,CReferenceSurface,100,16,559,558,556,558,553,13091683777884,16.666504,16.665300,,0.000000,0.703900,
4,CReferenceSurface,100,16,560,559,557,559,554,13091683944537,16.666496,16.662500,,0.539700,0.553800,
4,CReferenceSurface,100,16,561,560,558,560,555,13091684111162,16.667100,16.679000,,0.550700,0.579200,
4,CReferenceSurface,100,16,562,561,559,561,556,13091684277952,16.881704,16.666400,,0.529800,0.545700,
4,CReferenceSurface,100,16,563,562,560,562,557,13091684444616,16.666900,16.664800,,0.588700,0.855800,
4,CReferenceSurface,100,16,564,563,561,563,558,13091684611264,16.666595,16.668100,,0.610600,0.559900,
4,CReferenceSurface,100,16,565,564,562,564,559,13091684777945,16.666504,16.880800,,0.000000,0.539600,
4,CReferenceSurface,100,16,566,565,563,565,560,13091684946753,16.666802,16.664900,,0.477800,0.530700,
4,CReferenceSurface,100,16,567,566,564,566,561,13091685113402,16.666695,16.691900,,0.451200,0.683800,
4,CReferenceSurface,100,16,568,567,565,567,562,13091685280321,16.666602,16.637000,,0.448200,0.501600,
4,CReferenceSurface,100,16,569,568,566,568,563,13091685446691,16.667100,16.663900,,0.404600,0.462800,
4,CReferenceSurface,100,16,570,569,567,569,564,13091685613330,16.666397,16.664900,,0.400300,0.470900,
4,CReferenceSurface,100,16,571,570,568,570,565,13091685779979,16.666405,16.664900,,0.000000,0.446300,
4,CReferenceSurface,100,16,572,571,569,571,566,13091685946628,16.666999,16.668900,,0.326600,0.372700,
4,CReferenceSurface,100,16,573,572,570,572,567,13091686113317,16.667198,16.662400,,0.379200,0.448900,
4,CReferenceSurface,100,16,574,573,571,573,568,13091686279941,16.666602,16.661600,,0.372100,0.462200,
4,CReferenceSurface,100,16,575,574,572,574,569,13091686446557,16.666999,16.669900,,0.421400,0.522800,
4,CReferenceSurface,100,16,576,575,573,575,570,13091686613256,16.666794,16.674400,,0.481000,0.599300,
4,CReferenceSurface,100,16,577,576,574,576,571,13091686780000,16.666703,16.703500,,0.000000,0.514700,
4,CReferenceSurface,100,16,578,577,575,577,572,13091686947035,16.720500,16.641900,,0.465000,0.503100,
4,CReferenceSurface,100,16,579,578,576,578,573,13091687113454,16.667198,16.659100,,0.464400,0.502700,
4,CReferenceSurface,100,16,580,579,577,579,574,13091687280045,16.666405,16.713500,,0.531600,0.490600,
4,CReferenceSurface,100,16,581,580,578,580,575,13091687447180,16.666802,16.782200,,0.424700,0.501800,
4,CReferenceSurface,100,16,582,581,579,581,576,13091687615002,16.666695,16.566100,,0.415500,0.488800,
4,CReferenceSurface,100,16,583,582,580,582,577,13091687780663,16.666602,16.658400,,0.000000,0.492300,
4,CReferenceSurface,100,16,584,583,581,583,578,13091687947247,16.778097,16.667000,,0.445000,0.480400,
4,CReferenceSurface,100,16,585,584,582,584,579,13091688113917,16.667305,16.663600,,0.326500,0.393600,
4,CReferenceSurface,100,16,586,585,583,585,580,13091688280553,16.665796,16.681300,,0.385600,0.451700,
4,CReferenceSurface,100,16,587,586,584,586,581,13091688447366,16.666999,16.752900,,0.302700,0.329500,
4,CReferenceSurface,100,16,588,587,585,587,582,13091688614895,16.666602,16.673800,,0.300500,0.370500,
4,CReferenceSurface,100,16,589,588,586,588,583,13091688781633,16.666900,16.657200,,0.000000,0.354000,
4,CReferenceSurface,100,16,590,589,587,589,584,13091688948205,16.667800,16.667700,,0.363400,0.457400,
4,CReferenceSurface,100,16,591,590,588,590,585,13091689114882,16.665498,16.666500,,0.316400,0.428500,
4,CReferenceSurface,100,16,592,591,589,591,586,13091689281547,16.666802,16.674600,,0.450500,0.431500,
4,CReferenceSurface,100,16,593,592,590,592,587,13091689448293,16.667999,16.673600,,0.308300,0.334400,
4,CReferenceSurface,100,16,594,593,591,593,588,13091689615029,16.665200,16.656800,,0.327500,0.380500,
4,CReferenceSurface,100,16,595,594,592,594,589,13091689781597,16.667305,16.661300,,0.000000,0.348100,
4,CReferenceSurface,100,16,596,595,593,595,590,13091689948210,16.665895,16.673700,,0.321400,0.394200,
4,CReferenceSurface,100,16,597,596,594,596,591,13091690114947,16.668007,16.660500,,0.296600,0.362100,
4,CReferenceSurface,100,16,598,597,595,597,592,13091690281552,16.665498,16.673000,,0.310600,0.361500,
4,CReferenceSurface,100,16,599,598,596,598,593,13091690448282,16.667800,16.659700,,0.307500,0.407000,
4,CReferenceSurface,100,16,600,599,597,599,594,13091690614879,16.665902,16.670200,,0.303800,0.366700,
4,CReferenceSurface,100,16,601,600,598,600,595,13091690781581,16.666802,16.663500,,0.000000,0.347400,
4,CReferenceSurface,100,16,602,601,599,601,596,13091690948216,16.667496,16.668000,,0.356700,0.377000,
4,CReferenceSurface,100,16,603,602,600,602,597,13091691114896,16.666504,16.665100,,0.316800,0.348300,
4,CReferenceSurface,100,16,604,603,601,603,598,13091691281547,16.666299,16.672800,,0.323200,0.480500,
4,CReferenceSurface,100,16,605,604,602,604,599,13091691448275,16.667100,16.664800,,0.384100,0.425300,
4,CReferenceSurface,100,16,606,605,603,605,600,13091691614923,16.666504,16.664300,,0.324600,0.411700,
4,CReferenceSurface,100,16,607,606,604,606,601,13091691781566,16.666999,16.669800,,0.000000,0.384300,
4,CReferenceSurface,100,16,608,607,605,607,602,13091691948264,16.666397,16.665500,,0.316500,0.366900,
5,CReferenceSurface,300,1,640,639,637,639,633,13091697461427,16.666999,16.661400,,0.377300,0.421100,
5,CReferenceSurface,300,1,641,640,638,640,634,13091697628041,16.666802,16.669400,,0.372000,0.426300,
5,CReferenceSurface,300,1,642,641,639,641,635,13091697794735,16.666595,16.669600,,0.000000,0.409500,
5,CReferenceSurface,300,1,643,642,640,642,636,13091697961431,16.666397,16.662700,,0.337100,0.389700,
5,CReferenceSurface,300,1,644,643,641,643,637,13091698128058,16.667007,16.667100,,0.342500,0.380000,
5,CReferenceSurface,300,1,645,644,642,644,638,13091698294729,16.665993,16.666100,,0.410500,0.396300,
5,CReferenceSurface,300,1,646,645,643,645,639,13091698461390,16.667603,16.664600,,0.320900,0.384400,
5,CReferenceSurface,300,1,647,646,644,646,640,13091698628036,16.666504,16.670100,,0.407700,0.392600,
5,CReferenceSurface,300,1,648,647,645,647,641,13091698794737,16.667100,16.662900,,0.000000,0.355600,
5,CReferenceSurface,300,1,649,648,646,648,642,13091698961366,16.666397,16.746400,,0.398500,0.419900,
5,CReferenceSurface,300,1,650,649,647,649,643,13091699128830,16.666504,16.588800,,0.376100,0.353200,
5,CReferenceSurface,300,1,651,650,648,650,644,13091699294718,16.667496,16.665900,,0.390900,0.450700,
5,CReferenceSurface,300,1,652,651,649,651,645,13091699461377,16.665902,16.667400,,0.323800,0.410100,
5,CReferenceSurface,300,1,653,652,650,652,646,13091699628051,16.666703,16.670500,,0.316500,0.386300,
5,CReferenceSurface,300,1,654,653,651,653,647,13091699794756,16.667496,16.668200,,0.000000,0.413000,
5,CReferenceSurface,300,1,655,654,652,654,648,13091699961438,16.666306,16.659700,,0.361200,0.403600,
5,CReferenceSurface,300,1,656,655,653,655,649,13091700128035,16.666695,16.671800,,0.379500,0.431400,
5,CReferenceSurface,300,1,657,656,654,656,650,13091700294753,16.666900,16.667900,,0.395200,0.552200,
5,CReferenceSurface,300,1,658,657,655,657,651,13091700461432,16.667198,16.664300,,0.311200,0.367400,
5,CReferenceSurface,300,1,659,658,656,658,652,13091700628075,16.665405,16.664000,,0.544000,0.504600,
5,CReferenceSurface,300,1,660,659,657,659,653,13091700794715,16.667198,16.667300,,0.000000,0.514500,
5,CReferenceSurface,300,1,661,660,658,660,654,13091700961388,16.666900,16.673000,,0.319600,0.357500,
5,CReferenceSurface,300,1,662,661,659,661,655,13091701128118,16.666397,16.668000,,0.320000,0.410700,
5,CReferenceSurface,300,1,663,662,660,662,656,13091701294798,16.667305,16.658800,,0.341900,0.467200,
5,CReferenceSurface,300,1,664,663,661,663,657,13091701461386,16.665695,16.668600,,0.390600,0.396700,
5,CReferenceSurface,300,1,665,664,662,664,658,13091701628072,16.667403,16.666000,,0.403700,0.537600,
5,CReferenceSurface,300,1,666,665,663,665,659,13091701794732,16.666299,16.668600,,0.000000,0.388300,
5,CReferenceSurface,300,1,667,666,664,666,660,13091701961418,16.667100,16.675100,,0.380600,0.422200,
5,CReferenceSurface,300,1,668,667,665,667,661,13091702128169,16.666504,16.656600,,0.303100,0.384000,
5,CReferenceSurface,300,1,669,668,666,668,662,13091702294735,16.666496,16.666800,,0.375000,0.406800,
5,CReferenceSurface,300,1,670,669,667,669,663,13091702461403,16.667603,16.664600,,0.373300,0.430200,
5,CReferenceSurface,300,1,671,670,668,670,664,13091702628049,16.666198,16.666600,,0.343100,0.420000,
5,CReferenceSurface,300,1,672,671,669,671,665,13091702794715,16.666999,16.668000,,0.000000,0.448900,
5,CReferenceSurface,300,1,673,672,670,672,666,13091702961395,16.666703,16.677600,,0.635400,0.609400,
5,CReferenceSurface,300,1,674,673,671,673,667,13091703128171,16.666695,16.664700,,0.442200,0.479800,
5,CReferenceSurface,300,1,675,674,672,674,668,13091703294818,16.667701,16.792300,,0.446000,0.491700,
5,CReferenceSurface,300,1,676,675,673,675,669,13091703462741,16.665604,16.542500,,0.472900,0.602100,
5,CReferenceSurface,300,1,677,676,674,676,670,13091703628166,16.666802,16.665600,,0.444900,0.490500,
5,CReferenceSurface,300,1,678,677,675,677,671,13091703794822,16.666595,16.669900,,0.000000,0.574900,
5,CReferenceSurface,300,1,679,678,676,678,672,13091703961521,16.666802,16.665200,,0.437700,0.480300,
5,CReferenceSurface,300,1,680,679,677,679,673,13091704128173,16.666703,16.669800,,0.427700,0.466700,
5,CReferenceSurface,300,1,681,680,678,680,674,13091704294871,16.667297,16.663400,,0.417500,0.486600,
5,CReferenceSurface,300,1,682,681,679,681,675,13091704461505,16.665801,16.664900,,0.427500,0.505800,
5,CReferenceSurface,300,1,683,682,680,682,676,13091704628154,16.667396,16.664600,,0.414800,0.416400,
5,CReferenceSurface,300,1,684,683,681,683,677,13091704794800,16.666405,16.672100,,0.000000,0.453400,
5,CReferenceSurface,300,1,685,684,682,684,678,13091704961521,16.667198,16.655900,,0.387200,0.391900,
5,CReferenceSurface,300,1,686,685,683,685,679,13091705128080,16.666198,16.667700,,0.393900,0.626900,
5,CReferenceSurface,300,1,687,686,684,686,680,13091705294757,16.667701,16.666600,,0.382900,0.427800,
5,CReferenceSurface,300,1,688,687,685,687,681,13091705461423,16.666299,16.666900,,0.400500,0.587300,
5,CReferenceSurface,300,1,689,688,686,688,682,13091705628092,16.667403,16.667800,,0.378200,0.479700,
5,CReferenceSurface,300,1,690,689,687,689,683,13091705794770,16.666397,16.691700,,0.000000,0.495300,
5,CReferenceSurface,300,1,691,690,688,690,684,13091705961687,16.667396,16.647600,,0.383500,0.478700,
5,CReferenceSurface,300,1,692,691,689,691,685,13091706128163,16.665902,16.671000,,0.421400,0.489800,
5,CReferenceSurface,300,1,693,692,690,692,686,13091706294873,16.666802,16.666500,,0.560200,0.581200,
5,CReferenceSurface,300,1,694,693,691,693,687,13091706461538,16.666504,16.666000,,0.542600,0.584600,
5,CReferenceSurface,300,1,695,694,692,694,688,13091706628198,16.667297,16.672600,,0.462800,0.535100,
5,CReferenceSurface,300,1,696,695,693,695,689,13091706794924,16.666496,16.666200,,0.000000,0.516900,
5,CReferenceSurface,300,1,697,696,694,696,690,13091706961586,16.667206,16.657700,,0.451000,0.551400,
5,CReferenceSurface,300,1,698,697,695,697,691,13091707128163,16.666595,16.674200,,0.469900,0.523800,
5,CReferenceSurface,300,1,699,698,696,698,692,13091707294905,16.666602,16.662500,,0.484100,0.521900,
5,CReferenceSurface,300,1,700,699,697,699,693,13091707461530,16.666802,16.670000,,0.460400,0.521300,
5,CReferenceSurface,300,1,701,700,698,700,694,13091707628230,16.666900,16.663900,,0.451900,0.514100,
5,CReferenceSurface,300,1,702,701,699,701,695,13091707794869,16.666794,16.665400,,0.000000,0.518200,
5,CReferenceSurface,300,1,703,702,700,702,696,13091707961523,16.667206,16.865500,,0.420700,0.457600,
5,CReferenceSurface,300,1,704,703,701,703,697,13091708130178,16.666099,16.473800,,0.408100,0.455500,
5,CReferenceSurface,300,1,705,704,702,704,698,13091708294916,16.666695,16.713900,,0.417300,0.459300,
5,CReferenceSurface,300,1,706,705,703,705,699,13091708462055,16.666703,16.615600,,0.419800,0.479300,
5,CReferenceSurface,300,1,707,706,704,706,700,13091708628211,16.666703,16.667800,,0.404000,0.476400,
5,CReferenceSurface,300,1,708,707,705,707,701,13091708794889,16.666999,16.664200,,0.000000,0.520000,
5,CReferenceSurface,300,1,709,708,706,708,702,13091708961531,16.666900,16.671500,,0.409300,0.468700,
5,CReferenceSurface,300,1,710,709,707,709,703,13091709128246,16.666802,16.662900,,0.424600,0.541800,
5,CReferenceSurface,300,1,711,710,708,710,704,13091709294875,16.666794,16.694500,,0.425300,0.501500,
5,CReferenceSurface,300,1,712,711,709,711,705,13091709461820,16.666802,16.640200,,0.560800,0.571500,
5,CReferenceSurface,300,1,713,712,710,712,706,13091709628222,16.666802,16.664700,,0.540900,0.571300,
5,CReferenceSurface,300,1,714,713,711,713,707,13091709794869,16.667100,16.675200,,0.000000,0.557500,
5,CReferenceSurface,300,1,715,714,712,714,708,13091709961621,16.666504,16.661500,,0.436000,0.684200,
5,CReferenceSurface,300,1,716,715,713,715,709,13091710128236,16.666299,16.668700,,0.440600,0.511700,
5,CReferenceSurface,300,1,717,716,714,716,710,13091710294923,16.666999,16.660500,,0.407100,0.460000,
5,CReferenceSurface,300,1,718,717,715,717,711,13091710461528,16.667198,16.743100,,0.403000,0.439100,
5,CReferenceSurface,300,1,719,718,716,718,712,13091710628959,16.666099,16.587100,,0.404400,0.476900,
5,CReferenceSurface,300,1,720,719,717,719,713,13091710794830,16.666703,16.666700,,0.000000,0.478900,
5,CReferenceSurface,300,1,721,720,718,720,714,13091710961497,16.666999,16.669300,,0.445200,0.492700,
5,CReferenceSurface,300,1,722,721,719,721,715,13091711128190,16.666602,16.665300,,0.432900,0.430400,
5,CReferenceSurface,300,1,723,722,720,722,716,13091711294843,16.666397,16.666900,,0.376100,0.460800,
5,CReferenceSurface,300,1,724,723,721,723,717,13091711461512,16.667396,16.665200,,0.462300,0.501700,
5,CReferenceSurface,300,1,725,724,722,724,718,13091711628164,16.666602,16.669900,,0.415600,0.462700,
5,CReferenceSurface,300,1,726,725,723,725,719,13091711794863,16.666602,16.660900,,0.000000,0.463300,
5,CReferenceSurface,300,1,727,726,724,726,720,13091711961472,16.667100,16.669700,,0.462500,0.486600,
5,CReferenceSurface,300,1,728,727,725,727,721,13091712128169,16.666595,16.665200,,0.453700,0.514800,
5,CReferenceSurface,300,1,729,728,726,728,722,13091712294821,16.667701,16.671100,,0.414800,0.442400,
5,CReferenceSurface,300,1,730,729,727,729,723,13091712461532,16.665801,16.669200,,0.408200,0.500600,
5,CReferenceSurface,300,1,731,730,728,730,724,13091712628224,16.667100,16.675700,,0.403000,0.460800,
5,CReferenceSurface,300,1,732,731,729,731,725,13091712794981,16.666397,16.659500,,0.000000,0.494500,
5,CReferenceSurface,300,1,733,732,730,732,726,13091712961576,16.666900,16.662300,,0.397200,0.451600,
5,CReferenceSurface,300,1,734,733,731,733,727,13091713128199,16.666703,16.670400,,0.423400,0.798300,
5,CReferenceSurface,300,1,735,734,732,734,728,13091713294903,16.666099,16.669500,,0.416700,0.391300,
5,CReferenceSurface,300,1,736,735,733,735,729,13091713461598,16.666999,16.658800,,0.375700,0.418800,
5,CReferenceSurface,300,1,737,736,734,736,730,13091713628186,16.667502,16.663500,,0.386400,0.405300,
5,CReferenceSurface,300,1,738,737,735,737,731,13091713794821,16.666595,16.662800,,0.000000,0.441800,
5,CReferenceSurface,300,1,739,738,736,738,732,13091713961449,16.666099,16.666900,,0.353000,0.574600,
5,CReferenceSurface,300,1,740,739,737,739,733,13091714128118,16.666602,16.675800,,0.443800,0.426100,
5,CReferenceSurface,300,1,741,740,738,740,734,13091714294876,16.666602,16.663700,,0.376700,0.425900,
5,CReferenceSurface,300,1,742,741,739,741,735,13091714461513,16.666299,16.661500,,0.353500,0.419100,
5,CReferenceSurface,300,1,743,742,740,742,736,13091714628128,16.667396,16.666100,,0.376400,0.456600,
5,CReferenceSurface,300,1,744,743,741,743,737,13091714794789,16.666999,16.707800,,0.000000,0.333400,
5,CReferenceSurface,300,1,745,744,742,744,738,13091714961867,16.666198,16.653800,,0.329800,0.339700,
5,CReferenceSurface,300,1,746,745,743,745,739,13091715128405,16.667305,16.637000,,0.378500,0.367100,
5,CReferenceSurface,300,1,747,746,744,746,740,13091715294775,16.666496,16.666300,,0.393000,0.431500,
5,CReferenceSurface,300,1,748,747,745,747,741,13091715461438,16.666999,16.670200,,0.377100,0.371500,
5,CReferenceSurface,300,1,749,748,746,748,742,13091715628140,16.665604,16.667200,,0.377600,0.414200,
5,CReferenceSurface,300,1,750,749,747,749,743,13091715794812,16.667297,16.666100,,0.000000,0.413800,
5,CReferenceSurface,300,1,751,750,748,750,744,13091715961473,16.666504,16.668600,,0.324800,0.352200,
5,CReferenceSurface,300,1,752,751,749,751,745,13091716128159,16.666794,16.665100,,0.389500,0.456200,
5,CReferenceSurface,300,1,753,752,750,752,746,13091716294810,16.666802,16.664800,,0.406100,0.420900,
5,CReferenceSurface,300,1,754,753,751,753,747,13091716461458,16.666999,16.670400,,0.387300,0.393300,
5,CReferenceSurface,300,1,755,754,752,754,748,13091716628162,16.665902,16.663700,,0.387700,0.472700,
5,CReferenceSurface,300,1,756,755,753,755,749,13091716794799,16.667800,16.666600,,0.000000,0.376700,
5,CReferenceSurface,300,1,757,756,754,756,750,13091716961465,16.665703,16.674200,,0.383500,0.494400,
5,CReferenceSurface,300,1,758,757,755,757,751,13091717128207,16.666999,16.662400,,0.418900,0.420300,
5,CReferenceSurface,300,1,759,758,756,758,752,13091717294831,16.667800,16.665600,,0.324000,0.439700,
6,CReferenceSurface,300,4,791,790,788,790,783,13091722878323,16.776899,16.678100,,0.359000,0.399200,
6,CReferenceSurface,300,4,792,791,789,791,784,13091723045104,16.665902,16.657300,,0.547100,0.432200,
6,CReferenceSurface,300,4,793,792,790,792,785,13091723211677,16.667305,16.698800,,0.314600,0.379800,
6,CReferenceSurface,300,4,794,793,791,793,786,13091723378665,16.666496,16.820800,,0.000000,0.377600,
6,CReferenceSurface,300,4,795,794,792,794,787,13091723546873,16.666504,16.604300,,0.324400,0.361200,
6,CReferenceSurface,300,4,796,795,793,795,788,13091723712916,16.666695,16.667400,,0.385500,0.402700,
6,CReferenceSurface,300,4,797,796,794,796,789,13091723879590,16.667100,16.665000,,0.403100,0.444600,
6,CReferenceSurface,300,4,798,797,795,797,790,13091724046240,16.667206,16.670900,,0.401100,0.445400,
6,CReferenceSurface,300,4,799,798,796,798,791,13091724212949,16.666900,16.668300,,0.387500,0.445000,
6,CReferenceSurface,300,4,800,799,797,799,792,13091724379632,16.666999,16.675200,,0.000000,0.509200,
6,CReferenceSurface,300,4,801,800,798,800,793,13091724546384,16.666001,16.658500,,0.382300,0.408100,
6,CReferenceSurface,300,4,802,801,799,801,794,13091724712969,16.666496,16.672500,,0.387200,0.467000,
6,CReferenceSurface,300,4,803,802,800,802,795,13091724879694,16.667403,16.659100,,0.332800,0.517500,
6,CReferenceSurface,300,4,804,803,801,803,796,13091725046285,16.665498,16.668100,,0.332200,0.445400,
6,CReferenceSurface,300,4,805,804,802,804,797,13091725212966,16.667100,16.671800,,0.376100,0.560600,
6,CReferenceSurface,300,4,806,805,803,805,798,13091725379684,16.666099,16.668200,,0.000000,0.465000,
6,CReferenceSurface,300,4,807,806,804,806,799,13091725546366,16.666703,16.659200,,0.324400,0.383700,
6,CReferenceSurface,300,4,808,807,805,807,800,13091725712958,16.667701,16.665000,,0.343700,0.380100,
6,CReferenceSurface,300,4,809,808,806,808,801,13091725879608,16.665695,16.665700,,0.319400,0.370500,
6,CReferenceSurface,300,4,810,809,807,809,802,13091726046265,16.668098,16.665300,,0.414800,0.427000,
6,CReferenceSurface,300,4,811,810,808,810,803,13091726212918,16.665703,16.670300,,0.384600,0.451100,
6,CReferenceSurface,300,4,812,811,809,811,804,13091726379621,16.667800,16.664700,,0.000000,0.416200,
6,CReferenceSurface,300,4,813,812,810,812,805,13091726546268,16.666198,16.670500,,0.358100,0.401600,
6,CReferenceSurface,300,4,814,813,811,813,806,13091726712973,16.666900,16.664100,,0.378500,0.432900,
6,CReferenceSurface,300,4,815,814,812,814,807,13091726879614,16.666900,16.679700,,0.421500,0.517700,
6,CReferenceSurface,300,4,816,815,813,815,808,13091727046411,16.666299,16.656300,,0.387100,0.441100,
6,CReferenceSurface,300,4,817,816,814,816,809,13091727212974,16.667206,16.674900,,0.398200,0.467200,
6,CReferenceSurface,300,4,818,817,815,817,810,13091727379723,16.665695,16.659900,,0.000000,0.439900,
6,CReferenceSurface,300,4,819,818,816,818,811,13091727546322,16.666703,16.672400,,0.660400,0.457500,
6,CReferenceSurface,300,4,820,819,817,819,812,13091727713046,16.667100,16.662900,,0.402400,0.416700,
6,CReferenceSurface,300,4,821,820,818,820,813,13091727879675,16.667100,16.668000,,0.337400,0.446800,
6,CReferenceSurface,300,4,822,821,819,821,814,13091728046355,16.666504,16.659100,,0.447500,0.515000,
6,CReferenceSurface,300,4,823,822,820,822,815,13091728212946,16.666595,16.669500,,0.423700,0.456300,
6,CReferenceSurface,300,4,824,823,821,823,816,13091728379641,16.666703,16.673100,,0.000000,0.489200,
6,CReferenceSurface,300,4,825,824,822,824,817,13091728546372,16.667100,16.669100,,0.430200,0.472700,
6,CReferenceSurface,300,4,826,825,823,825,818,13091728713063,16.666602,16.663200,,0.441700,0.495200,
6,CReferenceSurface,300,4,827,826,824,826,819,13091728879695,16.666794,16.667600,,0.428800,0.484700,
6,CReferenceSurface,300,4,828,827,825,827,820,13091729046371,16.666602,16.667400,,0.490300,0.510800,
6,CReferenceSurface,300,4,829,828,826,828,821,13091729213045,16.667999,16.666500,,0.425400,0.581300,
6,CReferenceSurface,300,4,830,829,827,829,822,13091729379710,16.665298,16.666300,,0.000000,0.551900,
6,CReferenceSurface,300,4,831,830,828,830,823,13091729546373,16.667206,16.668300,,0.404300,0.504500,
6,CReferenceSurface,300,4,832,831,829,831,824,13091729713056,16.666595,16.666300,,0.454800,0.526800,
6,CReferenceSurface,300,4,833,832,830,832,825,13091729879719,16.666405,16.664700,,0.422300,0.476800,
6,CReferenceSurface,300,4,834,833,831,833,826,13091730046366,16.666794,16.680700,,0.404800,0.476200,
6,CReferenceSurface,300,4,835,834,832,834,827,13091730213173,16.666802,16.652600,,0.434500,0.471200,
6,CReferenceSurface,300,4,836,835,833,835,828,13091730379699,16.666602,16.667400,,0.000000,0.380800,
6,CReferenceSurface,300,4,837,836,834,836,829,13091730546373,16.667999,16.662100,,0.406100,0.447800,
6,CReferenceSurface,300,4,838,837,835,837,830,13091730712994,16.666001,16.664000,,0.357500,0.437900,
6,CReferenceSurface,300,4,839,838,836,838,831,13091730879634,16.666397,16.667400,,0.498400,0.510300,
6,CReferenceSurface,300,4,840,839,837,839,832,13091731046308,16.666802,16.686800,,0.375500,0.517300,
6,CReferenceSurface,300,4,841,840,838,840,833,13091731213176,16.666504,16.655800,,0.405600,0.477300,
6,CReferenceSurface,300,4,842,841,839,841,834,13091731379734,16.666595,16.665400,,0.000000,0.613000,
6,CReferenceSurface,300,4,843,842,840,842,835,13091731546388,16.667502,16.664900,,0.555000,0.701300,
6,CReferenceSurface,300,4,844,843,841,843,836,13091731713037,16.666198,16.666900,,0.568300,0.587600,
6,CReferenceSurface,300,4,845,844,842,844,837,13091731879706,16.668396,16.667700,,0.515900,0.566900,
6,CReferenceSurface,300,4,846,845,843,845,838,13091732046383,16.665801,16.672000,,0.455100,0.584900,
6,CReferenceSurface,300,4,847,846,844,846,839,13091732213103,16.666405,16.663700,,0.452100,0.646700,
6,CReferenceSurface,300,4,848,847,845,847,840,13091732379740,16.666299,16.673200,,0.000000,0.499500,
6,CReferenceSurface,300,4,849,848,846,848,841,13091732546472,16.666802,16.660300,,0.421400,0.485500,
6,CReferenceSurface,300,4,850,849,847,849,842,13091732713075,16.666794,16.664800,,0.396900,0.448300,
6,CReferenceSurface,300,4,851,850,848,850,843,13091732879723,16.667603,16.663900,,0.390300,0.468500,
6,CReferenceSurface,300,4,852,851,849,851,844,13091733046362,16.665902,16.667100,,0.405600,0.484000,
6,CReferenceSurface,300,4,853,852,850,852,845,13091733213033,16.666602,16.666600,,0.408500,0.502600,
6,CReferenceSurface,300,4,854,853,851,853,846,13091733379699,16.666893,16.670200,,0.000000,0.537200,
6,CReferenceSurface,300,4,855,854,852,854,847,13091733546401,16.666703,16.666700,,0.583000,0.485300,
6,CReferenceSurface,300,4,856,855,853,855,848,13091733713068,16.666602,16.666300,,0.432500,0.498800,
6,CReferenceSurface,300,4,857,856,854,856,849,13091733879731,16.666595,16.667100,,0.433100,0.501200,
6,CReferenceSurface,300,4,858,857,855,857,850,13091734046402,16.886501,16.844900,,0.431200,0.482100,
6,CReferenceSurface,300,4,859,858,856,858,851,13091734214851,16.666703,16.489700,,0.448300,0.506200,
6,CReferenceSurface,300,4,860,859,857,859,852,13091734379748,16.863499,16.666800,,0.000000,0.585600,
6,CReferenceSurface,300,4,861,860,858,860,853,13091734546416,16.666900,16.886100,,0.596900,0.657200,
6,CReferenceSurface,300,4,862,861,859,861,854,13091734715277,16.666198,16.666300,,0.795900,0.808300,
6,CReferenceSurface,300,4,863,862,860,862,855,13091734881940,16.666397,16.872400,,0.535100,0.643200,
6,CReferenceSurface,300,4,864,863,861,863,856,13091735050664,16.667007,16.670600,,0.485100,0.498800,
6,CReferenceSurface,300,4,865,864,862,864,857,13091735217370,16.666595,16.652600,,0.439400,0.494500,
6,CReferenceSurface,300,4,866,865,863,865,858,13091735383896,16.666900,16.662300,,0.000000,0.494400,
6,CReferenceSurface,300,4,867,866,864,866,859,13091735550519,16.666602,16.669000,,0.458800,0.489900,
6,CReferenceSurface,300,4,868,867,865,867,860,13091735717209,16.666999,16.667600,,0.400100,0.450000,
6,CReferenceSurface,300,4,869,868,866,868,861,13091735883885,16.666397,16.665300,,0.402500,0.471400,
6,CReferenceSurface,300,4,870,869,867,869,862,13091736050538,16.667198,16.667800,,0.414600,0.464100,
6,CReferenceSurface,300,4,871,870,868,870,863,13091736217216,16.666602,16.665600,,0.413600,0.498000,
6,CReferenceSurface,300,4,872,871,869,871,864,13091736383872,16.666602,16.668600,,0.000000,0.484100,
6,CReferenceSurface,300,4,873,872,870,872,865,13091736550558,16.666999,16.668400,,0.368000,0.446900,
6,CReferenceSurface,300,4,874,873,871,873,866,13091736717242,16.666595,16.662700,,0.413900,0.469900,
6,CReferenceSurface,300,4,875,874,872,874,867,13091736883869,16.666703,16.662200,,0.444400,0.536400,
6,CReferenceSurface,300,4,876,875,873,875,868,13091737050491,16.667100,16.669800,,0.429300,0.416900,
6,CReferenceSurface,300,4,877,876,874,876,869,13091737217189,16.666900,16.672500,,0.450600,0.511100,
6,CReferenceSurface,300,4,878,877,875,877,870,13091737383914,16.666496,16.662100,,0.000000,0.576400,
6,CReferenceSurface,300,4,879,878,876,878,871,13091737550535,16.667105,16.664500,,0.416500,0.501100,
6,CReferenceSurface,300,4,880,879,877,879,872,13091737717180,16.666999,16.674100,,0.424900,0.483300,
6,CReferenceSurface,300,4,881,880,878,880,873,13091737883921,16.666496,16.667000,,0.453200,0.610200,
6,CReferenceSurface,300,4,882,881,879,881,874,13091738050591,16.666602,16.667700,,0.416400,0.480800,
6,CReferenceSurface,300,4,883,882,880,882,875,13091738217268,16.667396,16.663800,,0.414500,0.506700,
6,CReferenceSurface,300,4,884,883,881,883,876,13091738383906,16.665801,16.664400,,0.000000,0.515400,
6,CReferenceSurface,300,4,885,884,882,884,877,13091738550550,16.667701,16.675700,,0.395200,0.466100,
6,CReferenceSurface,300,4,886,885,883,885,878,13091738717307,16.666198,16.663900,,0.365000,0.631900,
6,CReferenceSurface,300,4,887,886,884,886,879,13091738883946,16.667100,16.676200,,0.375100,0.392500,
6,CReferenceSurface,300,4,888,887,885,887,880,13091739050708,16.666198,16.648500,,0.397200,0.490600,
6,CReferenceSurface,300,4,889,888,886,888,881,13091739217193,16.668204,16.663600,,0.348700,0.440900,
6,CReferenceSurface,300,4,890,889,887,889,882,13091739383829,16.666794,16.672800,,0.000000,0.512300,
6,CReferenceSurface,300,4,891,890,888,890,883,13091739550557,16.666306,16.661000,,0.358400,0.508400,
6,CReferenceSurface,300,4,892,891,889,891,884,13091739717167,16.665399,16.737400,,0.320800,0.374600,
6,CReferenceSurface,300,4,893,892,890,892,885,13091739884541,16.668098,16.606400,,0.379200,0.411400,
6,CReferenceSurface,300,4,894,893,891,893,886,13091740050605,16.666001,16.656600,,0.430000,0.436900,
6,CReferenceSurface,300,4,895,894,892,894,887,13091740217171,16.667603,16.664600,,0.378300,0.458100,
6,CReferenceSurface,300,4,896,895,893,895,888,13091740383817,16.666496,16.671100,,0.000000,0.406900,
6,CReferenceSurface,300,4,897,896,894,896,889,13091740550528,16.666900,16.664600,,0.374500,0.364000,
6,CReferenceSurface,300,4,898,897,895,897,890,13091740717174,16.667100,16.670800,,0.380700,0.405400,
6,CReferenceSurface,300,4,899,898,896,898,891,13091740883882,16.666001,16.662900,,0.404500,0.508100,
6,CReferenceSurface,300,4,900,899,897,899,892,13091741050511,16.666405,16.670000,,0.321400,0.381300,
6,CReferenceSurface,300,4,901,900,898,900,893,13091741217211,16.666900,16.672100,,0.395600,0.456700,
6,CReferenceSurface,300,4,902,901,899,901,894,13091741383932,16.667496,16.657100,,0.000000,0.390500,
6,CReferenceSurface,300,4,903,902,900,902,895,13091741550503,16.665801,16.668900,,0.421700,0.447300,
6,CReferenceSurface,300,4,904,903,901,903,896,13091741717192,16.666703,16.665600,,0.381200,0.622800,
6,CReferenceSurface,300,4,905,904,902,904,897,13091741883848,16.666198,16.675500,,0.394900,0.429800,
6,CReferenceSurface,300,4,906,905,903,905,898,13091742050603,16.667496,16.659900,,0.402800,0.427000,
6,CReferenceSurface,300,4,907,906,904,906,899,13091742217202,16.666802,16.678500,,0.318300,0.387900,
6,CReferenceSurface,300,4,908,907,905,907,900,13091742383987,16.666703,16.653600,,0.000000,0.382100,
6,CReferenceSurface,300,4,909,908,906,908,901,13091742550523,16.666496,16.666000,,0.396500,0.436100,
6,CReferenceSurface,300,4,910,909,907,909,902,13091742717183,16.667305,16.665500,,0.375100,0.519500,
7,CReferenceSurface,300,8,942,941,939,941,933,13091748301107,16.665399,16.664700,,0.469300,0.468200,
7,CReferenceSurface,300,8,943,942,940,942,934,13091748467754,16.667198,16.671000,,0.377300,0.441000,
7,CReferenceSurface,300,8,944,943,941,943,935,13091748634464,16.666602,16.668400,,0.385000,0.365400,
7,CReferenceSurface,300,8,945,944,942,944,936,13091748801148,16.666999,16.658600,,0.381300,0.434100,
7,CReferenceSurface,300,8,946,945,943,945,937,13091748967734,16.667198,16.665200,,0.000000,0.400600,
7,CReferenceSurface,300,8,947,946,944,946,938,13091749134386,16.666099,16.667500,,0.420300,0.428500,
7,CReferenceSurface,300,8,948,947,945,947,939,13091749301061,16.667999,16.666100,,0.392900,0.466600,
7,CReferenceSurface,300,8,949,948,946,948,940,13091749467722,16.665703,16.674100,,0.367100,0.427400,
7,CReferenceSurface,300,8,950,949,947,949,941,13091749634463,16.666900,16.666300,,0.377900,0.437900,
7,CReferenceSurface,300,8,951,950,948,950,942,13091749801126,16.666299,16.666200,,0.319900,0.525800,
7,CReferenceSurface,300,8,952,951,949,951,943,13091749967788,16.667198,16.661100,,0.000000,0.551600,
7,CReferenceSurface,300,8,953,952,950,952,944,13091750134399,16.666999,16.665300,,0.432800,0.511700,
7,CReferenceSurface,300,8,954,953,951,953,945,13091750301052,16.667403,16.671600,,0.382000,0.401300,
7,CReferenceSurface,300,8,955,954,952,954,946,13091750467768,16.665498,16.670900,,0.381100,0.356200,
7,CReferenceSurface,300,8,956,955,953,955,947,13091750634477,16.666602,16.660200,,0.380600,0.416800,
7,CReferenceSurface,300,8,957,956,954,956,948,13091750801079,16.666496,16.664900,,0.392500,0.376900,
7,CReferenceSurface,300,8,958,957,955,957,949,13091750967728,16.667198,16.668100,,0.000000,0.405700,
7,CReferenceSurface,300,8,959,958,956,958,950,13091751134409,16.667603,16.665100,,0.416700,0.554000,
7,CReferenceSurface,300,8,960,959,957,959,951,13091751301060,16.665505,16.666300,,0.362300,0.494600,
7,CReferenceSurface,300,8,961,960,958,960,952,13091751467723,16.667198,16.667500,,0.388600,0.416700,
7,CReferenceSurface,300,8,962,961,959,961,953,13091751634398,16.666999,16.670300,,0.391800,0.448500,
7,CReferenceSurface,300,8,963,962,960,962,954,13091751801101,16.666999,16.660800,,0.365600,0.335300,
7,CReferenceSurface,300,8,964,963,961,963,955,13091751967709,16.666198,16.670600,,0.000000,0.437700,
7,CReferenceSurface,300,8,965,964,962,964,956,13091752134415,16.667297,16.688500,,0.401600,0.445400,
7,CReferenceSurface,300,8,966,965,963,965,957,13091752301300,16.665604,16.644600,,0.378500,0.349900,
7,CReferenceSurface,300,8,967,966,964,966,958,13091752467746,16.667297,16.665900,,0.413000,0.518000,
7,CReferenceSurface,300,8,968,967,965,967,959,13091752634405,16.666099,16.664800,,0.359500,0.371700,
7,CReferenceSurface,300,8,969,968,966,968,960,13091752801053,16.666703,16.675700,,0.374400,0.405900,
7,CReferenceSurface,300,8,970,969,967,969,961,13091752967810,16.667198,16.658100,,0.000000,0.401100,
7,CReferenceSurface,300,8,971,970,968,970,962,13091753134391,16.666405,16.665300,,0.459100,0.409500,
7,CReferenceSurface,300,8,972,971,969,971,963,13091753301044,16.666999,16.668500,,0.399700,0.456600,
7,CReferenceSurface,300,8,973,972,970,972,964,13091753467729,16.666900,16.669400,,0.439100,0.496200,
7,CReferenceSurface,300,8,974,973,971,973,965,13091753634423,16.667100,16.667800,,0.422200,0.439800,
7,CReferenceSurface,300,8,975,974,972,974,966,13091753801101,16.666397,16.674100,,0.393900,0.455700,
7,CReferenceSurface,300,8,976,975,973,975,967,13091753967842,16.666802,16.662600,,0.000000,0.520800,
7,CReferenceSurface,300,8,977,976,974,976,968,13091754134468,16.666496,16.671500,,0.422000,0.593500,
7,CReferenceSurface,300,8,978,977,975,977,969,13091754301183,16.666900,16.666000,,0.441600,0.532600,
7,CReferenceSurface,300,8,979,978,976,978,970,13091754467843,16.666900,16.669000,,0.440900,0.480700,
7,CReferenceSurface,300,8,980,979,977,979,971,13091754634533,16.667305,16.666600,,0.539000,0.590100,
7,CReferenceSurface,300,8,981,980,978,980,972,13091754801199,16.665695,16.666200,,0.531000,0.533400,
7,CReferenceSurface,300,8,982,981,979,981,973,13091754967861,16.666999,16.668000,,0.000000,0.484500,
7,CReferenceSurface,300,8,983,982,980,982,974,13091755134541,16.667800,16.667500,,0.420000,0.528400,
7,CReferenceSurface,300,8,984,983,981,983,975,13091755301216,16.665002,16.658400,,0.426800,0.579400,
7,CReferenceSurface,300,8,985,984,982,984,976,13091755467800,16.667502,16.673600,,0.458900,0.740700,
7,CReferenceSurface,300,8,986,985,983,985,977,13091755634536,16.665993,16.668100,,0.362700,0.431400,
7,CReferenceSurface,300,8,987,986,984,986,978,13091755801217,16.667305,16.666700,,0.365200,0.434000,
7,CReferenceSurface,300,8,988,987,985,987,979,13091755967884,16.666198,16.652500,,0.000000,0.401500,
7,CReferenceSurface,300,8,989,988,986,988,980,13091756134409,16.666999,16.663500,,0.385000,0.403400,
7,CReferenceSurface,300,8,990,989,987,989,981,13091756301044,16.666999,16.669800,,0.380000,0.449600,
7,CReferenceSurface,300,8,991,990,988,990,982,13091756467742,16.666703,16.666900,,0.365500,0.453400,
7,CReferenceSurface,300,8,992,991,989,991,983,13091756634411,16.667198,16.671600,,0.393800,0.486100,
7,CReferenceSurface,300,8,993,992,990,992,984,13091756801127,16.666802,16.670800,,0.575100,0.543700,
7,CReferenceSurface,300,8,994,993,991,993,985,13091756967835,16.666802,16.668200,,0.000000,0.685300,
7,CReferenceSurface,300,8,995,994,992,994,986,13091757134517,16.666198,16.671300,,0.553300,0.562300,
7,CReferenceSurface,300,8,996,995,993,995,987,13091757301230,16.666703,16.670500,,0.504600,0.543800,
7,CReferenceSurface,300,8,997,996,994,996,988,13091757467935,16.666999,16.663700,,0.455700,0.584200,
7,CReferenceSurface,300,8,998,997,995,997,989,13091757634572,16.666595,16.658800,,0.452600,0.457800,
7,CReferenceSurface,300,8,999,998,996,998,990,13091757801160,16.667305,16.667900,,0.459400,0.487100,
7,CReferenceSurface,300,8,1000,999,997,999,991,13091757967839,16.666198,16.676800,,0.000000,0.637100,
7,CReferenceSurface,300,8,1001,1000,998,1000,992,13091758134607,16.667297,16.660600,,0.407000,0.501700,
7,CReferenceSurface,300,8,1002,1001,999,1001,993,13091758301213,16.666602,16.679200,,0.481700,0.536600,
7,CReferenceSurface,300,8,1003,1002,1000,1002,994,13091758468005,16.666794,16.662700,,0.523400,0.586500,
7,CReferenceSurface,300,8,1004,1003,1001,1003,995,13091758634632,16.666802,16.660700,,0.557400,0.607200,
7,CReferenceSurface,300,8,1005,1004,1002,1004,996,13091758801239,16.666802,16.676000,,0.557500,0.599600,
7,CReferenceSurface,300,8,1006,1005,1003,1005,997,13091758967999,16.667100,16.657400,,0.000000,0.599200,
7,CReferenceSurface,300,8,1007,1006,1004,1006,998,13091759134573,16.667100,16.666800,,0.744400,0.739900,
7,CReferenceSurface,300,8,1008,1007,1005,1007,999,13091759301241,16.667105,16.671100,,0.617200,0.733400,
7,CReferenceSurface,300,8,1009,1008,1006,1008,1000,13091759467952,16.666496,16.676100,,0.668100,0.744400,
7,CReferenceSurface,300,8,1010,1009,1007,1009,1001,13091759634713,16.666999,16.661900,,0.722800,0.926600,
7,CReferenceSurface,300,8,1011,1010,1008,1010,1002,13091759801332,16.667297,16.670000,,0.773100,0.858200,
7,CReferenceSurface,300,8,1012,1011,1009,1011,1003,13091759968032,16.666099,16.662200,,0.000000,0.791300,
7,CReferenceSurface,300,8,1013,1012,1010,1012,1004,13091760134654,16.666802,16.666600,,0.558000,0.578200,
7,CReferenceSurface,300,8,1014,1013,1011,1013,1005,13091760301320,16.666703,16.666500,,0.544700,0.620100,
7,CReferenceSurface,300,8,1015,1014,1012,1014,1006,13091760467985,16.666999,16.898500,,0.519200,0.672100,
7,CReferenceSurface,300,8,1016,1015,1013,1015,1007,13091760636970,16.666999,16.431900,,0.575500,0.582400,
7,CReferenceSurface,300,8,1017,1016,1014,1016,1008,13091760801289,16.666504,16.663400,,0.767100,0.827600,
7,CReferenceSurface,300,8,1018,1017,1015,1017,1009,13091760967923,16.666397,16.667800,,0.000000,0.658000,
7,CReferenceSurface,300,8,1019,1018,1016,1018,1010,13091761134601,16.667396,16.672000,,0.525700,0.535600,
7,CReferenceSurface,300,8,1020,1019,1017,1019,1011,13091761301321,16.666099,16.664100,,0.513800,0.567800,
7,CReferenceSurface,300,8,1021,1020,1018,1020,1012,13091761467962,16.667007,16.659200,,0.485900,0.507300,
7,CReferenceSurface,300,8,1022,1021,1019,1021,1013,13091761634554,16.666695,16.671100,,0.467000,0.563000,
7,CReferenceSurface,300,8,1023,1022,1020,1022,1014,13091761801265,16.666900,16.662600,,0.518700,0.562500,
7,CReferenceSurface,300,8,1024,1023,1021,1023,1015,13091761967891,16.666900,16.671300,,0.000000,0.541500,
7,CReferenceSurface,300,8,1025,1024,1022,1024,1016,13091762134604,16.666802,16.664000,,0.449000,0.533800,
7,CReferenceSurface,300,8,1026,1025,1023,1025,1017,13091762301244,16.667701,16.665000,,0.522200,0.554600,
7,CReferenceSurface,300,8,1027,1026,1024,1026,1018,13091762467894,16.665796,16.672500,,0.624100,0.599000,
7,CReferenceSurface,300,8,1028,1027,1025,1027,1019,13091762634619,16.667105,16.666200,,0.611600,0.697800,
7,CReferenceSurface,300,8,1029,1028,1026,1028,1020,13091762801281,16.666595,16.669900,,0.569500,0.617600,
7,CReferenceSurface,300,8,1030,1029,1027,1029,1021,13091762967980,16.666703,16.664000,,0.000000,0.756600,
7,CReferenceSurface,300,8,1031,1030,1028,1030,1022,13091763134620,16.667297,16.670700,,0.659600,0.666700,
7,CReferenceSurface,300,8,1032,1031,1029,1031,1023,13091763301327,16.666299,16.667100,,0.685000,0.642700,
7,CReferenceSurface,300,8,1033,1032,1030,1032,1024,13091763467998,16.666900,16.662800,,0.593600,0.624900,
7,CReferenceSurface,300,8,1034,1033,1031,1033,1025,13091763634626,16.666802,16.675000,,0.597700,0.659300,
7,CReferenceSurface,300,8,1035,1034,1032,1034,1026,13091763801376,16.666703,16.660600,,0.607300,0.774100,
7,CReferenceSurface,300,8,1036,1035,1033,1035,1027,13091763967982,16.666999,16.663500,,0.000000,0.639500,
7,CReferenceSurface,300,8,1037,1036,1034,1036,1028,13091764134617,16.666999,16.672600,,0.573100,0.815500,
7,CReferenceSurface,300,8,1038,1037,1035,1037,1029,13091764301343,16.666900,16.662800,,0.579800,0.597300,
7,CReferenceSurface,300,8,1039,1038,1036,1038,1030,13091764467971,16.666496,16.665700,,0.584700,0.734500,
7,CReferenceSurface,300,8,1040,1039,1037,1039,1031,13091764634628,16.666802,16.671900,,0.618600,0.662500,
7,CReferenceSurface,300,8,1041,1040,1038,1040,1032,13091764801347,16.666602,16.660000,,0.592300,0.606000,
7,CReferenceSurface,300,8,1042,1041,1039,1041,1033,13091764967947,16.667100,16.671200,,0.000000,0.628800,
7,CReferenceSurface,300,8,1043,1042,1040,1042,1034,13091765134659,16.666001,16.666000,,0.552300,0.603600,
7,CReferenceSurface,300,8,1044,1043,1041,1043,1035,13091765301319,16.667297,16.667500,,0.523400,0.549400,
7,CReferenceSurface,300,8,1045,1044,1042,1044,1036,13091765467994,16.666504,16.664500,,0.489700,0.511100,
7,CReferenceSurface,300,8,1046,1045,1043,1045,1037,13091765634639,16.667496,16.662200,,0.466400,0.566200,
7,CReferenceSurface,300,8,1047,1046,1044,1046,1038,13091765801261,16.666001,16.666500,,0.503500,0.566400,
7,CReferenceSurface,300,8,1048,1047,1045,1047,1039,13091765967926,16.667100,16.666200,,0.000000,0.608400,
7,CReferenceSurface,300,8,1049,1048,1046,1048,1040,13091766134588,16.666703,16.676300,,0.445900,0.653600,
7,CReferenceSurface,300,8,1050,1049,1047,1049,1041,13091766301351,16.666397,16.659000,,0.510800,0.478100,
7,CReferenceSurface,300,8,1051,1050,1048,1050,1042,13091766467941,16.667007,16.663400,,0.392600,0.489900,
7,CReferenceSurface,300,8,1052,1051,1049,1051,1043,13091766634575,16.666893,16.664400,,0.460500,0.490400,
7,CReferenceSurface,300,8,1053,1052,1050,1052,1044,13091766801219,16.666504,16.666200,,0.393800,0.516700,
7,CReferenceSurface,300,8,1054,1053,1051,1053,1045,13091766967881,16.893197,16.665500,,0.000000,0.465700,
7,CReferenceSurface,300,8,1055,1054,1052,1054,1046,13091767134536,16.667899,16.667600,,0.457700,0.422400,
7,CReferenceSurface,300,8,1056,1055,1053,1055,1047,13091767301212,16.666206,16.666700,,0.405400,0.519400,
7,CReferenceSurface,300,8,1057,1056,1054,1056,1048,13091767467879,16.666397,16.894100,,0.431200,0.500200,
7,CReferenceSurface,300,8,1058,1057,1055,1057,1049,13091767636820,16.667297,16.673800,,0.425500,0.499200,
7,CReferenceSurface,300,8,1059,1058,1056,1058,1050,13091767803558,16.666900,16.664500,,0.438500,0.512000,
7,CReferenceSurface,300,8,1060,1059,1057,1059,1051,13091767970203,16.666299,16.677000,,0.000000,0.558200,
7,CReferenceSurface,300,8,1061,1060,1058,1060,1052,13091768136973,16.666802,16.661000,,0.453300,0.533200,
8,CReferenceSurface,300,16,1093,1092,1090,1092,1083,13091773999499,16.667701,16.670500,,0.450700,0.469700,
8,CReferenceSurface,300,16,1094,1093,1091,1093,1084,13091774166204,16.666299,16.663200,,0.000000,0.502500,
8,CReferenceSurface,300,16,1095,1094,1092,1094,1085,13091774332836,16.667403,16.665800,,0.394600,0.461700,
8,CReferenceSurface,300,16,1096,1095,1093,1095,1086,13091774499494,16.666496,16.670300,,0.412800,0.481000,
8,CReferenceSurface,300,16,1097,1096,1094,1096,1087,13091774666197,16.666703,16.670600,,0.420900,0.481800,
8,CReferenceSurface,300,16,1098,1097,1095,1097,1088,13091774832903,16.667899,16.664000,,0.428400,0.486800,
8,CReferenceSurface,300,16,1099,1098,1096,1098,1089,13091774999543,16.666405,16.668000,,0.428600,0.477600,
8,CReferenceSurface,300,16,1100,1099,1097,1099,1090,13091775166223,16.665895,16.666100,,0.000000,0.525400,
8,CReferenceSurface,300,16,1101,1100,1098,1100,1091,13091775332884,16.666999,16.671000,,0.434300,0.475900,
8,CReferenceSurface,300,16,1102,1101,1099,1101,1092,13091775499594,16.666802,16.670700,,0.546800,0.568800,
8,CReferenceSurface,300,16,1103,1102,1100,1102,1093,13091775666301,16.666999,16.659100,,0.532000,0.568100,
8,CReferenceSurface,300,16,1104,1103,1101,1103,1094,13091775832892,16.666602,16.671100,,0.484100,0.552100,
8,CReferenceSurface,300,16,1105,1104,1102,1104,1095,13091775999603,16.666703,16.666400,,0.452300,0.501600,
8,CReferenceSurface,300,16,1106,1105,1103,1105,1096,13091776166267,16.666893,16.666200,,0.000000,0.540900,
8,CReferenceSurface,300,16,1107,1106,1104,1106,1097,13091776332929,16.668502,16.664200,,0.486000,0.543900,
8,CReferenceSurface,300,16,1108,1107,1105,1107,1098,13091776499571,16.665505,16.669300,,0.486900,0.561600,
8,CReferenceSurface,300,16,1109,1108,1106,1108,1099,13091776666264,16.666595,16.669700,,0.491700,0.573100,
8,CReferenceSurface,300,16,1110,1109,1107,1109,1100,13091776832961,16.667305,16.679200,,0.514400,0.598100,
8,CReferenceSurface,300,16,1111,1110,1108,1110,1101,13091776999753,16.666595,16.653700,,0.541600,0.614300,
8,CReferenceSurface,300,16,1112,1111,1109,1111,1102,13091777166290,16.666703,16.668200,,0.000000,0.665400,
8,CReferenceSurface,300,16,1113,1112,1110,1112,1103,13091777332972,16.666999,16.671700,,0.717900,0.806800,
8,CReferenceSurface,300,16,1114,1113,1111,1113,1104,13091777499689,16.666496,16.662200,,0.544500,0.576900,
8,CReferenceSurface,300,16,1115,1114,1112,1114,1105,13091777666311,16.666999,16.673800,,0.879700,0.876500,
8,CReferenceSurface,300,16,1116,1115,1113,1115,1106,13091777833049,16.699702,16.663500,,0.586500,0.612300,
8,CReferenceSurface,300,16,1117,1116,1114,1116,1107,13091777999684,16.666802,16.674000,,0.535200,0.532400,
8,CReferenceSurface,300,16,1118,1117,1115,1117,1108,13091778166424,16.666198,16.661500,,0.000000,0.532000,
8,CReferenceSurface,300,16,1119,1118,1116,1118,1109,13091778333039,16.666900,16.691500,,0.463600,0.501200,
8,CReferenceSurface,300,16,1120,1119,1117,1119,1110,13091778499954,16.666802,16.663400,,0.480500,0.531800,
8,CReferenceSurface,300,16,1121,1120,1118,1120,1111,13091778666588,16.666802,16.665700,,0.480500,0.523200,
8,CReferenceSurface,300,16,1122,1121,1119,1121,1112,13091778833245,16.667100,16.670500,,0.507600,0.526300,
8,CReferenceSurface,300,16,1123,1122,1120,1122,1113,13091778999950,16.666496,16.667000,,0.758600,0.647400,
8,CReferenceSurface,300,16,1124,1123,1121,1123,1114,13091779166620,16.667100,16.666600,,0.000000,0.586000,
8,CReferenceSurface,300,16,1125,1124,1122,1124,1115,13091779333286,16.666703,16.689500,,0.514900,0.563900,
8,CReferenceSurface,300,16,1126,1125,1123,1125,1116,13091779500181,16.708396,16.646600,,0.489800,0.512900,
8,CReferenceSurface,300,16,1127,1126,1124,1126,1117,13091779666647,16.666405,16.669400,,0.599300,0.583700,
8,CReferenceSurface,300,16,1128,1127,1125,1127,1118,13091779833341,16.666595,16.660800,,0.545600,0.563300,
8,CReferenceSurface,300,16,1129,1128,1126,1128,1119,13091779999949,16.666802,16.718500,,0.525600,0.567700,
8,CReferenceSurface,300,16,1130,1129,1127,1129,1120,13091780167134,16.667100,16.736900,,0.000000,0.554000,
8,CReferenceSurface,300,16,1131,1130,1128,1130,1121,13091780334503,16.666602,16.586500,,0.489600,0.533800,
8,CReferenceSurface,300,16,1132,1131,1129,1131,1122,13091780500368,16.666703,16.666000,,0.514800,0.563900,
8,CReferenceSurface,300,16,1133,1132,1130,1132,1123,13091780667028,16.667396,16.665900,,0.567700,0.736500,
8,CReferenceSurface,300,16,1134,1133,1131,1133,1124,13091780833687,16.666198,16.670200,,0.502900,0.536100,
8,CReferenceSurface,300,16,1135,1134,1132,1134,1125,13091781000389,16.666405,16.664800,,0.476800,0.543000,
8,CReferenceSurface,300,16,1136,1135,1133,1135,1126,13091781167037,16.667100,16.665900,,0.000000,0.498400,
8,CReferenceSurface,300,16,1137,1136,1134,1136,1127,13091781333696,16.666299,16.662000,,0.459500,0.515700,
8,CReferenceSurface,300,16,1138,1137,1135,1137,1128,13091781500316,16.823605,16.666400,,0.428200,0.480100,
8,CReferenceSurface,300,16,1139,1138,1136,1138,1129,13091781666980,16.665498,16.672100,,0.397900,0.485400,
8,CReferenceSurface,300,16,1140,1139,1137,1139,1130,13091781833701,16.666496,16.690400,,0.453400,0.525400,
8,CReferenceSurface,300,16,1141,1140,1138,1140,1131,13091782000605,16.667105,16.891300,,0.393900,0.473100,
8,CReferenceSurface,300,16,1142,1141,1139,1141,1132,13091782169518,16.851898,16.575200,,0.000000,0.598900,
8,CReferenceSurface,300,16,1143,1142,1140,1142,1133,13091782335270,16.666794,16.664600,,0.593200,0.615900,
8,CReferenceSurface,300,16,1144,1143,1141,1143,1134,13091782501916,16.666802,16.672500,,0.546000,0.625100,
8,CReferenceSurface,300,16,1145,1144,1142,1144,1135,13091782668641,16.666802,16.849000,,0.546900,0.589700,
8,CReferenceSurface,300,16,1146,1145,1143,1145,1136,13091782837131,16.666999,16.668900,,0.558700,0.608600,
8,CReferenceSurface,300,16,1147,1146,1144,1146,1137,13091783003820,16.666602,16.667600,,0.559400,0.620500,
8,CReferenceSurface,300,16,1148,1147,1145,1147,1138,13091783170496,16.667100,16.665000,,0.000000,0.573300,
8,CReferenceSurface,300,16,1149,1148,1146,1148,1139,13091783337146,16.666900,16.669300,,0.506900,0.561500,
8,CReferenceSurface,300,16,1150,1149,1147,1149,1140,13091783503839,16.666496,16.662800,,0.668400,0.679000,
8,CReferenceSurface,300,16,1151,1150,1148,1150,1141,13091783670467,16.666802,16.670300,,0.605100,0.693200,
8,CReferenceSurface,300,16,1152,1151,1149,1151,1142,13091783837170,16.666703,16.669600,,0.543800,0.588100,
8,CReferenceSurface,300,16,1153,1152,1150,1152,1143,13091784003866,16.666299,16.663900,,0.500500,0.548400,
8,CReferenceSurface,300,16,1154,1153,1151,1153,1144,13091784170505,16.667603,16.665700,,0.000000,0.524100,
8,CReferenceSurface,300,16,1155,1154,1152,1154,1145,13091784337162,16.665902,16.665400,,0.426400,0.493400,
8,CReferenceSurface,300,16,1156,1155,1153,1155,1146,13091784503816,16.666695,16.658000,,0.427500,0.469300,
8,CReferenceSurface,300,16,1157,1156,1154,1156,1147,13091784670396,16.667100,16.672800,,0.416100,0.497000,
8,CReferenceSurface,300,16,1158,1157,1155,1157,1148,13091784837124,16.666900,16.662400,,0.415900,0.483600,
8,CReferenceSurface,300,16,1159,1158,1156,1158,1149,13091785003748,16.666504,16.663900,,0.415200,0.602200,
8,CReferenceSurface,300,16,1160,1159,1157,1159,1150,13091785170387,16.666900,16.671300,,0.000000,0.553600,
8,CReferenceSurface,300,16,1161,1160,1158,1160,1151,13091785337100,16.666595,16.668300,,0.404000,0.461100,
8,CReferenceSurface,300,16,1162,1161,1159,1161,1152,13091785503783,16.666602,16.665500,,0.447200,0.500800,
8,CReferenceSurface,300,16,1163,1162,1160,1162,1153,13091785670438,16.666999,16.666700,,0.439100,0.518900,
8,CReferenceSurface,300,16,1164,1163,1161,1163,1154,13091785837105,16.666602,16.667700,,0.430800,0.506900,
8,CReferenceSurface,300,16,1165,1164,1162,1164,1155,13091786003782,16.666900,16.665100,,0.517900,0.546900,
8,CReferenceSurface,300,16,1166,1165,1163,1165,1156,13091786170433,16.666999,16.682700,,0.000000,0.525000,
8,CReferenceSurface,300,16,1167,1166,1164,1166,1157,13091786337260,16.666794,16.652600,,0.400700,0.460100,
8,CReferenceSurface,300,16,1168,1167,1165,1167,1158,13091786503786,16.667206,16.667100,,0.423900,0.475900,
8,CReferenceSurface,300,16,1169,1168,1166,1168,1159,13091786670457,16.666299,16.666600,,0.767800,0.842800,
8,CReferenceSurface,300,16,1170,1169,1167,1169,1160,13091786837123,16.666595,16.666500,,0.537400,0.567400,
8,CReferenceSurface,300,16,1171,1170,1168,1170,1161,13091787003788,16.666703,16.676700,,0.471500,0.525800,
8,CReferenceSurface,300,16,1172,1171,1169,1171,1162,13091787170555,16.666999,16.656600,,0.000000,0.505100,
8,CReferenceSurface,300,16,1173,1172,1170,1172,1163,13091787337121,16.666802,16.661000,,0.468800,0.474900,
8,CReferenceSurface,300,16,1174,1173,1171,1173,1164,13091787503731,16.666504,16.668000,,0.443900,0.529400,
8,CReferenceSurface,300,16,1175,1174,1172,1174,1165,13091787670411,16.667297,16.670200,,0.441900,0.480800,
8,CReferenceSurface,300,16,1176,1175,1173,1175,1166,13091787837113,16.666397,16.670500,,0.439800,0.479900,
8,CReferenceSurface,300,16,1177,1176,1174,1176,1167,13091788003818,16.666504,16.664700,,0.466400,0.465700,
8,CReferenceSurface,300,16,1178,1177,1175,1177,1168,13091788170465,16.666695,16.662700,,0.000000,0.565000,
8,CReferenceSurface,300,16,1179,1178,1176,1178,1169,13091788337092,16.667105,16.665900,,0.427300,0.556200,
8,CReferenceSurface,300,16,1180,1179,1177,1179,1170,13091788503751,16.666794,16.669700,,0.419000,0.604400,
8,CReferenceSurface,300,16,1181,1180,1178,1180,1171,13091788670448,16.666001,16.668600,,0.416400,0.475100,
8,CReferenceSurface,300,16,1182,1181,1179,1181,1172,13091788837134,16.667502,16.662400,,0.410300,0.443100,
8,CReferenceSurface,300,16,1183,1182,1180,1182,1173,13091789003758,16.666802,16.663300,,0.413200,0.465800,
8,CReferenceSurface,300,16,1184,1183,1181,1183,1174,13091789170391,16.666695,16.666800,,0.000000,0.502700,
8,CReferenceSurface,300,16,1185,1184,1182,1184,1175,13091789337059,16.666504,16.674500,,0.409200,0.555000,
8,CReferenceSurface,300,16,1186,1185,1183,1185,1176,13091789503804,16.667999,16.669500,,0.407300,0.502700,
8,CReferenceSurface,300,16,1187,1186,1184,1186,1177,13091789670499,16.666198,16.662700,,0.402000,0.476400,
8,CReferenceSurface,300,16,1188,1187,1185,1187,1178,13091789837126,16.666001,16.663000,,0.400300,0.483900,
8,CReferenceSurface,300,16,1189,1188,1186,1188,1179,13091790003756,16.666900,16.670400,,0.451000,0.523300,
8,CReferenceSurface,300,16,1190,1189,1187,1189,1180,13091790170460,16.666999,16.667000,,0.000000,0.473400,
8,CReferenceSurface,300,16,1191,1190,1188,1190,1181,13091790337130,16.666802,16.664200,,0.419900,0.475000,
8,CReferenceSurface,300,16,1192,1191,1189,1191,1182,13091790503772,16.666496,16.668200,,0.458700,0.705800,
8,CReferenceSurface,300,16,1193,1192,1190,1192,1183,13091790670454,16.666999,16.671700,,0.406900,0.416900,
8,CReferenceSurface,300,16,1194,1193,1191,1193,1184,13091790837171,16.666099,16.666300,,0.397700,0.398700,
8,CReferenceSurface,300,16,1195,1194,1192,1194,1185,13091791003834,16.666900,16.668000,,0.377600,0.401100,
8,CReferenceSurface,300,16,1196,1195,1193,1195,1186,13091791170514,16.666999,16.660000,,0.000000,0.435200,
8,CReferenceSurface,300,16,1197,1196,1194,1196,1187,13091791337114,16.666099,16.659700,,0.417700,0.377300,
8,CReferenceSurface,300,16,1198,1197,1195,1197,1188,13091791503711,16.667403,16.664500,,0.373000,0.401600,
8,CReferenceSurface,300,16,1199,1198,1196,1198,1189,13091791670356,16.667198,16.670900,,0.375400,0.423100,
8,CReferenceSurface,300,16,1200,1199,1197,1199,1190,13091791837065,16.666405,16.661100,,0.388300,0.422600,
8,CReferenceSurface,300,16,1201,1200,1198,1200,1191,13091792003676,16.666695,16.669600,,0.379600,0.420100,
8,CReferenceSurface,300,16,1202,1201,1199,1201,1192,13091792170372,16.666504,16.671300,,0.000000,0.443100,
8,CReferenceSurface,300,16,1203,1202,1200,1202,1193,13091792337085,16.666999,16.670600,,0.333000,0.434200,
8,CReferenceSurface,300,16,1204,1203,1201,1203,1194,13091792503791,16.666496,16.664200,,0.318800,0.409500,
8,CReferenceSurface,300,16,1205,1204,1202,1204,1195,13091792670433,16.834205,16.664200,,0.378000,0.354300,
8,CReferenceSurface,300,16,1206,1205,1203,1205,1196,13091792837075,16.666198,16.667700,,0.401900,0.425500,
8,CReferenceSurface,300,16,1207,1206,1204,1206,1197,13091793003752,16.666595,16.664000,,0.357700,0.489800,
8,CReferenceSurface,300,16,1208,1207,1205,1207,1198,13091793170392,16.667800,16.846200,,0.000000,0.357200,
8,CReferenceSurface,300,16,1209,1208,1206,1208,1199,13091793338854,16.665505,16.713900,,0.392600,0.476900,
8,CReferenceSurface,300,16,1210,1209,1207,1209,1200,13091793505993,16.667100,16.602300,,0.325600,0.389600,
8,CReferenceSurface,300,16,1211,1210,1208,1210,1201,13091793672016,16.667100,16.674000,,0.410800,0.470400,
8,CReferenceSurface,300,16,1212,1211,1209,1211,1202,13091793838756,16.665902,16.661900,,0.377700,0.486500,
9,CReferenceSurface,600,1,1244,1243,1241,1243,1233,13091799503912,16.665498,16.667900,,0.414800,0.415300,
9,CReferenceSurface,600,1,1245,1244,1242,1244,1234,13091799670591,16.667198,16.680400,,0.373800,0.410800,
9,CReferenceSurface,600,1,1246,1245,1243,1245,1235,13091799837395,16.666306,16.676600,,0.382500,0.534000,
9,CReferenceSurface,600,1,1247,1246,1244,1246,1236,13091800004161,16.666695,16.641600,,0.454300,0.487800,
9,CReferenceSurface,600,1,1248,1247,1245,1247,1237,13091800170577,16.666602,16.668000,,0.000000,0.413900,
9,CReferenceSurface,600,1,1249,1248,1246,1248,1238,13091800337257,16.667396,16.675500,,0.310000,0.373300,
9,CReferenceSurface,600,1,1250,1249,1247,1249,1239,13091800504012,16.666703,16.657400,,0.383600,0.435900,
9,CReferenceSurface,600,1,1251,1250,1248,1250,1240,13091800670586,16.665505,16.664700,,0.393700,0.433400,
9,CReferenceSurface,600,1,1252,1251,1249,1251,1241,13091800837233,16.668197,16.670100,,0.359600,0.350400,
9,CReferenceSurface,600,1,1253,1252,1250,1252,1242,13091801003934,16.666496,16.687000,,0.411200,0.602700,
9,CReferenceSurface,600,1,1254,1253,1251,1253,1243,13091801170804,16.666206,16.647100,,0.000000,0.556700,
9,CReferenceSurface,600,1,1255,1254,1252,1254,1244,13091801337275,16.666595,16.678300,,0.381200,0.345200,
9,CReferenceSurface,600,1,1256,1255,1253,1255,1245,13091801504058,16.675100,16.661800,,0.329900,0.394400,
9,CReferenceSurface,600,1,1257,1256,1254,1256,1246,13091801670676,16.666900,16.657500,,0.552900,0.504800,
9,CReferenceSurface,600,1,1258,1257,1255,1257,1247,13091801837251,16.666099,16.667700,,0.316400,0.348000,
9,CReferenceSurface,600,1,1259,1258,1256,1258,1248,13091802003928,16.667305,16.686200,,0.382500,0.469900,
9,CReferenceSurface,600,1,1260,1259,1257,1259,1249,13091802170790,16.667297,16.652900,,0.000000,0.384700,
9,CReferenceSurface,600,1,1261,1260,1258,1260,1250,13091802337319,16.665902,16.670100,,0.440100,0.457200,
9,CReferenceSurface,600,1,1262,1261,1259,1261,1251,13091802504020,16.666695,16.669300,,0.384200,0.404400,
9,CReferenceSurface,600,1,1263,1262,1260,1262,1252,13091802670713,16.667105,16.671600,,0.374200,0.401700,
9,CReferenceSurface,600,1,1264,1263,1261,1263,1253,13091802837429,16.666695,16.659600,,0.387100,0.434100,
9,CReferenceSurface,600,1,1265,1264,1262,1264,1254,13091803004025,16.666900,16.671000,,0.317700,0.407000,
9,CReferenceSurface,600,1,1266,1265,1263,1265,1255,13091803170735,16.666504,16.661000,,0.000000,0.477400,
9,CReferenceSurface,600,1,1267,1266,1264,1266,1256,13091803337345,16.666900,16.669000,,0.399900,0.420100,
9,CReferenceSurface,600,1,1268,1267,1265,1267,1257,13091803504035,16.666198,16.674400,,0.380300,0.439900,
9,CReferenceSurface,600,1,1269,1268,1266,1268,1258,13091803670779,16.666595,16.658600,,0.392500,0.347300,
9,CReferenceSurface,600,1,1270,1269,1267,1269,1259,13091803837365,16.667105,16.665900,,0.376000,0.490300,
9,CReferenceSurface,600,1,1271,1270,1268,1270,1260,13091804004024,16.666794,16.665000,,0.392300,0.529600,
9,CReferenceSurface,600,1,1272,1271,1269,1271,1261,13091804170674,16.666405,16.668200,,0.000000,0.419200,
9,CReferenceSurface,600,1,1273,1272,1270,1272,1262,13091804337356,16.666695,16.670100,,0.315400,0.369900,
9,CReferenceSurface,600,1,1274,1273,1271,1273,1263,13091804504057,16.666999,16.664000,,0.338600,0.457100,
9,CReferenceSurface,600,1,1275,1274,1272,1274,1264,13091804670697,16.666602,16.663800,,0.395400,0.438300,
9,CReferenceSurface,600,1,1276,1275,1273,1275,1265,13091804837335,16.666703,16.674100,,0.363200,0.438800,
9,CReferenceSurface,600,1,1277,1276,1274,1276,1266,13091805004076,16.666496,16.670700,,0.406600,0.451100,
9,CReferenceSurface,600,1,1278,1277,1275,1277,1267,13091805170783,16.669104,16.664700,,0.000000,0.634900,
9,CReferenceSurface,600,1,1279,1278,1276,1278,1268,13091805337430,16.664598,16.669000,,0.434700,0.480800,
9,CReferenceSurface,600,1,1280,1279,1277,1279,1269,13091805504120,16.666602,16.667500,,0.438800,0.483700,
9,CReferenceSurface,600,1,1281,1280,1278,1280,1270,13091805670795,16.666595,16.676500,,0.430700,0.488000,
9,CReferenceSurface,600,1,1282,1281,1279,1281,1271,13091805837560,16.667198,16.659300,,0.507700,0.505300,
9,CReferenceSurface,600,1,1283,1282,1280,1282,1272,13091806004153,16.733000,16.663600,,0.468800,0.507400,
9,CReferenceSurface,600,1,1284,1283,1281,1283,1273,13091806170789,16.667899,16.669400,,0.000000,0.544100,
9,CReferenceSurface,600,1,1285,1284,1282,1284,1274,13091806337483,16.666703,16.666700,,0.571500,0.600300,
9,CReferenceSurface,600,1,1286,1285,1283,1285,1275,13091806504150,16.666405,16.729900,,0.403400,0.489900,
9,CReferenceSurface,600,1,1287,1286,1284,1286,1276,13091806671449,16.666794,16.674000,,0.356100,0.413000,
9,CReferenceSurface,600,1,1288,1287,1285,1287,1277,13091806838189,16.666405,16.660100,,0.326400,0.376900,
9,CReferenceSurface,600,1,1289,1288,1286,1288,1278,13091807004790,16.666900,16.658000,,0.334800,0.489000,
9,CReferenceSurface,600,1,1290,1289,1287,1289,1279,13091807171370,16.666794,16.665500,,0.000000,0.517800,
9,CReferenceSurface,600,1,1291,1290,1288,1290,1280,13091807338025,16.666802,16.669800,,0.401300,0.504200,
9,CReferenceSurface,600,1,1292,1291,1289,1291,1281,13091807504723,16.667701,16.675300,,0.365600,0.466600,
9,CReferenceSurface,600,1,1293,1292,1290,1292,1282,13091807671476,16.665498,16.667600,,0.389100,0.464400,
9,CReferenceSurface,600,1,1294,1293,1291,1293,1283,13091807838152,16.666900,16.664200,,0.401500,0.480500,
9,CReferenceSurface,600,1,1295,1294,1292,1294,1284,13091808004794,16.667305,16.667200,,0.598700,0.477800,
9,CReferenceSurface,600,1,1296,1295,1293,1295,1285,13091808171466,16.666595,16.667200,,0.000000,0.694800,
9,CReferenceSurface,600,1,1297,1296,1294,1296,1286,13091808338138,16.666306,16.672400,,0.540500,0.549900,
9,CReferenceSurface,600,1,1298,1297,1295,1297,1287,13091808504862,16.667100,16.669300,,0.482000,0.511000,
9,CReferenceSurface,600,1,1299,1298,1296,1298,1288,13091808671555,16.667396,16.664000,,0.484400,0.546000,
9,CReferenceSurface,600,1,1300,1299,1297,1299,1289,13091808838195,16.666405,16.658300,,0.462800,0.548000,
9,CReferenceSurface,600,1,1301,1300,1298,1300,1290,13091809004778,16.666999,16.673300,,0.440800,0.502300,
9,CReferenceSurface,600,1,1302,1301,1299,1301,1291,13091809171511,16.666299,16.709500,,0.000000,0.502900,
9,CReferenceSurface,600,1,1303,1302,1300,1302,1292,13091809338606,16.666900,16.617800,,0.413200,0.471800,
9,CReferenceSurface,600,1,1304,1303,1301,1303,1293,13091809504784,16.666496,16.677000,,0.446000,0.504200,
9,CReferenceSurface,600,1,1305,1304,1302,1304,1294,13091809671554,16.666802,16.655600,,0.440500,0.483000,
9,CReferenceSurface,600,1,1306,1305,1303,1305,1295,13091809838110,16.668204,16.680100,,0.441900,0.600700,
9,CReferenceSurface,600,1,1307,1306,1304,1306,1296,13091810004911,16.665298,16.656600,,0.436000,0.484100,
9,CReferenceSurface,600,1,1308,1307,1305,1307,1297,13091810171477,16.666695,16.670500,,0.000000,0.522300,
9,CReferenceSurface,600,1,1309,1308,1306,1308,1298,13091810338182,16.666999,16.670600,,0.423000,0.529300,
9,CReferenceSurface,600,1,1310,1309,1307,1309,1299,13091810504888,16.666405,16.658700,,0.403600,0.488500,
9,CReferenceSurface,600,1,1311,1310,1308,1310,1300,13091810671475,16.666595,16.666800,,0.399600,0.477700,
9,CReferenceSurface,600,1,1312,1311,1309,1311,1301,13091810838143,16.667105,16.668700,,0.421400,0.485700,
9,CReferenceSurface,600,1,1313,1312,1310,1312,1302,13091811004830,16.666397,16.666300,,0.419100,0.576400,
9,CReferenceSurface,600,1,1314,1313,1311,1313,1303,13091811171493,16.666999,16.666000,,0.000000,0.533700,
9,CReferenceSurface,600,1,1315,1314,1312,1314,1304,13091811338153,16.667100,16.666500,,0.513400,0.524200,
9,CReferenceSurface,600,1,1316,1315,1313,1315,1305,13091811504818,16.665902,16.667300,,0.547100,0.552300,
9,CReferenceSurface,600,1,1317,1316,1314,1316,1306,13091811671491,16.667800,16.665200,,0.473000,0.521100,
9,CReferenceSurface,600,1,1318,1317,1315,1317,1307,13091811838143,16.666900,16.674600,,0.561900,0.791600,
9,CReferenceSurface,600,1,1319,1318,1316,1318,1308,13091812004889,16.666900,16.657900,,0.647900,0.690400,
9,CReferenceSurface,600,1,1320,1319,1317,1319,1309,13091812171468,16.666001,23.321700,,0.000000,0.658400,
9,CReferenceSurface,600,1,1321,1320,1318,1320,1310,13091812404685,16.667297,10.152500,,0.534400,0.561000,
9,CReferenceSurface,600,1,1322,1321,1319,1321,1311,13091812506210,16.666397,16.592500,,0.468600,0.483400,
9,CReferenceSurface,600,1,1323,1322,1320,1322,1312,13091812672135,16.666602,16.602400,,0.420900,0.468000,
9,CReferenceSurface,600,1,1324,1323,1321,1323,1313,13091812838159,16.666703,16.665000,,0.424200,0.491700,
9,CReferenceSurface,600,1,1325,1324,1322,1324,1314,13091813004809,16.666999,16.665400,,0.425200,0.485400,
9,CReferenceSurface,600,1,1326,1325,1323,1325,1315,13091813171463,16.666397,16.670900,,0.000000,0.507700,
9,CReferenceSurface,600,1,1327,1326,1324,1326,1316,13091813338172,16.666802,16.665800,,0.458300,0.568900,
9,CReferenceSurface,600,1,1328,1327,1325,1327,1317,13091813504830,16.666496,16.667000,,0.456300,0.468500,
9,CReferenceSurface,600,1,1329,1328,1326,1328,1318,13091813671500,16.667206,16.659900,,0.343000,0.419800,
9,CReferenceSurface,600,1,1330,1329,1327,1329,1319,13091813838099,16.666496,16.673700,,0.355800,0.485600,
9,CReferenceSurface,600,1,1331,1330,1328,1330,1320,13091814004836,16.666802,16.657900,,0.374600,0.479100,
9,CReferenceSurface,600,1,1332,1331,1329,1331,1321,13091814171415,16.668404,16.672200,,0.000000,0.473600,
9,CReferenceSurface,600,1,1333,1332,1330,1332,1322,13091814338137,16.665695,16.668300,,0.515500,0.479200,
9,CReferenceSurface,600,1,1334,1333,1331,1333,1323,13091814504820,16.666999,16.665700,,0.431700,0.468500,
9,CReferenceSurface,600,1,1335,1334,1332,1334,1324,13091814671477,16.665902,16.699900,,0.415400,0.481900,
9,CReferenceSurface,600,1,1336,1335,1333,1335,1325,13091814838476,16.667396,16.634400,,0.449600,0.476900,
9,CReferenceSurface,600,1,1337,1336,1334,1336,1326,13091815004820,16.667206,16.667900,,0.477900,0.552200,
9,CReferenceSurface,600,1,1338,1337,1335,1337,1327,13091815171499,16.667198,16.663200,,0.000000,0.514700,
9,CReferenceSurface,600,1,1339,1338,1336,1338,1328,13091815338131,16.666198,16.669500,,0.440800,0.684100,
9,CReferenceSurface,600,1,1340,1339,1337,1339,1329,13091815504826,16.665902,16.669100,,0.374000,0.461800,
9,CReferenceSurface,600,1,1341,1340,1338,1340,1330,13091815671517,16.667502,16.666800,,0.412100,0.395600,
9,CReferenceSurface,600,1,1342,1341,1339,1341,1331,13091815838185,16.666496,16.658700,,0.358800,0.375800,
9,CReferenceSurface,600,1,1343,1342,1340,1342,1332,13091816004772,16.666496,16.709200,,0.331600,0.416900,
9,CReferenceSurface,600,1,1344,1343,1341,1343,1333,13091816171864,16.666802,16.638600,,0.000000,0.437600,
9,CReferenceSurface,600,1,1345,1344,1342,1344,1334,13091816338250,16.666405,16.651800,,0.429700,0.425900,
9,CReferenceSurface,600,1,1346,1345,1343,1345,1335,13091816504768,16.666695,16.668300,,0.394200,0.422000,
9,CReferenceSurface,600,1,1347,1346,1344,1346,1336,13091816671451,16.666703,16.663100,,0.374000,0.423800,
9,CReferenceSurface,600,1,1348,1347,1345,1347,1337,13091816838082,16.667603,16.668700,,0.379600,0.333000,
9,CReferenceSurface,600,1,1349,1348,1346,1348,1338,13091817004769,16.672201,16.665100,,0.413300,0.619800,
9,CReferenceSurface,600,1,1350,1349,1347,1349,1339,13091817171420,16.666999,16.665700,,0.000000,0.430500,
9,CReferenceSurface,600,1,1351,1350,1348,1350,1340,13091817338077,16.665895,16.680700,,0.390900,0.403600,
9,CReferenceSurface,600,1,1352,1351,1349,1351,1341,13091817504884,16.667305,16.673600,,0.391900,0.383800,
9,CReferenceSurface,600,1,1353,1352,1350,1352,1342,13091817671620,16.666999,16.658100,,0.344900,0.392100,
9,CReferenceSurface,600,1,1354,1353,1351,1353,1343,13091817838201,16.666001,16.671000,,0.378500,0.351800,
9,CReferenceSurface,600,1,1355,1354,1352,1354,1344,13091818004911,16.666900,16.660400,,0.389000,0.444100,
9,CReferenceSurface,600,1,1356,1355,1353,1355,1345,13091818171515,16.666595,16.664100,,0.000000,0.412900,
9,CReferenceSurface,600,1,1357,1356,1354,1356,1346,13091818338156,16.666198,16.666200,,0.414200,0.596700,
9,CReferenceSurface,600,1,1358,1357,1355,1357,1347,13091818504818,16.667403,16.670100,,0.360700,0.392500,
9,CReferenceSurface,600,1,1359,1358,1356,1358,1348,13091818671519,16.667198,16.662800,,0.330100,0.378300,
9,CReferenceSurface,600,1,1360,1359,1357,1359,1349,13091818838147,16.666299,16.667800,,0.419200,0.518800,
9,CReferenceSurface,600,1,1361,1360,1358,1360,1350,13091819004825,16.666602,16.664200,,0.381400,0.436100,
9,CReferenceSurface,600,1,1362,1361,1359,1361,1351,13091819171467,16.666900,16.682700,,0.000000,0.413200,
9,CReferenceSurface,600,1,1363,1362,1360,1362,1352,13091819338294,16.666602,16.654900,,0.469400,0.578300,
9,CReferenceSurface,600,1,1364,1363,1361,1363,1353,13091819504843,16.666794,16.664600,,0.382600,0.437000,
10,CReferenceSurface,600,4,1396,1395,1393,1395,1384,13091825120548,16.666299,16.671200,,0.472200,0.447000,
10,CReferenceSurface,600,4,1397,1396,1394,1396,1385,13091825287260,16.666496,16.667900,,0.347900,0.410400,
10,CReferenceSurface,600,4,1398,1397,1395,1397,1386,13091825453939,16.666206,16.668400,,0.368800,0.400900,
10,CReferenceSurface,600,4,1399,1398,1396,1398,1387,13091825620623,16.667297,16.654500,,0.375300,0.399600,
10,CReferenceSurface,600,4,1400,1399,1397,1399,1388,13091825787168,16.667100,16.666400,,0.000000,0.370600,
10,CReferenceSurface,600,4,1401,1400,1398,1400,1389,13091825953832,16.665801,16.664800,,0.417000,0.385400,
10,CReferenceSurface,600,4,1402,1401,1399,1401,1390,13091826120480,16.666802,16.667200,,0.391700,0.416100,
10,CReferenceSurface,600,4,1403,1402,1400,1402,1391,13091826287152,16.666695,16.674800,,0.353400,0.390000,
10,CReferenceSurface,600,4,1404,1403,1401,1403,1392,13091826453900,16.666999,16.673000,,0.322300,0.380000,
10,CReferenceSurface,600,4,1405,1404,1402,1404,1393,13091826620630,16.666405,16.650400,,0.369800,0.413000,
10,CReferenceSurface,600,4,1406,1405,1403,1405,1394,13091826787134,16.666299,16.664400,,0.000000,0.357400,
10,CReferenceSurface,600,4,1407,1406,1404,1406,1395,13091826953778,16.667899,16.668600,,0.415600,0.570900,
10,CReferenceSurface,600,4,1408,1407,1405,1407,1396,13091827120464,16.665703,16.665700,,0.309300,0.413700,
10,CReferenceSurface,600,4,1409,1408,1406,1408,1397,13091827287121,16.667100,16.682300,,0.428500,0.371400,
10,CReferenceSurface,600,4,1410,1409,1407,1409,1398,13091827453944,16.666595,16.656200,,0.380800,0.435700,
10,CReferenceSurface,600,4,1411,1410,1408,1410,1399,13091827620506,16.666802,16.664900,,0.346400,0.360200,
10,CReferenceSurface,600,4,1412,1411,1409,1411,1400,13091827787155,16.666900,16.667800,,0.000000,0.422400,
10,CReferenceSurface,600,4,1413,1412,1410,1412,1401,13091827953833,16.666802,16.665600,,0.364400,0.396500,
10,CReferenceSurface,600,4,1414,1413,1411,1413,1402,13091828120489,16.666802,16.668100,,0.400100,0.404700,
10,CReferenceSurface,600,4,1415,1414,1412,1414,1403,13091828287170,16.666802,16.666500,,0.395100,0.425400,
10,CReferenceSurface,600,4,1416,1415,1413,1415,1404,13091828453835,16.666496,16.684400,,0.380200,0.438900,
10,CReferenceSurface,600,4,1417,1416,1414,1416,1405,13091828620679,16.666198,16.653100,,0.395500,0.472100,
10,CReferenceSurface,600,4,1418,1417,1415,1417,1406,13091828787210,16.666405,16.663300,,0.000000,0.385300,
10,CReferenceSurface,600,4,1419,1418,1416,1418,1407,13091828953843,16.666999,16.665800,,0.363400,0.401200,
10,CReferenceSurface,600,4,1420,1419,1417,1419,1408,13091829120501,16.667800,16.661300,,0.353500,0.455500,
10,CReferenceSurface,600,4,1421,1420,1418,1420,1409,13091829287114,16.665895,16.669500,,0.396700,0.451500,
10,CReferenceSurface,600,4,1422,1421,1419,1421,1410,13091829453809,16.666504,16.674100,,0.386700,0.424500,
10,CReferenceSurface,600,4,1423,1422,1420,1422,1411,13091829620550,16.666999,16.667100,,0.375900,0.446400,
10,CReferenceSurface,600,4,1424,1423,1421,1423,1412,13091829787221,16.666496,16.661700,,0.000000,0.425900,
10,CReferenceSurface,600,4,1425,1424,1422,1424,1413,13091829953838,16.666802,16.665300,,0.381900,0.425400,
10,CReferenceSurface,600,4,1426,1425,1423,1425,1414,13091830120491,16.666602,16.667200,,0.441000,0.493500,
10,CReferenceSurface,600,4,1427,1426,1424,1426,1415,13091830287163,16.666695,16.671300,,0.402600,0.489700,
10,CReferenceSurface,600,4,1428,1427,1425,1427,1416,13091830453876,16.666900,16.670600,,0.419800,0.482400,
10,CReferenceSurface,600,4,1429,1428,1426,1428,1417,13091830620582,16.667105,16.669700,,0.436100,0.625500,
10,CReferenceSurface,600,4,1430,1429,1427,1429,1418,13091830787279,16.666695,16.662300,,0.000000,0.489700,
10,CReferenceSurface,600,4,1431,1430,1428,1430,1419,13091830953902,16.666703,16.672200,,0.434800,0.501400,
10,CReferenceSurface,600,4,1432,1431,1429,1431,1420,13091831120624,16.667297,16.669900,,0.443700,0.484600,
10,CReferenceSurface,600,4,1433,1432,1430,1432,1421,13091831287323,16.666001,16.661500,,0.444500,0.516600,
10,CReferenceSurface,600,4,1434,1433,1431,1433,1422,13091831453938,16.666900,16.662800,,0.456700,0.517300,
10,CReferenceSurface,600,4,1435,1434,1432,1434,1423,13091831620566,16.708298,16.670700,,0.454100,0.482700,
10,CReferenceSurface,600,4,1436,1435,1433,1435,1424,13091831787273,16.666602,16.665500,,0.000000,0.569500,
10,CReferenceSurface,600,4,1437,1436,1434,1436,1425,13091831953928,16.666900,16.668400,,0.462300,0.599100,
10,CReferenceSurface,600,4,1438,1437,1435,1437,1426,13091832120612,16.666602,16.709600,,0.464400,0.546300,
10,CReferenceSurface,600,4,1439,1438,1436,1438,1427,13091832287708,16.666794,16.665300,,0.423100,0.500400,
10,CReferenceSurface,600,4,1440,1439,1437,1439,1428,13091832454361,16.666802,16.669100,,0.424900,0.481600,
10,CReferenceSurface,600,4,1441,1440,1438,1440,1429,13091832621052,16.666999,16.663100,,0.395200,0.462100,
10,CReferenceSurface,600,4,1442,1441,1439,1441,1430,13091832787683,17.001702,16.669100,,0.000000,0.394400,
10,CReferenceSurface,600,4,1443,1442,1440,1442,1431,13091832954374,16.668098,16.659700,,0.388900,0.405500,
10,CReferenceSurface,600,4,1444,1443,1441,1443,1432,13091833120971,16.666099,16.660800,,0.438800,0.536000,
10,CReferenceSurface,600,4,1445,1444,1442,1444,1433,13091833287579,16.667403,17.003500,,0.396600,0.468300,
10,CReferenceSurface,600,4,1446,1445,1443,1445,1434,13091833457614,16.666602,16.677800,,0.412700,0.501100,
10,CReferenceSurface,600,4,1447,1446,1444,1446,1435,13091833624392,16.667100,16.666900,,0.440700,0.491200,
10,CReferenceSurface,600,4,1448,1447,1445,1447,1436,13091833791061,16.666299,16.670400,,0.000000,0.785300,
10,CReferenceSurface,600,4,1449,1448,1446,1448,1437,13091833957765,16.666802,16.659500,,0.536300,0.565500,
10,CReferenceSurface,600,4,1450,1449,1447,1449,1438,13091834124360,16.666595,16.683500,,0.570800,0.657600,
10,CReferenceSurface,600,4,1451,1450,1448,1450,1439,13091834291195,16.666999,16.657500,,0.519100,0.539600,
10,CReferenceSurface,600,4,1452,1451,1449,1451,1440,13091834457770,16.666602,16.665000,,0.450200,0.509800,
10,CReferenceSurface,600,4,1453,1452,1450,1452,1441,13091834624420,16.666703,16.664400,,0.452300,0.500200,
10,CReferenceSurface,600,4,1454,1453,1451,1453,1442,13091834791064,16.666299,16.661400,,0.000000,0.642800,
10,CReferenceSurface,600,4,1455,1454,1452,1454,1443,13091834957678,16.667100,16.672400,,0.408000,0.462100,
10,CReferenceSurface,600,4,1456,1455,1453,1455,1444,13091835124402,16.666900,16.662500,,0.440400,0.517900,
10,CReferenceSurface,600,4,1457,1456,1454,1456,1445,13091835291027,16.666504,16.665300,,0.437000,0.508700,
10,CReferenceSurface,600,4,1458,1457,1455,1457,1446,13091835457680,16.667100,16.672000,,0.414900,0.497200,
10,CReferenceSurface,600,4,1459,1458,1456,1458,1447,13091835624400,16.667396,16.666600,,0.404500,0.471300,
10,CReferenceSurface,600,4,1460,1459,1457,1459,1448,13091835791066,16.665801,16.664600,,0.000000,0.508400,
10,CReferenceSurface,600,4,1461,1460,1458,1460,1449,13091835957712,16.666802,16.680900,,0.437800,0.548500,
10,CReferenceSurface,600,4,1462,1461,1459,1461,1450,13091836124521,16.666802,16.653700,,0.428100,0.505500,
10,CReferenceSurface,600,4,1463,1462,1460,1462,1451,13091836291058,16.666299,16.664200,,0.477300,0.487900,
10,CReferenceSurface,600,4,1464,1463,1461,1463,1452,13091836457700,16.667100,16.671100,,0.427800,0.523400,
10,CReferenceSurface,600,4,1465,1464,1462,1464,1453,13091836624411,16.666900,16.665000,,0.495200,0.485100,
10,CReferenceSurface,600,4,1466,1465,1463,1465,1454,13091836791061,16.666900,16.663900,,0.000000,0.490700,
10,CReferenceSurface,600,4,1467,1466,1464,1466,1455,13091836957700,16.666198,16.671700,,0.542100,0.593200,
10,CReferenceSurface,600,4,1468,1467,1465,1467,1456,13091837124417,16.666999,16.661700,,0.487500,0.541800,
10,CReferenceSurface,600,4,1469,1468,1466,1468,1457,13091837291034,16.666299,16.674700,,0.447000,0.505900,
10,CReferenceSurface,600,4,1470,1469,1467,1469,1458,13091837457781,16.666999,16.661400,,0.428100,0.477400,
10,CReferenceSurface,600,4,1471,1470,1468,1470,1459,13091837624395,16.666999,16.665600,,0.401500,0.479100,
10,CReferenceSurface,600,4,1472,1471,1469,1471,1460,13091837791051,16.666802,16.663400,,0.000000,0.523700,
10,CReferenceSurface,600,4,1473,1472,1470,1472,1461,13091837957685,16.667297,16.665000,,0.415400,0.464200,
10,CReferenceSurface,600,4,1474,1473,1471,1473,1462,13091838124335,16.666107,16.675400,,0.418900,0.531400,
10,CReferenceSurface,600,4,1475,1474,1472,1474,1463,13091838291089,16.666695,16.661100,,0.444700,0.635200,
10,CReferenceSurface,600,4,1476,1475,1473,1475,1464,13091838457700,16.739201,16.667200,,0.420900,0.512300,
10,CReferenceSurface,600,4,1477,1476,1474,1476,1465,13091838624372,16.665902,16.673000,,0.426500,0.436500,
10,CReferenceSurface,600,4,1478,1477,1475,1477,1466,13091838791102,16.666802,16.661000,,0.000000,0.392600,
10,CReferenceSurface,600,4,1479,1478,1476,1478,1467,13091838957712,16.667198,16.789400,,0.351200,0.446400,
10,CReferenceSurface,600,4,1480,1479,1477,1479,1468,13091839125606,16.666397,16.608000,,0.425200,0.510700,
10,CReferenceSurface,600,4,1481,1480,1478,1480,1469,13091839291686,16.666802,16.669600,,0.441700,0.495000,
10,CReferenceSurface,600,4,1482,1481,1479,1481,1470,13091839458382,16.666999,16.674200,,0.405000,0.453000,
10,CReferenceSurface,600,4,1483,1482,1480,1482,1471,13091839625124,16.666299,16.663100,,0.416800,0.508200,
10,CReferenceSurface,600,4,1484,1483,1481,1483,1472,13091839791755,16.667206,16.663600,,0.000000,0.501600,
10,CReferenceSurface,600,4,1485,1484,1482,1484,1473,13091839958391,16.666802,16.673100,,0.392800,0.474800,
10,CReferenceSurface,600,4,1486,1485,1483,1485,1474,13091840125122,16.666794,16.663400,,0.404100,0.492800,
10,CReferenceSurface,600,4,1487,1486,1484,1486,1475,13091840291756,16.666504,16.669500,,0.443500,0.524400,
10,CReferenceSurface,600,4,1488,1487,1485,1487,1476,13091840458451,16.667100,16.665400,,0.441100,0.567100,
10,CReferenceSurface,600,4,1489,1488,1486,1488,1477,13091840625105,16.667403,16.670500,,0.451900,0.520500,
10,CReferenceSurface,600,4,1490,1489,1487,1489,1478,13091840791810,16.665498,16.665100,,0.000000,0.553800,
10,CReferenceSurface,600,4,1491,1490,1488,1490,1479,13091840958461,16.667297,16.669900,,0.360700,0.388200,
10,CReferenceSurface,600,4,1492,1491,1489,1491,1480,13091841125160,16.687004,16.665000,,0.404100,0.377200,
10,CReferenceSurface,600,4,1493,1492,1490,1492,1481,13091841291810,16.666999,16.653700,,0.321000,0.390300,
10,CReferenceSurface,600,4,1494,1493,1491,1493,1482,13091841458347,16.667496,16.691000,,0.404100,0.534900,
10,CReferenceSurface,600,4,1495,1494,1492,1494,1483,13091841625257,16.666001,16.667100,,0.380800,0.365100,
10,CReferenceSurface,600,4,1496,1495,1493,1495,1484,13091841791928,16.666802,16.663700,,0.000000,0.391100,
10,CReferenceSurface,600,4,1497,1496,1494,1496,1485,13091841958565,16.666802,16.670700,,0.406700,0.464800,
10,CReferenceSurface,600,4,1498,1497,1495,1497,1486,13091842125272,16.667701,16.662100,,0.497100,0.527100,
10,CReferenceSurface,600,4,1499,1498,1496,1498,1487,13091842291893,16.666397,22.395400,,0.484400,0.498400,
10,CReferenceSurface,600,4,1500,1499,1497,1499,1488,13091842515847,16.665498,10.992000,,0.444000,0.466800,
10,CReferenceSurface,600,4,1501,1500,1498,1500,1489,13091842625767,16.667105,16.622800,,0.378000,0.430900,
10,CReferenceSurface,600,4,1502,1501,1499,1501,1490,13091842791995,16.666794,16.672900,,0.000000,0.404600,
10,CReferenceSurface,600,4,1503,1502,1500,1502,1491,13091842958724,16.667403,16.652000,,0.402800,0.445900,
10,CReferenceSurface,600,4,1504,1503,1501,1503,1492,13091843125244,16.665801,16.669700,,0.405200,0.467000,
10,CReferenceSurface,600,4,1505,1504,1502,1504,1493,13091843291941,16.666794,16.666100,,0.304300,0.503000,
10,CReferenceSurface,600,4,1506,1505,1503,1505,1494,13091843458602,16.667105,16.673000,,0.462200,0.484200,
10,CReferenceSurface,600,4,1507,1506,1504,1506,1495,13091843625332,16.666999,16.658900,,0.377300,0.500600,
10,CReferenceSurface,600,4,1508,1507,1505,1507,1496,13091843791921,16.665695,16.667100,,0.000000,0.497900,
10,CReferenceSurface,600,4,1509,1508,1506,1508,1497,13091843958592,16.667198,16.665700,,0.395600,0.357400,
10,CReferenceSurface,600,4,1510,1509,1507,1509,1498,13091844125249,16.666802,16.667600,,0.368600,0.418600,
10,CReferenceSurface,600,4,1511,1510,1508,1510,1499,13091844291925,16.667206,16.664200,,0.342900,0.317300,
10,CReferenceSurface,600,4,1512,1511,1509,1511,1500,13091844458567,16.666794,16.666000,,0.419400,0.467400,
10,CReferenceSurface,600,4,1513,1512,1510,1512,1501,13091844625227,16.665703,16.667500,,0.328500,0.406200,
10,CReferenceSurface,600,4,1514,1513,1511,1513,1502,13091844791902,16.666999,16.680200,,0.000000,0.403600,
10,CReferenceSurface,600,4,1515,1514,1512,1514,1503,13091844958704,16.666802,16.662300,,0.386600,0.436100,
11,CReferenceSurface,600,8,1547,1546,1544,1546,1534,13091850661151,16.666198,16.649600,,0.441500,0.495900,
11,CReferenceSurface,600,8,1548,1547,1545,1547,1535,13091850827647,16.666703,16.673100,,0.438900,0.463800,
11,CReferenceSurface,600,8,1549,1548,1546,1548,1536,13091850994378,16.666999,16.679800,,0.000000,0.587200,
11,CReferenceSurface,600,8,1550,1549,1547,1549,1537,13091851161176,16.666299,16.659000,,0.428600,0.437600,
11,CReferenceSurface,600,8,1551,1550,1548,1550,1538,13091851327766,16.666299,16.665700,,0.380500,0.486900,
11,CReferenceSurface,600,8,1552,1551,1549,1551,1539,13091851494423,16.667206,16.664100,,0.383900,0.392600,
11,CReferenceSurface,600,8,1553,1552,1550,1552,1540,13091851661064,16.667100,16.662700,,0.374100,0.410300,
11,CReferenceSurface,600,8,1554,1553,1551,1553,1541,13091851827691,16.666595,16.664200,,0.395500,0.553700,
11,CReferenceSurface,600,8,1555,1554,1552,1554,1542,13091851994333,16.667305,16.668400,,0.000000,0.419600,
11,CReferenceSurface,600,8,1556,1555,1553,1555,1543,13091852161017,16.665895,16.665300,,0.464700,0.580600,
11,CReferenceSurface,600,8,1557,1556,1554,1556,1544,13091852327670,16.666703,16.667400,,0.395600,0.686300,
11,CReferenceSurface,600,8,1558,1557,1555,1557,1545,13091852494344,16.666504,16.703600,,0.346400,0.393600,
11,CReferenceSurface,600,8,1559,1558,1556,1558,1546,13091852661380,16.667800,16.631000,,0.390800,0.402000,
11,CReferenceSurface,600,8,1560,1559,1557,1559,1547,13091852827690,16.666794,16.727700,,0.362000,0.374700,
11,CReferenceSurface,600,8,1561,1560,1558,1560,1548,13091852994967,16.666001,16.602800,,0.000000,0.624900,
11,CReferenceSurface,600,8,1562,1561,1559,1561,1549,13091853160995,16.666602,16.669600,,0.386200,0.429300,
11,CReferenceSurface,600,8,1563,1562,1560,1562,1550,13091853327691,16.667297,16.680400,,0.406200,0.470300,
11,CReferenceSurface,600,8,1564,1563,1561,1563,1551,13091853494495,16.666306,16.651900,,0.389000,0.429000,
11,CReferenceSurface,600,8,1565,1564,1562,1564,1552,13091853661014,16.667694,16.671700,,0.367600,0.389800,
11,CReferenceSurface,600,8,1566,1565,1563,1565,1553,13091853827731,16.666001,16.665500,,0.391900,0.421000,
11,CReferenceSurface,600,8,1567,1566,1564,1566,1554,13091853994386,16.667502,16.670500,,0.000000,0.456300,
11,CReferenceSurface,600,8,1568,1567,1565,1567,1555,13091854161091,16.665902,16.666100,,0.422400,0.462400,
11,CReferenceSurface,600,8,1569,1568,1566,1568,1556,13091854327752,16.667100,16.658600,,0.378500,0.410300,
11,CReferenceSurface,600,8,1570,1569,1567,1569,1557,13091854494338,16.666299,16.687800,,0.439000,0.638200,
11,CReferenceSurface,600,8,1571,1570,1568,1570,1558,13091854661216,16.666999,16.648000,,0.398200,0.447300,
11,CReferenceSurface,600,8,1572,1571,1569,1571,1559,13091854827696,16.665399,16.671400,,0.554900,0.494100,
11,CReferenceSurface,600,8,1573,1572,1570,1572,1560,13091854994410,16.667603,16.673500,,0.000000,0.622100,
11,CReferenceSurface,600,8,1574,1573,1571,1573,1561,13091855161145,16.666900,16.668100,,0.385600,0.387000,
11,CReferenceSurface,600,8,1575,1574,1572,1574,1562,13091855327826,16.666397,16.654100,,0.338000,0.426300,
11,CReferenceSurface,600,8,1576,1575,1573,1575,1563,13091855494367,16.666900,16.676100,,0.372500,0.480600,
11,CReferenceSurface,600,8,1577,1576,1574,1576,1564,13091855661128,16.666802,16.657200,,0.374900,0.479300,
11,CReferenceSurface,600,8,1578,1577,1575,1577,1565,13091855827700,16.666703,16.669000,,0.399200,0.499400,
11,CReferenceSurface,600,8,1579,1578,1576,1578,1566,13091855994390,16.666703,16.670100,,0.000000,0.579100,
11,CReferenceSurface,600,8,1580,1579,1577,1579,1567,13091856161091,16.667100,16.668300,,0.417100,0.463800,
11,CReferenceSurface,600,8,1581,1580,1578,1580,1568,13091856327774,16.666198,16.670800,,0.420200,0.502000,
11,CReferenceSurface,600,8,1582,1581,1579,1581,1569,13091856494482,16.666595,16.662900,,0.429500,0.521300,
11,CReferenceSurface,600,8,1583,1582,1580,1582,1570,13091856661111,16.667206,16.670100,,0.422700,0.490500,
11,CReferenceSurface,600,8,1584,1583,1581,1583,1571,13091856827812,16.666695,16.665200,,0.563700,0.508900,
11,CReferenceSurface,600,8,1585,1584,1582,1584,1572,13091856994464,16.666703,16.664900,,0.000000,0.478500,
11,CReferenceSurface,600,8,1586,1585,1583,1585,1573,13091857161113,16.666802,16.672600,,0.475700,0.507000,
11,CReferenceSurface,600,8,1587,1586,1584,1586,1574,13091857327839,16.666802,16.662500,,0.423100,0.472100,
11,CReferenceSurface,600,8,1588,1587,1585,1587,1575,13091857494464,16.666299,16.670600,,0.393600,0.452500,
11,CReferenceSurface,600,8,1589,1588,1586,1588,1576,13091857661170,16.666900,16.790300,,0.382200,0.417100,
11,CReferenceSurface,600,8,1590,1589,1587,1589,1577,13091857829073,16.666602,16.530500,,0.351500,0.407100,
11,CReferenceSurface,600,8,1591,1590,1588,1590,1578,13091857994378,16.666496,16.665700,,0.000000,0.407400,
11,CReferenceSurface,600,8,1592,1591,1589,1591,1579,13091858161035,16.666900,16.667500,,0.322800,0.369000,
11,CReferenceSurface,600,8,1593,1592,1590,1592,1580,13091858327710,16.666900,16.664200,,0.413300,0.357000,
11,CReferenceSurface,600,8,1594,1593,1591,1593,1581,13091858494352,16.666802,16.667500,,0.409700,0.501000,
11,CReferenceSurface,600,8,1595,1594,1592,1594,1582,13091858661027,16.666496,16.686900,,0.383500,0.589300,
11,CReferenceSurface,600,8,1596,1595,1593,1595,1583,13091858827896,16.666999,16.657800,,0.415600,0.486100,
11,CReferenceSurface,600,8,1597,1596,1594,1596,1584,13091858994474,16.666900,16.666300,,0.000000,0.505400,
11,CReferenceSurface,600,8,1598,1597,1595,1597,1585,13091859161137,16.666703,16.664900,,0.578700,0.662100,
11,CReferenceSurface,600,8,1599,1598,1596,1598,1586,13091859327786,16.666496,16.668600,,0.556300,0.579800,
11,CReferenceSurface,600,8,1600,1599,1597,1599,1587,13091859494472,16.666900,16.668700,,0.493800,0.518400,
11,CReferenceSurface,600,8,1601,1600,1598,1600,1588,13091859661159,16.666900,16.669900,,0.546200,0.536400,
11,CReferenceSurface,600,8,1602,1601,1599,1601,1589,13091859827858,16.666198,16.658900,,0.444700,0.488100,
11,CReferenceSurface,600,8,1603,1602,1600,1602,1590,13091859994447,16.666602,16.670200,,0.000000,0.470800,
11,CReferenceSurface,600,8,1604,1603,1601,1603,1591,13091860161149,16.667100,16.723800,,0.441300,0.503600,
11,CReferenceSurface,600,8,1605,1604,1602,1604,1592,13091860328387,16.666999,16.603600,,0.422900,0.484100,
11,CReferenceSurface,600,8,1606,1605,1603,1605,1593,13091860494423,16.666703,16.667500,,0.445100,0.518600,
11,CReferenceSurface,600,8,1607,1606,1604,1606,1594,13091860661098,16.666703,16.665600,,0.429800,0.526300,
11,CReferenceSurface,600,8,1608,1607,1605,1607,1595,13091860827754,16.667694,16.684300,,0.431800,0.549100,
11,CReferenceSurface,600,8,1609,1608,1606,1608,1596,13091860994597,16.666306,16.657200,,0.000000,0.513700,
11,CReferenceSurface,600,8,1610,1609,1607,1609,1597,13091861161169,16.666595,16.664700,,0.457700,0.494200,
11,CReferenceSurface,600,8,1611,1610,1608,1610,1598,13091861327816,16.666504,16.669200,,0.423300,0.530900,
11,CReferenceSurface,600,8,1612,1611,1609,1611,1599,13091861494508,16.666900,16.666000,,0.433300,0.537200,
11,CReferenceSurface,600,8,1613,1612,1610,1612,1600,13091861661168,16.666794,16.664500,,0.436600,0.510800,
11,CReferenceSurface,600,8,1614,1613,1611,1613,1601,13091861827813,16.666602,16.668500,,0.423100,0.569800,
11,CReferenceSurface,600,8,1615,1614,1612,1614,1602,13091861994498,16.666900,16.667700,,0.000000,0.527000,
11,CReferenceSurface,600,8,1616,1615,1613,1615,1603,13091862161175,16.667297,16.663100,,0.409900,0.449400,
11,CReferenceSurface,600,8,1617,1616,1614,1616,1604,13091862327806,16.666099,16.669500,,0.756900,0.826000,
11,CReferenceSurface,600,8,1618,1617,1615,1617,1605,13091862494501,16.666504,16.666500,,0.567500,0.590600,
11,CReferenceSurface,600,8,1619,1618,1616,1618,1606,13091862661166,16.667297,16.676200,,0.470800,0.516900,
11,CReferenceSurface,600,8,1620,1619,1617,1619,1607,13091862827928,16.666900,16.657100,,0.457200,0.532100,
11,CReferenceSurface,600,8,1621,1620,1618,1620,1608,13091862994499,16.666802,16.663800,,0.000000,0.470900,
11,CReferenceSurface,600,8,1622,1621,1619,1621,1609,13091863161137,16.667396,16.664900,,0.395200,0.460800,
11,CReferenceSurface,600,8,1623,1622,1620,1622,1610,13091863327786,16.665801,16.665200,,0.400200,0.482100,
11,CReferenceSurface,600,8,1624,1623,1621,1623,1611,13091863494438,16.667701,16.668500,,0.413100,0.483900,
11,CReferenceSurface,600,8,1625,1624,1622,1624,1612,13091863661123,16.665801,16.668500,,0.408900,0.472900,
11,CReferenceSurface,600,8,1626,1625,1623,1625,1613,13091863827808,16.666900,16.666100,,0.409300,0.465100,
11,CReferenceSurface,600,8,1627,1626,1624,1626,1614,13091863994469,16.666299,16.666100,,0.000000,0.520400,
11,CReferenceSurface,600,8,1628,1627,1625,1627,1615,13091864161130,16.666999,16.670000,,0.416300,0.435000,
11,CReferenceSurface,600,8,1629,1628,1626,1628,1616,13091864327830,16.666900,16.665000,,0.428800,0.469100,
11,CReferenceSurface,600,8,1630,1629,1627,1629,1617,13091864494480,16.666198,16.661000,,0.468300,0.500100,
11,CReferenceSurface,600,8,1631,1630,1628,1630,1618,13091864661090,16.666999,16.671900,,0.356400,0.415800,
11,CReferenceSurface,600,8,1632,1631,1629,1631,1619,13091864827809,16.667198,16.666000,,0.433700,0.450800,
11,CReferenceSurface,600,8,1633,1632,1630,1632,1620,13091864994469,16.666999,16.661000,,0.000000,0.523000,
11,CReferenceSurface,600,8,1634,1633,1631,1633,1621,13091865161079,16.666602,16.667300,,0.422100,0.490600,
11,CReferenceSurface,600,8,1635,1634,1632,1634,1622,13091865327752,16.667297,16.673100,,0.536200,0.665000,
11,CReferenceSurface,600,8,1636,1635,1633,1635,1623,13091865494483,16.665703,16.676800,,0.598300,0.697400,
11,CReferenceSurface,600,8,1637,1636,1634,1636,1624,13091865661251,16.667496,16.662500,,0.512400,0.521200,
11,CReferenceSurface,600,8,1638,1637,1635,1637,1625,13091865827876,16.666602,16.670300,,0.468900,0.527800,
11,CReferenceSurface,600,8,1639,1638,1636,1638,1626,13091865994579,16.666999,16.656200,,0.000000,0.591700,
11,CReferenceSurface,600,8,1640,1639,1637,1639,1627,13091866161141,16.667403,16.672300,,0.454300,0.536700,
11,CReferenceSurface,600,8,1641,1640,1638,1640,1628,13091866327864,16.666397,16.670000,,0.413700,0.476900,
11,CReferenceSurface,600,8,1642,1641,1639,1641,1629,13091866494564,16.665695,16.664900,,0.425400,0.478000,
11,CReferenceSurface,600,8,1643,1642,1640,1642,1630,13091866661213,16.666405,16.665000,,0.426500,0.402100,
11,CReferenceSurface,600,8,1644,1643,1641,1643,1631,13091866827863,16.667198,16.668700,,0.317500,0.368400,
11,CReferenceSurface,600,8,1645,1644,1642,1644,1632,13091866994550,16.666999,16.654100,,0.000000,0.369000,
11,CReferenceSurface,600,8,1646,1645,1643,1645,1633,13091867161091,16.666703,16.709500,,0.410200,0.524500,
11,CReferenceSurface,600,8,1647,1646,1644,1646,1634,13091867328186,16.666703,16.619400,,0.304300,0.309800,
11,CReferenceSurface,600,8,1648,1647,1645,1647,1635,13091867494380,16.666900,16.674100,,0.432700,0.505600,
11,CReferenceSurface,600,8,1649,1648,1646,1648,1636,13091867661121,16.666099,16.658900,,0.376400,0.444000,
11,CReferenceSurface,600,8,1650,1649,1647,1649,1637,13091867827710,16.666893,16.685300,,0.371300,0.329500,
11,CReferenceSurface,600,8,1651,1650,1648,1650,1638,13091867994563,16.666602,16.651500,,0.000000,0.399900,
11,CReferenceSurface,600,8,1652,1651,1649,1651,1639,13091868161078,16.666198,16.669200,,0.412200,0.411100,
11,CReferenceSurface,600,8,1653,1652,1650,1652,1640,13091868327770,16.667198,16.663700,,0.372200,0.300400,
11,CReferenceSurface,600,8,1654,1653,1651,1653,1641,13091868494407,16.667105,16.670700,,0.322900,0.384700,
11,CReferenceSurface,600,8,1655,1654,1652,1654,1642,13091868661114,16.666794,16.660300,,0.426500,0.508400,
11,CReferenceSurface,600,8,1656,1655,1653,1655,1643,13091868827717,16.666900,16.675700,,0.403900,0.461500,
11,CReferenceSurface,600,8,1657,1656,1654,1656,1644,13091868994474,16.785601,16.669100,,0.000000,0.455900,
11,CReferenceSurface,600,8,1658,1657,1655,1657,1645,13091869161165,16.667198,16.669500,,0.387200,0.430000,
11,CReferenceSurface,600,8,1659,1658,1656,1658,1646,13091869327860,16.666405,16.664600,,0.382000,0.397700,
11,CReferenceSurface,600,8,1660,1659,1657,1659,1647,13091869494506,16.666999,16.778200,,0.374100,0.438800,
11,CReferenceSurface,600,8,1661,1660,1658,1660,1648,13091869662288,16.666900,16.665900,,0.324000,0.466700,
11,CReferenceSurface,600,8,1662,1661,1659,1661,1649,13091869828947,16.666703,16.665600,,0.423600,0.433400,
11,CReferenceSurface,600,8,1663,1662,1660,1662,1650,13091869995603,16.667100,16.674100,,0.000000,0.405700,
11,CReferenceSurface,600,8,1664,1663,1661,1663,1651,13091870162344,16.666695,16.669700,,0.392900,0.381200,
11,CReferenceSurface,600,8,1665,1664,1662,1664,1652,13091870329041,16.665801,16.660800,,0.385400,0.420600,
11,CReferenceSurface,600,8,1666,1665,1663,1665,1653,13091870495649,16.667198,16.673300,,0.447400,0.526000,
11,CReferenceSurface,600,8,1667,1666,1664,1666,1654,13091870662382,16.666504,16.662900,,0.385700,0.350500,
12,CReferenceSurface,600,16,1699,1698,1696,1698,1685,13091876481528,16.667105,16.677100,,0.442300,0.412000,
12,CReferenceSurface,600,16,1700,1699,1697,1699,1686,13091876648299,16.666001,16.666000,,0.405100,0.575600,
12,CReferenceSurface,600,16,1701,1700,1698,1700,1687,13091876814959,16.666695,16.655300,,0.354300,0.353600,
12,CReferenceSurface,600,16,1702,1701,1699,1701,1688,13091876981512,16.667403,16.672900,,0.000000,0.396900,
12,CReferenceSurface,600,16,1703,1702,1700,1702,1689,13091877148241,16.666299,16.661300,,0.421800,0.611300,
12,CReferenceSurface,600,16,1704,1703,1701,1703,1690,13091877314854,16.666999,16.665200,,0.379200,0.387900,
12,CReferenceSurface,600,16,1705,1704,1702,1704,1691,13091877481506,16.667297,16.671000,,0.386300,0.416100,
12,CReferenceSurface,600,16,1706,1705,1703,1705,1692,13091877648216,16.665902,16.666300,,0.373700,0.423100,
12,CReferenceSurface,600,16,1707,1706,1704,1706,1693,13091877814879,16.667100,16.665200,,0.381100,0.368200,
12,CReferenceSurface,600,16,1708,1707,1705,1707,1694,13091877981531,16.666504,16.676500,,0.000000,0.427900,
12,CReferenceSurface,600,16,1709,1708,1706,1708,1695,13091878148296,16.666198,16.658100,,0.354600,0.336600,
12,CReferenceSurface,600,16,1710,1709,1707,1709,1696,13091878314877,16.667396,16.666900,,0.396100,0.408600,
12,CReferenceSurface,600,16,1711,1710,1708,1710,1697,13091878481546,16.666999,16.663500,,0.317600,0.380600,
12,CReferenceSurface,600,16,1712,1711,1709,1711,1698,13091878648181,16.666107,16.671600,,0.331100,0.422400,
12,CReferenceSurface,600,16,1713,1712,1710,1712,1699,13091878814897,16.667297,16.659600,,0.332800,0.411600,
12,CReferenceSurface,600,16,1714,1713,1711,1713,1700,13091878981493,16.666703,16.676200,,0.000000,0.433600,
12,CReferenceSurface,600,16,1715,1714,1712,1714,1701,13091879148255,16.665597,16.661800,,0.429800,0.437200,
12,CReferenceSurface,600,16,1716,1715,1713,1715,1702,13091879314873,16.667403,16.669600,,0.382600,0.416800,
12,CReferenceSurface,600,16,1717,1716,1714,1716,1703,13091879481569,16.666595,16.677000,,0.337200,0.408800,
12,CReferenceSurface,600,16,1718,1717,1715,1717,1704,13091879648339,16.666703,16.654300,,0.379500,0.375300,
12,CReferenceSurface,600,16,1719,1718,1716,1718,1705,13091879814882,16.666802,16.668800,,0.390800,0.421900,
12,CReferenceSurface,600,16,1720,1719,1717,1719,1706,13091879981570,16.667198,16.661100,,0.000000,0.376100,
12,CReferenceSurface,600,16,1721,1720,1718,1720,1707,13091880148181,16.681101,16.671000,,0.425800,0.519200,
12,CReferenceSurface,600,16,1722,1721,1719,1721,1708,13091880314891,16.667701,16.665400,,0.439200,0.426000,
12,CReferenceSurface,600,16,1723,1722,1720,1722,1709,13091880481545,16.666299,16.677500,,0.320200,0.410100,
12,CReferenceSurface,600,16,1724,1723,1721,1723,1710,13091880648320,16.666703,16.673300,,0.331700,0.407100,
12,CReferenceSurface,600,16,1725,1724,1722,1724,1711,13091880815053,16.666893,16.664600,,0.379900,0.422100,
12,CReferenceSurface,600,16,1726,1725,1723,1725,1712,13091880981699,16.666107,16.664000,,0.000000,0.415900,
12,CReferenceSurface,600,16,1727,1726,1724,1726,1713,13091881148339,16.668396,16.668400,,0.381400,0.433800,
12,CReferenceSurface,600,16,1728,1727,1725,1727,1714,13091881315023,16.666504,16.666600,,0.373700,0.474400,
12,CReferenceSurface,600,16,1729,1728,1726,1728,1715,13091881481689,16.666496,16.665200,,0.434900,0.474900,
12,CReferenceSurface,600,16,1730,1729,1727,1729,1716,13091881648341,16.666999,16.683300,,0.440400,0.499600,
12,CReferenceSurface,600,16,1731,1730,1728,1730,1717,13091881815174,16.666602,16.663200,,0.450400,0.544100,
12,CReferenceSurface,600,16,1732,1731,1729,1731,1718,13091881981806,16.706796,16.666200,,0.000000,0.496900,
12,CReferenceSurface,600,16,1733,1732,1730,1732,1719,13091882148468,16.666703,16.667600,,0.423100,0.487200,
12,CReferenceSurface,600,16,1734,1733,1731,1733,1720,13091882315144,16.666900,16.665200,,0.431400,0.628000,
12,CReferenceSurface,600,16,1735,1734,1732,1734,1721,13091882481796,16.667198,16.707500,,0.443300,0.547100,
12,CReferenceSurface,600,16,1736,1735,1733,1735,1722,13091882648871,16.666299,16.669000,,0.431500,0.493100,
12,CReferenceSurface,600,16,1737,1736,1734,1736,1723,13091882815561,16.666802,16.709000,,0.460500,0.520600,
12,CReferenceSurface,600,16,1738,1737,1735,1737,1724,13091882982651,16.666602,16.622000,,0.000000,0.521100,
12,CReferenceSurface,600,16,1739,1738,1736,1738,1725,13091883148871,16.666999,16.666300,,0.444700,0.475100,
12,CReferenceSurface,600,16,1740,1739,1737,1739,1726,13091883315534,16.667800,16.670500,,0.464000,0.519400,
12,CReferenceSurface,600,16,1741,1740,1738,1740,1727,13091883482239,16.665200,16.661400,,0.443600,0.482600,
12,CReferenceSurface,600,16,1742,1741,1739,1741,1728,13091883648853,16.667100,16.847500,,0.387300,0.441900,
12,CReferenceSurface,600,16,1743,1742,1740,1742,1729,13091883817328,16.666999,16.486500,,0.422000,0.459900,
12,CReferenceSurface,600,16,1744,1743,1741,1743,1730,13091883982193,16.667297,16.659600,,0.000000,0.499600,
12,CReferenceSurface,600,16,1745,1744,1742,1744,1731,13091884148789,16.665505,16.680400,,0.364500,0.443500,
12,CReferenceSurface,600,16,1746,1745,1743,1745,1732,13091884315593,16.667198,16.659500,,0.377600,0.437900,
12,CReferenceSurface,600,16,1747,1746,1744,1746,1733,13091884482188,16.666602,16.665200,,0.504400,0.518200,
12,CReferenceSurface,600,16,1748,1747,1745,1747,1734,13091884648840,16.666397,16.658600,,0.406500,0.468400,
12,CReferenceSurface,600,16,1749,1748,1746,1748,1735,13091884815426,16.666999,16.671600,,0.417700,0.500800,
12,CReferenceSurface,600,16,1750,1749,1747,1749,1736,13091884982142,16.666504,16.677600,,0.000000,0.497700,
12,CReferenceSurface,600,16,1751,1750,1748,1750,1737,13091885148918,16.667694,16.660300,,0.418000,0.474600,
12,CReferenceSurface,600,16,1752,1751,1749,1751,1738,13091885315521,16.666405,16.666800,,0.824200,0.842000,
12,CReferenceSurface,600,16,1753,1752,1750,1752,1739,13091885482189,16.666397,16.668800,,0.547400,0.586300,
12,CReferenceSurface,600,16,1754,1753,1751,1753,1740,13091885648877,16.666802,16.680800,,0.487200,0.565300,
12,CReferenceSurface,600,16,1755,1754,1752,1754,1741,13091885815685,16.666802,16.652600,,0.463200,0.526600,
12,CReferenceSurface,600,16,1756,1755,1753,1755,1742,13091885982211,16.666595,16.666000,,0.000000,0.526500,
12,CReferenceSurface,600,16,1757,1756,1754,1756,1743,13091886148871,16.666802,16.672500,,0.438200,0.484300,
12,CReferenceSurface,600,16,1758,1757,1755,1757,1744,13091886315596,16.666504,16.659600,,0.425000,0.475200,
12,CReferenceSurface,600,16,1759,1758,1756,1758,1745,13091886482192,16.667496,16.665600,,0.438800,0.484400,
12,CReferenceSurface,600,16,1760,1759,1757,1759,1746,13091886648848,16.737103,16.665800,,0.417500,0.464100,
12,CReferenceSurface,600,16,1761,1760,1758,1760,1747,13091886815506,16.666695,16.668300,,0.427900,0.496500,
12,CReferenceSurface,600,16,1762,1761,1759,1761,1748,13091886982189,16.666703,16.676400,,0.000000,0.505700,
12,CReferenceSurface,600,16,1763,1762,1760,1762,1749,13091887148953,16.666999,16.729700,,0.432200,0.479900,
12,CReferenceSurface,600,16,1764,1763,1761,1763,1750,13091887316250,16.666198,16.666000,,0.441500,0.630500,
12,CReferenceSurface,600,16,1765,1764,1762,1764,1751,13091887482910,16.667105,16.668300,,0.431300,0.501500,
12,CReferenceSurface,600,16,1766,1765,1763,1765,1752,13091887649593,16.666595,16.667800,,0.446300,0.512000,
12,CReferenceSurface,600,16,1767,1766,1764,1766,1753,13091887816271,16.666802,16.663600,,0.432600,0.498000,
12,CReferenceSurface,600,16,1768,1767,1765,1767,1754,13091887982907,16.667100,16.669700,,0.000000,0.523000,
12,CReferenceSurface,600,16,1769,1768,1766,1768,1755,13091888149604,16.666504,16.665100,,0.456100,0.494000,
12,CReferenceSurface,600,16,1770,1769,1767,1769,1756,13091888316255,16.666999,16.669400,,0.474400,0.540300,
12,CReferenceSurface,600,16,1771,1770,1768,1770,1757,13091888482949,16.666695,16.664400,,0.734400,0.684200,
12,CReferenceSurface,600,16,1772,1771,1769,1771,1758,13091888649593,16.668700,16.666900,,0.594500,0.846300,
12,CReferenceSurface,600,16,1773,1772,1770,1772,1759,13091888816262,16.664505,16.678100,,0.489000,0.480000,
12,CReferenceSurface,600,16,1774,1773,1771,1773,1760,13091888983043,16.667100,16.660500,,0.000000,0.517300,
12,CReferenceSurface,600,16,1775,1774,1772,1774,1761,13091889149648,16.666595,16.713400,,0.431900,0.473800,
12,CReferenceSurface,600,16,1776,1775,1773,1775,1762,13091889316782,16.666504,16.616100,,0.415600,0.452300,
12,CReferenceSurface,600,16,1777,1776,1774,1776,1763,13091889482943,16.666999,16.663300,,0.418100,0.489200,
12,CReferenceSurface,600,16,1778,1777,1775,1777,1764,13091889649576,16.666496,16.667600,,0.420600,0.480400,
12,CReferenceSurface,600,16,1779,1778,1776,1778,1765,13091889816252,16.666999,16.665700,,0.403300,0.479000,
12,CReferenceSurface,600,16,1780,1779,1777,1779,1766,13091889982909,16.666802,16.667400,,0.000000,0.519600,
12,CReferenceSurface,600,16,1781,1780,1778,1780,1767,13091890149583,16.666602,16.665400,,0.426800,0.494600,
12,CReferenceSurface,600,16,1782,1781,1779,1781,1768,13091890316237,16.666595,16.672000,,0.425000,0.499100,
12,CReferenceSurface,600,16,1783,1782,1780,1782,1769,13091890482957,16.666504,16.665400,,0.398200,0.472100,
12,CReferenceSurface,600,16,1784,1783,1781,1783,1770,13091890649611,16.667396,16.668300,,0.450700,0.494300,
12,CReferenceSurface,600,16,1785,1784,1782,1784,1771,13091890816294,16.666099,16.660800,,0.465000,0.490700,
12,CReferenceSurface,600,16,1786,1785,1783,1785,1772,13091890982902,16.666703,16.667400,,0.000000,0.509600,
12,CReferenceSurface,600,16,1787,1786,1784,1786,1773,13091891149576,16.667297,16.668900,,0.450400,0.440700,
12,CReferenceSurface,600,16,1788,1787,1785,1787,1774,13091891316265,16.666703,16.662600,,0.408300,0.490900,
12,CReferenceSurface,600,16,1789,1788,1786,1788,1775,13091891482891,16.869500,16.669900,,0.427600,0.513000,
12,CReferenceSurface,600,16,1790,1789,1787,1789,1776,13091891649590,16.666900,16.675000,,0.468100,0.509500,
12,CReferenceSurface,600,16,1791,1790,1788,1790,1777,13091891816340,16.666703,16.663200,,0.441800,0.475700,
12,CReferenceSurface,600,16,1792,1791,1789,1791,1778,13091891982972,16.666496,16.877000,,0.000000,0.516500,
12,CReferenceSurface,600,16,1793,1792,1790,1792,1779,13091892151742,16.667899,16.656000,,0.418800,0.531700,
12,CReferenceSurface,600,16,1794,1793,1791,1793,1780,13091892318302,16.665902,16.663800,,0.435400,0.528600,
12,CReferenceSurface,600,16,1795,1794,1792,1794,1781,13091892484940,16.666802,16.669400,,0.439400,0.475000,
12,CReferenceSurface,600,16,1796,1795,1793,1795,1782,13091892651634,16.667297,16.677800,,0.403300,0.541100,
12,CReferenceSurface,600,16,1797,1796,1794,1796,1783,13091892818412,16.665902,16.655300,,0.333100,0.424900,
12,CReferenceSurface,600,16,1798,1797,1795,1797,1784,13091892984965,16.667198,16.666100,,0.000000,0.401700,
12,CReferenceSurface,600,16,1799,1798,1796,1798,1785,13091893151626,16.666602,16.662900,,0.419800,0.603000,
12,CReferenceSurface,600,16,1800,1799,1797,1799,1786,13091893318255,16.667595,16.661300,,0.359400,0.328000,
12,CReferenceSurface,600,16,1801,1800,1798,1800,1787,13091893484868,16.665801,16.679700,,0.424100,0.462600,
12,CReferenceSurface,600,16,1802,1801,1799,1801,1788,13091893651665,16.666299,16.660600,,0.461900,0.475500,
12,CReferenceSurface,600,16,1803,1802,1800,1802,1789,13091893818271,16.667206,16.675700,,0.321700,0.389100,
12,CReferenceSurface,600,16,1804,1803,1801,1803,1790,13091893985028,16.666496,16.656500,,0.000000,0.427100,
12,CReferenceSurface,600,16,1805,1804,1802,1804,1791,13091894151593,16.667100,16.663800,,0.391000,0.432900,
12,CReferenceSurface,600,16,1806,1805,1803,1805,1792,13091894318231,16.666802,16.670200,,0.364600,0.359400,
12,CReferenceSurface,600,16,1807,1806,1804,1806,1793,13091894484933,16.666504,16.663100,,0.383000,0.404700,
12,CReferenceSurface,600,16,1808,1807,1805,1807,1794,13091894651564,16.666794,16.665200,,0.332400,0.448200,
12,CReferenceSurface,600,16,1809,1808,1806,1808,1795,13091894818216,16.666001,16.669800,,0.375700,0.365500,
12,CReferenceSurface,600,16,1810,1809,1807,1809,1796,13091894984914,16.666900,16.669300,,0.000000,0.453400,
12,CReferenceSurface,600,16,1811,1810,1808,1810,1797,13091895151607,16.666999,16.663400,,0.357500,0.430900,
12,CReferenceSurface,600,16,1812,1811,1809,1811,1798,13091895318241,16.666703,16.665700,,0.393200,0.430800,
12,CReferenceSurface,600,16,1813,1812,1810,1812,1799,13091895484898,16.666602,16.670200,,0.325300,0.404600,
12,CReferenceSurface,600,16,1814,1813,1811,1813,1800,13091895651600,16.667595,16.663100,,0.354200,0.453000,
12,CReferenceSurface,600,16,1815,1814,1812,1814,1801,13091895818231,16.666306,16.665000,,0.331000,0.415500,
12,CReferenceSurface,600,16,1816,1815,1813,1815,1802,13091895984881,16.666595,16.672500,,0.000000,0.376800,
12,CReferenceSurface,600,16,1817,1816,1814,1816,1803,13091896151606,16.666299,16.664300,,0.381300,0.455600,
12,CReferenceSurface,600,16,1818,1817,1815,1817,1804,13091896318249,16.666504,16.662900,,0.424500,0.547800,
13,CReferenceSurface,1000,1,1850,1849,1847,1849,1835,13091902177977,16.666794,16.668100,,0.000000,0.737800,
13,CReferenceSurface,1000,1,1851,1850,1848,1850,1836,13091902344658,16.667100,16.667300,,0.558600,0.567800,
13,CReferenceSurface,1000,1,1852,1851,1849,1851,1837,13091902511331,16.666802,16.665500,,0.569900,0.563400,
13,CReferenceSurface,1000,1,1853,1852,1850,1852,1838,13091902677986,16.666802,16.665500,,0.527600,0.527200,
13,CReferenceSurface,1000,1,1854,1853,1851,1853,1839,13091902844641,16.666397,16.668100,,0.507300,0.553900,
13,CReferenceSurface,1000,1,1855,1854,1852,1854,1840,13091903011322,16.666504,16.730600,,0.485300,0.594500,
13,CReferenceSurface,1000,1,1856,1855,1853,1855,1841,13091903178628,16.666900,16.598300,,0.000000,0.624500,
13,CReferenceSurface,1000,1,1857,1856,1854,1856,1842,13091903344611,16.667999,16.668500,,0.454300,0.559900,
13,CReferenceSurface,1000,1,1858,1857,1855,1857,1843,13091903511296,16.666198,16.666200,,0.458700,0.679600,
13,CReferenceSurface,1000,1,1859,1858,1856,1858,1844,13091903677958,16.666504,16.665500,,0.506100,0.605300,
13,CReferenceSurface,1000,1,1860,1859,1857,1859,1845,13091903844613,16.667198,16.668400,,0.472800,0.525700,
13,CReferenceSurface,1000,1,1861,1860,1858,1860,1846,13091904011297,16.666299,16.669200,,0.446500,0.515200,
13,CReferenceSurface,1000,1,1862,1861,1859,1861,1847,13091904177989,16.667100,16.670900,,0.000000,0.474700,
13,CReferenceSurface,1000,1,1863,1862,1860,1862,1848,13091904344698,16.666306,16.653600,,0.454200,0.528200,
13,CReferenceSurface,1000,1,1864,1863,1861,1863,1849,13091904511234,16.666794,16.664300,,0.439100,0.459300,
13,CReferenceSurface,1000,1,1865,1864,1862,1864,1850,13091904677877,16.667206,16.668100,,0.398700,0.429300,
13,CReferenceSurface,1000,1,1866,1865,1863,1865,1851,13091904844558,16.666198,16.666500,,0.376200,0.476500,
13,CReferenceSurface,1000,1,1867,1866,1864,1866,1852,13091905011223,16.667701,16.667200,,0.443200,0.521300,
13,CReferenceSurface,1000,1,1868,1867,1865,1867,1853,13091905177895,16.665597,16.668400,,0.000000,0.532500,
13,CReferenceSurface,1000,1,1869,1868,1866,1868,1854,13091905344579,16.667100,16.667700,,0.431300,0.442600,
13,CReferenceSurface,1000,1,1870,1869,1867,1869,1855,13091905511256,16.666703,16.668800,,0.447400,0.475500,
13,CReferenceSurface,1000,1,1871,1870,1868,1870,1856,13091905677944,17.089598,16.661800,,0.422600,0.475600,
13,CReferenceSurface,1000,1,1872,1871,1869,1871,1857,13091905844562,16.666001,16.669300,,0.407500,0.462300,
13,CReferenceSurface,1000,1,1873,1872,1870,1872,1858,13091906011255,16.667206,16.663300,,0.411500,0.499100,
13,CReferenceSurface,1000,1,1874,1873,1871,1873,1859,13091906177888,16.666794,17.190900,,0.000000,0.559100,
13,CReferenceSurface,1000,1,1875,1874,1872,1874,1860,13091906349797,16.666602,16.563000,,0.517300,0.539000,
13,CReferenceSurface,1000,1,1876,1875,1873,1875,1861,13091906515427,16.666802,16.676600,,0.460800,0.518000,
13,CReferenceSurface,1000,1,1877,1876,1874,1876,1862,13091906682193,16.666695,16.665600,,0.454100,0.534100,
13,CReferenceSurface,1000,1,1878,1877,1875,1877,1863,13091906848849,16.666703,16.666600,,0.472900,0.527100,
13,CReferenceSurface,1000,1,1879,1878,1876,1878,1864,13091907015515,16.666999,16.667000,,0.421100,0.504900,
13,CReferenceSurface,1000,1,1880,1879,1877,1879,1865,13091907182185,16.666504,16.668300,,0.000000,0.558400,
13,CReferenceSurface,1000,1,1881,1880,1878,1880,1866,13091907348868,16.667396,16.664500,,0.453500,0.542300,
13,CReferenceSurface,1000,1,1882,1881,1879,1881,1867,13091907515513,16.666198,16.667900,,0.470100,0.545400,
13,CReferenceSurface,1000,1,1883,1882,1880,1882,1868,13091907682192,16.666802,16.667200,,0.496600,0.600400,
13,CReferenceSurface,1000,1,1884,1883,1881,1883,1869,13091907848864,16.666900,16.668300,,0.475600,0.577500,
13,CReferenceSurface,1000,1,1885,1884,1882,1884,1870,13091908015547,16.667502,16.666600,,0.689100,0.543500,
13,CReferenceSurface,1000,1,1886,1885,1883,1885,1871,13091908182213,16.666099,16.667500,,0.000000,0.595300,
13,CReferenceSurface,1000,1,1887,1886,1884,1886,1872,13091908348888,16.666794,16.667500,,0.474700,0.628600,
13,CReferenceSurface,1000,1,1888,1887,1885,1887,1873,13091908515563,16.667007,16.671400,,0.499400,0.577000,
13,CReferenceSurface,1000,1,1889,1888,1886,1888,1874,13091908682277,16.669897,16.656500,,0.558900,0.638200,
13,CReferenceSurface,1000,1,1890,1889,1887,1889,1875,13091908848842,16.666397,16.670300,,0.600200,0.604500,
13,CReferenceSurface,1000,1,1891,1890,1888,1890,1876,13091909015545,16.667502,16.671100,,0.583700,0.619500,
13,CReferenceSurface,1000,1,1892,1891,1889,1891,1877,13091909182256,16.666496,16.671500,,0.000000,0.640800,
13,CReferenceSurface,1000,1,1893,1892,1890,1892,1878,13091909348971,16.666602,16.668000,,0.545800,0.563400,
13,CReferenceSurface,1000,1,1894,1893,1891,1893,1879,13091909515651,16.666900,16.675700,,0.530900,0.545800,
13,CReferenceSurface,1000,1,1895,1894,1892,1894,1880,13091909682408,16.666397,16.829100,,0.516900,0.631200,
13,CReferenceSurface,1000,1,1896,1895,1893,1895,1881,13091909850699,16.667100,16.491600,,0.511400,0.572500,
13,CReferenceSurface,1000,1,1897,1896,1894,1896,1882,13091910015615,16.667206,16.666000,,0.452600,0.523700,
13,CReferenceSurface,1000,1,1898,1897,1895,1897,1883,13091910182275,16.666595,16.665000,,0.000000,0.703700,
13,CReferenceSurface,1000,1,1899,1898,1896,1898,1884,13091910348925,16.666299,16.668500,,0.621300,0.598400,
13,CReferenceSurface,1000,1,1900,1899,1897,1899,1885,13091910515610,16.666802,16.666600,,0.525600,0.642900,
13,CReferenceSurface,1000,1,1901,1900,1898,1900,1886,13091910682276,16.666900,16.673900,,0.582300,0.643800,
13,CReferenceSurface,1000,1,1902,1901,1899,1901,1887,13091910849015,16.666900,16.662700,,0.617700,0.638300,
13,CReferenceSurface,1000,1,1903,1902,1900,1902,1888,13091911015642,16.666703,16.668000,,0.581400,0.650200,
13,CReferenceSurface,1000,1,1904,1903,1901,1903,1889,13091911182322,16.666695,16.665800,,0.000000,0.658800,
13,CReferenceSurface,1000,1,1905,1904,1902,1904,1890,13091911348980,16.667305,16.666700,,0.572300,0.617200,
13,CReferenceSurface,1000,1,1906,1905,1903,1905,1891,13091911515647,16.666496,16.668600,,0.779600,0.834500,
13,CReferenceSurface,1000,1,1907,1906,1904,1906,1892,13091911682333,16.666802,16.663000,,0.686800,0.677900,
13,CReferenceSurface,1000,1,1908,1907,1905,1907,1893,13091911848963,16.690001,16.683400,,0.607500,0.758700,
13,CReferenceSurface,1000,1,1909,1908,1906,1908,1894,13091912015797,16.667297,16.658000,,0.559600,0.606500,
13,CReferenceSurface,1000,1,1910,1909,1907,1909,1895,13091912182377,16.667305,16.661100,,0.000000,0.591500,
13,CReferenceSurface,1000,1,1911,1910,1908,1910,1896,13091912348988,16.665902,16.688700,,0.611100,0.562800,
13,CReferenceSurface,1000,1,1912,1911,1909,1911,1897,13091912515875,16.666496,16.667800,,0.517100,0.525900,
13,CReferenceSurface,1000,1,1913,1912,1910,1912,1898,13091912682553,16.666802,16.698800,,0.501200,0.566200,
13,CReferenceSurface,1000,1,1914,1913,1911,1913,1899,13091912849541,16.666496,16.630200,,0.478500,0.558900,
13,CReferenceSurface,1000,1,1915,1914,1912,1914,1900,13091913015843,16.667206,16.665900,,0.478100,0.500600,
13,CReferenceSurface,1000,1,1916,1915,1913,1915,1901,13091913182502,16.667595,16.667700,,0.000000,0.562900,
13,CReferenceSurface,1000,1,1917,1916,1914,1916,1902,13091913349179,16.666001,16.662700,,0.450600,0.510100,
13,CReferenceSurface,1000,1,1918,1917,1915,1917,1903,13091913515806,16.666299,16.675300,,0.513600,0.533100,
13,CReferenceSurface,1000,1,1919,1918,1916,1918,1904,13091913682559,16.667105,16.666200,,0.486500,0.610500,
13,CReferenceSurface,1000,1,1920,1919,1917,1919,1905,13091913849221,16.666595,16.795100,,0.458000,0.487600,
13,CReferenceSurface,1000,1,1921,1920,1918,1920,1906,13091914017172,16.667100,16.536500,,0.500200,0.573400,
13,CReferenceSurface,1000,1,1922,1921,1919,1921,1907,13091914182537,16.666405,16.691400,,0.000000,0.694500,
13,CReferenceSurface,1000,1,1923,1922,1920,1922,1908,13091914349451,16.666900,16.641100,,0.528500,0.622500,
13,CReferenceSurface,1000,1,1924,1923,1921,1923,1909,13091914515862,16.667297,16.677600,,0.537400,0.776700,
13,CReferenceSurface,1000,1,1925,1924,1922,1924,1910,13091914682638,16.666099,16.660800,,0.536100,0.636000,
13,CReferenceSurface,1000,1,1926,1925,1923,1925,1911,13091914849246,16.666999,16.664300,,0.519500,0.573100,
13,CReferenceSurface,1000,1,1927,1926,1924,1926,1912,13091915015889,16.666602,16.674100,,0.557700,0.609400,
13,CReferenceSurface,1000,1,1928,1927,1925,1927,1913,13091915182630,16.667198,16.655400,,0.000000,0.644400,
13,CReferenceSurface,1000,1,1929,1928,1926,1928,1914,13091915349184,16.666802,16.674700,,0.855600,0.731300,
13,CReferenceSurface,1000,1,1930,1929,1927,1929,1915,13091915515931,16.666802,16.662400,,0.598500,0.630700,
13,CReferenceSurface,1000,1,1931,1930,1928,1930,1916,13091915682555,16.667396,16.674000,,0.603200,0.811700,
13,CReferenceSurface,1000,1,1932,1931,1929,1931,1917,13091915849295,16.666299,16.663200,,0.749600,0.713700,
13,CReferenceSurface,1000,1,1933,1932,1930,1932,1918,13091916015927,16.666900,16.665500,,0.665600,0.641000,
13,CReferenceSurface,1000,1,1934,1933,1931,1933,1919,13091916182582,16.666802,16.671800,,0.000000,0.670000,
13,CReferenceSurface,1000,1,1935,1934,1932,1934,1920,13091916349300,16.667100,16.666200,,0.572500,0.664300,
13,CReferenceSurface,1000,1,1936,1935,1933,1935,1921,13091916515962,16.666299,16.668100,,0.572300,0.603100,
13,CReferenceSurface,1000,1,1937,1936,1934,1936,1922,13091916682643,16.667206,16.659800,,0.669500,0.767800,
13,CReferenceSurface,1000,1,1938,1937,1935,1937,1923,13091916849241,16.672300,16.670900,,0.715400,0.693800,
13,CReferenceSurface,1000,1,1939,1938,1936,1938,1924,13091917015950,16.666595,16.670600,,0.721500,0.778100,
13,CReferenceSurface,1000,1,1940,1939,1937,1939,1925,13091917182656,16.666999,16.666800,,0.000000,0.652400,
13,CReferenceSurface,1000,1,1941,1940,1938,1940,1926,13091917349324,16.667100,16.669900,,0.779600,0.775400,
13,CReferenceSurface,1000,1,1942,1941,1939,1941,1927,13091917516023,16.667105,16.662800,,0.968200,0.828200,
13,CReferenceSurface,1000,1,1943,1942,1940,1942,1928,13091917682651,16.666999,16.666300,,1.162400,0.873400,
13,CReferenceSurface,1000,1,1944,1943,1941,1943,1929,13091917849314,16.666802,16.675700,,1.155400,0.942200,
13,CReferenceSurface,1000,1,1945,1944,1942,1944,1930,13091918016071,16.666397,16.669300,,0.895000,0.917600,
13,CReferenceSurface,1000,1,1946,1945,1943,1945,1931,13091918182764,16.667603,16.669400,,0.000000,0.853500,
13,CReferenceSurface,1000,1,1947,1946,1944,1946,1932,13091918349458,16.666299,16.668500,,1.066700,0.949300,
13,CReferenceSurface,1000,1,1948,1947,1945,1947,1933,13091918516143,16.844699,16.656500,,0.714100,0.870400,
13,CReferenceSurface,1000,1,1949,1948,1946,1948,1934,13091918682708,16.668800,16.677800,,1.079000,0.878200,
13,CReferenceSurface,1000,1,1950,1949,1947,1949,1935,13091918849486,16.667198,16.655000,,0.677000,0.686400,
13,CReferenceSurface,1000,1,1951,1950,1948,1950,1936,13091919016036,16.666602,16.852500,,0.955000,0.861900,
13,CReferenceSurface,1000,1,1952,1951,1949,1951,1937,13091919184561,16.666703,16.660400,,0.000000,0.789300,
13,CReferenceSurface,1000,1,1953,1952,1950,1952,1938,13091919351165,16.667100,16.677800,,0.606700,0.609600,
13,CReferenceSurface,1000,1,1954,1953,1951,1953,1939,13091919517943,16.666900,16.661800,,0.637300,0.632500,
13,CReferenceSurface,1000,1,1955,1954,1952,1954,1940,13091919684561,16.666794,16.676300,,0.758800,0.732400,
13,CReferenceSurface,1000,1,1956,1955,1953,1955,1941,13091919851324,16.667105,16.653700,,0.623500,0.712600,
13,CReferenceSurface,1000,1,1957,1956,1954,1956,1942,13091920017861,16.666695,16.668800,,0.733200,0.732300,
13,CReferenceSurface,1000,1,1958,1957,1955,1957,1943,13091920184549,16.666405,16.664000,,0.000000,0.701600,
13,CReferenceSurface,1000,1,1959,1958,1956,1958,1944,13091920351189,16.666999,16.664000,,0.584000,0.665400,
13,CReferenceSurface,1000,1,1960,1959,1957,1959,1945,13091920517829,16.801000,16.672800,,0.692100,0.663300,
13,CReferenceSurface,1000,1,1961,1960,1958,1960,1946,13091920684557,16.666595,16.660600,,0.862100,0.769100,
13,CReferenceSurface,1000,1,1962,1961,1959,1961,1947,13091920851163,16.666900,16.664900,,0.624400,0.673600,
13,CReferenceSurface,1000,1,1963,1962,1960,1962,1948,13091921017812,16.666900,16.809300,,0.590500,0.600600,
13,CReferenceSurface,1000,1,1964,1963,1961,1963,1949,13091921185905,16.666802,16.660700,,0.000000,0.760700,
13,CReferenceSurface,1000,1,1965,1964,1962,1964,1950,13091921352512,16.666602,16.666400,,0.527800,0.642600,
13,CReferenceSurface,1000,1,1966,1965,1963,1965,1951,13091921519176,16.666900,16.666000,,0.540600,0.569700,
13,CReferenceSurface,1000,1,1967,1966,1964,1966,1952,13091921685836,16.666695,16.663600,,0.534200,0.671800,
13,CReferenceSurface,1000,1,1968,1967,1965,1967,1953,13091921852472,16.666703,16.668700,,0.539000,0.736900,
13,CReferenceSurface,1000,1,1969,1968,1966,1968,1954,13091922019159,16.667100,16.665300,,0.579300,0.650500,
14,CReferenceSurface,1000,4,2001,2000,1998,2000,1985,13091928158729,16.666703,16.669200,,0.436200,0.505400,
14,CReferenceSurface,1000,4,2002,2001,1999,2001,1986,13091928325421,16.666703,16.660900,,0.457100,0.623500,
14,CReferenceSurface,1000,4,2003,2002,2000,2002,1987,13091928492030,16.666900,16.794000,,0.475600,0.536200,
14,CReferenceSurface,1000,4,2004,2003,2001,2003,1988,13091928659970,16.666695,16.551700,,0.447900,0.542700,
14,CReferenceSurface,1000,4,2005,2004,2002,2004,1989,13091928825487,16.667206,16.661900,,0.449000,0.579500,
14,CReferenceSurface,1000,4,2006,2005,2003,2005,1990,13091928992106,16.666496,16.679300,,0.000000,0.530200,
14,CReferenceSurface,1000,4,2007,2006,2004,2006,1991,13091929158899,16.666299,16.650900,,0.411100,0.471100,
14,CReferenceSurface,1000,4,2008,2007,2005,2007,1992,13091929325408,16.666900,16.690700,,0.389000,0.468900,
14,CReferenceSurface,1000,4,2009,2008,2006,2008,1993,13091929492315,16.666802,16.638100,,0.433100,0.476400,
14,CReferenceSurface,1000,4,2010,2009,2007,2009,1994,13091929658696,16.672002,16.662000,,0.415000,0.486400,
14,CReferenceSurface,1000,4,2011,2010,2008,2010,1995,13091929825316,16.666299,16.672100,,0.470000,0.500000,
14,CReferenceSurface,1000,4,2012,2011,2009,2011,1996,13091929992037,16.666802,16.665700,,0.000000,0.515100,
14,CReferenceSurface,1000,4,2013,2012,2010,2012,1997,13091930158694,16.667396,16.679200,,0.452700,0.485100,
14,CReferenceSurface,1000,4,2014,2013,2011,2013,1998,13091930325486,16.666504,16.668500,,0.472700,0.533200,
14,CReferenceSurface,1000,4,2015,2014,2012,2014,1999,13091930492171,16.666703,16.659100,,0.494000,0.532700,
14,CReferenceSurface,1000,4,2016,2015,2013,2015,2000,13091930658762,16.748995,16.669500,,0.457800,0.548200,
14,CReferenceSurface,1000,4,2017,2016,2014,2016,2001,13091930825457,16.667403,16.666400,,0.465100,0.531900,
14,CReferenceSurface,1000,4,2018,2017,2015,2017,2002,13091930992121,16.666900,16.662900,,0.000000,0.557700,
14,CReferenceSurface,1000,4,2019,2018,2016,2018,2003,13091931158750,16.665498,16.749300,,0.431900,0.617700,
14,CReferenceSurface,1000,4,2020,2019,2017,2019,2004,13091931326243,16.667502,16.670600,,0.391000,0.425000,
14,CReferenceSurface,1000,4,2021,2020,2018,2020,2005,13091931492949,16.666900,16.664600,,0.356500,0.449100,
14,CReferenceSurface,1000,4,2022,2021,2019,2021,2006,13091931659595,16.667100,16.674100,,0.390500,0.366500,
14,CReferenceSurface,1000,4,2023,2022,2020,2022,2007,13091931826336,16.666900,16.649300,,0.324900,0.422500,
14,CReferenceSurface,1000,4,2024,2023,2021,2023,2008,13091931992829,16.666595,16.665500,,0.000000,0.444800,
14,CReferenceSurface,1000,4,2025,2024,2022,2024,2009,13091932159484,16.667105,16.670900,,0.403700,0.548200,
14,CReferenceSurface,1000,4,2026,2025,2023,2025,2010,13091932326193,16.665993,16.670000,,0.402300,0.448900,
14,CReferenceSurface,1000,4,2027,2026,2024,2026,2011,13091932492893,16.666504,16.666600,,0.376200,0.416200,
14,CReferenceSurface,1000,4,2028,2027,2025,2027,2012,13091932659559,16.666602,16.674500,,0.387400,0.440100,
14,CReferenceSurface,1000,4,2029,2028,2026,2028,2013,13091932826304,16.666595,16.656300,,0.444300,0.484200,
14,CReferenceSurface,1000,4,2030,2029,2027,2029,2014,13091932992867,16.667100,16.667000,,0.000000,0.473900,
14,CReferenceSurface,1000,4,2031,2030,2028,2030,2015,13091933159537,16.666900,16.672700,,0.466700,0.576200,
14,CReferenceSurface,1000,4,2032,2031,2029,2031,2016,13091933326264,16.666504,16.667500,,0.446200,0.508500,
14,CReferenceSurface,1000,4,2033,2032,2030,2032,2017,13091933492939,16.666595,16.665200,,0.471600,0.548900,
14,CReferenceSurface,1000,4,2034,2033,2031,2033,2018,13091933659591,16.666802,16.669100,,0.436900,0.516800,
14,CReferenceSurface,1000,4,2035,2034,2032,2034,2019,13091933826282,16.666900,16.663900,,0.432500,0.479300,
14,CReferenceSurface,1000,4,2036,2035,2033,2035,2020,13091933992921,16.666802,16.670100,,0.000000,0.537200,
14,CReferenceSurface,1000,4,2037,2036,2034,2036,2021,13091934159622,16.666496,16.663300,,0.435300,0.495900,
14,CReferenceSurface,1000,4,2038,2037,2035,2037,2022,13091934326255,16.666602,16.666300,,0.436500,0.508600,
14,CReferenceSurface,1000,4,2039,2038,2036,2038,2023,13091934492918,16.666802,16.669400,,0.409500,0.476600,
14,CReferenceSurface,1000,4,2040,2039,2037,2039,2024,13091934659612,16.666496,16.662400,,0.444400,0.515100,
14,CReferenceSurface,1000,4,2041,2040,2038,2040,2025,13091934826236,16.666802,16.667500,,0.436300,0.471300,
14,CReferenceSurface,1000,4,2042,2041,2039,2041,2026,13091934992911,16.666900,16.672500,,0.000000,0.423100,
14,CReferenceSurface,1000,4,2043,2042,2040,2042,2027,13091935159636,16.666198,16.666100,,0.330200,0.359700,
14,CReferenceSurface,1000,4,2044,2043,2041,2043,2028,13091935326297,16.667403,16.654100,,0.382700,0.378000,
14,CReferenceSurface,1000,4,2045,2044,2042,2044,2029,13091935492838,16.667198,16.666100,,0.380000,0.444600,
14,CReferenceSurface,1000,4,2046,2045,2043,2045,2030,13091935659499,16.666397,16.668500,,0.407600,0.462300,
14,CReferenceSurface,1000,4,2047,2046,2044,2046,2031,13091935826184,16.666198,16.665800,,0.351400,0.502400,
14,CReferenceSurface,1000,4,2048,2047,2045,2047,2032,13091935992842,16.667105,16.672600,,0.000000,0.526300,
14,CReferenceSurface,1000,4,2049,2048,2046,2048,2033,13091936159568,16.666695,16.668700,,0.417700,0.439400,
14,CReferenceSurface,1000,4,2050,2049,2047,2049,2034,13091936326255,16.667305,16.665600,,0.448000,0.502800,
14,CReferenceSurface,1000,4,2051,2050,2048,2050,2035,13091936492911,16.666397,16.673600,,0.835800,0.850800,
14,CReferenceSurface,1000,4,2052,2051,2049,2051,2036,13091936659647,16.666299,16.667400,,0.557700,0.576100,
14,CReferenceSurface,1000,4,2053,2052,2050,2052,2037,13091936826321,16.666802,16.672800,,0.478700,0.496000,
14,CReferenceSurface,1000,4,2054,2053,2051,2053,2038,13091936993049,16.667100,16.658600,,0.000000,0.538100,
14,CReferenceSurface,1000,4,2055,2054,2052,2054,2039,13091937159635,16.666900,16.656900,,0.412700,0.464900,
14,CReferenceSurface,1000,4,2056,2055,2053,2055,2040,13091937326204,16.666602,16.670100,,0.453700,0.481200,
14,CReferenceSurface,1000,4,2057,2056,2054,2056,2041,13091937492905,16.666496,16.665300,,0.441500,0.539100,
14,CReferenceSurface,1000,4,2058,2057,2055,2057,2042,13091937659558,16.666703,16.668200,,0.408400,0.471100,
14,CReferenceSurface,1000,4,2059,2058,2056,2058,2043,13091937826240,16.667396,16.669100,,0.436200,0.504800,
14,CReferenceSurface,1000,4,2060,2059,2057,2059,2044,13091937992931,16.666504,16.663700,,0.000000,0.667900,
14,CReferenceSurface,1000,4,2061,2060,2058,2060,2045,13091938159568,16.667100,16.673300,,0.508900,0.533400,
14,CReferenceSurface,1000,4,2062,2061,2059,2061,2046,13091938326301,16.667100,16.669700,,0.520800,0.569100,
14,CReferenceSurface,1000,4,2063,2062,2060,2062,2047,13091938492998,16.666198,16.692400,,0.669000,0.650400,
14,CReferenceSurface,1000,4,2064,2063,2061,2063,2048,13091938659922,16.666703,16.642500,,0.518800,0.595500,
14,CReferenceSurface,1000,4,2065,2064,2062,2064,2049,13091938826347,16.666999,16.667400,,0.487300,0.568500,
14,CReferenceSurface,1000,4,2066,2065,2063,2065,2050,13091938993021,16.666999,16.704000,,0.000000,0.632600,
14,CReferenceSurface,1000,4,2067,2066,2064,2066,2051,13091939160061,16.666397,16.621300,,0.458100,0.494500,
14,CReferenceSurface,1000,4,2068,2067,2065,2067,2052,13091939326274,16.666900,16.670700,,0.475400,0.534600,
14,CReferenceSurface,1000,4,2069,2068,2066,2068,2053,13091939492981,16.666405,16.664500,,0.432200,0.574700,
14,CReferenceSurface,1000,4,2070,2069,2067,2069,2054,13091939659626,16.666900,16.670700,,0.447300,0.490500,
14,CReferenceSurface,1000,4,2071,2070,2068,2070,2055,13091939826333,16.666802,16.663500,,0.641000,0.673600,
14,CReferenceSurface,1000,4,2072,2071,2069,2071,2056,13091939992968,16.666893,16.688800,,0.000000,0.639400,
14,CReferenceSurface,1000,4,2073,2072,2070,2072,2057,13091940159856,16.666703,16.648700,,0.529000,0.564600,
14,CReferenceSurface,1000,4,2074,2073,2071,2073,2058,13091940326343,16.666900,16.665500,,0.456600,0.558800,
14,CReferenceSurface,1000,4,2075,2074,2072,2074,2059,13091940492998,16.666602,16.661400,,0.436100,0.507100,
14,CReferenceSurface,1000,4,2076,2075,2073,2075,2060,13091940659612,16.666900,16.666600,,0.452200,0.439800,
14,CReferenceSurface,1000,4,2077,2076,2074,2076,2061,13091940826278,16.666496,16.667800,,0.415400,0.576300,
14,CReferenceSurface,1000,4,2078,2077,2075,2077,2062,13091940992956,16.666900,16.748300,,0.000000,0.452600,
14,CReferenceSurface,1000,4,2079,2078,2076,2078,2063,13091941160439,16.666999,16.660300,,0.402800,0.448200,
14,CReferenceSurface,1000,4,2080,2079,2077,2079,2064,13091941327042,16.666397,16.595900,,0.406900,0.499500,
14,CReferenceSurface,1000,4,2081,2080,2078,2080,2065,13091941493001,16.667403,16.660300,,0.397500,0.482200,
14,CReferenceSurface,1000,4,2082,2081,2079,2081,2066,13091941659604,16.665902,16.666100,,0.402400,0.424200,
14,CReferenceSurface,1000,4,2083,2082,2080,2082,2067,13091941826265,16.667396,16.664800,,0.417900,0.421300,
14,CReferenceSurface,1000,4,2084,2083,2081,2083,2068,13091941992913,16.666299,16.676900,,0.000000,0.595200,
14,CReferenceSurface,1000,4,2085,2084,2082,2084,2069,13091942159682,16.666802,16.653800,,0.411700,0.490300,
14,CReferenceSurface,1000,4,2086,2085,2083,2085,2070,13091942326220,16.667100,16.672700,,0.445500,0.542500,
14,CReferenceSurface,1000,4,2087,2086,2084,2086,2071,13091942492947,16.666703,16.671100,,0.486700,0.531200,
14,CReferenceSurface,1000,4,2088,2087,2085,2087,2072,13091942659658,16.666900,16.666800,,0.548200,0.581500,
14,CReferenceSurface,1000,4,2089,2088,2086,2088,2073,13091942826326,16.666602,16.668200,,0.536200,0.682100,
14,CReferenceSurface,1000,4,2090,2089,2087,2089,2074,13091942993008,16.667100,16.668300,,0.000000,0.538700,
14,CReferenceSurface,1000,4,2091,2090,2088,2090,2075,13091943159691,16.666802,16.666100,,0.440700,0.484500,
14,CReferenceSurface,1000,4,2092,2091,2089,2091,2076,13091943326352,16.666695,16.686300,,0.429400,0.496500,
14,CReferenceSurface,1000,4,2093,2092,2090,2092,2077,13091943493215,16.666504,16.639300,,0.416900,0.549700,
14,CReferenceSurface,1000,4,2094,2093,2091,2093,2078,13091943659608,16.666595,16.667600,,0.476200,0.468300,
14,CReferenceSurface,1000,4,2095,2094,2092,2094,2079,13091943826284,16.666802,16.669200,,0.453600,0.510300,
14,CReferenceSurface,1000,4,2096,2095,2093,2095,2080,13091943992976,16.666602,16.667700,,0.000000,0.519600,
14,CReferenceSurface,1000,4,2097,2096,2094,2096,2081,13091944159653,16.666595,16.666100,,0.443900,0.565100,
14,CReferenceSurface,1000,4,2098,2097,2095,2097,2082,13091944326314,16.666504,16.668000,,0.438200,0.448900,
14,CReferenceSurface,1000,4,2099,2098,2096,2098,2083,13091944492994,16.667603,16.666900,,0.394000,0.407200,
14,CReferenceSurface,1000,4,2100,2099,2097,2099,2084,13091944659663,16.666099,16.674900,,0.332100,0.400000,
14,CReferenceSurface,1000,4,2101,2100,2098,2100,2085,13091944826412,16.667198,16.645800,,0.381300,0.427900,
14,CReferenceSurface,1000,4,2102,2101,2099,2101,2086,13091944992870,16.666397,16.681100,,0.000000,0.375500,
14,CReferenceSurface,1000,4,2103,2102,2100,2102,2087,13091945159681,16.667800,16.653000,,0.336800,0.486000,
14,CReferenceSurface,1000,4,2104,2103,2101,2103,2088,13091945326211,16.666001,16.667200,,0.412100,0.513200,
14,CReferenceSurface,1000,4,2105,2104,2102,2104,2089,13091945492883,16.665902,16.665700,,0.341900,0.529400,
14,CReferenceSurface,1000,4,2106,2105,2103,2105,2090,13091945659540,16.667198,16.676600,,0.345600,0.419300,
14,CReferenceSurface,1000,4,2107,2106,2104,2106,2091,13091945826306,16.667701,16.659300,,0.395000,0.417700,
14,CReferenceSurface,1000,4,2108,2107,2105,2107,2092,13091945992899,16.665902,16.665600,,0.000000,0.448800,
14,CReferenceSurface,1000,4,2109,2108,2106,2108,2093,13091946159555,16.666802,16.668500,,0.371500,0.464600,
14,CReferenceSurface,1000,4,2110,2109,2107,2109,2094,13091946326240,16.667297,16.670200,,0.384700,0.411000,
14,CReferenceSurface,1000,4,2111,2110,2108,2110,2095,13091946492942,16.665399,16.665600,,0.378600,0.417900,
14,CReferenceSurface,1000,4,2112,2111,2109,2111,2096,13091946659598,16.667403,16.664700,,0.375100,0.409700,
14,CReferenceSurface,1000,4,2113,2112,2110,2112,2097,13091946826245,16.666001,16.672700,,0.411400,0.592800,
14,CReferenceSurface,1000,4,2114,2113,2111,2113,2098,13091946992972,16.667694,16.657300,,0.000000,0.472800,
14,CReferenceSurface,1000,4,2115,2114,2112,2114,2099,13091947159545,16.666001,16.678700,,0.422200,0.395100,
14,CReferenceSurface,1000,4,2116,2115,2113,2115,2100,13091947326332,16.667105,16.654500,,0.368800,0.394700,
14,CReferenceSurface,1000,4,2117,2116,2114,2116,2101,13091947492877,16.666999,16.676900,,0.442400,0.674200,
14,CReferenceSurface,1000,4,2118,2117,2115,2117,2102,13091947659646,16.666794,16.656200,,0.390300,0.416600,
14,CReferenceSurface,1000,4,2119,2118,2116,2118,2103,13091947826208,16.666703,16.676700,,0.323000,0.406600,
14,CReferenceSurface,1000,4,2120,2119,2117,2119,2104,13091947992975,16.666198,16.664900,,0.000000,0.458500,
14,CReferenceSurface,1000,4,2121,2120,2118,2120,2105,13091948159624,16.668404,16.667300,,0.408600,0.548200,
15,CReferenceSurface,1000,8,2153,2152,2150,2152,2136,13091954056486,16.666405,16.669300,,0.413500,0.649300,
15,CReferenceSurface,1000,8,2154,2153,2151,2153,2137,13091954223179,16.666900,16.668900,,0.422600,0.423800,
15,CReferenceSurface,1000,8,2155,2154,2152,2154,2138,13091954389868,16.667496,16.667300,,0.000000,0.428600,
15,CReferenceSurface,1000,8,2156,2155,2153,2155,2139,13091954556541,16.665703,16.671300,,0.358600,0.439200,
15,CReferenceSurface,1000,8,2157,2156,2154,2156,2140,13091954723254,16.667999,16.659900,,0.443000,0.460300,
15,CReferenceSurface,1000,8,2158,2157,2155,2157,2141,13091954889853,16.665298,16.668200,,0.408400,0.594300,
15,CReferenceSurface,1000,8,2159,2158,2156,2158,2142,13091955056535,16.667502,16.665700,,0.375300,0.402500,
15,CReferenceSurface,1000,8,2160,2159,2157,2159,2143,13091955223192,16.666695,16.674900,,0.335600,0.406900,
15,CReferenceSurface,1000,8,2161,2160,2158,2160,2144,13091955389941,16.666504,16.657000,,0.000000,0.392800,
15,CReferenceSurface,1000,8,2162,2161,2159,2161,2145,13091955556511,16.666099,16.668400,,0.468500,0.478300,
15,CReferenceSurface,1000,8,2163,2162,2160,2162,2146,13091955723195,16.666900,16.677800,,0.603100,0.507800,
15,CReferenceSurface,1000,8,2164,2163,2161,2163,2147,13091955889973,16.666595,16.676800,,0.371100,0.434500,
15,CReferenceSurface,1000,8,2165,2164,2162,2164,2148,13091956056741,16.666999,16.657800,,0.375800,0.457100,
15,CReferenceSurface,1000,8,2166,2165,2163,2165,2149,13091956223319,16.667603,16.651600,,0.377200,0.398400,
15,CReferenceSurface,1000,8,2167,2166,2164,2166,2150,13091956389835,16.666099,16.672000,,0.000000,0.420700,
15,CReferenceSurface,1000,8,2168,2167,2165,2167,2151,13091956556555,16.666099,16.663000,,0.385600,0.536800,
15,CReferenceSurface,1000,8,2169,2168,2166,2168,2152,13091956723185,16.667206,16.669900,,0.312000,0.368600,
15,CReferenceSurface,1000,8,2170,2169,2167,2169,2153,13091956889884,16.666595,16.664200,,0.378100,0.356800,
15,CReferenceSurface,1000,8,2171,2170,2168,2170,2154,13091957056526,16.666802,16.662200,,0.375200,0.482100,
15,CReferenceSurface,1000,8,2172,2171,2169,2171,2155,13091957223148,16.666001,16.679800,,0.406900,0.622800,
15,CReferenceSurface,1000,8,2173,2172,2170,2172,2156,13091957389946,16.667899,16.659000,,0.000000,0.368900,
15,CReferenceSurface,1000,8,2174,2173,2171,2173,2157,13091957556536,16.666001,16.666100,,0.392400,0.484400,
15,CReferenceSurface,1000,8,2175,2174,2172,2174,2158,13091957723197,16.666802,16.664100,,0.424400,0.668200,
15,CReferenceSurface,1000,8,2176,2175,2173,2175,2159,13091957889838,16.666299,16.670800,,0.348300,0.447900,
15,CReferenceSurface,1000,8,2177,2176,2174,2176,2160,13091958056546,16.667297,16.663400,,0.375700,0.397300,
15,CReferenceSurface,1000,8,2178,2177,2175,2177,2161,13091958223180,16.666802,16.666500,,0.378800,0.519800,
15,CReferenceSurface,1000,8,2179,2178,2176,2178,2162,13091958389845,16.666099,16.666700,,0.000000,0.495700,
15,CReferenceSurface,1000,8,2180,2179,2177,2179,2163,13091958556512,16.666999,16.668100,,0.314700,0.398400,
15,CReferenceSurface,1000,8,2181,2180,2178,2180,2164,13091958723193,16.666999,16.668900,,0.358800,0.434500,
15,CReferenceSurface,1000,8,2182,2181,2179,2181,2165,13091958889882,16.666802,16.661600,,0.380300,0.494100,
15,CReferenceSurface,1000,8,2183,2182,2180,2182,2166,13091959056498,16.666602,16.677100,,0.411200,0.513900,
15,CReferenceSurface,1000,8,2184,2183,2181,2183,2167,13091959223269,16.666794,16.665700,,0.417300,0.498700,
15,CReferenceSurface,1000,8,2185,2184,2182,2184,2168,13091959389926,16.666999,16.671100,,0.000000,0.498800,
15,CReferenceSurface,1000,8,2186,2185,2183,2185,2169,13091959556637,16.666802,16.666900,,0.461800,0.485500,
15,CReferenceSurface,1000,8,2187,2186,2184,2186,2170,13091959723306,16.666405,16.667900,,0.468000,0.488000,
15,CReferenceSurface,1000,8,2188,2187,2185,2187,2171,13091959889985,16.666999,16.665400,,0.483900,0.627000,
15,CReferenceSurface,1000,8,2189,2188,2186,2188,2172,13091960056639,16.666900,16.679600,,0.457800,0.526600,
15,CReferenceSurface,1000,8,2190,2189,2187,2189,2173,13091960223435,16.666397,16.920900,,0.524100,0.498900,
15,CReferenceSurface,1000,8,2191,2190,2188,2190,2174,13091960392644,16.666802,16.403000,,0.000000,0.462700,
15,CReferenceSurface,1000,8,2192,2191,2189,2191,2175,13091960556674,16.667999,16.662900,,0.410800,0.502900,
15,CReferenceSurface,1000,8,2193,2192,2190,2192,2176,13091960723303,16.666703,16.664700,,0.429800,0.513700,
15,CReferenceSurface,1000,8,2194,2193,2191,2193,2177,13091960889950,16.664995,16.667200,,0.566000,0.526100,
15,CReferenceSurface,1000,8,2195,2194,2192,2194,2178,13091961056622,16.668105,16.671400,,0.370200,0.421600,
15,CReferenceSurface,1000,8,2196,2195,2193,2195,2179,13091961223336,16.666802,16.665500,,0.378400,0.527600,
15,CReferenceSurface,1000,8,2197,2196,2194,2196,2180,13091961389991,16.665895,16.652400,,0.000000,0.547300,
15,CReferenceSurface,1000,8,2198,2197,2195,2197,2181,13091961556515,16.666999,16.670600,,0.426000,0.489500,
15,CReferenceSurface,1000,8,2199,2198,2196,2198,2182,13091961723221,16.666306,16.665700,,0.322700,0.411000,
15,CReferenceSurface,1000,8,2200,2199,2197,2199,2183,13091961889878,16.667198,16.673500,,0.344600,0.492300,
15,CReferenceSurface,1000,8,2201,2200,2198,2200,2184,13091962056613,16.666703,16.661500,,0.388500,0.466400,
15,CReferenceSurface,1000,8,2202,2201,2199,2201,2185,13091962223228,16.666695,16.672300,,0.418100,0.569100,
15,CReferenceSurface,1000,8,2203,2202,2200,2202,2186,13091962389951,16.666306,16.668600,,0.000000,0.519800,
15,CReferenceSurface,1000,8,2204,2203,2201,2203,2187,13091962556637,16.667496,16.667800,,0.426000,0.580500,
15,CReferenceSurface,1000,8,2205,2204,2202,2204,2188,13091962723315,16.666299,16.668400,,0.594900,0.631500,
15,CReferenceSurface,1000,8,2206,2205,2203,2205,2189,13091962889999,16.666802,16.662300,,0.587900,0.572000,
15,CReferenceSurface,1000,8,2207,2206,2204,2206,2190,13091963056622,16.666602,16.675900,,0.512900,0.666900,
15,CReferenceSurface,1000,8,2208,2207,2205,2207,2191,13091963223381,16.666595,16.663800,,0.467100,0.479900,
15,CReferenceSurface,1000,8,2209,2208,2206,2208,2192,13091963390019,16.666802,16.670000,,0.000000,0.506000,
15,CReferenceSurface,1000,8,2210,2209,2207,2209,2193,13091963556719,16.666602,16.730500,,0.405400,0.619200,
15,CReferenceSurface,1000,8,2211,2210,2208,2210,2194,13091963724024,16.666999,16.594600,,0.412000,0.522700,
15,CReferenceSurface,1000,8,2212,2211,2209,2211,2195,13091963889970,16.666802,16.664800,,0.448400,0.494600,
15,CReferenceSurface,1000,8,2213,2212,2210,2212,2196,13091964056618,16.666900,16.664900,,0.448500,0.588100,
15,CReferenceSurface,1000,8,2214,2213,2211,2213,2197,13091964223267,16.666397,16.670800,,0.461500,0.509500,
15,CReferenceSurface,1000,8,2215,2214,2212,2214,2198,13091964389975,16.666802,16.669200,,0.000000,0.507600,
15,CReferenceSurface,1000,8,2216,2215,2213,2215,2199,13091964556667,16.666999,16.665000,,0.408500,0.490900,
15,CReferenceSurface,1000,8,2217,2216,2214,2216,2200,13091964723317,16.666496,16.665700,,0.438300,0.522700,
15,CReferenceSurface,1000,8,2218,2217,2215,2217,2201,13091964889974,16.666900,16.668800,,0.451600,0.517700,
15,CReferenceSurface,1000,8,2219,2218,2216,2218,2202,13091965056662,16.666504,16.667500,,0.509100,0.588300,
15,CReferenceSurface,1000,8,2220,2219,2217,2219,2203,13091965223337,16.666999,16.664400,,0.458400,0.589800,
15,CReferenceSurface,1000,8,2221,2220,2218,2220,2204,13091965389981,16.666802,16.669500,,0.000000,0.525700,
15,CReferenceSurface,1000,8,2222,2221,2219,2221,2205,13091965556676,16.666999,16.664500,,0.414200,0.566200,
15,CReferenceSurface,1000,8,2223,2222,2220,2222,2206,13091965723321,16.666900,16.666400,,0.448900,0.504600,
15,CReferenceSurface,1000,8,2224,2223,2221,2223,2207,13091965889985,16.666595,16.670100,,0.806400,0.750500,
15,CReferenceSurface,1000,8,2225,2224,2222,2224,2208,13091966056686,16.666099,16.669600,,0.557700,0.593400,
15,CReferenceSurface,1000,8,2226,2225,2223,2225,2209,13091966223382,16.667100,16.673100,,0.487900,0.527200,
15,CReferenceSurface,1000,8,2227,2226,2224,2226,2210,13091966390113,16.666802,16.658800,,0.000000,0.543900,
15,CReferenceSurface,1000,8,2228,2227,2225,2227,2211,13091966556701,16.666602,16.657500,,0.412600,0.519400,
15,CReferenceSurface,1000,8,2229,2228,2226,2228,2212,13091966723276,16.666595,16.673400,,0.431700,0.512800,
15,CReferenceSurface,1000,8,2230,2229,2227,2229,2213,13091966890010,16.667100,16.661900,,0.412100,0.546900,
15,CReferenceSurface,1000,8,2231,2230,2228,2230,2214,13091967056629,16.666405,16.665200,,0.410900,0.563400,
15,CReferenceSurface,1000,8,2232,2231,2229,2231,2215,13091967223281,16.667297,16.665000,,0.413300,0.470800,
15,CReferenceSurface,1000,8,2233,2232,2230,2232,2216,13091967389931,16.666198,16.667700,,0.000000,0.572800,
15,CReferenceSurface,1000,8,2234,2233,2231,2233,2217,13091967556608,16.666900,16.668600,,0.483000,0.540400,
15,CReferenceSurface,1000,8,2235,2234,2232,2234,2218,13091967723294,16.666802,16.669000,,0.450200,0.502700,
15,CReferenceSurface,1000,8,2236,2235,2233,2235,2219,13091967889984,16.666602,16.664800,,0.513300,0.526600,
15,CReferenceSurface,1000,8,2237,2236,2234,2236,2220,13091968056632,16.666999,16.665000,,0.360600,0.494900,
15,CReferenceSurface,1000,8,2238,2237,2235,2237,2221,13091968223282,16.666099,16.668300,,0.390700,0.476000,
15,CReferenceSurface,1000,8,2239,2238,2236,2238,2222,13091968389965,16.667603,16.661300,,0.000000,0.394900,
15,CReferenceSurface,1000,8,2240,2239,2237,2239,2223,13091968556578,16.666595,16.671100,,0.461500,0.523900,
15,CReferenceSurface,1000,8,2241,2240,2238,2240,2224,13091968723289,16.666802,16.659100,,0.392100,0.571900,
15,CReferenceSurface,1000,8,2242,2241,2239,2241,2225,13091968889880,16.666999,16.676100,,0.411600,0.475300,
15,CReferenceSurface,1000,8,2243,2242,2240,2242,2226,13091969056641,16.666198,16.664600,,0.464200,0.490600,
15,CReferenceSurface,1000,8,2244,2243,2241,2243,2227,13091969223287,16.666602,16.671700,,0.442500,0.510300,
15,CReferenceSurface,1000,8,2245,2244,2242,2244,2228,13091969390004,16.667198,16.668500,,0.000000,0.567100,
15,CReferenceSurface,1000,8,2246,2245,2243,2245,2229,13091969556689,16.667198,16.664100,,0.428100,0.553900,
15,CReferenceSurface,1000,8,2247,2246,2244,2246,2230,13091969723330,16.666802,16.663600,,0.434000,0.509500,
15,CReferenceSurface,1000,8,2248,2247,2245,2247,2231,13091969889966,16.665902,16.674100,,0.386000,0.532700,
15,CReferenceSurface,1000,8,2249,2248,2246,2248,2232,13091970056707,16.667198,16.666400,,0.378700,0.431900,
15,CReferenceSurface,1000,8,2250,2249,2247,2249,2233,13091970223371,16.665902,16.656800,,0.379500,0.441300,
15,CReferenceSurface,1000,8,2251,2250,2248,2250,2234,13091970389939,16.666397,16.665900,,0.000000,0.527800,
15,CReferenceSurface,1000,8,2252,2251,2249,2251,2235,13091970556598,16.667206,16.670100,,0.388800,0.424400,
15,CReferenceSurface,1000,8,2253,2252,2250,2252,2236,13091970723299,16.665993,16.660500,,0.327700,0.445600,
15,CReferenceSurface,1000,8,2254,2253,2251,2253,2237,13091970889904,16.667206,16.665400,,0.329500,0.396400,
15,CReferenceSurface,1000,8,2255,2254,2252,2254,2238,13091971056558,16.666397,16.668400,,0.373900,0.382200,
15,CReferenceSurface,1000,8,2256,2255,2253,2255,2239,13091971223242,16.667999,16.664100,,0.366900,0.447600,
15,CReferenceSurface,1000,8,2257,2256,2254,2256,2240,13091971389883,16.665298,16.666900,,0.000000,0.450400,
15,CReferenceSurface,1000,8,2258,2257,2255,2257,2241,13091971556552,16.667800,16.666800,,0.544800,0.478600,
15,CReferenceSurface,1000,8,2259,2258,2256,2258,2242,13091971723220,16.666999,16.676600,,0.375600,0.504100,
15,CReferenceSurface,1000,8,2260,2259,2257,2259,2243,13091971889986,16.665505,16.655700,,0.391400,0.521100,
15,CReferenceSurface,1000,8,2261,2260,2258,2260,2244,13091972056543,16.667496,16.677200,,0.391900,0.455200,
15,CReferenceSurface,1000,8,2262,2261,2259,2261,2245,13091972223315,16.666703,16.668400,,0.402400,0.593700,
15,CReferenceSurface,1000,8,2263,2262,2260,2262,2246,13091972389999,16.665902,16.660700,,0.000000,0.416300,
15,CReferenceSurface,1000,8,2264,2263,2261,2263,2247,13091972556606,16.667396,16.665500,,0.445300,0.437000,
15,CReferenceSurface,1000,8,2265,2264,2262,2264,2248,13091972723261,16.779004,16.668900,,0.376900,0.479000,
15,CReferenceSurface,1000,8,2266,2265,2263,2265,2249,13091972889950,16.906498,16.661700,,0.535300,0.547800,
15,CReferenceSurface,1000,8,2267,2266,2264,2266,2250,13091973056567,16.667502,16.666800,,0.354600,0.451000,
15,CReferenceSurface,1000,8,2268,2267,2265,2267,2251,13091973223235,16.666198,16.784900,,0.383800,0.445000,
15,CReferenceSurface,1000,8,2269,2268,2266,2268,2252,13091973391084,16.666999,16.904900,,0.000000,0.602600,
15,CReferenceSurface,1000,8,2270,2269,2267,2269,2253,13091973560133,16.667100,16.667000,,0.385200,0.422100,
15,CReferenceSurface,1000,8,2271,2270,2268,2270,2254,13091973726803,16.666099,16.676200,,0.374300,0.371600,
15,CReferenceSurface,1000,8,2272,2271,2269,2271,2255,13091973893565,16.666504,16.662800,,0.353200,0.422300,
16,CReferenceSurface,1000,16,2304,2303,2301,2303,2286,13091979832073,16.666900,16.668100,,0.375600,0.500600,
16,CReferenceSurface,1000,16,2305,2304,2302,2304,2287,13091979998754,16.666299,16.660000,,0.404700,0.558100,
16,CReferenceSurface,1000,16,2306,2305,2303,2305,2288,13091980165354,16.667100,16.663600,,0.000000,0.437700,
16,CReferenceSurface,1000,16,2307,2306,2304,2306,2289,13091980331990,16.666900,16.677900,,0.383300,0.414000,
16,CReferenceSurface,1000,16,2308,2307,2305,2307,2290,13091980498769,16.666299,16.667800,,0.358500,0.410100,
16,CReferenceSurface,1000,16,2309,2308,2306,2308,2291,13091980665447,16.666802,16.662900,,0.381900,0.483100,
16,CReferenceSurface,1000,16,2310,2309,2307,2309,2292,13091980832076,16.667100,16.662200,,0.363700,0.470800,
16,CReferenceSurface,1000,16,2311,2310,2308,2310,2293,13091980998698,16.665801,16.673700,,0.496500,0.565500,
16,CReferenceSurface,1000,16,2312,2311,2309,2311,2294,13091981165435,16.666802,16.664200,,0.000000,0.509000,
16,CReferenceSurface,1000,16,2313,2312,2310,2312,2295,13091981332077,16.667198,16.663600,,0.405800,0.437200,
16,CReferenceSurface,1000,16,2314,2313,2311,2313,2296,13091981498713,16.666900,16.667300,,0.330000,0.386200,
16,CReferenceSurface,1000,16,2315,2314,2312,2314,2297,13091981665386,16.666900,16.662500,,0.422500,0.400800,
16,CReferenceSurface,1000,16,2316,2315,2313,2315,2298,13091981832011,16.666999,16.664000,,0.376600,0.417100,
16,CReferenceSurface,1000,16,2317,2316,2314,2316,2299,13091981998651,16.666397,16.671300,,0.365200,0.404300,
16,CReferenceSurface,1000,16,2318,2317,2315,2317,2300,13091982165364,16.667603,16.664200,,0.000000,0.450400,
16,CReferenceSurface,1000,16,2319,2318,2316,2318,2301,13091982332006,16.666397,16.666200,,0.436600,0.652600,
16,CReferenceSurface,1000,16,2320,2319,2317,2319,2302,13091982498668,16.666206,16.670500,,0.376000,0.352800,
16,CReferenceSurface,1000,16,2321,2320,2318,2320,2303,13091982665373,16.668297,16.669900,,0.407000,0.503200,
16,CReferenceSurface,1000,16,2322,2321,2319,2321,2304,13091982832072,16.665298,16.659600,,0.370200,0.453300,
16,CReferenceSurface,1000,16,2323,2322,2320,2322,2305,13091982998668,16.667198,16.674000,,0.444000,0.507100,
16,CReferenceSurface,1000,16,2324,2323,2321,2323,2306,13091983165408,16.665801,16.680800,,0.000000,0.488500,
16,CReferenceSurface,1000,16,2325,2324,2322,2324,2307,13091983332216,16.667603,16.655000,,0.431200,0.571700,
16,CReferenceSurface,1000,16,2326,2325,2323,2325,2308,13091983498766,16.667899,16.666600,,0.487900,0.599000,
16,CReferenceSurface,1000,16,2327,2326,2324,2326,2309,13091983665432,16.665498,16.657400,,0.465900,0.451500,
16,CReferenceSurface,1000,16,2328,2327,2325,2327,2310,13091983832006,16.666099,16.677200,,0.356500,0.405100,
16,CReferenceSurface,1000,16,2329,2328,2326,2328,2311,13091983998778,16.667305,16.710600,,0.394800,0.414100,
16,CReferenceSurface,1000,16,2330,2329,2327,2329,2312,13091984165884,16.667396,16.614300,,0.000000,0.417600,
16,CReferenceSurface,1000,16,2331,2330,2328,2330,2313,13091984332027,16.665902,16.667100,,0.384900,0.393300,
16,CReferenceSurface,1000,16,2332,2331,2329,2331,2314,13091984498698,16.666802,16.665900,,0.418500,0.458400,
16,CReferenceSurface,1000,16,2333,2332,2330,2332,2315,13091984665357,16.666695,16.668300,,0.406900,0.467600,
16,CReferenceSurface,1000,16,2334,2333,2331,2333,2316,13091984832040,16.666802,16.671900,,0.431400,0.472600,
16,CReferenceSurface,1000,16,2335,2334,2332,2334,2317,13091984998759,16.666999,16.670600,,0.470100,0.510900,
16,CReferenceSurface,1000,16,2336,2335,2333,2335,2318,13091985165465,16.666504,16.666300,,0.000000,0.530300,
16,CReferenceSurface,1000,16,2337,2336,2334,2336,2319,13091985332128,16.667198,16.668700,,0.471400,0.502600,
16,CReferenceSurface,1000,16,2338,2337,2335,2337,2320,13091985498815,16.681902,16.667600,,0.671900,0.586700,
16,CReferenceSurface,1000,16,2339,2338,2336,2338,2321,13091985665491,16.666595,16.664900,,0.681900,0.590800,
16,CReferenceSurface,1000,16,2340,2339,2337,2339,2322,13091985832140,16.666703,16.668500,,0.535700,0.572500,
16,CReferenceSurface,1000,16,2341,2340,2338,2340,2323,13091985998825,16.666999,16.693100,,0.545900,0.570700,
16,CReferenceSurface,1000,16,2342,2341,2339,2341,2324,13091986165756,16.666099,16.654500,,0.000000,0.606500,
16,CReferenceSurface,1000,16,2343,2342,2340,2342,2325,13091986332301,16.666802,16.667100,,0.501900,0.523700,
16,CReferenceSurface,1000,16,2344,2343,2341,2343,2326,13091986498972,16.667100,16.670600,,0.440100,0.503200,
16,CReferenceSurface,1000,16,2345,2344,2342,2344,2327,13091986665678,16.667701,16.661000,,0.497500,0.525600,
16,CReferenceSurface,1000,16,2346,2345,2343,2345,2328,13091986832288,16.665101,16.661600,,0.427400,0.544600,
16,CReferenceSurface,1000,16,2347,2346,2344,2346,2329,13091986998904,16.666802,16.671100,,0.391200,0.427900,
16,CReferenceSurface,1000,16,2348,2347,2345,2347,2330,13091987165615,16.667396,16.666600,,0.000000,0.453100,
16,CReferenceSurface,1000,16,2349,2348,2346,2348,2331,13091987332281,16.666602,16.658700,,0.382900,0.413100,
16,CReferenceSurface,1000,16,2350,2349,2347,2349,2332,13091987498868,16.667198,16.667800,,0.366500,0.433400,
16,CReferenceSurface,1000,16,2351,2350,2348,2350,2333,13091987665546,16.665902,16.662700,,0.378900,0.476200,
16,CReferenceSurface,1000,16,2352,2351,2349,2351,2334,13091987832173,16.667701,16.667500,,0.567400,0.538800,
16,CReferenceSurface,1000,16,2353,2352,2350,2352,2335,13091987998848,16.666299,16.667200,,0.438700,0.435400,
16,CReferenceSurface,1000,16,2354,2353,2351,2353,2336,13091988165520,16.666802,16.671100,,0.000000,0.505300,
16,CReferenceSurface,1000,16,2355,2354,2352,2354,2337,13091988332231,16.666695,16.793200,,0.465700,0.515500,
16,CReferenceSurface,1000,16,2356,2355,2353,2355,2338,13091988500163,16.667502,16.765400,,0.524500,0.641200,
16,CReferenceSurface,1000,16,2357,2356,2354,2356,2339,13091988667817,16.667100,16.449000,,0.550000,0.634200,
16,CReferenceSurface,1000,16,2358,2357,2355,2357,2340,13091988832307,16.666802,16.668700,,1.073400,0.976400,
16,CReferenceSurface,1000,16,2359,2358,2356,2358,2341,13091988998994,16.666001,16.672500,,0.738900,0.750000,
16,CReferenceSurface,1000,16,2360,2359,2357,2359,2342,13091989165719,16.666802,16.677400,,0.000000,0.928500,
16,CReferenceSurface,1000,16,2361,2360,2358,2360,2343,13091989332493,16.666496,16.658000,,0.561400,0.607600,
16,CReferenceSurface,1000,16,2362,2361,2359,2361,2344,13091989499073,16.666900,16.662300,,0.512000,0.555500,
16,CReferenceSurface,1000,16,2363,2362,2360,2362,2345,13091989665696,16.666703,16.663000,,0.513600,0.559000,
16,CReferenceSurface,1000,16,2364,2363,2361,2363,2346,13091989832326,16.666703,16.662800,,0.507200,0.564600,
16,CReferenceSurface,1000,16,2365,2364,2362,2364,2347,13091989998954,16.666794,16.671000,,0.547700,0.566800,
16,CReferenceSurface,1000,16,2366,2365,2363,2365,2348,13091990165664,16.667206,16.664800,,0.000000,0.556600,
16,CReferenceSurface,1000,16,2367,2366,2364,2366,2349,13091990332312,16.669700,16.668300,,0.507800,0.603000,
16,CReferenceSurface,1000,16,2368,2367,2365,2367,2350,13091990498995,16.663499,16.664000,,0.477600,0.591900,
16,CReferenceSurface,1000,16,2369,2368,2366,2368,2351,13091990665635,16.666802,16.677100,,0.510700,0.574200,
16,CReferenceSurface,1000,16,2370,2369,2367,2369,2352,13091990832406,16.666900,16.715600,,0.630600,0.556700,
16,CReferenceSurface,1000,16,2371,2370,2368,2370,2353,13091990999562,16.667100,16.610800,,0.494000,0.587100,
16,CReferenceSurface,1000,16,2372,2371,2369,2371,2354,13091991165670,16.666695,16.692100,,0.000000,0.555000,
16,CReferenceSurface,1000,16,2373,2372,2370,2372,2355,13091991332591,16.666999,16.641700,,0.486300,0.512400,
16,CReferenceSurface,1000,16,2374,2373,2371,2373,2356,13091991499008,16.666802,17.032700,,0.495100,0.531900,
16,CReferenceSurface,1000,16,2375,2374,2372,2374,2357,13091991669335,16.667206,16.299100,,0.528300,0.542000,
16,CReferenceSurface,1000,16,2376,2375,2373,2375,2358,13091991832326,16.666595,17.106000,,0.607300,0.689200,
16,CReferenceSurface,1000,16,2377,2376,2374,2376,2359,13091992003386,16.666602,16.236600,,0.614900,0.750000,
16,CReferenceSurface,1000,16,2378,2377,2375,2377,2360,13091992165752,16.666999,16.996700,,0.000000,0.610700,
16,CReferenceSurface,1000,16,2379,2378,2376,2378,2361,13091992335719,16.666496,16.337300,,0.765100,0.636500,
16,CReferenceSurface,1000,16,2380,2379,2377,2379,2362,13091992499092,16.666802,16.866200,,0.523800,0.555400,
16,CReferenceSurface,1000,16,2381,2380,2378,2380,2363,13091992667754,16.667198,16.463100,,0.473100,0.514900,
16,CReferenceSurface,1000,16,2382,2381,2379,2381,2364,13091992832385,16.666900,16.667900,,0.540200,0.589300,
16,CReferenceSurface,1000,16,2383,2382,2380,2382,2365,13091992999064,16.667603,17.025300,,0.522100,0.540300,
16,CReferenceSurface,1000,16,2384,2383,2381,2383,2366,13091993169317,16.668601,16.306400,,0.000000,0.901900,
16,CReferenceSurface,1000,16,2385,2384,2382,2384,2367,13091993332381,16.663995,16.715700,,0.618800,0.647700,
16,CReferenceSurface,1000,16,2386,2385,2383,2385,2368,13091993499538,16.666802,16.629900,,0.554300,0.578800,
16,CReferenceSurface,1000,16,2387,2386,2384,2386,2369,13091993665837,16.666703,16.685300,,0.575100,0.602900,
16,CReferenceSurface,1000,16,2388,2387,2385,2387,2370,13091993832690,16.666802,16.633500,,0.558400,0.588900,
16,CReferenceSurface,1000,16,2389,2388,2386,2388,2371,13091993999025,16.666999,16.668500,,0.576300,0.614400,
16,CReferenceSurface,1000,16,2390,2389,2387,2389,2372,13091994165710,16.666999,16.668100,,0.000000,0.583800,
16,CReferenceSurface,1000,16,2391,2390,2388,2390,2373,13091994332391,16.666299,16.697900,,0.724400,0.767900,
16,CReferenceSurface,1000,16,2392,2391,2389,2391,2374,13091994499370,16.666802,16.633400,,0.489500,0.555400,
16,CReferenceSurface,1000,16,2393,2392,2390,2392,2375,13091994665704,16.666900,16.672700,,0.492700,0.588900,
16,CReferenceSurface,1000,16,2394,2393,2391,2393,2376,13091994832431,16.666595,16.801100,,0.471200,0.509700,
16,CReferenceSurface,1000,16,2395,2394,2392,2394,2377,13091995000442,16.666405,16.524900,,0.473000,0.526600,
16,CReferenceSurface,1000,16,2396,2395,2393,2395,2378,13091995165691,16.666999,16.660600,,0.000000,0.504900,
16,CReferenceSurface,1000,16,2397,2396,2394,2396,2379,13091995332297,16.666802,16.673000,,0.387200,0.480600,
16,CReferenceSurface,1000,16,2398,2397,2395,2397,2380,13091995499027,16.666496,16.658700,,0.404500,0.494500,
16,CReferenceSurface,1000,16,2399,2398,2396,2398,2381,13091995665614,16.667403,16.667300,,0.406100,0.443900,
16,CReferenceSurface,1000,16,2400,2399,2397,2399,2382,13091995832287,16.666397,16.672700,,0.420100,0.533100,
16,CReferenceSurface,1000,16,2401,2400,2398,2400,2383,13091995999014,16.666802,16.660600,,0.400500,0.477500,
16,CReferenceSurface,1000,16,2402,2401,2399,2401,2384,13091996165620,16.666900,16.676700,,0.000000,0.593800,
16,CReferenceSurface,1000,16,2403,2402,2400,2402,2385,13091996332387,16.666595,16.655500,,0.403200,0.586600,
16,CReferenceSurface,1000,16,2404,2403,2401,2403,2386,13091996498942,16.666900,16.672700,,0.494900,0.491600,
16,CReferenceSurface,1000,16,2405,2404,2402,2404,2387,13091996665669,16.666900,16.665200,,0.432100,0.503200,
16,CReferenceSurface,1000,16,2406,2405,2403,2405,2388,13091996832321,16.666602,16.694900,,0.442700,0.520500,
16,CReferenceSurface,1000,16,2407,2406,2404,2406,2389,13091996999270,16.666703,16.639600,,0.464500,0.508000,
16,CReferenceSurface,1000,16,2408,2407,2405,2407,2390,13091997165666,16.666893,16.668000,,0.000000,0.585000,
16,CReferenceSurface,1000,16,2409,2408,2406,2408,2391,13091997332346,16.667899,16.669600,,0.457300,0.535900,
16,CReferenceSurface,1000,16,2410,2409,2407,2409,2392,13091997499042,16.664902,16.663800,,0.465600,0.500700,
16,CReferenceSurface,1000,16,2411,2410,2408,2410,2393,13091997665680,16.667800,16.669500,,0.377800,0.423000,
16,CReferenceSurface,1000,16,2412,2411,2409,2411,2394,13091997832375,16.666900,16.682800,,0.374000,0.453000,
16,CReferenceSurface,1000,16,2413,2412,2410,2412,2395,13091997999203,16.666703,16.639200,,0.398900,0.486100,
16,CReferenceSurface,1000,16,2414,2413,2411,2413,2396,13091998165595,16.667198,16.667200,,0.000000,0.397300,
16,CReferenceSurface,1000,16,2415,2414,2412,2414,2397,13091998332267,16.665703,16.675100,,0.334600,0.436200,
16,CReferenceSurface,1000,16,2416,2415,2413,2415,2398,13091998499018,16.666794,16.658500,,0.404300,0.453800,
16,CReferenceSurface,1000,16,2417,2416,2414,2416,2399,13091998665603,16.668601,16.673300,,0.382600,0.454900,
16,CReferenceSurface,1000,16,2418,2417,2415,2417,2400,13091998832336,16.664902,16.666400,,0.355600,0.400700,
16,CReferenceSurface,1000,16,2419,2418,2416,2418,2401,13091998999000,16.666602,16.663400,,0.360600,0.416600,
16,CReferenceSurface,1000,16,2420,2419,2417,2419,2402,13091999165634,16.667396,16.671000,,0.000000,0.410400,
16,CReferenceSurface,1000,16,2421,2420,2418,2420,2403,13091999332344,16.666602,16.661800,,0.369600,0.514200,
16,CReferenceSurface,1000,16,2422,2421,2419,2421,2404,13091999498962,16.666595,16.663300,,0.396500,0.464000,
16,CReferenceSurface,1000,16,2423,2422,2420,2422,2405,13091999665595,16.666703,16.685200,,0.432200,0.490000,
17,DImprovedSurface,100,1,2455,2454,2452,2454,2436,13092005416755,16.667694,16.659900,,0.321500,0.386300,
17,DImprovedSurface,100,1,2456,2455,2453,2455,2437,13092005583354,16.666602,16.668700,,0.000000,0.481600,
17,DImprovedSurface,100,1,2457,2456,2454,2456,2438,13092005750041,16.665801,16.663500,,0.350600,0.407900,
17,DImprovedSurface,100,1,2458,2457,2455,2457,2439,13092005916676,16.666999,16.675700,,0.334700,0.385900,
17,DImprovedSurface,100,1,2459,2458,2456,2458,2440,13092006083433,16.665796,16.660200,,0.501700,0.460000,
17,DImprovedSurface,100,1,2460,2459,2457,2459,2441,13092006250035,16.668303,16.666500,,0.373900,0.382600,
17,DImprovedSurface,100,1,2461,2460,2458,2460,2442,13092006416700,16.665703,16.667900,,0.335000,0.400600,
17,DImprovedSurface,100,1,2462,2461,2459,2461,2443,13092006583379,16.666299,16.665300,,0.000000,0.433100,
17,DImprovedSurface,100,1,2463,2462,2460,2462,2444,13092006750032,16.667701,16.667500,,0.423500,0.401200,
17,DImprovedSurface,100,1,2464,2463,2461,2463,2445,13092006916707,16.667396,16.672000,,0.350400,0.396200,
17,DImprovedSurface,100,1,2465,2464,2462,2464,2446,13092007083427,16.666299,16.657900,,0.360700,0.459200,
17,DImprovedSurface,100,1,2466,2465,2463,2465,2447,13092007250006,16.666405,16.674000,,0.400000,0.439700,
17,DImprovedSurface,100,1,2467,2466,2464,2466,2448,13092007416746,16.666802,16.671400,,0.323600,0.361500,
17,DImprovedSurface,100,1,2468,2467,2465,2467,2449,13092007583460,16.666695,16.657400,,0.000000,0.425700,
17,DImprovedSurface,100,1,2469,2468,2466,2468,2450,13092007750034,16.666802,16.665900,,0.337100,0.413600,
17,DImprovedSurface,100,1,2470,2469,2467,2469,2451,13092007916693,16.667502,16.668600,,0.350200,0.416000,
17,DImprovedSurface,100,1,2471,2470,2468,2470,2452,13092008083379,16.665796,16.666600,,0.369800,0.435100,
17,DImprovedSurface,100,1,2472,2471,2469,2471,2453,13092008250045,16.666001,16.667300,,0.384700,0.429000,
17,DImprovedSurface,100,1,2473,2472,2470,2472,2454,13092008416718,16.666999,16.674600,,0.511500,0.443600,
17,DImprovedSurface,100,1,2474,2473,2471,2473,2455,13092008583464,16.667800,16.663800,,0.000000,0.386300,
17,DImprovedSurface,100,1,2475,2474,2472,2474,2456,13092008750102,16.906101,16.658900,,0.381200,0.461800,
17,DImprovedSurface,100,1,2476,2475,2473,2475,2457,13092008916691,16.668404,16.667300,,0.327200,0.382100,
17,DImprovedSurface,100,1,2477,2476,2474,2476,2458,13092009083364,16.666496,16.672800,,0.345700,0.412400,
17,DImprovedSurface,100,1,2478,2477,2475,2477,2459,13092009250092,16.666703,16.901200,,0.360400,0.452500,
17,DImprovedSurface,100,1,2479,2478,2476,2478,2460,13092009419104,16.666099,16.670900,,0.398300,0.441600,
17,DImprovedSurface,100,1,2480,2479,2477,2479,2461,13092009585813,16.667100,16.670500,,0.000000,0.392100,
17,DImprovedSurface,100,1,2481,2480,2478,2480,2462,13092009752518,16.666703,16.664500,,0.336800,0.372500,
17,DImprovedSurface,100,1,2482,2481,2479,2481,2463,13092009919163,16.666001,16.662700,,0.348100,0.436400,
17,DImprovedSurface,100,1,2483,2482,2480,2482,2464,13092010085790,16.667899,16.668100,,0.338900,0.375600,
17,DImprovedSurface,100,1,2484,2483,2481,2483,2465,13092010252471,16.665902,16.670200,,0.399700,0.395700,
17,DImprovedSurface,100,1,2485,2484,2482,2484,2466,13092010419173,16.667595,16.662700,,0.352600,0.436500,
17,DImprovedSurface,100,1,2486,2485,2483,2485,2467,13092010585800,16.665604,16.667600,,0.000000,0.478900,
17,DImprovedSurface,100,1,2487,2486,2484,2486,2468,13092010752476,16.667297,16.674500,,0.427100,0.560000,
17,DImprovedSurface,100,1,2488,2487,2485,2487,2469,13092010919221,16.666504,16.667300,,0.556300,0.519900,
17,DImprovedSurface,100,1,2489,2488,2486,2488,2470,13092011085894,16.666695,16.675000,,0.488900,0.560500,
17,DImprovedSurface,100,1,2490,2489,2487,2489,2471,13092011252644,16.666802,16.695700,,0.476500,0.549900,
17,DImprovedSurface,100,1,2491,2490,2488,2490,2472,13092011419601,16.666802,16.630400,,0.698700,0.621900,
17,DImprovedSurface,100,1,2492,2491,2489,2491,2473,13092011585905,16.667198,16.668700,,0.000000,0.555000,
17,DImprovedSurface,100,1,2493,2492,2490,2492,2474,13092011752592,16.666099,16.669200,,0.496700,0.513300,
17,DImprovedSurface,100,1,2494,2493,2491,2493,2475,13092011919284,16.666802,16.666000,,0.476200,0.503900,
17,DImprovedSurface,100,1,2495,2494,2492,2494,2476,13092012085944,16.666802,16.665800,,0.462900,0.466800,
17,DImprovedSurface,100,1,2496,2495,2493,2495,2477,13092012252602,16.667496,16.664800,,0.452700,0.501200,
17,DImprovedSurface,100,1,2497,2496,2494,2496,2478,13092012419250,16.666001,16.662600,,0.425400,0.460800,
17,DImprovedSurface,100,1,2498,2497,2495,2497,2479,13092012585876,16.666999,16.670500,,0.000000,0.519700,
17,DImprovedSurface,100,1,2499,2498,2496,2498,2480,13092012752581,16.667403,16.662700,,0.496600,0.506600,
17,DImprovedSurface,100,1,2500,2499,2497,2499,2481,13092012919208,16.666397,16.669800,,0.407700,0.476700,
17,DImprovedSurface,100,1,2501,2500,2498,2500,2482,13092013085906,16.666306,16.667400,,0.374800,0.416100,
17,DImprovedSurface,100,1,2502,2501,2499,2501,2483,13092013252580,16.667396,16.660700,,0.331700,0.421300,
17,DImprovedSurface,100,1,2503,2502,2500,2502,2484,13092013419187,16.665902,16.663800,,0.468200,0.502900,
17,DImprovedSurface,100,1,2504,2503,2501,2503,2485,13092013585825,16.666703,16.666700,,0.000000,0.539200,
17,DImprovedSurface,100,1,2505,2504,2502,2504,2486,13092013752492,16.666893,16.718000,,0.403100,0.448200,
17,DImprovedSurface,100,1,2506,2505,2503,2505,2487,13092013919672,16.667603,16.621700,,0.463300,0.489400,
17,DImprovedSurface,100,1,2507,2506,2504,2506,2488,13092014085889,16.666001,16.668100,,0.887300,0.716300,
17,DImprovedSurface,100,1,2508,2507,2505,2507,2489,13092014252570,16.666397,16.669100,,0.584600,0.583400,
17,DImprovedSurface,100,1,2509,2508,2506,2508,2490,13092014419261,16.667105,16.681500,,0.546200,0.573900,
17,DImprovedSurface,100,1,2510,2509,2507,2509,2491,13092014586076,16.667999,16.653500,,0.000000,0.544900,
17,DImprovedSurface,100,1,2511,2510,2508,2510,2492,13092014752611,16.665695,16.661000,,0.435500,0.472100,
17,DImprovedSurface,100,1,2512,2511,2509,2511,2493,13092014919221,16.666703,16.666300,,0.438500,0.481500,
17,DImprovedSurface,100,1,2513,2512,2510,2512,2494,13092015085884,16.666504,16.668400,,0.440100,0.569000,
17,DImprovedSurface,100,1,2514,2513,2511,2513,2495,13092015252568,16.667100,16.665600,,0.425800,0.533700,
17,DImprovedSurface,100,1,2515,2514,2512,2514,2496,13092015419224,16.668297,16.667800,,0.428900,0.512800,
17,DImprovedSurface,100,1,2516,2515,2513,2515,2497,13092015585902,16.665002,16.666600,,0.000000,0.524900,
17,DImprovedSurface,100,1,2517,2516,2514,2516,2498,13092015752568,16.666999,16.669300,,0.417400,0.462300,
17,DImprovedSurface,100,1,2518,2517,2515,2517,2499,13092015919261,16.666703,16.670800,,0.437700,0.464800,
17,DImprovedSurface,100,1,2519,2518,2516,2518,2500,13092016085969,16.666595,16.661600,,0.438600,0.523900,
17,DImprovedSurface,100,1,2520,2519,2517,2519,2501,13092016252585,16.666703,16.666400,,0.428000,0.463300,
17,DImprovedSurface,100,1,2521,2520,2518,2520,2502,13092016419249,16.666900,16.669400,,0.442500,0.509700,
17,DImprovedSurface,100,1,2522,2521,2519,2521,2503,13092016585943,16.666299,16.664600,,0.000000,0.582100,
17,DImprovedSurface,100,1,2523,2522,2520,2522,2504,13092016752589,16.666999,16.667100,,0.505500,0.508200,
17,DImprovedSurface,100,1,2524,2523,2521,2523,2505,13092016919260,16.666999,16.667600,,0.453000,0.503800,
17,DImprovedSurface,100,1,2525,2524,2522,2524,2506,13092017085936,16.666602,16.667300,,0.762100,0.828000,
17,DImprovedSurface,100,1,2526,2525,2523,2525,2507,13092017252609,16.666099,16.666200,,0.544500,0.600000,
17,DImprovedSurface,100,1,2527,2526,2524,2526,2508,13092017419271,16.667198,16.678700,,0.494600,0.514400,
17,DImprovedSurface,100,1,2528,2527,2525,2527,2509,13092017586058,16.666602,16.655100,,0.000000,0.593700,
17,DImprovedSurface,100,1,2529,2528,2526,2528,2510,13092017752609,16.667198,16.657900,,0.447700,0.479800,
17,DImprovedSurface,100,1,2530,2529,2527,2529,2511,13092017919188,16.666299,16.676900,,0.429700,0.498000,
17,DImprovedSurface,100,1,2531,2530,2528,2530,2512,13092018085957,16.666802,16.662100,,0.471700,0.477900,
17,DImprovedSurface,100,1,2532,2531,2529,2531,2513,13092018252578,16.666900,16.666600,,0.426100,0.466900,
17,DImprovedSurface,100,1,2533,2532,2530,2532,2514,13092018419244,16.666802,16.666500,,0.425600,0.476000,
17,DImprovedSurface,100,1,2534,2533,2531,2533,2515,13092018585909,16.666496,16.666900,,0.000000,0.541700,
17,DImprovedSurface,100,1,2535,2534,2532,2534,2516,13092018752578,16.666900,16.664900,,0.410500,0.457900,
17,DImprovedSurface,100,1,2536,2535,2533,2535,2517,13092018919227,16.666405,16.669000,,0.433400,0.486000,
17,DImprovedSurface,100,1,2537,2536,2534,2536,2518,13092019085917,16.666999,16.665500,,0.361400,0.452000,
17,DImprovedSurface,100,1,2538,2537,2535,2537,2519,13092019252572,16.666001,16.662200,,0.401600,0.478200,
17,DImprovedSurface,100,1,2539,2538,2536,2538,2520,13092019419194,16.667100,16.665800,,0.408600,0.455500,
17,DImprovedSurface,100,1,2540,2539,2537,2539,2521,13092019585852,16.666802,16.670300,,0.000000,0.492000,
17,DImprovedSurface,100,1,2541,2540,2538,2540,2522,13092019752555,16.666695,16.663800,,0.421100,0.478400,
17,DImprovedSurface,100,1,2542,2541,2539,2541,2523,13092019919193,16.666504,16.668400,,0.451100,0.633400,
17,DImprovedSurface,100,1,2543,2542,2540,2542,2524,13092020085877,16.666900,16.680600,,0.487700,0.473400,
17,DImprovedSurface,100,1,2544,2543,2541,2543,2525,13092020252683,16.666900,16.655100,,0.516100,0.472100,
17,DImprovedSurface,100,1,2545,2544,2542,2544,2526,13092020419234,16.666999,16.693900,,0.423800,0.459600,
17,DImprovedSurface,100,1,2546,2545,2543,2545,2527,13092020586173,16.666496,16.644500,,0.000000,0.533500,
17,DImprovedSurface,100,1,2547,2546,2544,2546,2528,13092020752618,16.666099,16.662000,,0.441800,0.507800,
17,DImprovedSurface,100,1,2548,2547,2545,2547,2529,13092020919238,16.666999,16.672800,,0.401400,0.459100,
17,DImprovedSurface,100,1,2549,2548,2546,2548,2530,13092021085966,16.667403,16.665500,,0.386800,0.481600,
17,DImprovedSurface,100,1,2550,2549,2547,2549,2531,13092021252621,16.666496,16.661900,,0.342800,0.397900,
17,DImprovedSurface,100,1,2551,2550,2548,2550,2532,13092021419240,16.666802,16.659000,,0.399300,0.417400,
17,DImprovedSurface,100,1,2552,2551,2549,2551,2533,13092021585830,16.666802,16.667200,,0.000000,0.343400,
17,DImprovedSurface,100,1,2553,2552,2550,2552,2534,13092021752502,16.666695,16.668200,,0.405000,0.437700,
17,DImprovedSurface,100,1,2554,2553,2551,2553,2535,13092021919184,16.666602,16.664000,,0.339700,0.419700,
17,DImprovedSurface,100,1,2555,2554,2552,2554,2536,13092022085824,16.666504,16.667200,,0.369700,0.401500,
17,DImprovedSurface,100,1,2556,2555,2553,2555,2537,13092022252496,16.666299,16.669200,,0.405100,0.417700,
17,DImprovedSurface,100,1,2557,2556,2554,2556,2538,13092022419188,16.666299,16.664900,,0.340200,0.391400,
17,DImprovedSurface,100,1,2558,2557,2555,2557,2539,13092022585837,16.667297,16.670200,,0.000000,0.366800,
17,DImprovedSurface,100,1,2559,2558,2556,2558,2540,13092022752539,16.667206,16.662600,,0.411400,0.422100,
17,DImprovedSurface,100,1,2560,2559,2557,2559,2541,13092022919165,16.666198,16.664100,,0.423700,0.494200,
17,DImprovedSurface,100,1,2561,2560,2558,2560,2542,13092023085806,16.668800,16.669800,,0.336800,0.382800,
17,DImprovedSurface,100,1,2562,2561,2559,2561,2543,13092023252504,16.664498,16.669700,,0.406400,0.454400,
17,DImprovedSurface,100,1,2563,2562,2560,2562,2544,13092023419201,16.667701,16.662600,,0.329300,0.338400,
17,DImprovedSurface,100,1,2564,2563,2561,2563,2545,13092023585827,16.666496,16.675500,,0.000000,0.396100,
17,DImprovedSurface,100,1,2565,2564,2562,2564,2546,13092023752582,16.666999,16.657600,,0.407200,0.422000,
17,DImprovedSurface,100,1,2566,2565,2563,2565,2547,13092023919158,16.666206,16.669200,,0.337900,0.370000,
17,DImprovedSurface,100,1,2567,2566,2564,2566,2548,13092024085850,16.667899,16.666400,,0.416700,0.503100,
17,DImprovedSurface,100,1,2568,2567,2565,2567,2549,13092024252514,16.665498,16.667000,,0.420300,0.494500,
17,DImprovedSurface,100,1,2569,2568,2566,2568,2550,13092024419184,16.667198,16.671500,,0.399100,0.434700,
17,DImprovedSurface,100,1,2570,2569,2567,2569,2551,13092024585899,16.666602,16.669200,,0.000000,0.423600,
17,DImprovedSurface,100,1,2571,2570,2568,2570,2552,13092024752591,16.666001,16.664600,,0.361600,0.416000,
17,DImprovedSurface,100,1,2572,2571,2569,2571,2553,13092024919237,16.667198,16.660800,,0.332600,0.368200,
17,DImprovedSurface,100,1,2573,2572,2570,2572,2554,13092025085845,16.666900,16.667400,,0.350700,0.437300,
17,DImprovedSurface,100,1,2574,2573,2571,2573,2555,13092025252519,16.666703,16.664000,,0.365800,0.462300,
18,DImprovedSurface,100,4,2606,2605,2603,2605,2586,13092030817719,16.666999,16.661800,,0.379300,0.413500,
18,DImprovedSurface,100,4,2607,2606,2604,2606,2587,13092030984337,16.666299,16.982100,,0.000000,0.395500,
18,DImprovedSurface,100,4,2608,2607,2605,2607,2588,13092031154158,16.668204,16.553800,,0.413600,0.439300,
18,DImprovedSurface,100,4,2609,2608,2606,2608,2589,13092031319696,16.665399,16.663700,,0.477300,0.550100,
18,DImprovedSurface,100,4,2610,2609,2607,2609,2590,13092031486333,16.667899,16.674500,,0.398300,0.430600,
18,DImprovedSurface,100,4,2611,2610,2608,2610,2591,13092031653078,16.665801,16.678600,,0.406500,0.420400,
18,DImprovedSurface,100,4,2612,2611,2609,2611,2592,13092031819864,16.666496,16.648500,,0.401200,0.434900,
18,DImprovedSurface,100,4,2613,2612,2610,2612,2593,13092031986349,16.667800,16.668100,,0.000000,0.527000,
18,DImprovedSurface,100,4,2614,2613,2611,2613,2594,13092032153030,16.666999,16.665700,,0.453800,0.610000,
18,DImprovedSurface,100,4,2615,2614,2612,2614,2595,13092032319687,16.664902,16.678600,,0.409700,0.515700,
18,DImprovedSurface,100,4,2616,2615,2613,2615,2596,13092032486473,16.666999,16.664300,,0.406900,0.466600,
18,DImprovedSurface,100,4,2617,2616,2614,2616,2597,13092032653116,16.667502,16.662200,,0.398000,0.417800,
18,DImprovedSurface,100,4,2618,2617,2615,2617,2598,13092032819738,16.666397,16.665000,,0.424100,0.450200,
18,DImprovedSurface,100,4,2619,2618,2616,2618,2599,13092032986388,16.667800,16.662000,,0.000000,0.482400,
18,DImprovedSurface,100,4,2620,2619,2617,2619,2600,13092033153008,16.665597,16.679600,,0.416100,0.519100,
18,DImprovedSurface,100,4,2621,2620,2618,2620,2601,13092033319804,16.666703,16.661700,,0.518600,0.577600,
18,DImprovedSurface,100,4,2622,2621,2619,2621,2602,13092033486421,16.712599,16.667200,,0.374800,0.469500,
18,DImprovedSurface,100,4,2623,2622,2620,2622,2603,13092033653093,16.666602,16.671200,,0.395100,0.470800,
18,DImprovedSurface,100,4,2624,2623,2621,2623,2604,13092033819805,16.666299,16.657800,,0.510100,0.475300,
18,DImprovedSurface,100,4,2625,2624,2622,2624,2605,13092033986383,16.666802,16.715100,,0.000000,0.508300,
18,DImprovedSurface,100,4,2626,2625,2623,2625,2606,13092034153534,16.667396,16.666800,,0.381100,0.440800,
18,DImprovedSurface,100,4,2627,2626,2624,2626,2607,13092034320202,16.666602,16.664200,,0.376400,0.389500,
18,DImprovedSurface,100,4,2628,2627,2625,2627,2608,13092034486844,16.667800,16.664300,,0.437100,0.481900,
18,DImprovedSurface,100,4,2629,2628,2626,2628,2609,13092034653487,16.665902,16.666700,,0.400000,0.668800,
18,DImprovedSurface,100,4,2630,2629,2627,2629,2610,13092034820154,16.666900,16.673700,,0.391300,0.395200,
18,DImprovedSurface,100,4,2631,2630,2628,2630,2611,13092034986891,16.665796,16.663300,,0.000000,0.486100,
18,DImprovedSurface,100,4,2632,2631,2629,2631,2612,13092035153524,16.667305,16.664900,,0.408800,0.438100,
18,DImprovedSurface,100,4,2633,2632,2630,2632,2613,13092035320173,16.667396,16.670100,,0.453500,0.542000,
18,DImprovedSurface,100,4,2634,2633,2631,2633,2614,13092035486874,16.666198,16.660200,,0.400700,0.513400,
18,DImprovedSurface,100,4,2635,2634,2632,2634,2615,13092035653476,16.666504,16.677400,,0.385400,0.370500,
18,DImprovedSurface,100,4,2636,2635,2633,2635,2616,13092035820250,16.666999,16.656400,,0.397800,0.630000,
18,DImprovedSurface,100,4,2637,2636,2634,2636,2617,13092035986814,16.666703,16.665800,,0.000000,0.552100,
18,DImprovedSurface,100,4,2638,2637,2635,2637,2618,13092036153472,16.666893,16.668300,,0.418900,0.467000,
18,DImprovedSurface,100,4,2639,2638,2636,2638,2619,13092036320155,16.666602,16.709900,,0.459700,0.486900,
18,DImprovedSurface,100,4,2640,2639,2637,2639,2620,13092036487254,16.667100,16.631800,,0.484900,0.519600,
18,DImprovedSurface,100,4,2641,2640,2638,2640,2621,13092036653572,16.666299,16.667900,,0.500200,0.515300,
18,DImprovedSurface,100,4,2642,2641,2639,2641,2622,13092036820251,16.666703,16.668300,,0.470800,0.514300,
18,DImprovedSurface,100,4,2643,2642,2640,2642,2623,13092036986934,16.667198,16.666800,,0.000000,0.551900,
18,DImprovedSurface,100,4,2644,2643,2641,2643,2624,13092037153602,16.666504,16.665500,,0.444800,0.487500,
18,DImprovedSurface,100,4,2645,2644,2642,2644,2625,13092037320257,16.666802,16.666500,,0.478700,0.506700,
18,DImprovedSurface,100,4,2646,2645,2643,2645,2626,13092037486922,16.666695,16.665700,,0.454600,0.506700,
18,DImprovedSurface,100,4,2647,2646,2644,2646,2627,13092037653579,16.668105,16.668500,,0.473400,0.525400,
18,DImprovedSurface,100,4,2648,2647,2645,2647,2628,13092037820264,16.665399,16.666800,,0.482400,0.623600,
18,DImprovedSurface,100,4,2649,2648,2646,2648,2629,13092037986932,16.667502,16.666900,,0.000000,0.441600,
18,DImprovedSurface,100,4,2650,2649,2647,2649,2630,13092038153601,16.665498,16.684000,,0.453700,0.700100,
18,DImprovedSurface,100,4,2651,2650,2648,2650,2631,13092038320441,16.666397,16.642100,,0.424700,0.457600,
18,DImprovedSurface,100,4,2652,2651,2649,2651,2632,13092038486862,16.667502,16.678100,,0.399100,0.475400,
18,DImprovedSurface,100,4,2653,2652,2650,2652,2633,13092038653643,16.666802,16.696800,,0.342400,0.384600,
18,DImprovedSurface,100,4,2654,2653,2651,2653,2634,13092038820611,16.666802,16.620900,,0.362200,0.490500,
18,DImprovedSurface,100,4,2655,2654,2652,2654,2635,13092038986820,16.666695,16.666300,,0.000000,0.597600,
18,DImprovedSurface,100,4,2656,2655,2653,2655,2636,13092039153483,16.666504,16.676100,,0.669600,0.696100,
18,DImprovedSurface,100,4,2657,2656,2654,2656,2637,13092039320244,16.666900,16.672300,,0.468500,0.505900,
18,DImprovedSurface,100,4,2658,2657,2655,2657,2638,13092039486967,16.667496,16.671900,,0.466000,0.507100,
18,DImprovedSurface,100,4,2659,2658,2656,2658,2639,13092039653686,16.666405,16.660800,,0.868700,0.903500,
18,DImprovedSurface,100,4,2660,2659,2657,2659,2640,13092039820294,16.666299,16.664800,,0.577100,0.596400,
18,DImprovedSurface,100,4,2661,2660,2658,2660,2641,13092039986942,16.666900,16.679000,,0.000000,0.570100,
18,DImprovedSurface,100,4,2662,2661,2659,2661,2642,13092040153732,16.666595,16.676900,,0.464600,0.495800,
18,DImprovedSurface,100,4,2663,2662,2660,2662,2643,13092040320501,16.666900,16.640600,,0.462100,0.512900,
18,DImprovedSurface,100,4,2664,2663,2661,2663,2644,13092040486907,16.667701,16.668000,,0.455400,0.510300,
18,DImprovedSurface,100,4,2665,2664,2662,2664,2645,13092040653587,16.666099,16.667500,,0.607700,0.582600,
18,DImprovedSurface,100,4,2666,2665,2663,2665,2646,13092040820262,16.666504,16.666200,,0.457800,0.482300,
18,DImprovedSurface,100,4,2667,2666,2664,2666,2647,13092040986924,16.666695,16.668200,,0.000000,0.534300,
18,DImprovedSurface,100,4,2668,2667,2665,2667,2648,13092041153606,16.666602,16.665900,,0.432900,0.471400,
18,DImprovedSurface,100,4,2669,2668,2666,2668,2649,13092041320265,16.666802,16.668100,,0.429700,0.463400,
18,DImprovedSurface,100,4,2670,2669,2667,2669,2650,13092041486946,16.667198,16.666900,,0.421100,0.469900,
18,DImprovedSurface,100,4,2671,2670,2668,2670,2651,13092041653615,16.666397,16.667500,,0.480800,0.514600,
18,DImprovedSurface,100,4,2672,2671,2669,2671,2652,13092041820290,16.666602,16.664600,,0.450800,0.591600,
18,DImprovedSurface,100,4,2673,2672,2670,2672,2653,13092041986936,16.666802,16.667800,,0.000000,0.511200,
18,DImprovedSurface,100,4,2674,2673,2671,2673,2654,13092042153614,16.666999,16.666800,,0.423800,0.492800,
18,DImprovedSurface,100,4,2675,2674,2672,2674,2655,13092042320282,16.666397,16.665900,,0.508000,0.525300,
18,DImprovedSurface,100,4,2676,2675,2673,2675,2656,13092042486941,16.667198,16.671500,,0.455200,0.506200,
18,DImprovedSurface,100,4,2677,2676,2674,2676,2657,13092042653656,16.666703,16.664500,,0.674700,0.744900,
18,DImprovedSurface,100,4,2678,2677,2675,2677,2658,13092042820301,16.666900,16.667200,,0.593200,0.623600,
18,DImprovedSurface,100,4,2679,2678,2676,2678,2659,13092042986973,16.666397,16.671400,,0.000000,0.817700,
18,DImprovedSurface,100,4,2680,2679,2677,2679,2660,13092043153687,16.666703,16.664700,,0.463000,0.505100,
18,DImprovedSurface,100,4,2681,2680,2678,2680,2661,13092043320334,16.666802,16.660700,,0.434000,0.494700,
18,DImprovedSurface,100,4,2682,2681,2679,2681,2662,13092043486941,16.666299,16.664500,,0.459000,0.480100,
18,DImprovedSurface,100,4,2683,2682,2680,2682,2663,13092043653586,16.667603,16.665300,,0.422000,0.481700,
18,DImprovedSurface,100,4,2684,2683,2681,2683,2664,13092043820239,16.666198,16.666000,,0.436300,0.479200,
18,DImprovedSurface,100,4,2685,2684,2682,2684,2665,13092043986899,16.666703,16.667400,,0.000000,0.494500,
18,DImprovedSurface,100,4,2686,2685,2683,2685,2666,13092044153573,16.666802,16.668700,,0.496200,0.479000,
18,DImprovedSurface,100,4,2687,2686,2684,2686,2667,13092044320260,16.666198,16.667500,,0.428000,0.477600,
18,DImprovedSurface,100,4,2688,2687,2685,2687,2668,13092044486935,16.667198,16.665700,,0.460100,0.429000,
18,DImprovedSurface,100,4,2689,2688,2686,2688,2669,13092044653592,16.666802,16.667100,,0.445700,0.478200,
18,DImprovedSurface,100,4,2690,2689,2687,2689,2670,13092044820263,16.666703,16.661800,,0.432500,0.508500,
18,DImprovedSurface,100,4,2691,2690,2688,2690,2671,13092044986881,16.667198,16.669500,,0.000000,0.549800,
18,DImprovedSurface,100,4,2692,2691,2689,2691,2672,13092045153576,16.666595,16.671500,,0.419800,0.460600,
18,DImprovedSurface,100,4,2693,2692,2690,2692,2673,13092045320291,16.666504,16.666400,,0.472000,0.551800,
18,DImprovedSurface,100,4,2694,2693,2691,2693,2674,13092045486955,16.666900,17.157900,,0.476100,0.648900,
18,DImprovedSurface,100,4,2695,2694,2692,2694,2675,13092045658534,16.666802,16.182600,,0.471700,0.515300,
18,DImprovedSurface,100,4,2696,2695,2693,2695,2676,13092045820360,16.666794,16.890500,,0.465500,0.485700,
18,DImprovedSurface,100,4,2697,2696,2694,2696,2677,13092045989265,16.666999,16.435100,,0.000000,0.554900,
18,DImprovedSurface,100,4,2698,2697,2695,2697,2678,13092046153616,16.666206,16.999700,,0.497900,0.513700,
18,DImprovedSurface,100,4,2699,2698,2696,2698,2679,13092046323613,16.667496,16.337700,,0.490300,0.555900,
18,DImprovedSurface,100,4,2700,2699,2697,2699,2680,13092046486990,16.666504,17.315300,,0.499700,0.534900,
18,DImprovedSurface,100,4,2701,2700,2698,2700,2681,13092046660143,16.666999,16.012500,,0.493700,0.541100,
18,DImprovedSurface,100,4,2702,2701,2699,2701,2682,13092046820268,16.667100,16.672800,,0.442200,0.499200,
18,DImprovedSurface,100,4,2703,2702,2700,2702,2683,13092046986996,16.666900,16.666800,,0.000000,0.478500,
18,DImprovedSurface,100,4,2704,2703,2701,2703,2684,13092047153664,16.871203,16.661200,,0.413800,0.453100,
18,DImprovedSurface,100,4,2705,2704,2702,2704,2685,13092047320276,16.666999,16.669800,,0.394200,0.447100,
18,DImprovedSurface,100,4,2706,2705,2703,2705,2686,13092047486974,16.666695,16.664900,,0.391300,0.431500,
18,DImprovedSurface,100,4,2707,2706,2704,2706,2687,13092047653623,16.667100,17.262200,,0.407400,0.465000,
18,DImprovedSurface,100,4,2708,2707,2705,2707,2688,13092047826245,16.665703,16.275300,,0.414900,0.472300,
18,DImprovedSurface,100,4,2709,2708,2706,2708,2689,13092047988998,16.668303,17.083300,,0.000000,0.499800,
18,DImprovedSurface,100,4,2710,2709,2707,2709,2690,13092048159831,16.665298,16.251200,,0.467800,0.647800,
18,DImprovedSurface,100,4,2711,2710,2708,2710,2691,13092048322343,16.667595,16.845100,,0.391900,0.439400,
18,DImprovedSurface,100,4,2712,2711,2709,2711,2692,13092048490794,16.666602,16.501300,,0.415200,0.694900,
18,DImprovedSurface,100,4,2713,2712,2710,2712,2693,13092048655807,16.666397,16.833900,,0.462500,0.453900,
18,DImprovedSurface,100,4,2714,2713,2711,2713,2694,13092048824146,16.667206,16.485600,,0.397800,0.450500,
18,DImprovedSurface,100,4,2715,2714,2712,2714,2695,13092048989002,16.667595,16.667900,,0.000000,0.499300,
18,DImprovedSurface,100,4,2716,2715,2713,2715,2696,13092049155681,16.666306,16.661100,,0.413000,0.512500,
18,DImprovedSurface,100,4,2717,2716,2714,2716,2697,13092049322292,16.666595,16.671200,,0.420900,0.481700,
18,DImprovedSurface,100,4,2718,2717,2715,2717,2698,13092049489004,16.666802,16.665700,,0.422900,0.374200,
18,DImprovedSurface,100,4,2719,2718,2716,2718,2699,13092049655661,16.666001,16.670500,,0.526000,0.541400,
18,DImprovedSurface,100,4,2720,2719,2717,2719,2700,13092049822366,16.666198,16.667500,,0.371600,0.469700,
18,DImprovedSurface,100,4,2721,2720,2718,2720,2701,13092049989041,16.666703,16.665400,,0.000000,0.441600,
18,DImprovedSurface,100,4,2722,2721,2719,2721,2702,13092050155695,16.667297,17.059100,,0.344500,0.394000,
18,DImprovedSurface,100,4,2723,2722,2720,2722,2703,13092050326286,16.666504,16.266600,,0.380300,0.396900,
18,DImprovedSurface,100,4,2724,2723,2721,2723,2704,13092050488952,16.666397,16.665200,,0.396100,0.448500,
18,DImprovedSurface,100,4,2725,2724,2722,2724,2705,13092050655604,16.667800,16.667800,,0.444300,0.584700,
19,DImprovedSurface,100,8,2757,2756,2754,2756,2736,13092056216831,16.668303,16.667100,,0.394400,0.471800,
19,DImprovedSurface,100,8,2758,2757,2755,2757,2737,13092056383502,16.665597,16.681800,,0.000000,0.451300,
19,DImprovedSurface,100,8,2759,2758,2756,2758,2738,13092056550320,16.666602,16.651300,,0.421700,0.444400,
19,DImprovedSurface,100,8,2760,2759,2757,2759,2739,13092056716833,16.666496,16.675500,,0.444700,0.473300,
19,DImprovedSurface,100,8,2761,2760,2758,2760,2740,13092056883588,16.666504,16.659100,,0.389900,0.356400,
19,DImprovedSurface,100,8,2762,2761,2759,2761,2741,13092057050179,16.666595,16.665800,,0.417500,0.460300,
19,DImprovedSurface,100,8,2763,2762,2760,2762,2742,13092057216837,16.668098,16.665300,,0.346600,0.344200,
19,DImprovedSurface,100,8,2764,2763,2761,2763,2743,13092057383490,16.665703,16.669000,,0.000000,0.437300,
19,DImprovedSurface,100,8,2765,2764,2762,2764,2744,13092057550180,16.666802,16.663100,,0.556700,0.538300,
19,DImprovedSurface,100,8,2766,2765,2763,2765,2745,13092057716811,16.666496,16.672100,,0.410900,0.441800,
19,DImprovedSurface,100,8,2767,2766,2764,2766,2746,13092057883532,16.666900,16.664600,,0.428300,0.613800,
19,DImprovedSurface,100,8,2768,2767,2765,2767,2747,13092058050178,16.666099,16.666900,,0.399800,0.410900,
19,DImprovedSurface,100,8,2769,2768,2766,2768,2748,13092058216847,16.667701,16.667300,,0.337400,0.311000,
19,DImprovedSurface,100,8,2770,2769,2767,2769,2749,13092058383520,16.666602,16.714700,,0.000000,0.394700,
19,DImprovedSurface,100,8,2771,2770,2768,2770,2750,13092058550667,16.667198,16.611600,,0.414200,0.428800,
19,DImprovedSurface,100,8,2772,2771,2769,2771,2751,13092058716783,16.666001,16.671700,,0.435000,0.436800,
19,DImprovedSurface,100,8,2773,2772,2770,2772,2752,13092058883500,16.666595,16.670400,,0.478000,0.528100,
19,DImprovedSurface,100,8,2774,2773,2771,2773,2753,13092059050204,16.668601,16.672500,,0.372900,0.392900,
19,DImprovedSurface,100,8,2775,2774,2772,2774,2754,13092059216929,16.664704,16.663700,,0.435100,0.437000,
19,DImprovedSurface,100,8,2776,2775,2773,2775,2755,13092059383566,16.666999,16.661400,,0.000000,0.361600,
19,DImprovedSurface,100,8,2777,2776,2774,2776,2756,13092059550180,16.666299,16.674400,,0.490500,0.541900,
19,DImprovedSurface,100,8,2778,2777,2775,2777,2757,13092059716924,16.667100,16.659800,,0.403200,0.423700,
19,DImprovedSurface,100,8,2779,2778,2776,2778,2758,13092059883522,16.666802,16.665400,,0.414400,0.465600,
19,DImprovedSurface,100,8,2780,2779,2777,2779,2759,13092060050176,16.667800,16.664000,,0.389600,0.335800,
19,DImprovedSurface,100,8,2781,2780,2778,2780,2760,13092060216816,16.666099,16.679400,,0.479800,0.530400,
19,DImprovedSurface,100,8,2782,2781,2779,2781,2761,13092060383610,16.666198,16.655800,,0.000000,0.482400,
19,DImprovedSurface,100,8,2783,2782,2780,2782,2762,13092060550168,16.666703,16.670800,,0.436700,0.417700,
19,DImprovedSurface,100,8,2784,2783,2781,2783,2763,13092060716876,16.666595,16.664600,,0.541600,0.547600,
19,DImprovedSurface,100,8,2785,2784,2782,2784,2764,13092060883522,16.667305,16.666600,,0.345300,0.427000,
19,DImprovedSurface,100,8,2786,2785,2783,2785,2765,13092061050188,16.666802,16.666100,,0.321000,0.378100,
19,DImprovedSurface,100,8,2787,2786,2784,2786,2766,13092061216849,16.666397,16.665400,,0.420500,0.477400,
19,DImprovedSurface,100,8,2788,2787,2785,2787,2767,13092061383503,17.022697,16.664300,,0.000000,0.518400,
19,DImprovedSurface,100,8,2789,2788,2786,2788,2768,13092061550146,16.667403,16.677400,,0.501400,0.535900,
19,DImprovedSurface,100,8,2790,2789,2787,2789,2769,13092061716920,16.666001,16.670500,,0.539700,0.530600,
19,DImprovedSurface,100,8,2791,2790,2788,2790,2770,13092061883625,16.666802,17.036000,,0.448500,0.501000,
19,DImprovedSurface,100,8,2792,2791,2789,2791,2771,13092062053985,16.666695,16.660000,,0.459800,0.522800,
19,DImprovedSurface,100,8,2793,2792,2790,2792,2772,13092062220585,16.667305,16.661900,,0.478200,0.527300,
19,DImprovedSurface,100,8,2794,2793,2791,2793,2773,13092062387204,16.666397,16.665300,,0.000000,0.659600,
19,DImprovedSurface,100,8,2795,2794,2792,2794,2774,13092062553857,16.667100,16.668300,,0.465100,0.610400,
19,DImprovedSurface,100,8,2796,2795,2793,2795,2775,13092062720540,16.668105,16.669200,,0.871900,0.553600,
19,DImprovedSurface,100,8,2797,2796,2794,2796,2776,13092062887232,16.664995,16.664200,,0.467000,0.496000,
19,DImprovedSurface,100,8,2798,2797,2795,2797,2777,13092063053874,16.668105,16.663600,,0.451500,0.525900,
19,DImprovedSurface,100,8,2799,2798,2796,2798,2778,13092063220510,16.665498,16.667000,,0.467800,0.487600,
19,DImprovedSurface,100,8,2800,2799,2797,2799,2779,13092063387180,16.666496,16.666100,,0.000000,0.545800,
19,DImprovedSurface,100,8,2801,2800,2798,2800,2780,13092063553841,16.666504,16.683700,,0.410300,0.436600,
19,DImprovedSurface,100,8,2802,2801,2799,2801,2781,13092063720678,16.667100,16.644800,,0.388700,0.402800,
19,DImprovedSurface,100,8,2803,2802,2800,2802,2782,13092063887126,16.666602,16.666400,,0.419100,0.436000,
19,DImprovedSurface,100,8,2804,2803,2801,2803,2783,13092064053790,16.666999,16.660600,,0.396100,0.423800,
19,DImprovedSurface,100,8,2805,2804,2802,2804,2784,13092064220396,16.668297,16.671500,,0.477900,0.562900,
19,DImprovedSurface,100,8,2806,2805,2803,2805,2785,13092064387111,16.665801,16.663300,,0.000000,0.492100,
19,DImprovedSurface,100,8,2807,2806,2804,2806,2786,13092064553744,16.667100,16.668900,,0.489700,0.548900,
19,DImprovedSurface,100,8,2808,2807,2805,2807,2787,13092064720433,16.674999,16.682800,,0.572300,0.592600,
19,DImprovedSurface,100,8,2809,2808,2806,2808,2788,13092064887261,16.681803,16.663100,,0.652400,0.650900,
19,DImprovedSurface,100,8,2810,2809,2807,2809,2789,13092065053892,16.666794,16.662700,,0.832200,0.946900,
19,DImprovedSurface,100,8,2811,2810,2808,2810,2790,13092065220519,16.666802,16.687900,,0.613700,0.656600,
19,DImprovedSurface,100,8,2812,2811,2809,2811,2791,13092065387398,16.666602,16.679500,,0.000000,0.563400,
19,DImprovedSurface,100,8,2813,2812,2810,2812,2792,13092065554193,16.666595,16.661900,,0.484000,0.509600,
19,DImprovedSurface,100,8,2814,2813,2811,2813,2793,13092065720812,16.666802,16.662300,,0.468700,0.484800,
19,DImprovedSurface,100,8,2815,2814,2812,2814,2794,13092065887435,16.666999,16.668500,,0.492100,0.527600,
19,DImprovedSurface,100,8,2816,2815,2813,2815,2795,13092066054120,16.666602,16.661200,,0.438000,0.519500,
19,DImprovedSurface,100,8,2817,2816,2814,2816,2796,13092066220732,16.666602,16.669400,,0.437800,0.553500,
19,DImprovedSurface,100,8,2818,2817,2815,2817,2797,13092066387426,16.667694,16.667700,,0.000000,0.703000,
19,DImprovedSurface,100,8,2819,2818,2816,2818,2798,13092066554103,16.666306,16.662400,,0.468900,0.541400,
19,DImprovedSurface,100,8,2820,2819,2817,2819,2799,13092066720727,16.666595,16.668500,,0.448400,0.490900,
19,DImprovedSurface,100,8,2821,2820,2818,2820,2800,13092066887412,16.667100,16.673900,,0.435300,0.490800,
19,DImprovedSurface,100,8,2822,2821,2819,2821,2801,13092067054151,16.667100,16.672400,,0.452500,0.532000,
19,DImprovedSurface,100,8,2823,2822,2820,2822,2802,13092067220875,16.666504,16.658100,,0.446300,0.548100,
19,DImprovedSurface,100,8,2824,2823,2821,2823,2803,13092067387456,16.668197,16.666800,,0.000000,0.507600,
19,DImprovedSurface,100,8,2825,2824,2822,2824,2804,13092067554124,16.665902,16.683500,,0.498600,0.508900,
19,DImprovedSurface,100,8,2826,2825,2823,2825,2805,13092067720959,16.666299,16.654200,,0.426800,0.479900,
19,DImprovedSurface,100,8,2827,2826,2824,2826,2806,13092067887501,16.667105,16.672100,,0.455700,0.489200,
19,DImprovedSurface,100,8,2828,2827,2825,2827,2807,13092068054222,16.666595,16.658700,,0.463800,0.525600,
19,DImprovedSurface,100,8,2829,2828,2826,2828,2808,13092068220809,16.666703,16.665300,,0.818200,0.857200,
19,DImprovedSurface,100,8,2830,2829,2827,2829,2809,13092068387462,16.666099,16.664500,,0.000000,0.576100,
19,DImprovedSurface,100,8,2831,2830,2828,2830,2810,13092068554107,16.667396,16.676200,,0.483500,0.521800,
19,DImprovedSurface,100,8,2832,2831,2829,2831,2811,13092068720869,16.666001,16.664200,,0.459200,0.574000,
19,DImprovedSurface,100,8,2833,2832,2830,2832,2812,13092068887511,16.666900,16.670700,,0.440200,0.470000,
19,DImprovedSurface,100,8,2834,2833,2831,2833,2813,13092069054218,16.666703,16.656800,,0.419700,0.477600,
19,DImprovedSurface,100,8,2835,2834,2832,2834,2814,13092069220786,16.667100,16.663800,,0.414600,0.573700,
19,DImprovedSurface,100,8,2836,2835,2833,2835,2815,13092069387424,16.666299,16.663000,,0.000000,0.524300,
19,DImprovedSurface,100,8,2837,2836,2834,2836,2816,13092069554054,16.666999,16.670200,,0.415200,0.578700,
19,DImprovedSurface,100,8,2838,2837,2835,2837,2817,13092069720756,16.666306,16.663100,,0.452500,0.505200,
19,DImprovedSurface,100,8,2839,2838,2836,2838,2818,13092069887387,16.666695,16.670300,,0.414000,0.494000,
19,DImprovedSurface,100,8,2840,2839,2837,2839,2819,13092070054090,16.666602,16.665600,,0.439600,0.390100,
19,DImprovedSurface,100,8,2841,2840,2838,2840,2820,13092070220746,16.667396,16.663900,,0.459200,0.483700,
19,DImprovedSurface,100,8,2842,2841,2839,2841,2821,13092070387385,16.666306,16.663100,,0.000000,0.547100,
19,DImprovedSurface,100,8,2843,2842,2840,2842,2822,13092070554016,16.666999,16.674800,,0.460000,0.463100,
19,DImprovedSurface,100,8,2844,2843,2841,2843,2823,13092070720764,16.667496,16.665800,,0.480700,0.672300,
19,DImprovedSurface,100,8,2845,2844,2842,2844,2824,13092070887422,16.666504,16.662700,,0.437900,0.573600,
19,DImprovedSurface,100,8,2846,2845,2843,2845,2825,13092071054049,16.666299,16.671100,,0.445000,0.490900,
19,DImprovedSurface,100,8,2847,2846,2844,2846,2826,13092071220760,16.666703,16.673500,,0.445900,0.588000,
19,DImprovedSurface,100,8,2848,2847,2845,2847,2827,13092071387495,16.667800,16.679500,,0.000000,0.511800,
19,DImprovedSurface,100,8,2849,2848,2846,2848,2828,13092071554290,16.665902,16.650100,,0.624800,0.493400,
19,DImprovedSurface,100,8,2850,2849,2847,2849,2829,13092071720791,16.666794,16.662400,,0.442200,0.549500,
19,DImprovedSurface,100,8,2851,2850,2848,2850,2830,13092071887415,16.666802,16.685000,,0.457000,0.527800,
19,DImprovedSurface,100,8,2852,2851,2849,2851,2831,13092072054265,16.666299,16.658600,,0.441100,0.483800,
19,DImprovedSurface,100,8,2853,2852,2850,2852,2832,13092072220851,16.666206,16.667400,,0.446800,0.465700,
19,DImprovedSurface,100,8,2854,2853,2851,2853,2833,13092072387525,16.667100,16.662200,,0.000000,0.560400,
19,DImprovedSurface,100,8,2855,2854,2852,2854,2834,13092072554147,16.667396,16.662400,,0.399800,0.409800,
19,DImprovedSurface,100,8,2856,2855,2853,2855,2835,13092072720771,16.666999,16.658200,,0.427500,0.482500,
19,DImprovedSurface,100,8,2857,2856,2854,2856,2836,13092072887353,16.666299,16.668000,,0.376900,0.370200,
19,DImprovedSurface,100,8,2858,2857,2855,2857,2837,13092073054033,16.666306,16.678200,,0.428400,0.469900,
19,DImprovedSurface,100,8,2859,2858,2856,2858,2838,13092073220815,16.666695,16.662800,,0.380600,0.490800,
19,DImprovedSurface,100,8,2860,2859,2857,2859,2839,13092073387443,16.667701,16.664600,,0.000000,0.578400,
19,DImprovedSurface,100,8,2861,2860,2858,2860,2840,13092073554089,16.666099,16.664300,,0.560700,0.606000,
19,DImprovedSurface,100,8,2862,2861,2859,2861,2841,13092073720732,16.666602,16.667400,,0.373700,0.474600,
19,DImprovedSurface,100,8,2863,2862,2860,2862,2842,13092073887406,16.666397,16.679100,,0.378500,0.411000,
19,DImprovedSurface,100,8,2864,2863,2861,2863,2843,13092074054197,16.666703,16.655200,,0.411800,0.535500,
19,DImprovedSurface,100,8,2865,2864,2862,2864,2844,13092074220749,16.666602,16.664600,,0.374200,0.426500,
19,DImprovedSurface,100,8,2866,2865,2863,2865,2845,13092074387395,16.666893,16.664400,,0.000000,0.430900,
19,DImprovedSurface,100,8,2867,2866,2864,2866,2846,13092074554039,16.666602,16.665100,,0.418000,0.468200,
19,DImprovedSurface,100,8,2868,2867,2865,2867,2847,13092074720690,16.666999,16.666300,,0.399900,0.456400,
19,DImprovedSurface,100,8,2869,2868,2866,2868,2848,13092074887353,16.666198,16.668600,,0.435500,0.437700,
19,DImprovedSurface,100,8,2870,2869,2867,2869,2849,13092075054039,16.667305,16.665200,,0.403300,0.439500,
19,DImprovedSurface,100,8,2871,2870,2868,2870,2850,13092075220691,16.666794,16.671400,,0.401600,0.473000,
19,DImprovedSurface,100,8,2872,2871,2869,2871,2851,13092075387405,16.666504,16.661300,,0.000000,0.501900,
19,DImprovedSurface,100,8,2873,2872,2870,2872,2852,13092075554018,16.667396,16.678000,,0.338400,0.488700,
19,DImprovedSurface,100,8,2874,2873,2871,2873,2853,13092075720798,16.665902,16.664900,,0.500900,0.434500,
19,DImprovedSurface,100,8,2875,2874,2872,2874,2854,13092075887447,16.666602,16.664700,,0.378700,0.380200,
19,DImprovedSurface,100,8,2876,2875,2873,2875,2855,13092076054094,16.667899,16.671100,,0.331200,0.386600,
20,DImprovedSurface,100,16,2908,2907,2905,2907,2886,13092081680852,16.665902,16.668500,,0.458900,0.407400,
20,DImprovedSurface,100,16,2909,2908,2906,2908,2887,13092081847537,16.666703,16.669700,,0.406700,0.429100,
20,DImprovedSurface,100,16,2910,2909,2907,2909,2888,13092082014234,16.667198,16.675600,,0.399700,0.455600,
20,DImprovedSurface,100,16,2911,2910,2908,2910,2889,13092082180990,16.665801,16.662100,,0.000000,0.579300,
20,DImprovedSurface,100,16,2912,2911,2909,2911,2890,13092082347611,16.666397,16.662000,,0.440300,0.613200,
20,DImprovedSurface,100,16,2913,2912,2910,2912,2891,13092082514231,16.666802,16.676000,,0.392300,0.384500,
20,DImprovedSurface,100,16,2914,2913,2911,2913,2892,13092082680991,16.666999,16.656100,,0.392600,0.422800,
20,DImprovedSurface,100,16,2915,2914,2912,2914,2893,13092082847552,16.667297,16.666400,,0.402100,0.473500,
20,DImprovedSurface,100,16,2916,2915,2913,2915,2894,13092083014216,16.667100,16.666100,,0.335600,0.352400,
20,DImprovedSurface,100,16,2917,2916,2914,2916,2895,13092083180877,16.666504,16.670400,,0.000000,0.528700,
20,DImprovedSurface,100,16,2918,2917,2915,2917,2896,13092083347581,16.665498,16.662400,,0.578900,0.492700,
20,DImprovedSurface,100,16,2919,2918,2916,2918,2897,13092083514205,16.667198,16.682900,,0.436400,0.435100,
20,DImprovedSurface,100,16,2920,2919,2917,2919,2898,13092083681034,16.667701,16.658200,,0.339900,0.402200,
20,DImprovedSurface,100,16,2921,2920,2918,2920,2899,13092083847616,16.666504,16.668700,,0.436000,0.664600,
20,DImprovedSurface,100,16,2922,2921,2919,2921,2900,13092084014303,16.665597,16.659800,,0.400100,0.391200,
20,DImprovedSurface,100,16,2923,2922,2920,2922,2901,13092084180901,16.667701,16.671600,,0.000000,0.446700,
20,DImprovedSurface,100,16,2924,2923,2921,2923,2902,13092084347617,16.665604,16.671600,,0.450900,0.428500,
20,DImprovedSurface,100,16,2925,2924,2922,2924,2903,13092084514333,16.667694,16.654700,,0.440900,0.540400,
20,DImprovedSurface,100,16,2926,2925,2923,2925,2904,13092084680880,16.666198,16.676000,,0.405400,0.476600,
20,DImprovedSurface,100,16,2927,2926,2924,2926,2905,13092084847640,16.667206,16.668200,,0.399600,0.355300,
20,DImprovedSurface,100,16,2928,2927,2925,2927,2906,13092085014322,16.666595,16.674200,,0.448000,0.702600,
20,DImprovedSurface,100,16,2929,2928,2926,2928,2907,13092085181064,16.665902,16.651100,,0.000000,0.405000,
20,DImprovedSurface,100,16,2930,2929,2927,2929,2908,13092085347575,16.667403,16.678900,,0.426400,0.407600,
20,DImprovedSurface,100,16,2931,2930,2928,2930,2909,13092085514364,16.666397,16.657200,,0.428700,0.431700,
20,DImprovedSurface,100,16,2932,2931,2929,2931,2910,13092085680936,16.667701,16.665000,,0.329900,0.530700,
20,DImprovedSurface,100,16,2933,2932,2930,2932,2911,13092085847586,16.665695,16.665900,,0.346500,0.464800,
20,DImprovedSurface,100,16,2934,2933,2931,2933,2912,13092086014245,16.666504,16.665800,,0.483200,0.394600,
20,DImprovedSurface,100,16,2935,2934,2932,2934,2913,13092086180903,16.667297,16.672500,,0.000000,0.387300,
20,DImprovedSurface,100,16,2936,2935,2933,2935,2914,13092086347628,16.666602,16.678300,,0.427900,0.415700,
20,DImprovedSurface,100,16,2937,2936,2934,2936,2915,13092086514411,16.668098,16.647000,,0.346700,0.403500,
20,DImprovedSurface,100,16,2938,2937,2935,2937,2916,13092086680881,16.665399,16.669100,,0.423700,0.485700,
20,DImprovedSurface,100,16,2939,2938,2936,2938,2917,13092086847572,16.666802,16.668700,,0.356900,0.505600,
20,DImprovedSurface,100,16,2940,2939,2937,2939,2918,13092087014259,16.666602,16.682600,,0.427400,0.453100,
20,DImprovedSurface,100,16,2941,2940,2938,2940,2919,13092087181085,16.666695,16.658000,,0.000000,0.512300,
20,DImprovedSurface,100,16,2942,2941,2939,2941,2920,13092087347665,16.666802,16.666600,,0.457900,0.494600,
20,DImprovedSurface,100,16,2943,2942,2940,2942,2921,13092087514331,16.666999,16.667800,,0.487600,0.560700,
20,DImprovedSurface,100,16,2944,2943,2941,2943,2922,13092087681009,16.666306,16.667200,,0.549400,0.609800,
20,DImprovedSurface,100,16,2945,2944,2942,2944,2923,13092087847681,16.666999,16.668700,,0.503000,0.529100,
20,DImprovedSurface,100,16,2946,2945,2943,2945,2924,13092088014368,16.667396,16.665900,,0.466500,0.685800,
20,DImprovedSurface,100,16,2947,2946,2944,2946,2925,13092088181027,16.704004,16.667000,,0.000000,0.616100,
20,DImprovedSurface,100,16,2948,2947,2945,2947,2926,13092088347697,16.666695,16.667100,,0.495400,0.471400,
20,DImprovedSurface,100,16,2949,2948,2946,2948,2927,13092088514368,16.666900,16.674500,,0.438900,0.509300,
20,DImprovedSurface,100,16,2950,2949,2947,2949,2928,13092088681113,16.666099,16.698400,,0.452700,0.502500,
20,DImprovedSurface,100,16,2951,2950,2948,2950,2929,13092088848097,16.667999,16.660200,,0.400300,0.431300,
20,DImprovedSurface,100,16,2952,2951,2949,2951,2930,13092089014699,16.665902,16.668400,,0.377600,0.438500,
20,DImprovedSurface,100,16,2953,2952,2950,2952,2931,13092089181383,16.666900,16.658500,,0.000000,0.562000,
20,DImprovedSurface,100,16,2954,2953,2951,2953,2932,13092089347968,16.666703,16.670800,,0.439400,0.656200,
20,DImprovedSurface,100,16,2955,2954,2952,2954,2933,13092089514676,16.666397,16.672400,,0.335100,0.397900,
20,DImprovedSurface,100,16,2956,2955,2953,2955,2934,13092089681400,16.666703,16.662100,,0.401800,0.470100,
20,DImprovedSurface,100,16,2957,2956,2954,2956,2935,13092089848021,16.666802,16.661500,,0.387200,0.481500,
20,DImprovedSurface,100,16,2958,2957,2955,2957,2936,13092090014636,16.667100,16.667700,,0.457100,0.500100,
20,DImprovedSurface,100,16,2959,2958,2956,2958,2937,13092090181313,16.666802,16.674600,,0.000000,0.544600,
20,DImprovedSurface,100,16,2960,2959,2957,2959,2938,13092090348059,16.666900,16.666900,,0.595600,0.511000,
20,DImprovedSurface,100,16,2961,2960,2958,2960,2939,13092090514728,16.666595,16.670300,,0.774700,0.722800,
20,DImprovedSurface,100,16,2962,2961,2959,2961,2940,13092090681431,16.666099,16.678600,,0.636700,0.624400,
20,DImprovedSurface,100,16,2963,2962,2960,2962,2941,13092090848217,16.667603,16.655600,,0.588500,0.578800,
20,DImprovedSurface,100,16,2964,2963,2961,2963,2942,13092091014773,16.666496,16.671600,,0.555500,0.564000,
20,DImprovedSurface,100,16,2965,2964,2962,2964,2943,13092091181489,16.666504,16.654400,,0.000000,0.557300,
20,DImprovedSurface,100,16,2966,2965,2963,2965,2944,13092091348033,16.666496,16.671900,,0.418100,0.508300,
20,DImprovedSurface,100,16,2967,2966,2964,2966,2945,13092091514752,16.666703,16.662300,,0.422500,0.492900,
20,DImprovedSurface,100,16,2968,2967,2965,2967,2946,13092091681375,16.667305,16.665800,,0.460700,0.489100,
20,DImprovedSurface,100,16,2969,2968,2966,2968,2947,13092091848033,16.666595,16.664600,,0.455100,0.542900,
20,DImprovedSurface,100,16,2970,2969,2967,2969,2948,13092092014679,16.667100,16.669400,,0.468000,0.541300,
20,DImprovedSurface,100,16,2971,2970,2968,2970,2949,13092092181373,16.666306,16.670800,,0.000000,0.521600,
20,DImprovedSurface,100,16,2972,2971,2969,2971,2950,13092092348081,16.667297,16.673500,,0.427800,0.512000,
20,DImprovedSurface,100,16,2973,2972,2970,2972,2951,13092092514816,16.666099,16.661700,,0.663300,0.610300,
20,DImprovedSurface,100,16,2974,2973,2971,2973,2952,13092092681433,16.666900,16.663700,,0.468800,0.547900,
20,DImprovedSurface,100,16,2975,2974,2972,2974,2953,13092092848070,16.666703,16.672400,,0.460100,0.529500,
20,DImprovedSurface,100,16,2976,2975,2973,2975,2954,13092093014794,16.666794,16.657300,,0.443000,0.615800,
20,DImprovedSurface,100,16,2977,2976,2974,2976,2955,13092093181367,16.666602,16.682000,,0.000000,0.520900,
20,DImprovedSurface,100,16,2978,2977,2975,2977,2956,13092093348187,16.666802,16.655100,,0.416100,0.517400,
20,DImprovedSurface,100,16,2979,2978,2976,2978,2957,13092093514738,16.667496,16.666000,,0.467800,0.509600,
20,DImprovedSurface,100,16,2980,2979,2977,2979,2958,13092093681398,16.666802,16.668800,,0.888500,0.827900,
20,DImprovedSurface,100,16,2981,2980,2978,2980,2959,13092093848086,16.666602,16.667300,,0.667900,0.694800,
20,DImprovedSurface,100,16,2982,2981,2979,2981,2960,13092094014759,16.686996,16.676400,,0.573600,0.628700,
20,DImprovedSurface,100,16,2983,2982,2980,2982,2961,13092094181523,16.646102,16.666000,,0.000000,0.650200,
20,DImprovedSurface,100,16,2984,2983,2981,2983,2962,13092094348183,16.666703,16.661400,,0.512800,0.540900,
20,DImprovedSurface,100,16,2985,2984,2982,2984,2963,13092094514797,16.666695,16.686900,,0.443900,0.526800,
20,DImprovedSurface,100,16,2986,2985,2983,2985,2964,13092094681666,16.666602,16.639600,,0.619000,0.532300,
20,DImprovedSurface,100,16,2987,2986,2984,2986,2965,13092094848062,16.666900,16.667000,,0.432800,0.500000,
20,DImprovedSurface,100,16,2988,2987,2985,2987,2966,13092095014732,16.666900,16.677500,,0.440000,0.492800,
20,DImprovedSurface,100,16,2989,2988,2986,2988,2967,13092095181507,16.666595,16.653000,,0.000000,0.494000,
20,DImprovedSurface,100,16,2990,2989,2987,2989,2968,13092095348037,16.666198,16.664000,,0.421400,0.486800,
20,DImprovedSurface,100,16,2991,2990,2988,2990,2969,13092095514677,16.666999,16.671400,,0.471000,0.459400,
20,DImprovedSurface,100,16,2992,2991,2989,2991,2970,13092095681391,16.666405,16.668200,,0.469900,0.490300,
20,DImprovedSurface,100,16,2993,2992,2990,2992,2971,13092095848073,16.667297,16.659400,,0.461800,0.444300,
20,DImprovedSurface,100,16,2994,2993,2991,2993,2972,13092096014667,16.666999,16.666400,,0.434300,0.575900,
20,DImprovedSurface,100,16,2995,2994,2992,2994,2973,13092096181331,16.666306,16.668400,,0.000000,0.540400,
20,DImprovedSurface,100,16,2996,2995,2993,2995,2974,13092096348015,16.666893,16.677200,,0.420000,0.462400,
20,DImprovedSurface,100,16,2997,2996,2994,2996,2975,13092096514787,16.667007,16.660700,,0.454500,0.535200,
20,DImprovedSurface,100,16,2998,2997,2995,2997,2976,13092096681394,16.667198,16.664800,,0.441200,0.606400,
20,DImprovedSurface,100,16,2999,2998,2996,2998,2977,13092096848042,16.666099,16.671500,,0.453200,0.550400,
20,DImprovedSurface,100,16,3000,2999,2997,2999,2978,13092097014757,16.667396,16.670700,,0.438200,0.668300,
20,DImprovedSurface,100,16,3001,3000,2998,3000,2979,13092097181464,16.666099,16.661200,,0.000000,0.508600,
20,DImprovedSurface,100,16,3002,3001,2999,3001,2980,13092097348076,16.666703,16.669600,,0.422300,0.450900,
20,DImprovedSurface,100,16,3003,3002,3000,3002,2981,13092097514772,16.666602,16.665100,,0.465800,0.585600,
20,DImprovedSurface,100,16,3004,3003,3001,3003,2982,13092097681423,16.669897,16.711900,,0.413800,0.502100,
20,DImprovedSurface,100,16,3005,3004,3002,3004,2983,13092097848542,16.664300,16.632500,,0.443500,0.583500,
20,DImprovedSurface,100,16,3006,3005,3003,3005,2984,13092098014867,16.665902,16.651800,,0.456400,0.450800,
20,DImprovedSurface,100,16,3007,3006,3004,3006,2985,13092098181385,16.666999,16.674600,,0.000000,0.392200,
20,DImprovedSurface,100,16,3008,3007,3005,3007,2986,13092098348131,16.666397,16.667700,,0.413100,0.422500,
20,DImprovedSurface,100,16,3009,3008,3006,3008,2987,13092098514808,16.666900,16.654100,,0.418900,0.441800,
20,DImprovedSurface,100,16,3010,3009,3007,3009,2988,13092098681349,16.667999,16.664500,,0.455300,0.480800,
20,DImprovedSurface,100,16,3011,3010,3008,3010,2989,13092098847994,16.665298,16.671800,,0.364800,0.477000,
20,DImprovedSurface,100,16,3012,3011,3009,3011,2990,13092099014712,16.666504,16.673100,,0.339700,0.372100,
20,DImprovedSurface,100,16,3013,3012,3010,3012,2991,13092099181443,16.667899,16.665400,,0.000000,0.483400,
20,DImprovedSurface,100,16,3014,3013,3011,3013,2992,13092099348097,16.665399,16.658100,,0.410300,0.429400,
20,DImprovedSurface,100,16,3015,3014,3012,3014,2993,13092099514678,16.667305,16.670400,,0.476100,0.424300,
20,DImprovedSurface,100,16,3016,3015,3013,3015,2994,13092099681382,16.666794,16.682800,,0.366900,0.413900,
20,DImprovedSurface,100,16,3017,3016,3014,3016,2995,13092099848210,16.665902,16.650000,,0.324900,0.423600,
20,DImprovedSurface,100,16,3018,3017,3015,3017,2996,13092100014710,16.667899,16.673300,,0.322200,0.398400,
20,DImprovedSurface,100,16,3019,3018,3016,3018,2997,13092100181443,16.666703,16.654700,,0.000000,0.427300,
20,DImprovedSurface,100,16,3020,3019,3017,3019,2998,13092100347990,16.666703,16.666300,,0.434400,0.368000,
20,DImprovedSurface,100,16,3021,3020,3018,3020,2999,13092100514653,16.666496,16.670000,,0.443000,0.521300,
20,DImprovedSurface,100,16,3022,3021,3019,3021,3000,13092100681353,16.666504,16.677600,,0.402200,0.440900,
20,DImprovedSurface,100,16,3023,3022,3020,3022,3001,13092100848129,16.666893,16.660900,,0.453300,0.408000,
20,DImprovedSurface,100,16,3024,3023,3021,3023,3002,13092101014738,16.667007,16.661300,,0.396900,0.449600,
20,DImprovedSurface,100,16,3025,3024,3022,3024,3003,13092101181351,16.666299,16.677000,,0.000000,0.481800,
20,DImprovedSurface,100,16,3026,3025,3023,3025,3004,13092101348121,16.667496,16.656300,,0.414800,0.424400,
20,DImprovedSurface,100,16,3027,3026,3024,3026,3005,13092101514684,16.665200,16.679300,,0.410300,0.621900,
20,DImprovedSurface,100,16,3028,3027,3025,3027,3006,13092101681477,16.667305,16.666600,,0.329000,0.345600,
21,DImprovedSurface,300,1,3060,3059,3057,3059,3037,13092107266843,16.666703,16.652400,,0.405400,0.421300,
21,DImprovedSurface,300,1,3061,3060,3058,3060,3038,13092107433367,16.666900,16.663700,,0.453300,0.429800,
21,DImprovedSurface,300,1,3062,3061,3059,3061,3039,13092107600004,16.666496,16.667700,,0.401400,0.442900,
21,DImprovedSurface,300,1,3063,3062,3060,3062,3040,13092107766681,16.666802,16.675400,,0.000000,0.449500,
21,DImprovedSurface,300,1,3064,3063,3061,3063,3041,13092107933435,16.667100,16.658100,,0.415300,0.375900,
21,DImprovedSurface,300,1,3065,3064,3062,3064,3042,13092108100016,16.666306,16.667500,,0.403400,0.439000,
21,DImprovedSurface,300,1,3066,3065,3063,3065,3043,13092108266691,16.666099,16.667200,,0.435100,0.656000,
21,DImprovedSurface,300,1,3067,3066,3064,3066,3044,13092108433363,16.666802,16.667200,,0.548100,0.479800,
21,DImprovedSurface,300,1,3068,3067,3065,3067,3045,13092108600035,16.666794,16.673000,,0.354800,0.394000,
21,DImprovedSurface,300,1,3069,3068,3066,3068,3046,13092108766765,16.667105,16.670400,,0.000000,0.352100,
21,DImprovedSurface,300,1,3070,3069,3067,3069,3047,13092108933469,16.667396,16.653000,,0.407800,0.369000,
21,DImprovedSurface,300,1,3071,3070,3068,3070,3048,13092109099999,16.665703,16.664700,,0.446400,0.647500,
21,DImprovedSurface,300,1,3072,3071,3069,3071,3049,13092109266646,16.666900,16.671300,,0.398800,0.390600,
21,DImprovedSurface,300,1,3073,3072,3070,3072,3050,13092109433359,16.666695,16.674800,,0.418000,0.428000,
21,DImprovedSurface,300,1,3074,3073,3071,3073,3051,13092109600107,16.666999,16.659300,,0.441000,0.629300,
21,DImprovedSurface,300,1,3075,3074,3072,3074,3052,13092109766700,16.666802,16.671200,,0.000000,0.423600,
21,DImprovedSurface,300,1,3076,3075,3073,3075,3053,13092109933412,16.666802,16.661600,,0.443300,0.607100,
21,DImprovedSurface,300,1,3077,3076,3074,3076,3054,13092110100028,16.666001,16.666900,,0.407900,0.424000,
21,DImprovedSurface,300,1,3078,3077,3075,3077,3055,13092110266697,16.666198,16.673900,,0.395100,0.336100,
21,DImprovedSurface,300,1,3079,3078,3076,3078,3056,13092110433436,16.667701,16.669400,,0.394700,0.415600,
21,DImprovedSurface,300,1,3080,3079,3077,3079,3057,13092110600130,16.666397,16.654900,,0.390200,0.383500,
21,DImprovedSurface,300,1,3081,3080,3078,3080,3058,13092110766679,16.666405,16.666300,,0.000000,0.376900,
21,DImprovedSurface,300,1,3082,3081,3079,3081,3059,13092110933342,16.666999,16.680000,,0.333000,0.369000,
21,DImprovedSurface,300,1,3083,3082,3080,3082,3060,13092111100142,16.668495,16.652900,,0.330200,0.398400,
21,DImprovedSurface,300,1,3084,3083,3081,3083,3061,13092111266671,16.665505,16.664800,,0.398100,0.408500,
21,DImprovedSurface,300,1,3085,3084,3082,3084,3062,13092111433319,16.666299,16.668900,,0.332700,0.399300,
21,DImprovedSurface,300,1,3086,3085,3083,3085,3063,13092111600008,16.666198,16.671200,,0.359900,0.436800,
21,DImprovedSurface,300,1,3087,3086,3084,3086,3064,13092111766720,16.667403,16.662300,,0.000000,0.393900,
21,DImprovedSurface,300,1,3088,3087,3085,3087,3065,13092111933343,16.665796,16.668500,,0.431700,0.458900,
21,DImprovedSurface,300,1,3089,3088,3086,3088,3066,13092112100028,16.667198,16.664000,,0.396100,0.324200,
21,DImprovedSurface,300,1,3090,3089,3087,3089,3067,13092112266668,16.666703,16.678500,,0.352400,0.492700,
21,DImprovedSurface,300,1,3091,3090,3088,3090,3068,13092112433453,16.667403,16.656600,,0.409800,0.514800,
21,DImprovedSurface,300,1,3092,3091,3089,3091,3069,13092112600019,16.666198,16.676300,,0.431600,0.541400,
21,DImprovedSurface,300,1,3093,3092,3090,3092,3070,13092112766782,16.667100,16.672600,,0.000000,0.534700,
21,DImprovedSurface,300,1,3094,3093,3091,3093,3071,13092112933508,16.666602,16.663200,,0.494500,0.501200,
21,DImprovedSurface,300,1,3095,3094,3092,3094,3072,13092113100140,16.666496,16.668000,,0.479100,0.655600,
21,DImprovedSurface,300,1,3096,3095,3093,3095,3073,13092113266820,16.667800,16.670000,,0.513100,0.535400,
21,DImprovedSurface,300,1,3097,3096,3094,3096,3074,13092113433520,16.666001,16.662700,,0.477500,0.576800,
21,DImprovedSurface,300,1,3098,3097,3095,3097,3075,13092113600147,16.666595,16.666600,,0.486500,0.537400,
21,DImprovedSurface,300,1,3099,3098,3096,3098,3076,13092113766813,16.666703,16.665800,,0.000000,0.557000,
21,DImprovedSurface,300,1,3100,3099,3097,3099,3077,13092113933471,16.667198,16.667900,,0.495100,0.526400,
21,DImprovedSurface,300,1,3101,3100,3098,3100,3078,13092114100150,16.666306,16.665500,,0.516900,0.574400,
21,DImprovedSurface,300,1,3102,3101,3099,3101,3079,13092114266805,16.667297,16.671500,,0.488900,0.534100,
21,DImprovedSurface,300,1,3103,3102,3100,3102,3080,13092114433520,16.665604,16.668300,,0.464500,0.504200,
21,DImprovedSurface,300,1,3104,3103,3101,3103,3081,13092114600203,16.667100,16.665900,,0.426700,0.493900,
21,DImprovedSurface,300,1,3105,3104,3102,3104,3082,13092114766862,16.666999,16.658900,,0.000000,0.549900,
21,DImprovedSurface,300,1,3106,3105,3103,3105,3083,13092114933451,16.666802,16.663100,,0.466400,0.490800,
21,DImprovedSurface,300,1,3107,3106,3104,3106,3084,13092115100082,16.667297,16.673400,,0.466900,0.471900,
21,DImprovedSurface,300,1,3108,3107,3105,3107,3085,13092115266816,16.666703,16.669200,,0.915900,0.599000,
21,DImprovedSurface,300,1,3109,3108,3106,3108,3086,13092115433508,16.666299,16.665800,,0.535500,0.506600,
21,DImprovedSurface,300,1,3110,3109,3107,3109,3087,13092115600166,16.666703,16.667900,,0.449300,0.483100,
21,DImprovedSurface,300,1,3111,3110,3108,3110,3088,13092115766845,16.666794,16.741600,,0.000000,0.516900,
21,DImprovedSurface,300,1,3112,3111,3109,3111,3089,13092115934261,16.667305,16.588100,,0.461800,0.516500,
21,DImprovedSurface,300,1,3113,3112,3110,3112,3090,13092116100142,16.666496,16.666500,,0.920500,0.885000,
21,DImprovedSurface,300,1,3114,3113,3111,3113,3091,13092116266807,16.666504,16.669400,,0.711700,0.789900,
21,DImprovedSurface,300,1,3115,3114,3112,3114,3092,13092116433501,16.666802,16.684800,,0.626100,0.658700,
21,DImprovedSurface,300,1,3116,3115,3113,3115,3093,13092116600349,16.667100,16.657700,,0.563600,0.567500,
21,DImprovedSurface,300,1,3117,3116,3114,3116,3094,13092116766926,16.666695,16.662200,,0.000000,0.580500,
21,DImprovedSurface,300,1,3118,3117,3115,3117,3095,13092116933548,16.666405,16.665400,,0.483400,0.584700,
21,DImprovedSurface,300,1,3119,3118,3116,3118,3096,13092117100202,16.666496,16.663500,,0.473900,0.570000,
21,DImprovedSurface,300,1,3120,3119,3117,3119,3097,13092117266837,16.667701,16.664300,,0.455600,0.500100,
21,DImprovedSurface,300,1,3121,3120,3118,3120,3098,13092117433480,16.666198,16.665800,,0.447200,0.533600,
21,DImprovedSurface,300,1,3122,3121,3119,3121,3099,13092117600138,16.666802,16.665500,,0.441300,0.511900,
21,DImprovedSurface,300,1,3123,3122,3120,3122,3100,13092117766793,16.666299,16.670800,,0.000000,0.561100,
21,DImprovedSurface,300,1,3124,3123,3121,3123,3101,13092117933501,16.666602,16.666000,,0.430400,0.526600,
21,DImprovedSurface,300,1,3125,3124,3122,3124,3102,13092118100161,16.666900,16.670200,,0.447600,0.511400,
21,DImprovedSurface,300,1,3126,3125,3123,3125,3103,13092118266863,16.666703,16.659700,,0.459300,0.529300,
21,DImprovedSurface,300,1,3127,3126,3124,3126,3104,13092118433460,16.667595,16.668800,,0.473800,0.560500,
21,DImprovedSurface,300,1,3128,3127,3125,3127,3105,13092118600148,16.666099,16.667300,,0.445900,0.504700,
21,DImprovedSurface,300,1,3129,3128,3126,3128,3106,13092118766821,16.667206,16.668100,,0.000000,0.518600,
21,DImprovedSurface,300,1,3130,3129,3127,3129,3107,13092118933502,16.666397,16.672300,,0.445300,0.555600,
21,DImprovedSurface,300,1,3131,3130,3128,3130,3108,13092119100225,16.666299,16.676100,,0.471200,0.545000,
21,DImprovedSurface,300,1,3132,3131,3129,3131,3109,13092119266986,16.666999,16.650800,,0.439300,0.525700,
21,DImprovedSurface,300,1,3133,3132,3130,3132,3110,13092119433494,16.666405,16.669000,,0.619400,0.624500,
21,DImprovedSurface,300,1,3134,3133,3131,3133,3111,13092119600184,16.667198,16.663200,,0.522000,0.585200,
21,DImprovedSurface,300,1,3135,3134,3132,3134,3112,13092119766816,16.666802,16.673800,,0.000000,0.571200,
21,DImprovedSurface,300,1,3136,3135,3133,3135,3113,13092119933554,16.666695,16.659100,,0.465600,0.650800,
21,DImprovedSurface,300,1,3137,3136,3134,3136,3114,13092120100145,16.666306,16.668200,,0.477400,0.452100,
21,DImprovedSurface,300,1,3138,3137,3135,3137,3115,13092120266827,16.666695,16.664400,,0.423700,0.478100,
21,DImprovedSurface,300,1,3139,3138,3136,3138,3116,13092120433471,16.666703,16.669000,,0.473900,0.568600,
21,DImprovedSurface,300,1,3140,3139,3137,3139,3117,13092120600161,16.666900,16.661600,,0.433900,0.488500,
21,DImprovedSurface,300,1,3141,3140,3138,3140,3118,13092120766777,16.666900,16.667400,,0.000000,0.592100,
21,DImprovedSurface,300,1,3142,3141,3139,3141,3119,13092120933451,16.666496,16.665800,,0.499400,0.522800,
21,DImprovedSurface,300,1,3143,3142,3140,3142,3120,13092121100109,16.666900,16.665500,,0.474000,0.485000,
21,DImprovedSurface,300,1,3144,3143,3141,3143,3121,13092121266764,16.666405,16.673000,,0.444300,0.471200,
21,DImprovedSurface,300,1,3145,3144,3142,3144,3122,13092121433494,16.666999,16.660100,,0.446600,0.467000,
21,DImprovedSurface,300,1,3146,3145,3143,3145,3123,13092121600095,16.666802,16.668900,,0.465700,0.548900,
21,DImprovedSurface,300,1,3147,3146,3144,3146,3124,13092121766784,16.666695,16.665000,,0.000000,0.514400,
21,DImprovedSurface,300,1,3148,3147,3145,3147,3125,13092121933434,16.666802,16.672400,,0.456400,0.537600,
21,DImprovedSurface,300,1,3149,3148,3146,3148,3126,13092122100158,16.666703,16.663000,,0.426600,0.519000,
21,DImprovedSurface,300,1,3150,3149,3147,3149,3127,13092122266788,16.666999,16.668200,,0.419400,0.512900,
21,DImprovedSurface,300,1,3151,3150,3148,3150,3128,13092122433470,16.666496,16.668000,,0.448300,0.483300,
21,DImprovedSurface,300,1,3152,3151,3149,3151,3129,13092122600150,16.666504,16.667000,,0.439500,0.470000,
21,DImprovedSurface,300,1,3153,3152,3150,3152,3130,13092122766820,16.666802,16.669200,,0.000000,0.490000,
21,DImprovedSurface,300,1,3154,3153,3151,3153,3131,13092122933512,16.667595,16.669000,,0.451600,0.521500,
21,DImprovedSurface,300,1,3155,3154,3152,3154,3132,13092123100202,16.666001,16.659900,,0.445300,0.487900,
21,DImprovedSurface,300,1,3156,3155,3153,3155,3133,13092123266801,16.666602,16.670600,,0.425600,0.585900,
21,DImprovedSurface,300,1,3157,3156,3154,3156,3134,13092123433507,16.666900,16.663600,,0.377500,0.338000,
21,DImprovedSurface,300,1,3158,3157,3155,3157,3135,13092123600143,16.666397,16.664200,,0.394700,0.451100,
21,DImprovedSurface,300,1,3159,3158,3156,3158,3136,13092123766785,16.666999,16.661000,,0.000000,0.402500,
21,DImprovedSurface,300,1,3160,3159,3157,3159,3137,13092123933395,16.667198,16.668000,,0.434900,0.415400,
21,DImprovedSurface,300,1,3161,3160,3158,3160,3138,13092124100075,16.666602,16.667300,,0.412200,0.461100,
21,DImprovedSurface,300,1,3162,3161,3159,3161,3139,13092124266748,16.666999,16.675500,,0.353800,0.413500,
21,DImprovedSurface,300,1,3163,3162,3160,3162,3140,13092124433503,16.665902,16.663300,,0.516900,0.553200,
21,DImprovedSurface,300,1,3164,3163,3161,3163,3141,13092124600136,16.667396,16.665400,,0.424200,0.506200,
21,DImprovedSurface,300,1,3165,3164,3162,3164,3142,13092124766790,16.666602,16.675100,,0.000000,0.474400,
21,DImprovedSurface,300,1,3166,3165,3163,3165,3143,13092124933541,16.665801,16.669000,,0.355300,0.422500,
21,DImprovedSurface,300,1,3167,3166,3164,3166,3144,13092125100231,16.667100,16.660200,,0.351800,0.553500,
21,DImprovedSurface,300,1,3168,3167,3165,3167,3145,13092125266833,16.666595,16.657300,,0.342500,0.414800,
21,DImprovedSurface,300,1,3169,3168,3166,3168,3146,13092125433406,16.666802,16.667100,,0.408700,0.436100,
21,DImprovedSurface,300,1,3170,3169,3167,3169,3147,13092125600077,16.666900,16.668800,,0.332200,0.382900,
21,DImprovedSurface,300,1,3171,3170,3168,3170,3148,13092125766765,16.666504,16.664800,,0.000000,0.455500,
21,DImprovedSurface,300,1,3172,3171,3169,3171,3149,13092125933413,16.667694,16.667100,,0.416200,0.491800,
21,DImprovedSurface,300,1,3173,3172,3170,3172,3150,13092126100084,16.665703,16.666000,,0.403900,0.434100,
21,DImprovedSurface,300,1,3174,3173,3171,3173,3151,13092126266744,16.666703,16.667000,,0.400900,0.432000,
21,DImprovedSurface,300,1,3175,3174,3172,3174,3152,13092126433414,16.666496,16.682900,,0.406800,0.462900,
21,DImprovedSurface,300,1,3176,3175,3173,3175,3153,13092126600243,16.681498,16.650100,,0.434900,0.419700,
21,DImprovedSurface,300,1,3177,3176,3174,3176,3154,13092126766744,16.666900,16.669300,,0.000000,0.543100,
21,DImprovedSurface,300,1,3178,3177,3175,3177,3155,13092126933437,16.666001,16.670900,,0.429400,0.511500,
21,DImprovedSurface,300,1,3179,3178,3176,3178,3156,13092127100146,16.666802,16.709600,,0.346200,0.396300,
22,DImprovedSurface,300,4,3211,3210,3208,3210,3187,13092132714327,16.666703,16.675300,,0.407700,0.519000,
22,DImprovedSurface,300,4,3212,3211,3209,3211,3188,13092132881080,16.666802,16.659400,,0.438300,0.560700,
22,DImprovedSurface,300,4,3213,3212,3210,3212,3189,13092133047674,16.666099,16.673800,,0.483200,0.511600,
22,DImprovedSurface,300,4,3214,3213,3211,3213,3190,13092133214412,16.667198,16.658700,,0.401700,0.469800,
22,DImprovedSurface,300,4,3215,3214,3212,3214,3191,13092133380999,16.666198,16.666400,,0.000000,0.415900,
22,DImprovedSurface,300,4,3216,3215,3213,3215,3192,13092133547663,16.667100,16.654500,,0.413800,0.442800,
22,DImprovedSurface,300,4,3217,3216,3214,3216,3193,13092133714208,16.669700,16.665000,,0.324700,0.454100,
22,DImprovedSurface,300,4,3218,3217,3215,3217,3194,13092133880858,16.664201,16.664700,,0.543500,0.509400,
22,DImprovedSurface,300,4,3219,3218,3216,3218,3195,13092134047505,16.666602,16.671700,,0.422800,0.650000,
22,DImprovedSurface,300,4,3220,3219,3217,3219,3196,13092134214222,16.666299,16.679100,,0.393300,0.461300,
22,DImprovedSurface,300,4,3221,3220,3218,3220,3197,13092134381013,16.667198,16.657000,,0.000000,0.410400,
22,DImprovedSurface,300,4,3222,3221,3219,3221,3198,13092134547583,16.666999,16.672900,,0.449100,0.489600,
22,DImprovedSurface,300,4,3223,3222,3220,3222,3199,13092134714312,16.666999,16.655400,,0.429900,0.482100,
22,DImprovedSurface,300,4,3224,3223,3221,3223,3200,13092134880866,16.666602,16.678500,,0.414100,0.457600,
22,DImprovedSurface,300,4,3225,3224,3222,3224,3201,13092135047651,16.666001,16.681900,,0.423100,0.493100,
22,DImprovedSurface,300,4,3226,3225,3223,3225,3202,13092135214470,16.666397,16.652900,,0.448700,0.458000,
22,DImprovedSurface,300,4,3227,3226,3224,3226,3203,13092135380999,16.667305,16.665200,,0.000000,0.390300,
22,DImprovedSurface,300,4,3228,3227,3225,3227,3204,13092135547651,16.666397,16.671900,,0.447900,0.649000,
22,DImprovedSurface,300,4,3229,3228,3226,3228,3205,13092135714370,16.667403,16.657200,,0.424200,0.440300,
22,DImprovedSurface,300,4,3230,3229,3227,3229,3206,13092135880942,16.666397,16.669900,,0.439100,0.443300,
22,DImprovedSurface,300,4,3231,3230,3228,3230,3207,13092136047641,16.666703,16.660000,,0.435600,0.456000,
22,DImprovedSurface,300,4,3232,3231,3229,3231,3208,13092136214241,16.666900,16.672700,,0.428600,0.497200,
22,DImprovedSurface,300,4,3233,3232,3230,3232,3209,13092136380968,16.666893,16.660200,,0.000000,0.493000,
22,DImprovedSurface,300,4,3234,3233,3231,3233,3210,13092136547570,16.667007,16.667600,,0.395400,0.388700,
22,DImprovedSurface,300,4,3235,3234,3232,3234,3211,13092136714246,16.666496,16.668600,,0.339000,0.441000,
22,DImprovedSurface,300,4,3236,3235,3233,3235,3212,13092136880932,16.667701,16.662600,,0.382700,0.672300,
22,DImprovedSurface,300,4,3237,3236,3234,3236,3213,13092137047558,16.665695,16.672900,,0.424900,0.495300,
22,DImprovedSurface,300,4,3238,3237,3235,3237,3214,13092137214287,16.665902,16.657000,,0.396200,0.462900,
22,DImprovedSurface,300,4,3239,3238,3236,3238,3215,13092137380857,16.666900,16.685000,,0.000000,0.337300,
22,DImprovedSurface,300,4,3240,3239,3237,3239,3216,13092137547707,16.667603,16.657700,,0.426500,0.445900,
22,DImprovedSurface,300,4,3241,3240,3238,3240,3217,13092137714284,16.682496,16.657600,,0.461300,0.475500,
22,DImprovedSurface,300,4,3242,3241,3239,3241,3218,13092137880860,16.666900,16.668900,,0.444400,0.539700,
22,DImprovedSurface,300,4,3243,3242,3240,3242,3219,13092138047549,16.667100,16.680000,,0.439600,0.491100,
22,DImprovedSurface,300,4,3244,3243,3241,3243,3220,13092138214349,16.666306,16.683400,,0.632700,0.611300,
22,DImprovedSurface,300,4,3245,3244,3242,3244,3221,13092138381183,16.667100,16.666400,,0.000000,0.512100,
22,DImprovedSurface,300,4,3246,3245,3243,3245,3222,13092138547847,16.666695,16.673000,,0.448100,0.553400,
22,DImprovedSurface,300,4,3247,3246,3244,3246,3223,13092138714577,16.666206,16.661500,,0.522500,0.540900,
22,DImprovedSurface,300,4,3248,3247,3245,3247,3224,13092138881192,16.666999,16.671700,,0.474900,0.526400,
22,DImprovedSurface,300,4,3249,3248,3246,3248,3225,13092139047909,16.666595,16.662200,,0.492100,0.524900,
22,DImprovedSurface,300,4,3250,3249,3247,3249,3226,13092139214531,16.666602,16.660000,,0.478800,0.716200,
22,DImprovedSurface,300,4,3251,3250,3248,3250,3227,13092139381131,16.667100,16.671400,,0.000000,0.542100,
22,DImprovedSurface,300,4,3252,3251,3249,3251,3228,13092139547845,16.666299,16.665800,,0.456000,0.494700,
22,DImprovedSurface,300,4,3253,3252,3250,3252,3229,13092139714503,16.666703,16.665100,,0.449200,0.505000,
22,DImprovedSurface,300,4,3254,3253,3251,3253,3230,13092139881154,16.666602,16.670000,,0.429600,0.447900,
22,DImprovedSurface,300,4,3255,3254,3252,3254,3231,13092140047854,16.666999,16.662000,,0.396900,0.555300,
22,DImprovedSurface,300,4,3256,3255,3253,3255,3232,13092140214474,16.666695,16.660600,,0.397400,0.409100,
22,DImprovedSurface,300,4,3257,3256,3254,3256,3233,13092140381080,16.666306,16.665500,,0.000000,0.445400,
22,DImprovedSurface,300,4,3258,3257,3255,3257,3234,13092140547735,16.666695,16.663900,,0.492400,0.428400,
22,DImprovedSurface,300,4,3259,3258,3256,3258,3235,13092140714374,16.667999,16.670200,,0.399500,0.497000,
22,DImprovedSurface,300,4,3260,3259,3257,3259,3236,13092140881076,16.666206,16.667100,,0.507800,0.492900,
22,DImprovedSurface,300,4,3261,3260,3258,3260,3237,13092141047747,16.666999,16.663200,,0.434000,0.509700,
22,DImprovedSurface,300,4,3262,3261,3259,3261,3238,13092141214379,16.666397,16.690900,,0.432900,0.521900,
22,DImprovedSurface,300,4,3263,3262,3260,3262,3239,13092141381288,16.666999,16.654700,,0.000000,0.538000,
22,DImprovedSurface,300,4,3264,3263,3261,3263,3240,13092141547835,16.666496,16.667800,,0.781500,0.680500,
22,DImprovedSurface,300,4,3265,3264,3262,3264,3241,13092141714513,16.666504,16.667000,,0.551400,0.554800,
22,DImprovedSurface,300,4,3266,3265,3263,3265,3242,13092141881183,16.666900,16.677900,,0.502000,0.521700,
22,DImprovedSurface,300,4,3267,3266,3264,3266,3243,13092142047962,16.667800,16.653700,,0.460500,0.554600,
22,DImprovedSurface,300,4,3268,3267,3265,3267,3244,13092142214499,16.665902,16.660900,,0.457100,0.561500,
22,DImprovedSurface,300,4,3269,3268,3266,3268,3245,13092142381108,16.666496,16.668700,,0.000000,0.495000,
22,DImprovedSurface,300,4,3270,3269,3267,3269,3246,13092142547795,16.666999,16.670200,,0.446300,0.477400,
22,DImprovedSurface,300,4,3271,3270,3268,3270,3247,13092142714497,16.666703,16.665000,,0.478000,0.624100,
22,DImprovedSurface,300,4,3272,3271,3269,3271,3248,13092142881147,16.666999,16.666100,,0.456800,0.509400,
22,DImprovedSurface,300,4,3273,3272,3270,3272,3249,13092143047808,16.667899,16.667900,,0.690600,0.701100,
22,DImprovedSurface,300,4,3274,3273,3271,3273,3250,13092143214487,16.665498,16.679200,,0.444700,0.493900,
22,DImprovedSurface,300,4,3275,3274,3272,3274,3251,13092143381279,16.666802,16.668800,,0.000000,0.562600,
22,DImprovedSurface,300,4,3276,3275,3273,3275,3252,13092143547967,16.666802,16.663900,,0.479000,0.500900,
22,DImprovedSurface,300,4,3277,3276,3274,3276,3253,13092143714606,16.666703,16.662000,,0.450000,0.525800,
22,DImprovedSurface,300,4,3278,3277,3275,3277,3254,13092143881226,16.666595,16.663500,,0.460800,0.530600,
22,DImprovedSurface,300,4,3279,3278,3276,3278,3255,13092144047861,16.666999,16.665800,,0.485800,0.500300,
22,DImprovedSurface,300,4,3280,3279,3277,3279,3256,13092144214519,16.666900,16.669000,,0.445700,0.505900,
22,DImprovedSurface,300,4,3281,3280,3278,3280,3257,13092144381209,16.666405,16.663800,,0.000000,0.542800,
22,DImprovedSurface,300,4,3282,3281,3279,3281,3258,13092144547847,16.667198,16.670200,,0.447100,0.522800,
22,DImprovedSurface,300,4,3283,3282,3280,3282,3259,13092144714549,16.666299,16.668000,,0.622800,0.652400,
22,DImprovedSurface,300,4,3284,3283,3281,3283,3260,13092144881229,16.668197,16.660800,,0.566000,0.596900,
22,DImprovedSurface,300,4,3285,3284,3282,3284,3261,13092145047837,16.665306,16.678100,,0.507200,0.569100,
22,DImprovedSurface,300,4,3286,3285,3283,3285,3262,13092145214618,16.666999,16.655400,,0.466400,0.554700,
22,DImprovedSurface,300,4,3287,3286,3284,3286,3263,13092145381172,16.666595,16.668800,,0.000000,0.537500,
22,DImprovedSurface,300,4,3288,3287,3285,3287,3264,13092145547860,16.666802,16.663300,,0.456300,0.630900,
22,DImprovedSurface,300,4,3289,3288,3286,3288,3265,13092145714493,16.666504,16.666900,,0.513800,0.580700,
22,DImprovedSurface,300,4,3290,3289,3287,3289,3266,13092145881162,16.667297,16.673600,,0.452100,0.481900,
22,DImprovedSurface,300,4,3291,3290,3288,3290,3267,13092146047898,16.666397,16.660300,,0.457800,0.654300,
22,DImprovedSurface,300,4,3292,3291,3289,3291,3268,13092146214501,16.666504,16.665500,,0.459100,0.552000,
22,DImprovedSurface,300,4,3293,3292,3290,3292,3269,13092146381156,16.666397,16.670000,,0.000000,0.468900,
22,DImprovedSurface,300,4,3294,3293,3291,3293,3270,13092146547856,16.666900,16.664700,,0.437800,0.425600,
22,DImprovedSurface,300,4,3295,3294,3292,3294,3271,13092146714503,16.667198,16.660300,,0.435300,0.433400,
22,DImprovedSurface,300,4,3296,3295,3293,3295,3272,13092146881106,16.666306,16.667200,,0.404500,0.486400,
22,DImprovedSurface,300,4,3297,3296,3294,3296,3273,13092147047778,16.666695,16.664600,,0.463100,0.446800,
22,DImprovedSurface,300,4,3298,3297,3295,3297,3274,13092147214424,16.667305,16.677400,,0.472000,0.457700,
22,DImprovedSurface,300,4,3299,3298,3296,3298,3275,13092147381198,16.667198,16.660900,,0.000000,0.618900,
22,DImprovedSurface,300,4,3300,3299,3297,3299,3276,13092147547807,16.666299,16.665700,,0.476900,0.600300,
22,DImprovedSurface,300,4,3301,3300,3298,3300,3277,13092147714464,16.667100,16.676300,,0.494000,0.482200,
22,DImprovedSurface,300,4,3302,3301,3299,3301,3278,13092147881227,16.666602,16.667800,,0.537100,0.519700,
22,DImprovedSurface,300,4,3303,3302,3300,3302,3279,13092148047905,16.666496,16.671300,,0.428100,0.494900,
22,DImprovedSurface,300,4,3304,3303,3301,3303,3280,13092148214618,16.666802,16.658800,,0.445300,0.508300,
22,DImprovedSurface,300,4,3305,3304,3302,3304,3281,13092148381206,16.667305,16.658500,,0.000000,0.592200,
22,DImprovedSurface,300,4,3306,3305,3303,3305,3282,13092148547791,16.665498,16.674700,,0.467700,0.559800,
22,DImprovedSurface,300,4,3307,3306,3304,3306,3283,13092148714538,16.667297,16.670300,,0.414400,0.460400,
22,DImprovedSurface,300,4,3308,3307,3305,3307,3284,13092148881241,16.666405,16.671500,,0.457300,0.448300,
22,DImprovedSurface,300,4,3309,3308,3306,3308,3285,13092149047956,16.666900,16.646400,,0.395100,0.423500,
22,DImprovedSurface,300,4,3310,3309,3307,3309,3286,13092149214420,16.666299,16.677700,,0.406400,0.438100,
22,DImprovedSurface,300,4,3311,3310,3308,3310,3287,13092149381197,16.666999,16.655600,,0.000000,0.536700,
22,DImprovedSurface,300,4,3312,3311,3309,3311,3288,13092149547753,16.666802,16.671300,,0.444300,0.442100,
22,DImprovedSurface,300,4,3313,3312,3310,3312,3289,13092149714466,16.666397,16.667200,,0.412500,0.455300,
22,DImprovedSurface,300,4,3314,3313,3311,3313,3290,13092149881138,16.667100,16.669900,,0.423500,0.436000,
22,DImprovedSurface,300,4,3315,3314,3312,3314,3291,13092150047837,16.666299,16.663500,,0.437800,0.444600,
22,DImprovedSurface,300,4,3316,3315,3313,3315,3292,13092150214472,16.667105,16.662400,,0.405500,0.435100,
22,DImprovedSurface,300,4,3317,3316,3314,3316,3293,13092150381096,16.666496,16.742800,,0.000000,0.435800,
22,DImprovedSurface,300,4,3318,3317,3315,3317,3294,13092150548524,16.666703,16.593300,,0.413100,0.556000,
22,DImprovedSurface,300,4,3319,3318,3316,3318,3295,13092150714457,16.666900,16.678100,,0.337600,0.419600,
22,DImprovedSurface,300,4,3320,3319,3317,3319,3296,13092150881238,16.666496,16.650400,,0.392900,0.424900,
22,DImprovedSurface,300,4,3321,3320,3318,3320,3297,13092151047742,16.667502,16.667300,,0.475500,0.419200,
22,DImprovedSurface,300,4,3322,3321,3319,3321,3298,13092151214415,16.665902,16.668600,,0.453200,0.468400,
22,DImprovedSurface,300,4,3323,3322,3320,3322,3299,13092151381101,16.666999,16.669800,,0.000000,0.365800,
22,DImprovedSurface,300,4,3324,3323,3321,3323,3300,13092151547799,16.666496,16.670800,,0.402000,0.424400,
22,DImprovedSurface,300,4,3325,3324,3322,3324,3301,13092151714507,16.666602,16.659100,,0.332300,0.373500,
22,DImprovedSurface,300,4,3326,3325,3323,3325,3302,13092151881098,16.666695,16.669900,,0.406600,0.449600,
22,DImprovedSurface,300,4,3327,3326,3324,3326,3303,13092152047797,16.667206,16.663600,,0.431600,0.402200,
22,DImprovedSurface,300,4,3328,3327,3325,3327,3304,13092152214433,16.666397,16.666700,,0.569000,0.645500,
22,DImprovedSurface,300,4,3329,3328,3326,3328,3305,13092152381100,16.667403,16.668700,,0.000000,0.469000,
22,DImprovedSurface,300,4,3330,3329,3327,3329,3306,13092152547787,16.665895,16.670300,,0.421300,0.404600,
22,DImprovedSurface,300,4,3331,3330,3328,3330,3307,13092152714490,16.666999,16.659900,,0.361500,0.461600,
23,DImprovedSurface,300,8,3363,3362,3360,3362,3338,13092158348848,16.666595,16.673600,,0.421000,0.448100,
23,DImprovedSurface,300,8,3364,3363,3361,3363,3339,13092158515584,16.666802,16.664600,,0.396900,0.436100,
23,DImprovedSurface,300,8,3365,3364,3362,3364,3340,13092158682230,16.666900,16.658000,,0.368100,0.347600,
23,DImprovedSurface,300,8,3366,3365,3363,3365,3341,13092158848810,16.666602,16.667800,,0.348000,0.428600,
23,DImprovedSurface,300,8,3367,3366,3364,3366,3342,13092159015488,16.666695,16.665600,,0.417300,0.485300,
23,DImprovedSurface,300,8,3368,3367,3365,3367,3343,13092159182144,16.666504,16.668500,,0.000000,0.448200,
23,DImprovedSurface,300,8,3369,3368,3366,3368,3344,13092159348829,16.666496,16.679200,,0.446000,0.461500,
23,DImprovedSurface,300,8,3370,3369,3367,3369,3345,13092159515621,16.666504,16.653500,,0.520500,0.452200,
23,DImprovedSurface,300,8,3371,3370,3368,3370,3346,13092159682156,16.667496,16.673400,,0.437700,0.461700,
23,DImprovedSurface,300,8,3372,3371,3369,3371,3347,13092159848890,16.666099,16.661400,,0.339400,0.392800,
23,DImprovedSurface,300,8,3373,3372,3370,3372,3348,13092160015504,16.667206,16.665400,,0.341200,0.404500,
23,DImprovedSurface,300,8,3374,3373,3371,3373,3349,13092160182158,16.666794,16.666000,,0.000000,0.419300,
23,DImprovedSurface,300,8,3375,3374,3372,3374,3350,13092160348818,16.666802,16.668800,,0.331200,0.402100,
23,DImprovedSurface,300,8,3376,3375,3373,3375,3351,13092160515506,16.666405,16.665800,,0.390200,0.349700,
23,DImprovedSurface,300,8,3377,3376,3374,3376,3352,13092160682164,16.665895,16.664400,,0.401900,0.448700,
23,DImprovedSurface,300,8,3378,3377,3375,3377,3353,13092160848808,16.667105,16.669600,,0.358600,0.399500,
23,DImprovedSurface,300,8,3379,3378,3376,3378,3354,13092161015504,16.666893,16.665400,,0.394000,0.337600,
23,DImprovedSurface,300,8,3380,3379,3377,3379,3355,13092161182158,16.667502,16.671100,,0.000000,0.466000,
23,DImprovedSurface,300,8,3381,3380,3378,3380,3356,13092161348869,16.676502,16.660400,,0.430600,0.443100,
23,DImprovedSurface,300,8,3382,3381,3379,3381,3357,13092161515473,16.667496,16.673900,,0.347500,0.396900,
23,DImprovedSurface,300,8,3383,3382,3380,3382,3358,13092161682212,16.667100,16.670800,,0.407800,0.455300,
23,DImprovedSurface,300,8,3384,3383,3381,3383,3359,13092161848920,16.666306,16.667000,,0.401400,0.457000,
23,DImprovedSurface,300,8,3385,3384,3382,3384,3360,13092162015590,16.666198,16.671700,,0.592200,0.553300,
23,DImprovedSurface,300,8,3386,3385,3383,3385,3361,13092162182307,16.666496,16.665800,,0.000000,0.449700,
23,DImprovedSurface,300,8,3387,3386,3384,3386,3362,13092162348965,16.667403,16.683200,,0.366600,0.416800,
23,DImprovedSurface,300,8,3388,3387,3385,3387,3363,13092162515797,16.666999,16.649400,,0.416900,0.424400,
23,DImprovedSurface,300,8,3389,3388,3386,3388,3364,13092162682291,16.666595,16.663100,,0.373300,0.538300,
23,DImprovedSurface,300,8,3390,3389,3387,3389,3365,13092162848922,16.666107,16.669000,,0.389100,0.366500,
23,DImprovedSurface,300,8,3391,3390,3388,3390,3366,13092163015612,16.666794,16.667000,,0.404700,0.459400,
23,DImprovedSurface,300,8,3392,3391,3389,3391,3367,13092163182282,16.666999,16.667200,,0.000000,0.452200,
23,DImprovedSurface,300,8,3393,3392,3390,3392,3368,13092163348954,16.666504,16.666600,,0.363500,0.455200,
23,DImprovedSurface,300,8,3394,3393,3391,3393,3369,13092163515620,16.667297,16.665800,,0.434200,0.535700,
23,DImprovedSurface,300,8,3395,3394,3392,3394,3370,13092163682278,16.666602,16.676600,,0.455500,0.507600,
23,DImprovedSurface,300,8,3396,3395,3393,3395,3371,13092163849044,16.666703,16.676200,,0.633900,0.731100,
23,DImprovedSurface,300,8,3397,3396,3394,3396,3372,13092164015806,16.666999,16.658200,,0.494100,0.605500,
23,DImprovedSurface,300,8,3398,3397,3395,3397,3373,13092164182388,16.666397,16.667100,,0.000000,0.543500,
23,DImprovedSurface,300,8,3399,3398,3396,3398,3374,13092164349059,16.727699,16.669600,,0.460200,0.513400,
23,DImprovedSurface,300,8,3400,3399,3397,3399,3375,13092164515755,16.666999,16.714500,,0.549100,0.500300,
23,DImprovedSurface,300,8,3401,3400,3398,3400,3376,13092164682900,16.666802,16.613800,,0.459900,0.524800,
23,DImprovedSurface,300,8,3402,3401,3399,3401,3377,13092164849038,16.666299,16.729800,,0.478100,0.499500,
23,DImprovedSurface,300,8,3403,3402,3400,3402,3378,13092165016336,16.666703,16.669200,,0.486200,0.524100,
23,DImprovedSurface,300,8,3404,3403,3401,3403,3379,13092165183028,16.667595,16.664000,,0.000000,0.523100,
23,DImprovedSurface,300,8,3405,3404,3402,3404,3380,13092165349668,16.666001,16.663000,,0.442700,0.485900,
23,DImprovedSurface,300,8,3406,3405,3403,3405,3381,13092165516298,16.666802,16.666300,,0.436100,0.442100,
23,DImprovedSurface,300,8,3407,3406,3404,3406,3382,13092165682961,16.666504,16.672100,,0.396100,0.410700,
23,DImprovedSurface,300,8,3408,3407,3405,3407,3383,13092165849682,16.667396,16.656500,,0.403100,0.467100,
23,DImprovedSurface,300,8,3409,3408,3406,3408,3384,13092166016247,16.665801,16.664000,,0.375100,0.409500,
23,DImprovedSurface,300,8,3410,3409,3407,3409,3385,13092166182887,16.667800,16.670000,,0.000000,0.531500,
23,DImprovedSurface,300,8,3411,3410,3408,3410,3386,13092166349587,16.666099,16.667100,,0.437400,0.614100,
23,DImprovedSurface,300,8,3412,3411,3409,3411,3387,13092166516258,16.666595,16.670900,,0.427000,0.445500,
23,DImprovedSurface,300,8,3413,3412,3410,3412,3388,13092166682967,16.667206,16.671000,,0.430800,0.470100,
23,DImprovedSurface,300,8,3414,3413,3411,3413,3389,13092166849677,16.666397,16.668000,,0.446300,0.496000,
23,DImprovedSurface,300,8,3415,3414,3412,3414,3390,13092167016357,16.667603,16.664800,,0.479000,0.514900,
23,DImprovedSurface,300,8,3416,3415,3413,3415,3391,13092167183005,16.666001,16.667300,,0.000000,0.823600,
23,DImprovedSurface,300,8,3417,3416,3414,3416,3392,13092167349678,16.666496,16.667000,,0.554400,0.566200,
23,DImprovedSurface,300,8,3418,3417,3415,3417,3393,13092167516348,16.667100,16.676700,,0.506900,0.525200,
23,DImprovedSurface,300,8,3419,3418,3416,3418,3394,13092167683115,16.667105,16.657300,,0.526000,0.548700,
23,DImprovedSurface,300,8,3420,3419,3417,3419,3395,13092167849688,16.666595,16.661300,,0.504000,0.569000,
23,DImprovedSurface,300,8,3421,3420,3418,3420,3396,13092168016301,16.666703,16.669900,,0.506800,0.581000,
23,DImprovedSurface,300,8,3422,3421,3419,3421,3397,13092168183000,16.666999,16.670400,,0.000000,0.545800,
23,DImprovedSurface,300,8,3423,3422,3420,3422,3398,13092168349704,16.667297,16.663600,,0.443900,0.490900,
23,DImprovedSurface,300,8,3424,3423,3421,3423,3399,13092168516340,16.666099,16.664900,,0.450100,0.493700,
23,DImprovedSurface,300,8,3425,3424,3422,3424,3400,13092168682989,16.666900,16.665800,,0.457800,0.627400,
23,DImprovedSurface,300,8,3426,3425,3423,3425,3401,13092168849647,16.666703,16.671900,,0.466000,0.497700,
23,DImprovedSurface,300,8,3427,3426,3424,3426,3402,13092169016366,16.666900,16.668400,,0.593900,0.574500,
23,DImprovedSurface,300,8,3428,3427,3425,3427,3403,13092169183050,16.666001,16.663000,,0.000000,0.616900,
23,DImprovedSurface,300,8,3429,3428,3426,3428,3404,13092169349680,16.667396,16.671300,,0.495800,0.508100,
23,DImprovedSurface,300,8,3430,3429,3427,3429,3405,13092169516393,16.667100,16.682600,,0.445000,0.496000,
23,DImprovedSurface,300,8,3431,3430,3428,3430,3406,13092169683219,16.666703,16.640900,,0.448100,0.484200,
23,DImprovedSurface,300,8,3432,3431,3429,3431,3407,13092169849628,16.666397,16.673700,,0.451600,0.483900,
23,DImprovedSurface,300,8,3433,3432,3430,3432,3408,13092170016365,16.667206,16.666000,,0.456500,0.464500,
23,DImprovedSurface,300,8,3434,3433,3431,3433,3409,13092170183025,16.666900,16.667000,,0.000000,0.570500,
23,DImprovedSurface,300,8,3435,3434,3432,3434,3410,13092170349695,16.666999,16.666600,,0.851400,0.891600,
23,DImprovedSurface,300,8,3436,3435,3433,3435,3411,13092170516361,16.666001,16.668300,,0.593100,0.568300,
23,DImprovedSurface,300,8,3437,3436,3434,3436,3412,13092170683044,16.666900,16.675200,,0.502200,0.535600,
23,DImprovedSurface,300,8,3438,3437,3435,3437,3413,13092170849796,16.666999,16.662600,,0.470800,0.527900,
23,DImprovedSurface,300,8,3439,3438,3436,3438,3414,13092171016422,16.667297,16.656700,,0.464100,0.512800,
23,DImprovedSurface,300,8,3440,3439,3437,3439,3415,13092171182989,16.665703,16.669400,,0.000000,0.523700,
23,DImprovedSurface,300,8,3441,3440,3438,3440,3416,13092171349683,16.667496,16.666200,,0.437100,0.468800,
23,DImprovedSurface,300,8,3442,3441,3439,3441,3417,13092171516345,16.666198,16.665800,,0.445600,0.618700,
23,DImprovedSurface,300,8,3443,3442,3440,3442,3418,13092171683003,16.667206,16.664100,,0.417300,0.470300,
23,DImprovedSurface,300,8,3444,3443,3441,3443,3419,13092171849644,16.666397,16.668800,,0.462900,0.523300,
23,DImprovedSurface,300,8,3445,3444,3442,3444,3420,13092172016332,16.666198,16.667300,,0.418700,0.439300,
23,DImprovedSurface,300,8,3446,3445,3443,3445,3421,13092172183005,16.666900,16.670000,,0.000000,0.463100,
23,DImprovedSurface,300,8,3447,3446,3444,3446,3422,13092172349705,16.666703,16.659700,,0.375200,0.397000,
23,DImprovedSurface,300,8,3448,3447,3445,3447,3423,13092172516302,16.667198,16.665400,,0.457400,0.469700,
23,DImprovedSurface,300,8,3449,3448,3446,3448,3424,13092172682956,16.666496,16.664400,,0.477700,0.477100,
23,DImprovedSurface,300,8,3450,3449,3447,3449,3425,13092172849600,16.667403,16.668600,,0.476500,0.506200,
23,DImprovedSurface,300,8,3451,3450,3448,3450,3426,13092173016286,16.666496,16.671200,,0.458800,0.523500,
23,DImprovedSurface,300,8,3452,3451,3449,3451,3427,13092173182998,16.667206,16.665600,,0.000000,0.522800,
23,DImprovedSurface,300,8,3453,3452,3450,3452,3428,13092173349654,16.666099,16.683400,,0.421700,0.500900,
23,DImprovedSurface,300,8,3454,3453,3451,3453,3429,13092173516488,16.666595,16.651900,,0.449400,0.515300,
23,DImprovedSurface,300,8,3455,3454,3452,3454,3430,13092173683007,16.666999,16.668600,,0.448400,0.518800,
23,DImprovedSurface,300,8,3456,3455,3453,3455,3431,13092173849693,16.667206,16.664900,,0.515300,0.568400,
23,DImprovedSurface,300,8,3457,3456,3454,3456,3432,13092174016342,16.667396,16.678000,,0.539500,0.555000,
23,DImprovedSurface,300,8,3458,3457,3455,3457,3433,13092174183122,16.666198,16.659500,,0.000000,0.600800,
23,DImprovedSurface,300,8,3459,3458,3456,3458,3434,13092174349717,16.666405,16.688000,,0.427300,0.577600,
23,DImprovedSurface,300,8,3460,3459,3457,3459,3435,13092174516597,16.670195,16.648200,,0.520500,0.435200,
23,DImprovedSurface,300,8,3461,3460,3458,3460,3436,13092174683079,16.667403,16.659300,,0.344800,0.393800,
23,DImprovedSurface,300,8,3462,3461,3459,3461,3437,13092174849672,16.666299,16.675600,,0.350700,0.429400,
23,DImprovedSurface,300,8,3463,3462,3460,3462,3438,13092175016428,16.667100,16.654000,,0.397500,0.470300,
23,DImprovedSurface,300,8,3464,3463,3461,3463,3439,13092175182968,16.666602,16.668000,,0.000000,0.488900,
23,DImprovedSurface,300,8,3465,3464,3462,3464,3440,13092175349648,16.667100,16.672800,,0.457300,0.460500,
23,DImprovedSurface,300,8,3466,3465,3463,3465,3441,13092175516376,16.666099,16.667600,,0.391200,0.630200,
23,DImprovedSurface,300,8,3467,3466,3464,3466,3442,13092175683052,16.666703,16.668200,,0.392600,0.428200,
23,DImprovedSurface,300,8,3468,3467,3465,3467,3443,13092175849734,16.666496,16.664100,,0.407900,0.446000,
23,DImprovedSurface,300,8,3469,3468,3466,3468,3444,13092176016375,16.667198,16.661800,,0.414900,0.420000,
23,DImprovedSurface,300,8,3470,3469,3467,3469,3445,13092176182993,16.666602,16.668900,,0.000000,0.489400,
23,DImprovedSurface,300,8,3471,3470,3468,3470,3446,13092176349682,16.666602,16.665800,,0.434200,0.529500,
23,DImprovedSurface,300,8,3472,3471,3469,3471,3447,13092176516340,16.667496,16.679200,,0.404500,0.458700,
23,DImprovedSurface,300,8,3473,3472,3470,3472,3448,13092176683132,16.665200,16.666900,,0.538500,0.487800,
23,DImprovedSurface,300,8,3474,3473,3471,3473,3449,13092176849801,16.667899,16.663500,,0.377500,0.426500,
23,DImprovedSurface,300,8,3475,3474,3472,3474,3450,13092177016436,16.666900,16.686100,,0.360400,0.436600,
23,DImprovedSurface,300,8,3476,3475,3473,3475,3451,13092177183297,16.666299,16.634900,,0.000000,0.637800,
23,DImprovedSurface,300,8,3477,3476,3474,3476,3452,13092177349646,16.666602,16.674600,,0.402800,0.419700,
23,DImprovedSurface,300,8,3478,3477,3475,3477,3453,13092177516392,16.667198,16.672100,,0.345400,0.388600,
23,DImprovedSurface,300,8,3479,3478,3476,3478,3454,13092177683113,16.666099,16.656500,,0.402300,0.438500,
23,DImprovedSurface,300,8,3480,3479,3477,3479,3455,13092177849678,16.667206,16.666800,,0.378100,0.381800,
23,DImprovedSurface,300,8,3481,3480,3478,3480,3456,13092178016346,16.666496,16.677900,,0.402200,0.412900,
23,DImprovedSurface,300,8,3482,3481,3479,3481,3457,13092178183125,16.667198,16.654200,,0.000000,0.507600,
24,DImprovedSurface,300,16,3514,3513,3511,3513,3488,13092183911313,16.666198,16.667000,,0.374700,0.413400,
24,DImprovedSurface,300,16,3515,3514,3512,3514,3489,13092184077983,16.665801,16.674600,,0.401800,0.405600,
24,DImprovedSurface,300,16,3516,3515,3513,3515,3490,13092184244729,16.667198,16.670100,,0.354800,0.409300,
24,DImprovedSurface,300,16,3517,3516,3514,3516,3491,13092184411430,16.666703,16.658200,,0.400700,0.369700,
24,DImprovedSurface,300,16,3518,3517,3515,3517,3492,13092184578012,16.667396,16.666900,,0.000000,0.415100,
24,DImprovedSurface,300,16,3519,3518,3516,3518,3493,13092184744681,16.666405,16.665700,,0.338100,0.379800,
24,DImprovedSurface,300,16,3520,3519,3517,3519,3494,13092184911338,16.666299,16.668100,,0.419100,0.430500,
24,DImprovedSurface,300,16,3521,3520,3518,3520,3495,13092185078019,16.667403,16.663700,,0.460900,0.558900,
24,DImprovedSurface,300,16,3522,3521,3519,3521,3496,13092185244656,16.666496,16.669800,,0.491200,0.568200,
24,DImprovedSurface,300,16,3523,3522,3520,3522,3497,13092185411354,16.666602,16.674200,,0.524500,0.537300,
24,DImprovedSurface,300,16,3524,3523,3521,3523,3498,13092185578096,16.667396,16.676800,,0.000000,0.509800,
24,DImprovedSurface,300,16,3525,3524,3522,3524,3499,13092185744864,16.982703,16.657400,,0.429000,0.470600,
24,DImprovedSurface,300,16,3526,3525,3523,3525,3500,13092185911438,16.666496,16.665800,,0.399300,0.435600,
24,DImprovedSurface,300,16,3527,3526,3524,3526,3501,13092186078096,16.666504,16.665000,,0.404200,0.421900,
24,DImprovedSurface,300,16,3528,3527,3525,3527,3502,13092186244746,16.666695,16.977900,,0.444100,0.443900,
24,DImprovedSurface,300,16,3529,3528,3526,3528,3503,13092186414525,16.667701,16.667800,,0.407500,0.367600,
24,DImprovedSurface,300,16,3530,3529,3527,3529,3504,13092186581203,16.666703,16.663300,,0.000000,0.440700,
24,DImprovedSurface,300,16,3531,3530,3528,3530,3505,13092186747836,16.666703,16.666200,,0.416800,0.422100,
24,DImprovedSurface,300,16,3532,3531,3529,3531,3506,13092186914498,16.666695,16.671400,,0.415100,0.430800,
24,DImprovedSurface,300,16,3533,3532,3530,3532,3507,13092187081212,16.666900,16.665800,,0.410500,0.461600,
24,DImprovedSurface,300,16,3534,3533,3531,3533,3508,13092187247870,16.666504,16.674300,,0.422600,0.472600,
24,DImprovedSurface,300,16,3535,3534,3532,3534,3509,13092187414613,16.666595,16.664700,,0.409100,0.459800,
24,DImprovedSurface,300,16,3536,3535,3533,3535,3510,13092187581260,16.666504,16.664900,,0.000000,0.443900,
24,DImprovedSurface,300,16,3537,3536,3534,3536,3511,13092187747909,16.666397,16.664300,,0.438500,0.440600,
24,DImprovedSurface,300,16,3538,3537,3535,3537,3512,13092187914552,16.666900,16.669000,,0.409300,0.428900,
24,DImprovedSurface,300,16,3539,3538,3536,3538,3513,13092188081242,16.666999,16.754600,,0.396400,0.425900,
24,DImprovedSurface,300,16,3540,3539,3537,3539,3514,13092188248788,16.667603,16.572900,,0.363200,0.457600,
24,DImprovedSurface,300,16,3541,3540,3538,3540,3515,13092188414517,16.665695,16.665200,,0.409600,0.461500,
24,DImprovedSurface,300,16,3542,3541,3539,3541,3516,13092188581169,16.667403,16.674400,,0.000000,0.447300,
24,DImprovedSurface,300,16,3543,3542,3540,3542,3517,13092188747913,16.666397,16.666100,,0.440400,0.409300,
24,DImprovedSurface,300,16,3544,3543,3541,3543,3518,13092188914574,16.666504,16.659700,,0.538400,0.469700,
24,DImprovedSurface,300,16,3545,3544,3542,3544,3519,13092189081171,16.666802,16.678700,,0.435300,0.454200,
24,DImprovedSurface,300,16,3546,3545,3543,3545,3520,13092189247958,16.666794,16.665600,,0.447300,0.482100,
24,DImprovedSurface,300,16,3547,3546,3544,3546,3521,13092189414614,16.666999,16.669100,,0.445300,0.477600,
24,DImprovedSurface,300,16,3548,3547,3545,3547,3522,13092189581305,16.666802,16.665400,,0.000000,0.522400,
24,DImprovedSurface,300,16,3549,3548,3546,3548,3523,13092189747959,16.666900,16.669300,,0.481400,0.520800,
24,DImprovedSurface,300,16,3550,3549,3547,3549,3524,13092189914652,16.666703,16.734700,,0.518200,0.568300,
24,DImprovedSurface,300,16,3551,3550,3548,3550,3525,13092190081999,16.667396,16.600400,,0.486500,0.541700,
24,DImprovedSurface,300,16,3552,3551,3549,3551,3526,13092190248003,16.666206,16.666500,,0.550900,0.534600,
24,DImprovedSurface,300,16,3553,3552,3550,3552,3527,13092190414668,16.666496,16.785900,,0.481800,0.507400,
24,DImprovedSurface,300,16,3554,3553,3551,3553,3528,13092190582527,16.667198,16.546400,,0.000000,0.502500,
24,DImprovedSurface,300,16,3555,3554,3552,3554,3529,13092190747991,16.666602,16.663200,,0.444300,0.481300,
24,DImprovedSurface,300,16,3556,3555,3553,3555,3530,13092190914623,16.666595,16.664600,,0.470200,0.519600,
24,DImprovedSurface,300,16,3557,3556,3554,3556,3531,13092191081269,16.666504,16.669200,,0.435900,0.491400,
24,DImprovedSurface,300,16,3558,3557,3555,3557,3532,13092191247961,16.666999,16.671700,,0.398400,0.444200,
24,DImprovedSurface,300,16,3559,3558,3556,3558,3533,13092191414678,16.666198,16.655900,,0.410000,0.511400,
24,DImprovedSurface,300,16,3560,3559,3557,3559,3534,13092191581237,16.666602,16.664900,,0.000000,0.424400,
24,DImprovedSurface,300,16,3561,3560,3558,3560,3535,13092191747886,16.666999,16.667200,,0.420000,0.467100,
24,DImprovedSurface,300,16,3562,3561,3559,3561,3536,13092191914558,16.666900,16.663000,,0.399400,0.412800,
24,DImprovedSurface,300,16,3563,3562,3560,3562,3537,13092192081188,16.666802,16.668900,,0.463300,0.497100,
24,DImprovedSurface,300,16,3564,3563,3561,3563,3538,13092192247877,16.667496,16.670900,,0.428800,0.574700,
24,DImprovedSurface,300,16,3565,3564,3562,3564,3539,13092192414586,16.666602,16.672900,,0.440200,0.491000,
24,DImprovedSurface,300,16,3566,3565,3563,3565,3540,13092192581315,16.666299,16.664700,,0.000000,0.512000,
24,DImprovedSurface,300,16,3567,3566,3564,3566,3541,13092192747962,16.667297,16.669200,,0.812400,0.817100,
24,DImprovedSurface,300,16,3568,3567,3565,3567,3542,13092192914654,16.665604,16.691000,,0.591000,0.589900,
24,DImprovedSurface,300,16,3569,3568,3566,3568,3543,13092193081564,16.667701,16.648000,,0.531900,0.542400,
24,DImprovedSurface,300,16,3570,3569,3567,3569,3544,13092193248044,16.666198,16.663900,,0.500600,0.537400,
24,DImprovedSurface,300,16,3571,3570,3568,3570,3545,13092193414683,16.666900,16.657000,,0.478800,0.543700,
24,DImprovedSurface,300,16,3572,3571,3569,3571,3546,13092193581253,16.666595,16.670300,,0.000000,0.512700,
24,DImprovedSurface,300,16,3573,3572,3570,3572,3547,13092193747956,16.666703,16.665000,,0.431600,0.501000,
24,DImprovedSurface,300,16,3574,3573,3571,3573,3548,13092193914606,16.667100,16.667800,,0.444600,0.497900,
24,DImprovedSurface,300,16,3575,3574,3572,3574,3549,13092194081284,16.666703,16.666200,,0.465300,0.501000,
24,DImprovedSurface,300,16,3576,3575,3573,3575,3550,13092194247946,16.666802,16.674700,,0.700600,0.651600,
24,DImprovedSurface,300,16,3577,3576,3574,3576,3551,13092194414693,16.828997,16.663800,,0.454700,0.499800,
24,DImprovedSurface,300,16,3578,3577,3575,3577,3552,13092194581331,16.666299,16.671000,,0.000000,0.622300,
24,DImprovedSurface,300,16,3579,3578,3576,3578,3553,13092194748041,16.670501,16.661700,,0.448100,0.494700,
24,DImprovedSurface,300,16,3580,3579,3577,3579,3554,13092194914658,16.663102,16.842900,,0.482700,0.534000,
24,DImprovedSurface,300,16,3581,3580,3578,3580,3555,13092195083087,16.666802,16.652600,,0.481600,0.549500,
24,DImprovedSurface,300,16,3582,3581,3579,3581,3556,13092195249613,16.666496,16.666600,,0.468600,0.700200,
24,DImprovedSurface,300,16,3583,3582,3580,3582,3557,13092195416279,16.666504,16.664700,,0.470800,0.552000,
24,DImprovedSurface,300,16,3584,3583,3581,3583,3558,13092195582926,16.666900,16.671300,,0.000000,0.550100,
24,DImprovedSurface,300,16,3585,3584,3582,3584,3559,13092195749639,16.667198,16.663000,,0.495600,0.519300,
24,DImprovedSurface,300,16,3586,3585,3583,3585,3560,13092195916269,16.666602,16.670600,,0.883800,0.879500,
24,DImprovedSurface,300,16,3587,3586,3584,3586,3561,13092196082975,16.666299,16.666800,,0.652800,0.636400,
24,DImprovedSurface,300,16,3588,3587,3585,3587,3562,13092196249643,16.667198,16.680400,,0.592100,0.591900,
24,DImprovedSurface,300,16,3589,3588,3586,3588,3563,13092196416447,16.666405,16.655600,,0.515800,0.616000,
24,DImprovedSurface,300,16,3590,3589,3587,3589,3564,13092196583003,16.667100,16.660000,,0.000000,0.686100,
24,DImprovedSurface,300,16,3591,3590,3588,3590,3565,13092196749603,16.666299,16.667800,,0.450700,0.496400,
24,DImprovedSurface,300,16,3592,3591,3589,3591,3566,13092196916281,16.667297,16.664000,,0.509200,0.583900,
24,DImprovedSurface,300,16,3593,3592,3590,3592,3567,13092197082921,16.666802,16.712800,,0.470100,0.529000,
24,DImprovedSurface,300,16,3594,3593,3591,3593,3568,13092197250049,16.666900,16.616600,,0.493000,0.517600,
24,DImprovedSurface,300,16,3595,3594,3592,3594,3569,13092197416215,16.666299,16.670700,,0.486300,0.506900,
24,DImprovedSurface,300,16,3596,3595,3593,3595,3570,13092197582922,16.666504,16.668800,,0.000000,0.612100,
24,DImprovedSurface,300,16,3597,3596,3594,3596,3571,13092197749610,16.666999,16.667700,,0.489100,0.482000,
24,DImprovedSurface,300,16,3598,3597,3595,3597,3572,13092197916287,16.666299,16.667600,,0.453400,0.447100,
24,DImprovedSurface,300,16,3599,3598,3596,3598,3573,13092198082963,16.666999,16.660200,,0.430600,0.487200,
24,DImprovedSurface,300,16,3600,3599,3597,3599,3574,13092198249565,16.666802,16.665000,,0.393400,0.468600,
24,DImprovedSurface,300,16,3601,3600,3598,3600,3575,13092198416215,16.667297,16.663700,,0.444200,0.513100,
24,DImprovedSurface,300,16,3602,3601,3599,3601,3576,13092198582852,16.666602,16.675400,,0.000000,0.496900,
24,DImprovedSurface,300,16,3603,3602,3600,3602,3577,13092198749606,16.666099,16.669700,,0.497500,0.659300,
24,DImprovedSurface,300,16,3604,3603,3601,3603,3578,13092198916303,16.667198,16.672100,,0.432700,0.494000,
24,DImprovedSurface,300,16,3605,3604,3602,3604,3579,13092199083024,16.666703,16.668500,,0.449700,0.522700,
24,DImprovedSurface,300,16,3606,3605,3603,3605,3580,13092199249709,16.666595,16.657200,,0.456100,0.499500,
24,DImprovedSurface,300,16,3607,3606,3604,3606,3581,13092199416281,16.666900,16.667000,,0.440300,0.498400,
24,DImprovedSurface,300,16,3608,3607,3605,3607,3582,13092199582951,16.666802,16.728200,,0.000000,0.542600,
24,DImprovedSurface,300,16,3609,3608,3606,3608,3583,13092199750233,16.666198,16.602500,,0.468500,0.529100,
24,DImprovedSurface,300,16,3610,3609,3607,3609,3584,13092199916258,16.666703,16.669500,,0.464600,0.518500,
24,DImprovedSurface,300,16,3611,3610,3608,3610,3585,13092200082953,16.667100,16.668700,,0.402500,0.434000,
24,DImprovedSurface,300,16,3612,3611,3609,3611,3586,13092200249640,16.666999,16.665800,,0.399200,0.405400,
24,DImprovedSurface,300,16,3613,3612,3610,3612,3587,13092200416298,16.666306,16.658200,,0.380500,0.553700,
24,DImprovedSurface,300,16,3614,3613,3611,3613,3588,13092200582880,16.666893,16.664600,,0.000000,0.399100,
24,DImprovedSurface,300,16,3615,3614,3612,3614,3589,13092200749526,16.666405,16.676500,,0.403200,0.411500,
24,DImprovedSurface,300,16,3616,3615,3613,3615,3590,13092200916291,16.666802,16.655900,,0.329200,0.401900,
24,DImprovedSurface,300,16,3617,3616,3614,3616,3591,13092201082850,16.666198,16.666100,,0.399400,0.461300,
24,DImprovedSurface,300,16,3618,3617,3615,3617,3592,13092201249511,16.667396,16.669600,,0.486500,0.447700,
24,DImprovedSurface,300,16,3619,3618,3616,3618,3593,13092201416207,16.666504,16.665700,,0.326700,0.387100,
24,DImprovedSurface,300,16,3620,3619,3617,3619,3594,13092201582864,16.666999,16.670600,,0.000000,0.419600,
24,DImprovedSurface,300,16,3621,3620,3618,3620,3595,13092201749570,16.666695,16.660100,,0.407000,0.417800,
24,DImprovedSurface,300,16,3622,3621,3619,3621,3596,13092201916171,16.666802,16.668200,,0.428400,0.556100,
24,DImprovedSurface,300,16,3623,3622,3620,3622,3597,13092202082853,16.665801,16.667200,,0.400000,0.455600,
24,DImprovedSurface,300,16,3624,3623,3621,3623,3598,13092202249525,16.667999,16.668600,,0.332000,0.576500,
24,DImprovedSurface,300,16,3625,3624,3622,3624,3599,13092202416211,16.667198,16.667500,,0.444000,0.403700,
24,DImprovedSurface,300,16,3626,3625,3623,3625,3600,13092202582886,16.665405,16.663100,,0.000000,0.480200,
24,DImprovedSurface,300,16,3627,3626,3624,3626,3601,13092202749517,16.667899,16.686800,,0.373900,0.388700,
24,DImprovedSurface,300,16,3628,3627,3625,3627,3602,13092202916385,16.666099,16.657300,,0.422000,0.426400,
24,DImprovedSurface,300,16,3629,3628,3626,3628,3603,13092203082958,16.666397,16.667000,,0.408800,0.447200,
24,DImprovedSurface,300,16,3630,3629,3627,3629,3604,13092203249628,16.667403,16.669600,,0.348900,0.387800,
24,DImprovedSurface,300,16,3631,3630,3628,3630,3605,13092203416324,16.666099,16.657900,,0.434300,0.447200,
24,DImprovedSurface,300,16,3632,3631,3629,3631,3606,13092203582903,16.666999,16.664300,,0.000000,0.560600,
24,DImprovedSurface,300,16,3633,3632,3630,3632,3607,13092203749546,16.665895,16.676200,,0.495800,0.412800,
25,DImprovedSurface,600,1,3665,3664,3662,3664,3638,13092209513178,16.666397,16.661800,,0.397800,0.419100,
25,DImprovedSurface,600,1,3666,3665,3663,3665,3639,13092209679796,16.667105,16.677000,,0.388700,0.427200,
25,DImprovedSurface,600,1,3667,3666,3664,3666,3640,13092209846566,16.666999,16.658700,,0.556100,0.488000,
25,DImprovedSurface,600,1,3668,3667,3665,3667,3641,13092210013153,16.665796,16.656000,,0.483600,0.541600,
25,DImprovedSurface,600,1,3669,3668,3666,3668,3642,13092210179713,16.666198,16.707600,,0.000000,0.478300,
25,DImprovedSurface,600,1,3670,3669,3667,3669,3643,13092210346789,16.667502,16.647700,,0.468700,0.543600,
25,DImprovedSurface,600,1,3671,3670,3668,3670,3644,13092210513266,16.666099,16.647100,,0.400600,0.399400,
25,DImprovedSurface,600,1,3672,3671,3669,3671,3645,13092210679737,16.667603,16.670200,,0.414500,0.402400,
25,DImprovedSurface,600,1,3673,3672,3670,3672,3646,13092210846439,16.666999,16.667000,,0.399500,0.442400,
25,DImprovedSurface,600,1,3674,3673,3671,3673,3647,13092211013109,16.666703,16.668600,,0.426700,0.407100,
25,DImprovedSurface,600,1,3675,3674,3672,3674,3648,13092211179795,16.666893,16.657800,,0.000000,0.487700,
25,DImprovedSurface,600,1,3676,3675,3673,3675,3649,13092211346373,16.666306,16.675700,,0.341600,0.421700,
25,DImprovedSurface,600,1,3677,3676,3674,3676,3650,13092211513130,16.666397,16.659700,,0.401400,0.363400,
25,DImprovedSurface,600,1,3678,3677,3675,3677,3651,13092211679727,16.666703,16.669200,,0.429800,0.580000,
25,DImprovedSurface,600,1,3679,3678,3676,3678,3652,13092211846419,16.666198,16.662100,,0.401800,0.509300,
25,DImprovedSurface,600,1,3680,3679,3677,3679,3653,13092212013040,16.667198,16.671000,,0.398600,0.476500,
25,DImprovedSurface,600,1,3681,3680,3678,3680,3654,13092212179750,16.666802,16.663900,,0.000000,0.421700,
25,DImprovedSurface,600,1,3682,3681,3679,3681,3655,13092212346389,16.666703,16.663200,,0.434700,0.462300,
25,DImprovedSurface,600,1,3683,3682,3680,3682,3656,13092212513021,16.666802,16.670200,,0.433700,0.381400,
25,DImprovedSurface,600,1,3684,3683,3681,3683,3657,13092212679723,16.666695,16.666700,,0.436400,0.574600,
25,DImprovedSurface,600,1,3685,3684,3682,3684,3658,13092212846390,16.666602,16.667400,,0.387400,0.557400,
25,DImprovedSurface,600,1,3686,3685,3683,3685,3659,13092213013064,16.666397,16.665300,,0.395300,0.451300,
25,DImprovedSurface,600,1,3687,3686,3684,3686,3660,13092213179717,16.666602,16.667200,,0.000000,0.441600,
25,DImprovedSurface,600,1,3688,3687,3685,3687,3661,13092213346389,16.666496,16.663800,,0.447300,0.501700,
25,DImprovedSurface,600,1,3689,3688,3686,3688,3662,13092213513027,16.667603,16.687500,,0.400000,0.435600,
25,DImprovedSurface,600,1,3690,3689,3687,3689,3663,13092213679902,16.666703,16.653300,,0.420500,0.436900,
25,DImprovedSurface,600,1,3691,3690,3688,3690,3664,13092213846435,16.666099,16.661000,,0.397000,0.442800,
25,DImprovedSurface,600,1,3692,3691,3689,3691,3665,13092214013045,16.666595,16.675400,,0.442700,0.638200,
25,DImprovedSurface,600,1,3693,3692,3690,3692,3666,13092214179799,16.666703,16.659200,,0.000000,0.424000,
25,DImprovedSurface,600,1,3694,3693,3691,3693,3667,13092214346391,16.668197,16.667600,,0.582800,0.622700,
25,DImprovedSurface,600,1,3695,3694,3692,3694,3668,13092214513067,16.665604,16.663100,,0.401300,0.492400,
25,DImprovedSurface,600,1,3696,3695,3693,3695,3669,13092214679698,16.666703,16.667700,,0.438900,0.471700,
25,DImprovedSurface,600,1,3697,3696,3694,3696,3670,13092214846375,16.666794,16.684200,,0.487800,0.511000,
25,DImprovedSurface,600,1,3698,3697,3695,3697,3671,13092215013217,16.666999,16.657400,,0.547800,0.496300,
25,DImprovedSurface,600,1,3699,3698,3696,3698,3672,13092215179791,16.666802,16.691500,,0.000000,0.519200,
25,DImprovedSurface,600,1,3700,3699,3697,3699,3673,13092215346706,16.666405,16.737100,,0.467400,0.561200,
25,DImprovedSurface,600,1,3701,3700,3698,3700,3674,13092215514077,16.666999,16.574700,,0.476700,0.509400,
25,DImprovedSurface,600,1,3702,3701,3699,3701,3675,13092215679824,16.666595,16.667600,,0.505700,0.607800,
25,DImprovedSurface,600,1,3703,3702,3700,3702,3676,13092215846500,16.666999,16.666400,,0.500100,0.533400,
25,DImprovedSurface,600,1,3704,3703,3701,3703,3677,13092216013164,16.666405,16.667000,,0.506200,0.541900,
25,DImprovedSurface,600,1,3705,3704,3702,3704,3678,13092216179834,16.666900,16.666700,,0.000000,0.576200,
25,DImprovedSurface,600,1,3706,3705,3703,3705,3679,13092216346501,16.666794,16.670000,,0.488200,0.516200,
25,DImprovedSurface,600,1,3707,3706,3704,3706,3680,13092216513201,16.666900,16.661900,,0.695700,0.604600,
25,DImprovedSurface,600,1,3708,3707,3705,3707,3681,13092216679820,16.665505,16.668500,,0.465300,0.511600,
25,DImprovedSurface,600,1,3709,3708,3706,3708,3682,13092216846505,16.667899,16.672900,,0.402500,0.444200,
25,DImprovedSurface,600,1,3710,3709,3707,3709,3683,13092217013234,16.667297,16.662100,,0.421800,0.429500,
25,DImprovedSurface,600,1,3711,3710,3708,3710,3684,13092217179855,16.665200,16.652500,,0.000000,0.698400,
25,DImprovedSurface,600,1,3712,3711,3709,3711,3685,13092217346380,16.667403,16.666600,,0.427600,0.402800,
25,DImprovedSurface,600,1,3713,3712,3710,3712,3686,13092217513046,16.666900,16.683600,,0.421700,0.443800,
25,DImprovedSurface,600,1,3714,3713,3711,3713,3687,13092217679882,16.666794,16.650600,,0.469600,0.489200,
25,DImprovedSurface,600,1,3715,3714,3712,3714,3688,13092217846388,16.666504,16.674900,,0.453100,0.496200,
25,DImprovedSurface,600,1,3716,3715,3713,3715,3689,13092218013137,16.666900,16.669200,,0.451100,0.698800,
25,DImprovedSurface,600,1,3717,3716,3714,3716,3690,13092218179829,16.667100,16.664600,,0.000000,0.550100,
25,DImprovedSurface,600,1,3718,3717,3715,3717,3691,13092218346475,16.665902,16.666600,,0.627700,0.677600,
25,DImprovedSurface,600,1,3719,3718,3716,3718,3692,13092218513141,16.667100,16.673000,,0.579500,0.620100,
25,DImprovedSurface,600,1,3720,3719,3717,3719,3693,13092218679871,16.667198,16.673900,,0.671900,0.593500,
25,DImprovedSurface,600,1,3721,3720,3718,3720,3694,13092218846610,16.666397,16.673600,,0.735100,0.697600,
25,DImprovedSurface,600,1,3722,3721,3719,3721,3695,13092219013346,16.666900,16.656100,,0.519500,0.532900,
25,DImprovedSurface,600,1,3723,3722,3720,3722,3696,13092219179907,16.666703,16.662900,,0.000000,0.566600,
25,DImprovedSurface,600,1,3724,3723,3721,3723,3697,13092219346536,16.667100,16.664200,,0.497900,0.514800,
25,DImprovedSurface,600,1,3725,3724,3722,3724,3698,13092219513178,16.666999,16.667300,,0.472000,0.522400,
25,DImprovedSurface,600,1,3726,3725,3723,3725,3699,13092219679851,16.666504,16.662100,,0.475000,0.506700,
25,DImprovedSurface,600,1,3727,3726,3724,3726,3700,13092219846472,16.667396,16.668400,,0.496200,0.644500,
25,DImprovedSurface,600,1,3728,3727,3725,3727,3701,13092220013156,16.666198,16.670000,,0.485100,0.540500,
25,DImprovedSurface,600,1,3729,3728,3726,3728,3702,13092220179856,16.666602,16.668700,,0.000000,0.519400,
25,DImprovedSurface,600,1,3730,3729,3727,3729,3703,13092220346543,16.666703,16.663400,,0.459500,0.482100,
25,DImprovedSurface,600,1,3731,3730,3728,3730,3704,13092220513177,16.666802,16.668000,,0.469500,0.543300,
25,DImprovedSurface,600,1,3732,3731,3729,3731,3705,13092220679857,16.666999,16.666300,,0.460700,0.514100,
25,DImprovedSurface,600,1,3733,3732,3730,3732,3706,13092220846520,16.666794,16.669900,,0.479800,0.529700,
25,DImprovedSurface,600,1,3734,3733,3731,3733,3707,13092221013219,16.666306,16.665200,,0.561500,0.522100,
25,DImprovedSurface,600,1,3735,3734,3732,3734,3708,13092221179871,16.667198,16.665400,,0.000000,0.513200,
25,DImprovedSurface,600,1,3736,3735,3733,3735,3709,13092221346525,16.666397,16.704800,,0.482000,0.534200,
25,DImprovedSurface,600,1,3737,3736,3734,3736,3710,13092221513573,16.667701,16.632000,,0.496700,0.569800,
25,DImprovedSurface,600,1,3738,3737,3735,3737,3711,13092221679893,16.665703,16.663900,,0.674900,0.693300,
25,DImprovedSurface,600,1,3739,3738,3736,3738,3712,13092221846532,16.667100,16.665200,,0.564100,0.564900,
25,DImprovedSurface,600,1,3740,3739,3737,3739,3713,13092222013184,16.666802,16.675400,,0.508700,0.529700,
25,DImprovedSurface,600,1,3741,3740,3738,3740,3714,13092222179938,16.666695,16.654100,,0.000000,0.547900,
25,DImprovedSurface,600,1,3742,3741,3739,3741,3715,13092222346479,16.666999,16.669800,,0.448500,0.509900,
25,DImprovedSurface,600,1,3743,3742,3740,3742,3716,13092222513177,16.666405,16.664100,,0.435600,0.490300,
25,DImprovedSurface,600,1,3744,3743,3741,3743,3717,13092222679818,16.667297,16.667900,,0.421600,0.468800,
25,DImprovedSurface,600,1,3745,3744,3742,3744,3718,13092222846497,16.666099,16.663600,,0.430100,0.486700,
25,DImprovedSurface,600,1,3746,3745,3743,3745,3719,13092223013133,16.667403,16.667500,,0.440000,0.500900,
25,DImprovedSurface,600,1,3747,3746,3744,3746,3720,13092223179808,16.666099,16.670700,,0.000000,0.543600,
25,DImprovedSurface,600,1,3748,3747,3745,3747,3721,13092223346515,16.666900,16.663100,,0.430400,0.456700,
25,DImprovedSurface,600,1,3749,3748,3746,3748,3722,13092223513146,16.666695,16.670200,,0.397600,0.449000,
25,DImprovedSurface,600,1,3750,3749,3747,3749,3723,13092223679848,16.666900,16.717800,,0.399200,0.497100,
25,DImprovedSurface,600,1,3751,3750,3748,3750,3724,13092223847026,16.666703,16.609700,,0.459100,0.501300,
25,DImprovedSurface,600,1,3752,3751,3749,3751,3725,13092224013123,16.666099,16.665000,,0.438900,0.484000,
25,DImprovedSurface,600,1,3753,3752,3750,3752,3726,13092224179773,16.667502,16.675000,,0.000000,0.492500,
25,DImprovedSurface,600,1,3754,3753,3751,3753,3727,13092224346523,16.666999,16.666900,,0.469500,0.520200,
25,DImprovedSurface,600,1,3755,3754,3752,3754,3728,13092224513192,17.017297,16.658200,,0.462200,0.537700,
25,DImprovedSurface,600,1,3756,3755,3753,3755,3729,13092224679774,16.667502,16.673200,,0.787000,0.777800,
25,DImprovedSurface,600,1,3757,3756,3754,3756,3730,13092224846506,16.667396,16.667300,,1.045200,0.913300,
25,DImprovedSurface,600,1,3758,3757,3755,3757,3731,13092225013179,16.667100,17.044500,,1.280400,1.035900,
25,DImprovedSurface,600,1,3759,3758,3756,3758,3732,13092225183624,16.666198,16.662800,,0.000000,1.115900,
25,DImprovedSurface,600,1,3760,3759,3757,3759,3733,13092225350252,16.666802,16.667900,,1.119500,0.955000,
25,DImprovedSurface,600,1,3761,3760,3758,3760,3734,13092225516931,16.667305,16.687000,,1.324200,1.048400,
25,DImprovedSurface,600,1,3762,3761,3759,3761,3735,13092225683801,16.666695,16.648300,,1.296500,1.105500,
25,DImprovedSurface,600,1,3763,3762,3760,3762,3736,13092225850284,16.666900,16.669000,,1.180200,1.091800,
25,DImprovedSurface,600,1,3764,3763,3761,3763,3737,13092226016974,16.666900,16.666500,,1.236200,1.039600,
25,DImprovedSurface,600,1,3765,3764,3762,3764,3738,13092226183639,16.666999,16.662300,,0.000000,0.941000,
25,DImprovedSurface,600,1,3766,3765,3763,3765,3739,13092226350262,16.667999,16.669300,,1.065000,0.979000,
25,DImprovedSurface,600,1,3767,3766,3764,3766,3740,13092226516955,16.665902,16.661700,,1.318600,1.132300,
25,DImprovedSurface,600,1,3768,3767,3765,3767,3741,13092226683572,16.666001,16.681200,,0.901800,0.865400,
25,DImprovedSurface,600,1,3769,3768,3766,3768,3742,13092226850384,16.666099,16.695900,,0.708100,0.706900,
25,DImprovedSurface,600,1,3770,3769,3767,3769,3743,13092227017343,16.667603,16.630500,,0.598000,0.604200,
25,DImprovedSurface,600,1,3771,3770,3768,3770,3744,13092227183648,16.666099,16.646900,,0.000000,0.530400,
25,DImprovedSurface,600,1,3772,3771,3769,3771,3745,13092227350117,16.667100,16.660600,,0.448400,0.453400,
25,DImprovedSurface,600,1,3773,3772,3770,3772,3746,13092227516723,16.667198,16.666200,,0.436000,0.458700,
25,DImprovedSurface,600,1,3774,3773,3771,3773,3747,13092227683385,16.665703,16.658300,,0.408800,0.463600,
25,DImprovedSurface,600,1,3775,3774,3772,3774,3748,13092227849968,16.666198,16.674800,,0.376300,0.624000,
25,DImprovedSurface,600,1,3776,3775,3773,3775,3749,13092228016716,16.667899,16.664000,,0.403400,0.412600,
25,DImprovedSurface,600,1,3777,3776,3774,3776,3750,13092228183356,16.667198,16.667200,,0.000000,0.618900,
25,DImprovedSurface,600,1,3778,3777,3775,3777,3751,13092228350028,16.665703,16.658800,,0.354800,0.377200,
25,DImprovedSurface,600,1,3779,3778,3776,3778,3752,13092228516616,16.668098,16.689700,,0.428300,0.495300,
25,DImprovedSurface,600,1,3780,3779,3777,3779,3753,13092228683513,16.665505,16.652300,,0.418200,0.456000,
25,DImprovedSurface,600,1,3781,3780,3778,3780,3754,13092228850036,16.667198,16.664700,,0.361000,0.416100,
25,DImprovedSurface,600,1,3782,3781,3779,3781,3755,13092229016683,16.667999,16.669800,,0.444900,0.510000,
25,DImprovedSurface,600,1,3783,3782,3780,3782,3756,13092229183381,16.665200,16.660700,,0.000000,0.694800,
25,DImprovedSurface,600,1,3784,3783,3781,3783,3757,13092229349988,16.667100,16.672800,,0.412800,0.404400,
26,DImprovedSurface,600,4,3816,3815,3813,3815,3788,13092235096174,16.667396,16.671700,,0.400500,0.414900,
26,DImprovedSurface,600,4,3817,3816,3814,3816,3789,13092235262891,16.666299,16.668500,,0.354000,0.433500,
26,DImprovedSurface,600,4,3818,3817,3815,3817,3790,13092235429576,16.666999,16.662600,,0.415000,0.376800,
26,DImprovedSurface,600,4,3819,3818,3816,3818,3791,13092235596202,16.667999,16.671300,,0.000000,0.576700,
26,DImprovedSurface,600,4,3820,3819,3817,3819,3792,13092235762915,16.665405,16.671100,,0.335500,0.357900,
26,DImprovedSurface,600,4,3821,3820,3818,3820,3793,13092235929626,16.667198,16.667600,,0.438700,0.416500,
26,DImprovedSurface,600,4,3822,3821,3819,3821,3794,13092236096302,16.666496,16.658200,,0.401400,0.477200,
26,DImprovedSurface,600,4,3823,3822,3820,3822,3795,13092236262884,16.667206,16.677300,,0.368900,0.546600,
26,DImprovedSurface,600,4,3824,3823,3821,3823,3796,13092236429657,16.665902,16.660700,,0.510400,0.459300,
26,DImprovedSurface,600,4,3825,3824,3822,3824,3797,13092236596264,16.667198,16.663700,,0.000000,0.534900,
26,DImprovedSurface,600,4,3826,3825,3823,3825,3798,13092236762901,16.666802,16.682900,,0.397600,0.403700,
26,DImprovedSurface,600,4,3827,3826,3824,3826,3799,13092236929730,16.666299,16.666100,,0.444500,0.406400,
26,DImprovedSurface,600,4,3828,3827,3825,3827,3800,13092237096391,16.667603,16.649500,,0.415000,0.421100,
26,DImprovedSurface,600,4,3829,3828,3826,3828,3801,13092237262886,16.665993,16.669100,,0.409400,0.436500,
26,DImprovedSurface,600,4,3830,3829,3827,3829,3802,13092237429577,16.666504,16.664000,,0.399800,0.457900,
26,DImprovedSurface,600,4,3831,3830,3828,3830,3803,13092237596217,16.666900,16.677700,,0.000000,0.533900,
26,DImprovedSurface,600,4,3832,3831,3829,3831,3804,13092237762994,16.667100,16.658500,,0.454400,0.593800,
26,DImprovedSurface,600,4,3833,3832,3830,3832,3805,13092237929579,16.666999,16.691100,,0.488000,0.501700,
26,DImprovedSurface,600,4,3834,3833,3831,3833,3806,13092238096490,16.665902,16.651400,,0.449000,0.462900,
26,DImprovedSurface,600,4,3835,3834,3832,3834,3807,13092238263004,16.666900,16.667700,,0.404600,0.432400,
26,DImprovedSurface,600,4,3836,3835,3833,3835,3808,13092238429681,16.666703,16.670900,,0.353300,0.573900,
26,DImprovedSurface,600,4,3837,3836,3834,3836,3809,13092238596390,16.667297,16.651800,,0.000000,0.473600,
26,DImprovedSurface,600,4,3838,3837,3835,3837,3810,13092238762908,16.665801,16.667700,,0.359600,0.395300,
26,DImprovedSurface,600,4,3839,3838,3836,3838,3811,13092238929585,16.667999,16.715700,,0.391400,0.509400,
26,DImprovedSurface,600,4,3840,3839,3837,3839,3812,13092239096742,16.665902,16.640000,,0.433000,0.468800,
26,DImprovedSurface,600,4,3841,3840,3838,3840,3813,13092239263142,16.667198,16.644100,,0.510500,0.495100,
26,DImprovedSurface,600,4,3842,3841,3839,3841,3814,13092239429583,16.666496,16.674400,,0.413500,0.465700,
26,DImprovedSurface,600,4,3843,3842,3840,3842,3815,13092239596327,16.666602,16.665400,,0.000000,0.466100,
26,DImprovedSurface,600,4,3844,3843,3841,3843,3816,13092239762981,16.666802,16.672500,,0.419800,0.436600,
26,DImprovedSurface,600,4,3845,3844,3842,3844,3817,13092239929706,16.666595,16.656500,,0.406600,0.435200,
26,DImprovedSurface,600,4,3846,3845,3843,3845,3818,13092240096271,16.666602,16.663300,,0.476100,0.496900,
26,DImprovedSurface,600,4,3847,3846,3844,3846,3819,13092240262904,16.667198,16.667500,,0.450900,0.548200,
26,DImprovedSurface,600,4,3848,3847,3845,3847,3820,13092240429579,16.666504,16.680500,,0.460600,0.508000,
26,DImprovedSurface,600,4,3849,3848,3846,3848,3821,13092240596384,16.666595,16.662700,,0.000000,0.704700,
26,DImprovedSurface,600,4,3850,3849,3847,3849,3822,13092240763011,16.682703,16.668000,,0.560100,0.543500,
26,DImprovedSurface,600,4,3851,3850,3848,3850,3823,13092240929691,16.666595,16.666500,,0.511400,0.539400,
26,DImprovedSurface,600,4,3852,3851,3849,3851,3824,13092241096356,16.667403,16.667100,,0.481300,0.532300,
26,DImprovedSurface,600,4,3853,3852,3850,3852,3825,13092241263027,16.666198,16.687100,,0.478100,0.588000,
26,DImprovedSurface,600,4,3854,3853,3851,3853,3826,13092241429898,16.669897,16.659600,,0.504500,0.583600,
26,DImprovedSurface,600,4,3855,3854,3852,3854,3827,13092241596494,16.666900,16.682600,,0.000000,0.543400,
26,DImprovedSurface,600,4,3856,3855,3853,3855,3828,13092241763320,16.674099,16.652100,,0.468000,0.494900,
26,DImprovedSurface,600,4,3857,3856,3854,3856,3829,13092241929841,16.667999,16.669500,,0.544500,0.570400,
26,DImprovedSurface,600,4,3858,3857,3855,3857,3830,13092242096536,16.665306,16.669500,,0.487600,0.534300,
26,DImprovedSurface,600,4,3859,3858,3856,3858,3831,13092242263231,16.666900,16.666800,,0.423300,0.453500,
26,DImprovedSurface,600,4,3860,3859,3857,3859,3832,13092242429899,16.667297,16.673900,,0.452800,0.527000,
26,DImprovedSurface,600,4,3861,3860,3858,3860,3833,13092242596638,16.665695,16.656300,,0.000000,0.452900,
26,DImprovedSurface,600,4,3862,3861,3859,3861,3834,13092242763201,16.667206,16.673400,,0.414300,0.431000,
26,DImprovedSurface,600,4,3863,3862,3860,3862,3835,13092242929935,16.666099,16.662100,,0.401700,0.654200,
26,DImprovedSurface,600,4,3864,3863,3861,3863,3836,13092243096556,16.667701,16.660700,,0.422100,0.636500,
26,DImprovedSurface,600,4,3865,3864,3862,3864,3837,13092243263163,16.666397,16.670500,,0.436100,0.564200,
26,DImprovedSurface,600,4,3866,3865,3863,3865,3838,13092243429868,16.666802,16.665800,,0.423000,0.476500,
26,DImprovedSurface,600,4,3867,3866,3864,3866,3839,13092243596526,16.667198,16.675900,,0.000000,0.533500,
26,DImprovedSurface,600,4,3868,3867,3865,3867,3840,13092243763285,16.667100,16.666300,,0.452500,0.490300,
26,DImprovedSurface,600,4,3869,3868,3866,3868,3841,13092243929948,16.666198,16.665700,,0.925900,0.888800,
26,DImprovedSurface,600,4,3870,3869,3867,3869,3842,13092244096605,16.666198,16.667800,,0.599400,0.607500,
26,DImprovedSurface,600,4,3871,3870,3868,3870,3843,13092244263283,16.667007,16.682700,,0.514500,0.562000,
26,DImprovedSurface,600,4,3872,3871,3869,3871,3844,13092244430110,16.666794,16.655100,,0.496600,0.607500,
26,DImprovedSurface,600,4,3873,3872,3870,3872,3845,13092244596661,16.667603,16.657900,,0.000000,0.575500,
26,DImprovedSurface,600,4,3874,3873,3871,3873,3846,13092244763240,16.665801,16.671000,,0.469900,0.518700,
26,DImprovedSurface,600,4,3875,3874,3872,3874,3847,13092244929950,16.666900,16.663100,,0.464900,0.706300,
26,DImprovedSurface,600,4,3876,3875,3873,3875,3848,13092245096581,16.666794,16.670500,,0.476100,0.522600,
26,DImprovedSurface,600,4,3877,3876,3874,3876,3849,13092245263286,16.666900,16.666100,,0.514200,0.553600,
26,DImprovedSurface,600,4,3878,3877,3875,3877,3850,13092245429947,16.666504,16.673000,,0.472000,0.553900,
26,DImprovedSurface,600,4,3879,3878,3876,3878,3851,13092245596677,16.667603,16.663600,,0.000000,0.509800,
26,DImprovedSurface,600,4,3880,3879,3877,3879,3852,13092245763313,16.665895,16.667900,,0.458500,0.503700,
26,DImprovedSurface,600,4,3881,3880,3878,3880,3853,13092245929992,16.666504,16.665200,,0.495200,0.538400,
26,DImprovedSurface,600,4,3882,3881,3879,3881,3854,13092246096644,16.667396,16.665000,,0.484900,0.531400,
26,DImprovedSurface,600,4,3883,3882,3880,3882,3855,13092246263294,16.666703,16.669800,,0.498500,0.531000,
26,DImprovedSurface,600,4,3884,3883,3881,3883,3856,13092246429992,16.666900,16.664100,,0.529100,0.536600,
26,DImprovedSurface,600,4,3885,3884,3882,3884,3857,13092246596633,16.666602,16.669700,,0.000000,0.559100,
26,DImprovedSurface,600,4,3886,3885,3883,3885,3858,13092246763330,16.666999,16.668200,,0.459700,0.512800,
26,DImprovedSurface,600,4,3887,3886,3884,3886,3859,13092246930012,16.666299,16.662900,,0.477100,0.538800,
26,DImprovedSurface,600,4,3888,3887,3885,3887,3860,13092247096641,16.667396,16.668000,,0.538500,0.716500,
26,DImprovedSurface,600,4,3889,3888,3886,3888,3861,13092247263321,16.666001,16.750500,,0.698700,0.665900,
26,DImprovedSurface,600,4,3890,3889,3887,3889,3862,13092247430826,16.667100,16.585800,,0.566000,0.617700,
26,DImprovedSurface,600,4,3891,3890,3888,3890,3863,13092247596684,16.666405,16.678600,,0.000000,0.534400,
26,DImprovedSurface,600,4,3892,3891,3889,3891,3864,13092247763470,16.666999,16.647100,,0.457700,0.487000,
26,DImprovedSurface,600,4,3893,3892,3890,3892,3865,13092247929941,16.666703,16.667500,,0.441600,0.476100,
26,DImprovedSurface,600,4,3894,3893,3891,3893,3866,13092248096616,16.666695,16.664000,,0.447300,0.524700,
26,DImprovedSurface,600,4,3895,3894,3892,3894,3867,13092248263256,16.666900,16.670000,,0.456300,0.519800,
26,DImprovedSurface,600,4,3896,3895,3893,3895,3868,13092248429956,16.666900,16.665300,,0.450600,0.507000,
26,DImprovedSurface,600,4,3897,3896,3894,3896,3869,13092248596609,16.666999,16.667400,,0.000000,0.515300,
26,DImprovedSurface,600,4,3898,3897,3895,3897,3870,13092248763283,16.666001,16.666700,,0.475000,0.509200,
26,DImprovedSurface,600,4,3899,3898,3896,3898,3871,13092248929950,16.666397,16.667300,,0.433300,0.489800,
26,DImprovedSurface,600,4,3900,3899,3897,3899,3872,13092249096623,16.666900,16.667100,,0.404200,0.471900,
26,DImprovedSurface,600,4,3901,3900,3898,3900,3873,13092249263294,16.674602,16.662600,,0.453000,0.459000,
26,DImprovedSurface,600,4,3902,3901,3899,3901,3874,13092249429920,16.666602,16.662600,,0.596600,0.642500,
26,DImprovedSurface,600,4,3903,3902,3900,3902,3875,13092249596546,16.666893,16.670900,,0.000000,0.581300,
26,DImprovedSurface,600,4,3904,3903,3901,3903,3876,13092249763255,16.667007,16.683300,,0.453100,0.480200,
26,DImprovedSurface,600,4,3905,3904,3902,3904,3877,13092249930088,16.666496,16.662500,,0.495000,0.513600,
26,DImprovedSurface,600,4,3906,3905,3903,3905,3878,13092250096713,16.666900,16.664200,,0.449900,0.482000,
26,DImprovedSurface,600,4,3907,3906,3904,3906,3879,13092250263355,16.666900,16.666800,,0.458000,0.521200,
26,DImprovedSurface,600,4,3908,3907,3905,3907,3880,13092250430023,16.666999,16.668600,,0.511400,0.524600,
26,DImprovedSurface,600,4,3909,3908,3906,3908,3881,13092250596709,16.666397,16.668700,,0.000000,0.592600,
26,DImprovedSurface,600,4,3910,3909,3907,3909,3882,13092250763396,16.666802,16.666100,,0.426800,0.517200,
26,DImprovedSurface,600,4,3911,3910,3908,3910,3883,13092250930057,16.666504,16.665600,,0.579800,0.523400,
26,DImprovedSurface,600,4,3912,3911,3909,3911,3884,13092251096713,16.667100,16.667700,,0.497400,0.562400,
26,DImprovedSurface,600,4,3913,3912,3910,3912,3885,13092251263390,16.666595,16.668800,,0.466600,0.666600,
26,DImprovedSurface,600,4,3914,3913,3911,3913,3886,13092251430078,16.666001,16.668300,,0.405400,0.448600,
26,DImprovedSurface,600,4,3915,3914,3912,3914,3887,13092251596761,16.666504,16.658100,,0.000000,0.426700,
26,DImprovedSurface,600,4,3916,3915,3913,3915,3888,13092251763342,16.734799,16.665700,,0.334700,0.338700,
26,DImprovedSurface,600,4,3917,3916,3914,3916,3889,13092251929999,16.667595,16.666500,,0.696400,0.568500,
26,DImprovedSurface,600,4,3918,3917,3915,3917,3890,13092252096664,16.665703,16.661900,,0.361000,0.419600,
26,DImprovedSurface,600,4,3919,3918,3916,3918,3891,13092252263283,16.667701,16.740700,,0.364100,0.378400,
26,DImprovedSurface,600,4,3920,3919,3917,3919,3892,13092252430690,16.666001,16.665900,,0.437600,0.425500,
26,DImprovedSurface,600,4,3921,3920,3918,3920,3893,13092252597349,16.667100,16.661600,,0.000000,0.709400,
26,DImprovedSurface,600,4,3922,3921,3919,3921,3894,13092252763965,16.666099,16.676200,,0.430100,0.396600,
26,DImprovedSurface,600,4,3923,3922,3920,3922,3895,13092252930727,16.667198,16.669500,,0.395800,0.383400,
26,DImprovedSurface,600,4,3924,3923,3921,3923,3896,13092253097422,16.666703,16.666500,,0.420700,0.438400,
26,DImprovedSurface,600,4,3925,3924,3922,3924,3897,13092253264087,16.666496,16.656100,,0.425800,0.526600,
26,DImprovedSurface,600,4,3926,3925,3923,3925,3898,13092253430648,16.667100,16.674700,,0.401500,0.419200,
26,DImprovedSurface,600,4,3927,3926,3924,3926,3899,13092253597395,16.666405,16.660800,,0.000000,0.408100,
26,DImprovedSurface,600,4,3928,3927,3925,3927,3900,13092253764003,16.668197,16.664500,,0.422000,0.399200,
26,DImprovedSurface,600,4,3929,3928,3926,3928,3901,13092253930648,16.664604,16.665000,,0.447400,0.659500,
26,DImprovedSurface,600,4,3930,3929,3927,3929,3902,13092254097298,16.666999,16.669300,,0.461100,0.391000,
26,DImprovedSurface,600,4,3931,3930,3928,3930,3903,13092254263991,16.666496,16.678100,,0.413700,0.414800,
26,DImprovedSurface,600,4,3932,3931,3929,3931,3904,13092254430772,16.666900,16.668400,,0.331300,0.347300,
26,DImprovedSurface,600,4,3933,3932,3930,3932,3905,13092254597456,16.667198,16.651900,,0.000000,0.415300,
26,DImprovedSurface,600,4,3934,3933,3931,3933,3906,13092254763975,16.666900,16.670300,,0.411300,0.423600,
26,DImprovedSurface,600,4,3935,3934,3932,3934,3907,13092254930678,16.666405,16.661800,,0.410000,0.470200,
27,DImprovedSurface,600,8,3967,3966,3964,3966,3938,13092260648986,16.666496,16.661700,,0.353300,0.421800,
27,DImprovedSurface,600,8,3968,3967,3965,3967,3939,13092260815603,16.667701,16.681600,,0.388200,0.408500,
27,DImprovedSurface,600,8,3969,3968,3966,3968,3940,13092260982419,16.666397,16.646900,,0.000000,0.390000,
27,DImprovedSurface,600,8,3970,3969,3967,3969,3941,13092261148888,16.666306,16.666000,,0.353000,0.405000,
27,DImprovedSurface,600,8,3971,3970,3968,3970,3942,13092261315548,16.666999,16.668000,,0.404300,0.473900,
27,DImprovedSurface,600,8,3972,3971,3969,3971,3943,13092261482228,16.666299,16.669800,,0.358700,0.370100,
27,DImprovedSurface,600,8,3973,3972,3970,3972,3944,13092261648926,16.667403,16.668500,,0.392600,0.378800,
27,DImprovedSurface,600,8,3974,3973,3971,3973,3945,13092261815611,16.666893,16.663300,,0.396000,0.427100,
27,DImprovedSurface,600,8,3975,3974,3972,3974,3946,13092261982244,16.666504,16.664400,,0.000000,0.573900,
27,DImprovedSurface,600,8,3976,3975,3973,3975,3947,13092262148888,16.666900,16.670300,,0.401700,0.436100,
27,DImprovedSurface,600,8,3977,3976,3974,3976,3948,13092262315591,16.666595,16.672500,,0.373300,0.415600,
27,DImprovedSurface,600,8,3978,3977,3975,3977,3949,13092262482316,16.666602,16.661900,,0.412600,0.401100,
27,DImprovedSurface,600,8,3979,3978,3976,3978,3950,13092262648935,16.667899,16.667300,,0.397900,0.534600,
27,DImprovedSurface,600,8,3980,3979,3977,3979,3951,13092262815608,16.665399,16.667200,,0.414700,0.401900,
27,DImprovedSurface,600,8,3981,3980,3978,3980,3952,13092262982280,16.666999,16.665900,,0.000000,0.422600,
27,DImprovedSurface,600,8,3982,3981,3979,3981,3953,13092263148939,16.667206,16.696600,,0.416700,0.440400,
27,DImprovedSurface,600,8,3983,3982,3980,3982,3954,13092263315905,16.665796,16.635100,,0.412900,0.469600,
27,DImprovedSurface,600,8,3984,3983,3981,3983,3955,13092263482256,16.666198,16.665200,,0.467100,0.449800,
27,DImprovedSurface,600,8,3985,3984,3982,3984,3956,13092263648908,16.667701,16.675500,,0.434100,0.553600,
27,DImprovedSurface,600,8,3986,3985,3983,3985,3957,13092263815663,16.666198,16.673500,,0.335000,0.412100,
27,DImprovedSurface,600,8,3987,3986,3984,3986,3958,13092263982398,16.666900,16.654000,,0.000000,0.552200,
27,DImprovedSurface,600,8,3988,3987,3985,3987,3959,13092264148938,16.666999,16.663800,,0.447200,0.597400,
27,DImprovedSurface,600,8,3989,3988,3986,3988,3960,13092264315576,16.666504,16.675900,,0.531900,0.581000,
27,DImprovedSurface,600,8,3990,3989,3987,3989,3961,13092264482335,16.666999,16.670100,,0.531300,0.572700,
27,DImprovedSurface,600,8,3991,3990,3988,3990,3962,13092264649036,16.667800,16.673800,,0.573000,0.836100,
27,DImprovedSurface,600,8,3992,3991,3989,3991,3963,13092264815774,16.666198,16.665100,,0.597800,0.616200,
27,DImprovedSurface,600,8,3993,3992,3990,3992,3964,13092264982425,16.666999,16.664900,,0.000000,0.810000,
27,DImprovedSurface,600,8,3994,3993,3991,3993,3965,13092265149074,16.668197,16.756300,,0.755600,0.650600,
27,DImprovedSurface,600,8,3995,3994,3992,3994,3966,13092265316637,16.667603,16.583700,,1.078200,0.992300,
27,DImprovedSurface,600,8,3996,3995,3993,3995,3967,13092265482474,16.666602,16.666800,,1.365500,1.218200,
27,DImprovedSurface,600,8,3997,3996,3994,3996,3968,13092265649142,16.667496,16.674100,,1.181500,1.129000,
27,DImprovedSurface,600,8,3998,3997,3995,3997,3969,13092265815883,16.666306,16.672000,,1.502100,1.507800,
27,DImprovedSurface,600,8,3999,3998,3996,3998,3970,13092265982603,16.666900,16.699000,,0.000000,1.456300,
27,DImprovedSurface,600,8,4000,3999,3997,3999,3971,13092266149593,16.667899,16.658600,,1.306000,1.331800,
27,DImprovedSurface,600,8,4001,4000,3998,4000,3972,13092266316179,16.665695,16.644300,,1.159700,1.029500,
27,DImprovedSurface,600,8,4002,4001,3999,4001,3973,13092266482622,16.668204,16.670100,,0.907700,1.298800,
27,DImprovedSurface,600,8,4003,4002,4000,4002,3974,13092266649323,16.666695,16.719100,,1.584800,1.107700,
27,DImprovedSurface,600,8,4004,4003,4001,4003,3975,13092266816514,16.665902,16.612200,,1.038000,0.855000,
27,DImprovedSurface,600,8,4005,4004,4002,4004,3976,13092266982636,16.667603,16.666900,,0.000000,0.984100,
27,DImprovedSurface,600,8,4006,4005,4003,4005,3977,13092267149305,16.666595,16.667100,,1.064200,0.999600,
27,DImprovedSurface,600,8,4007,4006,4004,4006,3978,13092267315976,16.666504,16.664100,,0.869600,0.823500,
27,DImprovedSurface,600,8,4008,4007,4005,4007,3979,13092267482617,16.667999,16.664000,,0.804300,0.845500,
27,DImprovedSurface,600,8,4009,4008,4006,4008,3980,13092267649257,16.666496,16.667000,,1.258200,1.059000,
27,DImprovedSurface,600,8,4010,4009,4007,4009,3981,13092267815927,16.666602,16.663600,,1.294500,1.032700,
27,DImprovedSurface,600,8,4011,4010,4008,4010,3982,13092267982563,16.666602,16.673900,,0.000000,0.842400,
27,DImprovedSurface,600,8,4012,4011,4009,4011,3983,13092268149302,16.666794,16.671500,,0.754200,0.888600,
27,DImprovedSurface,600,8,4013,4012,4010,4012,3984,13092268316017,16.666802,16.654000,,0.719500,0.807200,
27,DImprovedSurface,600,8,4014,4013,4011,4013,3985,13092268482557,16.666999,16.667600,,0.732000,0.872800,
27,DImprovedSurface,600,8,4015,4014,4012,4014,3986,13092268649233,16.667206,16.667700,,0.680700,0.831500,
27,DImprovedSurface,600,8,4016,4015,4013,4015,3987,13092268815910,16.666595,16.664200,,0.898900,0.770100,
27,DImprovedSurface,600,8,4017,4016,4014,4016,3988,13092268982552,16.721202,16.681400,,0.000000,0.711000,
27,DImprovedSurface,600,8,4018,4017,4015,4017,3989,13092269149366,16.666397,16.664800,,0.898000,0.853400,
27,DImprovedSurface,600,8,4019,4018,4016,4018,3990,13092269316014,16.666703,16.652900,,0.623500,0.649800,
27,DImprovedSurface,600,8,4020,4019,4017,4019,3991,13092269482543,16.666802,16.723500,,0.644700,0.665500,
27,DImprovedSurface,600,8,4021,4020,4018,4020,3992,13092269649778,16.667100,16.659500,,0.643200,0.649400,
27,DImprovedSurface,600,8,4022,4021,4019,4021,3993,13092269816373,16.666299,16.669900,,0.595100,0.561300,
27,DImprovedSurface,600,8,4023,4022,4020,4022,3994,13092269983072,16.666703,16.663700,,0.000000,0.588700,
27,DImprovedSurface,600,8,4024,4023,4021,4023,3995,13092270149709,16.665801,16.661500,,0.456500,0.487600,
27,DImprovedSurface,600,8,4025,4024,4022,4024,3996,13092270316324,16.668197,16.664100,,0.397600,0.403500,
27,DImprovedSurface,600,8,4026,4025,4023,4025,3997,13092270482965,16.666496,16.666600,,0.402900,0.484200,
27,DImprovedSurface,600,8,4027,4026,4024,4026,3998,13092270649631,16.666602,16.657700,,0.385900,0.435700,
27,DImprovedSurface,600,8,4028,4027,4025,4027,3999,13092270816208,16.666602,16.669900,,0.394800,0.498200,
27,DImprovedSurface,600,8,4029,4028,4026,4028,4000,13092270982907,16.667595,16.669900,,0.000000,0.522700,
27,DImprovedSurface,600,8,4030,4029,4027,4029,4001,13092271149606,16.666802,16.670100,,0.440900,0.580500,
27,DImprovedSurface,600,8,4031,4030,4028,4030,4002,13092271316307,16.667603,16.670500,,0.491400,0.540000,
27,DImprovedSurface,600,8,4032,4031,4029,4031,4003,13092271483012,16.670203,16.666300,,0.796500,0.776400,
27,DImprovedSurface,600,8,4033,4032,4030,4032,4004,13092271649675,16.665993,16.677900,,0.754100,0.691000,
27,DImprovedSurface,600,8,4034,4033,4031,4033,4005,13092271816454,16.667105,16.668300,,0.561100,0.584800,
27,DImprovedSurface,600,8,4035,4034,4032,4034,4006,13092271983137,16.666900,16.664900,,0.000000,0.531800,
27,DImprovedSurface,600,8,4036,4035,4033,4035,4007,13092272149786,16.667100,16.654800,,0.461200,0.480700,
27,DImprovedSurface,600,8,4037,4036,4034,4036,4008,13092272316334,16.667100,16.666800,,0.467800,0.510900,
27,DImprovedSurface,600,8,4038,4037,4035,4037,4009,13092272483002,16.665801,16.667900,,0.482700,0.545900,
27,DImprovedSurface,600,8,4039,4038,4036,4038,4010,13092272649681,16.666999,16.667400,,0.460100,0.518400,
27,DImprovedSurface,600,8,4040,4039,4037,4039,4011,13092272816355,16.667100,16.670600,,0.471900,0.537000,
27,DImprovedSurface,600,8,4041,4040,4038,4040,4012,13092272983061,16.666999,16.662400,,0.000000,0.571500,
27,DImprovedSurface,600,8,4042,4041,4039,4041,4013,13092273149685,16.666496,16.670500,,0.489500,0.512400,
27,DImprovedSurface,600,8,4043,4042,4040,4042,4014,13092273316390,16.666099,16.671400,,0.481800,0.518700,
27,DImprovedSurface,600,8,4044,4043,4041,4043,4015,13092273483104,16.667305,16.715800,,0.489300,0.503000,
27,DImprovedSurface,600,8,4045,4044,4042,4044,4016,13092273650262,16.666496,16.613700,,0.506700,0.501200,
27,DImprovedSurface,600,8,4046,4045,4043,4045,4017,13092273816399,16.666999,16.661000,,0.486200,0.568200,
27,DImprovedSurface,600,8,4047,4046,4044,4046,4018,13092273983009,16.666602,16.670600,,0.000000,0.664100,
27,DImprovedSurface,600,8,4048,4047,4045,4047,4019,13092274149715,16.668495,16.717300,,0.450300,0.506400,
27,DImprovedSurface,600,8,4049,4048,4046,4048,4020,13092274316888,16.665101,16.618400,,0.490200,0.515900,
27,DImprovedSurface,600,8,4050,4049,4047,4049,4021,13092274483072,16.666900,16.663400,,0.547400,0.505000,
27,DImprovedSurface,600,8,4051,4050,4048,4050,4022,13092274649706,16.667206,16.671600,,0.491000,0.549200,
27,DImprovedSurface,600,8,4052,4051,4049,4051,4023,13092274816422,16.666198,16.664700,,0.919700,0.858600,
27,DImprovedSurface,600,8,4053,4052,4050,4052,4024,13092274983069,16.666397,16.666900,,0.000000,0.638700,
27,DImprovedSurface,600,8,4054,4053,4051,4053,4025,13092275149738,16.667100,16.680900,,0.528300,0.540500,
27,DImprovedSurface,600,8,4055,4054,4052,4054,4026,13092275316547,16.666999,16.653100,,0.490700,0.509600,
27,DImprovedSurface,600,8,4056,4055,4053,4055,4027,13092275483078,16.666900,16.660700,,0.480300,0.554400,
27,DImprovedSurface,600,8,4057,4056,4054,4056,4028,13092275649685,16.666198,16.721800,,0.485900,0.510100,
27,DImprovedSurface,600,8,4058,4057,4055,4057,4029,13092275816903,16.666999,16.611200,,0.441600,0.477400,
27,DImprovedSurface,600,8,4059,4058,4056,4058,4030,13092275983015,16.666602,16.671200,,0.000000,0.499000,
27,DImprovedSurface,600,8,4060,4059,4057,4059,4031,13092276149727,16.666999,16.670500,,0.453700,0.497500,
27,DImprovedSurface,600,8,4061,4060,4058,4060,4032,13092276316432,16.666099,16.659300,,0.444700,0.516500,
27,DImprovedSurface,600,8,4062,4061,4059,4061,4033,13092276483025,16.667100,16.665400,,0.469200,0.564200,
27,DImprovedSurface,600,8,4063,4062,4060,4062,4034,13092276649679,16.668404,16.673000,,0.420600,0.465800,
27,DImprovedSurface,600,8,4064,4063,4061,4063,4035,13092276816409,16.665399,16.661400,,0.487700,0.483400,
27,DImprovedSurface,600,8,4065,4064,4062,4064,4036,13092276983023,16.666999,16.664700,,0.000000,0.491800,
27,DImprovedSurface,600,8,4066,4065,4063,4065,4037,13092277149670,16.666504,16.670000,,0.450100,0.528800,
27,DImprovedSurface,600,8,4067,4066,4064,4066,4038,13092277316370,16.666099,16.667200,,0.491600,0.695300,
27,DImprovedSurface,600,8,4068,4067,4065,4067,4039,13092277483042,16.666695,16.671200,,0.480500,0.480200,
27,DImprovedSurface,600,8,4069,4068,4066,4068,4040,13092277649754,16.667305,16.677700,,0.511200,0.692700,
27,DImprovedSurface,600,8,4070,4069,4067,4069,4041,13092277816531,16.666595,16.706200,,0.466800,0.500800,
27,DImprovedSurface,600,8,4071,4070,4068,4070,4042,13092277983593,16.666802,16.609600,,0.000000,0.503900,
27,DImprovedSurface,600,8,4072,4071,4069,4071,4043,13092278149689,16.667198,16.668400,,0.445600,0.475600,
27,DImprovedSurface,600,8,4073,4072,4070,4072,4044,13092278316373,16.666802,16.685200,,0.442700,0.477900,
27,DImprovedSurface,600,8,4074,4073,4071,4073,4045,13092278483225,16.666703,16.648800,,0.472400,0.497000,
27,DImprovedSurface,600,8,4075,4074,4072,4074,4046,13092278649713,16.668197,16.664500,,0.459000,0.501500,
27,DImprovedSurface,600,8,4076,4075,4073,4075,4047,13092278816358,16.667100,16.676100,,0.483100,0.575200,
27,DImprovedSurface,600,8,4077,4076,4074,4076,4048,13092278983119,16.666504,16.665300,,0.000000,0.550600,
27,DImprovedSurface,600,8,4078,4077,4075,4077,4049,13092279149772,16.666900,16.664700,,0.441500,0.534200,
27,DImprovedSurface,600,8,4079,4078,4076,4078,4050,13092279316419,16.666198,16.670800,,0.636900,0.584700,
27,DImprovedSurface,600,8,4080,4079,4077,4079,4051,13092279483127,16.666900,16.663600,,0.535300,0.491100,
27,DImprovedSurface,600,8,4081,4080,4078,4080,4052,13092279649763,16.666802,16.669400,,0.456100,0.515200,
27,DImprovedSurface,600,8,4082,4081,4079,4081,4053,13092279816457,16.667297,16.668400,,0.454200,0.521400,
27,DImprovedSurface,600,8,4083,4082,4080,4082,4054,13092279983141,16.666299,16.657500,,0.000000,0.562400,
27,DImprovedSurface,600,8,4084,4083,4081,4083,4055,13092280149716,16.667403,16.672200,,0.517300,0.523500,
27,DImprovedSurface,600,8,4085,4084,4082,4084,4056,13092280316438,16.667198,16.665500,,0.443400,0.521400,
27,DImprovedSurface,600,8,4086,4085,4083,4085,4057,13092280483093,16.665902,16.668400,,0.432200,0.556200,
28,DImprovedSurface,600,16,4118,4117,4115,4117,4088,13092286537183,16.666405,16.659700,,0.610300,0.615400,
28,DImprovedSurface,600,16,4119,4118,4116,4118,4089,13092286703780,16.666695,16.665600,,0.545800,0.523900,
28,DImprovedSurface,600,16,4120,4119,4117,4119,4090,13092286870436,16.667305,16.663100,,0.502400,0.524900,
28,DImprovedSurface,600,16,4121,4120,4118,4120,4091,13092287037067,16.666703,16.662800,,0.450100,0.665900,
28,DImprovedSurface,600,16,4122,4121,4119,4121,4092,13092287203695,16.666299,16.667200,,0.423000,0.471900,
28,DImprovedSurface,600,16,4123,4122,4120,4122,4093,13092287370367,16.666900,16.668900,,0.000000,0.450300,
28,DImprovedSurface,600,16,4124,4123,4121,4123,4094,13092287537056,16.666595,16.663100,,0.458700,0.455500,
28,DImprovedSurface,600,16,4125,4124,4122,4124,4095,13092287703687,16.666602,16.664700,,0.372700,0.441600,
28,DImprovedSurface,600,16,4126,4125,4123,4125,4096,13092287870334,16.666595,16.673200,,0.384000,0.438500,
28,DImprovedSurface,600,16,4127,4126,4124,4126,4097,13092288037066,16.666802,16.661700,,0.392500,0.439800,
28,DImprovedSurface,600,16,4128,4127,4125,4127,4098,13092288203683,16.666900,16.665600,,0.421500,0.575700,
28,DImprovedSurface,600,16,4129,4128,4126,4128,4099,13092288370339,16.667502,16.666500,,0.000000,0.448900,
28,DImprovedSurface,600,16,4130,4129,4127,4129,4100,13092288537004,16.665695,16.666200,,0.404000,0.506600,
28,DImprovedSurface,600,16,4131,4130,4128,4130,4101,13092288703666,16.667105,16.669700,,0.379400,0.402300,
28,DImprovedSurface,600,16,4132,4131,4129,4131,4102,13092288870363,16.666299,16.671700,,0.482000,0.456600,
28,DImprovedSurface,600,16,4133,4132,4130,4132,4103,13092289037080,16.666802,16.661000,,0.421300,0.421800,
28,DImprovedSurface,600,16,4134,4133,4131,4133,4104,13092289203690,16.666999,16.670100,,0.433600,0.497900,
28,DImprovedSurface,600,16,4135,4134,4132,4134,4105,13092289370391,16.666900,16.665500,,0.000000,0.418500,
28,DImprovedSurface,600,16,4136,4135,4133,4135,4106,13092289537046,16.666695,16.665100,,0.413500,0.460700,
28,DImprovedSurface,600,16,4137,4136,4134,4136,4107,13092289703697,16.666405,16.668700,,0.468100,0.449600,
28,DImprovedSurface,600,16,4138,4137,4135,4137,4108,13092289870384,16.842999,16.666000,,0.434400,0.565600,
28,DImprovedSurface,600,16,4139,4138,4136,4138,4109,13092290037044,16.669096,16.674800,,0.428400,0.596900,
28,DImprovedSurface,600,16,4140,4139,4137,4139,4110,13092290203792,16.665399,16.662700,,0.480400,0.425200,
28,DImprovedSurface,600,16,4141,4140,4138,4140,4111,13092290370419,16.666703,16.839300,,0.000000,0.461800,
28,DImprovedSurface,600,16,4142,4141,4139,4141,4112,13092290538812,16.666001,16.690200,,0.403100,0.576600,
28,DImprovedSurface,600,16,4143,4142,4140,4142,4113,13092290705714,16.667899,16.650100,,0.468700,0.419300,
28,DImprovedSurface,600,16,4144,4143,4141,4143,4114,13092290872215,16.666001,16.668200,,0.475400,0.496700,
28,DImprovedSurface,600,16,4145,4144,4142,4144,4115,13092291038897,16.667100,16.660700,,0.425500,0.490900,
28,DImprovedSurface,600,16,4146,4145,4143,4145,4116,13092291205504,16.666900,16.673200,,0.423100,0.506600,
28,DImprovedSurface,600,16,4147,4146,4144,4146,4117,13092291372236,16.666703,16.661300,,0.000000,0.553000,
28,DImprovedSurface,600,16,4148,4147,4145,4147,4118,13092291538849,16.666496,16.676000,,0.465500,0.521000,
28,DImprovedSurface,600,16,4149,4148,4146,4148,4119,13092291705609,16.666900,16.670700,,0.504700,0.508100,
28,DImprovedSurface,600,16,4150,4149,4147,4149,4120,13092291872316,16.667100,16.660500,,0.534100,0.560300,
28,DImprovedSurface,600,16,4151,4150,4148,4150,4121,13092292038921,16.974000,16.671700,,0.527200,0.733600,
28,DImprovedSurface,600,16,4152,4151,4149,4151,4122,13092292205638,16.669303,16.665400,,0.537400,0.521300,
28,DImprovedSurface,600,16,4153,4152,4150,4152,4123,13092292372292,16.663598,16.679800,,0.000000,0.555900,
28,DImprovedSurface,600,16,4154,4153,4151,4153,4124,13092292539090,16.666999,16.975500,,0.507200,0.522400,
28,DImprovedSurface,600,16,4155,4154,4152,4154,4125,13092292708845,16.666802,16.659800,,0.747400,0.732700,
28,DImprovedSurface,600,16,4156,4155,4153,4155,4126,13092292875443,16.666602,16.656600,,0.634700,0.597200,
28,DImprovedSurface,600,16,4157,4156,4154,4156,4127,13092293042009,16.666496,16.676100,,0.591000,0.636800,
28,DImprovedSurface,600,16,4158,4157,4155,4157,4128,13092293208770,16.666999,16.663900,,0.537800,0.567500,
28,DImprovedSurface,600,16,4159,4158,4156,4158,4129,13092293375409,16.666299,16.665100,,0.000000,0.598700,
28,DImprovedSurface,600,16,4160,4159,4157,4159,4130,13092293542060,16.666405,16.656300,,0.500300,0.596800,
28,DImprovedSurface,600,16,4161,4160,4158,4160,4131,13092293708623,16.666595,16.675900,,0.435600,0.517300,
28,DImprovedSurface,600,16,4162,4161,4159,4161,4132,13092293875382,16.666306,16.660200,,0.429400,0.542000,
28,DImprovedSurface,600,16,4163,4162,4160,4162,4133,13092294041984,16.667198,16.664400,,0.427500,0.531100,
28,DImprovedSurface,600,16,4164,4163,4161,4163,4134,13092294208628,16.666595,16.662200,,0.574400,0.460300,
28,DImprovedSurface,600,16,4165,4164,4162,4164,4135,13092294375250,16.666802,16.661200,,0.000000,0.482500,
28,DImprovedSurface,600,16,4166,4165,4163,4165,4136,13092294541862,16.667603,16.673700,,0.505000,0.476200,
28,DImprovedSurface,600,16,4167,4166,4164,4166,4137,13092294708599,16.667100,16.662000,,0.374000,0.452000,
28,DImprovedSurface,600,16,4168,4167,4165,4167,4138,13092294875219,16.666397,16.668500,,0.471100,0.515800,
28,DImprovedSurface,600,16,4169,4168,4166,4168,4139,13092295041904,16.666703,16.682500,,0.456800,0.500700,
28,DImprovedSurface,600,16,4170,4169,4167,4169,4140,13092295208729,16.667100,16.668000,,0.501600,0.542600,
28,DImprovedSurface,600,16,4171,4170,4168,4170,4141,13092295375409,16.666504,16.660800,,0.000000,0.932100,
28,DImprovedSurface,600,16,4172,4171,4169,4171,4142,13092295542017,16.666496,16.668200,,0.649200,0.704200,
28,DImprovedSurface,600,16,4173,4172,4170,4172,4143,13092295708699,16.667100,16.681800,,0.697800,0.556600,
28,DImprovedSurface,600,16,4174,4173,4171,4173,4144,13092295875517,16.666602,16.653200,,0.556400,0.548300,
28,DImprovedSurface,600,16,4175,4174,4172,4174,4145,13092296042049,16.669897,16.659600,,0.522700,0.564800,
28,DImprovedSurface,600,16,4176,4175,4173,4175,4146,13092296208645,16.663903,16.670100,,0.495100,0.522800,
28,DImprovedSurface,600,16,4177,4176,4174,4176,4147,13092296375346,16.666198,16.674600,,0.000000,0.535700,
28,DImprovedSurface,600,16,4178,4177,4175,4177,4148,13092296542092,16.669897,16.674300,,0.479200,0.522600,
28,DImprovedSurface,600,16,4179,4178,4176,4178,4149,13092296708835,16.664201,16.649500,,0.511700,0.529400,
28,DImprovedSurface,600,16,4180,4179,4177,4179,4150,13092296875330,16.669905,16.660800,,0.470700,0.545200,
28,DImprovedSurface,600,16,4181,4180,4178,4180,4151,13092297041938,16.663995,16.681200,,0.518300,0.589000,
28,DImprovedSurface,600,16,4182,4181,4179,4181,4152,13092297208750,16.666703,16.664800,,0.604100,0.695000,
28,DImprovedSurface,600,16,4183,4182,4180,4182,4153,13092297375398,16.666703,16.677800,,0.000000,0.714500,
28,DImprovedSurface,600,16,4184,4183,4181,4183,4154,13092297542176,16.666900,16.658800,,0.624300,0.629600,
28,DImprovedSurface,600,16,4185,4184,4182,4184,4155,13092297708764,16.666397,16.668000,,0.659600,0.621100,
28,DImprovedSurface,600,16,4186,4185,4183,4185,4156,13092297875444,16.667100,16.666800,,0.638400,0.652000,
28,DImprovedSurface,600,16,4187,4186,4184,4186,4157,13092298042112,16.666802,16.666100,,0.773600,0.708000,
28,DImprovedSurface,600,16,4188,4187,4185,4187,4158,13092298208773,16.666595,16.664300,,0.589600,0.630900,
28,DImprovedSurface,600,16,4189,4188,4186,4188,4159,13092298375416,16.666802,16.668700,,0.000000,0.631200,
28,DImprovedSurface,600,16,4190,4189,4187,4189,4160,13092298542103,16.667305,16.662600,,0.479800,0.542500,
28,DImprovedSurface,600,16,4191,4190,4188,4190,4161,13092298708729,16.666496,16.683300,,0.681300,0.644700,
28,DImprovedSurface,600,16,4192,4191,4189,4191,4162,13092298875562,16.667403,16.650800,,0.681600,0.723700,
28,DImprovedSurface,600,16,4193,4192,4190,4192,4163,13092299042070,16.666794,16.674100,,0.835100,0.832100,
28,DImprovedSurface,600,16,4194,4193,4191,4193,4164,13092299208811,16.666602,16.661300,,1.006800,0.815400,
28,DImprovedSurface,600,16,4195,4194,4192,4194,4165,13092299375424,16.666703,16.676300,,0.000000,0.710100,
28,DImprovedSurface,600,16,4196,4195,4193,4195,4166,13092299542187,16.666802,16.774300,,0.600400,0.583200,
28,DImprovedSurface,600,16,4197,4196,4194,4196,4167,13092299709930,16.666695,16.549500,,0.549000,0.574700,
28,DImprovedSurface,600,16,4198,4197,4195,4197,4168,13092299875425,16.666703,16.666800,,0.506000,0.514600,
28,DImprovedSurface,600,16,4199,4198,4196,4198,4169,13092300042093,16.666703,16.666000,,0.500600,0.513600,
28,DImprovedSurface,600,16,4200,4199,4197,4199,4170,13092300208753,16.668800,16.666900,,0.486900,0.526000,
28,DImprovedSurface,600,16,4201,4200,4198,4200,4171,13092300375422,16.665002,16.665200,,0.000000,0.592300,
28,DImprovedSurface,600,16,4202,4201,4199,4201,4172,13092300542074,16.666299,16.663000,,0.453800,0.484700,
28,DImprovedSurface,600,16,4203,4202,4200,4202,4173,13092300708704,16.666999,16.685000,,0.554800,0.576100,
28,DImprovedSurface,600,16,4204,4203,4201,4203,4174,13092300875554,16.666802,16.648600,,0.522700,0.543700,
28,DImprovedSurface,600,16,4205,4204,4202,4204,4175,13092301042040,16.666794,16.669900,,0.677000,0.624100,
28,DImprovedSurface,600,16,4206,4205,4203,4205,4176,13092301208739,16.666999,16.667800,,0.662600,0.678300,
28,DImprovedSurface,600,16,4207,4206,4204,4206,4177,13092301375417,16.666107,16.712100,,0.000000,0.693500,
28,DImprovedSurface,600,16,4208,4207,4205,4207,4178,13092301542538,16.667100,16.618600,,0.447100,0.536800,
28,DImprovedSurface,600,16,4209,4208,4206,4208,4179,13092301708724,16.666198,16.674100,,0.444200,0.469100,
28,DImprovedSurface,600,16,4210,4209,4207,4209,4180,13092301875465,16.666703,16.653400,,0.462700,0.506600,
28,DImprovedSurface,600,16,4211,4210,4208,4210,4181,13092302041999,16.666999,16.669600,,0.475200,0.473400,
28,DImprovedSurface,600,16,4212,4211,4209,4211,4182,13092302208695,16.666999,16.681300,,0.459500,0.525700,
28,DImprovedSurface,600,16,4213,4212,4210,4212,4183,13092302375508,16.666999,16.643600,,0.000000,0.561000,
28,DImprovedSurface,600,16,4214,4213,4211,4213,4184,13092302541944,16.666695,16.675700,,0.459100,0.496300,
28,DImprovedSurface,600,16,4215,4214,4212,4214,4185,13092302708701,16.666405,16.670300,,0.461200,0.505600,
28,DImprovedSurface,600,16,4216,4215,4213,4215,4186,13092302875404,16.667297,16.664400,,0.444600,0.523500,
28,DImprovedSurface,600,16,4217,4216,4214,4216,4187,13092303042048,16.667403,16.667100,,0.481500,0.531900,
28,DImprovedSurface,600,16,4218,4217,4215,4217,4188,13092303208719,16.666198,16.661500,,0.538700,0.607400,
28,DImprovedSurface,600,16,4219,4218,4216,4218,4189,13092303375334,16.667297,16.675600,,0.000000,0.743200,
28,DImprovedSurface,600,16,4220,4219,4217,4219,4190,13092303542090,16.666504,16.672700,,0.751900,0.713200,
28,DImprovedSurface,600,16,4221,4220,4218,4220,4191,13092303708817,16.665895,16.667100,,0.585600,0.570700,
28,DImprovedSurface,600,16,4222,4221,4219,4221,4192,13092303875488,16.666999,16.698300,,0.534700,0.472500,
28,DImprovedSurface,600,16,4223,4222,4220,4222,4193,13092304042471,16.666602,16.629000,,0.454900,0.466100,
28,DImprovedSurface,600,16,4224,4223,4221,4223,4194,13092304208761,16.667800,16.656500,,0.439500,0.464600,
28,DImprovedSurface,600,16,4225,4224,4222,4224,4195,13092304375326,16.665597,16.667700,,0.000000,0.458500,
28,DImprovedSurface,600,16,4226,4225,4223,4225,4196,13092304542003,16.667603,16.664600,,0.527300,0.438400,
28,DImprovedSurface,600,16,4227,4226,4224,4226,4197,13092304708649,16.668998,16.665800,,0.503100,0.510500,
28,DImprovedSurface,600,16,4228,4227,4225,4227,4198,13092304875307,16.666802,16.665600,,0.415900,0.469200,
28,DImprovedSurface,600,16,4229,4228,4226,4228,4199,13092305041963,16.666703,16.687500,,0.466600,0.526300,
28,DImprovedSurface,600,16,4230,4229,4227,4229,4200,13092305208838,16.666703,16.650500,,0.367000,0.431000,
28,DImprovedSurface,600,16,4231,4230,4228,4230,4201,13092305375343,16.667100,16.670300,,0.000000,0.521800,
28,DImprovedSurface,600,16,4232,4231,4229,4231,4202,13092305542046,16.666900,16.663200,,0.357000,0.395400,
28,DImprovedSurface,600,16,4233,4232,4230,4232,4203,13092305708678,16.666198,16.672100,,0.347300,0.409500,
28,DImprovedSurface,600,16,4234,4233,4231,4233,4204,13092305875399,16.666900,16.661400,,0.490100,0.452300,
28,DImprovedSurface,600,16,4235,4234,4232,4234,4205,13092306042013,16.668495,16.672500,,0.505300,0.643100,
28,DImprovedSurface,600,16,4236,4235,4233,4235,4206,13092306208738,16.664406,16.665000,,0.428200,0.474800,
28,DImprovedSurface,600,16,4237,4236,4234,4236,4207,13092306375388,16.667899,16.678800,,0.000000,0.451200,
29,DImprovedSurface,1000,1,4269,4268,4266,4268,4238,13092312294780,16.667396,16.663300,,0.407400,0.441300,
29,DImprovedSurface,1000,1,4270,4269,4267,4269,4239,13092312461413,16.666099,16.665200,,0.388200,0.462600,
29,DImprovedSurface,1000,1,4271,4270,4268,4270,4240,13092312628065,16.665902,16.662300,,0.414000,0.475500,
29,DImprovedSurface,1000,1,4272,4271,4269,4271,4241,13092312794688,16.667403,16.674600,,0.000000,0.445200,
29,DImprovedSurface,1000,1,4273,4272,4270,4272,4242,13092312961434,16.666999,16.663200,,0.428500,0.444100,
29,DImprovedSurface,1000,1,4274,4273,4271,4273,4243,13092313128066,16.666198,16.660700,,0.420300,0.441900,
29,DImprovedSurface,1000,1,4275,4274,4272,4274,4244,13092313294673,16.667701,16.676400,,0.425900,0.458300,
29,DImprovedSurface,1000,1,4276,4275,4273,4275,4245,13092313461437,16.666695,16.659900,,0.380100,0.459800,
29,DImprovedSurface,1000,1,4277,4276,4274,4276,4246,13092313628036,16.665902,16.667100,,0.375500,0.466400,
29,DImprovedSurface,1000,1,4278,4277,4275,4277,4247,13092313794707,16.667403,16.668700,,0.000000,0.419400,
29,DImprovedSurface,1000,1,4279,4278,4276,4278,4248,13092313961394,16.666802,16.666600,,0.406900,0.383500,
29,DImprovedSurface,1000,1,4280,4279,4277,4279,4249,13092314128060,16.666695,16.662400,,0.414300,0.515100,
29,DImprovedSurface,1000,1,4281,4280,4278,4280,4250,13092314294684,16.666602,16.669000,,0.418800,0.482300,
29,DImprovedSurface,1000,1,4282,4281,4279,4281,4251,13092314461374,16.665498,16.669900,,0.645200,0.603500,
29,DImprovedSurface,1000,1,4283,4282,4280,4282,4252,13092314628073,16.668303,16.663500,,0.396200,0.437700,
29,DImprovedSurface,1000,1,4284,4283,4281,4283,4253,13092314794708,16.665399,16.682100,,0.000000,0.524600,
29,DImprovedSurface,1000,1,4285,4284,4282,4284,4254,13092314961529,16.667502,16.651200,,0.406500,0.416900,
29,DImprovedSurface,1000,1,4286,4285,4283,4285,4255,13092315128041,16.666198,16.669200,,0.441500,0.481200,
29,DImprovedSurface,1000,1,4287,4286,4284,4286,4256,13092315294733,16.667899,16.660900,,0.397100,0.433700,
29,DImprovedSurface,1000,1,4288,4287,4285,4287,4257,13092315461342,16.665902,16.671800,,0.413700,0.461700,
29,DImprovedSurface,1000,1,4289,4288,4286,4288,4258,13092315628060,16.666595,16.661900,,0.420800,0.466100,
29,DImprovedSurface,1000,1,4290,4289,4287,4289,4259,13092315794679,16.666198,16.673800,,0.000000,0.436700,
29,DImprovedSurface,1000,1,4291,4290,4288,4290,4260,13092315961417,16.666900,16.670900,,0.372300,0.437700,
29,DImprovedSurface,1000,1,4292,4291,4289,4291,4261,13092316128126,16.666405,16.656600,,0.374300,0.429500,
29,DImprovedSurface,1000,1,4293,4292,4290,4292,4262,13092316294692,16.667396,16.669700,,0.363800,0.433100,
29,DImprovedSurface,1000,1,4294,4293,4291,4293,4263,13092316461389,16.666802,16.663000,,0.385200,0.467800,
29,DImprovedSurface,1000,1,4295,4294,4292,4294,4264,13092316628019,16.667800,16.665500,,0.390800,0.434500,
29,DImprovedSurface,1000,1,4296,4295,4293,4295,4265,13092316794674,16.666900,16.680000,,0.000000,0.781300,
29,DImprovedSurface,1000,1,4297,4296,4294,4296,4266,13092316961474,16.666802,16.655000,,0.389400,0.440300,
29,DImprovedSurface,1000,1,4298,4297,4295,4297,4267,13092317128024,16.668297,16.688400,,0.425100,0.494200,
29,DImprovedSurface,1000,1,4299,4298,4296,4298,4268,13092317294908,16.665604,16.645700,,0.446700,0.514400,
29,DImprovedSurface,1000,1,4300,4299,4297,4299,4269,13092317461365,16.666999,16.671700,,0.506900,0.563100,
29,DImprovedSurface,1000,1,4301,4300,4298,4300,4270,13092317628082,16.666595,16.674400,,0.512000,0.593300,
29,DImprovedSurface,1000,1,4302,4301,4299,4301,4271,13092317794826,16.666504,16.852200,,0.000000,0.605300,
29,DImprovedSurface,1000,1,4303,4302,4300,4302,4272,13092317963348,16.667297,16.482100,,0.533200,0.579100,
29,DImprovedSurface,1000,1,4304,4303,4301,4303,4273,13092318128169,16.666504,16.667800,,0.675100,0.612300,
29,DImprovedSurface,1000,1,4305,4304,4302,4304,4274,13092318294847,16.667595,16.665700,,0.559500,0.682000,
29,DImprovedSurface,1000,1,4306,4305,4303,4305,4275,13092318461504,16.665902,16.677400,,0.538500,0.592100,
29,DImprovedSurface,1000,1,4307,4306,4304,4306,4276,13092318628278,16.666703,16.660100,,0.556600,0.582600,
29,DImprovedSurface,1000,1,4308,4307,4305,4307,4277,13092318794879,16.666595,16.664000,,0.000000,0.552600,
29,DImprovedSurface,1000,1,4309,4308,4306,4308,4278,13092318961519,16.666999,16.664900,,0.506200,0.685000,
29,DImprovedSurface,1000,1,4310,4309,4307,4309,4279,13092319128168,16.666602,16.666800,,0.485300,0.523500,
29,DImprovedSurface,1000,1,4311,4310,4308,4310,4280,13092319294836,16.667999,16.667300,,0.472100,0.525000,
29,DImprovedSurface,1000,1,4312,4311,4309,4311,4281,13092319461509,16.665399,16.662800,,0.470800,0.522500,
29,DImprovedSurface,1000,1,4313,4312,4310,4312,4282,13092319628137,16.667403,16.710900,,0.451800,0.504500,
29,DImprovedSurface,1000,1,4314,4313,4311,4313,4283,13092319795246,16.666397,16.625100,,0.000000,0.604800,
29,DImprovedSurface,1000,1,4315,4314,4312,4314,4284,13092319961497,16.668303,16.664100,,0.428800,0.484800,
29,DImprovedSurface,1000,1,4316,4315,4313,4315,4285,13092320128138,16.664201,16.669700,,0.439000,0.455500,
29,DImprovedSurface,1000,1,4317,4316,4314,4316,4286,13092320294835,16.667999,16.662300,,0.411500,0.432100,
29,DImprovedSurface,1000,1,4318,4317,4315,4317,4287,13092320461458,16.666595,16.682400,,0.426900,0.515200,
29,DImprovedSurface,1000,1,4319,4318,4316,4318,4288,13092320628282,16.666602,16.642700,,0.444100,0.484200,
29,DImprovedSurface,1000,1,4320,4319,4317,4319,4289,13092320794709,16.666802,16.683200,,0.000000,0.627200,
29,DImprovedSurface,1000,1,4321,4320,4318,4320,4290,13092320961541,16.666496,16.662700,,0.460000,0.560400,
29,DImprovedSurface,1000,1,4322,4321,4319,4321,4291,13092321128168,16.675701,16.666000,,0.520100,0.557700,
29,DImprovedSurface,1000,1,4323,4322,4320,4322,4292,13092321294828,16.666802,16.668000,,0.789100,0.840200,
29,DImprovedSurface,1000,1,4324,4323,4321,4323,4293,13092321461508,16.666703,16.670700,,0.650400,0.656700,
29,DImprovedSurface,1000,1,4325,4324,4322,4324,4294,13092321628215,16.668700,16.683500,,0.708800,0.667000,
29,DImprovedSurface,1000,1,4326,4325,4323,4325,4295,13092321795050,16.664598,16.657000,,0.000000,0.671000,
29,DImprovedSurface,1000,1,4327,4326,4324,4326,4296,13092321961620,16.666595,16.666500,,0.547000,0.548300,
29,DImprovedSurface,1000,1,4328,4327,4325,4327,4297,13092322128285,16.666802,16.710000,,0.532100,0.631000,
29,DImprovedSurface,1000,1,4329,4328,4326,4328,4298,13092322295385,16.666900,16.620600,,0.600100,0.567000,
29,DImprovedSurface,1000,1,4330,4329,4327,4329,4299,13092322461591,16.669104,16.664100,,0.506400,0.597800,
29,DImprovedSurface,1000,1,4331,4330,4328,4330,4300,13092322628232,16.693396,16.667700,,0.528200,0.528100,
29,DImprovedSurface,1000,1,4332,4331,4329,4331,4301,13092322794909,16.666900,16.667400,,0.000000,0.576500,
29,DImprovedSurface,1000,1,4333,4332,4330,4332,4302,13092322961583,16.666703,16.670400,,0.489200,0.586500,
29,DImprovedSurface,1000,1,4334,4333,4331,4333,4303,13092323128287,16.666802,16.695700,,0.482400,0.530200,
29,DImprovedSurface,1000,1,4335,4334,4332,4334,4304,13092323295244,16.666695,16.665400,,0.490300,0.611300,
29,DImprovedSurface,1000,1,4336,4335,4333,4335,4305,13092323461898,16.666703,16.665900,,0.510400,0.717700,
29,DImprovedSurface,1000,1,4337,4336,4334,4336,4306,13092323628557,16.666703,16.667500,,0.495200,0.529500,
29,DImprovedSurface,1000,1,4338,4337,4335,4337,4307,13092323795232,16.666999,16.669400,,0.000000,0.546000,
29,DImprovedSurface,1000,1,4339,4338,4336,4338,4308,13092323961926,16.666299,16.668100,,0.475500,0.514100,
29,DImprovedSurface,1000,1,4340,4339,4337,4339,4309,13092324128607,16.666999,16.660900,,0.473900,0.511400,
29,DImprovedSurface,1000,1,4341,4340,4338,4340,4310,13092324295216,16.666703,16.669500,,0.487400,0.531800,
29,DImprovedSurface,1000,1,4342,4341,4339,4341,4311,13092324461911,16.666496,16.709200,,0.508500,0.520700,
29,DImprovedSurface,1000,1,4343,4342,4340,4342,4312,13092324629003,16.667999,16.622600,,0.503700,0.545100,
29,DImprovedSurface,1000,1,4344,4343,4341,4343,4313,13092324795229,16.666504,16.668100,,0.000000,0.753500,
29,DImprovedSurface,1000,1,4345,4344,4342,4344,4314,13092324961910,16.666602,16.664200,,0.598700,0.605400,
29,DImprovedSurface,1000,1,4346,4345,4343,4345,4315,13092325128552,16.667100,16.683400,,0.549200,0.578000,
29,DImprovedSurface,1000,1,4347,4346,4344,4346,4316,13092325295386,16.666299,16.653300,,0.527900,0.571800,
29,DImprovedSurface,1000,1,4348,4347,4345,4347,4317,13092325461919,16.666703,16.662000,,0.491100,0.574500,
29,DImprovedSurface,1000,1,4349,4348,4346,4348,4318,13092325628539,16.666695,16.667700,,0.554200,0.584200,
29,DImprovedSurface,1000,1,4350,4349,4347,4349,4319,13092325795216,16.666999,16.668400,,0.000000,0.531100,
29,DImprovedSurface,1000,1,4351,4350,4348,4350,4320,13092325961900,16.667105,16.702500,,0.476800,0.585700,
29,DImprovedSurface,1000,1,4352,4351,4349,4351,4321,13092326128925,16.666299,16.630100,,0.513500,0.509500,
29,DImprovedSurface,1000,1,4353,4352,4350,4352,4322,13092326295226,16.666802,16.665500,,0.483200,0.518200,
29,DImprovedSurface,1000,1,4354,4353,4351,4353,4323,13092326461881,16.667899,16.733300,,0.492500,0.552000,
29,DImprovedSurface,1000,1,4355,4354,4352,4354,4324,13092326629214,16.665597,16.599500,,0.507400,0.483500,
29,DImprovedSurface,1000,1,4356,4355,4353,4355,4325,13092326795209,16.666602,16.669300,,0.000000,0.496600,
29,DImprovedSurface,1000,1,4357,4356,4354,4356,4326,13092326961902,16.666695,16.672700,,0.415200,0.435500,
29,DImprovedSurface,1000,1,4358,4357,4355,4357,4327,13092327128629,16.666802,16.657500,,0.411700,0.474600,
29,DImprovedSurface,1000,1,4359,4358,4356,4358,4328,13092327295204,16.666900,16.661900,,0.447100,0.500700,
29,DImprovedSurface,1000,1,4360,4359,4357,4359,4329,13092327461823,16.666703,16.671100,,0.456900,0.485600,
29,DImprovedSurface,1000,1,4361,4360,4358,4360,4330,13092327628534,16.666595,16.667800,,0.482600,0.572800,
29,DImprovedSurface,1000,1,4362,4361,4359,4361,4331,13092327795212,16.667105,16.665700,,0.000000,0.535400,
29,DImprovedSurface,1000,1,4363,4362,4360,4362,4332,13092327961869,16.666595,16.698500,,0.488400,0.636600,
29,DImprovedSurface,1000,1,4364,4363,4361,4363,4333,13092328128854,16.666900,16.640400,,0.474500,0.525800,
29,DImprovedSurface,1000,1,4365,4364,4362,4364,4334,13092328295258,16.666802,16.669800,,0.483300,0.492900,
29,DImprovedSurface,1000,1,4366,4365,4363,4365,4335,13092328461956,16.666602,16.661100,,0.467600,0.485600,
29,DImprovedSurface,1000,1,4367,4366,4364,4366,4336,13092328628567,16.666794,16.703100,,0.471600,0.528400,
29,DImprovedSurface,1000,1,4368,4367,4365,4367,4337,13092328795598,16.666504,16.628300,,0.000000,0.591800,
29,DImprovedSurface,1000,1,4369,4368,4366,4368,4338,13092328961881,16.667396,16.666800,,0.506500,0.544500,
29,DImprovedSurface,1000,1,4370,4369,4367,4369,4339,13092329128549,16.666001,16.675600,,0.441900,0.481700,
29,DImprovedSurface,1000,1,4371,4370,4368,4370,4340,13092329295305,16.667100,16.663200,,0.405300,0.445200,
29,DImprovedSurface,1000,1,4372,4371,4369,4371,4341,13092329461937,16.666900,16.659000,,0.401900,0.455100,
29,DImprovedSurface,1000,1,4373,4372,4370,4372,4342,13092329628527,16.683305,16.665800,,0.388400,0.462000,
29,DImprovedSurface,1000,1,4374,4373,4371,4373,4343,13092329795185,16.667595,16.679400,,0.000000,0.427700,
29,DImprovedSurface,1000,1,4375,4374,4372,4374,4344,13092329961979,16.666099,16.654800,,0.411200,0.458700,
29,DImprovedSurface,1000,1,4376,4375,4373,4375,4345,13092330128527,16.666602,16.681500,,0.409700,0.451700,
29,DImprovedSurface,1000,1,4377,4376,4374,4376,4346,13092330295342,16.668098,16.666500,,0.462500,0.526700,
29,DImprovedSurface,1000,1,4378,4377,4375,4377,4347,13092330462007,16.665801,16.665100,,0.538200,0.470100,
29,DImprovedSurface,1000,1,4379,4378,4376,4378,4348,13092330628658,16.667999,16.678400,,0.388000,0.408400,
29,DImprovedSurface,1000,1,4380,4379,4377,4379,4349,13092330795442,16.665101,16.932400,,0.000000,0.533500,
29,DImprovedSurface,1000,1,4381,4380,4378,4380,4350,13092330964766,16.666602,16.389800,,0.374300,0.440700,
29,DImprovedSurface,1000,1,4382,4381,4379,4381,4351,13092331128664,16.667496,16.684500,,0.341700,0.408300,
29,DImprovedSurface,1000,1,4383,4382,4380,4382,4352,13092331295509,16.667502,16.646700,,0.437300,0.469100,
29,DImprovedSurface,1000,1,4384,4383,4381,4383,4353,13092331461976,16.666299,16.665400,,0.463900,0.575900,
29,DImprovedSurface,1000,1,4385,4384,4382,4384,4354,13092331628630,16.666198,16.679200,,0.407400,0.472800,
29,DImprovedSurface,1000,1,4386,4385,4383,4385,4355,13092331795422,16.666802,16.675000,,0.000000,0.463300,
29,DImprovedSurface,1000,1,4387,4386,4384,4386,4356,13092331962172,16.666900,16.654600,,0.435100,0.439000,
29,DImprovedSurface,1000,1,4388,4387,4385,4387,4357,13092332128718,16.667396,16.677900,,0.374300,0.380900,
30,DImprovedSurface,1000,4,4420,4419,4417,4419,4388,13092338016769,16.666900,16.676800,,0.409600,0.455800,
30,DImprovedSurface,1000,4,4421,4420,4418,4420,4389,13092338183537,16.666595,16.664000,,0.000000,0.466000,
30,DImprovedSurface,1000,4,4422,4421,4419,4421,4390,13092338350177,16.667206,16.663400,,0.428000,0.522700,
30,DImprovedSurface,1000,4,4423,4422,4420,4422,4391,13092338516811,16.665695,16.666200,,0.459300,0.504800,
30,DImprovedSurface,1000,4,4424,4423,4421,4423,4392,13092338683473,16.667701,16.674100,,0.404100,0.446500,
30,DImprovedSurface,1000,4,4425,4424,4422,4424,4393,13092338850214,16.666703,16.665900,,0.423300,0.448000,
30,DImprovedSurface,1000,4,4426,4425,4423,4425,4394,13092339016873,16.666900,16.660100,,0.414300,0.518900,
30,DImprovedSurface,1000,4,4427,4426,4424,4426,4395,13092339183474,16.666695,16.665000,,0.000000,0.606100,
30,DImprovedSurface,1000,4,4428,4427,4425,4427,4396,13092339350124,16.666504,16.674100,,0.558100,0.472300,
30,DImprovedSurface,1000,4,4429,4428,4426,4428,4397,13092339516865,16.666397,16.667200,,0.417500,0.462000,
30,DImprovedSurface,1000,4,4430,4429,4427,4429,4398,13092339683537,16.666602,16.711200,,0.406100,0.497800,
30,DImprovedSurface,1000,4,4431,4430,4428,4430,4399,13092339850649,16.667297,16.616000,,0.479700,0.606000,
30,DImprovedSurface,1000,4,4432,4431,4429,4431,4400,13092340016809,16.666405,16.666500,,0.417200,0.459400,
30,DImprovedSurface,1000,4,4433,4432,4430,4432,4401,13092340183474,16.667396,16.674100,,0.000000,0.448600,
30,DImprovedSurface,1000,4,4434,4433,4431,4433,4402,13092340350215,16.666299,16.658600,,0.470200,0.578100,
30,DImprovedSurface,1000,4,4435,4434,4432,4434,4403,13092340516801,16.666504,16.666100,,0.406400,0.472400,
30,DImprovedSurface,1000,4,4436,4435,4433,4435,4404,13092340683462,16.667100,16.679900,,0.494500,0.496400,
30,DImprovedSurface,1000,4,4437,4436,4434,4436,4405,13092340850261,16.666496,16.654700,,0.411000,0.478900,
30,DImprovedSurface,1000,4,4438,4437,4435,4437,4406,13092341016808,16.666306,16.674100,,0.459500,0.504700,
30,DImprovedSurface,1000,4,4439,4438,4436,4438,4407,13092341183549,16.666900,16.662700,,0.000000,0.496300,
30,DImprovedSurface,1000,4,4440,4439,4437,4439,4408,13092341350176,16.666999,16.671400,,0.432500,0.462800,
30,DImprovedSurface,1000,4,4441,4440,4438,4440,4409,13092341516890,16.666900,16.657000,,0.420700,0.599000,
30,DImprovedSurface,1000,4,4442,4441,4439,4441,4410,13092341683460,16.666595,16.664800,,0.554400,0.515200,
30,DImprovedSurface,1000,4,4443,4442,4440,4442,4411,13092341850108,16.666504,16.671500,,0.430000,0.504900,
30,DImprovedSurface,1000,4,4444,4443,4441,4443,4412,13092342016823,16.666496,16.683900,,0.404400,0.447400,
30,DImprovedSurface,1000,4,4445,4444,4442,4444,4413,13092342183662,16.667100,16.656000,,0.000000,0.404400,
30,DImprovedSurface,1000,4,4446,4445,4443,4445,4414,13092342350222,16.666001,16.658200,,0.409600,0.505500,
30,DImprovedSurface,1000,4,4447,4446,4444,4446,4415,13092342516804,16.668404,16.665900,,0.412900,0.453000,
30,DImprovedSurface,1000,4,4448,4447,4445,4447,4416,13092342683463,16.891496,16.668300,,0.476500,0.721700,
30,DImprovedSurface,1000,4,4449,4448,4446,4448,4417,13092342850146,16.666306,16.675700,,0.486200,0.532300,
30,DImprovedSurface,1000,4,4450,4449,4447,4449,4418,13092343016903,16.666397,16.670800,,0.456300,0.490000,
30,DImprovedSurface,1000,4,4451,4450,4448,4450,4419,13092343183611,16.668197,16.900100,,0.000000,0.596000,
30,DImprovedSurface,1000,4,4452,4451,4449,4451,4420,13092343352612,16.665505,16.656100,,0.503300,0.517100,
30,DImprovedSurface,1000,4,4453,4452,4450,4452,4421,13092343519173,16.666802,16.730600,,0.534200,0.526800,
30,DImprovedSurface,1000,4,4454,4453,4451,4453,4422,13092343686479,16.667100,16.602000,,0.612000,0.660300,
30,DImprovedSurface,1000,4,4455,4454,4452,4454,4423,13092343852499,16.666794,16.665500,,0.501500,0.682900,
30,DImprovedSurface,1000,4,4456,4455,4453,4455,4424,13092344019154,16.666107,16.667200,,0.532400,0.758200,
30,DImprovedSurface,1000,4,4457,4456,4454,4456,4425,13092344185826,16.667396,16.670400,,0.000000,0.581200,
30,DImprovedSurface,1000,4,4458,4457,4455,4457,4426,13092344352530,16.666999,16.674000,,0.547600,0.578500,
30,DImprovedSurface,1000,4,4459,4458,4456,4458,4427,13092344519270,16.666099,16.654900,,0.671900,0.760500,
30,DImprovedSurface,1000,4,4460,4459,4457,4459,4428,13092344685819,16.666900,16.668300,,0.568300,0.654600,
30,DImprovedSurface,1000,4,4461,4460,4458,4460,4429,13092344852502,16.667100,16.672600,,0.510100,0.540400,
30,DImprovedSurface,1000,4,4462,4461,4459,4461,4430,13092345019228,16.667198,16.661600,,0.518600,0.585800,
30,DImprovedSurface,1000,4,4463,4462,4460,4462,4431,13092345185844,16.666206,16.663900,,0.000000,0.606500,
30,DImprovedSurface,1000,4,4464,4463,4461,4463,4432,13092345352483,16.666496,16.668300,,0.528600,0.493400,
30,DImprovedSurface,1000,4,4465,4464,4462,4464,4433,13092345519166,16.666504,16.668500,,0.419800,0.476200,
30,DImprovedSurface,1000,4,4466,4465,4463,4465,4434,13092345685851,16.666496,16.668500,,0.407100,0.444300,
30,DImprovedSurface,1000,4,4467,4466,4464,4466,4435,13092345852536,16.666802,16.654800,,0.419400,0.516000,
30,DImprovedSurface,1000,4,4468,4467,4465,4467,4436,13092346019084,16.667297,16.665200,,0.422400,0.497300,
30,DImprovedSurface,1000,4,4469,4468,4466,4468,4437,13092346185736,16.666504,16.669900,,0.000000,0.555000,
30,DImprovedSurface,1000,4,4470,4469,4467,4469,4438,13092346352435,16.666794,16.664100,,0.536000,0.532400,
30,DImprovedSurface,1000,4,4471,4470,4468,4470,4439,13092346519076,16.667007,16.671300,,0.457700,0.513400,
30,DImprovedSurface,1000,4,4472,4471,4469,4471,4440,13092346685789,16.666496,16.673300,,0.473900,0.583900,
30,DImprovedSurface,1000,4,4473,4472,4470,4472,4441,13092346852522,16.666900,16.688100,,0.493100,0.531900,
30,DImprovedSurface,1000,4,4474,4473,4471,4473,4442,13092347019403,16.667100,16.642500,,0.662300,0.713600,
30,DImprovedSurface,1000,4,4475,4474,4472,4474,4443,13092347185828,16.666299,16.674700,,0.000000,0.684300,
30,DImprovedSurface,1000,4,4476,4475,4473,4475,4444,13092347352575,16.666900,16.665400,,0.613800,0.616200,
30,DImprovedSurface,1000,4,4477,4476,4474,4476,4445,13092347519229,16.667800,16.668200,,0.565800,0.606900,
30,DImprovedSurface,1000,4,4478,4477,4475,4477,4446,13092347685911,16.665902,16.658000,,0.535200,0.616600,
30,DImprovedSurface,1000,4,4479,4478,4476,4478,4447,13092347852491,16.666602,16.669400,,0.506600,0.524000,
30,DImprovedSurface,1000,4,4480,4479,4477,4479,4448,13092348019185,16.667297,16.665900,,0.517800,0.529700,
30,DImprovedSurface,1000,4,4481,4480,4478,4480,4449,13092348185844,16.666496,16.665300,,0.000000,0.579900,
30,DImprovedSurface,1000,4,4482,4481,4479,4481,4450,13092348352497,16.666703,16.669300,,0.492300,0.678800,
30,DImprovedSurface,1000,4,4483,4482,4480,4482,4451,13092348519190,16.666999,16.667500,,0.525500,0.552600,
30,DImprovedSurface,1000,4,4484,4483,4481,4483,4452,13092348685865,16.666703,16.665000,,0.513500,0.653400,
30,DImprovedSurface,1000,4,4485,4484,4482,4484,4453,13092348852515,16.666299,16.669600,,0.480900,0.503400,
30,DImprovedSurface,1000,4,4486,4485,4483,4485,4454,13092349019211,16.667305,16.671500,,0.511000,0.571300,
30,DImprovedSurface,1000,4,4487,4486,4484,4486,4455,13092349185926,16.666794,16.661200,,0.000000,0.566800,
30,DImprovedSurface,1000,4,4488,4487,4485,4487,4456,13092349352538,16.666306,16.662200,,0.489800,0.524000,
30,DImprovedSurface,1000,4,4489,4488,4486,4488,4457,13092349519160,16.666794,16.671400,,0.501400,0.645500,
30,DImprovedSurface,1000,4,4490,4489,4487,4489,4458,13092349685874,16.667305,16.665300,,0.503700,0.551800,
30,DImprovedSurface,1000,4,4491,4490,4488,4490,4459,13092349852527,16.666496,16.665700,,0.506000,0.533200,
30,DImprovedSurface,1000,4,4492,4491,4489,4491,4460,13092350019184,16.666602,16.668100,,0.500500,0.574900,
30,DImprovedSurface,1000,4,4493,4492,4490,4492,4461,13092350185865,16.666703,16.668400,,0.000000,0.565500,
30,DImprovedSurface,1000,4,4494,4493,4491,4493,4462,13092350352549,16.667396,16.666300,,0.499800,0.560800,
30,DImprovedSurface,1000,4,4495,4494,4492,4494,4463,13092350519212,16.666198,16.668400,,0.730900,0.834400,
30,DImprovedSurface,1000,4,4496,4495,4493,4495,4464,13092350685896,16.666602,16.676200,,0.691900,0.994300,
30,DImprovedSurface,1000,4,4497,4496,4494,4496,4465,13092350852658,16.700396,16.658600,,0.633100,0.574400,
30,DImprovedSurface,1000,4,4498,4497,4495,4497,4466,13092351019244,16.667999,16.672100,,0.539700,0.554700,
30,DImprovedSurface,1000,4,4499,4498,4496,4498,4467,13092351185965,16.667701,16.706400,,0.000000,0.571400,
30,DImprovedSurface,1000,4,4500,4499,4497,4499,4468,13092351353029,16.667100,16.645900,,0.537700,0.506800,
30,DImprovedSurface,1000,4,4501,4500,4498,4500,4469,13092351519488,16.666099,16.671200,,0.462500,0.498100,
30,DImprovedSurface,1000,4,4502,4501,4499,4501,4470,13092351686200,16.666900,16.666200,,0.466700,0.546100,
30,DImprovedSurface,1000,4,4503,4502,4500,4502,4471,13092351852862,16.666900,16.666600,,0.475900,0.548200,
30,DImprovedSurface,1000,4,4504,4503,4501,4503,4472,13092352019528,16.666703,16.666600,,0.528500,0.541400,
30,DImprovedSurface,1000,4,4505,4504,4502,4504,4473,13092352186194,16.666900,16.670400,,0.000000,0.592900,
30,DImprovedSurface,1000,4,4506,4505,4503,4505,4474,13092352352898,16.666198,16.667500,,0.525300,0.611500,
30,DImprovedSurface,1000,4,4507,4506,4504,4506,4475,13092352519573,16.666900,16.665200,,0.461100,0.538600,
30,DImprovedSurface,1000,4,4508,4507,4505,4507,4476,13092352686225,16.666602,16.666400,,0.486400,0.530300,
30,DImprovedSurface,1000,4,4509,4508,4506,4508,4477,13092352852889,16.666695,16.663200,,0.437600,0.600700,
30,DImprovedSurface,1000,4,4510,4509,4507,4509,4478,13092353019521,16.666999,16.669500,,0.437600,0.513800,
30,DImprovedSurface,1000,4,4511,4510,4508,4510,4479,13092353186216,16.667100,16.664900,,0.000000,0.583100,
30,DImprovedSurface,1000,4,4512,4511,4509,4511,4480,13092353352865,16.666001,16.664400,,0.597800,0.528100,
30,DImprovedSurface,1000,4,4513,4512,4510,4512,4481,13092353519509,16.667603,16.673400,,0.454100,0.496800,
30,DImprovedSurface,1000,4,4514,4513,4511,4513,4482,13092353686243,16.666504,16.673800,,0.516200,0.534200,
30,DImprovedSurface,1000,4,4515,4514,4512,4514,4483,13092353852981,16.666695,16.653300,,0.479800,0.502600,
30,DImprovedSurface,1000,4,4516,4515,4513,4515,4484,13092354019514,16.667100,16.677900,,0.485900,0.512700,
30,DImprovedSurface,1000,4,4517,4516,4514,4516,4485,13092354186293,16.666802,16.656800,,0.000000,0.522100,
30,DImprovedSurface,1000,4,4518,4517,4515,4517,4486,13092354352861,16.666198,16.670600,,0.468000,0.600000,
30,DImprovedSurface,1000,4,4519,4518,4516,4518,4487,13092354519567,16.666900,16.665900,,0.465800,0.554900,
30,DImprovedSurface,1000,4,4520,4519,4517,4519,4488,13092354686226,16.666703,16.663100,,0.490000,0.614200,
30,DImprovedSurface,1000,4,4521,4520,4518,4520,4489,13092354852857,16.667502,16.672800,,0.518400,0.576600,
30,DImprovedSurface,1000,4,4522,4521,4519,4521,4490,13092355019585,16.665399,16.674200,,0.491100,0.552600,
30,DImprovedSurface,1000,4,4523,4522,4520,4522,4491,13092355186327,16.667396,16.676800,,0.000000,0.482300,
30,DImprovedSurface,1000,4,4524,4523,4521,4523,4492,13092355353095,16.666206,16.645800,,0.409000,0.460900,
30,DImprovedSurface,1000,4,4525,4524,4522,4524,4493,13092355519553,16.666999,16.672000,,0.411100,0.432200,
30,DImprovedSurface,1000,4,4526,4525,4523,4525,4494,13092355686273,16.666595,16.655700,,0.467200,0.599500,
30,DImprovedSurface,1000,4,4527,4526,4524,4526,4495,13092355852830,16.666900,16.664900,,0.562700,0.554700,
30,DImprovedSurface,1000,4,4528,4527,4525,4527,4496,13092356019479,16.667297,16.873400,,0.404200,0.617200,
30,DImprovedSurface,1000,4,4529,4528,4526,4528,4497,13092356188213,16.666504,16.465700,,0.000000,0.539800,
30,DImprovedSurface,1000,4,4530,4529,4527,4529,4498,13092356352870,16.666602,16.665500,,0.447500,0.627000,
30,DImprovedSurface,1000,4,4531,4530,4528,4530,4499,13092356519525,16.666794,16.674300,,0.448600,0.503600,
30,DImprovedSurface,1000,4,4532,4531,4529,4531,4500,13092356686268,16.666602,16.665700,,0.528500,0.604500,
30,DImprovedSurface,1000,4,4533,4532,4530,4532,4501,13092356852925,16.666802,16.662300,,0.530200,0.589100,
30,DImprovedSurface,1000,4,4534,4533,4531,4533,4502,13092357019548,16.666999,16.674500,,0.582700,0.676600,
30,DImprovedSurface,1000,4,4535,4534,4532,4534,4503,13092357186293,16.666802,16.676300,,0.000000,0.634400,
30,DImprovedSurface,1000,4,4536,4535,4533,4535,4504,13092357353056,16.666595,16.666500,,0.510300,0.550200,
30,DImprovedSurface,1000,4,4537,4536,4534,4536,4505,13092357519721,16.667899,16.651800,,0.553000,0.857200,
30,DImprovedSurface,1000,4,4538,4537,4535,4537,4506,13092357686239,16.665703,16.670100,,0.649100,0.608400,
30,DImprovedSurface,1000,4,4539,4538,4536,4538,4507,13092357852940,16.669402,16.667400,,0.490300,0.670100,
31,DImprovedSurface,1000,8,4571,4570,4568,4570,4538,13092364011256,16.667496,16.672900,,0.485500,0.562600,
31,DImprovedSurface,1000,8,4572,4571,4569,4571,4539,13092364177985,16.666999,16.666700,,0.000000,0.571300,
31,DImprovedSurface,1000,8,4573,4572,4570,4572,4540,13092364344652,16.666504,16.661000,,0.438300,0.511500,
31,DImprovedSurface,1000,8,4574,4573,4571,4573,4541,13092364511262,16.666802,16.668700,,0.444200,0.563700,
31,DImprovedSurface,1000,8,4575,4574,4572,4574,4542,13092364677949,16.667100,16.665300,,0.469900,0.631800,
31,DImprovedSurface,1000,8,4576,4575,4573,4575,4543,13092364844602,16.666099,16.664900,,0.535700,0.576900,
31,DImprovedSurface,1000,8,4577,4576,4574,4576,4544,13092365011251,16.666802,16.673500,,0.509500,0.567700,
31,DImprovedSurface,1000,8,4578,4577,4575,4577,4545,13092365177986,16.667100,16.668400,,0.000000,0.554300,
31,DImprovedSurface,1000,8,4579,4578,4576,4578,4546,13092365344670,16.666703,16.660100,,0.529500,0.492700,
31,DImprovedSurface,1000,8,4580,4579,4577,4579,4547,13092365511271,16.666794,16.667700,,0.519000,0.601100,
31,DImprovedSurface,1000,8,4581,4580,4578,4580,4548,13092365677948,16.666802,16.672900,,0.557200,0.768800,
31,DImprovedSurface,1000,8,4582,4581,4579,4581,4549,13092365844677,16.666802,16.667200,,0.528000,0.801300,
31,DImprovedSurface,1000,8,4583,4582,4580,4582,4550,13092366011349,16.666999,16.666600,,0.582000,0.582700,
31,DImprovedSurface,1000,8,4584,4583,4581,4583,4551,13092366178015,16.666504,16.664900,,0.000000,0.865800,
31,DImprovedSurface,1000,8,4585,4584,4582,4584,4552,13092366344664,16.666794,16.669100,,0.501700,0.571400,
31,DImprovedSurface,1000,8,4586,4585,4583,4585,4553,13092366511355,16.666602,16.666300,,0.534400,0.621800,
31,DImprovedSurface,1000,8,4587,4586,4584,4586,4554,13092366678018,16.667100,16.666400,,0.507900,0.575900,
31,DImprovedSurface,1000,8,4588,4587,4585,4587,4555,13092366844682,16.666602,16.666900,,0.473900,0.572000,
31,DImprovedSurface,1000,8,4589,4588,4586,4588,4556,13092367011351,16.666900,16.662900,,0.489500,0.533300,
31,DImprovedSurface,1000,8,4590,4589,4587,4589,4557,13092367177980,16.667496,16.664100,,0.000000,0.513700,
31,DImprovedSurface,1000,8,4591,4590,4588,4590,4558,13092367344621,16.666198,16.667200,,0.460000,0.477300,
31,DImprovedSurface,1000,8,4592,4591,4589,4591,4559,13092367511293,16.666703,16.671600,,0.466900,0.515500,
31,DImprovedSurface,1000,8,4593,4592,4590,4592,4560,13092367678009,16.666999,16.659800,,0.454700,0.528100,
31,DImprovedSurface,1000,8,4594,4593,4591,4593,4561,13092367844607,16.666099,16.670100,,0.453700,0.632500,
31,DImprovedSurface,1000,8,4595,4594,4592,4594,4562,13092368011308,16.667100,16.665700,,0.496300,0.520700,
31,DImprovedSurface,1000,8,4596,4595,4593,4595,4563,13092368177965,16.667403,16.667900,,0.000000,0.540800,
31,DImprovedSurface,1000,8,4597,4596,4594,4596,4564,13092368344644,16.666397,16.664600,,0.532300,0.560600,
31,DImprovedSurface,1000,8,4598,4597,4595,4597,4565,13092368511290,16.667198,16.675600,,0.521900,0.609400,
31,DImprovedSurface,1000,8,4599,4598,4596,4598,4566,13092368678046,16.667007,16.663200,,0.594200,0.614300,
31,DImprovedSurface,1000,8,4600,4599,4597,4599,4567,13092368844678,16.666695,16.669600,,0.990900,0.975500,
31,DImprovedSurface,1000,8,4601,4600,4598,4600,4568,13092369011374,16.669601,16.674700,,0.722800,0.778300,
31,DImprovedSurface,1000,8,4602,4601,4599,4601,4569,13092369178121,16.666703,16.674800,,0.000000,0.797900,
31,DImprovedSurface,1000,8,4603,4602,4600,4602,4570,13092369344869,16.666595,16.658300,,0.722800,0.828200,
31,DImprovedSurface,1000,8,4604,4603,4601,4603,4571,13092369511452,16.667007,16.670500,,0.951600,0.765800,
31,DImprovedSurface,1000,8,4605,4604,4602,4604,4572,13092369678157,16.666893,16.666100,,0.733000,0.908100,
31,DImprovedSurface,1000,8,4606,4605,4603,4605,4573,13092369844818,16.666602,16.673200,,0.726200,0.781000,
31,DImprovedSurface,1000,8,4607,4606,4604,4606,4574,13092370011550,16.667403,16.660100,,0.765700,0.776100,
31,DImprovedSurface,1000,8,4608,4607,4605,4607,4575,13092370178151,16.666397,16.668900,,0.000000,0.756700,
31,DImprovedSurface,1000,8,4609,4608,4606,4608,4576,13092370344840,16.666397,16.667600,,0.646500,0.914300,
31,DImprovedSurface,1000,8,4610,4609,4607,4609,4577,13092370511516,16.667305,16.665400,,0.734800,0.862200,
31,DImprovedSurface,1000,8,4611,4610,4608,4610,4578,13092370678170,16.666595,16.668500,,0.853300,0.779300,
31,DImprovedSurface,1000,8,4612,4611,4609,4611,4579,13092370844855,16.666802,16.661900,,0.675200,0.895500,
31,DImprovedSurface,1000,8,4613,4612,4610,4612,4580,13092371011474,16.666602,16.667800,,0.731000,0.818300,
31,DImprovedSurface,1000,8,4614,4613,4611,4613,4581,13092371178152,16.666999,16.666900,,0.000000,0.738900,
31,DImprovedSurface,1000,8,4615,4614,4612,4614,4582,13092371344821,16.715497,16.670600,,0.633200,0.623000,
31,DImprovedSurface,1000,8,4616,4615,4613,4615,4583,13092371511527,16.666504,16.664800,,0.738600,0.728800,
31,DImprovedSurface,1000,8,4617,4616,4614,4616,4584,13092371678175,16.667793,16.661200,,0.655200,0.706800,
31,DImprovedSurface,1000,8,4618,4617,4615,4617,4585,13092371844787,16.666099,16.719300,,0.642600,0.769900,
31,DImprovedSurface,1000,8,4619,4618,4616,4618,4586,13092372011980,16.666504,16.664200,,0.581300,0.656500,
31,DImprovedSurface,1000,8,4620,4619,4617,4619,4587,13092372178622,16.666802,16.666400,,0.000000,0.584200,
31,DImprovedSurface,1000,8,4621,4620,4618,4620,4588,13092372345286,16.667396,16.659300,,0.571500,0.547500,
31,DImprovedSurface,1000,8,4622,4621,4619,4621,4589,13092372511879,16.666405,16.667900,,0.528800,0.805500,
31,DImprovedSurface,1000,8,4623,4622,4620,4622,4590,13092372678558,16.666397,16.670100,,0.491300,0.502200,
31,DImprovedSurface,1000,8,4624,4623,4621,4623,4591,13092372845259,16.667198,16.666100,,0.491800,0.554700,
31,DImprovedSurface,1000,8,4625,4624,4622,4624,4592,13092373011920,16.666900,16.671500,,0.492600,0.559600,
31,DImprovedSurface,1000,8,4626,4625,4623,4625,4593,13092373178635,16.666602,16.657500,,0.000000,0.661000,
31,DImprovedSurface,1000,8,4627,4626,4624,4626,4594,13092373345210,16.670195,16.673600,,0.619600,0.642700,
31,DImprovedSurface,1000,8,4628,4627,4625,4627,4595,13092373511946,16.667105,16.664300,,0.570000,0.565200,
31,DImprovedSurface,1000,8,4629,4628,4626,4628,4596,13092373678589,16.667100,16.669100,,0.605800,0.594900,
31,DImprovedSurface,1000,8,4630,4629,4627,4629,4597,13092373845280,16.666802,16.671700,,0.999700,0.975400,
31,DImprovedSurface,1000,8,4631,4630,4628,4630,4598,13092374011997,16.666695,16.667700,,0.788300,0.837100,
31,DImprovedSurface,1000,8,4632,4631,4629,4631,4599,13092374178674,16.666001,16.677700,,0.000000,0.904300,
31,DImprovedSurface,1000,8,4633,4632,4630,4632,4600,13092374345451,16.667502,16.662400,,0.714000,0.724100,
31,DImprovedSurface,1000,8,4634,4633,4631,4633,4601,13092374512075,16.667100,16.663700,,0.651800,0.739700,
31,DImprovedSurface,1000,8,4635,4634,4632,4634,4602,13092374678712,16.666397,16.657400,,0.639900,0.697300,
31,DImprovedSurface,1000,8,4636,4635,4633,4635,4603,13092374845286,16.666900,16.677000,,0.652200,0.757100,
31,DImprovedSurface,1000,8,4637,4636,4634,4636,4604,13092375012056,16.667502,16.665700,,0.657400,0.876200,
31,DImprovedSurface,1000,8,4638,4637,4635,4637,4605,13092375178713,16.666099,16.668600,,0.000000,0.932300,
31,DImprovedSurface,1000,8,4639,4638,4636,4638,4606,13092375345399,16.667396,16.665500,,0.629900,0.705000,
31,DImprovedSurface,1000,8,4640,4639,4637,4639,4607,13092375512054,16.666099,16.674000,,0.630700,0.644700,
31,DImprovedSurface,1000,8,4641,4640,4638,4640,4608,13092375678794,16.676800,16.656300,,0.628500,0.697300,
31,DImprovedSurface,1000,8,4642,4641,4639,4641,4609,13092375845357,16.666900,16.668000,,0.643000,0.650400,
31,DImprovedSurface,1000,8,4643,4642,4640,4642,4610,13092376012037,16.666703,16.665000,,0.703300,0.774900,
31,DImprovedSurface,1000,8,4644,4643,4641,4643,4611,13092376178687,16.666602,16.677700,,0.000000,0.741600,
31,DImprovedSurface,1000,8,4645,4644,4642,4644,4612,13092376345464,16.667396,16.668000,,0.674900,0.648100,
31,DImprovedSurface,1000,8,4646,4645,4643,4645,4613,13092376512144,16.666802,16.666000,,1.102300,0.991800,
31,DImprovedSurface,1000,8,4647,4646,4644,4646,4614,13092376678804,16.666802,16.667300,,0.771400,0.768500,
31,DImprovedSurface,1000,8,4648,4647,4645,4647,4615,13092376845477,16.666695,16.680900,,0.763500,0.748800,
31,DImprovedSurface,1000,8,4649,4648,4646,4648,4616,13092377012286,16.666703,16.659800,,0.755500,0.767300,
31,DImprovedSurface,1000,8,4650,4649,4647,4649,4617,13092377178884,16.666999,16.663800,,0.000000,0.854500,
31,DImprovedSurface,1000,8,4651,4650,4648,4650,4618,13092377345522,16.666602,16.665700,,0.623200,0.865600,
31,DImprovedSurface,1000,8,4652,4651,4649,4651,4619,13092377512179,16.666496,16.664400,,0.688800,0.628600,
31,DImprovedSurface,1000,8,4653,4652,4650,4652,4620,13092377678823,16.667100,16.682100,,0.655000,0.815700,
31,DImprovedSurface,1000,8,4654,4653,4651,4653,4621,13092377845644,16.666703,16.655700,,0.663600,0.655100,
31,DImprovedSurface,1000,8,4655,4654,4652,4654,4622,13092378012201,16.666802,16.688500,,0.689100,0.661600,
31,DImprovedSurface,1000,8,4656,4655,4653,4655,4623,13092378179086,16.666900,16.640000,,0.000000,0.798800,
31,DImprovedSurface,1000,8,4657,4656,4654,4656,4624,13092378345486,16.666999,16.667200,,0.639800,0.643700,
31,DImprovedSurface,1000,8,4658,4657,4655,4657,4625,13092378512158,16.667297,16.669000,,0.672700,0.859300,
31,DImprovedSurface,1000,8,4659,4658,4656,4658,4626,13092378678848,16.666504,16.663700,,1.313200,1.064300,
31,DImprovedSurface,1000,8,4660,4659,4657,4659,4627,13092378845485,16.666496,16.674000,,0.883500,0.873200,
31,DImprovedSurface,1000,8,4661,4660,4658,4660,4628,13092379012225,16.666802,16.674100,,0.815600,0.830900,
31,DImprovedSurface,1000,8,4662,4661,4659,4661,4629,13092379178966,16.667100,16.661000,,0.000000,0.766500,
31,DImprovedSurface,1000,8,4663,4662,4660,4662,4630,13092379345576,16.666999,16.664700,,0.768400,0.856300,
31,DImprovedSurface,1000,8,4664,4663,4661,4663,4631,13092379512223,16.666802,16.664500,,1.114400,0.714000,
31,DImprovedSurface,1000,8,4665,4664,4662,4664,4632,13092379678868,16.666397,16.663400,,0.762500,1.069700,
31,DImprovedSurface,1000,8,4666,4665,4663,4665,4633,13092379845502,16.666802,16.680300,,0.726400,0.815500,
31,DImprovedSurface,1000,8,4667,4666,4664,4666,4634,13092380012305,16.666802,16.656300,,0.909900,0.804700,
31,DImprovedSurface,1000,8,4668,4667,4665,4667,4635,13092380178868,16.666602,16.667400,,0.000000,0.711000,
31,DImprovedSurface,1000,8,4669,4668,4666,4668,4636,13092380345542,16.667198,16.667500,,0.646300,0.611600,
31,DImprovedSurface,1000,8,4670,4669,4667,4669,4637,13092380512217,16.666999,16.664200,,0.665900,0.668700,
31,DImprovedSurface,1000,8,4671,4670,4668,4670,4638,13092380678859,16.666900,16.663000,,1.211100,0.994000,
31,DImprovedSurface,1000,8,4672,4671,4669,4671,4639,13092380845489,16.666703,16.670600,,0.682900,0.725000,
31,DImprovedSurface,1000,8,4673,4672,4670,4672,4640,13092381012195,16.666695,16.672400,,0.685900,0.677500,
31,DImprovedSurface,1000,8,4674,4673,4671,4673,4641,13092381178919,16.667100,16.661800,,0.000000,0.719700,
31,DImprovedSurface,1000,8,4675,4674,4672,4674,4642,13092381345537,16.666306,16.666700,,0.763000,0.761900,
31,DImprovedSurface,1000,8,4676,4675,4673,4675,4643,13092381512204,16.666794,16.666400,,0.645700,0.851000,
31,DImprovedSurface,1000,8,4677,4676,4674,4676,4644,13092381678868,16.666206,16.666800,,0.621900,0.654600,
31,DImprovedSurface,1000,8,4678,4677,4675,4677,4645,13092381845536,16.667595,16.660000,,0.548000,0.565300,
31,DImprovedSurface,1000,8,4679,4678,4676,4678,4646,13092382012136,16.666703,16.666900,,0.531700,0.523100,
31,DImprovedSurface,1000,8,4680,4679,4677,4679,4647,13092382178805,16.666299,16.659700,,0.000000,0.524700,
31,DImprovedSurface,1000,8,4681,4680,4678,4680,4648,13092382345402,16.667305,16.666500,,0.492100,0.572600,
31,DImprovedSurface,1000,8,4682,4681,4679,4681,4649,13092382512067,16.666397,16.667900,,0.534200,0.640200,
31,DImprovedSurface,1000,8,4683,4682,4680,4682,4650,13092382678746,16.667198,16.666600,,0.580100,0.594400,
31,DImprovedSurface,1000,8,4684,4683,4681,4683,4651,13092382845412,16.666306,16.674000,,0.594500,0.602400,
31,DImprovedSurface,1000,8,4685,4684,4682,4684,4652,13092383012152,16.667297,16.666100,,0.596800,0.651600,
31,DImprovedSurface,1000,8,4686,4685,4683,4685,4653,13092383178813,16.666999,16.667400,,0.000000,0.652900,
31,DImprovedSurface,1000,8,4687,4686,4684,4686,4654,13092383345487,16.666703,16.662200,,0.588900,0.638400,
31,DImprovedSurface,1000,8,4688,4687,4685,4687,4655,13092383512109,16.666397,16.678200,,0.592900,0.688500,
31,DImprovedSurface,1000,8,4689,4688,4686,4688,4656,13092383678891,16.666900,16.663500,,0.643000,0.660900,
31,DImprovedSurface,1000,8,4690,4689,4687,4689,4657,13092383845526,16.667198,16.662500,,0.650200,0.584300,
32,DImprovedSurface,1000,16,4722,4721,4719,4721,4688,13092390384236,16.666602,16.612900,,0.000000,0.810400,
32,DImprovedSurface,1000,16,4723,4722,4720,4722,4689,13092390550365,16.666999,16.674800,,0.461100,0.481600,
32,DImprovedSurface,1000,16,4724,4723,4721,4723,4690,13092390717113,16.666794,16.663600,,0.461700,0.492300,
32,DImprovedSurface,1000,16,4725,4724,4722,4724,4691,13092390883749,16.667305,16.659900,,0.476900,0.546000,
32,DImprovedSurface,1000,16,4726,4725,4723,4725,4692,13092391050348,16.666099,16.657000,,0.530800,0.570600,
32,DImprovedSurface,1000,16,4727,4726,4724,4726,4693,13092391216918,16.666496,16.675600,,0.516500,0.544000,
32,DImprovedSurface,1000,16,4728,4727,4725,4727,4694,13092391383674,16.667603,16.667300,,0.000000,0.580200,
32,DImprovedSurface,1000,16,4729,4728,4726,4728,4695,13092391550347,16.666703,16.660900,,0.480700,0.520200,
32,DImprovedSurface,1000,16,4730,4729,4727,4729,4696,13092391716956,16.816001,16.669500,,0.463300,0.491700,
32,DImprovedSurface,1000,16,4731,4730,4728,4730,4697,13092391883651,16.667595,16.665400,,0.527000,0.534100,
32,DImprovedSurface,1000,16,4732,4731,4729,4731,4698,13092392050305,16.667206,16.665000,,0.482400,0.521600,
32,DImprovedSurface,1000,16,4733,4732,4730,4732,4699,13092392216955,16.665895,16.816300,,0.499400,0.536300,
32,DImprovedSurface,1000,16,4734,4733,4731,4733,4700,13092392385118,16.666802,16.739100,,0.000000,0.513800,
32,DImprovedSurface,1000,16,4735,4734,4732,4734,4701,13092392552509,16.666703,16.596900,,0.488200,0.490000,
32,DImprovedSurface,1000,16,4736,4735,4733,4735,4702,13092392718478,16.666999,16.663600,,0.506000,0.530900,
32,DImprovedSurface,1000,16,4737,4736,4734,4736,4703,13092392885114,16.667297,16.666200,,0.550900,0.601300,
32,DImprovedSurface,1000,16,4738,4737,4735,4737,4704,13092393051776,16.666001,16.674600,,0.522700,0.534600,
32,DImprovedSurface,1000,16,4739,4738,4736,4738,4705,13092393218522,16.666999,16.668200,,0.533800,0.580000,
32,DImprovedSurface,1000,16,4740,4739,4737,4739,4706,13092393385204,16.666999,16.661100,,0.000000,0.577300,
32,DImprovedSurface,1000,16,4741,4740,4738,4740,4707,13092393551815,16.666602,16.669600,,0.496300,0.503200,
32,DImprovedSurface,1000,16,4742,4741,4739,4741,4708,13092393718511,16.667198,16.664200,,0.530600,0.523700,
32,DImprovedSurface,1000,16,4743,4742,4740,4742,4709,13092393885153,16.666405,16.667200,,0.526100,0.616500,
32,DImprovedSurface,1000,16,4744,4743,4741,4743,4710,13092394051825,16.666496,16.671800,,0.670500,0.586900,
32,DImprovedSurface,1000,16,4745,4744,4742,4744,4711,13092394218543,16.667198,16.665300,,0.563800,0.524100,
32,DImprovedSurface,1000,16,4746,4745,4743,4745,4712,13092394385196,16.666999,16.671300,,0.000000,0.587700,
32,DImprovedSurface,1000,16,4747,4746,4744,4746,4713,13092394551909,16.666099,16.751700,,0.481900,0.526000,
32,DImprovedSurface,1000,16,4748,4747,4745,4747,4714,13092394719426,16.666900,16.573600,,0.447400,0.495100,
32,DImprovedSurface,1000,16,4749,4748,4746,4748,4715,13092394885162,16.667305,16.665000,,0.533600,0.572700,
32,DImprovedSurface,1000,16,4750,4749,4747,4749,4716,13092395051812,16.666299,16.667400,,0.701300,0.606500,
32,DImprovedSurface,1000,16,4751,4750,4748,4750,4717,13092395218486,16.666900,16.673600,,0.600400,0.598500,
32,DImprovedSurface,1000,16,4752,4751,4749,4751,4718,13092395385222,16.667396,16.670800,,0.000000,0.681800,
32,DImprovedSurface,1000,16,4753,4752,4750,4752,4719,13092395551930,16.666306,16.663400,,0.599900,0.651300,
32,DImprovedSurface,1000,16,4754,4753,4751,4753,4720,13092395718564,16.666802,16.678400,,0.645200,0.683700,
32,DImprovedSurface,1000,16,4755,4754,4752,4754,4721,13092395885348,16.666893,16.658100,,0.647500,0.636100,
32,DImprovedSurface,1000,16,4756,4755,4753,4755,4722,13092396051929,16.666999,16.963200,,0.683300,0.974900,
32,DImprovedSurface,1000,16,4757,4756,4754,4756,4723,13092396221561,16.673405,16.370600,,0.655300,0.775500,
32,DImprovedSurface,1000,16,4758,4757,4755,4757,4724,13092396385267,16.666397,16.670500,,0.000000,0.855900,
32,DImprovedSurface,1000,16,4759,4758,4756,4758,4725,13092396551972,16.667603,16.665500,,0.634700,0.724500,
32,DImprovedSurface,1000,16,4760,4759,4757,4759,4726,13092396718627,16.665902,16.752100,,0.635500,0.686800,
32,DImprovedSurface,1000,16,4761,4760,4758,4760,4727,13092396886148,16.666999,16.585100,,0.658900,0.687600,
32,DImprovedSurface,1000,16,4762,4761,4759,4761,4728,13092397051999,16.666794,16.670500,,0.649300,0.648000,
32,DImprovedSurface,1000,16,4763,4762,4760,4762,4729,13092397218704,16.666802,16.660300,,0.644900,0.820400,
32,DImprovedSurface,1000,16,4764,4763,4761,4763,4730,13092397385307,16.667899,16.668200,,0.000000,0.843400,
32,DImprovedSurface,1000,16,4765,4764,4762,4764,4731,13092397551989,16.665505,16.666900,,0.618700,0.609200,
32,DImprovedSurface,1000,16,4766,4765,4763,4765,4732,13092397718658,16.666695,16.668100,,0.537900,0.535300,
32,DImprovedSurface,1000,16,4767,4766,4764,4766,4733,13092397885339,16.666602,16.665800,,0.532900,0.535400,
32,DImprovedSurface,1000,16,4768,4767,4765,4767,4734,13092398051997,16.667297,16.664200,,0.528300,0.531100,
32,DImprovedSurface,1000,16,4769,4768,4766,4768,4735,13092398218639,16.666999,16.662400,,0.543900,0.553600,
32,DImprovedSurface,1000,16,4770,4769,4767,4769,4736,13092398385263,16.666802,16.663100,,0.000000,0.620600,
32,DImprovedSurface,1000,16,4771,4770,4768,4770,4737,13092398551894,16.666504,16.673000,,0.474200,0.558800,
32,DImprovedSurface,1000,16,4772,4771,4769,4771,4738,13092398718624,16.666999,16.669600,,0.526700,0.540800,
32,DImprovedSurface,1000,16,4773,4772,4770,4772,4739,13092398885320,16.666900,16.745500,,0.593700,0.625600,
32,DImprovedSurface,1000,16,4774,4773,4771,4773,4740,13092399052775,16.667396,16.589300,,0.743300,0.700800,
32,DImprovedSurface,1000,16,4775,4774,4772,4774,4741,13092399218668,16.665902,16.665700,,0.617900,0.643400,
32,DImprovedSurface,1000,16,4776,4775,4773,4775,4742,13092399385325,16.666602,16.670800,,0.000000,0.556600,
32,DImprovedSurface,1000,16,4777,4776,4774,4776,4743,13092399552033,16.667396,16.665400,,0.474100,0.684000,
32,DImprovedSurface,1000,16,4778,4777,4775,4777,4744,13092399718687,16.669096,16.665400,,0.697900,0.649200,
32,DImprovedSurface,1000,16,4779,4778,4776,4778,4745,13092399885341,16.664300,16.662700,,0.670100,0.678100,
32,DImprovedSurface,1000,16,4780,4779,4777,4779,4746,13092400051968,16.666900,16.677100,,0.582100,0.629700,
32,DImprovedSurface,1000,16,4781,4780,4778,4780,4747,13092400218739,16.678402,16.664600,,0.572800,0.623600,
32,DImprovedSurface,1000,16,4782,4781,4779,4781,4748,13092400385385,16.654499,16.661700,,0.000000,0.568100,
32,DImprovedSurface,1000,16,4783,4782,4780,4782,4749,13092400552002,16.666703,16.664000,,0.509600,0.549900,
32,DImprovedSurface,1000,16,4784,4783,4781,4783,4750,13092400718642,16.666999,16.682400,,0.504500,0.534600,
32,DImprovedSurface,1000,16,4785,4784,4782,4784,4751,13092400885466,16.666602,16.650500,,0.546100,0.533200,
32,DImprovedSurface,1000,16,4786,4785,4783,4785,4752,13092401051971,16.667496,16.664800,,0.542200,0.607900,
32,DImprovedSurface,1000,16,4787,4786,4784,4786,4753,13092401218619,16.667403,16.671400,,0.579500,0.622700,
32,DImprovedSurface,1000,16,4788,4787,4785,4787,4754,13092401385333,16.711997,16.661900,,0.000000,0.677200,
32,DImprovedSurface,1000,16,4789,4788,4786,4788,4755,13092401551952,16.679598,16.674900,,0.520800,0.523700,
32,DImprovedSurface,1000,16,4790,4789,4787,4789,4756,13092401718701,16.666602,16.668600,,0.618100,0.553400,
32,DImprovedSurface,1000,16,4791,4790,4788,4790,4757,13092401885387,16.666999,16.707600,,0.541900,0.619700,
32,DImprovedSurface,1000,16,4792,4791,4789,4791,4758,13092402052463,16.666397,16.681300,,0.610800,0.609300,
32,DImprovedSurface,1000,16,4793,4792,4790,4792,4759,13092402219276,16.667502,16.666500,,0.597900,0.604100,
32,DImprovedSurface,1000,16,4794,4793,4791,4793,4760,13092402385941,16.666496,16.669600,,0.000000,0.606800,
32,DImprovedSurface,1000,16,4795,4794,4792,4794,4761,13092402552637,16.666900,16.682600,,0.525200,0.596800,
32,DImprovedSurface,1000,16,4796,4795,4793,4795,4762,13092402719463,16.666703,16.650900,,0.522800,0.581400,
32,DImprovedSurface,1000,16,4797,4796,4794,4796,4763,13092402885972,16.667100,16.662900,,0.587400,0.661000,
32,DImprovedSurface,1000,16,4798,4797,4795,4797,4764,13092403052601,16.666602,16.667200,,0.576500,0.744300,
32,DImprovedSurface,1000,16,4799,4798,4796,4798,4765,13092403219273,16.666999,16.667900,,0.622900,0.667800,
32,DImprovedSurface,1000,16,4800,4799,4797,4799,4766,13092403385952,16.666595,16.670100,,0.000000,0.781900,
32,DImprovedSurface,1000,16,4801,4800,4798,4800,4767,13092403552653,16.666703,16.668400,,0.651000,0.671700,
32,DImprovedSurface,1000,16,4802,4801,4799,4801,4768,13092403719337,16.666703,16.663000,,0.596300,0.670400,
32,DImprovedSurface,1000,16,4803,4802,4800,4802,4769,13092403885967,16.666999,16.667500,,0.576800,0.607200,
32,DImprovedSurface,1000,16,4804,4803,4801,4803,4770,13092404052642,16.666695,16.663600,,0.615200,0.635500,
32,DImprovedSurface,1000,16,4805,4804,4802,4804,4771,13092404219278,16.666602,16.666400,,0.606400,0.618200,
32,DImprovedSurface,1000,16,4806,4805,4803,4805,4772,13092404385942,16.666602,16.671100,,0.000000,0.701400,
32,DImprovedSurface,1000,16,4807,4806,4804,4806,4773,13092404552653,16.667100,16.662900,,0.485500,0.525200,
32,DImprovedSurface,1000,16,4808,4807,4805,4807,4774,13092404719282,16.666496,16.662600,,0.510000,0.565300,
32,DImprovedSurface,1000,16,4809,4808,4806,4808,4775,13092404885908,16.666999,16.665100,,0.525600,0.552300,
32,DImprovedSurface,1000,16,4810,4809,4807,4809,4776,13092405052559,16.668105,16.669600,,0.520600,0.558300,
32,DImprovedSurface,1000,16,4811,4810,4808,4810,4777,13092405219255,16.665597,16.666800,,0.560900,0.585100,
32,DImprovedSurface,1000,16,4812,4811,4809,4811,4778,13092405385923,16.666504,16.669800,,0.000000,0.633300,
32,DImprovedSurface,1000,16,4813,4812,4810,4812,4779,13092405552621,16.666695,16.677300,,0.486700,0.625600,
32,DImprovedSurface,1000,16,4814,4813,4811,4813,4780,13092405719394,16.666602,16.658800,,0.454700,0.478300,
32,DImprovedSurface,1000,16,4815,4814,4812,4814,4781,13092405885982,16.666999,16.657000,,0.475600,0.523800,
32,DImprovedSurface,1000,16,4816,4815,4813,4815,4782,13092406052552,16.666802,16.665600,,0.568300,0.516000,
32,DImprovedSurface,1000,16,4817,4816,4814,4816,4783,13092406219208,16.668601,16.666700,,0.511400,0.536600,
32,DImprovedSurface,1000,16,4818,4817,4815,4817,4784,13092406385875,16.666999,16.670800,,0.000000,0.530400,
32,DImprovedSurface,1000,16,4819,4818,4816,4818,4785,13092406552583,16.667595,16.669200,,0.462500,0.479900,
32,DImprovedSurface,1000,16,4820,4819,4817,4819,4786,13092406719275,16.666001,16.662100,,0.512900,0.571000,
32,DImprovedSurface,1000,16,4821,4820,4818,4820,4787,13092406885896,16.666999,16.665200,,0.510800,0.619400,
32,DImprovedSurface,1000,16,4822,4821,4819,4821,4788,13092407052548,16.667403,16.682200,,0.509100,0.659400,
32,DImprovedSurface,1000,16,4823,4822,4820,4822,4789,13092407219370,16.666099,16.656900,,0.495400,0.561000,
32,DImprovedSurface,1000,16,4824,4823,4821,4823,4790,13092407385939,16.666999,16.670100,,0.000000,0.551500,
32,DImprovedSurface,1000,16,4825,4824,4822,4824,4791,13092407552640,16.666397,16.665200,,0.478800,0.539400,
32,DImprovedSurface,1000,16,4826,4825,4823,4825,4792,13092407719292,16.668502,16.664300,,0.493700,0.738500,
32,DImprovedSurface,1000,16,4827,4826,4824,4826,4793,13092407885935,16.665597,16.667900,,0.542500,0.751900,
32,DImprovedSurface,1000,16,4828,4827,4825,4827,4794,13092408052614,16.666504,16.668000,,0.608200,0.589500,
32,DImprovedSurface,1000,16,4829,4828,4826,4828,4795,13092408219294,16.666999,16.685100,,0.558800,0.600600,
32,DImprovedSurface,1000,16,4830,4829,4827,4829,4796,13092408386145,16.666595,16.653900,,0.000000,0.586500,
32,DImprovedSurface,1000,16,4831,4830,4828,4830,4797,13092408552684,16.749306,16.660900,,0.492000,0.486100,
32,DImprovedSurface,1000,16,4832,4831,4829,4831,4798,13092408719293,16.667297,16.666200,,0.476600,0.477700,
32,DImprovedSurface,1000,16,4833,4832,4830,4832,4799,13092408885955,16.666900,16.665400,,0.488400,0.475700,
32,DImprovedSurface,1000,16,4834,4833,4831,4833,4800,13092409052609,16.667198,16.744500,,0.499100,0.521600,
32,DImprovedSurface,1000,16,4835,4834,4832,4834,4801,13092409220054,16.665703,16.667900,,0.517100,0.664300,
32,DImprovedSurface,1000,16,4836,4835,4833,4835,4802,13092409386733,16.667396,16.668600,,0.000000,0.506700,
32,DImprovedSurface,1000,16,4837,4836,4834,4836,4803,13092409553419,16.666900,16.667000,,0.404700,0.417500,
32,DImprovedSurface,1000,16,4838,4837,4835,4837,4804,13092409720089,16.666703,16.664000,,0.432100,0.459600,
32,DImprovedSurface,1000,16,4839,4838,4836,4838,4805,13092409886729,16.666802,16.664300,,0.401800,0.500200,
32,DImprovedSurface,1000,16,4840,4839,4837,4839,4806,13092410053372,16.666001,16.668900,,0.415600,0.550200,
32,DImprovedSurface,1000,16,4841,4840,4838,4840,4807,13092410220061,16.667198,16.668400,,0.458700,0.454100,
33,ECalibratedLiquid,100,1,4873,4872,4870,4872,4838,13092416145630,16.667198,16.723900,,0.887400,0.739500,
33,ECalibratedLiquid,100,1,4874,4873,4871,4873,4839,13092416312869,16.666206,16.608600,,0.868600,0.709200,
33,ECalibratedLiquid,100,1,4875,4874,4872,4874,4840,13092416478955,16.667595,18.212300,,0.926200,0.807200,
33,ECalibratedLiquid,100,1,4876,4875,4873,4875,4841,13092416661078,16.666001,15.112400,,1.777700,1.024400,
33,ECalibratedLiquid,100,1,4877,4876,4874,4876,4842,13092416812202,16.667403,16.722800,,1.868800,0.920100,
33,ECalibratedLiquid,100,1,4878,4877,4875,4877,4843,13092416979430,16.666001,16.616500,,0.000000,0.915600,
33,ECalibratedLiquid,100,1,4879,4878,4876,4878,4844,13092417145595,16.667595,16.658100,,1.291800,0.881300,
33,ECalibratedLiquid,100,1,4880,4879,4877,4879,4845,13092417312176,16.666802,16.676900,,1.097500,0.738700,
33,ECalibratedLiquid,100,1,4881,4880,4878,4880,4846,13092417478945,16.666802,17.282700,,1.050200,0.679600,
33,ECalibratedLiquid,100,1,4882,4881,4879,4881,4847,13092417651772,16.666602,16.043500,,0.720800,0.638800,
33,ECalibratedLiquid,100,1,4883,4882,4880,4882,4848,13092417812207,16.666496,16.666400,,0.574800,0.537000,
33,ECalibratedLiquid,100,1,4884,4883,4881,4883,4849,13092417978871,16.666602,16.664800,,0.000000,0.557800,
33,ECalibratedLiquid,100,1,4885,4884,4882,4884,4850,13092418145519,16.667800,16.665300,,0.678100,0.618200,
33,ECalibratedLiquid,100,1,4886,4885,4883,4885,4851,13092418312172,16.666299,16.674500,,0.658300,0.555800,
33,ECalibratedLiquid,100,1,4887,4886,4884,4886,4852,13092418478917,16.666496,16.656100,,0.715300,0.607200,
33,ECalibratedLiquid,100,1,4888,4887,4885,4887,4853,13092418645478,16.666802,16.671500,,0.715700,0.561800,
33,ECalibratedLiquid,100,1,4889,4888,4886,4888,4854,13092418812193,16.666504,16.666600,,0.741900,0.634200,
33,ECalibratedLiquid,100,1,4890,4889,4887,4889,4855,13092418978859,16.666794,16.657400,,0.000000,0.558300,
33,ECalibratedLiquid,100,1,4891,4890,4888,4890,4856,13092419145433,16.666405,16.672100,,0.943900,0.614000,
33,ECalibratedLiquid,100,1,4892,4891,4889,4891,4857,13092419312154,16.667800,16.663100,,0.651700,0.558500,
33,ECalibratedLiquid,100,1,4893,4892,4890,4892,4858,13092419478785,16.665399,16.668200,,0.670600,0.634800,
33,ECalibratedLiquid,100,1,4894,4893,4891,4893,4859,13092419645467,16.668404,16.665100,,0.734100,0.584200,
33,ECalibratedLiquid,100,1,4895,4894,4892,4894,4860,13092419812118,16.665796,16.669100,,0.644400,0.559500,
33,ECalibratedLiquid,100,1,4896,4895,4893,4895,4861,13092419978809,16.667305,16.684700,,0.000000,0.503000,
33,ECalibratedLiquid,100,1,4897,4896,4894,4896,4862,13092420145656,16.665597,16.656500,,0.606900,0.533700,
33,ECalibratedLiquid,100,1,4898,4897,4895,4897,4863,13092420312221,16.667403,16.654200,,0.616700,0.646600,
33,ECalibratedLiquid,100,1,4899,4898,4896,4898,4864,13092420478763,16.665796,16.670800,,0.567600,0.543400,
33,ECalibratedLiquid,100,1,4900,4899,4897,4899,4865,13092420645471,16.667899,16.661100,,0.639500,0.634700,
33,ECalibratedLiquid,100,1,4901,4900,4898,4900,4866,13092420812082,16.666405,16.669000,,0.655900,0.680900,
33,ECalibratedLiquid,100,1,4902,4901,4899,4901,4867,13092420978772,16.666299,16.674600,,0.000000,0.589100,
33,ECalibratedLiquid,100,1,4903,4902,4900,4902,4868,13092421145518,16.667297,16.661500,,0.537200,0.534700,
33,ECalibratedLiquid,100,1,4904,4903,4901,4903,4869,13092421312133,16.666703,16.671900,,0.693700,0.607600,
33,ECalibratedLiquid,100,1,4905,4904,4902,4904,4870,13092421478852,16.667100,16.665700,,0.804900,0.817000,
33,ECalibratedLiquid,100,1,4906,4905,4903,4905,4871,13092421645509,16.666504,16.668600,,0.898000,0.729100,
33,ECalibratedLiquid,100,1,4907,4906,4904,4906,4872,13092421812195,16.666900,16.676300,,0.823300,0.716200,
33,ECalibratedLiquid,100,1,4908,4907,4905,4907,4873,13092421978958,16.666496,16.781800,,0.000000,0.729300,
33,ECalibratedLiquid,100,1,4909,4908,4906,4908,4874,13092422146776,16.667305,16.543500,,0.731500,0.631800,
33,ECalibratedLiquid,100,1,4910,4909,4907,4909,4875,13092422312211,16.666794,16.668700,,0.807900,0.702500,
33,ECalibratedLiquid,100,1,4911,4910,4908,4910,4876,13092422478898,16.666900,16.666300,,1.157400,1.027500,
33,ECalibratedLiquid,100,1,4912,4911,4909,4911,4877,13092422645561,16.666703,16.672600,,0.994800,0.819900,
33,ECalibratedLiquid,100,1,4913,4912,4910,4912,4878,13092422812287,16.667100,16.662600,,0.990000,0.835000,
33,ECalibratedLiquid,100,1,4914,4913,4911,4913,4879,13092422978913,16.667100,16.671400,,0.000000,0.770500,
33,ECalibratedLiquid,100,1,4915,4914,4912,4914,4880,13092423145627,16.666306,16.663900,,0.771300,0.700700,
33,ECalibratedLiquid,100,1,4916,4915,4913,4915,4881,13092423312266,16.666794,16.663600,,0.875400,0.694300,
33,ECalibratedLiquid,100,1,4917,4916,4914,4916,4882,13092423478902,16.667100,16.666600,,1.164100,0.825100,
33,ECalibratedLiquid,100,1,4918,4917,4915,4917,4883,13092423645568,16.666602,16.671200,,0.996900,0.884200,
33,ECalibratedLiquid,100,1,4919,4918,4916,4918,4884,13092423812280,16.667502,16.693000,,0.975600,0.965100,
33,ECalibratedLiquid,100,1,4920,4919,4917,4919,4885,13092423979210,16.666198,16.640000,,0.000000,0.955400,
33,ECalibratedLiquid,100,1,4921,4920,4918,4920,4886,13092424145610,16.666703,16.668600,,1.072700,1.198300,
33,ECalibratedLiquid,100,1,4922,4921,4919,4921,4887,13092424312296,16.666695,16.667800,,1.576400,0.915500,
33,ECalibratedLiquid,100,1,4923,4922,4920,4922,4888,13092424478974,16.666504,16.658600,,0.886300,0.646700,
33,ECalibratedLiquid,100,1,4924,4923,4921,4923,4889,13092424645560,16.667198,16.674800,,0.771700,0.653000,
33,ECalibratedLiquid,100,1,4925,4924,4922,4924,4890,13092424812308,16.666496,16.659800,,0.707500,0.594400,
33,ECalibratedLiquid,100,1,4926,4925,4923,4925,4891,13092424978906,16.666703,16.664200,,0.000000,0.583000,
33,ECalibratedLiquid,100,1,4927,4926,4924,4926,4892,13092425145548,16.667403,16.667000,,0.634300,0.521400,
33,ECalibratedLiquid,100,1,4928,4927,4925,4927,4893,13092425312218,16.666299,16.668000,,0.927000,0.733900,
33,ECalibratedLiquid,100,1,4929,4928,4926,4928,4894,13092425478898,16.666001,16.666000,,0.905800,0.767100,
33,ECalibratedLiquid,100,1,4930,4929,4927,4929,4895,13092425645558,16.667603,16.674100,,0.898300,0.704900,
33,ECalibratedLiquid,100,1,4931,4930,4928,4930,4896,13092425812299,16.666794,16.661800,,0.842000,0.667600,
33,ECalibratedLiquid,100,1,4932,4931,4929,4931,4897,13092425978917,16.666900,16.660600,,0.000000,0.638300,
33,ECalibratedLiquid,100,1,4933,4932,4930,4932,4898,13092426145523,16.666504,16.672800,,0.727400,0.568300,
33,ECalibratedLiquid,100,1,4934,4933,4931,4933,4899,13092426312251,16.666695,16.662600,,0.743700,0.748300,
33,ECalibratedLiquid,100,1,4935,4934,4932,4934,4900,13092426478877,16.666703,16.670400,,0.785000,0.594800,
33,ECalibratedLiquid,100,1,4936,4935,4933,4935,4901,13092426645581,16.667100,16.667900,,0.811600,0.710800,
33,ECalibratedLiquid,100,1,4937,4936,4934,4936,4902,13092426812260,16.666602,16.719400,,0.877200,0.788900,
33,ECalibratedLiquid,100,1,4938,4937,4935,4937,4903,13092426979454,16.666703,16.611700,,0.000000,0.716600,
33,ECalibratedLiquid,100,1,4939,4938,4936,4938,4904,13092427145571,16.666999,16.673400,,0.676700,0.580900,
33,ECalibratedLiquid,100,1,4940,4939,4937,4939,4905,13092427312305,16.666496,16.663300,,0.705600,0.651100,
33,ECalibratedLiquid,100,1,4941,4940,4938,4940,4906,13092427478938,16.666999,16.663100,,0.751800,0.598000,
33,ECalibratedLiquid,100,1,4942,4941,4939,4941,4907,13092427645569,16.667999,16.668600,,0.747500,0.621800,
33,ECalibratedLiquid,100,1,4943,4942,4940,4942,4908,13092427812255,16.666504,16.666300,,0.829500,0.661600,
33,ECalibratedLiquid,100,1,4944,4943,4941,4943,4909,13092427978918,16.666001,16.665700,,0.000000,0.692600,
33,ECalibratedLiquid,100,1,4945,4944,4942,4944,4910,13092428145575,16.666595,16.761900,,0.714400,0.641500,
33,ECalibratedLiquid,100,1,4946,4945,4943,4945,4911,13092428313194,16.667206,16.577600,,0.754900,0.642800,
33,ECalibratedLiquid,100,1,4947,4946,4944,4946,4912,13092428478970,16.675794,16.957200,,0.733600,0.714300,
33,ECalibratedLiquid,100,1,4948,4947,4945,4947,4913,13092428648542,16.666900,16.371400,,1.259400,0.741700,
33,ECalibratedLiquid,100,1,4949,4948,4946,4948,4914,13092428812256,16.666802,16.687800,,1.170500,0.804800,
33,ECalibratedLiquid,100,1,4950,4949,4947,4949,4915,13092428979134,16.667100,16.729000,,0.000000,0.768200,
33,ECalibratedLiquid,100,1,4951,4950,4948,4950,4916,13092429146424,16.666099,16.603900,,0.870200,0.667100,
33,ECalibratedLiquid,100,1,4952,4951,4949,4951,4917,13092429312463,16.667105,16.662900,,0.850400,0.723400,
33,ECalibratedLiquid,100,1,4953,4952,4950,4952,4918,13092429479092,16.666695,16.667300,,0.732000,0.621900,
33,ECalibratedLiquid,100,1,4954,4953,4951,4953,4919,13092429645765,16.666900,16.656100,,0.741900,0.686800,
33,ECalibratedLiquid,100,1,4955,4954,4952,4954,4920,13092429812326,16.666504,16.667200,,0.726300,0.691400,
33,ECalibratedLiquid,100,1,4956,4955,4953,4955,4921,13092429978998,16.666695,16.670400,,0.000000,0.644300,
33,ECalibratedLiquid,100,1,4957,4956,4954,4956,4922,13092430145702,16.666802,16.664100,,0.658900,0.606200,
33,ECalibratedLiquid,100,1,4958,4957,4955,4957,4923,13092430312343,16.666703,16.665900,,0.691700,0.586800,
33,ECalibratedLiquid,100,1,4959,4958,4956,4958,4924,13092430479002,16.667297,16.665900,,0.732700,0.643300,
33,ECalibratedLiquid,100,1,4960,4959,4957,4959,4925,13092430645661,16.666198,16.670100,,0.789000,0.672000,
33,ECalibratedLiquid,100,1,4961,4960,4958,4960,4926,13092430812362,16.666802,16.663400,,0.818400,0.545500,
33,ECalibratedLiquid,100,1,4962,4961,4959,4961,4927,13092430978996,16.666602,16.672300,,0.000000,0.539600,
33,ECalibratedLiquid,100,1,4963,4962,4960,4962,4928,13092431145719,16.666496,16.659400,,0.650500,0.594700,
33,ECalibratedLiquid,100,1,4964,4963,4961,4963,4929,13092431312313,16.666703,16.665300,,0.643200,0.568700,
33,ECalibratedLiquid,100,1,4965,4964,4962,4964,4930,13092431478966,16.666999,16.664600,,0.664400,0.581500,
33,ECalibratedLiquid,100,1,4966,4965,4963,4965,4931,13092431645612,16.666900,16.669500,,0.686100,0.574500,
33,ECalibratedLiquid,100,1,4967,4966,4964,4966,4932,13092431812307,16.666802,16.667800,,0.677000,0.616000,
33,ECalibratedLiquid,100,1,4968,4967,4965,4967,4933,13092431978985,16.666802,16.665600,,0.000000,0.660800,
33,ECalibratedLiquid,100,1,4969,4968,4966,4968,4934,13092432145641,16.666794,16.670800,,0.685300,0.643300,
33,ECalibratedLiquid,100,1,4970,4969,4967,4969,4935,13092432312349,16.667403,16.665400,,0.694000,0.671600,
33,ECalibratedLiquid,100,1,4971,4970,4968,4970,4936,13092432479003,16.665801,16.669100,,0.714700,0.606400,
33,ECalibratedLiquid,100,1,4972,4971,4969,4971,4937,13092432645694,16.667396,16.666100,,0.726000,0.740000,
33,ECalibratedLiquid,100,1,4973,4972,4970,4972,4938,13092432812355,16.666299,16.668100,,0.739000,0.709900,
33,ECalibratedLiquid,100,1,4974,4973,4971,4973,4939,13092432979036,16.666703,16.663600,,0.000000,0.656400,
33,ECalibratedLiquid,100,1,4975,4974,4972,4974,4940,13092433145672,16.667999,16.667500,,0.699900,0.645000,
33,ECalibratedLiquid,100,1,4976,4975,4973,4975,4941,13092433312347,16.665399,16.675600,,0.874000,0.958300,
33,ECalibratedLiquid,100,1,4977,4976,4974,4976,4942,13092433479103,16.667305,16.662500,,1.380100,0.769800,
33,ECalibratedLiquid,100,1,4978,4977,4975,4977,4943,13092433645728,16.666397,16.666600,,0.715200,0.602800,
33,ECalibratedLiquid,100,1,4979,4978,4976,4978,4944,13092433812394,16.667100,16.662000,,0.731500,0.605800,
33,ECalibratedLiquid,100,1,4980,4979,4977,4979,4945,13092433979014,16.667502,16.672000,,0.000000,0.573600,
33,ECalibratedLiquid,100,1,4981,4980,4978,4980,4946,13092434145734,16.666602,16.663000,,0.771000,0.545300,
33,ECalibratedLiquid,100,1,4982,4981,4979,4981,4947,13092434312364,16.666893,16.660900,,0.757000,0.599900,
33,ECalibratedLiquid,100,1,4983,4982,4980,4982,4948,13092434478973,16.666001,16.677700,,0.764100,0.642700,
33,ECalibratedLiquid,100,1,4984,4983,4981,4983,4949,13092434645750,16.667502,16.656000,,0.774900,0.607800,
33,ECalibratedLiquid,100,1,4985,4984,4982,4984,4950,13092434812310,16.666397,16.666400,,0.805600,0.667300,
33,ECalibratedLiquid,100,1,4986,4985,4983,4985,4951,13092434978974,16.667206,16.666600,,0.000000,0.583700,
33,ECalibratedLiquid,100,1,4987,4986,4984,4986,4952,13092435145640,16.666299,16.671300,,0.616600,0.533900,
33,ECalibratedLiquid,100,1,4988,4987,4985,4987,4953,13092435312353,16.667198,16.660700,,0.627600,0.571900,
33,ECalibratedLiquid,100,1,4989,4988,4986,4988,4954,13092435478960,16.666001,16.670000,,0.696800,0.549900,
33,ECalibratedLiquid,100,1,4990,4989,4987,4989,4955,13092435645660,16.667198,16.665300,,0.700900,0.571800,
33,ECalibratedLiquid,100,1,4991,4990,4988,4990,4956,13092435812313,16.666999,16.677100,,0.735100,0.584200,
33,ECalibratedLiquid,100,1,4992,4991,4989,4991,4957,13092435979084,16.666703,16.656300,,0.000000,0.554900,
33,ECalibratedLiquid,100,1,4993,4992,4990,4992,4958,13092436145647,16.666703,16.672800,,0.603400,0.522400,
34,ECalibratedLiquid,100,4,5025,5024,5022,5024,4989,13092441884273,16.667595,16.657800,,0.582600,0.533100,
34,ECalibratedLiquid,100,4,5026,5025,5023,5025,4990,13092442050851,16.665505,16.672100,,0.677100,0.554400,
34,ECalibratedLiquid,100,4,5027,5026,5024,5026,4991,13092442217572,16.667800,16.664500,,0.650200,0.543800,
34,ECalibratedLiquid,100,4,5028,5027,5025,5027,4992,13092442384217,16.666794,16.670800,,0.000000,0.576900,
34,ECalibratedLiquid,100,4,5029,5028,5026,5028,4993,13092442550925,16.666602,16.661600,,0.585300,0.524900,
34,ECalibratedLiquid,100,4,5030,5029,5027,5029,4994,13092442717541,16.666397,16.671300,,0.623200,0.773100,
34,ECalibratedLiquid,100,4,5031,5030,5028,5030,4995,13092442884254,16.667206,16.663200,,0.844500,0.620600,
34,ECalibratedLiquid,100,4,5032,5031,5029,5031,4996,13092443050886,16.665695,16.669700,,0.678000,0.590000,
34,ECalibratedLiquid,100,4,5033,5032,5030,5032,4997,13092443217583,16.667800,16.666300,,0.666200,0.519900,
34,ECalibratedLiquid,100,4,5034,5033,5031,5033,4998,13092443384246,16.786203,16.683500,,0.000000,0.569000,
34,ECalibratedLiquid,100,4,5035,5034,5032,5034,4999,13092443551081,16.666695,16.648200,,0.573500,0.597300,
34,ECalibratedLiquid,100,4,5036,5035,5033,5035,5000,13092443717563,16.666900,16.668900,,0.669700,0.635600,
34,ECalibratedLiquid,100,4,5037,5036,5034,5036,5001,13092443884252,16.666999,16.782000,,0.567100,0.565100,
34,ECalibratedLiquid,100,4,5038,5037,5035,5037,5002,13092444052072,16.666703,16.668300,,0.600400,0.551900,
34,ECalibratedLiquid,100,4,5039,5038,5036,5038,5003,13092444218755,16.666001,16.672900,,0.701200,0.576400,
34,ECalibratedLiquid,100,4,5040,5039,5037,5039,5004,13092444385484,16.666602,16.663400,,0.000000,0.545900,
34,ECalibratedLiquid,100,4,5041,5040,5038,5040,5005,13092444552118,16.667595,16.670300,,0.686800,0.512000,
34,ECalibratedLiquid,100,4,5042,5041,5039,5041,5006,13092444718821,16.666602,16.659500,,0.612700,0.500200,
34,ECalibratedLiquid,100,4,5043,5042,5040,5042,5007,13092444885416,16.666802,16.669400,,0.628900,0.639300,
34,ECalibratedLiquid,100,4,5044,5043,5041,5043,5008,13092445052110,16.666999,16.666700,,0.688800,0.563100,
34,ECalibratedLiquid,100,4,5045,5044,5042,5044,5009,13092445218777,16.666099,16.673800,,0.646600,0.565300,
34,ECalibratedLiquid,100,4,5046,5045,5043,5045,5010,13092445385515,16.666299,16.664900,,0.000000,0.559100,
34,ECalibratedLiquid,100,4,5047,5046,5044,5046,5011,13092445552164,16.666397,16.666000,,0.586500,0.594300,
34,ECalibratedLiquid,100,4,5048,5047,5045,5047,5012,13092445718824,16.667206,16.662700,,0.617500,0.469500,
34,ECalibratedLiquid,100,4,5049,5048,5046,5048,5013,13092445885451,16.666496,16.664700,,0.633700,0.531900,
34,ECalibratedLiquid,100,4,5050,5049,5047,5049,5014,13092446052098,16.667403,16.663800,,0.637400,0.571500,
34,ECalibratedLiquid,100,4,5051,5050,5048,5050,5015,13092446218736,16.666496,16.680300,,0.653600,0.581200,
34,ECalibratedLiquid,100,4,5052,5051,5049,5051,5016,13092446385539,16.667198,16.660300,,0.000000,0.505200,
34,ECalibratedLiquid,100,4,5053,5052,5050,5052,5017,13092446552142,16.666602,16.665400,,0.620300,0.677800,
34,ECalibratedLiquid,100,4,5054,5053,5051,5053,5018,13092446718796,16.666496,16.662400,,0.585900,0.518400,
34,ECalibratedLiquid,100,4,5055,5054,5052,5054,5019,13092446885420,16.667206,16.669000,,0.678000,0.645800,
34,ECalibratedLiquid,100,4,5056,5055,5053,5055,5020,13092447052110,16.667198,16.667000,,0.956300,0.655900,
34,ECalibratedLiquid,100,4,5057,5056,5054,5056,5021,13092447218780,16.666703,16.675400,,0.847500,0.705700,
34,ECalibratedLiquid,100,4,5058,5057,5055,5057,5022,13092447385534,16.666595,16.674400,,0.000000,0.737800,
34,ECalibratedLiquid,100,4,5059,5058,5056,5058,5023,13092447552278,16.666703,16.663100,,0.809700,0.649500,
34,ECalibratedLiquid,100,4,5060,5059,5057,5059,5024,13092447718909,16.666900,16.670600,,0.814500,0.794600,
34,ECalibratedLiquid,100,4,5061,5060,5058,5060,5025,13092447885615,16.667502,16.661900,,0.839800,0.725200,
34,ECalibratedLiquid,100,4,5062,5061,5059,5061,5026,13092448052234,16.666099,16.668300,,0.861500,0.780200,
34,ECalibratedLiquid,100,4,5063,5062,5060,5062,5027,13092448218917,16.666397,16.666800,,1.014000,0.776400,
34,ECalibratedLiquid,100,4,5064,5063,5061,5063,5028,13092448385585,16.666900,16.668800,,0.000000,0.722000,
34,ECalibratedLiquid,100,4,5065,5064,5062,5064,5029,13092448552273,16.666900,16.665200,,0.722000,0.624500,
34,ECalibratedLiquid,100,4,5066,5065,5063,5065,5030,13092448718925,16.666397,16.668700,,0.735400,0.620600,
34,ECalibratedLiquid,100,4,5067,5066,5064,5066,5031,13092448885612,16.667100,16.670700,,0.884400,0.788100,
34,ECalibratedLiquid,100,4,5068,5067,5065,5067,5032,13092449052319,16.666802,16.660600,,1.048900,0.862400,
34,ECalibratedLiquid,100,4,5069,5068,5066,5068,5033,13092449218925,16.666703,16.660800,,0.797500,0.670400,
34,ECalibratedLiquid,100,4,5070,5069,5067,5069,5034,13092449385533,16.733199,16.669700,,0.000000,0.723600,
34,ECalibratedLiquid,100,4,5071,5070,5068,5070,5035,13092449552230,16.674099,16.668900,,0.784600,0.782100,
34,ECalibratedLiquid,100,4,5072,5071,5069,5071,5036,13092449718919,16.667701,16.685400,,0.883300,0.659300,
34,ECalibratedLiquid,100,4,5073,5072,5070,5072,5037,13092449885773,16.665597,16.704200,,0.757000,0.630600,
34,ECalibratedLiquid,100,4,5074,5073,5071,5073,5038,13092450052815,16.666999,16.682000,,0.817600,0.611600,
34,ECalibratedLiquid,100,4,5075,5074,5072,5074,5039,13092450219635,16.666900,16.667900,,0.683700,0.605600,
34,ECalibratedLiquid,100,4,5076,5075,5073,5075,5040,13092450386314,16.666602,16.660000,,0.000000,0.682500,
34,ECalibratedLiquid,100,4,5077,5076,5074,5076,5041,13092450552914,16.666900,16.671000,,0.580700,0.563600,
34,ECalibratedLiquid,100,4,5078,5077,5075,5077,5042,13092450719624,16.666695,16.667900,,0.662000,0.619200,
34,ECalibratedLiquid,100,4,5079,5078,5076,5078,5043,13092450886303,16.666900,16.665000,,0.757500,0.665700,
34,ECalibratedLiquid,100,4,5080,5079,5077,5079,5044,13092451052953,16.667206,16.670200,,1.075200,0.937300,
34,ECalibratedLiquid,100,4,5081,5080,5078,5080,5045,13092451219655,16.665695,16.666300,,1.013200,0.795600,
34,ECalibratedLiquid,100,4,5082,5081,5079,5081,5046,13092451386318,16.667305,16.672700,,0.000000,0.762100,
34,ECalibratedLiquid,100,4,5083,5082,5080,5082,5047,13092451553045,16.666397,16.668900,,0.791000,0.613600,
34,ECalibratedLiquid,100,4,5084,5083,5081,5083,5048,13092451719734,16.667396,16.657500,,0.898300,0.687600,
34,ECalibratedLiquid,100,4,5085,5084,5082,5084,5049,13092451886309,16.666206,16.666600,,0.769400,0.629000,
34,ECalibratedLiquid,100,4,5086,5085,5083,5085,5050,13092452052975,16.666794,16.664600,,0.697400,0.633900,
34,ECalibratedLiquid,100,4,5087,5086,5084,5086,5051,13092452219621,16.666703,16.668900,,0.710800,0.570400,
34,ECalibratedLiquid,100,4,5088,5087,5085,5087,5052,13092452386310,16.666999,16.662600,,0.000000,0.671200,
34,ECalibratedLiquid,100,4,5089,5088,5086,5088,5053,13092452552936,16.667603,16.670500,,0.684300,0.596100,
34,ECalibratedLiquid,100,4,5090,5089,5087,5089,5054,13092452719641,16.666001,16.664600,,0.720300,0.629400,
34,ECalibratedLiquid,100,4,5091,5090,5088,5090,5055,13092452886287,16.666496,16.669600,,0.785200,0.809200,
34,ECalibratedLiquid,100,4,5092,5091,5089,5091,5056,13092453052983,16.667100,16.669800,,0.729700,0.613800,
34,ECalibratedLiquid,100,4,5093,5092,5090,5092,5057,13092453219681,16.668906,16.666500,,1.058800,0.765200,
34,ECalibratedLiquid,100,4,5094,5093,5091,5093,5058,13092453386346,16.667100,16.664300,,0.000000,0.697600,
34,ECalibratedLiquid,100,4,5095,5094,5092,5094,5059,13092453552989,16.666496,16.673300,,0.669700,0.566500,
34,ECalibratedLiquid,100,4,5096,5095,5093,5095,5060,13092453719722,16.666999,16.664800,,0.733500,0.714900,
34,ECalibratedLiquid,100,4,5097,5096,5094,5096,5061,13092453886370,16.666802,16.681700,,0.812100,0.741200,
34,ECalibratedLiquid,100,4,5098,5097,5095,5097,5062,13092454053187,16.667603,16.651800,,0.904000,0.873800,
34,ECalibratedLiquid,100,4,5099,5098,5096,5098,5063,13092454219705,16.666099,16.667300,,1.004200,0.813300,
34,ECalibratedLiquid,100,4,5100,5099,5097,5099,5064,13092454386378,16.666703,16.669000,,0.000000,0.818900,
34,ECalibratedLiquid,100,4,5101,5100,5098,5100,5065,13092454553068,16.666595,16.669900,,0.993900,0.774100,
34,ECalibratedLiquid,100,4,5102,5101,5099,5101,5066,13092454719767,16.667502,16.662100,,0.918300,0.812900,
34,ECalibratedLiquid,100,4,5103,5102,5100,5102,5067,13092454886388,16.666397,16.672000,,1.715000,1.138600,
34,ECalibratedLiquid,100,4,5104,5103,5101,5103,5068,13092455053108,16.666999,16.663000,,1.140500,0.866100,
34,ECalibratedLiquid,100,4,5105,5104,5102,5104,5069,13092455219738,16.666802,16.682200,,0.987300,0.829400,
34,ECalibratedLiquid,100,4,5106,5105,5103,5105,5070,13092455386560,16.667100,16.660500,,0.000000,0.767200,
34,ECalibratedLiquid,100,4,5107,5106,5104,5106,5071,13092455553165,16.667403,16.658300,,1.309800,1.044900,
34,ECalibratedLiquid,100,4,5108,5107,5105,5107,5072,13092455719748,16.666099,16.668100,,1.635500,1.315500,
34,ECalibratedLiquid,100,4,5109,5108,5106,5108,5073,13092455886429,16.667396,16.697700,,1.401800,0.900200,
34,ECalibratedLiquid,100,4,5110,5109,5107,5109,5074,13092456053406,16.666405,16.647800,,1.352000,1.205200,
34,ECalibratedLiquid,100,4,5111,5110,5108,5110,5075,13092456219884,16.666595,16.661300,,1.487200,0.927200,
34,ECalibratedLiquid,100,4,5112,5111,5109,5111,5076,13092456386497,16.666703,16.665300,,0.000000,0.940700,
34,ECalibratedLiquid,100,4,5113,5112,5110,5112,5077,13092456553150,16.667198,16.665300,,0.708700,0.620600,
34,ECalibratedLiquid,100,4,5114,5113,5111,5113,5078,13092456719803,16.666602,16.664300,,0.781300,0.681600,
34,ECalibratedLiquid,100,4,5115,5114,5112,5114,5079,13092456886446,16.667198,16.662500,,0.834900,0.653600,
34,ECalibratedLiquid,100,4,5116,5115,5113,5115,5080,13092457053071,16.666299,16.665500,,0.901200,0.714800,
34,ECalibratedLiquid,100,4,5117,5116,5114,5116,5081,13092457219726,16.667403,16.669900,,0.894400,0.816200,
34,ECalibratedLiquid,100,4,5118,5117,5115,5117,5082,13092457386425,16.666001,16.670100,,0.000000,1.132600,
34,ECalibratedLiquid,100,4,5119,5118,5116,5118,5083,13092457553126,16.666999,16.664100,,0.762400,0.847900,
34,ECalibratedLiquid,100,4,5120,5119,5117,5119,5084,13092457719767,16.666900,16.704500,,1.005700,0.717000,
34,ECalibratedLiquid,100,4,5121,5120,5118,5120,5085,13092457886812,16.666695,16.625200,,0.861600,0.640600,
34,ECalibratedLiquid,100,4,5122,5121,5119,5121,5086,13092458053064,16.666703,16.673200,,0.818300,0.704400,
34,ECalibratedLiquid,100,4,5123,5122,5120,5122,5087,13092458219796,16.666900,16.667700,,0.836800,0.797900,
34,ECalibratedLiquid,100,4,5124,5123,5121,5123,5088,13092458386473,16.666802,16.656100,,0.000000,0.839800,
34,ECalibratedLiquid,100,4,5125,5124,5122,5124,5089,13092458553034,16.666695,16.670200,,0.856100,0.666000,
34,ECalibratedLiquid,100,4,5126,5125,5123,5125,5090,13092458719736,16.667603,16.674800,,0.957900,0.746700,
34,ECalibratedLiquid,100,4,5127,5126,5124,5126,5091,13092458886484,16.666099,16.657100,,0.944200,0.932800,
34,ECalibratedLiquid,100,4,5128,5127,5125,5127,5092,13092459053055,16.666802,16.682600,,0.923500,0.745300,
34,ECalibratedLiquid,100,4,5129,5128,5126,5128,5093,13092459219881,16.667198,16.659300,,0.923200,0.797100,
34,ECalibratedLiquid,100,4,5130,5129,5127,5129,5094,13092459386474,16.666602,16.664000,,0.000000,0.920600,
34,ECalibratedLiquid,100,4,5131,5130,5128,5130,5095,13092459553114,16.666802,16.670000,,0.789200,0.694800,
34,ECalibratedLiquid,100,4,5132,5131,5129,5131,5096,13092459719814,16.666595,16.666800,,0.822100,0.682100,
34,ECalibratedLiquid,100,4,5133,5132,5130,5132,5097,13092459886482,16.666802,16.658000,,0.818800,0.945800,
34,ECalibratedLiquid,100,4,5134,5133,5131,5133,5098,13092460053062,16.666802,16.668500,,1.213800,0.740100,
34,ECalibratedLiquid,100,4,5135,5134,5132,5134,5099,13092460219747,16.667198,16.666400,,0.952500,0.851400,
34,ECalibratedLiquid,100,4,5136,5135,5133,5135,5100,13092460386411,16.666198,16.668200,,0.000000,0.722100,
34,ECalibratedLiquid,100,4,5137,5136,5134,5136,5101,13092460553093,16.666900,16.687700,,0.734500,0.628600,
34,ECalibratedLiquid,100,4,5138,5137,5135,5137,5102,13092460719970,16.666602,16.733700,,0.896200,0.707800,
34,ECalibratedLiquid,100,4,5139,5138,5136,5138,5103,13092460887307,16.666802,16.576700,,0.874200,0.573900,
34,ECalibratedLiquid,100,4,5140,5139,5137,5139,5104,13092461053074,16.666695,16.670000,,0.852900,0.689300,
34,ECalibratedLiquid,100,4,5141,5140,5138,5140,5105,13092461219774,16.666602,16.656300,,0.778700,0.628500,
34,ECalibratedLiquid,100,4,5142,5141,5139,5141,5106,13092461386337,16.666999,16.671200,,0.000000,0.557600,
34,ECalibratedLiquid,100,4,5143,5142,5140,5142,5107,13092461553049,16.666802,16.663900,,0.555300,0.524100,
34,ECalibratedLiquid,100,4,5144,5143,5141,5143,5108,13092461719688,16.667198,16.664500,,0.675600,0.682000,
35,ECalibratedLiquid,100,8,5176,5175,5173,5175,5139,13092468320012,16.667100,16.777700,,0.973000,0.934100,
35,ECalibratedLiquid,100,8,5177,5176,5174,5176,5140,13092468487789,16.666504,16.555800,,1.376800,0.886600,
35,ECalibratedLiquid,100,8,5178,5177,5175,5177,5141,13092468653347,16.691497,17.445100,,1.110300,0.911200,
35,ECalibratedLiquid,100,8,5179,5178,5176,5178,5142,13092468827798,16.666802,15.893800,,1.269900,0.943000,
35,ECalibratedLiquid,100,8,5180,5179,5177,5179,5143,13092468986736,16.666900,17.167700,,0.000000,0.775800,
35,ECalibratedLiquid,100,8,5181,5180,5178,5180,5144,13092469158413,16.666504,16.193000,,0.640800,0.545800,
35,ECalibratedLiquid,100,8,5182,5181,5179,5181,5145,13092469320343,16.722895,16.814600,,0.693000,0.578000,
35,ECalibratedLiquid,100,8,5183,5182,5180,5182,5146,13092469488489,16.667403,16.506900,,0.856000,0.871600,
35,ECalibratedLiquid,100,8,5184,5183,5181,5183,5147,13092469653558,16.667100,16.663700,,0.737000,0.597900,
35,ECalibratedLiquid,100,8,5185,5184,5182,5184,5148,13092469820195,16.666602,16.723400,,0.723300,0.576500,
35,ECalibratedLiquid,100,8,5186,5185,5183,5185,5149,13092469987429,16.666595,16.734700,,0.000000,0.793100,
35,ECalibratedLiquid,100,8,5187,5186,5184,5186,5150,13092470154776,16.666900,17.148200,,0.748100,0.712000,
35,ECalibratedLiquid,100,8,5188,5187,5185,5187,5151,13092470326258,16.666602,16.121500,,0.826800,0.656600,
35,ECalibratedLiquid,100,8,5189,5188,5186,5188,5152,13092470487473,16.666794,16.875200,,0.876700,0.708600,
35,ECalibratedLiquid,100,8,5190,5189,5187,5189,5153,13092470656225,16.666802,16.460700,,0.868500,0.720600,
35,ECalibratedLiquid,100,8,5191,5190,5188,5190,5154,13092470820832,16.667305,17.141900,,0.870200,0.808800,
35,ECalibratedLiquid,100,8,5192,5191,5189,5191,5155,13092470992251,16.666695,16.193500,,0.000000,0.688500,
35,ECalibratedLiquid,100,8,5193,5192,5190,5192,5156,13092471154186,16.667105,17.236100,,0.953100,0.892200,
35,ECalibratedLiquid,100,8,5194,5193,5191,5193,5157,13092471326547,16.666695,16.098100,,1.333800,1.001600,
35,ECalibratedLiquid,100,8,5195,5194,5192,5194,5158,13092471487528,16.666504,16.689800,,1.312300,1.192600,
35,ECalibratedLiquid,100,8,5196,5195,5193,5195,5159,13092471654426,16.667496,16.652200,,1.330800,0.978200,
35,ECalibratedLiquid,100,8,5197,5196,5194,5196,5160,13092471820948,16.666602,16.841700,,1.411700,0.990700,
35,ECalibratedLiquid,100,8,5198,5197,5195,5197,5161,13092471989365,16.666802,16.491200,,0.000000,1.001300,
35,ECalibratedLiquid,100,8,5199,5198,5196,5198,5162,13092472154277,16.666802,16.690500,,1.951900,1.210100,
35,ECalibratedLiquid,100,8,5200,5199,5197,5199,5163,13092472321182,16.666999,16.646900,,1.439300,1.149600,
35,ECalibratedLiquid,100,8,5201,5200,5198,5200,5164,13092472487651,16.758299,16.677500,,1.408400,0.721400,
35,ECalibratedLiquid,100,8,5202,5201,5199,5201,5165,13092472654426,16.667100,16.658100,,1.496400,1.028100,
35,ECalibratedLiquid,100,8,5203,5202,5200,5202,5166,13092472821007,16.666999,16.662500,,1.249000,0.730800,
35,ECalibratedLiquid,100,8,5204,5203,5201,5203,5167,13092472987632,16.666504,16.758500,,0.000000,0.948500,
35,ECalibratedLiquid,100,8,5205,5204,5202,5204,5168,13092473155217,16.666893,16.667700,,0.852400,0.709900,
35,ECalibratedLiquid,100,8,5206,5205,5203,5205,5169,13092473321894,16.666900,16.666600,,0.905800,0.908800,
35,ECalibratedLiquid,100,8,5207,5206,5204,5206,5170,13092473488560,16.667305,16.663600,,1.335500,1.020200,
35,ECalibratedLiquid,100,8,5208,5207,5205,5207,5171,13092473655196,16.666397,16.664900,,1.391200,0.964200,
35,ECalibratedLiquid,100,8,5209,5208,5206,5208,5172,13092473821845,16.667403,16.667700,,1.346200,1.156200,
35,ECalibratedLiquid,100,8,5210,5209,5207,5209,5173,13092473988522,16.738301,16.672900,,0.000000,1.114600,
35,ECalibratedLiquid,100,8,5211,5210,5208,5210,5174,13092474155251,16.667396,16.671500,,1.731000,1.329300,
35,ECalibratedLiquid,100,8,5212,5211,5209,5211,5175,13092474321966,16.666703,16.669500,,1.935100,1.427000,
35,ECalibratedLiquid,100,8,5213,5212,5210,5212,5176,13092474488661,16.666695,16.801600,,1.358000,1.084600,
35,ECalibratedLiquid,100,8,5214,5213,5211,5213,5177,13092474656677,16.666703,16.603000,,1.324500,1.263500,
35,ECalibratedLiquid,100,8,5215,5214,5212,5214,5178,13092474822707,16.666900,16.659100,,1.342700,0.997700,
35,ECalibratedLiquid,100,8,5216,5215,5213,5215,5179,13092474989298,16.666703,16.675900,,0.000000,1.099400,
35,ECalibratedLiquid,100,8,5217,5216,5214,5216,5180,13092475156057,16.666999,16.656000,,1.325600,1.114800,
35,ECalibratedLiquid,100,8,5218,5217,5215,5217,5181,13092475322617,16.667297,16.669700,,1.344100,1.302100,
35,ECalibratedLiquid,100,8,5219,5218,5216,5218,5182,13092475489314,16.666703,16.665800,,1.311600,0.960000,
35,ECalibratedLiquid,100,8,5220,5219,5217,5219,5183,13092475655972,16.666900,16.664300,,1.432800,1.148200,
35,ECalibratedLiquid,100,8,5221,5220,5218,5220,5184,13092475822615,16.666999,16.675200,,1.314200,0.987200,
35,ECalibratedLiquid,100,8,5222,5221,5219,5221,5185,13092475989367,16.665801,16.663700,,0.000000,1.013600,
35,ECalibratedLiquid,100,8,5223,5222,5220,5222,5186,13092476156004,16.667694,16.667600,,0.890000,0.542800,
35,ECalibratedLiquid,100,8,5224,5223,5221,5223,5187,13092476322680,16.666802,16.667300,,0.801000,0.723800,
35,ECalibratedLiquid,100,8,5225,5224,5222,5224,5188,13092476489353,16.666299,16.651500,,0.877500,0.708200,
35,ECalibratedLiquid,100,8,5226,5225,5223,5225,5189,13092476655868,16.666504,16.728100,,1.305600,0.955100,
35,ECalibratedLiquid,100,8,5227,5226,5224,5226,5190,13092476823149,16.667502,16.607500,,1.348300,1.027400,
35,ECalibratedLiquid,100,8,5228,5227,5225,5227,5191,13092476989224,16.665796,16.667600,,0.000000,0.939800,
35,ECalibratedLiquid,100,8,5229,5228,5226,5228,5192,13092477155900,16.667403,16.668000,,0.674200,0.576400,
35,ECalibratedLiquid,100,8,5230,5229,5227,5229,5193,13092477322580,16.666496,16.669500,,0.623100,0.555900,
35,ECalibratedLiquid,100,8,5231,5230,5228,5230,5194,13092477489275,16.667603,16.651900,,0.685800,0.726300,
35,ECalibratedLiquid,100,8,5232,5231,5229,5231,5195,13092477655794,16.665902,16.669800,,0.830000,0.917600,
35,ECalibratedLiquid,100,8,5233,5232,5230,5232,5196,13092477822492,16.667100,16.671700,,0.859300,0.699400,
35,ECalibratedLiquid,100,8,5234,5233,5231,5233,5197,13092477989209,16.666703,16.668500,,0.000000,0.901100,
35,ECalibratedLiquid,100,8,5235,5234,5232,5234,5198,13092478155894,16.666695,16.669100,,0.706100,0.583100,
35,ECalibratedLiquid,100,8,5236,5235,5233,5235,5199,13092478322585,16.667305,16.664300,,1.050000,0.768300,
35,ECalibratedLiquid,100,8,5237,5236,5234,5236,5200,13092478489228,16.667899,16.666000,,1.465800,1.149700,
35,ECalibratedLiquid,100,8,5238,5237,5235,5237,5201,13092478655888,16.665796,16.673500,,1.264900,0.907600,
35,ECalibratedLiquid,100,8,5239,5238,5236,5238,5202,13092478822623,16.667800,16.675600,,1.136700,0.867800,
35,ECalibratedLiquid,100,8,5240,5239,5237,5239,5203,13092478989379,16.665902,16.669800,,0.000000,0.887000,
35,ECalibratedLiquid,100,8,5241,5240,5238,5240,5204,13092479156077,16.666703,16.655500,,1.098500,1.010300,
35,ECalibratedLiquid,100,8,5242,5241,5239,5241,5205,13092479322632,16.666703,16.677300,,1.054900,0.775100,
35,ECalibratedLiquid,100,8,5243,5242,5240,5242,5206,13092479489405,16.667100,16.686700,,1.070000,0.785300,
35,ECalibratedLiquid,100,8,5244,5243,5241,5243,5207,13092479656272,16.666397,16.633600,,0.950200,0.755600,
35,ECalibratedLiquid,100,8,5245,5244,5242,5244,5208,13092479822608,16.666397,16.666000,,0.914400,0.733100,
35,ECalibratedLiquid,100,8,5246,5245,5243,5245,5209,13092479989268,16.667206,16.666500,,0.000000,0.683600,
35,ECalibratedLiquid,100,8,5247,5246,5244,5246,5210,13092480155933,16.666794,16.665000,,0.757600,0.659600,
35,ECalibratedLiquid,100,8,5248,5247,5245,5247,5211,13092480322583,16.666802,16.678300,,0.861700,0.879700,
35,ECalibratedLiquid,100,8,5249,5248,5246,5248,5212,13092480489366,16.666999,16.653500,,1.006200,0.802700,
35,ECalibratedLiquid,100,8,5250,5249,5247,5249,5213,13092480655901,16.667206,16.670900,,1.627600,1.557900,
35,ECalibratedLiquid,100,8,5251,5250,5248,5250,5214,13092480822610,16.666695,16.671400,,1.702300,1.199800,
35,ECalibratedLiquid,100,8,5252,5251,5249,5251,5215,13092480989324,16.666802,16.675000,,0.000000,0.988100,
35,ECalibratedLiquid,100,8,5253,5252,5250,5252,5216,13092481156074,16.667100,16.663900,,1.336000,0.951200,
35,ECalibratedLiquid,100,8,5254,5253,5251,5253,5217,13092481322713,16.666306,16.742800,,1.382300,0.922300,
35,ECalibratedLiquid,100,8,5255,5254,5252,5254,5218,13092481490141,16.667297,16.590100,,1.325400,1.106100,
35,ECalibratedLiquid,100,8,5256,5255,5253,5255,5219,13092481656042,16.666900,16.664600,,1.134500,0.948000,
35,ECalibratedLiquid,100,8,5257,5256,5254,5256,5220,13092481822688,16.667100,16.663000,,0.948200,0.832100,
35,ECalibratedLiquid,100,8,5258,5257,5255,5257,5221,13092481989318,16.666397,16.672400,,0.000000,1.012600,
35,ECalibratedLiquid,100,8,5259,5258,5256,5258,5222,13092482156042,16.666999,16.660400,,1.354700,0.629700,
35,ECalibratedLiquid,100,8,5260,5259,5257,5259,5223,13092482322646,16.666306,16.673800,,1.555700,0.963000,
35,ECalibratedLiquid,100,8,5261,5260,5258,5260,5224,13092482489384,16.666999,16.666800,,0.905400,0.934800,
35,ECalibratedLiquid,100,8,5262,5261,5259,5261,5225,13092482656052,16.667297,16.669400,,0.950000,0.890100,
35,ECalibratedLiquid,100,8,5263,5262,5260,5262,5226,13092482822746,16.671302,16.657300,,2.091700,1.265000,
35,ECalibratedLiquid,100,8,5264,5263,5261,5263,5227,13092482989319,16.662203,16.667300,,0.000000,0.979100,
35,ECalibratedLiquid,100,8,5265,5264,5262,5264,5228,13092483155992,16.667100,16.681500,,1.297900,0.824200,
35,ECalibratedLiquid,100,8,5266,5265,5263,5265,5229,13092483322807,16.666397,16.693500,,1.353900,0.951800,
35,ECalibratedLiquid,100,8,5267,5266,5264,5266,5230,13092483489742,16.667800,16.628600,,1.369800,1.031600,
35,ECalibratedLiquid,100,8,5268,5267,5265,5267,5231,13092483656028,16.666802,16.670600,,1.929600,2.131800,
35,ECalibratedLiquid,100,8,5269,5268,5266,5268,5232,13092483822734,16.666595,16.662700,,1.880200,1.453500,
35,ECalibratedLiquid,100,8,5270,5269,5267,5269,5233,13092483989361,16.666703,16.674700,,0.000000,1.309400,
35,ECalibratedLiquid,100,8,5271,5270,5268,5270,5234,13092484156108,16.666999,16.669900,,1.400400,1.011300,
35,ECalibratedLiquid,100,8,5272,5271,5269,5271,5235,13092484322807,16.666703,16.665700,,1.177600,1.023900,
35,ECalibratedLiquid,100,8,5273,5272,5270,5272,5236,13092484489464,16.667800,16.664300,,1.354700,1.141800,
35,ECalibratedLiquid,100,8,5274,5273,5271,5273,5237,13092484656107,16.666496,16.664300,,1.228100,0.969700,
35,ECalibratedLiquid,100,8,5275,5274,5272,5274,5238,13092484822750,16.666198,16.668000,,1.309200,1.065900,
35,ECalibratedLiquid,100,8,5276,5275,5273,5275,5239,13092484989430,16.666802,16.668900,,0.000000,1.040600,
35,ECalibratedLiquid,100,8,5277,5276,5274,5276,5240,13092485156119,16.667502,16.669100,,1.417400,0.968400,
35,ECalibratedLiquid,100,8,5278,5277,5275,5277,5241,13092485322810,16.666703,16.658400,,1.452400,1.234600,
35,ECalibratedLiquid,100,8,5279,5278,5276,5278,5242,13092485489394,16.666695,16.669300,,1.365000,0.959400,
35,ECalibratedLiquid,100,8,5280,5279,5277,5279,5243,13092485656087,16.666999,16.709900,,1.330900,0.927600,
35,ECalibratedLiquid,100,8,5281,5280,5278,5280,5244,13092485823186,16.666900,16.627000,,1.332000,0.937600,
35,ECalibratedLiquid,100,8,5282,5281,5279,5281,5245,13092485989456,16.666703,16.665800,,0.000000,1.088200,
35,ECalibratedLiquid,100,8,5283,5282,5280,5282,5246,13092486156114,16.666496,16.669400,,1.330500,0.954100,
35,ECalibratedLiquid,100,8,5284,5283,5281,5283,5247,13092486322808,16.666802,16.657800,,1.318200,0.937100,
35,ECalibratedLiquid,100,8,5285,5284,5282,5284,5248,13092486489386,16.666900,16.667600,,0.691200,0.539600,
35,ECalibratedLiquid,100,8,5286,5285,5283,5285,5249,13092486656062,16.666602,16.669100,,1.313900,0.918000,
35,ECalibratedLiquid,100,8,5287,5286,5284,5286,5250,13092486822753,16.666999,16.665500,,1.132500,0.560100,
35,ECalibratedLiquid,100,8,5288,5287,5285,5287,5251,13092486989408,16.666198,16.669000,,0.000000,1.030200,
35,ECalibratedLiquid,100,8,5289,5288,5286,5288,5252,13092487156098,16.666802,16.661000,,0.676000,0.613200,
35,ECalibratedLiquid,100,8,5290,5289,5287,5289,5253,13092487322708,16.668998,16.672000,,0.679700,0.647100,
35,ECalibratedLiquid,100,8,5291,5290,5288,5290,5254,13092487489428,16.664399,16.647400,,0.749000,0.689600,
35,ECalibratedLiquid,100,8,5292,5291,5289,5291,5255,13092487655902,16.667305,16.670300,,0.751300,0.584200,
35,ECalibratedLiquid,100,8,5293,5292,5290,5292,5256,13092487822605,16.667595,16.674600,,0.796000,0.770800,
35,ECalibratedLiquid,100,8,5294,5293,5291,5293,5257,13092487989351,16.665604,16.655500,,0.000000,1.126200,
35,ECalibratedLiquid,100,8,5295,5294,5292,5294,5258,13092488155906,16.667198,16.671100,,0.674000,0.577300,
35,ECalibratedLiquid,100,8,5296,5295,5293,5295,5259,13092488322617,16.666900,16.683100,,0.776100,0.650800,
36,ECalibratedLiquid,100,16,5328,5327,5325,5327,5290,13092494930981,16.666695,16.666300,,0.640400,0.595100,
36,ECalibratedLiquid,100,16,5329,5328,5326,5328,5291,13092495097644,16.666602,16.669800,,0.705200,0.622800,
36,ECalibratedLiquid,100,16,5330,5329,5327,5329,5292,13092495264342,16.666602,16.667700,,0.804500,0.629200,
36,ECalibratedLiquid,100,16,5331,5330,5328,5330,5293,13092495431019,16.667999,16.663900,,0.793200,0.676000,
36,ECalibratedLiquid,100,16,5332,5331,5329,5331,5294,13092495597658,16.665200,16.667000,,0.000000,0.737200,
36,ECalibratedLiquid,100,16,5333,5332,5330,5332,5295,13092495764328,16.667496,16.665500,,0.777100,0.645900,
36,ECalibratedLiquid,100,16,5334,5333,5331,5333,5296,13092495930983,16.667100,16.676500,,0.887600,0.733800,
36,ECalibratedLiquid,100,16,5335,5334,5332,5334,5297,13092496097748,16.666703,16.652100,,0.935500,0.688900,
36,ECalibratedLiquid,100,16,5336,5335,5333,5335,5298,13092496264269,16.666703,16.668200,,0.944100,0.750700,
36,ECalibratedLiquid,100,16,5337,5336,5334,5336,5299,13092496430951,16.666802,16.669200,,0.849900,0.780200,
36,ECalibratedLiquid,100,16,5338,5337,5335,5337,5300,13092496597643,16.666695,16.666300,,0.000000,0.618900,
36,ECalibratedLiquid,100,16,5339,5338,5336,5338,5301,13092496764306,16.667305,16.669000,,0.811000,0.517900,
36,ECalibratedLiquid,100,16,5340,5339,5337,5339,5302,13092496930996,16.665695,16.660000,,0.682400,0.636500,
36,ECalibratedLiquid,100,16,5341,5340,5338,5340,5303,13092497097596,16.666703,16.667800,,0.661100,0.566200,
36,ECalibratedLiquid,100,16,5342,5341,5339,5341,5304,13092497264274,16.672399,16.670600,,0.623700,0.885400,
36,ECalibratedLiquid,100,16,5343,5342,5340,5342,5305,13092497430980,16.666602,16.662300,,0.685100,0.591500,
36,ECalibratedLiquid,100,16,5344,5343,5341,5343,5306,13092497597603,16.666198,16.663000,,0.000000,0.572800,
36,ECalibratedLiquid,100,16,5345,5344,5342,5344,5307,13092497764233,16.666397,16.689600,,0.595600,0.496200,
36,ECalibratedLiquid,100,16,5346,5345,5343,5345,5308,13092497931129,16.668105,16.652200,,0.617100,0.664700,
36,ECalibratedLiquid,100,16,5347,5346,5344,5346,5309,13092498097651,16.665597,16.662000,,0.743900,0.592200,
36,ECalibratedLiquid,100,16,5348,5347,5345,5347,5310,13092498264271,16.667297,16.666300,,0.652200,0.581400,
36,ECalibratedLiquid,100,16,5349,5348,5346,5348,5311,13092498430934,16.666802,16.685400,,0.702900,0.600100,
36,ECalibratedLiquid,100,16,5350,5349,5347,5349,5312,13092498597788,16.666703,16.653800,,0.000000,0.599200,
36,ECalibratedLiquid,100,16,5351,5350,5348,5350,5313,13092498764326,16.666496,16.668500,,0.615800,0.509400,
36,ECalibratedLiquid,100,16,5352,5351,5349,5351,5314,13092498931011,16.668303,16.667800,,0.668400,0.606300,
36,ECalibratedLiquid,100,16,5353,5352,5350,5352,5315,13092499097689,16.665695,16.660600,,0.566300,0.516400,
36,ECalibratedLiquid,100,16,5354,5353,5351,5353,5316,13092499264295,16.666504,16.678300,,0.658200,0.596500,
36,ECalibratedLiquid,100,16,5355,5354,5352,5354,5317,13092499431078,16.667100,16.668000,,0.794300,0.835100,
36,ECalibratedLiquid,100,16,5356,5355,5353,5355,5318,13092499597758,16.666504,16.663100,,0.000000,0.625600,
36,ECalibratedLiquid,100,16,5357,5356,5354,5356,5319,13092499764389,16.666695,16.679300,,0.643300,0.562300,
36,ECalibratedLiquid,100,16,5358,5357,5355,5357,5320,13092499931182,16.666703,16.737600,,0.702900,0.648700,
36,ECalibratedLiquid,100,16,5359,5358,5356,5358,5321,13092500098558,16.666999,16.582500,,0.880100,0.678000,
36,ECalibratedLiquid,100,16,5360,5359,5357,5359,5322,13092500264383,16.667502,16.670600,,0.808300,0.672800,
36,ECalibratedLiquid,100,16,5361,5360,5358,5360,5323,13092500431089,16.666099,16.666100,,0.892800,0.725600,
36,ECalibratedLiquid,100,16,5362,5361,5359,5361,5324,13092500597750,16.667396,16.668400,,0.000000,0.876700,
36,ECalibratedLiquid,100,16,5363,5362,5360,5362,5325,13092500764434,16.666504,16.669000,,0.766200,0.615100,
36,ECalibratedLiquid,100,16,5364,5363,5361,5363,5326,13092500931124,16.666397,16.667300,,0.801900,0.720500,
36,ECalibratedLiquid,100,16,5365,5364,5362,5364,5327,13092501097797,16.666703,16.661800,,0.890900,0.749300,
36,ECalibratedLiquid,100,16,5366,5365,5363,5365,5328,13092501264415,16.666397,16.673600,,0.861500,0.707800,
36,ECalibratedLiquid,100,16,5367,5366,5364,5366,5329,13092501431151,16.667297,16.664800,,0.821500,0.655400,
36,ECalibratedLiquid,100,16,5368,5367,5365,5367,5330,13092501597799,16.666900,16.665100,,0.000000,0.689900,
36,ECalibratedLiquid,100,16,5369,5368,5366,5368,5331,13092501764450,16.666001,16.661900,,0.718100,0.610500,
36,ECalibratedLiquid,100,16,5370,5369,5367,5369,5332,13092501931069,16.666703,16.682700,,0.819400,0.616300,
36,ECalibratedLiquid,100,16,5371,5370,5368,5370,5333,13092502097896,16.667800,16.693600,,0.944500,0.669300,
36,ECalibratedLiquid,100,16,5372,5371,5369,5371,5334,13092502264832,16.666496,16.619700,,1.033700,0.786100,
36,ECalibratedLiquid,100,16,5373,5372,5370,5372,5335,13092502431029,16.666206,16.666200,,1.086700,0.757900,
36,ECalibratedLiquid,100,16,5374,5373,5371,5373,5336,13092502597691,16.667198,16.671800,,0.000000,0.780400,
36,ECalibratedLiquid,100,16,5375,5374,5372,5374,5337,13092502764409,16.666595,16.669100,,0.677000,0.589000,
36,ECalibratedLiquid,100,16,5376,5375,5373,5375,5338,13092502931100,16.666900,16.664100,,0.535100,0.510800,
36,ECalibratedLiquid,100,16,5377,5376,5374,5376,5339,13092503097741,16.666602,16.666600,,0.700600,0.702600,
36,ECalibratedLiquid,100,16,5378,5377,5375,5377,5340,13092503264407,16.666999,16.667400,,0.722300,0.765200,
36,ECalibratedLiquid,100,16,5379,5378,5376,5378,5341,13092503431081,16.667198,16.665000,,0.751100,0.662400,
36,ECalibratedLiquid,100,16,5380,5379,5377,5379,5342,13092503597731,16.666405,16.671500,,0.000000,1.013600,
36,ECalibratedLiquid,100,16,5381,5380,5378,5380,5343,13092503764446,16.666999,16.667800,,0.946100,0.693600,
36,ECalibratedLiquid,100,16,5382,5381,5379,5381,5344,13092503931124,16.666595,16.677900,,0.832500,0.710000,
36,ECalibratedLiquid,100,16,5383,5382,5380,5382,5345,13092504097903,16.666703,16.654200,,0.777500,0.679400,
36,ECalibratedLiquid,100,16,5384,5383,5381,5383,5346,13092504264445,16.688103,16.664600,,0.728500,0.569000,
36,ECalibratedLiquid,100,16,5385,5384,5382,5384,5347,13092504431091,16.666999,16.666400,,0.727800,0.590600,
36,ECalibratedLiquid,100,16,5386,5385,5383,5385,5348,13092504597755,16.666794,16.668200,,0.000000,0.647000,
36,ECalibratedLiquid,100,16,5387,5386,5384,5386,5349,13092504764437,16.667007,16.685500,,0.770500,0.607800,
36,ECalibratedLiquid,100,16,5388,5387,5385,5387,5350,13092504931292,16.666595,16.670400,,0.791700,0.761800,
36,ECalibratedLiquid,100,16,5389,5388,5386,5388,5351,13092505097996,16.666999,16.664500,,0.931100,0.772600,
36,ECalibratedLiquid,100,16,5390,5389,5387,5389,5352,13092505264641,16.666999,16.670400,,0.957100,0.882900,
36,ECalibratedLiquid,100,16,5391,5390,5388,5390,5353,13092505431345,16.666900,16.672500,,1.050900,0.915800,
36,ECalibratedLiquid,100,16,5392,5391,5389,5391,5354,13092505598070,16.667603,16.667800,,0.000000,0.826200,
36,ECalibratedLiquid,100,16,5393,5392,5390,5392,5355,13092505764748,16.666198,16.670600,,1.291500,0.866700,
36,ECalibratedLiquid,100,16,5394,5393,5391,5393,5356,13092505931454,16.666703,16.665100,,1.467700,0.991900,
36,ECalibratedLiquid,100,16,5395,5394,5392,5394,5357,13092506098105,16.666695,16.715200,,1.142800,1.111000,
36,ECalibratedLiquid,100,16,5396,5395,5393,5395,5358,13092506265257,16.666504,16.632800,,1.200100,0.997800,
36,ECalibratedLiquid,100,16,5397,5396,5394,5396,5359,13092506431585,16.667496,16.653400,,1.120200,0.829500,
36,ECalibratedLiquid,100,16,5398,5397,5395,5397,5360,13092506598119,16.666405,16.667400,,0.000000,0.970100,
36,ECalibratedLiquid,100,16,5399,5398,5396,5398,5361,13092506764793,16.666802,16.663400,,1.170400,0.788600,
36,ECalibratedLiquid,100,16,5400,5399,5397,5399,5362,13092506931427,16.667297,16.670500,,1.162500,0.982600,
36,ECalibratedLiquid,100,16,5401,5400,5398,5400,5363,13092507098132,16.666900,16.665000,,1.434900,1.200400,
36,ECalibratedLiquid,100,16,5402,5401,5399,5401,5364,13092507264782,16.666602,16.668100,,1.282700,1.260200,
36,ECalibratedLiquid,100,16,5403,5402,5400,5402,5365,13092507431463,16.667198,16.668900,,1.317300,0.975300,
36,ECalibratedLiquid,100,16,5404,5403,5401,5403,5366,13092507598152,16.666198,16.666000,,0.000000,0.961400,
36,ECalibratedLiquid,100,16,5405,5404,5402,5404,5367,13092507764812,16.666900,16.666000,,0.914000,0.767500,
36,ECalibratedLiquid,100,16,5406,5405,5403,5405,5368,13092507931472,16.666703,16.669800,,0.925100,0.770400,
36,ECalibratedLiquid,100,16,5407,5406,5404,5406,5369,13092508098170,16.667595,16.658800,,1.064000,1.141900,
36,ECalibratedLiquid,100,16,5408,5407,5405,5407,5370,13092508264758,16.666703,16.667000,,1.581300,1.021600,
36,ECalibratedLiquid,100,16,5409,5408,5406,5408,5371,13092508431428,16.666900,16.665500,,1.191300,1.119100,
36,ECalibratedLiquid,100,16,5410,5409,5407,5409,5372,13092508598083,16.667100,16.682200,,0.000000,0.959400,
36,ECalibratedLiquid,100,16,5411,5410,5408,5410,5373,13092508764905,16.666397,16.662700,,1.411500,0.976100,
36,ECalibratedLiquid,100,16,5412,5411,5409,5411,5374,13092508931532,16.666900,16.664700,,1.178700,0.838100,
36,ECalibratedLiquid,100,16,5413,5412,5410,5412,5375,13092509098179,16.797399,16.671700,,1.191500,0.905900,
36,ECalibratedLiquid,100,16,5414,5413,5411,5413,5376,13092509264896,16.666504,16.654500,,1.131000,0.936500,
36,ECalibratedLiquid,100,16,5415,5414,5412,5414,5377,13092509431441,16.667100,16.667300,,1.074600,0.838800,
36,ECalibratedLiquid,100,16,5416,5415,5413,5415,5378,13092509598114,16.666802,16.800800,,1.120800,0.829200,
36,ECalibratedLiquid,100,16,5417,5416,5414,5416,5379,13092509766122,16.666299,16.663200,,0.000000,0.809300,
36,ECalibratedLiquid,100,16,5418,5417,5415,5417,5380,13092509932754,16.666900,16.685100,,0.742800,0.625300,
36,ECalibratedLiquid,100,16,5419,5418,5416,5418,5381,13092510099605,16.666602,16.646400,,0.792500,0.620300,
36,ECalibratedLiquid,100,16,5420,5419,5417,5419,5382,13092510266069,16.667396,16.662600,,0.809500,0.618400,
36,ECalibratedLiquid,100,16,5421,5420,5418,5420,5383,13092510432695,16.666602,16.665900,,0.835200,0.804600,
36,ECalibratedLiquid,100,16,5422,5421,5419,5421,5384,13092510599354,16.666595,16.666900,,0.951700,0.918100,
36,ECalibratedLiquid,100,16,5423,5422,5420,5422,5385,13092510766023,16.666999,16.672600,,0.000000,0.997000,
36,ECalibratedLiquid,100,16,5424,5423,5421,5423,5386,13092510932749,16.674099,16.665800,,1.004600,0.687300,
36,ECalibratedLiquid,100,16,5425,5424,5422,5424,5387,13092511099407,16.666504,16.662000,,0.752200,0.717700,
36,ECalibratedLiquid,100,16,5426,5425,5423,5425,5388,13092511266027,16.667396,16.665400,,0.905200,0.669700,
36,ECalibratedLiquid,100,16,5427,5426,5424,5426,5389,13092511432681,16.666504,16.671100,,0.864800,0.791000,
36,ECalibratedLiquid,100,16,5428,5427,5425,5427,5390,13092511599392,16.667100,16.667700,,0.992700,0.747900,
36,ECalibratedLiquid,100,16,5429,5428,5426,5428,5391,13092511766069,16.666397,16.673900,,0.000000,0.798900,
36,ECalibratedLiquid,100,16,5430,5429,5427,5429,5392,13092511932808,16.666999,16.670100,,0.830300,0.699700,
36,ECalibratedLiquid,100,16,5431,5430,5428,5430,5393,13092512099509,16.666900,16.668400,,0.848400,0.712500,
36,ECalibratedLiquid,100,16,5432,5431,5429,5431,5394,13092512266193,16.666602,16.658500,,0.926800,0.750400,
36,ECalibratedLiquid,100,16,5433,5432,5430,5432,5395,13092512432778,16.666802,16.671700,,1.345500,1.109000,
36,ECalibratedLiquid,100,16,5434,5433,5431,5433,5396,13092512599495,16.667595,16.673700,,1.499000,0.932000,
36,ECalibratedLiquid,100,16,5435,5434,5432,5434,5397,13092512766232,16.733602,16.666700,,0.000000,1.035400,
36,ECalibratedLiquid,100,16,5436,5435,5433,5435,5398,13092512932899,16.666198,16.666700,,1.077100,0.578400,
36,ECalibratedLiquid,100,16,5437,5436,5434,5436,5399,13092513099566,16.667305,16.676100,,1.260000,0.961300,
36,ECalibratedLiquid,100,16,5438,5437,5435,5437,5400,13092513266327,16.666999,16.724000,,1.409900,1.002800,
36,ECalibratedLiquid,100,16,5439,5438,5436,5438,5401,13092513433567,16.666794,16.670300,,1.959300,1.097900,
36,ECalibratedLiquid,100,16,5440,5439,5437,5439,5402,13092513600270,16.666703,16.661000,,1.634000,1.198100,
36,ECalibratedLiquid,100,16,5441,5440,5438,5440,5403,13092513766880,16.667198,16.677000,,0.000000,1.002900,
36,ECalibratedLiquid,100,16,5442,5441,5439,5441,5404,13092513933650,16.666703,16.662400,,1.240000,0.574300,
36,ECalibratedLiquid,100,16,5443,5442,5440,5442,5405,13092514100274,16.666802,16.663100,,1.375100,0.967500,
36,ECalibratedLiquid,100,16,5444,5443,5441,5443,5406,13092514266905,16.667100,16.672900,,1.608900,1.194700,
36,ECalibratedLiquid,100,16,5445,5444,5442,5444,5407,13092514433634,16.666999,16.667800,,1.342500,1.048100,
36,ECalibratedLiquid,100,16,5446,5445,5443,5445,5408,13092514600312,16.666602,16.665900,,1.358700,1.006500,
36,ECalibratedLiquid,100,16,5447,5446,5444,5446,5409,13092514766971,16.666397,16.665300,,0.000000,1.057600,
