case,mode,requested_particles,ingredients,poll_frame,physics_source_frame,gpu_marker_source_frame,frame_timing_timestamp,wall_interval_ms,cpu_frame_ms,gpu_frame_ms,cpu_physics_submission_ms,gpu_surface_ms
1,CReferenceSurface,100,1,34,33,31,13084571902633,0.148101,0.081800,,0.000000,
1,CReferenceSurface,100,1,35,34,32,13084571903451,1.382901,0.111300,,0.000000,
1,CReferenceSurface,100,1,36,35,33,13084571904564,0.153295,0.104900,,0.000000,
1,CReferenceSurface,100,1,37,36,34,13084571905613,0.134304,0.144900,,0.000000,
1,CReferenceSurface,100,1,38,37,35,13084571907062,0.107894,1.387600,,0.000000,
1,CReferenceSurface,100,1,39,38,36,13084571920938,0.090901,0.148500,,0.000000,
1,CReferenceSurface,100,1,40,39,37,13084571922423,0.110601,0.133600,,0.000000,
1,CReferenceSurface,100,1,41,40,38,13084571923759,0.091801,0.107900,,0.000000,
1,CReferenceSurface,100,1,42,41,39,13084571924838,0.101198,0.090700,,0.000000,
1,CReferenceSurface,100,1,43,42,40,13084571925745,0.103501,0.110300,,0.000000,
1,CReferenceSurface,100,1,44,43,41,13084571926848,0.091404,0.094000,,0.000000,
1,CReferenceSurface,100,1,45,44,42,13084571927788,0.074695,0.100200,,0.000000,
1,CReferenceSurface,100,1,46,45,43,13084571928790,0.064704,0.102800,,0.000000,
1,CReferenceSurface,100,1,47,46,44,13084571929818,0.092701,0.091600,,0.000000,
1,CReferenceSurface,100,1,48,47,45,13084571930734,0.078097,0.074200,,0.000000,
1,CReferenceSurface,100,1,49,48,46,13084571931476,0.090101,0.064400,,0.000000,
1,CReferenceSurface,100,1,50,49,47,13084571932120,0.090398,0.093200,,0.000000,
1,CReferenceSurface,100,1,51,50,48,13084571933052,0.083702,0.077700,,0.000000,
1,CReferenceSurface,100,1,52,51,49,13084571933829,0.086798,0.090400,,0.000000,
1,CReferenceSurface,100,1,53,52,50,13084571934733,0.092602,0.090200,,0.000000,
1,CReferenceSurface,100,1,54,53,51,13084571935635,0.062401,0.083900,,0.000000,
1,CReferenceSurface,100,1,55,54,52,13084571936474,0.091397,0.086700,,0.000000,
1,CReferenceSurface,100,1,56,55,53,13084571937341,0.086699,0.092700,,0.000000,
1,CReferenceSurface,100,1,57,56,54,13084571938268,0.079904,0.062100,,0.000000,
1,CReferenceSurface,100,1,58,57,55,13084571938889,0.085998,0.091900,,0.000000,
1,CReferenceSurface,100,1,59,58,56,13084571939808,0.092800,0.086700,,0.000000,
1,CReferenceSurface,100,1,60,59,57,13084571940675,0.092602,0.079600,,0.000000,
1,CReferenceSurface,100,1,61,60,58,13084571941471,0.103295,0.086300,,0.000000,
1,CReferenceSurface,100,1,62,61,59,13084571942334,0.107100,0.092400,,0.000000,
1,CReferenceSurface,100,1,63,62,60,13084571943258,0.092503,0.093100,,0.000000,
1,CReferenceSurface,100,1,64,63,61,13084571944189,0.087500,0.107200,,0.000000,
1,CReferenceSurface,100,1,65,64,62,13084571945261,0.096797,0.103800,,0.000000,
1,CReferenceSurface,100,1,66,65,63,13084571946299,0.086302,0.092400,,0.000000,
1,CReferenceSurface,100,1,67,66,64,13084571947223,0.084503,0.087100,,0.000000,
1,CReferenceSurface,100,1,68,67,65,13084571948094,0.084099,0.096500,,0.000000,
1,CReferenceSurface,100,1,69,68,66,13084571949059,0.083596,0.086400,,0.000000,
1,CReferenceSurface,100,1,70,69,67,13084571949923,0.091801,0.084600,,0.000000,
1,CReferenceSurface,100,1,71,70,68,13084571950769,0.081902,0.083900,,0.000000,
1,CReferenceSurface,100,1,72,71,69,13084571951608,0.090802,0.083800,,0.000000,
1,CReferenceSurface,100,1,73,72,70,13084571952446,0.087401,0.091700,,0.000000,
1,CReferenceSurface,100,1,74,73,71,13084571953363,0.081399,0.081800,,0.000000,
1,CReferenceSurface,100,1,75,74,72,13084571954181,0.066298,0.090500,,0.000000,
1,CReferenceSurface,100,1,76,75,73,13084571955086,0.081498,0.087600,,0.000000,
1,CReferenceSurface,100,1,77,76,74,13084571955962,0.067701,0.081000,,0.000000,
1,CReferenceSurface,100,1,78,77,75,13084571956772,0.082504,0.066200,,0.000000,
1,CReferenceSurface,100,1,79,78,76,13084571957434,0.090993,0.081900,,0.000000,
1,CReferenceSurface,100,1,80,79,77,13084571958253,0.087103,0.067500,,0.000000,
1,CReferenceSurface,100,1,81,80,78,13084571958928,0.078401,0.083000,,0.000000,
1,CReferenceSurface,100,1,82,81,79,13084571959758,0.067602,0.090900,,0.000000,
1,CReferenceSurface,100,1,83,82,80,13084571960667,0.090200,0.087400,,0.000000,
1,CReferenceSurface,100,1,84,83,81,13084571961541,0.106498,0.078000,,0.000000,
1,CReferenceSurface,100,1,85,84,82,13084571962321,0.090901,0.067300,,0.000000,
1,CReferenceSurface,100,1,86,85,83,13084571962994,0.088698,0.094900,,0.000000,
1,CReferenceSurface,100,1,87,86,84,13084571963943,0.100198,0.103100,,0.000000,
1,CReferenceSurface,100,1,88,87,85,13084571964974,0.083999,0.090500,,0.000000,
1,CReferenceSurface,100,1,89,88,86,13084571965879,0.084701,0.089200,,0.000000,
1,CReferenceSurface,100,1,90,89,87,13084571966771,0.067000,0.099000,,0.000000,
1,CReferenceSurface,100,1,91,90,88,13084571967761,0.079500,0.083800,,0.000000,
1,CReferenceSurface,100,1,92,91,89,13084571968599,0.080201,0.084900,,0.000000,
1,CReferenceSurface,100,1,93,92,90,13084571969448,0.091100,0.066600,,0.000000,
1,CReferenceSurface,100,1,94,93,91,13084571970114,0.115101,0.079700,,0.000000,
1,CReferenceSurface,100,1,95,94,92,13084571970911,0.105499,0.080200,,0.000000,
1,CReferenceSurface,100,1,96,95,93,13084571971713,0.103501,0.091200,,0.000000,
1,CReferenceSurface,100,1,97,96,94,13084571972625,0.084297,0.118300,,0.000000,
1,CReferenceSurface,100,1,98,97,95,13084571973808,0.089803,0.102700,,0.000000,
1,CReferenceSurface,100,1,99,98,96,13084571974835,0.099100,0.103300,,0.000000,
1,CReferenceSurface,100,1,100,99,97,13084571975868,0.137202,0.084300,,0.000000,
1,CReferenceSurface,100,1,101,100,98,13084571976711,0.136196,0.091200,,0.000000,
1,CReferenceSurface,100,1,102,101,99,13084571977623,0.126800,0.102000,,0.000000,
1,CReferenceSurface,100,1,103,102,100,13084571978643,0.107603,0.144600,,0.000000,
1,CReferenceSurface,100,1,104,103,101,13084571980089,0.115597,0.127200,,0.000000,
1,CReferenceSurface,100,1,105,104,102,13084571981361,0.098101,0.126400,,0.000000,
1,CReferenceSurface,100,1,106,105,103,13084571982625,0.072300,0.105600,,0.000000,
1,CReferenceSurface,100,1,107,106,104,13084571983681,0.066001,0.118800,,0.000000,
1,CReferenceSurface,100,1,108,107,105,13084571984869,0.082001,0.094800,,0.000000,
1,CReferenceSurface,100,1,109,108,106,13084571985817,0.079599,0.072600,,0.000000,
1,CReferenceSurface,100,1,110,109,107,13084571986543,0.093098,0.065400,,0.000000,
1,CReferenceSurface,100,1,111,110,108,13084571987197,0.082405,0.082100,,0.000000,
1,CReferenceSurface,100,1,112,111,109,13084571988018,0.080796,0.079400,,0.000000,
1,CReferenceSurface,100,1,113,112,110,13084571988812,0.080300,0.092800,,0.000000,
1,CReferenceSurface,100,1,114,113,111,13084571989740,0.077997,0.082600,,0.000000,
1,CReferenceSurface,100,1,115,114,112,13084571990566,0.080804,0.080700,,0.000000,
1,CReferenceSurface,100,1,116,115,113,13084571991373,0.149802,0.080200,,0.000000,
1,CReferenceSurface,100,1,117,116,114,13084571992175,0.072697,0.078100,,0.000000,
1,CReferenceSurface,100,1,118,117,115,13084571992956,0.074100,0.080600,,0.000000,
1,CReferenceSurface,100,1,119,118,116,13084571993762,0.079797,0.150500,,0.000000,
1,CReferenceSurface,100,1,120,119,117,13084571995267,0.080400,0.072700,,0.000000,
1,CReferenceSurface,100,1,121,120,118,13084571995994,0.081307,0.073600,,0.000000,
1,CReferenceSurface,100,1,122,121,119,13084571996730,0.082497,0.079900,,0.000000,
1,CReferenceSurface,100,1,123,122,120,13084571997529,0.079599,0.080300,,0.000000,
2,CReferenceSurface,100,4,155,154,152,13084572394702,0.086600,0.106500,,0.000000,
2,CReferenceSurface,100,4,156,155,153,13084572395767,0.109602,0.102500,,0.000000,
2,CReferenceSurface,100,4,157,156,154,13084572396792,0.102402,0.102300,,0.000000,
2,CReferenceSurface,100,4,158,157,155,13084572397815,0.100496,0.087800,,0.000000,
2,CReferenceSurface,100,4,159,158,156,13084572398693,0.074802,0.110700,,0.000000,
2,CReferenceSurface,100,4,160,159,157,13084572399800,0.092297,0.100700,,0.000000,
2,CReferenceSurface,100,4,161,160,158,13084572400807,0.092800,0.099600,,0.000000,
2,CReferenceSurface,100,4,162,161,159,13084572401803,0.067503,0.074500,,0.000000,
2,CReferenceSurface,100,4,163,162,160,13084572402548,0.073200,0.092300,,0.000000,
2,CReferenceSurface,100,4,164,163,161,13084572403471,0.084297,0.092800,,0.000000,
2,CReferenceSurface,100,4,165,164,162,13084572404399,0.126502,0.067400,,0.000000,
2,CReferenceSurface,100,4,166,165,163,13084572405073,0.079698,0.073500,,0.000000,
2,CReferenceSurface,100,4,167,166,164,13084572405808,0.116404,0.084000,,0.000000,
2,CReferenceSurface,100,4,168,167,165,13084572406648,0.152700,0.127000,,0.000000,
2,CReferenceSurface,100,4,169,168,166,13084572407918,0.125198,0.079900,,0.000000,
2,CReferenceSurface,100,4,170,169,167,13084572408717,0.098597,0.122100,,0.000000,
2,CReferenceSurface,100,4,171,170,168,13084572409938,0.589803,0.148200,,0.462100,
2,CReferenceSurface,100,4,172,171,169,13084572411420,0.106300,0.123800,,0.000000,
2,CReferenceSurface,100,4,173,172,170,13084572412658,0.092701,0.098300,,0.000000,
2,CReferenceSurface,100,4,174,173,171,13084572413641,0.090901,0.591100,,0.000000,
2,CReferenceSurface,100,4,175,174,172,13084572419552,0.114300,0.105500,,0.000000,
2,CReferenceSurface,100,4,176,175,173,13084572420607,0.078501,0.092500,,0.000000,
2,CReferenceSurface,100,4,177,176,174,13084572421532,0.091100,0.095100,,0.000000,
2,CReferenceSurface,100,4,178,177,175,13084572422483,0.081696,0.110400,,0.000000,
2,CReferenceSurface,100,4,179,178,176,13084572423587,0.098101,0.078000,,0.000000,
2,CReferenceSurface,100,4,180,179,177,13084572424367,0.091397,0.091400,,0.000000,
2,CReferenceSurface,100,4,181,180,178,13084572425281,0.090405,0.082900,,0.000000,
2,CReferenceSurface,100,4,182,181,179,13084572426110,0.088995,0.096700,,0.000000,
2,CReferenceSurface,100,4,183,182,180,13084572427077,0.308702,0.091900,,0.000000,
2,CReferenceSurface,100,4,184,183,181,13084572427996,0.489803,0.091400,,0.000000,
2,CReferenceSurface,100,4,185,184,182,13084572428910,0.400198,0.087700,,0.000000,
2,CReferenceSurface,100,4,186,185,183,13084572429787,0.177601,0.310200,,0.000000,
2,CReferenceSurface,100,4,187,186,184,13084572432889,0.451800,0.489800,,0.000000,
2,CReferenceSurface,100,4,188,187,185,13084572437787,0.176998,0.403300,,0.000000,
2,CReferenceSurface,100,4,189,188,186,13084572441820,0.234899,0.178500,,0.000000,
2,CReferenceSurface,100,4,190,189,187,13084572443605,0.110502,0.450800,,0.000000,
2,CReferenceSurface,100,4,191,190,188,13084572448113,0.147102,0.175200,,0.000000,
2,CReferenceSurface,100,4,192,191,189,13084572449865,0.101297,0.236200,,0.000000,
2,CReferenceSurface,100,4,193,192,190,13084572452227,0.110098,0.110700,,0.000000,
2,CReferenceSurface,100,4,194,193,191,13084572453334,0.069501,0.143400,,0.000000,
2,CReferenceSurface,100,4,195,194,192,13084572454768,0.109503,0.101200,,0.000000,
2,CReferenceSurface,100,4,196,195,193,13084572455780,0.094700,0.109500,,0.000000,
2,CReferenceSurface,100,4,197,196,194,13084572456875,0.092297,0.069100,,0.000000,
2,CReferenceSurface,100,4,198,197,195,13084572457566,0.089803,0.110500,,0.000000,
2,CReferenceSurface,100,4,199,198,196,13084572458671,0.084198,0.094300,,0.000000,
2,CReferenceSurface,100,4,200,199,197,13084572459614,0.097499,0.092300,,0.000000,
2,CReferenceSurface,100,4,201,200,198,13084572460537,0.090200,0.089700,,0.000000,
2,CReferenceSurface,100,4,202,201,199,13084572461434,0.090703,0.084100,,0.000000,
2,CReferenceSurface,100,4,203,202,200,13084572462275,0.106597,0.097800,,0.000000,
2,CReferenceSurface,100,4,204,203,201,13084572463253,0.170004,0.090200,,0.000000,
2,CReferenceSurface,100,4,205,204,202,13084572464155,0.101899,0.091000,,0.000000,
2,CReferenceSurface,100,4,206,205,203,13084572465065,0.100702,0.112800,,0.000000,
2,CReferenceSurface,100,4,207,206,204,13084572466193,0.088095,0.165800,,0.000000,
2,CReferenceSurface,100,4,208,207,205,13084572467851,0.093105,0.100000,,0.000000,
2,CReferenceSurface,100,4,209,208,206,13084572468851,0.084899,0.100600,,0.000000,
2,CReferenceSurface,100,4,210,209,207,13084572469857,0.081200,0.087700,,0.000000,
2,CReferenceSurface,100,4,211,210,208,13084572470734,0.079996,0.093400,,0.000000,
2,CReferenceSurface,100,4,212,211,209,13084572471668,0.080400,0.084700,,0.000000,
2,CReferenceSurface,100,4,213,212,210,13084572472515,0.085799,0.080700,,0.000000,
2,CReferenceSurface,100,4,214,213,211,13084572473322,0.109503,0.080200,,0.000000,
2,CReferenceSurface,100,4,215,214,212,13084572474124,0.088804,0.080300,,0.000000,
2,CReferenceSurface,100,4,216,215,213,13084572474927,0.082299,0.088700,,0.000000,
2,CReferenceSurface,100,4,217,216,214,13084572475814,0.094600,0.108000,,0.000000,
2,CReferenceSurface,100,4,218,217,215,13084572476894,0.105499,0.087700,,0.000000,
2,CReferenceSurface,100,4,219,218,216,13084572477771,0.122300,0.082100,,0.000000,
2,CReferenceSurface,100,4,220,219,217,13084572478592,0.120096,0.095100,,0.000000,
2,CReferenceSurface,100,4,221,220,218,13084572479543,0.122003,0.107500,,0.000000,
2,CReferenceSurface,100,4,222,221,219,13084572480618,0.136402,0.123500,,0.000000,
2,CReferenceSurface,100,4,223,222,220,13084572481853,0.113598,0.117500,,0.000000,
2,CReferenceSurface,100,4,224,223,221,13084572483028,0.136402,0.125700,,0.000000,
2,CReferenceSurface,100,4,225,224,222,13084572484285,0.104797,0.134100,,0.000000,
2,CReferenceSurface,100,4,226,225,223,13084572485626,0.097902,0.114500,,0.000000,
2,CReferenceSurface,100,4,227,226,224,13084572486771,0.117595,0.134600,,0.000000,
2,CReferenceSurface,100,4,228,227,225,13084572488117,0.117701,0.104000,,0.000000,
2,CReferenceSurface,100,4,229,228,226,13084572489157,0.103904,0.097800,,0.000000,
2,CReferenceSurface,100,4,230,229,227,13084572490135,0.113194,0.118600,,0.000000,
2,CReferenceSurface,100,4,231,230,228,13084572491321,0.115604,0.116800,,0.000000,
2,CReferenceSurface,100,4,232,231,229,13084572492489,0.096698,0.103600,,0.000000,
2,CReferenceSurface,100,4,233,232,230,13084572493525,0.109403,0.115800,,0.000000,
2,CReferenceSurface,100,4,234,233,231,13084572494683,0.070996,0.113400,,0.000000,
2,CReferenceSurface,100,4,235,234,232,13084572495817,0.105605,0.096500,,0.000000,
2,CReferenceSurface,100,4,236,235,233,13084572496782,0.103394,0.108800,,0.000000,
2,CReferenceSurface,100,4,237,236,234,13084572497870,0.125702,0.071000,,0.000000,
2,CReferenceSurface,100,4,238,237,235,13084572498580,0.104301,0.106000,,0.000000,
2,CReferenceSurface,100,4,239,238,236,13084572499640,0.103401,0.107500,,0.000000,
2,CReferenceSurface,100,4,240,239,237,13084572500715,0.107001,0.121300,,0.000000,
2,CReferenceSurface,100,4,241,240,238,13084572501928,0.112500,0.104500,,0.000000,
2,CReferenceSurface,100,4,242,241,239,13084572502973,0.106895,0.106600,,0.000000,
2,CReferenceSurface,100,4,243,242,240,13084572504039,0.099802,0.103900,,0.000000,
2,CReferenceSurface,100,4,244,243,241,13084572505078,0.098399,0.112800,,0.000000,
3,CReferenceSurface,100,8,276,275,273,13084572796967,0.109297,0.090200,,0.000000,
3,CReferenceSurface,100,8,277,276,274,13084572797869,0.106604,0.131100,,0.000000,
3,CReferenceSurface,100,8,278,277,275,13084572799180,0.099795,0.074200,,0.000000,
3,CReferenceSurface,100,8,279,278,276,13084572799922,0.098299,0.111800,,0.000000,
3,CReferenceSurface,100,8,280,279,277,13084572801040,0.096903,0.103300,,0.000000,
3,CReferenceSurface,100,8,281,280,278,13084572802073,0.109503,0.099700,,0.000000,
3,CReferenceSurface,100,8,282,281,279,13084572803070,0.141397,0.098600,,0.000000,
3,CReferenceSurface,100,8,283,282,280,13084572804056,0.140299,0.096800,,0.000000,
3,CReferenceSurface,100,8,284,283,281,13084572805024,0.101701,0.115100,,0.000000,
3,CReferenceSurface,100,8,285,284,282,13084572806175,0.096698,0.137600,,0.000000,
3,CReferenceSurface,100,8,286,285,283,13084572807551,0.099199,0.138900,,0.000000,
3,CReferenceSurface,100,8,287,286,284,13084572808940,0.068006,0.101600,,0.000000,
3,CReferenceSurface,100,8,288,287,285,13084572809956,0.076198,0.096200,,0.000000,
3,CReferenceSurface,100,8,289,288,286,13084572810918,0.095302,0.099000,,0.000000,
3,CReferenceSurface,100,8,290,289,287,13084572811908,0.594898,0.068100,,0.467600,
3,CReferenceSurface,100,8,291,290,288,13084572812589,0.127601,0.076400,,0.000000,
3,CReferenceSurface,100,8,292,291,289,13084572813353,0.099702,0.095200,,0.000000,
3,CReferenceSurface,100,8,293,292,290,13084572814305,0.101899,0.600400,,0.000000,
3,CReferenceSurface,100,8,294,293,291,13084572820309,0.150397,0.124400,,0.000000,
3,CReferenceSurface,100,8,295,294,292,13084572821553,0.142297,0.098300,,0.000000,
3,CReferenceSurface,100,8,296,295,293,13084572822536,0.133404,0.105700,,0.000000,
3,CReferenceSurface,100,8,297,296,294,13084572823593,0.104797,0.150300,,0.000000,
3,CReferenceSurface,100,8,298,297,295,13084572825096,0.083000,0.142200,,0.000000,
3,CReferenceSurface,100,8,299,298,296,13084572826518,0.077799,0.130300,,0.000000,
3,CReferenceSurface,100,8,300,299,297,13084572827821,0.090001,0.103800,,0.000000,
3,CReferenceSurface,100,8,301,300,298,13084572828859,0.112698,0.082500,,0.000000,
3,CReferenceSurface,100,8,302,301,299,13084572829684,0.100000,0.077800,,0.000000,
3,CReferenceSurface,100,8,303,302,300,13084572830462,0.120203,0.092300,,0.000000,
3,CReferenceSurface,100,8,304,303,301,13084572831385,0.134503,0.111400,,0.000000,
3,CReferenceSurface,100,8,305,304,302,13084572832499,0.098498,0.100600,,0.000000,
3,CReferenceSurface,100,8,306,305,303,13084572833505,0.081902,0.122000,,0.000000,
3,CReferenceSurface,100,8,307,306,304,13084572834725,0.096698,0.133200,,0.000000,
3,CReferenceSurface,100,8,308,307,305,13084572836057,0.100298,0.097100,,0.000000,
3,CReferenceSurface,100,8,309,308,306,13084572837028,0.150205,0.081300,,0.000000,
3,CReferenceSurface,100,8,310,309,307,13084572837841,0.246499,0.097100,,0.000000,
3,CReferenceSurface,100,8,311,310,308,13084572838812,0.342595,0.102600,,0.000000,
3,CReferenceSurface,100,8,312,311,309,13084572839838,0.561203,0.151300,,0.000000,
3,CReferenceSurface,100,8,313,312,310,13084572841351,0.197399,0.247600,,0.000000,
3,CReferenceSurface,100,8,314,313,311,13084572843827,0.252799,0.344200,,0.000000,
3,CReferenceSurface,100,8,315,314,312,13084572847269,0.145599,0.558800,,0.000000,
3,CReferenceSurface,100,8,316,315,313,13084572852857,0.104804,0.198100,,0.000000,
3,CReferenceSurface,100,8,317,316,314,13084572854838,0.152494,0.249800,,0.000000,
3,CReferenceSurface,100,8,318,317,315,13084572857336,0.133702,0.144800,,0.000000,
3,CReferenceSurface,100,8,319,318,316,13084572858784,0.131902,0.110600,,0.000000,
3,CReferenceSurface,100,8,320,319,317,13084572859890,0.147895,0.146700,,0.000000,
3,CReferenceSurface,100,8,321,320,318,13084572861357,0.117404,0.137800,,0.000000,
3,CReferenceSurface,100,8,322,321,319,13084572862735,0.115597,0.127400,,0.000000,
3,CReferenceSurface,100,8,323,322,320,13084572864009,0.101701,0.148200,,0.000000,
3,CReferenceSurface,100,8,324,323,321,13084572865491,0.113400,0.118400,,0.000000,
3,CReferenceSurface,100,8,325,324,322,13084572866675,0.112103,0.114700,,0.000000,
3,CReferenceSurface,100,8,326,325,323,13084572867822,0.107703,0.101500,,0.000000,
3,CReferenceSurface,100,8,327,326,324,13084572868837,0.103798,0.113600,,0.000000,
3,CReferenceSurface,100,8,328,327,325,13084572869973,0.073795,0.112000,,0.000000,
3,CReferenceSurface,100,8,329,328,326,13084572871093,0.097102,0.107500,,0.000000,
3,CReferenceSurface,100,8,330,329,327,13084572872168,0.103600,0.103400,,0.000000,
3,CReferenceSurface,100,8,331,330,328,13084572873202,0.096003,0.073700,,0.000000,
3,CReferenceSurface,100,8,332,331,329,13084572873939,0.113797,0.097600,,0.000000,
3,CReferenceSurface,100,8,333,332,330,13084572874915,0.140101,0.103200,,0.000000,
3,CReferenceSurface,100,8,334,333,331,13084572875947,0.142099,0.096300,,0.000000,
3,CReferenceSurface,100,8,335,334,332,13084572876910,0.107901,0.117500,,0.000000,
3,CReferenceSurface,100,8,336,335,333,13084572878085,0.099702,0.140700,,0.000000,
3,CReferenceSurface,100,8,337,336,334,13084572879492,0.103699,0.138900,,0.000000,
3,CReferenceSurface,100,8,338,337,335,13084572880881,0.100801,0.107100,,0.000000,
3,CReferenceSurface,100,8,339,338,336,13084572881952,0.098795,0.099400,,0.000000,
3,CReferenceSurface,100,8,340,339,337,13084572882946,0.110700,0.105400,,0.000000,
3,CReferenceSurface,100,8,341,340,338,13084572884000,0.103805,0.098800,,0.000000,
3,CReferenceSurface,100,8,342,341,339,13084572884988,0.108900,0.100400,,0.000000,
3,CReferenceSurface,100,8,343,342,340,13084572885992,0.105896,0.110500,,0.000000,
3,CReferenceSurface,100,8,344,343,341,13084572887097,0.106399,0.103300,,0.000000,
3,CReferenceSurface,100,8,345,344,342,13084572888130,0.132001,0.108100,,0.000000,
3,CReferenceSurface,100,8,346,345,343,13084572889211,0.123505,0.105900,,0.000000,
3,CReferenceSurface,100,8,347,346,344,13084572890270,0.117000,0.109200,,0.000000,
3,CReferenceSurface,100,8,348,347,345,13084572891362,0.110700,0.131400,,0.000000,
3,CReferenceSurface,100,8,349,348,346,13084572892676,0.151098,0.123900,,0.000000,
3,CReferenceSurface,100,8,350,349,347,13084572893915,0.106200,0.114700,,0.000000,
3,CReferenceSurface,100,8,351,350,348,13084572895062,0.114498,0.110700,,0.000000,
3,CReferenceSurface,100,8,352,351,349,13084572896169,0.073802,0.152000,,0.000000,
3,CReferenceSurface,100,8,353,352,350,13084572897689,0.104897,0.105700,,0.000000,
3,CReferenceSurface,100,8,354,353,351,13084572898746,0.107398,0.114100,,0.000000,
3,CReferenceSurface,100,8,355,354,352,13084572899887,0.104301,0.073500,,0.000000,
3,CReferenceSurface,100,8,356,355,353,13084572900622,0.106604,0.104900,,0.000000,
3,CReferenceSurface,100,8,357,356,354,13084572901671,0.095295,0.109900,,0.000000,
3,CReferenceSurface,100,8,358,357,355,13084572902770,0.103203,0.102400,,0.000000,
3,CReferenceSurface,100,8,359,358,356,13084572903794,0.103798,0.105900,,0.000000,
3,CReferenceSurface,100,8,360,359,357,13084572904853,0.070302,0.095800,,0.000000,
3,CReferenceSurface,100,8,361,360,358,13084572905811,0.095103,0.102900,,0.000000,
3,CReferenceSurface,100,8,362,361,359,13084572906840,0.095295,0.103200,,0.000000,
3,CReferenceSurface,100,8,363,362,360,13084572907872,0.095904,0.070800,,0.000000,
3,CReferenceSurface,100,8,364,363,361,13084572908580,0.100900,0.095100,,0.000000,
3,CReferenceSurface,100,8,365,364,362,13084572909531,0.126800,0.095900,,0.000000,
4,CReferenceSurface,100,16,397,396,394,13084573201130,0.149001,0.491300,,0.000000,
4,CReferenceSurface,100,16,398,397,395,13084573206043,0.100602,0.187700,,0.000000,
4,CReferenceSurface,100,16,399,398,396,13084573207920,0.145096,0.098600,,0.000000,
4,CReferenceSurface,100,16,400,399,397,13084573208906,0.182504,0.148400,,0.000000,
4,CReferenceSurface,100,16,401,400,398,13084573210390,0.706498,0.102000,,0.476800,
4,CReferenceSurface,100,16,402,401,399,13084573211410,0.099001,0.147800,,0.000000,
4,CReferenceSurface,100,16,403,402,400,13084573212888,0.082802,0.179000,,0.000000,
4,CReferenceSurface,100,16,404,403,401,13084573214678,0.082795,0.706700,,0.000000,
4,CReferenceSurface,100,16,405,404,402,13084573221745,0.108603,0.097800,,0.000000,
4,CReferenceSurface,100,16,406,405,403,13084573222723,0.078699,0.082400,,0.000000,
4,CReferenceSurface,100,16,407,406,404,13084573223547,0.079904,0.086700,,0.000000,
4,CReferenceSurface,100,16,408,407,405,13084573224414,0.088499,0.105200,,0.000000,
4,CReferenceSurface,100,16,409,408,406,13084573225466,0.107901,0.078300,,0.000000,
4,CReferenceSurface,100,16,410,409,407,13084573226249,0.105896,0.081100,,0.000000,
4,CReferenceSurface,100,16,411,410,408,13084573227060,0.096202,0.087400,,0.000000,
4,CReferenceSurface,100,16,412,411,409,13084573227934,0.087103,0.108600,,0.000000,
4,CReferenceSurface,100,16,413,412,410,13084573229020,0.089399,0.105700,,0.000000,
4,CReferenceSurface,100,16,414,413,411,13084573230077,0.094799,0.095600,,0.000000,
4,CReferenceSurface,100,16,415,414,412,13084573231033,0.072598,0.088400,,0.000000,
4,CReferenceSurface,100,16,416,415,413,13084573231917,0.097399,0.088600,,0.000000,
4,CReferenceSurface,100,16,417,416,414,13084573232803,0.139902,0.094200,,0.000000,
4,CReferenceSurface,100,16,418,417,415,13084573233745,0.108900,0.075100,,0.000000,
4,CReferenceSurface,100,16,419,418,416,13084573234496,0.125602,0.099900,,0.000000,
4,CReferenceSurface,100,16,420,419,417,13084573235495,0.106300,0.135900,,0.000000,
4,CReferenceSurface,100,16,421,420,418,13084573236854,0.105598,0.109700,,0.000000,
4,CReferenceSurface,100,16,422,421,419,13084573237951,0.107299,0.124600,,0.000000,
4,CReferenceSurface,100,16,423,422,420,13084573239197,0.095203,0.106500,,0.000000,
4,CReferenceSurface,100,16,424,423,421,13084573240262,0.105499,0.106900,,0.000000,
4,CReferenceSurface,100,16,425,424,422,13084573241331,0.090802,0.105700,,0.000000,
4,CReferenceSurface,100,16,426,425,423,13084573242388,0.098498,0.094800,,0.000000,
4,CReferenceSurface,100,16,427,426,424,13084573243336,0.099398,0.105500,,0.000000,
4,CReferenceSurface,100,16,428,427,425,13084573244391,0.295699,0.090600,,0.000000,
4,CReferenceSurface,100,16,429,428,426,13084573245297,0.235700,0.098500,,0.000000,
4,CReferenceSurface,100,16,430,429,427,13084573246282,0.308206,0.101600,,0.000000,
4,CReferenceSurface,100,16,431,430,428,13084573247298,0.596096,0.294100,,0.000000,
4,CReferenceSurface,100,16,432,431,429,13084573250239,0.653904,0.237700,,0.000000,
4,CReferenceSurface,100,16,433,432,430,13084573252616,0.142595,0.308100,,0.000000,
4,CReferenceSurface,100,16,434,433,431,13084573255697,0.103401,0.599100,,0.000000,
4,CReferenceSurface,100,16,435,434,432,13084573261688,0.143601,0.652400,,0.000000,
4,CReferenceSurface,100,16,436,435,433,13084573268212,0.086501,0.140600,,0.000000,
4,CReferenceSurface,100,16,437,436,434,13084573269618,0.151297,0.103600,,0.000000,
4,CReferenceSurface,100,16,438,437,435,13084573270654,0.081200,0.142100,,0.000000,
4,CReferenceSurface,100,16,439,438,436,13084573272075,0.137103,0.090300,,0.000000,
4,CReferenceSurface,100,16,440,439,437,13084573272978,0.111196,0.146800,,0.000000,
4,CReferenceSurface,100,16,441,440,438,13084573274446,0.103005,0.086300,,0.000000,
4,CReferenceSurface,100,16,442,441,439,13084573275309,0.137897,0.131800,,0.000000,
4,CReferenceSurface,100,16,443,442,440,13084573276627,0.096400,0.111500,,0.000000,
4,CReferenceSurface,100,16,444,443,441,13084573277742,0.081902,0.105900,,0.000000,
4,CReferenceSurface,100,16,445,444,442,13084573278801,0.138202,0.135200,,0.000000,
4,CReferenceSurface,100,16,446,445,443,13084573280153,0.131300,0.096200,,0.000000,
4,CReferenceSurface,100,16,447,446,444,13084573281115,0.075099,0.084900,,0.000000,
4,CReferenceSurface,100,16,448,447,445,13084573281964,0.133695,0.135500,,0.000000,
4,CReferenceSurface,100,16,449,448,446,13084573283319,0.113102,0.130800,,0.000000,
4,CReferenceSurface,100,16,450,449,447,13084573284627,0.106200,0.078900,,0.000000,
4,CReferenceSurface,100,16,451,450,448,13084573285416,0.101403,0.130800,,0.000000,
4,CReferenceSurface,100,16,452,451,449,13084573286724,0.117999,0.113100,,0.000000,
4,CReferenceSurface,100,16,453,452,450,13084573287855,0.100496,0.106000,,0.000000,
4,CReferenceSurface,100,16,454,453,451,13084573288915,0.108503,0.102800,,0.000000,
4,CReferenceSurface,100,16,455,454,452,13084573289943,0.143197,0.116700,,0.000000,
4,CReferenceSurface,100,16,456,455,453,13084573291110,0.104904,0.099800,,0.000000,
4,CReferenceSurface,100,16,457,456,454,13084573292108,0.139498,0.116300,,0.000000,
4,CReferenceSurface,100,16,458,457,455,13084573293271,0.107802,0.136000,,0.000000,
4,CReferenceSurface,100,16,459,458,456,13084573294631,0.101899,0.108700,,0.000000,
4,CReferenceSurface,100,16,460,459,457,13084573295718,0.153097,0.136100,,0.000000,
4,CReferenceSurface,100,16,461,460,458,13084573297079,0.168006,0.107400,,0.000000,
4,CReferenceSurface,100,16,462,461,459,13084573298153,0.130598,0.101900,,0.000000,
4,CReferenceSurface,100,16,463,462,460,13084573299172,0.132596,0.161500,,0.000000,
4,CReferenceSurface,100,16,464,463,461,13084573300787,0.131505,0.166200,,0.000000,
4,CReferenceSurface,100,16,465,464,462,13084573302449,0.154195,0.126000,,0.000000,
4,CReferenceSurface,100,16,466,465,463,13084573303709,0.148505,0.133800,,0.000000,
4,CReferenceSurface,100,16,467,466,464,13084573305047,0.114796,0.135100,,0.000000,
4,CReferenceSurface,100,16,468,467,465,13084573306398,0.088003,0.150500,,0.000000,
4,CReferenceSurface,100,16,469,468,466,13084573307903,0.111395,0.149000,,0.000000,
4,CReferenceSurface,100,16,470,469,467,13084573309393,0.112706,0.111500,,0.000000,
4,CReferenceSurface,100,16,471,470,468,13084573310508,0.116001,0.087400,,0.000000,
4,CReferenceSurface,100,16,472,471,469,13084573311382,0.104500,0.111400,,0.000000,
4,CReferenceSurface,100,16,473,472,470,13084573312496,0.108999,0.113100,,0.000000,
4,CReferenceSurface,100,16,474,473,471,13084573313627,0.120798,0.115700,,0.000000,
4,CReferenceSurface,100,16,475,474,472,13084573314784,0.109800,0.104600,,0.000000,
4,CReferenceSurface,100,16,476,475,473,13084573315830,0.115497,0.113400,,0.000000,
4,CReferenceSurface,100,16,477,476,474,13084573316964,0.124702,0.118700,,0.000000,
4,CReferenceSurface,100,16,478,477,475,13084573318151,0.098200,0.109500,,0.000000,
4,CReferenceSurface,100,16,479,478,476,13084573319246,0.128699,0.116200,,0.000000,
4,CReferenceSurface,100,16,480,479,477,13084573320408,0.124405,0.122100,,0.000000,
4,CReferenceSurface,100,16,481,480,478,13084573321629,0.103295,0.103100,,0.000000,
4,CReferenceSurface,100,16,482,481,479,13084573322660,0.098002,0.126900,,0.000000,
4,CReferenceSurface,100,16,483,482,480,13084573323929,0.108801,0.121800,,0.000000,
4,CReferenceSurface,100,16,484,483,481,13084573325147,0.106498,0.103300,,0.000000,
4,CReferenceSurface,100,16,485,484,482,13084573326180,0.130804,0.097500,,0.000000,
4,CReferenceSurface,100,16,486,485,483,13084573327155,0.079500,0.108600,,0.000000,
5,CReferenceSurface,300,1,518,517,515,13084573609447,0.202700,0.077800,,0.000000,
5,CReferenceSurface,300,1,519,518,516,13084573610225,0.661203,0.077200,,0.495300,
5,CReferenceSurface,300,1,520,519,517,13084573610997,0.137500,0.175100,,0.000000,
5,CReferenceSurface,300,1,521,520,518,13084573612748,0.096499,0.151000,,0.000000,
5,CReferenceSurface,300,1,522,521,519,13084573614258,0.139796,0.662300,,0.000000,
5,CReferenceSurface,300,1,523,522,520,13084573620881,0.152105,0.133900,,0.000000,
5,CReferenceSurface,300,1,524,523,521,13084573622220,0.156498,0.099900,,0.000000,
5,CReferenceSurface,300,1,525,524,522,13084573623219,0.091702,0.139700,,0.000000,
5,CReferenceSurface,300,1,526,525,523,13084573624616,0.086997,0.150500,,0.000000,
5,CReferenceSurface,300,1,527,526,524,13084573626121,0.127303,0.155000,,0.000000,
5,CReferenceSurface,300,1,528,527,525,13084573627671,0.133298,0.092500,,0.000000,
5,CReferenceSurface,300,1,529,528,526,13084573628596,0.128699,0.087600,,0.000000,
5,CReferenceSurface,300,1,530,529,527,13084573629472,0.112401,0.128900,,0.000000,
5,CReferenceSurface,300,1,531,530,528,13084573630761,0.108801,0.129200,,0.000000,
5,CReferenceSurface,300,1,532,531,529,13084573632053,0.110303,0.130300,,0.000000,
5,CReferenceSurface,300,1,533,532,530,13084573633356,0.125999,0.112000,,0.000000,
5,CReferenceSurface,300,1,534,533,531,13084573634476,0.131094,0.109900,,0.000000,
5,CReferenceSurface,300,1,535,534,532,13084573635575,0.107100,0.110000,,0.000000,
5,CReferenceSurface,300,1,536,535,533,13084573636675,0.097406,0.126400,,0.000000,
5,CReferenceSurface,300,1,537,536,534,13084573637939,0.114300,0.131100,,0.000000,
5,CReferenceSurface,300,1,538,537,535,13084573639250,0.108099,0.106100,,0.000000,
5,CReferenceSurface,300,1,539,538,536,13084573640311,0.081895,0.096800,,0.000000,
5,CReferenceSurface,300,1,540,539,537,13084573641279,0.083206,0.113900,,0.000000,
5,CReferenceSurface,300,1,541,540,538,13084573642418,0.107497,0.107600,,0.000000,
5,CReferenceSurface,300,1,542,541,539,13084573643494,0.130201,0.081700,,0.000000,
5,CReferenceSurface,300,1,543,542,540,13084573644311,0.117099,0.083400,,0.000000,
5,CReferenceSurface,300,1,544,543,541,13084573645145,0.142800,0.110300,,0.000000,
5,CReferenceSurface,300,1,545,544,542,13084573646248,0.107299,0.131200,,0.000000,
5,CReferenceSurface,300,1,546,545,543,13084573647560,0.110502,0.118800,,0.000000,
5,CReferenceSurface,300,1,547,546,544,13084573648748,0.134396,0.138500,,0.000000,
5,CReferenceSurface,300,1,548,547,545,13084573650133,0.146103,0.108700,,0.000000,
5,CReferenceSurface,300,1,549,548,546,13084573651220,0.130400,0.112400,,0.000000,
5,CReferenceSurface,300,1,550,549,547,13084573652344,0.113598,0.135000,,0.000000,
5,CReferenceSurface,300,1,551,550,548,13084573653694,0.117198,0.145000,,0.000000,
5,CReferenceSurface,300,1,552,551,549,13084573655144,0.130300,0.129000,,0.000000,
5,CReferenceSurface,300,1,553,552,550,13084573656434,0.132703,0.111400,,0.000000,
5,CReferenceSurface,300,1,554,553,551,13084573657548,0.114498,0.118100,,0.000000,
5,CReferenceSurface,300,1,555,554,552,13084573658729,0.134099,0.133500,,0.000000,
5,CReferenceSurface,300,1,556,555,553,13084573660064,0.154904,0.129100,,0.000000,
5,CReferenceSurface,300,1,557,556,554,13084573661355,0.083603,0.117900,,0.000000,
5,CReferenceSurface,300,1,558,557,555,13084573662534,0.142496,0.132000,,0.000000,
5,CReferenceSurface,300,1,559,558,556,13084573663854,0.099603,0.153400,,0.000000,
5,CReferenceSurface,300,1,560,559,557,13084573665388,0.157100,0.089400,,0.000000,
5,CReferenceSurface,300,1,561,560,558,13084573666282,0.073399,0.135900,,0.000000,
5,CReferenceSurface,300,1,562,561,559,13084573667641,0.077402,0.103000,,0.000000,
5,CReferenceSurface,300,1,563,562,560,13084573668671,0.116199,0.154100,,0.000000,
5,CReferenceSurface,300,1,564,563,561,13084573670212,0.075198,0.074200,,0.000000,
5,CReferenceSurface,300,1,565,564,562,13084573670954,0.127997,0.077500,,0.000000,
5,CReferenceSurface,300,1,566,565,563,13084573671729,0.107001,0.115900,,0.000000,
5,CReferenceSurface,300,1,567,566,564,13084573672888,0.142198,0.078600,,0.000000,
5,CReferenceSurface,300,1,568,567,565,13084573673674,0.081505,0.123600,,0.000000,
5,CReferenceSurface,300,1,569,568,566,13084573674910,0.124100,0.108600,,0.000000,
5,CReferenceSurface,300,1,570,569,567,13084573675996,0.117900,0.141000,,0.000000,
5,CReferenceSurface,300,1,571,570,568,13084573677406,0.130201,0.083600,,0.000000,
5,CReferenceSurface,300,1,572,571,569,13084573678242,0.107795,0.126300,,0.000000,
5,CReferenceSurface,300,1,573,572,570,13084573679505,0.075503,0.116300,,0.000000,
5,CReferenceSurface,300,1,574,573,571,13084573680668,0.092602,0.128000,,0.000000,
5,CReferenceSurface,300,1,575,574,572,13084573681948,0.113095,0.107500,,0.000000,
5,CReferenceSurface,300,1,576,575,573,13084573683023,0.071599,0.075000,,0.000000,
5,CReferenceSurface,300,1,577,576,574,13084573683773,0.066001,0.093100,,0.000000,
5,CReferenceSurface,300,1,578,577,575,13084573684704,0.108603,0.112700,,0.000000,
5,CReferenceSurface,300,1,579,578,576,13084573685831,0.108503,0.071300,,0.000000,
5,CReferenceSurface,300,1,580,579,577,13084573686544,0.128997,0.067000,,0.000000,
5,CReferenceSurface,300,1,581,580,578,13084573687214,0.115703,0.108600,,0.000000,
5,CReferenceSurface,300,1,582,581,579,13084573688300,0.095599,0.111200,,0.000000,
5,CReferenceSurface,300,1,583,582,580,13084573689412,0.106696,0.126600,,0.000000,
5,CReferenceSurface,300,1,584,583,581,13084573690678,0.113202,0.114800,,0.000000,
5,CReferenceSurface,300,1,585,584,582,13084573691826,0.094898,0.095800,,0.000000,
5,CReferenceSurface,300,1,586,585,583,13084573692784,0.113903,0.107900,,0.000000,
5,CReferenceSurface,300,1,587,586,584,13084573693863,0.120196,0.112200,,0.000000,
5,CReferenceSurface,300,1,588,587,585,13084573694985,0.110700,0.094700,,0.000000,
5,CReferenceSurface,300,1,589,588,586,13084573695932,0.102501,0.115400,,0.000000,
5,CReferenceSurface,300,1,590,589,587,13084573697086,0.107299,0.119400,,0.000000,
5,CReferenceSurface,300,1,591,590,588,13084573698280,0.099199,0.109400,,0.000000,
5,CReferenceSurface,300,1,592,591,589,13084573699374,0.113102,0.102700,,0.000000,
5,CReferenceSurface,300,1,593,592,590,13084573700401,0.103904,0.107800,,0.000000,
5,CReferenceSurface,300,1,594,593,591,13084573701479,0.100794,0.099300,,0.000000,
5,CReferenceSurface,300,1,595,594,592,13084573702472,0.096606,0.112900,,0.000000,
5,CReferenceSurface,300,1,596,595,593,13084573703601,0.109999,0.103500,,0.000000,
5,CReferenceSurface,300,1,597,596,594,13084573704636,0.108397,0.100800,,0.000000,
5,CReferenceSurface,300,1,598,597,595,13084573705644,0.121804,0.096800,,0.000000,
5,CReferenceSurface,300,1,599,598,596,13084573706612,0.136600,0.112100,,0.000000,
5,CReferenceSurface,300,1,600,599,597,13084573707733,0.091001,0.106500,,0.000000,
5,CReferenceSurface,300,1,601,600,598,13084573708798,0.082497,0.128300,,0.000000,
5,CReferenceSurface,300,1,602,601,599,13084573710081,0.106300,0.130000,,0.000000,
5,CReferenceSurface,300,1,603,602,600,13084573711381,0.090001,0.092000,,0.000000,
5,CReferenceSurface,300,1,604,603,601,13084573712301,0.124298,0.081900,,0.000000,
5,CReferenceSurface,300,1,605,604,602,13084573713120,0.110601,0.105600,,0.000000,
5,CReferenceSurface,300,1,606,605,603,13084573714176,0.082802,0.093800,,0.000000,
5,CReferenceSurface,300,1,607,606,604,13084573715114,0.102197,0.122600,,0.000000,
6,CReferenceSurface,300,4,639,638,636,13084574022181,0.097399,0.082300,,0.000000,
6,CReferenceSurface,300,4,640,639,637,13084574023004,0.096698,0.098100,,0.000000,
6,CReferenceSurface,300,4,641,640,638,13084574023985,0.384099,0.108300,,0.000000,
6,CReferenceSurface,300,4,642,641,639,13084574025068,0.210204,0.097400,,0.000000,
6,CReferenceSurface,300,4,643,642,640,13084574026042,0.184396,0.097200,,0.000000,
6,CReferenceSurface,300,4,644,643,641,13084574027014,0.197102,0.394100,,0.000000,
6,CReferenceSurface,300,4,645,644,642,13084574030955,0.148399,0.204500,,0.000000,
6,CReferenceSurface,300,4,646,645,643,13084574033000,0.143700,0.183900,,0.000000,
6,CReferenceSurface,300,4,647,646,644,13084574034839,0.301304,0.197400,,0.000000,
6,CReferenceSurface,300,4,648,647,645,13084574036813,0.143396,0.148300,,0.000000,
6,CReferenceSurface,300,4,649,648,646,13084574038296,0.127402,0.198300,,0.000000,
6,CReferenceSurface,300,4,650,649,647,13084574040279,0.134198,0.248500,,0.000000,
6,CReferenceSurface,300,4,651,650,648,13084574042764,0.112103,0.141100,,0.000000,
6,CReferenceSurface,300,4,652,651,649,13084574044175,0.103699,0.127400,,0.000000,
6,CReferenceSurface,300,4,653,652,650,13084574045449,0.100602,0.131200,,0.000000,
6,CReferenceSurface,300,4,654,653,651,13084574046761,0.137401,0.111800,,0.000000,
6,CReferenceSurface,300,4,655,654,652,13084574047879,0.096698,0.103700,,0.000000,
6,CReferenceSurface,300,4,656,655,653,13084574048916,0.093700,0.104700,,0.000000,
6,CReferenceSurface,300,4,657,656,654,13084574049963,0.120401,0.133900,,0.000000,
6,CReferenceSurface,300,4,658,657,655,13084574051302,0.086295,0.096200,,0.000000,
6,CReferenceSurface,300,4,659,658,656,13084574052264,0.085303,0.096200,,0.000000,
6,CReferenceSurface,300,4,660,659,657,13084574053226,0.085899,0.117300,,0.000000,
6,CReferenceSurface,300,4,661,660,658,13084574054399,0.107100,0.086100,,0.000000,
6,CReferenceSurface,300,4,662,661,659,13084574055260,0.131498,0.085500,,0.000000,
6,CReferenceSurface,300,4,663,662,660,13084574056115,0.323299,0.085600,,0.000000,
6,CReferenceSurface,300,4,664,663,661,13084574056971,0.492304,0.108900,,0.000000,
6,CReferenceSurface,300,4,665,664,662,13084574058060,0.163202,0.134200,,0.000000,
6,CReferenceSurface,300,4,666,665,663,13084574059402,0.331895,0.320400,,0.000000,
6,CReferenceSurface,300,4,667,666,664,13084574062606,0.191404,0.491900,,0.000000,
6,CReferenceSurface,300,4,668,667,665,13084574067525,0.149100,0.163400,,0.000000,
6,CReferenceSurface,300,4,669,668,666,13084574069159,0.138598,0.332400,,0.000000,
6,CReferenceSurface,300,4,670,669,667,13084574072483,0.148795,0.189900,,0.000000,
6,CReferenceSurface,300,4,671,670,668,13084574074382,0.168403,0.151700,,0.000000,
6,CReferenceSurface,300,4,672,671,669,13084574075899,0.260098,0.139800,,0.000000,
6,CReferenceSurface,300,4,673,672,670,13084574077297,0.439605,0.148900,,0.000000,
6,CReferenceSurface,300,4,674,673,671,13084574078786,0.197499,0.245600,,0.000000,
6,CReferenceSurface,300,4,675,674,672,13084574081242,0.254500,0.245700,,0.000000,
6,CReferenceSurface,300,4,676,675,673,13084574083699,0.191298,0.421500,,0.000000,
6,CReferenceSurface,300,4,677,676,674,13084574087914,0.149802,0.170700,,0.000000,
6,CReferenceSurface,300,4,678,677,675,13084574089621,0.108702,0.236800,,0.000000,
6,CReferenceSurface,300,4,679,678,676,13084574091989,0.137996,0.191600,,0.000000,
6,CReferenceSurface,300,4,680,679,677,13084574093905,0.128401,0.146700,,0.000000,
6,CReferenceSurface,300,4,681,680,678,13084574095372,0.157703,0.108100,,0.000000,
6,CReferenceSurface,300,4,682,681,679,13084574096453,0.177799,0.142800,,0.000000,
6,CReferenceSurface,300,4,683,682,680,13084574097881,0.129897,0.125400,,0.000000,
6,CReferenceSurface,300,4,684,683,681,13084574099135,0.092602,0.160600,,0.000000,
6,CReferenceSurface,300,4,685,684,682,13084574100741,0.089902,0.176700,,0.000000,
6,CReferenceSurface,300,4,686,685,683,13084574102508,0.109099,0.126000,,0.000000,
6,CReferenceSurface,300,4,687,686,684,13084574103768,0.118700,0.092600,,0.000000,
6,CReferenceSurface,300,4,688,687,685,13084574104694,0.128699,0.089600,,0.000000,
6,CReferenceSurface,300,4,689,688,686,13084574105590,0.118998,0.111700,,0.000000,
6,CReferenceSurface,300,4,690,689,687,13084574106707,0.107100,0.116600,,0.000000,
6,CReferenceSurface,300,4,691,690,688,13084574107873,0.101304,0.132100,,0.000000,
6,CReferenceSurface,300,4,692,691,689,13084574109194,0.112599,0.115500,,0.000000,
6,CReferenceSurface,300,4,693,692,690,13084574110349,0.145203,0.107000,,0.000000,
6,CReferenceSurface,300,4,694,693,691,13084574111419,0.138400,0.101400,,0.000000,
6,CReferenceSurface,300,4,695,694,692,13084574112433,0.121797,0.112000,,0.000000,
6,CReferenceSurface,300,4,696,695,693,13084574113553,0.107802,0.151900,,0.000000,
6,CReferenceSurface,300,4,697,696,694,13084574115072,0.109595,0.134500,,0.000000,
6,CReferenceSurface,300,4,698,697,695,13084574116417,0.076006,0.120500,,0.000000,
6,CReferenceSurface,300,4,699,698,696,13084574117622,0.083999,0.106800,,0.000000,
6,CReferenceSurface,300,4,700,699,697,13084574118690,0.118495,0.109400,,0.000000,
6,CReferenceSurface,300,4,701,700,698,13084574119784,0.110601,0.075600,,0.000000,
6,CReferenceSurface,300,4,702,701,699,13084574120540,0.105300,0.088900,,0.000000,
6,CReferenceSurface,300,4,703,702,700,13084574121429,0.075404,0.115100,,0.000000,
6,CReferenceSurface,300,4,704,703,701,13084574122580,0.104797,0.109400,,0.000000,
6,CReferenceSurface,300,4,705,704,702,13084574123674,0.094501,0.105300,,0.000000,
6,CReferenceSurface,300,4,706,705,703,13084574124727,0.106300,0.075200,,0.000000,
6,CReferenceSurface,300,4,707,706,704,13084574125479,0.074298,0.105100,,0.000000,
6,CReferenceSurface,300,4,708,707,705,13084574126530,0.071202,0.094300,,0.000000,
6,CReferenceSurface,300,4,709,708,706,13084574127473,0.126800,0.106200,,0.000000,
6,CReferenceSurface,300,4,710,709,707,13084574128535,0.121096,0.073900,,0.000000,
6,CReferenceSurface,300,4,711,710,708,13084574129274,0.100801,0.077900,,0.000000,
6,CReferenceSurface,300,4,712,711,709,13084574130053,0.105300,0.122400,,0.000000,
6,CReferenceSurface,300,4,713,712,710,13084574131277,0.082001,0.119600,,0.000000,
6,CReferenceSurface,300,4,714,713,711,13084574132473,0.119700,0.100400,,0.000000,
6,CReferenceSurface,300,4,715,714,712,13084574133477,0.080499,0.105400,,0.000000,
6,CReferenceSurface,300,4,716,715,713,13084574134531,0.094204,0.086200,,0.000000,
6,CReferenceSurface,300,4,717,716,714,13084574135393,0.104797,0.115500,,0.000000,
6,CReferenceSurface,300,4,718,717,715,13084574136548,0.107200,0.081400,,0.000000,
6,CReferenceSurface,300,4,719,718,716,13084574137362,0.109503,0.093400,,0.000000,
6,CReferenceSurface,300,4,720,719,717,13084574138296,0.097102,0.104600,,0.000000,
6,CReferenceSurface,300,4,721,720,718,13084574139342,0.112401,0.107400,,0.000000,
6,CReferenceSurface,300,4,722,721,719,13084574140416,0.097995,0.109200,,0.000000,
6,CReferenceSurface,300,4,723,722,720,13084574141508,0.108503,0.097500,,0.000000,
6,CReferenceSurface,300,4,724,723,721,13084574142483,0.097201,0.112000,,0.000000,
6,CReferenceSurface,300,4,725,724,722,13084574143603,0.099398,0.098500,,0.000000,
6,CReferenceSurface,300,4,726,725,723,13084574144588,0.143800,0.107900,,0.000000,
6,CReferenceSurface,300,4,727,726,724,13084574145667,0.111402,0.097700,,0.000000,
6,CReferenceSurface,300,4,728,727,725,13084574146644,0.104500,0.099900,,0.000000,
7,CReferenceSurface,300,8,760,759,757,13084574458044,0.083794,0.082500,,0.000000,
7,CReferenceSurface,300,8,761,760,758,13084574458869,0.081300,0.091200,,0.000000,
7,CReferenceSurface,300,8,762,761,759,13084574459781,0.094303,0.092700,,0.000000,
7,CReferenceSurface,300,8,763,762,760,13084574460708,0.106300,0.083300,,0.000000,
7,CReferenceSurface,300,8,764,763,761,13084574461541,0.360502,0.081800,,0.000000,
7,CReferenceSurface,300,8,765,764,762,13084574462359,0.381101,0.094400,,0.000000,
7,CReferenceSurface,300,8,766,765,763,13084574463303,0.417297,0.107900,,0.000000,
7,CReferenceSurface,300,8,767,766,764,13084574464382,0.289201,0.365400,,0.000000,
7,CReferenceSurface,300,8,768,767,765,13084574468036,0.206200,0.375000,,0.000000,
7,CReferenceSurface,300,8,769,768,766,13084574471786,0.152700,0.419900,,0.000000,
7,CReferenceSurface,300,8,770,769,767,13084574475985,0.132200,0.292500,,0.000000,
7,CReferenceSurface,300,8,771,770,768,13084574478910,0.122902,0.205000,,0.000000,
7,CReferenceSurface,300,8,772,771,769,13084574480960,0.107001,0.152000,,0.000000,
7,CReferenceSurface,300,8,773,772,770,13084574482480,0.113598,0.131100,,0.000000,
7,CReferenceSurface,300,8,774,773,771,13084574483791,0.112195,0.120100,,0.000000,
7,CReferenceSurface,300,8,775,774,772,13084574484992,0.150503,0.107300,,0.000000,
7,CReferenceSurface,300,8,776,775,773,13084574486065,0.138400,0.112900,,0.000000,
7,CReferenceSurface,300,8,777,776,774,13084574487194,0.220203,0.116600,,0.000000,
7,CReferenceSurface,300,8,778,777,775,13084574488360,0.117999,0.150800,,0.000000,
7,CReferenceSurface,300,8,779,778,776,13084574489868,0.123498,0.138400,,0.000000,
7,CReferenceSurface,300,8,780,779,777,13084574491252,0.118899,0.216600,,0.000000,
7,CReferenceSurface,300,8,781,780,778,13084574493418,0.132504,0.120600,,0.000000,
7,CReferenceSurface,300,8,782,781,779,13084574494624,0.121096,0.121500,,0.000000,
7,CReferenceSurface,300,8,783,782,780,13084574495839,0.138202,0.123700,,0.000000,
7,CReferenceSurface,300,8,784,783,781,13084574497076,0.134701,0.129700,,0.000000,
7,CReferenceSurface,300,8,785,784,782,13084574498373,0.094898,0.118800,,0.000000,
7,CReferenceSurface,300,8,786,785,783,13084574499561,0.080201,0.139700,,0.000000,
7,CReferenceSurface,300,8,787,786,784,13084574500958,0.137798,0.132400,,0.000000,
7,CReferenceSurface,300,8,788,787,785,13084574502282,0.124603,0.095900,,0.000000,
7,CReferenceSurface,300,8,789,788,786,13084574503241,0.115597,0.079300,,0.000000,
7,CReferenceSurface,300,8,790,789,787,13084574504034,0.096507,0.139900,,0.000000,
7,CReferenceSurface,300,8,791,790,788,13084574505433,0.097399,0.122500,,0.000000,
7,CReferenceSurface,300,8,792,791,789,13084574506658,0.092999,0.116300,,0.000000,
7,CReferenceSurface,300,8,793,792,790,13084574507821,0.104096,0.095500,,0.000000,
7,CReferenceSurface,300,8,794,793,791,13084574508776,0.100900,0.096800,,0.000000,
7,CReferenceSurface,300,8,795,794,792,13084574509744,0.103401,0.093400,,0.000000,
7,CReferenceSurface,300,8,796,795,793,13084574510678,0.118098,0.103600,,0.000000,
7,CReferenceSurface,300,8,797,796,794,13084574511714,0.093304,0.101000,,0.000000,
7,CReferenceSurface,300,8,798,797,795,13084574512724,0.108702,0.107600,,0.000000,
7,CReferenceSurface,300,8,799,798,796,13084574513800,0.108099,0.114700,,0.000000,
7,CReferenceSurface,300,8,800,799,797,13084574514947,0.102098,0.093100,,0.000000,
7,CReferenceSurface,300,8,801,800,798,13084574515878,0.114704,0.111400,,0.000000,
7,CReferenceSurface,300,8,802,801,799,13084574516992,0.158199,0.104900,,0.000000,
7,CReferenceSurface,300,8,803,802,800,13084574518041,0.131597,0.105600,,0.000000,
7,CReferenceSurface,300,8,804,803,801,13084574519097,0.072803,0.116000,,0.000000,
7,CReferenceSurface,300,8,805,804,802,13084574520257,0.121896,0.155300,,0.000000,
7,CReferenceSurface,300,8,806,805,803,13084574521810,0.106300,0.130000,,0.000000,
7,CReferenceSurface,300,8,807,806,804,13084574523110,0.081002,0.072100,,0.000000,
7,CReferenceSurface,300,8,808,807,805,13084574523831,0.088102,0.126200,,0.000000,
7,CReferenceSurface,300,8,809,808,806,13084574525093,0.089598,0.102400,,0.000000,
7,CReferenceSurface,300,8,810,809,807,13084574526117,0.099702,0.080800,,0.000000,
7,CReferenceSurface,300,8,811,810,808,13084574526925,0.070096,0.089100,,0.000000,
7,CReferenceSurface,300,8,812,811,809,13084574527816,0.103501,0.088400,,0.000000,
7,CReferenceSurface,300,8,813,812,810,13084574528700,0.097499,0.100100,,0.000000,
7,CReferenceSurface,300,8,814,813,811,13084574529701,0.102303,0.069900,,0.000000,
7,CReferenceSurface,300,8,815,814,812,13084574530400,0.098498,0.106000,,0.000000,
7,CReferenceSurface,300,8,816,815,813,13084574531460,0.097704,0.095400,,0.000000,
7,CReferenceSurface,300,8,817,816,814,13084574532414,0.105095,0.102000,,0.000000,
7,CReferenceSurface,300,8,818,817,815,13084574533434,0.075801,0.098600,,0.000000,
7,CReferenceSurface,300,8,819,818,816,13084574534420,0.100999,0.097700,,0.000000,
7,CReferenceSurface,300,8,820,819,817,13084574535397,0.102905,0.105200,,0.000000,
7,CReferenceSurface,300,8,821,820,818,13084574536449,0.105400,0.075400,,0.000000,
7,CReferenceSurface,300,8,822,821,819,13084574537203,0.110098,0.103600,,0.000000,
7,CReferenceSurface,300,8,823,822,820,13084574538239,0.174901,0.100600,,0.000000,
7,CReferenceSurface,300,8,824,823,821,13084574539245,0.104301,0.105400,,0.000000,
7,CReferenceSurface,300,8,825,824,822,13084574540299,0.109899,0.115900,,0.000000,
7,CReferenceSurface,300,8,826,825,823,13084574541458,0.232001,0.170200,,0.000000,
7,CReferenceSurface,300,8,827,826,824,13084574543160,0.169600,0.103900,,0.000000,
7,CReferenceSurface,300,8,828,827,825,13084574544199,0.139697,0.109300,,0.000000,
7,CReferenceSurface,300,8,829,828,826,13084574545292,0.140802,0.237600,,0.000000,
7,CReferenceSurface,300,8,830,829,827,13084574547668,0.142000,0.168000,,0.000000,
7,CReferenceSurface,300,8,831,830,828,13084574549348,0.194997,0.139900,,0.000000,
7,CReferenceSurface,300,8,832,831,829,13084574550747,0.124398,0.140400,,0.000000,
7,CReferenceSurface,300,8,833,832,830,13084574552151,0.120103,0.144900,,0.000000,
7,CReferenceSurface,300,8,834,833,831,13084574553600,0.117503,0.191800,,0.000000,
7,CReferenceSurface,300,8,835,834,832,13084574555518,0.102197,0.121700,,0.000000,
7,CReferenceSurface,300,8,836,835,833,13084574556735,0.124199,0.123500,,0.000000,
7,CReferenceSurface,300,8,837,836,834,13084574557970,0.079103,0.114100,,0.000000,
7,CReferenceSurface,300,8,838,837,835,13084574559111,0.108298,0.101900,,0.000000,
7,CReferenceSurface,300,8,839,838,836,13084574560130,0.113003,0.124800,,0.000000,
7,CReferenceSurface,300,8,840,839,837,13084574561378,0.130995,0.078300,,0.000000,
7,CReferenceSurface,300,8,841,840,838,13084574562161,0.118105,0.108300,,0.000000,
7,CReferenceSurface,300,8,842,841,839,13084574563244,0.097895,0.115900,,0.000000,
7,CReferenceSurface,300,8,843,842,840,13084574564403,0.101098,0.130400,,0.000000,
7,CReferenceSurface,300,8,844,843,841,13084574565707,0.110601,0.116200,,0.000000,
7,CReferenceSurface,300,8,845,844,842,13084574566869,0.115405,0.097600,,0.000000,
7,CReferenceSurface,300,8,846,845,843,13084574567845,0.099398,0.102300,,0.000000,
7,CReferenceSurface,300,8,847,846,844,13084574568868,0.113400,0.109400,,0.000000,
7,CReferenceSurface,300,8,848,847,845,13084574569962,0.122102,0.114800,,0.000000,
7,CReferenceSurface,300,8,849,848,846,13084574571110,0.104698,0.099900,,0.000000,
8,CReferenceSurface,300,16,881,880,878,13084574914374,0.079996,0.087200,,0.000000,
8,CReferenceSurface,300,16,882,881,879,13084574915246,0.075503,0.078500,,0.000000,
8,CReferenceSurface,300,16,883,882,880,13084574916031,0.073200,0.077500,,0.000000,
8,CReferenceSurface,300,16,884,883,881,13084574916806,0.074199,0.079000,,0.000000,
8,CReferenceSurface,300,16,885,884,882,13084574917596,0.074901,0.075300,,0.000000,
8,CReferenceSurface,300,16,886,885,883,13084574918349,0.074603,0.073200,,0.000000,
8,CReferenceSurface,300,16,887,886,884,13084574919081,0.074695,0.074300,,0.000000,
8,CReferenceSurface,300,16,888,887,885,13084574919824,0.312103,0.074800,,0.000000,
8,CReferenceSurface,300,16,889,888,886,13084574920572,0.463896,0.074800,,0.000000,
8,CReferenceSurface,300,16,890,889,887,13084574921320,0.353904,0.074700,,0.000000,
8,CReferenceSurface,300,16,891,890,888,13084574922067,0.366298,0.313600,,0.000000,
8,CReferenceSurface,300,16,892,891,889,13084574925203,0.448101,0.463800,,0.000000,
8,CReferenceSurface,300,16,893,892,890,13084574929841,0.307398,0.352900,,0.000000,
8,CReferenceSurface,300,16,894,893,891,13084574933370,0.505102,0.370300,,0.000000,
8,CReferenceSurface,300,16,895,894,892,13084574937073,0.144196,0.443700,,0.000000,
8,CReferenceSurface,300,16,896,895,893,13084574941510,0.148406,0.311200,,0.000000,
8,CReferenceSurface,300,16,897,896,894,13084574944622,0.124199,0.502600,,0.000000,
8,CReferenceSurface,300,16,898,897,895,13084574949648,0.141497,0.146400,,0.000000,
8,CReferenceSurface,300,16,899,898,896,13084574951112,0.124398,0.149200,,0.000000,
8,CReferenceSurface,300,16,900,899,897,13084574952604,0.100404,0.124800,,0.000000,
8,CReferenceSurface,300,16,901,900,898,13084574953852,0.093403,0.138000,,0.000000,
8,CReferenceSurface,300,16,902,901,899,13084574955232,0.153295,0.125700,,0.000000,
8,CReferenceSurface,300,16,903,902,900,13084574956489,0.139704,0.099500,,0.000000,
8,CReferenceSurface,300,16,904,903,901,13084574957484,0.106796,0.094300,,0.000000,
8,CReferenceSurface,300,16,905,904,902,13084574958427,0.105499,0.155400,,0.000000,
8,CReferenceSurface,300,16,906,905,903,13084574959981,0.088301,0.137100,,0.000000,
8,CReferenceSurface,300,16,907,906,904,13084574961352,0.107306,0.104800,,0.000000,
8,CReferenceSurface,300,16,908,907,905,13084574962400,0.090398,0.108300,,0.000000,
8,CReferenceSurface,300,16,909,908,906,13084574963483,0.112996,0.088000,,0.000000,
8,CReferenceSurface,300,16,910,909,907,13084574964363,0.168800,0.105800,,0.000000,
8,CReferenceSurface,300,16,911,910,908,13084574965421,0.135403,0.091400,,0.000000,
8,CReferenceSurface,300,16,912,911,909,13084574966335,0.098902,0.111400,,0.000000,
8,CReferenceSurface,300,16,913,912,910,13084574967449,0.081498,0.174400,,0.000000,
8,CReferenceSurface,300,16,914,913,911,13084574969193,0.080400,0.130200,,0.000000,
8,CReferenceSurface,300,16,915,914,912,13084574970495,0.091100,0.098500,,0.000000,
8,CReferenceSurface,300,16,916,915,913,13084574971480,0.176098,0.080800,,0.000000,
8,CReferenceSurface,300,16,917,916,914,13084574972288,0.114803,0.081200,,0.000000,
8,CReferenceSurface,300,16,918,917,915,13084574973100,0.111097,0.097400,,0.000000,
8,CReferenceSurface,300,16,919,918,916,13084574974074,0.098306,0.172500,,0.000000,
8,CReferenceSurface,300,16,920,919,917,13084574975799,0.083695,0.115500,,0.000000,
8,CReferenceSurface,300,16,921,920,918,13084574976954,0.108404,0.107700,,0.000000,
8,CReferenceSurface,300,16,922,921,919,13084574978031,0.112500,0.100100,,0.000000,
8,CReferenceSurface,300,16,923,922,920,13084574979032,0.130095,0.081800,,0.000000,
8,CReferenceSurface,300,16,924,923,921,13084574979850,0.117900,0.109600,,0.000000,
8,CReferenceSurface,300,16,925,924,922,13084574980946,0.121507,0.111800,,0.000000,
8,CReferenceSurface,300,16,926,925,923,13084574982064,0.101998,0.134100,,0.000000,
8,CReferenceSurface,300,16,927,926,924,13084574983405,0.090696,0.117000,,0.000000,
8,CReferenceSurface,300,16,928,927,925,13084574984575,0.111501,0.118300,,0.000000,
8,CReferenceSurface,300,16,929,928,926,13084574985758,0.099405,0.101300,,0.000000,
8,CReferenceSurface,300,16,930,929,927,13084574986771,0.070699,0.094900,,0.000000,
8,CReferenceSurface,300,16,931,930,928,13084574987720,0.077997,0.107500,,0.000000,
8,CReferenceSurface,300,16,932,931,929,13084574988795,0.097399,0.099100,,0.000000,
8,CReferenceSurface,300,16,933,932,930,13084574989786,0.099802,0.070800,,0.000000,
8,CReferenceSurface,300,16,934,933,931,13084574990494,0.069600,0.078000,,0.000000,
8,CReferenceSurface,300,16,935,934,932,13084574991274,0.110402,0.097600,,0.000000,
8,CReferenceSurface,300,16,936,935,933,13084574992250,0.080499,0.099900,,0.000000,
8,CReferenceSurface,300,16,937,936,934,13084574993249,0.098399,0.069200,,0.000000,
8,CReferenceSurface,300,16,938,937,935,13084574993941,0.098696,0.110700,,0.000000,
8,CReferenceSurface,300,16,939,938,936,13084574995048,0.094600,0.080600,,0.000000,
8,CReferenceSurface,300,16,940,939,937,13084574995854,0.102501,0.098200,,0.000000,
8,CReferenceSurface,300,16,941,940,938,13084574996836,0.114803,0.100300,,0.000000,
8,CReferenceSurface,300,16,942,941,939,13084574997839,0.080201,0.093300,,0.000000,
8,CReferenceSurface,300,16,943,942,940,13084574998772,0.080697,0.108100,,0.000000,
8,CReferenceSurface,300,16,944,943,941,13084574999853,0.095699,0.109000,,0.000000,
8,CReferenceSurface,300,16,945,944,942,13084575000943,0.110402,0.080000,,0.000000,
8,CReferenceSurface,300,16,946,945,943,13084575001743,0.069196,0.080500,,0.000000,
8,CReferenceSurface,300,16,947,946,944,13084575002548,0.099603,0.095900,,0.000000,
8,CReferenceSurface,300,16,948,947,945,13084575003507,0.098399,0.110400,,0.000000,
8,CReferenceSurface,300,16,949,948,946,13084575004611,0.099001,0.069200,,0.000000,
8,CReferenceSurface,300,16,950,949,947,13084575005303,0.069799,0.099700,,0.000000,
8,CReferenceSurface,300,16,951,950,948,13084575006300,0.075999,0.098600,,0.000000,
8,CReferenceSurface,300,16,952,951,949,13084575007286,0.107100,0.098800,,0.000000,
8,CReferenceSurface,300,16,953,952,950,13084575008274,0.105400,0.069800,,0.000000,
8,CReferenceSurface,300,16,954,953,951,13084575008972,0.099298,0.079500,,0.000000,
8,CReferenceSurface,300,16,955,954,952,13084575009767,0.070706,0.105200,,0.000000,
8,CReferenceSurface,300,16,956,955,953,13084575010819,0.718899,0.104100,,0.475300,
8,CReferenceSurface,300,16,957,956,954,13084575011860,0.231696,0.099100,,0.000000,
8,CReferenceSurface,300,16,958,957,955,13084575012851,0.139002,0.070400,,0.000000,
8,CReferenceSurface,300,16,959,958,956,13084575013555,0.133900,0.803400,,0.000000,
8,CReferenceSurface,300,16,960,959,957,13084575021589,0.119700,0.150100,,0.000000,
8,CReferenceSurface,300,16,961,960,958,13084575023090,0.088698,0.142300,,0.000000,
8,CReferenceSurface,300,16,962,961,959,13084575024513,0.111699,0.131800,,0.000000,
8,CReferenceSurface,300,16,963,962,960,13084575025831,0.085700,0.116300,,0.000000,
8,CReferenceSurface,300,16,964,963,961,13084575026994,0.109403,0.092100,,0.000000,
8,CReferenceSurface,300,16,965,964,962,13084575027915,0.125801,0.108400,,0.000000,
8,CReferenceSurface,300,16,966,965,963,13084575028999,0.116497,0.085400,,0.000000,
8,CReferenceSurface,300,16,967,966,964,13084575029853,0.117503,0.110900,,0.000000,
8,CReferenceSurface,300,16,968,967,965,13084575030962,0.111600,0.128000,,0.000000,
8,CReferenceSurface,300,16,969,968,966,13084575032242,0.086203,0.114000,,0.000000,
8,CReferenceSurface,300,16,970,969,967,13084575033382,0.083496,0.116500,,0.000000,
9,CReferenceSurface,600,1,1002,1001,999,13084575401330,0.066801,0.070300,,0.000000,
9,CReferenceSurface,600,1,1003,1002,1000,13084575402033,0.070599,0.069000,,0.000000,
9,CReferenceSurface,600,1,1004,1003,1001,13084575402723,0.069097,0.068900,,0.000000,
9,CReferenceSurface,600,1,1005,1004,1002,13084575403412,0.070401,0.066700,,0.000000,
9,CReferenceSurface,600,1,1006,1005,1003,13084575404079,0.070500,0.070400,,0.000000,
9,CReferenceSurface,600,1,1007,1006,1004,13084575404783,0.071301,0.069300,,0.000000,
9,CReferenceSurface,600,1,1008,1007,1005,13084575405476,0.069600,0.070400,,0.000000,
9,CReferenceSurface,600,1,1009,1008,1006,13084575406180,0.069997,0.070500,,0.000000,
9,CReferenceSurface,600,1,1010,1009,1007,13084575406885,0.070904,0.071200,,0.000000,
9,CReferenceSurface,600,1,1011,1010,1008,13084575407597,0.071599,0.069700,,0.000000,
9,CReferenceSurface,600,1,1012,1011,1009,13084575408294,0.126998,0.070100,,0.000000,
9,CReferenceSurface,600,1,1013,1012,1010,13084575408995,0.082405,0.070800,,0.000000,
9,CReferenceSurface,600,1,1014,1013,1011,13084575409703,0.144997,0.071900,,0.000000,
9,CReferenceSurface,600,1,1015,1014,1012,13084575410422,0.585700,0.128500,,0.402100,
9,CReferenceSurface,600,1,1016,1015,1013,13084575411707,0.126098,0.084700,,0.000000,
9,CReferenceSurface,600,1,1017,1016,1014,13084575412554,0.116199,0.141100,,0.000000,
9,CReferenceSurface,600,1,1018,1017,1015,13084575413965,0.128302,0.590600,,0.000000,
9,CReferenceSurface,600,1,1019,1018,1016,13084575419871,0.071103,0.124100,,0.000000,
9,CReferenceSurface,600,1,1020,1019,1017,13084575421112,0.110495,0.114500,,0.000000,
9,CReferenceSurface,600,1,1021,1020,1018,13084575422257,0.089201,0.128400,,0.000000,
9,CReferenceSurface,600,1,1022,1021,1019,13084575423541,0.091404,0.070200,,0.000000,
9,CReferenceSurface,600,1,1023,1022,1020,13084575424243,0.097697,0.111800,,0.000000,
9,CReferenceSurface,600,1,1024,1023,1021,13084575425361,0.113003,0.087900,,0.000000,
9,CReferenceSurface,600,1,1025,1024,1022,13084575426240,0.105796,0.091100,,0.000000,
9,CReferenceSurface,600,1,1026,1025,1023,13084575427151,0.082504,0.109100,,0.000000,
9,CReferenceSurface,600,1,1027,1026,1024,13084575428242,0.079294,0.104700,,0.000000,
9,CReferenceSurface,600,1,1028,1027,1025,13084575429289,0.070302,0.103100,,0.000000,
9,CReferenceSurface,600,1,1029,1028,1026,13084575430320,0.069402,0.083000,,0.000000,
9,CReferenceSurface,600,1,1030,1029,1027,13084575431150,0.084099,0.078200,,0.000000,
9,CReferenceSurface,600,1,1031,1030,1028,13084575431932,0.081200,0.070200,,0.000000,
9,CReferenceSurface,600,1,1032,1031,1029,13084575432634,0.075999,0.069500,,0.000000,
9,CReferenceSurface,600,1,1033,1032,1030,13084575433329,0.090299,0.084200,,0.000000,
9,CReferenceSurface,600,1,1034,1033,1031,13084575434171,0.081200,0.081200,,0.000000,
9,CReferenceSurface,600,1,1035,1034,1032,13084575434983,0.076403,0.077000,,0.000000,
9,CReferenceSurface,600,1,1036,1035,1033,13084575435753,0.071698,0.089000,,0.000000,
9,CReferenceSurface,600,1,1037,1036,1034,13084575436643,0.081399,0.082000,,0.000000,
9,CReferenceSurface,600,1,1038,1037,1035,13084575437463,0.082200,0.075700,,0.000000,
9,CReferenceSurface,600,1,1039,1038,1036,13084575438220,0.075099,0.071900,,0.000000,
9,CReferenceSurface,600,1,1040,1039,1037,13084575438939,0.071202,0.081400,,0.000000,
9,CReferenceSurface,600,1,1041,1040,1038,13084575439753,0.071003,0.082100,,0.000000,
9,CReferenceSurface,600,1,1042,1041,1039,13084575440574,0.070798,0.075000,,0.000000,
9,CReferenceSurface,600,1,1043,1042,1040,13084575441324,0.070699,0.071400,,0.000000,
9,CReferenceSurface,600,1,1044,1043,1041,13084575442038,0.070599,0.070800,,0.000000,
9,CReferenceSurface,600,1,1045,1044,1042,13084575442746,0.070904,0.070800,,0.000000,
9,CReferenceSurface,600,1,1046,1045,1043,13084575443454,0.071294,0.070800,,0.000000,
9,CReferenceSurface,600,1,1047,1046,1044,13084575444162,0.070004,0.070700,,0.000000,
9,CReferenceSurface,600,1,1048,1047,1045,13084575444869,0.092602,0.070800,,0.000000,
9,CReferenceSurface,600,1,1049,1048,1046,13084575445577,0.106696,0.071300,,0.000000,
9,CReferenceSurface,600,1,1050,1049,1047,13084575446290,0.090604,0.070100,,0.000000,
9,CReferenceSurface,600,1,1051,1050,1048,13084575446991,0.082200,0.103400,,0.000000,
9,CReferenceSurface,600,1,1052,1051,1049,13084575448025,0.104797,0.096700,,0.000000,
9,CReferenceSurface,600,1,1053,1052,1050,13084575448992,0.080697,0.090200,,0.000000,
9,CReferenceSurface,600,1,1054,1053,1051,13084575449894,0.081505,0.083200,,0.000000,
9,CReferenceSurface,600,1,1055,1054,1052,13084575450726,0.079996,0.103700,,0.000000,
9,CReferenceSurface,600,1,1056,1055,1053,13084575451763,0.117701,0.080200,,0.000000,
9,CReferenceSurface,600,1,1057,1056,1054,13084575452565,0.119997,0.082000,,0.000000,
9,CReferenceSurface,600,1,1058,1057,1055,13084575453385,0.115703,0.082100,,0.000000,
9,CReferenceSurface,600,1,1059,1058,1056,13084575454206,0.123200,0.115200,,0.000000,
9,CReferenceSurface,600,1,1060,1059,1057,13084575455358,0.120699,0.122300,,0.000000,
9,CReferenceSurface,600,1,1061,1060,1058,13084575456581,0.096499,0.113500,,0.000000,
9,CReferenceSurface,600,1,1062,1061,1059,13084575457716,0.262805,0.126400,,0.000000,
9,CReferenceSurface,600,1,1063,1062,1060,13084575458980,0.128196,0.117600,,0.000000,
9,CReferenceSurface,600,1,1064,1063,1061,13084575460156,0.143204,0.100900,,0.000000,
9,CReferenceSurface,600,1,1065,1064,1062,13084575461165,0.120699,0.260800,,0.000000,
9,CReferenceSurface,600,1,1066,1065,1063,13084575463773,0.118396,0.129300,,0.000000,
9,CReferenceSurface,600,1,1067,1066,1064,13084575465066,0.152905,0.141200,,0.000000,
9,CReferenceSurface,600,1,1068,1067,1065,13084575466478,0.159396,0.120600,,0.000000,
9,CReferenceSurface,600,1,1069,1068,1066,13084575467684,0.130499,0.120800,,0.000000,
9,CReferenceSurface,600,1,1070,1069,1067,13084575468892,0.137401,0.166100,,0.000000,
9,CReferenceSurface,600,1,1071,1070,1068,13084575470553,0.132703,0.147200,,0.000000,
9,CReferenceSurface,600,1,1072,1071,1069,13084575472025,0.191801,0.130600,,0.000000,
9,CReferenceSurface,600,1,1073,1072,1070,13084575473331,0.168197,0.138500,,0.000000,
9,CReferenceSurface,600,1,1074,1073,1071,13084575474716,0.154401,0.130400,,0.000000,
9,CReferenceSurface,600,1,1075,1074,1072,13084575476020,0.144600,0.193200,,0.000000,
9,CReferenceSurface,600,1,1076,1075,1073,13084575477952,0.128302,0.167600,,0.000000,
9,CReferenceSurface,600,1,1077,1076,1074,13084575479628,0.068998,0.154000,,0.000000,
9,CReferenceSurface,600,1,1078,1077,1075,13084575481168,0.075298,0.143200,,0.000000,
9,CReferenceSurface,600,1,1079,1078,1076,13084575482600,0.105804,0.126300,,0.000000,
9,CReferenceSurface,600,1,1080,1079,1077,13084575483863,0.127197,0.068600,,0.000000,
9,CReferenceSurface,600,1,1081,1080,1078,13084575484549,0.229500,0.075200,,0.000000,
9,CReferenceSurface,600,1,1082,1081,1079,13084575485301,0.118899,0.109200,,0.000000,
9,CReferenceSurface,600,1,1083,1082,1080,13084575486393,0.118601,0.127800,,0.000000,
9,CReferenceSurface,600,1,1084,1083,1081,13084575487671,0.117000,0.228900,,0.000000,
9,CReferenceSurface,600,1,1085,1084,1082,13084575489960,0.133305,0.116400,,0.000000,
9,CReferenceSurface,600,1,1086,1085,1083,13084575491124,0.098597,0.121200,,0.000000,
9,CReferenceSurface,600,1,1087,1086,1084,13084575492336,0.125999,0.117600,,0.000000,
9,CReferenceSurface,600,1,1088,1087,1085,13084575493512,0.108298,0.130600,,0.000000,
9,CReferenceSurface,600,1,1089,1088,1086,13084575494818,0.100702,0.101000,,0.000000,
9,CReferenceSurface,600,1,1090,1089,1087,13084575495828,0.096003,0.122900,,0.000000,
9,CReferenceSurface,600,1,1091,1090,1088,13084575497057,0.153196,0.108700,,0.000000,
10,CReferenceSurface,600,4,1123,1122,1120,13084575860048,0.084205,0.095700,,0.000000,
10,CReferenceSurface,600,4,1124,1123,1121,13084575861005,0.077601,0.081500,,0.000000,
10,CReferenceSurface,600,4,1125,1124,1122,13084575861820,0.074100,0.094000,,0.000000,
10,CReferenceSurface,600,4,1126,1125,1123,13084575862760,0.090299,0.084100,,0.000000,
10,CReferenceSurface,600,4,1127,1126,1124,13084575863601,0.081300,0.077000,,0.000000,
10,CReferenceSurface,600,4,1128,1127,1125,13084575864371,0.076701,0.075200,,0.000000,
10,CReferenceSurface,600,4,1129,1128,1126,13084575865123,0.090795,0.089400,,0.000000,
10,CReferenceSurface,600,4,1130,1129,1127,13084575866017,0.081704,0.081200,,0.000000,
10,CReferenceSurface,600,4,1131,1130,1128,13084575866829,0.075702,0.077900,,0.000000,
10,CReferenceSurface,600,4,1132,1131,1129,13084575867608,0.075900,0.089700,,0.000000,
10,CReferenceSurface,600,4,1133,1132,1130,13084575868505,0.091695,0.081600,,0.000000,
10,CReferenceSurface,600,4,1134,1133,1131,13084575869321,0.083404,0.075700,,0.000000,
10,CReferenceSurface,600,4,1135,1134,1132,13084575870078,0.084099,0.077200,,0.000000,
10,CReferenceSurface,600,4,1136,1135,1133,13084575870850,0.221202,0.090500,,0.000000,
10,CReferenceSurface,600,4,1137,1136,1134,13084575871755,0.332596,0.083400,,0.000000,
10,CReferenceSurface,600,4,1138,1137,1135,13084575872589,0.340299,0.084700,,0.000000,
10,CReferenceSurface,600,4,1139,1138,1136,13084575873436,0.363605,0.220600,,0.000000,
10,CReferenceSurface,600,4,1140,1139,1137,13084575875642,0.502097,0.336600,,0.000000,
10,CReferenceSurface,600,4,1141,1140,1138,13084575879008,0.440398,0.337200,,0.000000,
10,CReferenceSurface,600,4,1142,1141,1139,13084575882380,0.267503,0.365500,,0.000000,
10,CReferenceSurface,600,4,1143,1142,1140,13084575886035,0.336997,0.499900,,0.000000,
10,CReferenceSurface,600,4,1144,1143,1141,13084575891034,0.408099,0.442700,,0.000000,
10,CReferenceSurface,600,4,1145,1144,1142,13084575895461,0.146804,0.264700,,0.000000,
10,CReferenceSurface,600,4,1146,1145,1143,13084575898108,0.401701,0.339400,,0.000000,
10,CReferenceSurface,600,4,1147,1146,1144,13084575901502,0.152898,0.406900,,0.000000,
10,CReferenceSurface,600,4,1148,1147,1145,13084575905571,0.154301,0.149600,,0.000000,
10,CReferenceSurface,600,4,1149,1148,1146,13084575907067,0.149497,0.399100,,0.000000,
10,CReferenceSurface,600,4,1150,1149,1147,13084575911058,0.118204,0.154700,,0.000000,
10,CReferenceSurface,600,4,1151,1150,1148,13084575912605,0.113698,0.155800,,0.000000,
10,CReferenceSurface,600,4,1152,1151,1149,13084575914163,0.126198,0.148600,,0.000000,
10,CReferenceSurface,600,4,1153,1152,1150,13084575915649,0.114704,0.115700,,0.000000,
10,CReferenceSurface,600,4,1154,1153,1151,13084575916806,0.097201,0.115100,,0.000000,
10,CReferenceSurface,600,4,1155,1154,1152,13084575917957,0.165299,0.128100,,0.000000,
10,CReferenceSurface,600,4,1156,1155,1153,13084575919238,0.084198,0.111100,,0.000000,
10,CReferenceSurface,600,4,1157,1156,1154,13084575920349,0.144600,0.099000,,0.000000,
10,CReferenceSurface,600,4,1158,1157,1155,13084575921339,0.086600,0.163100,,0.000000,
10,CReferenceSurface,600,4,1159,1158,1156,13084575922970,0.103600,0.088300,,0.000000,
10,CReferenceSurface,600,4,1160,1159,1157,13084575923853,0.131696,0.139700,,0.000000,
10,CReferenceSurface,600,4,1161,1160,1158,13084575925250,0.136302,0.088900,,0.000000,
10,CReferenceSurface,600,4,1162,1161,1159,13084575926139,0.129500,0.103900,,0.000000,
10,CReferenceSurface,600,4,1163,1162,1160,13084575927178,0.137202,0.132900,,0.000000,
10,CReferenceSurface,600,4,1164,1163,1161,13084575928507,0.141199,0.135400,,0.000000,
10,CReferenceSurface,600,4,1165,1164,1162,13084575929861,0.127303,0.129000,,0.000000,
10,CReferenceSurface,600,4,1166,1165,1163,13084575931151,0.093899,0.138400,,0.000000,
10,CReferenceSurface,600,4,1167,1166,1164,13084575932535,0.120196,0.140900,,0.000000,
10,CReferenceSurface,600,4,1168,1167,1165,13084575933944,0.069204,0.127000,,0.000000,
10,CReferenceSurface,600,4,1169,1168,1166,13084575935214,0.138202,0.091600,,0.000000,
10,CReferenceSurface,600,4,1170,1169,1167,13084575936130,0.068594,0.120100,,0.000000,
10,CReferenceSurface,600,4,1171,1170,1168,13084575937331,0.134106,0.071000,,0.000000,
10,CReferenceSurface,600,4,1172,1171,1169,13084575938041,0.117999,0.135800,,0.000000,
10,CReferenceSurface,600,4,1173,1172,1170,13084575939399,0.121400,0.071900,,0.000000,
10,CReferenceSurface,600,4,1174,1173,1171,13084575940118,0.112096,0.132900,,0.000000,
10,CReferenceSurface,600,4,1175,1174,1172,13084575941447,0.095500,0.117400,,0.000000,
10,CReferenceSurface,600,4,1176,1175,1173,13084575942621,0.100404,0.121400,,0.000000,
10,CReferenceSurface,600,4,1177,1176,1174,13084575943835,0.095699,0.111500,,0.000000,
10,CReferenceSurface,600,4,1178,1177,1175,13084575944950,0.090597,0.095200,,0.000000,
10,CReferenceSurface,600,4,1179,1178,1176,13084575945902,0.088506,0.100500,,0.000000,
10,CReferenceSurface,600,4,1180,1179,1177,13084575946907,0.090795,0.095500,,0.000000,
10,CReferenceSurface,600,4,1181,1180,1178,13084575947862,0.110799,0.090600,,0.000000,
10,CReferenceSurface,600,4,1182,1181,1179,13084575948768,0.096003,0.088300,,0.000000,
10,CReferenceSurface,600,4,1183,1182,1180,13084575949651,0.089902,0.090700,,0.000000,
10,CReferenceSurface,600,4,1184,1183,1181,13084575950558,0.099100,0.111900,,0.000000,
10,CReferenceSurface,600,4,1185,1184,1182,13084575951677,0.087897,0.095300,,0.000000,
10,CReferenceSurface,600,4,1186,1185,1183,13084575952630,0.097499,0.090000,,0.000000,
10,CReferenceSurface,600,4,1187,1186,1184,13084575953530,0.119402,0.099000,,0.000000,
10,CReferenceSurface,600,4,1188,1187,1185,13084575954520,0.108801,0.087600,,0.000000,
10,CReferenceSurface,600,4,1189,1188,1186,13084575955396,0.078501,0.100500,,0.000000,
10,CReferenceSurface,600,4,1190,1189,1187,13084575956401,0.070996,0.118500,,0.000000,
10,CReferenceSurface,600,4,1191,1190,1188,13084575957586,0.092701,0.107300,,0.000000,
10,CReferenceSurface,600,4,1192,1191,1189,13084575958659,0.090802,0.078000,,0.000000,
10,CReferenceSurface,600,4,1193,1192,1190,13084575959439,0.099199,0.070700,,0.000000,
10,CReferenceSurface,600,4,1194,1193,1191,13084575960146,0.096599,0.093300,,0.000000,
10,CReferenceSurface,600,4,1195,1194,1192,13084575961079,0.101198,0.090800,,0.000000,
10,CReferenceSurface,600,4,1196,1195,1193,13084575961987,0.098101,0.099000,,0.000000,
10,CReferenceSurface,600,4,1197,1196,1194,13084575962977,0.106101,0.099800,,0.000000,
10,CReferenceSurface,600,4,1198,1197,1195,13084575963975,0.122102,0.097900,,0.000000,
10,CReferenceSurface,600,4,1199,1198,1196,13084575964954,0.126198,0.098200,,0.000000,
10,CReferenceSurface,600,4,1200,1199,1197,13084575965936,0.277303,0.108600,,0.000000,
10,CReferenceSurface,600,4,1201,1200,1198,13084575967022,0.184198,0.122900,,0.000000,
10,CReferenceSurface,600,4,1202,1201,1199,13084575968251,0.142404,0.124000,,0.000000,
10,CReferenceSurface,600,4,1203,1202,1200,13084575969491,0.208893,0.309300,,0.000000,
10,CReferenceSurface,600,4,1204,1203,1201,13084575972584,0.159205,0.158000,,0.000000,
10,CReferenceSurface,600,4,1205,1204,1202,13084575974164,0.115200,0.167000,,0.000000,
10,CReferenceSurface,600,4,1206,1205,1203,13084575975834,0.107802,0.183300,,0.000000,
10,CReferenceSurface,600,4,1207,1206,1204,13084575977667,0.118495,0.157700,,0.000000,
10,CReferenceSurface,600,4,1208,1207,1205,13084575979244,0.100000,0.111800,,0.000000,
10,CReferenceSurface,600,4,1209,1208,1206,13084575980362,0.107100,0.110600,,0.000000,
10,CReferenceSurface,600,4,1210,1209,1207,13084575981468,0.079202,0.115800,,0.000000,
10,CReferenceSurface,600,4,1211,1210,1208,13084575982626,0.080003,0.102500,,0.000000,
10,CReferenceSurface,600,4,1212,1211,1209,13084575983651,0.079797,0.103400,,0.000000,
11,CReferenceSurface,600,8,1244,1243,1241,13084576381881,0.067198,0.077100,,0.000000,
11,CReferenceSurface,600,8,1245,1244,1242,13084576382652,0.070500,0.072800,,0.000000,
11,CReferenceSurface,600,8,1246,1245,1243,13084576383380,0.070500,0.068000,,0.000000,
11,CReferenceSurface,600,8,1247,1246,1244,13084576384060,0.069905,0.067200,,0.000000,
11,CReferenceSurface,600,8,1248,1247,1245,13084576384732,0.070295,0.070700,,0.000000,
11,CReferenceSurface,600,8,1249,1248,1246,13084576385439,0.070302,0.070400,,0.000000,
11,CReferenceSurface,600,8,1250,1249,1247,13084576386143,0.070897,0.069800,,0.000000,
11,CReferenceSurface,600,8,1251,1250,1248,13084576386841,0.070302,0.070400,,0.000000,
11,CReferenceSurface,600,8,1252,1251,1249,13084576387545,0.070401,0.070500,,0.000000,
11,CReferenceSurface,600,8,1253,1252,1250,13084576388250,0.070798,0.070700,,0.000000,
11,CReferenceSurface,600,8,1254,1253,1251,13084576388957,0.070500,0.070500,,0.000000,
11,CReferenceSurface,600,8,1255,1254,1252,13084576389662,0.070599,0.070100,,0.000000,
11,CReferenceSurface,600,8,1256,1255,1253,13084576390363,0.070203,0.070800,,0.000000,
11,CReferenceSurface,600,8,1257,1256,1254,13084576391071,0.071400,0.070700,,0.000000,
11,CReferenceSurface,600,8,1258,1257,1255,13084576391778,0.071499,0.070400,,0.000000,
11,CReferenceSurface,600,8,1259,1258,1256,13084576392482,0.072300,0.070400,,0.000000,
11,CReferenceSurface,600,8,1260,1259,1257,13084576393186,0.073597,0.071400,,0.000000,
11,CReferenceSurface,600,8,1261,1260,1258,13084576393900,0.077601,0.071600,,0.000000,
11,CReferenceSurface,600,8,1262,1261,1259,13084576394616,0.108603,0.072300,,0.000000,
11,CReferenceSurface,600,8,1263,1262,1260,13084576395339,0.078401,0.073400,,0.000000,
11,CReferenceSurface,600,8,1264,1263,1261,13084576396073,0.075198,0.080700,,0.000000,
11,CReferenceSurface,600,8,1265,1264,1262,13084576396880,0.078798,0.105700,,0.000000,
11,CReferenceSurface,600,8,1266,1265,1263,13084576397937,0.096705,0.078100,,0.000000,
11,CReferenceSurface,600,8,1267,1266,1264,13084576398718,0.341695,0.075500,,0.000000,
11,CReferenceSurface,600,8,1268,1267,1265,13084576399473,0.530499,0.080200,,0.000000,
11,CReferenceSurface,600,8,1269,1268,1266,13084576400275,0.299001,0.095200,,0.000000,
11,CReferenceSurface,600,8,1270,1269,1267,13084576401227,0.165505,0.345800,,0.000000,
11,CReferenceSurface,600,8,1271,1270,1268,13084576404685,0.575298,0.529200,,0.409300,
11,CReferenceSurface,600,8,1272,1271,1269,13084576409977,0.166397,0.299000,,0.000000,
11,CReferenceSurface,600,8,1273,1272,1270,13084576412967,0.110303,0.163600,,0.000000,
11,CReferenceSurface,600,8,1274,1273,1271,13084576414603,0.098802,0.578800,,0.000000,
11,CReferenceSurface,600,8,1275,1274,1272,13084576420391,0.123895,0.165300,,0.000000,
11,CReferenceSurface,600,8,1276,1275,1273,13084576422044,0.124702,0.108100,,0.000000,
11,CReferenceSurface,600,8,1277,1276,1274,13084576423125,0.102601,0.102300,,0.000000,
11,CReferenceSurface,600,8,1278,1277,1275,13084576424148,0.107200,0.122900,,0.000000,
11,CReferenceSurface,600,8,1279,1278,1276,13084576425377,0.096400,0.121900,,0.000000,
11,CReferenceSurface,600,8,1280,1279,1277,13084576426596,0.114902,0.105900,,0.000000,
11,CReferenceSurface,600,8,1281,1280,1278,13084576427655,0.096096,0.104100,,0.000000,
11,CReferenceSurface,600,8,1282,1281,1279,13084576428696,0.103600,0.099600,,0.000000,
11,CReferenceSurface,600,8,1283,1282,1280,13084576429692,0.146903,0.111100,,0.000000,
11,CReferenceSurface,600,8,1284,1283,1281,13084576430803,0.083298,0.098500,,0.000000,
11,CReferenceSurface,600,8,1285,1284,1282,13084576431788,0.100099,0.102500,,0.000000,
11,CReferenceSurface,600,8,1286,1285,1283,13084576432813,0.123604,0.145800,,0.000000,
11,CReferenceSurface,600,8,1287,1286,1284,13084576434271,0.117701,0.085100,,0.000000,
11,CReferenceSurface,600,8,1288,1287,1285,13084576435122,0.099497,0.100300,,0.000000,
11,CReferenceSurface,600,8,1289,1288,1286,13084576436125,0.088102,0.122700,,0.000000,
11,CReferenceSurface,600,8,1290,1289,1287,13084576437352,0.091596,0.119500,,0.000000,
11,CReferenceSurface,600,8,1291,1290,1288,13084576438547,0.104804,0.097000,,0.000000,
11,CReferenceSurface,600,8,1292,1291,1289,13084576439517,0.098299,0.088100,,0.000000,
11,CReferenceSurface,600,8,1293,1292,1290,13084576440398,0.112295,0.093200,,0.000000,
11,CReferenceSurface,600,8,1294,1293,1291,13084576441330,0.104606,0.103000,,0.000000,
11,CReferenceSurface,600,8,1295,1294,1292,13084576442360,0.086699,0.099800,,0.000000,
11,CReferenceSurface,600,8,1296,1295,1293,13084576443358,0.101800,0.112900,,0.000000,
11,CReferenceSurface,600,8,1297,1296,1294,13084576444487,0.096400,0.102400,,0.000000,
11,CReferenceSurface,600,8,1298,1297,1295,13084576445511,0.087096,0.087400,,0.000000,
11,CReferenceSurface,600,8,1299,1298,1296,13084576446385,0.085601,0.101800,,0.000000,
11,CReferenceSurface,600,8,1300,1299,1297,13084576447403,0.085303,0.095500,,0.000000,
11,CReferenceSurface,600,8,1301,1300,1298,13084576448358,0.094799,0.087300,,0.000000,
11,CReferenceSurface,600,8,1302,1301,1299,13084576449231,0.086898,0.085400,,0.000000,
11,CReferenceSurface,600,8,1303,1302,1300,13084576450085,0.084602,0.087400,,0.000000,
11,CReferenceSurface,600,8,1304,1303,1301,13084576450959,0.090901,0.092600,,0.000000,
11,CReferenceSurface,600,8,1305,1304,1302,13084576451885,0.079897,0.086900,,0.000000,
11,CReferenceSurface,600,8,1306,1305,1303,13084576452754,0.076899,0.085700,,0.000000,
11,CReferenceSurface,600,8,1307,1306,1304,13084576453611,0.076502,0.089700,,0.000000,
11,CReferenceSurface,600,8,1308,1307,1305,13084576454508,0.129103,0.079700,,0.000000,
11,CReferenceSurface,600,8,1309,1308,1306,13084576455305,0.204797,0.077000,,0.000000,
11,CReferenceSurface,600,8,1310,1309,1307,13084576456075,0.142701,0.076400,,0.000000,
11,CReferenceSurface,600,8,1311,1310,1308,13084576456839,0.158999,0.188500,,0.000000,
11,CReferenceSurface,600,8,1312,1311,1309,13084576458724,0.139399,0.148100,,0.000000,
11,CReferenceSurface,600,8,1313,1312,1310,13084576460205,0.124702,0.141800,,0.000000,
11,CReferenceSurface,600,8,1314,1313,1311,13084576461623,0.104797,0.162600,,0.000000,
11,CReferenceSurface,600,8,1315,1314,1312,13084576463249,0.100503,0.138900,,0.000000,
11,CReferenceSurface,600,8,1316,1315,1313,13084576464638,0.120096,0.121300,,0.000000,
11,CReferenceSurface,600,8,1317,1316,1314,13084576465851,0.105704,0.103800,,0.000000,
11,CReferenceSurface,600,8,1318,1317,1315,13084576466889,0.104096,0.103600,,0.000000,
11,CReferenceSurface,600,8,1319,1318,1316,13084576467925,0.092900,0.117700,,0.000000,
11,CReferenceSurface,600,8,1320,1319,1317,13084576469102,0.091298,0.105100,,0.000000,
11,CReferenceSurface,600,8,1321,1320,1318,13084576470153,0.090405,0.104000,,0.000000,
11,CReferenceSurface,600,8,1322,1321,1319,13084576471193,0.083496,0.092600,,0.000000,
11,CReferenceSurface,600,8,1323,1322,1320,13084576472119,0.093204,0.091400,,0.000000,
11,CReferenceSurface,600,8,1324,1323,1321,13084576473033,0.089498,0.090300,,0.000000,
11,CReferenceSurface,600,8,1325,1324,1322,13084576473936,0.101396,0.083600,,0.000000,
11,CReferenceSurface,600,8,1326,1325,1323,13084576474772,0.387401,0.093100,,0.000000,
11,CReferenceSurface,600,8,1327,1326,1324,13084576475703,0.343800,0.089700,,0.000000,
11,CReferenceSurface,600,8,1328,1327,1325,13084576476600,0.124802,0.102300,,0.000000,
11,CReferenceSurface,600,8,1329,1328,1326,13084576477623,0.151998,0.392500,,0.000000,
11,CReferenceSurface,600,8,1330,1329,1327,13084576481548,0.150602,0.340300,,0.000000,
11,CReferenceSurface,600,8,1331,1330,1328,13084576484951,0.122399,0.128500,,0.000000,
11,CReferenceSurface,600,8,1332,1331,1329,13084576486236,0.115001,0.150700,,0.000000,
11,CReferenceSurface,600,8,1333,1332,1330,13084576487743,0.112401,0.147800,,0.000000,
12,CReferenceSurface,600,16,1365,1364,1362,13084576936627,0.081704,0.067300,,0.000000,
12,CReferenceSurface,600,16,1366,1365,1363,13084576937300,0.086395,0.067500,,0.000000,
12,CReferenceSurface,600,16,1367,1366,1364,13084576937975,0.125702,0.066700,,0.000000,
12,CReferenceSurface,600,16,1368,1367,1365,13084576938642,0.081704,0.081700,,0.000000,
12,CReferenceSurface,600,16,1369,1368,1366,13084576939459,0.080697,0.100300,,0.000000,
12,CReferenceSurface,600,16,1370,1369,1367,13084576940462,0.074802,0.112300,,0.000000,
12,CReferenceSurface,600,16,1371,1370,1368,13084576941585,0.085899,0.081500,,0.000000,
12,CReferenceSurface,600,16,1372,1371,1369,13084576942400,0.092503,0.080700,,0.000000,
12,CReferenceSurface,600,16,1373,1372,1370,13084576943207,0.094296,0.074400,,0.000000,
12,CReferenceSurface,600,16,1374,1373,1371,13084576943951,0.082299,0.086900,,0.000000,
12,CReferenceSurface,600,16,1375,1374,1372,13084576944820,0.080506,0.093400,,0.000000,
12,CReferenceSurface,600,16,1376,1375,1373,13084576945754,0.082299,0.093000,,0.000000,
12,CReferenceSurface,600,16,1377,1376,1374,13084576946684,0.088698,0.082100,,0.000000,
12,CReferenceSurface,600,16,1378,1377,1375,13084576947505,0.088903,0.080500,,0.000000,
12,CReferenceSurface,600,16,1379,1378,1376,13084576948310,0.086196,0.083400,,0.000000,
12,CReferenceSurface,600,16,1380,1379,1377,13084576949144,0.082100,0.087900,,0.000000,
12,CReferenceSurface,600,16,1381,1380,1378,13084576950023,0.084503,0.088200,,0.000000,
12,CReferenceSurface,600,16,1382,1381,1379,13084576950905,0.083099,0.087200,,0.000000,
12,CReferenceSurface,600,16,1383,1382,1380,13084576951777,0.084800,0.081600,,0.000000,
12,CReferenceSurface,600,16,1384,1383,1381,13084576952593,0.087599,0.084100,,0.000000,
12,CReferenceSurface,600,16,1385,1384,1382,13084576953434,0.090398,0.084100,,0.000000,
12,CReferenceSurface,600,16,1386,1385,1383,13084576954275,0.086302,0.084500,,0.000000,
12,CReferenceSurface,600,16,1387,1386,1384,13084576955120,0.088202,0.087100,,0.000000,
12,CReferenceSurface,600,16,1388,1387,1385,13084576955991,0.082497,0.090400,,0.000000,
12,CReferenceSurface,600,16,1389,1388,1386,13084576956895,0.084099,0.087100,,0.000000,
12,CReferenceSurface,600,16,1390,1389,1387,13084576957766,0.091901,0.087500,,0.000000,
12,CReferenceSurface,600,16,1391,1390,1388,13084576958641,0.079500,0.082500,,0.000000,
12,CReferenceSurface,600,16,1392,1391,1389,13084576959466,0.363903,0.084900,,0.000000,
12,CReferenceSurface,600,16,1393,1392,1390,13084576960315,0.473795,0.091000,,0.000000,
12,CReferenceSurface,600,16,1394,1393,1391,13084576961225,0.335906,0.079200,,0.000000,
12,CReferenceSurface,600,16,1395,1394,1392,13084576962017,0.478798,0.368400,,0.000000,
12,CReferenceSurface,600,16,1396,1395,1393,13084576965701,0.478997,0.473700,,0.000000,
12,CReferenceSurface,600,16,1397,1396,1394,13084576970438,0.423505,0.334800,,0.000000,
12,CReferenceSurface,600,16,1398,1397,1395,13084576973786,0.456300,0.480100,,0.000000,
12,CReferenceSurface,600,16,1399,1398,1396,13084576978587,2.535998,0.478000,,0.000000,
12,CReferenceSurface,600,16,1400,1399,1397,13084576983367,1.653104,0.421200,,0.439900,
12,CReferenceSurface,600,16,1401,1400,1398,13084576987579,0.131796,0.459800,,0.000000,
12,CReferenceSurface,600,16,1402,1401,1399,13084576992177,0.090398,2.534800,,0.000000,
12,CReferenceSurface,600,16,1403,1402,1400,13084577017525,0.136402,1.651700,,0.000000,
12,CReferenceSurface,600,16,1404,1403,1401,13084577034042,0.128600,0.129900,,0.000000,
12,CReferenceSurface,600,16,1405,1404,1402,13084577035341,0.138003,0.094200,,0.000000,
12,CReferenceSurface,600,16,1406,1405,1403,13084577036283,0.130697,0.136400,,0.000000,
12,CReferenceSurface,600,16,1407,1406,1404,13084577037647,0.121400,0.126100,,0.000000,
12,CReferenceSurface,600,16,1408,1407,1405,13084577038908,0.088400,0.136900,,0.000000,
12,CReferenceSurface,600,16,1409,1408,1406,13084577040277,0.097499,0.131600,,0.000000,
12,CReferenceSurface,600,16,1410,1409,1407,13084577041593,0.132001,0.121000,,0.000000,
12,CReferenceSurface,600,16,1411,1410,1408,13084577042803,0.112401,0.088100,,0.000000,
12,CReferenceSurface,600,16,1412,1411,1409,13084577043684,0.119997,0.101100,,0.000000,
12,CReferenceSurface,600,16,1413,1412,1410,13084577044695,0.113102,0.129900,,0.000000,
12,CReferenceSurface,600,16,1414,1413,1411,13084577045994,0.104500,0.113500,,0.000000,
12,CReferenceSurface,600,16,1415,1414,1412,13084577047129,0.092900,0.117500,,0.000000,
12,CReferenceSurface,600,16,1416,1415,1413,13084577048304,0.123703,0.114700,,0.000000,
12,CReferenceSurface,600,16,1417,1416,1414,13084577049451,0.082795,0.102600,,0.000000,
12,CReferenceSurface,600,16,1418,1417,1415,13084577050477,0.116107,0.095600,,0.000000,
12,CReferenceSurface,600,16,1419,1418,1416,13084577051433,0.073994,0.121000,,0.000000,
12,CReferenceSurface,600,16,1420,1419,1417,13084577052643,0.066206,0.085900,,0.000000,
12,CReferenceSurface,600,16,1421,1420,1418,13084577053502,0.105697,0.113800,,0.000000,
12,CReferenceSurface,600,16,1422,1421,1419,13084577054640,0.110197,0.075200,,0.000000,
12,CReferenceSurface,600,16,1423,1422,1420,13084577055392,0.093304,0.064300,,0.000000,
12,CReferenceSurface,600,16,1424,1423,1421,13084577056035,0.107696,0.108400,,0.000000,
12,CReferenceSurface,600,16,1425,1424,1422,13084577057119,0.096606,0.110000,,0.000000,
12,CReferenceSurface,600,16,1426,1425,1423,13084577058219,0.083397,0.091500,,0.000000,
12,CReferenceSurface,600,16,1427,1426,1424,13084577059134,0.075900,0.109200,,0.000000,
12,CReferenceSurface,600,16,1428,1427,1425,13084577060226,0.092999,0.095400,,0.000000,
12,CReferenceSurface,600,16,1429,1428,1426,13084577061180,0.097003,0.082200,,0.000000,
12,CReferenceSurface,600,16,1430,1429,1427,13084577062002,0.088797,0.076000,,0.000000,
12,CReferenceSurface,600,16,1431,1430,1428,13084577062762,0.088003,0.094200,,0.000000,
12,CReferenceSurface,600,16,1432,1431,1429,13084577063704,0.094997,0.095900,,0.000000,
12,CReferenceSurface,600,16,1433,1432,1430,13084577064663,0.091702,0.088900,,0.000000,
12,CReferenceSurface,600,16,1434,1433,1431,13084577065552,0.089300,0.089000,,0.000000,
12,CReferenceSurface,600,16,1435,1434,1432,13084577066442,0.087798,0.094100,,0.000000,
12,CReferenceSurface,600,16,1436,1435,1433,13084577067383,0.082405,0.091700,,0.000000,
12,CReferenceSurface,600,16,1437,1436,1434,13084577068300,0.237500,0.089200,,0.000000,
12,CReferenceSurface,600,16,1438,1437,1435,13084577069192,0.145500,0.087600,,0.000000,
12,CReferenceSurface,600,16,1439,1438,1436,13084577070068,0.157398,0.084000,,0.000000,
12,CReferenceSurface,600,16,1440,1439,1437,13084577070908,0.144700,0.240000,,0.000000,
12,CReferenceSurface,600,16,1441,1440,1438,13084577073308,0.107497,0.145800,,0.000000,
12,CReferenceSurface,600,16,1442,1441,1439,13084577074766,0.117205,0.157200,,0.000000,
12,CReferenceSurface,600,16,1443,1442,1440,13084577076338,0.112295,0.142400,,0.000000,
12,CReferenceSurface,600,16,1444,1443,1441,13084577077762,0.097506,0.110200,,0.000000,
12,CReferenceSurface,600,16,1445,1444,1442,13084577078864,0.087500,0.113200,,0.000000,
12,CReferenceSurface,600,16,1446,1445,1443,13084577079996,0.113995,0.112200,,0.000000,
12,CReferenceSurface,600,16,1447,1446,1444,13084577081118,0.128302,0.097400,,0.000000,
12,CReferenceSurface,600,16,1448,1447,1445,13084577082092,0.099100,0.087200,,0.000000,
12,CReferenceSurface,600,16,1449,1448,1446,13084577082964,0.140901,0.117900,,0.000000,
12,CReferenceSurface,600,16,1450,1449,1447,13084577084143,0.126998,0.125300,,0.000000,
12,CReferenceSurface,600,16,1451,1450,1448,13084577085396,0.092999,0.101700,,0.000000,
12,CReferenceSurface,600,16,1452,1451,1449,13084577086413,0.113598,0.141500,,0.000000,
12,CReferenceSurface,600,16,1453,1452,1450,13084577087828,0.116801,0.124000,,0.000000,
12,CReferenceSurface,600,16,1454,1453,1451,13084577089068,0.149901,0.093200,,0.000000,
13,CReferenceSurface,1000,1,1486,1485,1483,13084577583802,0.059999,0.062100,,0.000000,
13,CReferenceSurface,1000,1,1487,1486,1484,13084577584423,0.063102,0.062000,,0.000000,
13,CReferenceSurface,1000,1,1488,1487,1485,13084577585043,0.062401,0.061200,,0.000000,
13,CReferenceSurface,1000,1,1489,1488,1486,13084577585655,0.068998,0.059900,,0.000000,
13,CReferenceSurface,1000,1,1490,1489,1487,13084577586254,0.078600,0.063300,,0.000000,
13,CReferenceSurface,1000,1,1491,1490,1488,13084577586887,0.100801,0.062300,,0.000000,
13,CReferenceSurface,1000,1,1492,1491,1489,13084577587510,0.068601,0.069200,,0.000000,
13,CReferenceSurface,1000,1,1493,1492,1490,13084577588202,0.064498,0.080400,,0.000000,
13,CReferenceSurface,1000,1,1494,1493,1491,13084577589006,0.064101,0.099600,,0.000000,
13,CReferenceSurface,1000,1,1495,1494,1492,13084577590002,0.066603,0.067800,,0.000000,
13,CReferenceSurface,1000,1,1496,1495,1493,13084577590680,0.076899,0.064600,,0.000000,
13,CReferenceSurface,1000,1,1497,1496,1494,13084577591326,0.064094,0.064000,,0.000000,
13,CReferenceSurface,1000,1,1498,1497,1495,13084577591966,0.066603,0.068600,,0.000000,
13,CReferenceSurface,1000,1,1499,1498,1496,13084577592652,0.070599,0.075000,,0.000000,
13,CReferenceSurface,1000,1,1500,1499,1497,13084577593402,0.065299,0.064100,,0.000000,
13,CReferenceSurface,1000,1,1501,1500,1498,13084577594043,0.064902,0.067500,,0.000000,
13,CReferenceSurface,1000,1,1502,1501,1499,13084577594718,0.064399,0.069900,,0.000000,
13,CReferenceSurface,1000,1,1503,1502,1500,13084577595417,0.064399,0.065600,,0.000000,
13,CReferenceSurface,1000,1,1504,1503,1501,13084577596073,0.065001,0.064400,,0.000000,
13,CReferenceSurface,1000,1,1505,1504,1502,13084577596717,0.069799,0.064400,,0.000000,
13,CReferenceSurface,1000,1,1506,1505,1503,13084577597361,0.098703,0.064400,,0.000000,
13,CReferenceSurface,1000,1,1507,1506,1504,13084577598005,0.093700,0.065000,,0.000000,
13,CReferenceSurface,1000,1,1508,1507,1505,13084577598655,0.077296,0.071200,,0.000000,
13,CReferenceSurface,1000,1,1509,1508,1506,13084577599367,0.083702,0.100200,,0.000000,
13,CReferenceSurface,1000,1,1510,1509,1507,13084577600369,0.094196,0.091300,,0.000000,
13,CReferenceSurface,1000,1,1511,1510,1508,13084577601282,0.115405,0.076800,,0.000000,
13,CReferenceSurface,1000,1,1512,1511,1509,13084577602050,0.093098,0.085700,,0.000000,
13,CReferenceSurface,1000,1,1513,1512,1510,13084577602907,0.091397,0.094800,,0.000000,
13,CReferenceSurface,1000,1,1514,1513,1511,13084577603855,0.079202,0.113800,,0.000000,
13,CReferenceSurface,1000,1,1515,1514,1512,13084577604993,0.074001,0.092700,,0.000000,
13,CReferenceSurface,1000,1,1516,1515,1513,13084577605920,0.132802,0.091300,,0.000000,
13,CReferenceSurface,1000,1,1517,1516,1514,13084577606833,0.074100,0.079000,,0.000000,
13,CReferenceSurface,1000,1,1518,1517,1515,13084577607623,0.093396,0.076600,,0.000000,
13,CReferenceSurface,1000,1,1519,1518,1516,13084577608389,0.127601,0.130700,,0.000000,
13,CReferenceSurface,1000,1,1520,1519,1517,13084577609696,0.116801,0.074900,,0.000000,
13,CReferenceSurface,1000,1,1521,1520,1518,13084577610445,0.500801,0.094700,,0.378700,
13,CReferenceSurface,1000,1,1522,1521,1519,13084577611392,0.127402,0.126300,,0.000000,
13,CReferenceSurface,1000,1,1523,1522,1520,13084577612655,0.141794,0.115800,,0.000000,
13,CReferenceSurface,1000,1,1524,1523,1521,13084577613813,0.138102,0.504400,,0.000000,
13,CReferenceSurface,1000,1,1525,1524,1522,13084577618857,0.106902,0.129300,,0.000000,
13,CReferenceSurface,1000,1,1526,1525,1523,13084577620150,0.143502,0.138900,,0.000000,
13,CReferenceSurface,1000,1,1527,1526,1524,13084577621539,0.072194,0.138600,,0.000000,
13,CReferenceSurface,1000,1,1528,1527,1525,13084577622925,0.107306,0.107100,,0.000000,
13,CReferenceSurface,1000,1,1529,1528,1526,13084577623996,0.103493,0.141200,,0.000000,
13,CReferenceSurface,1000,1,1530,1529,1527,13084577625408,0.080605,0.073900,,0.000000,
13,CReferenceSurface,1000,1,1531,1530,1528,13084577626147,0.065299,0.106500,,0.000000,
13,CReferenceSurface,1000,1,1532,1531,1529,13084577627212,0.069196,0.103000,,0.000000,
13,CReferenceSurface,1000,1,1533,1532,1530,13084577628242,0.066001,0.079900,,0.000000,
13,CReferenceSurface,1000,1,1534,1533,1531,13084577629041,0.082901,0.064800,,0.000000,
13,CReferenceSurface,1000,1,1535,1534,1532,13084577629689,0.086402,0.068800,,0.000000,
13,CReferenceSurface,1000,1,1536,1535,1533,13084577630377,0.073299,0.066000,,0.000000,
13,CReferenceSurface,1000,1,1537,1536,1534,13084577631037,0.073802,0.083600,,0.000000,
13,CReferenceSurface,1000,1,1538,1537,1535,13084577631873,0.060998,0.085800,,0.000000,
13,CReferenceSurface,1000,1,1539,1538,1536,13084577632731,0.064002,0.073900,,0.000000,
13,CReferenceSurface,1000,1,1540,1539,1537,13084577633470,0.093601,0.073300,,0.000000,
13,CReferenceSurface,1000,1,1541,1540,1538,13084577634203,0.128097,0.060700,,0.000000,
13,CReferenceSurface,1000,1,1542,1541,1539,13084577634810,0.086097,0.064900,,0.000000,
13,CReferenceSurface,1000,1,1543,1542,1540,13084577635459,0.074802,0.096800,,0.000000,
13,CReferenceSurface,1000,1,1544,1543,1541,13084577636427,0.083199,0.124800,,0.000000,
13,CReferenceSurface,1000,1,1545,1544,1542,13084577637675,0.069905,0.085500,,0.000000,
13,CReferenceSurface,1000,1,1546,1545,1543,13084577638530,0.069395,0.076000,,0.000000,
13,CReferenceSurface,1000,1,1547,1546,1544,13084577639290,0.087500,0.081900,,0.000000,
13,CReferenceSurface,1000,1,1548,1547,1545,13084577640109,0.093502,0.069800,,0.000000,
13,CReferenceSurface,1000,1,1549,1548,1546,13084577640807,0.076304,0.069300,,0.000000,
13,CReferenceSurface,1000,1,1550,1549,1547,13084577641500,0.067800,0.088600,,0.000000,
13,CReferenceSurface,1000,1,1551,1550,1548,13084577642386,0.105400,0.093000,,0.000000,
13,CReferenceSurface,1000,1,1552,1551,1549,13084577643316,0.114796,0.076000,,0.000000,
13,CReferenceSurface,1000,1,1553,1552,1550,13084577644076,0.091001,0.070700,,0.000000,
13,CReferenceSurface,1000,1,1554,1553,1551,13084577644783,0.079401,0.104200,,0.000000,
13,CReferenceSurface,1000,1,1555,1554,1552,13084577645825,0.089697,0.114200,,0.000000,
13,CReferenceSurface,1000,1,1556,1555,1553,13084577646967,0.092602,0.090400,,0.000000,
13,CReferenceSurface,1000,1,1557,1556,1554,13084577647871,0.090703,0.080900,,0.000000,
13,CReferenceSurface,1000,1,1558,1557,1555,13084577648680,0.085395,0.087900,,0.000000,
13,CReferenceSurface,1000,1,1559,1558,1556,13084577649559,0.105400,0.093100,,0.000000,
13,CReferenceSurface,1000,1,1560,1559,1557,13084577650490,0.092106,0.090300,,0.000000,
13,CReferenceSurface,1000,1,1561,1560,1558,13084577651393,0.077296,0.085000,,0.000000,
13,CReferenceSurface,1000,1,1562,1561,1559,13084577652243,0.091199,0.107500,,0.000000,
13,CReferenceSurface,1000,1,1563,1562,1560,13084577653318,0.114902,0.090500,,0.000000,
13,CReferenceSurface,1000,1,1564,1563,1561,13084577654223,0.096797,0.076900,,0.000000,
13,CReferenceSurface,1000,1,1565,1564,1562,13084577654992,0.129004,0.092100,,0.000000,
13,CReferenceSurface,1000,1,1566,1565,1563,13084577655913,0.145203,0.114700,,0.000000,
13,CReferenceSurface,1000,1,1567,1566,1564,13084577657060,0.105400,0.102000,,0.000000,
13,CReferenceSurface,1000,1,1568,1567,1565,13084577658080,0.159198,0.125300,,0.000000,
13,CReferenceSurface,1000,1,1569,1568,1566,13084577659333,0.116596,0.147300,,0.000000,
13,CReferenceSurface,1000,1,1570,1569,1567,13084577660806,0.122201,0.105500,,0.000000,
13,CReferenceSurface,1000,1,1571,1570,1568,13084577661861,0.133206,0.157500,,0.000000,
13,CReferenceSurface,1000,1,1572,1571,1569,13084577663436,0.143998,0.115500,,0.000000,
13,CReferenceSurface,1000,1,1573,1572,1570,13084577664591,0.130796,0.129700,,0.000000,
13,CReferenceSurface,1000,1,1574,1573,1571,13084577665888,0.142999,0.128100,,0.000000,
13,CReferenceSurface,1000,1,1575,1574,1572,13084577667169,0.134007,0.144900,,0.000000,
14,CReferenceSurface,1000,4,1607,1606,1604,13084578184049,0.064201,0.064700,,0.000000,
14,CReferenceSurface,1000,4,1608,1607,1605,13084578184696,0.066603,0.072500,,0.000000,
14,CReferenceSurface,1000,4,1609,1608,1606,13084578185421,0.066199,0.068900,,0.000000,
14,CReferenceSurface,1000,4,1610,1609,1607,13084578186110,0.066199,0.064200,,0.000000,
14,CReferenceSurface,1000,4,1611,1610,1608,13084578186752,0.079897,0.066600,,0.000000,
14,CReferenceSurface,1000,4,1612,1611,1609,13084578187418,0.068403,0.066400,,0.000000,
14,CReferenceSurface,1000,4,1613,1612,1610,13084578188082,0.067701,0.066100,,0.000000,
14,CReferenceSurface,1000,4,1614,1613,1611,13084578188743,0.067099,0.079800,,0.000000,
14,CReferenceSurface,1000,4,1615,1614,1612,13084578189541,0.066199,0.068600,,0.000000,
14,CReferenceSurface,1000,4,1616,1615,1613,13084578190227,0.069303,0.067500,,0.000000,
14,CReferenceSurface,1000,4,1617,1616,1614,13084578190902,0.093700,0.067300,,0.000000,
14,CReferenceSurface,1000,4,1618,1617,1615,13084578191575,0.070599,0.066000,,0.000000,
14,CReferenceSurface,1000,4,1619,1618,1616,13084578192235,0.068800,0.072000,,0.000000,
14,CReferenceSurface,1000,4,1620,1619,1617,13084578192955,0.073795,0.091300,,0.000000,
14,CReferenceSurface,1000,4,1621,1620,1618,13084578193868,0.067900,0.070400,,0.000000,
14,CReferenceSurface,1000,4,1622,1621,1619,13084578194572,0.068006,0.069600,,0.000000,
14,CReferenceSurface,1000,4,1623,1622,1620,13084578195268,0.071195,0.073200,,0.000000,
14,CReferenceSurface,1000,4,1624,1623,1621,13084578196000,0.093800,0.067900,,0.000000,
14,CReferenceSurface,1000,4,1625,1624,1622,13084578196679,0.071499,0.067900,,0.000000,
14,CReferenceSurface,1000,4,1626,1625,1623,13084578197358,0.068502,0.073400,,0.000000,
14,CReferenceSurface,1000,4,1627,1626,1624,13084578198092,0.070805,0.091700,,0.000000,
14,CReferenceSurface,1000,4,1628,1627,1625,13084578199009,0.088400,0.071400,,0.000000,
14,CReferenceSurface,1000,4,1629,1628,1626,13084578199723,0.073399,0.068700,,0.000000,
14,CReferenceSurface,1000,4,1630,1629,1627,13084578200410,0.069196,0.071900,,0.000000,
14,CReferenceSurface,1000,4,1631,1630,1628,13084578201129,0.070004,0.087100,,0.000000,
14,CReferenceSurface,1000,4,1632,1631,1629,13084578202000,0.086699,0.073300,,0.000000,
14,CReferenceSurface,1000,4,1633,1632,1630,13084578202733,0.072499,0.069200,,0.000000,
14,CReferenceSurface,1000,4,1634,1633,1631,13084578203425,0.071896,0.071500,,0.000000,
14,CReferenceSurface,1000,4,1635,1634,1632,13084578204140,0.090505,0.085500,,0.000000,
14,CReferenceSurface,1000,4,1636,1635,1633,13084578204995,0.071995,0.072300,,0.000000,
14,CReferenceSurface,1000,4,1637,1636,1634,13084578205718,0.087202,0.073400,,0.000000,
14,CReferenceSurface,1000,4,1638,1637,1635,13084578206452,0.073299,0.089500,,0.000000,
14,CReferenceSurface,1000,4,1639,1638,1636,13084578207347,0.071103,0.072700,,0.000000,
14,CReferenceSurface,1000,4,1640,1639,1637,13084578208074,0.072201,0.086200,,0.000000,
14,CReferenceSurface,1000,4,1641,1640,1638,13084578208936,3.205301,0.073100,,0.000000,
14,CReferenceSurface,1000,4,1642,1641,1639,13084578209667,0.772499,0.071400,,0.387800,
14,CReferenceSurface,1000,4,1643,1642,1640,13084578210381,0.084198,0.073400,,0.000000,
14,CReferenceSurface,1000,4,1644,1643,1641,13084578211115,0.115703,3.203700,,0.000000,
14,CReferenceSurface,1000,4,1645,1644,1642,13084578243152,0.104401,0.774000,,0.000000,
14,CReferenceSurface,1000,4,1646,1645,1643,13084578250892,0.116794,0.085100,,0.000000,
14,CReferenceSurface,1000,4,1647,1646,1644,13084578251743,0.110402,0.116900,,0.000000,
14,CReferenceSurface,1000,4,1648,1647,1645,13084578252912,0.103699,0.101300,,0.000000,
14,CReferenceSurface,1000,4,1649,1648,1646,13084578253925,0.098299,0.118200,,0.000000,
14,CReferenceSurface,1000,4,1650,1649,1647,13084578255107,0.111402,0.109500,,0.000000,
14,CReferenceSurface,1000,4,1651,1650,1648,13084578256202,0.134503,0.104500,,0.000000,
14,CReferenceSurface,1000,4,1652,1651,1649,13084578257247,0.210395,0.099100,,0.000000,
14,CReferenceSurface,1000,4,1653,1652,1650,13084578258238,0.079606,0.110800,,0.000000,
14,CReferenceSurface,1000,4,1654,1653,1651,13084578259346,0.124398,0.136600,,0.000000,
14,CReferenceSurface,1000,4,1655,1654,1652,13084578260712,0.077700,0.206900,,0.000000,
14,CReferenceSurface,1000,4,1656,1655,1653,13084578262781,0.099497,0.081400,,0.000000,
14,CReferenceSurface,1000,4,1657,1656,1654,13084578263595,0.091206,0.123400,,0.000000,
14,CReferenceSurface,1000,4,1658,1657,1655,13084578264829,0.082398,0.080400,,0.000000,
14,CReferenceSurface,1000,4,1659,1658,1656,13084578265633,0.099199,0.097700,,0.000000,
14,CReferenceSurface,1000,4,1660,1659,1657,13084578266610,0.072697,0.089400,,0.000000,
14,CReferenceSurface,1000,4,1661,1660,1658,13084578267504,0.092099,0.082900,,0.000000,
14,CReferenceSurface,1000,4,1662,1661,1659,13084578268333,0.086905,0.099500,,0.000000,
14,CReferenceSurface,1000,4,1663,1662,1660,13084578269328,0.064399,0.072300,,0.000000,
14,CReferenceSurface,1000,4,1664,1663,1661,13084578270051,0.089902,0.091500,,0.000000,
14,CReferenceSurface,1000,4,1665,1664,1662,13084578270966,0.092999,0.087200,,0.000000,
14,CReferenceSurface,1000,4,1666,1665,1663,13084578271838,0.102997,0.065800,,0.000000,
14,CReferenceSurface,1000,4,1667,1666,1664,13084578272496,0.104004,0.088600,,0.000000,
14,CReferenceSurface,1000,4,1668,1667,1665,13084578273382,0.112698,0.095600,,0.000000,
14,CReferenceSurface,1000,4,1669,1668,1666,13084578274338,0.091801,0.101700,,0.000000,
14,CReferenceSurface,1000,4,1670,1669,1667,13084578275355,0.082497,0.105100,,0.000000,
14,CReferenceSurface,1000,4,1671,1670,1668,13084578276406,0.080400,0.111400,,0.000000,
14,CReferenceSurface,1000,4,1672,1671,1669,13084578277520,0.080201,0.090800,,0.000000,
14,CReferenceSurface,1000,4,1673,1672,1670,13084578278428,0.077601,0.082100,,0.000000,
14,CReferenceSurface,1000,4,1674,1673,1671,13084578279249,0.095096,0.080600,,0.000000,
14,CReferenceSurface,1000,4,1675,1674,1672,13084578280055,0.081604,0.079900,,0.000000,
14,CReferenceSurface,1000,4,1676,1675,1673,13084578280854,0.086898,0.079600,,0.000000,
14,CReferenceSurface,1000,4,1677,1676,1674,13084578281650,0.074603,0.093200,,0.000000,
14,CReferenceSurface,1000,4,1678,1677,1675,13084578282582,0.082398,0.082700,,0.000000,
14,CReferenceSurface,1000,4,1679,1678,1676,13084578283409,0.082001,0.086200,,0.000000,
14,CReferenceSurface,1000,4,1680,1679,1677,13084578284271,0.075595,0.074000,,0.000000,
14,CReferenceSurface,1000,4,1681,1680,1678,13084578285011,0.073101,0.083000,,0.000000,
14,CReferenceSurface,1000,4,1682,1681,1679,13084578285841,0.070699,0.081900,,0.000000,
14,CReferenceSurface,1000,4,1683,1682,1680,13084578286660,0.071903,0.075300,,0.000000,
14,CReferenceSurface,1000,4,1684,1683,1681,13084578287413,0.079301,0.073200,,0.000000,
14,CReferenceSurface,1000,4,1685,1684,1682,13084578288145,0.069997,0.070600,,0.000000,
14,CReferenceSurface,1000,4,1686,1685,1683,13084578288851,0.114902,0.073400,,0.000000,
14,CReferenceSurface,1000,4,1687,1686,1684,13084578289585,0.091397,0.077800,,0.000000,
14,CReferenceSurface,1000,4,1688,1687,1685,13084578290363,0.097201,0.070300,,0.000000,
14,CReferenceSurface,1000,4,1689,1688,1686,13084578291066,0.093601,0.114500,,0.000000,
14,CReferenceSurface,1000,4,1690,1689,1687,13084578292211,0.127700,0.092700,,0.000000,
14,CReferenceSurface,1000,4,1691,1690,1688,13084578293138,0.094997,0.096500,,0.000000,
14,CReferenceSurface,1000,4,1692,1691,1689,13084578294103,0.097102,0.094800,,0.000000,
14,CReferenceSurface,1000,4,1693,1692,1690,13084578295051,0.110601,0.127600,,0.000000,
14,CReferenceSurface,1000,4,1694,1693,1691,13084578296327,0.116298,0.093800,,0.000000,
14,CReferenceSurface,1000,4,1695,1694,1692,13084578297265,0.097003,0.099600,,0.000000,
14,CReferenceSurface,1000,4,1696,1695,1693,13084578298261,0.108099,0.111100,,0.000000,
15,CReferenceSurface,1000,8,1728,1727,1725,13084578874820,0.105201,0.060400,,0.000000,
15,CReferenceSurface,1000,8,1729,1728,1726,13084578875424,0.088705,0.060200,,0.000000,
15,CReferenceSurface,1000,8,1730,1729,1727,13084578876026,0.082696,0.073800,,0.000000,
15,CReferenceSurface,1000,8,1731,1730,1728,13084578876764,0.070500,0.104900,,0.000000,
15,CReferenceSurface,1000,8,1732,1731,1729,13084578877813,0.064803,0.088600,,0.000000,
15,CReferenceSurface,1000,8,1733,1732,1730,13084578878699,0.077395,0.081800,,0.000000,
15,CReferenceSurface,1000,8,1734,1733,1731,13084578879517,0.081101,0.070200,,0.000000,
15,CReferenceSurface,1000,8,1735,1734,1732,13084578880219,0.075602,0.064700,,0.000000,
15,CReferenceSurface,1000,8,1736,1735,1733,13084578880866,0.070401,0.078400,,0.000000,
15,CReferenceSurface,1000,8,1737,1736,1734,13084578881650,0.082299,0.080500,,0.000000,
15,CReferenceSurface,1000,8,1738,1737,1735,13084578882455,0.076701,0.075700,,0.000000,
15,CReferenceSurface,1000,8,1739,1738,1736,13084578883212,0.089300,0.071100,,0.000000,
15,CReferenceSurface,1000,8,1740,1739,1737,13084578883923,0.079202,0.081300,,0.000000,
15,CReferenceSurface,1000,8,1741,1740,1738,13084578884736,0.083199,0.077500,,0.000000,
15,CReferenceSurface,1000,8,1742,1741,1739,13084578885511,0.075000,0.088700,,0.000000,
15,CReferenceSurface,1000,8,1743,1742,1740,13084578886398,0.083000,0.079100,,0.000000,
15,CReferenceSurface,1000,8,1744,1743,1741,13084578887189,0.072300,0.083100,,0.000000,
15,CReferenceSurface,1000,8,1745,1744,1742,13084578888020,0.082497,0.075200,,0.000000,
15,CReferenceSurface,1000,8,1746,1745,1743,13084578888772,0.091603,0.083100,,0.000000,
15,CReferenceSurface,1000,8,1747,1746,1744,13084578889603,0.083298,0.072100,,0.000000,
15,CReferenceSurface,1000,8,1748,1747,1745,13084578890324,0.079797,0.084500,,0.000000,
15,CReferenceSurface,1000,8,1749,1748,1746,13084578891169,0.072704,0.090000,,0.000000,
15,CReferenceSurface,1000,8,1750,1749,1747,13084578892069,0.081796,0.082900,,0.000000,
15,CReferenceSurface,1000,8,1751,1750,1748,13084578892898,0.082703,0.080000,,0.000000,
15,CReferenceSurface,1000,8,1752,1751,1749,13084578893698,0.086699,0.072400,,0.000000,
15,CReferenceSurface,1000,8,1753,1752,1750,13084578894422,0.083603,0.082100,,0.000000,
15,CReferenceSurface,1000,8,1754,1753,1751,13084578895243,0.083397,0.083700,,0.000000,
15,CReferenceSurface,1000,8,1755,1754,1752,13084578896080,0.088003,0.086000,,0.000000,
15,CReferenceSurface,1000,8,1756,1755,1753,13084578896940,0.078295,0.083400,,0.000000,
15,CReferenceSurface,1000,8,1757,1756,1754,13084578897774,0.072003,0.084400,,0.000000,
15,CReferenceSurface,1000,8,1758,1757,1755,13084578898618,0.069799,0.086900,,0.000000,
15,CReferenceSurface,1000,8,1759,1758,1756,13084578899487,0.088202,0.077900,,0.000000,
15,CReferenceSurface,1000,8,1760,1759,1757,13084578900266,0.108199,0.072200,,0.000000,
15,CReferenceSurface,1000,8,1761,1760,1758,13084578900988,0.084999,0.069800,,0.000000,
15,CReferenceSurface,1000,8,1762,1761,1759,13084578901686,8.617304,0.089600,,0.000000,
15,CReferenceSurface,1000,8,1763,1762,1760,13084578902582,0.940200,0.107200,,0.000000,
15,CReferenceSurface,1000,8,1764,1763,1761,13084578903654,0.107696,0.084700,,0.000000,
15,CReferenceSurface,1000,8,1765,1764,1762,13084578904501,0.112500,8.625300,,0.000000,
15,CReferenceSurface,1000,8,1766,1765,1763,13084578990754,0.160700,0.933700,,0.000000,
15,CReferenceSurface,1000,8,1767,1766,1764,13084579000091,0.164002,0.106600,,0.000000,
15,CReferenceSurface,1000,8,1768,1767,1765,13084579001157,0.129004,0.115800,,0.000000,
15,CReferenceSurface,1000,8,1769,1768,1766,13084579002315,0.131994,0.170300,,0.000000,
15,CReferenceSurface,1000,8,1770,1769,1767,13084579004018,0.126701,0.152400,,0.000000,
15,CReferenceSurface,1000,8,1771,1770,1768,13084579005542,0.099802,0.132600,,0.000000,
15,CReferenceSurface,1000,8,1772,1771,1769,13084579006868,0.124199,0.130700,,0.000000,
15,CReferenceSurface,1000,8,1773,1772,1770,13084579008175,0.221499,0.124500,,0.000000,
15,CReferenceSurface,1000,8,1774,1773,1771,13084579009420,0.591405,0.098600,,0.422200,
15,CReferenceSurface,1000,8,1775,1774,1772,13084579010406,0.101701,0.126900,,0.000000,
15,CReferenceSurface,1000,8,1776,1775,1773,13084579011675,0.234899,0.218300,,0.000000,
15,CReferenceSurface,1000,8,1777,1776,1774,13084579013858,0.136798,0.595800,,0.000000,
15,CReferenceSurface,1000,8,1778,1777,1775,13084579019816,0.144501,0.101500,,0.000000,
15,CReferenceSurface,1000,8,1779,1778,1776,13084579020831,0.111501,0.234400,,0.000000,
15,CReferenceSurface,1000,8,1780,1779,1777,13084579023175,0.143098,0.137800,,0.000000,
15,CReferenceSurface,1000,8,1781,1780,1778,13084579024553,0.100602,0.143100,,0.000000,
15,CReferenceSurface,1000,8,1782,1781,1779,13084579025984,0.101594,0.110700,,0.000000,
15,CReferenceSurface,1000,8,1783,1782,1780,13084579027091,0.090405,0.141700,,0.000000,
15,CReferenceSurface,1000,8,1784,1783,1781,13084579028508,0.125496,0.100200,,0.000000,
15,CReferenceSurface,1000,8,1785,1784,1782,13084579029510,0.104599,0.101600,,0.000000,
15,CReferenceSurface,1000,8,1786,1785,1783,13084579030526,0.087500,0.093600,,0.000000,
15,CReferenceSurface,1000,8,1787,1786,1784,13084579031462,0.103600,0.123300,,0.000000,
15,CReferenceSurface,1000,8,1788,1787,1785,13084579032695,0.086104,0.103600,,0.000000,
15,CReferenceSurface,1000,8,1789,1788,1786,13084579033731,0.083999,0.090600,,0.000000,
15,CReferenceSurface,1000,8,1790,1789,1787,13084579034637,0.080300,0.100400,,0.000000,
15,CReferenceSurface,1000,8,1791,1790,1788,13084579035641,0.084701,0.085700,,0.000000,
15,CReferenceSurface,1000,8,1792,1791,1789,13084579036498,0.073299,0.084100,,0.000000,
15,CReferenceSurface,1000,8,1793,1792,1790,13084579037339,0.071995,0.081600,,0.000000,
15,CReferenceSurface,1000,8,1794,1793,1791,13084579038155,0.086806,0.083300,,0.000000,
15,CReferenceSurface,1000,8,1795,1794,1792,13084579038988,0.106796,0.073200,,0.000000,
15,CReferenceSurface,1000,8,1796,1795,1793,13084579039720,0.081399,0.071900,,0.000000,
15,CReferenceSurface,1000,8,1797,1796,1794,13084579040439,0.073703,0.088000,,0.000000,
15,CReferenceSurface,1000,8,1798,1797,1795,13084579041319,0.072902,0.106000,,0.000000,
15,CReferenceSurface,1000,8,1799,1798,1796,13084579042379,0.071195,0.081100,,0.000000,
15,CReferenceSurface,1000,8,1800,1799,1797,13084579043190,0.096301,0.074000,,0.000000,
15,CReferenceSurface,1000,8,1801,1800,1798,13084579043930,0.098902,0.072400,,0.000000,
15,CReferenceSurface,1000,8,1802,1801,1799,13084579044654,0.082398,0.071500,,0.000000,
15,CReferenceSurface,1000,8,1803,1802,1800,13084579045369,0.087698,0.098800,,0.000000,
15,CReferenceSurface,1000,8,1804,1803,1801,13084579046357,0.087805,0.097000,,0.000000,
15,CReferenceSurface,1000,8,1805,1804,1802,13084579047327,0.092297,0.082100,,0.000000,
15,CReferenceSurface,1000,8,1806,1805,1803,13084579048148,0.078798,0.087800,,0.000000,
15,CReferenceSurface,1000,8,1807,1806,1804,13084579049026,0.067304,0.088400,,0.000000,
15,CReferenceSurface,1000,8,1808,1807,1805,13084579049910,0.073795,0.092000,,0.000000,
15,CReferenceSurface,1000,8,1809,1808,1806,13084579050830,0.076502,0.078300,,0.000000,
15,CReferenceSurface,1000,8,1810,1809,1807,13084579051613,0.074001,0.066900,,0.000000,
15,CReferenceSurface,1000,8,1811,1810,1808,13084579052282,0.073101,0.074000,,0.000000,
15,CReferenceSurface,1000,8,1812,1811,1809,13084579053022,0.073299,0.076500,,0.000000,
15,CReferenceSurface,1000,8,1813,1812,1810,13084579053787,0.072796,0.074200,,0.000000,
15,CReferenceSurface,1000,8,1814,1813,1811,13084579054529,0.098200,0.073000,,0.000000,
15,CReferenceSurface,1000,8,1815,1814,1812,13084579055259,0.096606,0.073300,,0.000000,
15,CReferenceSurface,1000,8,1816,1815,1813,13084579055992,0.094097,0.072900,,0.000000,
15,CReferenceSurface,1000,8,1817,1816,1814,13084579056721,0.105804,0.098600,,0.000000,
16,CReferenceSurface,1000,16,1849,1848,1846,13084579605284,0.063301,0.064300,,0.000000,
16,CReferenceSurface,1000,16,1850,1849,1847,13084579605927,0.067900,0.064100,,0.000000,
16,CReferenceSurface,1000,16,1851,1850,1848,13084579606568,0.067595,0.064100,,0.000000,
16,CReferenceSurface,1000,16,1852,1851,1849,13084579607209,0.073703,0.063300,,0.000000,
16,CReferenceSurface,1000,16,1853,1852,1850,13084579607842,0.069997,0.068100,,0.000000,
16,CReferenceSurface,1000,16,1854,1853,1851,13084579608523,0.077806,0.067300,,0.000000,
16,CReferenceSurface,1000,16,1855,1854,1852,13084579609196,0.067793,0.074000,,0.000000,
16,CReferenceSurface,1000,16,1856,1855,1853,13084579609936,0.067007,0.071100,,0.000000,
16,CReferenceSurface,1000,16,1857,1856,1854,13084579610647,0.066497,0.076600,,0.000000,
16,CReferenceSurface,1000,16,1858,1857,1855,13084579611413,0.065703,0.067800,,0.000000,
16,CReferenceSurface,1000,16,1859,1858,1856,13084579612091,0.473200,0.066900,,0.377200,
16,CReferenceSurface,1000,16,1860,1859,1857,13084579612760,0.076998,0.066400,,0.000000,
16,CReferenceSurface,1000,16,1861,1860,1858,13084579613424,0.092297,0.065700,,0.000000,
16,CReferenceSurface,1000,16,1862,1861,1859,13084579614081,0.097399,0.474800,,0.000000,
16,CReferenceSurface,1000,16,1863,1862,1860,13084579618829,0.077700,0.075700,,0.000000,
16,CReferenceSurface,1000,16,1864,1863,1861,13084579619586,0.083900,0.094300,,0.000000,
16,CReferenceSurface,1000,16,1865,1864,1862,13084579620529,0.087004,0.095800,,0.000000,
16,CReferenceSurface,1000,16,1866,1865,1863,13084579621487,0.081200,0.077300,,0.000000,
16,CReferenceSurface,1000,16,1867,1866,1864,13084579622260,0.082696,0.085000,,0.000000,
16,CReferenceSurface,1000,16,1868,1867,1865,13084579623110,0.090101,0.086100,,0.000000,
16,CReferenceSurface,1000,16,1869,1868,1866,13084579623971,0.077799,0.081200,,0.000000,
16,CReferenceSurface,1000,16,1870,1869,1867,13084579624783,0.072003,0.083500,,0.000000,
16,CReferenceSurface,1000,16,1871,1870,1868,13084579625618,0.073299,0.089200,,0.000000,
16,CReferenceSurface,1000,16,1872,1871,1869,13084579626510,0.071400,0.077600,,0.000000,
16,CReferenceSurface,1000,16,1873,1872,1870,13084579627286,0.072399,0.072100,,0.000000,
16,CReferenceSurface,1000,16,1874,1873,1871,13084579628007,0.083000,0.073100,,0.000000,
16,CReferenceSurface,1000,16,1875,1874,1872,13084579628738,0.072300,0.071400,,0.000000,
16,CReferenceSurface,1000,16,1876,1875,1873,13084579629452,0.071903,0.074100,,0.000000,
16,CReferenceSurface,1000,16,1877,1876,1874,13084579630193,0.076396,0.081800,,0.000000,
16,CReferenceSurface,1000,16,1878,1877,1875,13084579631011,0.071698,0.072000,,0.000000,
16,CReferenceSurface,1000,16,1879,1878,1876,13084579631731,0.096507,0.072600,,0.000000,
16,CReferenceSurface,1000,16,1880,1879,1877,13084579632457,0.087698,0.075700,,0.000000,
16,CReferenceSurface,1000,16,1881,1880,1878,13084579633214,0.079996,0.072200,,0.000000,
16,CReferenceSurface,1000,16,1882,1881,1879,13084579633936,0.085700,0.096100,,0.000000,
16,CReferenceSurface,1000,16,1883,1882,1880,13084579634897,9.319204,0.088000,,0.000000,
16,CReferenceSurface,1000,16,1884,1883,1881,13084579635777,2.178196,0.079600,,0.000000,
16,CReferenceSurface,1000,16,1885,1884,1882,13084579636573,0.154606,0.087600,,0.000000,
16,CReferenceSurface,1000,16,1886,1885,1883,13084579637449,0.144296,9.336300,,0.000000,
16,CReferenceSurface,1000,16,1887,1886,1884,13084579730812,0.143800,2.163600,,0.000000,
16,CReferenceSurface,1000,16,1888,1887,1885,13084579752448,0.142205,0.153900,,0.000000,
16,CReferenceSurface,1000,16,1889,1888,1886,13084579753987,0.104897,0.143200,,0.000000,
16,CReferenceSurface,1000,16,1890,1889,1887,13084579755419,0.099497,0.146100,,0.000000,
16,CReferenceSurface,1000,16,1891,1890,1888,13084579756880,0.111302,0.138300,,0.000000,
16,CReferenceSurface,1000,16,1892,1891,1889,13084579758263,0.148299,0.104400,,0.000000,
16,CReferenceSurface,1000,16,1893,1892,1890,13084579759307,0.150503,0.099900,,0.000000,
16,CReferenceSurface,1000,16,1894,1893,1891,13084579760306,0.136295,0.115400,,0.000000,
16,CReferenceSurface,1000,16,1895,1894,1892,13084579761460,0.168700,0.160700,,0.000000,
16,CReferenceSurface,1000,16,1896,1895,1893,13084579763067,0.307901,0.139600,,0.000000,
16,CReferenceSurface,1000,16,1897,1896,1894,13084579764463,0.112004,0.131000,,0.000000,
16,CReferenceSurface,1000,16,1898,1897,1895,13084579765773,0.097499,0.262000,,0.000000,
16,CReferenceSurface,1000,16,1899,1898,1896,13084579768393,0.130598,0.214900,,0.000000,
16,CReferenceSurface,1000,16,1900,1899,1897,13084579770542,0.095699,0.111400,,0.000000,
16,CReferenceSurface,1000,16,1901,1900,1898,13084579771656,0.095599,0.100500,,0.000000,
16,CReferenceSurface,1000,16,1902,1901,1899,13084579772661,0.104904,0.127700,,0.000000,
16,CReferenceSurface,1000,16,1903,1902,1900,13084579773938,0.083000,0.096100,,0.000000,
16,CReferenceSurface,1000,16,1904,1903,1901,13084579774899,0.109800,0.098300,,0.000000,
16,CReferenceSurface,1000,16,1905,1904,1902,13084579775882,0.083298,0.101500,,0.000000,
16,CReferenceSurface,1000,16,1906,1905,1903,13084579776897,0.085204,0.086300,,0.000000,
16,CReferenceSurface,1000,16,1907,1906,1904,13084579777760,0.095096,0.106700,,0.000000,
16,CReferenceSurface,1000,16,1908,1907,1905,13084579778827,0.079500,0.083600,,0.000000,
16,CReferenceSurface,1000,16,1909,1908,1906,13084579779663,0.108603,0.084700,,0.000000,
16,CReferenceSurface,1000,16,1910,1909,1907,13084579780510,0.097201,0.094700,,0.000000,
16,CReferenceSurface,1000,16,1911,1910,1908,13084579781457,0.086295,0.080700,,0.000000,
16,CReferenceSurface,1000,16,1912,1911,1909,13084579782264,0.090901,0.107500,,0.000000,
16,CReferenceSurface,1000,16,1913,1912,1910,13084579783339,0.078897,0.097700,,0.000000,
16,CReferenceSurface,1000,16,1914,1913,1911,13084579784316,0.082901,0.087100,,0.000000,
16,CReferenceSurface,1000,16,1915,1914,1912,13084579785187,0.078600,0.089600,,0.000000,
16,CReferenceSurface,1000,16,1916,1915,1913,13084579786083,0.078699,0.079700,,0.000000,
16,CReferenceSurface,1000,16,1917,1916,1914,13084579786880,0.078005,0.081900,,0.000000,
16,CReferenceSurface,1000,16,1918,1917,1915,13084579787699,0.085098,0.078700,,0.000000,
16,CReferenceSurface,1000,16,1919,1918,1916,13084579788486,0.125801,0.078800,,0.000000,
16,CReferenceSurface,1000,16,1920,1919,1917,13084579789274,0.085799,0.079100,,0.000000,
16,CReferenceSurface,1000,16,1921,1920,1918,13084579790065,0.085998,0.084300,,0.000000,
16,CReferenceSurface,1000,16,1922,1921,1919,13084579790908,1.679301,0.126200,,0.000000,
16,CReferenceSurface,1000,16,1923,1922,1920,13084579792170,2.761303,0.085900,,0.000000,
16,CReferenceSurface,1000,16,1924,1923,1921,13084579793029,0.791596,0.085700,,0.569000,
16,CReferenceSurface,1000,16,1925,1924,1922,13084579793886,0.156101,1.699100,,0.000000,
16,CReferenceSurface,1000,16,1926,1925,1923,13084579810877,0.161005,2.745700,,0.000000,
16,CReferenceSurface,1000,16,1927,1926,1924,13084579838334,0.129096,0.790600,,0.000000,
16,CReferenceSurface,1000,16,1928,1927,1925,13084579846240,0.162302,0.156800,,0.000000,
16,CReferenceSurface,1000,16,1929,1928,1926,13084579847808,0.129897,0.158300,,0.000000,
16,CReferenceSurface,1000,16,1930,1929,1927,13084579849391,0.089704,0.132200,,0.000000,
16,CReferenceSurface,1000,16,1931,1930,1928,13084579850713,0.142602,0.159000,,0.000000,
16,CReferenceSurface,1000,16,1932,1931,1929,13084579852303,0.134495,0.129300,,0.000000,
16,CReferenceSurface,1000,16,1933,1932,1930,13084579853596,0.136402,0.088800,,0.000000,
16,CReferenceSurface,1000,16,1934,1933,1931,13084579854484,0.127501,0.146300,,0.000000,
16,CReferenceSurface,1000,16,1935,1934,1932,13084579855947,0.138797,0.132000,,0.000000,
16,CReferenceSurface,1000,16,1936,1935,1933,13084579857267,0.120500,0.137200,,0.000000,
16,CReferenceSurface,1000,16,1937,1936,1934,13084579858639,0.114300,0.131200,,0.000000,
16,CReferenceSurface,1000,16,1938,1937,1935,13084579859951,0.136005,0.136400,,0.000000,
17,DImprovedSurface,100,1,1970,1969,1967,13084580241631,0.107398,0.147200,,0.000000,
17,DImprovedSurface,100,1,1971,1970,1968,13084580243103,0.112401,0.119200,,0.000000,
17,DImprovedSurface,100,1,1972,1971,1969,13084580244295,0.103401,0.110600,,0.000000,
17,DImprovedSurface,100,1,1973,1972,1970,13084580245401,0.114796,0.107300,,0.000000,
17,DImprovedSurface,100,1,1974,1973,1971,13084580246474,0.129401,0.112600,,0.000000,
17,DImprovedSurface,100,1,1975,1974,1972,13084580247600,0.115398,0.102800,,0.000000,
17,DImprovedSurface,100,1,1976,1975,1973,13084580248628,0.134304,0.115800,,0.000000,
17,DImprovedSurface,100,1,1977,1976,1974,13084580249786,0.134396,0.129100,,0.000000,
17,DImprovedSurface,100,1,1978,1977,1975,13084580251077,0.121599,0.115500,,0.000000,
17,DImprovedSurface,100,1,1979,1978,1976,13084580252232,0.112500,0.135800,,0.000000,
17,DImprovedSurface,100,1,1980,1979,1977,13084580253590,0.200404,0.132900,,0.000000,
17,DImprovedSurface,100,1,1981,1980,1978,13084580254919,0.279698,0.121400,,0.000000,
17,DImprovedSurface,100,1,1982,1981,1979,13084580256133,0.141100,0.112200,,0.000000,
17,DImprovedSurface,100,1,1983,1982,1980,13084580257255,0.139902,0.205700,,0.000000,
17,DImprovedSurface,100,1,1984,1983,1981,13084580259312,0.119196,0.274700,,0.000000,
17,DImprovedSurface,100,1,1985,1984,1982,13084580262059,0.124603,0.146500,,0.000000,
17,DImprovedSurface,100,1,1986,1985,1983,13084580263524,0.138598,0.134500,,0.000000,
17,DImprovedSurface,100,1,1987,1986,1984,13084580264869,0.130102,0.119700,,0.000000,
17,DImprovedSurface,100,1,1988,1987,1985,13084580266066,0.242198,0.123900,,0.000000,
17,DImprovedSurface,100,1,1989,1988,1986,13084580267305,0.186798,0.142500,,0.000000,
17,DImprovedSurface,100,1,1990,1989,1987,13084580268730,0.118700,0.133200,,0.000000,
17,DImprovedSurface,100,1,1991,1990,1988,13084580270062,0.204606,0.239000,,0.000000,
17,DImprovedSurface,100,1,1992,1991,1989,13084580272452,0.095699,0.183400,,0.000000,
17,DImprovedSurface,100,1,1993,1992,1990,13084580274286,0.123101,0.123200,,0.000000,
17,DImprovedSurface,100,1,1994,1993,1991,13084580275518,0.151694,0.200600,,0.000000,
17,DImprovedSurface,100,1,1995,1994,1992,13084580277524,0.115001,0.094400,,0.000000,
17,DImprovedSurface,100,1,1996,1995,1993,13084580278468,0.109899,0.126100,,0.000000,
17,DImprovedSurface,100,1,1997,1996,1994,13084580279729,0.103302,0.149200,,0.000000,
17,DImprovedSurface,100,1,1998,1997,1995,13084580281221,0.105697,0.114800,,0.000000,
17,DImprovedSurface,100,1,1999,1998,1996,13084580282369,0.096606,0.109600,,0.000000,
17,DImprovedSurface,100,1,2000,1999,1997,13084580283465,0.078997,0.103600,,0.000000,
17,DImprovedSurface,100,1,2001,2000,1998,13084580284501,0.106704,0.105500,,0.000000,
17,DImprovedSurface,100,1,2002,2001,1999,13084580285556,0.110395,0.096300,,0.000000,
17,DImprovedSurface,100,1,2003,2002,2000,13084580286519,0.106704,0.079700,,0.000000,
17,DImprovedSurface,100,1,2004,2003,2001,13084580287316,0.108496,0.106700,,0.000000,
17,DImprovedSurface,100,1,2005,2004,2002,13084580288383,0.107200,0.110100,,0.000000,
17,DImprovedSurface,100,1,2006,2005,2003,13084580289484,0.106200,0.106700,,0.000000,
17,DImprovedSurface,100,1,2007,2006,2004,13084580290551,0.113705,0.108400,,0.000000,
17,DImprovedSurface,100,1,2008,2007,2005,13084580291635,0.108397,0.107400,,0.000000,
17,DImprovedSurface,100,1,2009,2008,2006,13084580292709,0.115101,0.106300,,0.000000,
17,DImprovedSurface,100,1,2010,2009,2007,13084580293772,0.187599,0.113800,,0.000000,
17,DImprovedSurface,100,1,2011,2010,2008,13084580294910,0.181002,0.108100,,0.000000,
17,DImprovedSurface,100,1,2012,2011,2009,13084580295991,0.166397,0.117600,,0.000000,
17,DImprovedSurface,100,1,2013,2012,2010,13084580297167,0.178005,0.190900,,0.000000,
17,DImprovedSurface,100,1,2014,2013,2011,13084580299076,0.176899,0.177200,,0.000000,
17,DImprovedSurface,100,1,2015,2014,2012,13084580300848,0.162195,0.171200,,0.000000,
17,DImprovedSurface,100,1,2016,2015,2013,13084580302560,0.202204,0.177200,,0.000000,
17,DImprovedSurface,100,1,2017,2016,2014,13084580304332,0.202997,0.172300,,0.000000,
17,DImprovedSurface,100,1,2018,2017,2015,13084580306055,0.149298,0.166700,,0.000000,
17,DImprovedSurface,100,1,2019,2018,2016,13084580307722,0.123505,0.201500,,0.000000,
17,DImprovedSurface,100,1,2020,2019,2017,13084580309737,0.134198,0.201300,,0.000000,
17,DImprovedSurface,100,1,2021,2020,2018,13084580311750,0.109899,0.148400,,0.000000,
17,DImprovedSurface,100,1,2022,2021,2019,13084580313234,0.100000,0.123500,,0.000000,
17,DImprovedSurface,100,1,2023,2022,2020,13084580314469,0.097300,0.133400,,0.000000,
17,DImprovedSurface,100,1,2024,2023,2021,13084580315803,0.122003,0.108500,,0.000000,
17,DImprovedSurface,100,1,2025,2024,2022,13084580316888,0.149100,0.099800,,0.000000,
17,DImprovedSurface,100,1,2026,2025,2023,13084580317886,0.132696,0.097000,,0.000000,
17,DImprovedSurface,100,1,2027,2026,2024,13084580318856,0.126502,0.127600,,0.000000,
17,DImprovedSurface,100,1,2028,2027,2025,13084580320132,0.107001,0.144900,,0.000000,
17,DImprovedSurface,100,1,2029,2028,2026,13084580321581,0.131597,0.132700,,0.000000,
17,DImprovedSurface,100,1,2030,2029,2027,13084580322908,0.220203,0.126100,,0.000000,
17,DImprovedSurface,100,1,2031,2030,2028,13084580324169,0.291497,0.106100,,0.000000,
17,DImprovedSurface,100,1,2032,2031,2029,13084580325230,0.161501,0.136100,,0.000000,
17,DImprovedSurface,100,1,2033,2032,2030,13084580326591,0.190505,0.290600,,0.000000,
17,DImprovedSurface,100,1,2034,2033,2031,13084580329497,0.164498,0.222100,,0.000000,
17,DImprovedSurface,100,1,2035,2034,2032,13084580331718,0.155697,0.160800,,0.000000,
17,DImprovedSurface,100,1,2036,2035,2033,13084580333326,0.163499,0.191500,,0.000000,
17,DImprovedSurface,100,1,2037,2036,2034,13084580335241,0.173604,0.164100,,0.000000,
17,DImprovedSurface,100,1,2038,2037,2035,13084580336882,0.103897,0.151900,,0.000000,
17,DImprovedSurface,100,1,2039,2038,2036,13084580338401,0.156597,0.167100,,0.000000,
17,DImprovedSurface,100,1,2040,2039,2037,13084580340072,0.152707,0.169100,,0.000000,
17,DImprovedSurface,100,1,2041,2040,2038,13084580341763,0.157894,0.107000,,0.000000,
17,DImprovedSurface,100,1,2042,2041,2039,13084580342833,0.147803,0.157800,,0.000000,
17,DImprovedSurface,100,1,2043,2042,2040,13084580344411,0.153097,0.149100,,0.000000,
17,DImprovedSurface,100,1,2044,2043,2041,13084580345902,0.124405,0.158600,,0.000000,
17,DImprovedSurface,100,1,2045,2044,2042,13084580347488,0.114300,0.151100,,0.000000,
17,DImprovedSurface,100,1,2046,2045,2043,13084580348999,0.134899,0.148700,,0.000000,
17,DImprovedSurface,100,1,2047,2046,2044,13084580350486,0.085395,0.124100,,0.000000,
17,DImprovedSurface,100,1,2048,2047,2045,13084580351727,0.093700,0.114300,,0.000000,
17,DImprovedSurface,100,1,2049,2048,2046,13084580352870,0.118403,0.134400,,0.000000,
17,DImprovedSurface,100,1,2050,2049,2047,13084580354214,0.084503,0.084600,,0.000000,
17,DImprovedSurface,100,1,2051,2050,2048,13084580355060,0.140497,0.094100,,0.000000,
17,DImprovedSurface,100,1,2052,2051,2049,13084580356001,0.132497,0.118300,,0.000000,
17,DImprovedSurface,100,1,2053,2052,2050,13084580357184,0.113506,0.087200,,0.000000,
17,DImprovedSurface,100,1,2054,2053,2051,13084580358056,0.123895,0.140200,,0.000000,
17,DImprovedSurface,100,1,2055,2054,2052,13084580359458,0.123200,0.131100,,0.000000,
17,DImprovedSurface,100,1,2056,2055,2053,13084580360769,0.085502,0.113000,,0.000000,
17,DImprovedSurface,100,1,2057,2056,2054,13084580361899,0.110402,0.123700,,0.000000,
17,DImprovedSurface,100,1,2058,2057,2055,13084580363136,0.109396,0.123100,,0.000000,
17,DImprovedSurface,100,1,2059,2058,2056,13084580364367,0.123399,0.085500,,0.000000,
18,DImprovedSurface,100,4,2091,2090,2088,13084580682334,0.121301,0.107900,,0.000000,
18,DImprovedSurface,100,4,2092,2091,2089,13084580683413,0.175099,0.120600,,0.000000,
18,DImprovedSurface,100,4,2093,2092,2090,13084580684619,0.297697,0.121500,,0.000000,
18,DImprovedSurface,100,4,2094,2093,2091,13084580685834,0.154401,0.122600,,0.000000,
18,DImprovedSurface,100,4,2095,2094,2092,13084580687060,0.106101,0.178200,,0.000000,
18,DImprovedSurface,100,4,2096,2095,2093,13084580688842,0.092602,0.294300,,0.000000,
18,DImprovedSurface,100,4,2097,2096,2094,13084580691785,0.134297,0.153300,,0.000000,
18,DImprovedSurface,100,4,2098,2097,2095,13084580693318,0.153104,0.105900,,0.000000,
18,DImprovedSurface,100,4,2099,2098,2096,13084580694377,0.134899,0.093700,,0.000000,
18,DImprovedSurface,100,4,2100,2099,2097,13084580695314,0.101601,0.137100,,0.000000,
18,DImprovedSurface,100,4,2101,2100,2098,13084580696685,0.116695,0.150200,,0.000000,
18,DImprovedSurface,100,4,2102,2101,2099,13084580698187,0.113804,0.134500,,0.000000,
18,DImprovedSurface,100,4,2103,2102,2100,13084580699532,0.105400,0.102000,,0.000000,
18,DImprovedSurface,100,4,2104,2103,2101,13084580700552,0.105201,0.115600,,0.000000,
18,DImprovedSurface,100,4,2105,2104,2102,13084580701708,0.104393,0.113200,,0.000000,
18,DImprovedSurface,100,4,2106,2105,2103,13084580702840,0.105903,0.106000,,0.000000,
18,DImprovedSurface,100,4,2107,2106,2104,13084580703900,0.121698,0.105200,,0.000000,
18,DImprovedSurface,100,4,2108,2107,2105,13084580704952,0.108000,0.104500,,0.000000,
18,DImprovedSurface,100,4,2109,2108,2106,13084580705997,0.105704,0.105200,,0.000000,
18,DImprovedSurface,100,4,2110,2109,2107,13084580707049,0.104500,0.122600,,0.000000,
18,DImprovedSurface,100,4,2111,2110,2108,13084580708275,0.104401,0.107600,,0.000000,
18,DImprovedSurface,100,4,2112,2111,2109,13084580709351,0.123299,0.105700,,0.000000,
18,DImprovedSurface,100,4,2113,2112,2110,13084580710408,0.151601,0.104500,,0.000000,
18,DImprovedSurface,100,4,2114,2113,2111,13084580711453,0.117198,0.104300,,0.000000,
18,DImprovedSurface,100,4,2115,2114,2112,13084580712496,0.121301,0.127700,,0.000000,
18,DImprovedSurface,100,4,2116,2115,2113,13084580713773,0.114201,0.150100,,0.000000,
18,DImprovedSurface,100,4,2117,2116,2114,13084580715274,0.111196,0.114800,,0.000000,
18,DImprovedSurface,100,4,2118,2117,2115,13084580716422,0.091603,0.120700,,0.000000,
18,DImprovedSurface,100,4,2119,2118,2116,13084580717629,0.128295,0.114100,,0.000000,
18,DImprovedSurface,100,4,2120,2119,2117,13084580718770,0.115405,0.111100,,0.000000,
18,DImprovedSurface,100,4,2121,2120,2118,13084580719881,0.114399,0.091600,,0.000000,
18,DImprovedSurface,100,4,2122,2121,2119,13084580720797,0.092099,0.128100,,0.000000,
18,DImprovedSurface,100,4,2123,2122,2120,13084580722078,0.104202,0.118900,,0.000000,
18,DImprovedSurface,100,4,2124,2123,2121,13084580723267,0.122300,0.110900,,0.000000,
18,DImprovedSurface,100,4,2125,2124,2122,13084580724376,0.109899,0.092100,,0.000000,
18,DImprovedSurface,100,4,2126,2125,2123,13084580725297,0.117900,0.104400,,0.000000,
18,DImprovedSurface,100,4,2127,2126,2124,13084580726341,0.106796,0.122600,,0.000000,
18,DImprovedSurface,100,4,2128,2127,2125,13084580727567,0.136104,0.113500,,0.000000,
18,DImprovedSurface,100,4,2129,2128,2126,13084580728702,0.135799,0.115000,,0.000000,
18,DImprovedSurface,100,4,2130,2129,2127,13084580729852,0.094600,0.109500,,0.000000,
18,DImprovedSurface,100,4,2131,2130,2128,13084580730947,0.128997,0.135600,,0.000000,
18,DImprovedSurface,100,4,2132,2131,2129,13084580732303,0.125801,0.133000,,0.000000,
18,DImprovedSurface,100,4,2133,2132,2130,13084580733633,0.134403,0.094200,,0.000000,
18,DImprovedSurface,100,4,2134,2133,2131,13084580734575,0.109800,0.133200,,0.000000,
18,DImprovedSurface,100,4,2135,2134,2132,13084580735907,0.110799,0.124700,,0.000000,
18,DImprovedSurface,100,4,2136,2135,2133,13084580737154,0.125298,0.131600,,0.000000,
18,DImprovedSurface,100,4,2137,2136,2134,13084580738470,0.122605,0.109500,,0.000000,
18,DImprovedSurface,100,4,2138,2137,2135,13084580739565,0.111600,0.111200,,0.000000,
18,DImprovedSurface,100,4,2139,2138,2136,13084580740677,0.104393,0.125600,,0.000000,
18,DImprovedSurface,100,4,2140,2139,2137,13084580741933,0.102501,0.122300,,0.000000,
18,DImprovedSurface,100,4,2141,2140,2138,13084580743156,0.136905,0.111300,,0.000000,
18,DImprovedSurface,100,4,2142,2141,2139,13084580744269,0.117595,0.104200,,0.000000,
18,DImprovedSurface,100,4,2143,2142,2140,13084580745311,0.119905,0.106600,,0.000000,
18,DImprovedSurface,100,4,2144,2143,2141,13084580746377,0.113294,0.133000,,0.000000,
18,DImprovedSurface,100,4,2145,2144,2142,13084580747707,0.163705,0.120700,,0.000000,
18,DImprovedSurface,100,4,2146,2145,2143,13084580748914,0.109495,0.116600,,0.000000,
18,DImprovedSurface,100,4,2147,2146,2144,13084580750080,0.124405,0.120500,,0.000000,
18,DImprovedSurface,100,4,2148,2147,2145,13084580751285,0.114796,0.157600,,0.000000,
18,DImprovedSurface,100,4,2149,2148,2146,13084580752861,0.114803,0.108400,,0.000000,
18,DImprovedSurface,100,4,2150,2149,2147,13084580753945,0.090597,0.127900,,0.000000,
18,DImprovedSurface,100,4,2151,2150,2148,13084580755224,0.094303,0.111500,,0.000000,
18,DImprovedSurface,100,4,2152,2151,2149,13084580756339,0.089498,0.114700,,0.000000,
18,DImprovedSurface,100,4,2153,2152,2150,13084580757486,0.089704,0.090600,,0.000000,
18,DImprovedSurface,100,4,2154,2153,2151,13084580758392,0.075496,0.094200,,0.000000,
18,DImprovedSurface,100,4,2155,2154,2152,13084580759334,0.072201,0.089500,,0.000000,
18,DImprovedSurface,100,4,2156,2155,2153,13084580760229,0.108999,0.089600,,0.000000,
18,DImprovedSurface,100,4,2157,2156,2154,13084580761125,0.088804,0.075600,,0.000000,
18,DImprovedSurface,100,4,2158,2157,2155,13084580761881,0.095699,0.072200,,0.000000,
18,DImprovedSurface,100,4,2159,2158,2156,13084580762603,0.113598,0.109000,,0.000000,
18,DImprovedSurface,100,4,2160,2159,2157,13084580763693,0.138202,0.088900,,0.000000,
18,DImprovedSurface,100,4,2161,2160,2158,13084580764582,0.090299,0.095500,,0.000000,
18,DImprovedSurface,100,4,2162,2161,2159,13084580765537,0.126800,0.117700,,0.000000,
18,DImprovedSurface,100,4,2163,2162,2160,13084580766714,0.126800,0.134300,,0.000000,
18,DImprovedSurface,100,4,2164,2163,2161,13084580768057,0.106704,0.091400,,0.000000,
18,DImprovedSurface,100,4,2165,2164,2162,13084580768971,0.104996,0.128300,,0.000000,
18,DImprovedSurface,100,4,2166,2165,2163,13084580770254,0.118800,0.124900,,0.000000,
18,DImprovedSurface,100,4,2167,2166,2164,13084580771503,0.123002,0.106500,,0.000000,
18,DImprovedSurface,100,4,2168,2167,2165,13084580772568,0.077898,0.105000,,0.000000,
18,DImprovedSurface,100,4,2169,2168,2166,13084580773618,0.086798,0.119500,,0.000000,
18,DImprovedSurface,100,4,2170,2169,2167,13084580774813,0.094806,0.121800,,0.000000,
18,DImprovedSurface,100,4,2171,2170,2168,13084580776031,0.114895,0.077300,,0.000000,
18,DImprovedSurface,100,4,2172,2171,2169,13084580776804,0.104500,0.087300,,0.000000,
18,DImprovedSurface,100,4,2173,2172,2170,13084580777677,0.102402,0.095000,,0.000000,
18,DImprovedSurface,100,4,2174,2173,2171,13084580778627,0.114300,0.115500,,0.000000,
18,DImprovedSurface,100,4,2175,2174,2172,13084580779782,0.090901,0.104100,,0.000000,
18,DImprovedSurface,100,4,2176,2175,2173,13084580780823,0.104401,0.105000,,0.000000,
18,DImprovedSurface,100,4,2177,2176,2174,13084580781873,0.145798,0.111400,,0.000000,
18,DImprovedSurface,100,4,2178,2177,2175,13084580782987,0.157703,0.091600,,0.000000,
18,DImprovedSurface,100,4,2179,2178,2176,13084580783903,0.163301,0.107200,,0.000000,
18,DImprovedSurface,100,4,2180,2179,2177,13084580784975,0.150694,0.143900,,0.000000,
19,DImprovedSurface,100,8,2212,2211,2209,13084581090904,0.077395,0.089100,,0.000000,
19,DImprovedSurface,100,8,2213,2212,2210,13084581091795,0.171599,0.100500,,0.000000,
19,DImprovedSurface,100,8,2214,2213,2211,13084581092800,0.152105,0.095200,,0.000000,
19,DImprovedSurface,100,8,2215,2214,2212,13084581093752,0.137096,0.079200,,0.000000,
19,DImprovedSurface,100,8,2216,2215,2213,13084581094544,0.146202,0.175600,,0.000000,
19,DImprovedSurface,100,8,2217,2216,2214,13084581096300,0.135502,0.149900,,0.000000,
19,DImprovedSurface,100,8,2218,2217,2215,13084581097799,0.159899,0.138400,,0.000000,
19,DImprovedSurface,100,8,2219,2218,2216,13084581099183,0.204401,0.147500,,0.000000,
19,DImprovedSurface,100,8,2220,2219,2217,13084581100658,0.157398,0.131000,,0.000000,
19,DImprovedSurface,100,8,2221,2220,2218,13084581101968,0.185502,0.162600,,0.000000,
19,DImprovedSurface,100,8,2222,2221,2219,13084581103594,0.106597,0.201100,,0.000000,
19,DImprovedSurface,100,8,2223,2222,2220,13084581105605,0.144402,0.160800,,0.000000,
19,DImprovedSurface,100,8,2224,2223,2221,13084581107213,0.128097,0.183000,,0.000000,
19,DImprovedSurface,100,8,2225,2224,2222,13084581109043,0.108107,0.110500,,0.000000,
19,DImprovedSurface,100,8,2226,2225,2223,13084581110148,0.125397,0.143700,,0.000000,
19,DImprovedSurface,100,8,2227,2226,2224,13084581111585,0.174001,0.123800,,0.000000,
19,DImprovedSurface,100,8,2228,2227,2225,13084581112823,0.079096,0.109900,,0.000000,
19,DImprovedSurface,100,8,2229,2228,2226,13084581113922,0.138506,0.127100,,0.000000,
19,DImprovedSurface,100,8,2230,2229,2227,13084581115193,0.128493,0.170500,,0.000000,
19,DImprovedSurface,100,8,2231,2230,2228,13084581116898,0.094402,0.080100,,0.000000,
19,DImprovedSurface,100,8,2232,2231,2229,13084581117699,0.155201,0.138700,,0.000000,
19,DImprovedSurface,100,8,2233,2232,2230,13084581119086,0.089002,0.127200,,0.000000,
19,DImprovedSurface,100,8,2234,2233,2231,13084581120358,0.103897,0.098000,,0.000000,
19,DImprovedSurface,100,8,2235,2234,2232,13084581121338,0.097102,0.151700,,0.000000,
19,DImprovedSurface,100,8,2236,2235,2233,13084581122855,0.098399,0.088600,,0.000000,
19,DImprovedSurface,100,8,2237,2236,2234,13084581123741,0.117900,0.103300,,0.000000,
19,DImprovedSurface,100,8,2238,2237,2235,13084581124774,0.106002,0.098500,,0.000000,
19,DImprovedSurface,100,8,2239,2238,2236,13084581125759,0.104599,0.099100,,0.000000,
19,DImprovedSurface,100,8,2240,2239,2237,13084581126750,0.124702,0.116200,,0.000000,
19,DImprovedSurface,100,8,2241,2240,2238,13084581127912,0.126899,0.105500,,0.000000,
19,DImprovedSurface,100,8,2242,2241,2239,13084581128967,0.087897,0.107700,,0.000000,
19,DImprovedSurface,100,8,2243,2242,2240,13084581130044,0.098101,0.124500,,0.000000,
19,DImprovedSurface,100,8,2244,2243,2241,13084581131289,0.132603,0.124700,,0.000000,
19,DImprovedSurface,100,8,2245,2244,2242,13084581132536,0.156597,0.087400,,0.000000,
19,DImprovedSurface,100,8,2246,2245,2243,13084581133410,0.186997,0.104300,,0.000000,
19,DImprovedSurface,100,8,2247,2246,2244,13084581134453,0.134701,0.131700,,0.000000,
19,DImprovedSurface,100,8,2248,2247,2245,13084581135770,0.121400,0.157500,,0.000000,
19,DImprovedSurface,100,8,2249,2248,2246,13084581137345,0.160402,0.184500,,0.000000,
19,DImprovedSurface,100,8,2250,2249,2247,13084581139190,0.188797,0.134400,,0.000000,
19,DImprovedSurface,100,8,2251,2250,2248,13084581140534,0.175999,0.124800,,0.000000,
19,DImprovedSurface,100,8,2252,2251,2249,13084581141782,0.153904,0.159600,,0.000000,
19,DImprovedSurface,100,8,2253,2252,2250,13084581143378,0.122895,0.189400,,0.000000,
19,DImprovedSurface,100,8,2254,2253,2251,13084581145272,0.190703,0.174800,,0.000000,
19,DImprovedSurface,100,8,2255,2254,2252,13084581147020,0.182802,0.151300,,0.000000,
19,DImprovedSurface,100,8,2256,2255,2253,13084581148533,0.121896,0.126400,,0.000000,
19,DImprovedSurface,100,8,2257,2256,2254,13084581149797,0.150404,0.189000,,0.000000,
19,DImprovedSurface,100,8,2258,2257,2255,13084581151687,0.122697,0.181700,,0.000000,
19,DImprovedSurface,100,8,2259,2258,2256,13084581153504,0.134602,0.125400,,0.000000,
19,DImprovedSurface,100,8,2260,2259,2257,13084581154758,0.160402,0.145000,,0.000000,
19,DImprovedSurface,100,8,2261,2260,2258,13084581156208,0.195196,0.127500,,0.000000,
19,DImprovedSurface,100,8,2262,2261,2259,13084581157483,0.162698,0.135500,,0.000000,
19,DImprovedSurface,100,8,2263,2262,2260,13084581158838,0.119905,0.158900,,0.000000,
19,DImprovedSurface,100,8,2264,2263,2261,13084581160427,0.115597,0.194500,,0.000000,
19,DImprovedSurface,100,8,2265,2264,2262,13084581162372,0.088705,0.162100,,0.000000,
19,DImprovedSurface,100,8,2266,2265,2263,13084581163993,0.098299,0.116400,,0.000000,
19,DImprovedSurface,100,8,2267,2266,2264,13084581165157,0.109198,0.115100,,0.000000,
19,DImprovedSurface,100,8,2268,2267,2265,13084581166308,0.092297,0.088700,,0.000000,
19,DImprovedSurface,100,8,2269,2268,2266,13084581167195,0.123002,0.098000,,0.000000,
19,DImprovedSurface,100,8,2270,2269,2267,13084581168175,0.109099,0.109700,,0.000000,
19,DImprovedSurface,100,8,2271,2270,2268,13084581169272,0.101304,0.096300,,0.000000,
19,DImprovedSurface,100,8,2272,2271,2269,13084581170235,0.095699,0.119100,,0.000000,
19,DImprovedSurface,100,8,2273,2272,2270,13084581171426,0.149702,0.109100,,0.000000,
19,DImprovedSurface,100,8,2274,2273,2271,13084581172517,0.140795,0.101200,,0.000000,
19,DImprovedSurface,100,8,2275,2274,2272,13084581173529,0.133702,0.097500,,0.000000,
19,DImprovedSurface,100,8,2276,2275,2273,13084581174504,0.089498,0.150300,,0.000000,
19,DImprovedSurface,100,8,2277,2276,2274,13084581176007,0.114002,0.141300,,0.000000,
19,DImprovedSurface,100,8,2278,2277,2275,13084581177420,0.146400,0.131100,,0.000000,
19,DImprovedSurface,100,8,2279,2278,2276,13084581178731,0.129897,0.088900,,0.000000,
19,DImprovedSurface,100,8,2280,2279,2277,13084581179620,0.121606,0.118700,,0.000000,
19,DImprovedSurface,100,8,2281,2280,2278,13084581180807,0.132200,0.143800,,0.000000,
19,DImprovedSurface,100,8,2282,2281,2279,13084581182245,0.120500,0.129300,,0.000000,
19,DImprovedSurface,100,8,2283,2282,2280,13084581183538,0.087798,0.123200,,0.000000,
19,DImprovedSurface,100,8,2284,2283,2281,13084581184770,0.098299,0.130300,,0.000000,
19,DImprovedSurface,100,8,2285,2284,2282,13084581186073,0.111097,0.119600,,0.000000,
19,DImprovedSurface,100,8,2286,2285,2283,13084581187269,0.091404,0.089100,,0.000000,
19,DImprovedSurface,100,8,2287,2286,2284,13084581188160,0.091801,0.096700,,0.000000,
19,DImprovedSurface,100,8,2288,2287,2285,13084581189127,0.070401,0.111400,,0.000000,
19,DImprovedSurface,100,8,2289,2288,2286,13084581190241,0.103196,0.091000,,0.000000,
19,DImprovedSurface,100,8,2290,2289,2287,13084581191151,0.072803,0.091600,,0.000000,
19,DImprovedSurface,100,8,2291,2290,2288,13084581192067,0.103501,0.070600,,0.000000,
19,DImprovedSurface,100,8,2292,2291,2289,13084581192773,0.071195,0.103100,,0.000000,
19,DImprovedSurface,100,8,2293,2292,2290,13084581193804,0.102601,0.072900,,0.000000,
19,DImprovedSurface,100,8,2294,2293,2291,13084581194533,0.073703,0.103300,,0.000000,
19,DImprovedSurface,100,8,2295,2294,2292,13084581195566,0.104599,0.071200,,0.000000,
19,DImprovedSurface,100,8,2296,2295,2293,13084581196278,0.070401,0.102600,,0.000000,
19,DImprovedSurface,100,8,2297,2296,2294,13084581197304,0.102395,0.074000,,0.000000,
19,DImprovedSurface,100,8,2298,2297,2295,13084581198044,0.070805,0.104300,,0.000000,
19,DImprovedSurface,100,8,2299,2298,2296,13084581199087,0.085899,0.070400,,0.000000,
19,DImprovedSurface,100,8,2300,2299,2297,13084581199791,0.115497,0.102400,,0.000000,
19,DImprovedSurface,100,8,2301,2300,2298,13084581200815,0.095699,0.070700,,0.000000,
20,DImprovedSurface,100,16,2333,2332,2330,13084581515746,0.084403,0.086900,,0.000000,
20,DImprovedSurface,100,16,2334,2333,2331,13084581516615,0.085395,0.087000,,0.000000,
20,DImprovedSurface,100,16,2335,2334,2332,13084581517485,0.086501,0.099700,,0.000000,
20,DImprovedSurface,100,16,2336,2335,2333,13084581518482,0.102601,0.084200,,0.000000,
20,DImprovedSurface,100,16,2337,2336,2334,13084581519324,0.088400,0.085700,,0.000000,
20,DImprovedSurface,100,16,2338,2337,2335,13084581520181,0.085998,0.088000,,0.000000,
20,DImprovedSurface,100,16,2339,2338,2336,13084581521061,0.086501,0.101000,,0.000000,
20,DImprovedSurface,100,16,2340,2339,2337,13084581522071,0.105605,0.088300,,0.000000,
20,DImprovedSurface,100,16,2341,2340,2338,13084581522954,0.087798,0.086100,,0.000000,
20,DImprovedSurface,100,16,2342,2341,2339,13084581523815,0.085700,0.088200,,0.000000,
20,DImprovedSurface,100,16,2343,2342,2340,13084581524697,0.102601,0.103800,,0.000000,
20,DImprovedSurface,100,16,2344,2343,2341,13084581525735,0.088598,0.087600,,0.000000,
20,DImprovedSurface,100,16,2345,2344,2342,13084581526611,0.085098,0.087400,,0.000000,
20,DImprovedSurface,100,16,2346,2345,2343,13084581527485,0.101906,0.101100,,0.000000,
20,DImprovedSurface,100,16,2347,2346,2344,13084581528496,0.089094,0.088500,,0.000000,
20,DImprovedSurface,100,16,2348,2347,2345,13084581529381,0.104401,0.086600,,0.000000,
20,DImprovedSurface,100,16,2349,2348,2346,13084581530247,0.096903,0.100500,,0.000000,
20,DImprovedSurface,100,16,2350,2349,2347,13084581531252,0.095996,0.089200,,0.000000,
20,DImprovedSurface,100,16,2351,2350,2348,13084581532144,0.107901,0.105100,,0.000000,
20,DImprovedSurface,100,16,2352,2351,2349,13084581533195,0.088400,0.096700,,0.000000,
20,DImprovedSurface,100,16,2353,2352,2350,13084581534162,0.090802,0.098200,,0.000000,
20,DImprovedSurface,100,16,2354,2353,2351,13084581535144,0.085296,0.105400,,0.000000,
20,DImprovedSurface,100,16,2355,2354,2352,13084581536198,0.113804,0.088800,,0.000000,
20,DImprovedSurface,100,16,2356,2355,2353,13084581537086,0.105400,0.090200,,0.000000,
20,DImprovedSurface,100,16,2357,2356,2354,13084581537988,0.094196,0.085200,,0.000000,
20,DImprovedSurface,100,16,2358,2357,2355,13084581538840,0.102105,0.115200,,0.000000,
20,DImprovedSurface,100,16,2359,2358,2356,13084581539992,0.127098,0.104900,,0.000000,
20,DImprovedSurface,100,16,2360,2359,2357,13084581541041,0.139704,0.093600,,0.000000,
20,DImprovedSurface,100,16,2361,2360,2358,13084581541977,0.117793,0.102800,,0.000000,
20,DImprovedSurface,100,16,2362,2361,2359,13084581543005,0.113903,0.131100,,0.000000,
20,DImprovedSurface,100,16,2363,2362,2360,13084581544316,0.107603,0.136000,,0.000000,
20,DImprovedSurface,100,16,2364,2363,2361,13084581545676,0.100595,0.118100,,0.000000,
20,DImprovedSurface,100,16,2365,2364,2362,13084581546857,0.099298,0.113000,,0.000000,
20,DImprovedSurface,100,16,2366,2365,2363,13084581547987,0.101403,0.107200,,0.000000,
20,DImprovedSurface,100,16,2367,2366,2364,13084581549059,0.143800,0.100400,,0.000000,
20,DImprovedSurface,100,16,2368,2367,2365,13084581550063,0.111798,0.099200,,0.000000,
20,DImprovedSurface,100,16,2369,2368,2366,13084581551055,0.144402,0.106900,,0.000000,
20,DImprovedSurface,100,16,2370,2369,2367,13084581552124,0.115001,0.138500,,0.000000,
20,DImprovedSurface,100,16,2371,2370,2368,13084581553509,0.114300,0.114200,,0.000000,
20,DImprovedSurface,100,16,2372,2371,2369,13084581554651,0.119600,0.142200,,0.000000,
20,DImprovedSurface,100,16,2373,2372,2370,13084581556073,0.121499,0.118300,,0.000000,
20,DImprovedSurface,100,16,2374,2373,2371,13084581557256,0.164697,0.112700,,0.000000,
20,DImprovedSurface,100,16,2375,2374,2372,13084581558383,0.220004,0.119400,,0.000000,
20,DImprovedSurface,100,16,2376,2375,2373,13084581559577,0.111699,0.122100,,0.000000,
20,DImprovedSurface,100,16,2377,2376,2374,13084581560798,0.101899,0.167500,,0.000000,
20,DImprovedSurface,100,16,2378,2377,2375,13084581562473,0.101998,0.217200,,0.000000,
20,DImprovedSurface,100,16,2379,2378,2376,13084581564645,0.088598,0.109600,,0.000000,
20,DImprovedSurface,100,16,2380,2379,2377,13084581565741,0.147704,0.105700,,0.000000,
20,DImprovedSurface,100,16,2381,2380,2378,13084581566798,0.121995,0.099400,,0.000000,
20,DImprovedSurface,100,16,2382,2381,2379,13084581567792,0.104606,0.089500,,0.000000,
20,DImprovedSurface,100,16,2383,2382,2380,13084581568687,0.094395,0.148000,,0.000000,
20,DImprovedSurface,100,16,2384,2383,2381,13084581570167,0.087103,0.120800,,0.000000,
20,DImprovedSurface,100,16,2385,2384,2382,13084581571375,0.111798,0.103500,,0.000000,
20,DImprovedSurface,100,16,2386,2385,2383,13084581572410,0.144501,0.094400,,0.000000,
20,DImprovedSurface,100,16,2387,2386,2384,13084581573354,0.236097,0.087500,,0.000000,
20,DImprovedSurface,100,16,2388,2387,2385,13084581574229,0.124100,0.113000,,0.000000,
20,DImprovedSurface,100,16,2389,2388,2386,13084581575359,0.194700,0.148600,,0.000000,
20,DImprovedSurface,100,16,2390,2389,2387,13084581576845,0.164505,0.235000,,0.000000,
20,DImprovedSurface,100,16,2391,2390,2388,13084581579195,0.116695,0.125100,,0.000000,
20,DImprovedSurface,100,16,2392,2391,2389,13084581580446,0.164704,0.193000,,0.000000,
20,DImprovedSurface,100,16,2393,2392,2390,13084581582376,0.113301,0.164600,,0.000000,
20,DImprovedSurface,100,16,2394,2393,2391,13084581584022,0.108199,0.117100,,0.000000,
20,DImprovedSurface,100,16,2395,2394,2392,13084581585193,0.088102,0.161000,,0.000000,
20,DImprovedSurface,100,16,2396,2395,2393,13084581586803,0.088598,0.114700,,0.000000,
20,DImprovedSurface,100,16,2397,2396,2394,13084581587950,0.103699,0.106500,,0.000000,
20,DImprovedSurface,100,16,2398,2397,2395,13084581589015,0.072697,0.087100,,0.000000,
20,DImprovedSurface,100,16,2399,2398,2396,13084581589886,0.088903,0.088700,,0.000000,
20,DImprovedSurface,100,16,2400,2399,2397,13084581590773,0.126198,0.104400,,0.000000,
20,DImprovedSurface,100,16,2401,2400,2398,13084581591817,0.085906,0.071900,,0.000000,
20,DImprovedSurface,100,16,2402,2401,2399,13084581592536,0.104797,0.093800,,0.000000,
20,DImprovedSurface,100,16,2403,2402,2400,13084581593474,0.156399,0.122300,,0.000000,
20,DImprovedSurface,100,16,2404,2403,2401,13084581594697,0.129103,0.086200,,0.000000,
20,DImprovedSurface,100,16,2405,2404,2402,13084581595559,0.084899,0.109700,,0.000000,
20,DImprovedSurface,100,16,2406,2405,2403,13084581596656,0.093800,0.152700,,0.000000,
20,DImprovedSurface,100,16,2407,2406,2404,13084581598183,0.122399,0.126900,,0.000000,
20,DImprovedSurface,100,16,2408,2407,2405,13084581599452,0.084503,0.084800,,0.000000,
20,DImprovedSurface,100,16,2409,2408,2406,13084581600300,0.103997,0.098700,,0.000000,
20,DImprovedSurface,100,16,2410,2409,2407,13084581601287,0.085197,0.117600,,0.000000,
20,DImprovedSurface,100,16,2411,2410,2408,13084581602463,0.087202,0.084400,,0.000000,
20,DImprovedSurface,100,16,2412,2411,2409,13084581603307,0.098002,0.104100,,0.000000,
20,DImprovedSurface,100,16,2413,2412,2410,13084581604348,0.085098,0.085300,,0.000000,
20,DImprovedSurface,100,16,2414,2413,2411,13084581605201,0.109099,0.087000,,0.000000,
20,DImprovedSurface,100,16,2415,2414,2412,13084581606071,0.144806,0.097800,,0.000000,
20,DImprovedSurface,100,16,2416,2415,2413,13084581607049,0.085700,0.085300,,0.000000,
20,DImprovedSurface,100,16,2417,2416,2414,13084581607902,0.124695,0.112600,,0.000000,
20,DImprovedSurface,100,16,2418,2417,2415,13084581609028,0.150198,0.141400,,0.000000,
20,DImprovedSurface,100,16,2419,2418,2416,13084581610442,0.652806,0.086400,,0.517700,
20,DImprovedSurface,100,16,2420,2419,2417,13084581611306,0.096896,0.129100,,0.000000,
20,DImprovedSurface,100,16,2421,2420,2418,13084581612597,0.087401,0.147500,,0.000000,
20,DImprovedSurface,100,16,2422,2421,2419,13084581614072,0.085601,0.652100,,0.000000,
21,DImprovedSurface,300,1,2454,2453,2451,13084581972136,0.086203,0.096400,,0.000000,
21,DImprovedSurface,300,1,2455,2454,2452,13084581973100,0.080598,0.085300,,0.000000,
21,DImprovedSurface,300,1,2456,2455,2453,13084581973953,0.079301,0.083800,,0.000000,
21,DImprovedSurface,300,1,2457,2456,2454,13084581974791,0.079301,0.084400,,0.000000,
21,DImprovedSurface,300,1,2458,2457,2455,13084581975635,0.078699,0.080800,,0.000000,
21,DImprovedSurface,300,1,2459,2458,2456,13084581976443,0.078897,0.079200,,0.000000,
21,DImprovedSurface,300,1,2460,2459,2457,13084581977235,0.070004,0.079400,,0.000000,
21,DImprovedSurface,300,1,2461,2460,2458,13084581978029,0.105400,0.078800,,0.000000,
21,DImprovedSurface,300,1,2462,2461,2459,13084581978817,0.101495,0.078600,,0.000000,
21,DImprovedSurface,300,1,2463,2462,2460,13084581979603,0.124603,0.070300,,0.000000,
21,DImprovedSurface,300,1,2464,2463,2461,13084581980306,0.103798,0.105200,,0.000000,
21,DImprovedSurface,300,1,2465,2464,2462,13084581981358,0.083503,0.109400,,0.000000,
21,DImprovedSurface,300,1,2466,2465,2463,13084581982452,0.101297,0.117600,,0.000000,
21,DImprovedSurface,300,1,2467,2466,2464,13084581983628,0.126998,0.103100,,0.000000,
21,DImprovedSurface,300,1,2468,2467,2465,13084581984659,0.177700,0.083400,,0.000000,
21,DImprovedSurface,300,1,2469,2468,2466,13084581985493,0.142701,0.105000,,0.000000,
21,DImprovedSurface,300,1,2470,2469,2467,13084581986543,0.123200,0.127300,,0.000000,
21,DImprovedSurface,300,1,2471,2470,2468,13084581987816,0.085402,0.177900,,0.000000,
21,DImprovedSurface,300,1,2472,2471,2469,13084581989595,0.075496,0.139300,,0.000000,
21,DImprovedSurface,300,1,2473,2472,2470,13084581990988,0.121499,0.122400,,0.000000,
21,DImprovedSurface,300,1,2474,2473,2471,13084581992212,0.118906,0.085300,,0.000000,
21,DImprovedSurface,300,1,2475,2474,2472,13084581993065,0.091001,0.078000,,0.000000,
21,DImprovedSurface,300,1,2476,2475,2473,13084581993845,0.156094,0.120000,,0.000000,
21,DImprovedSurface,300,1,2477,2476,2474,13084581995045,0.151701,0.118400,,0.000000,
21,DImprovedSurface,300,1,2478,2477,2475,13084581996229,0.103904,0.095000,,0.000000,
21,DImprovedSurface,300,1,2479,2478,2476,13084581997179,0.098399,0.157000,,0.000000,
21,DImprovedSurface,300,1,2480,2479,2477,13084581998749,0.099001,0.151000,,0.000000,
21,DImprovedSurface,300,1,2481,2480,2478,13084582000259,0.124901,0.100000,,0.000000,
21,DImprovedSurface,300,1,2482,2481,2479,13084582001259,0.091298,0.101900,,0.000000,
21,DImprovedSurface,300,1,2483,2482,2480,13084582002278,0.119501,0.094800,,0.000000,
21,DImprovedSurface,300,1,2484,2483,2481,13084582003226,0.106597,0.125000,,0.000000,
21,DImprovedSurface,300,1,2485,2484,2482,13084582004476,0.132001,0.091100,,0.000000,
21,DImprovedSurface,300,1,2486,2485,2483,13084582005387,0.175298,0.122900,,0.000000,
21,DImprovedSurface,300,1,2487,2486,2484,13084582006616,0.161302,0.107800,,0.000000,
21,DImprovedSurface,300,1,2488,2487,2485,13084582007694,0.105903,0.131900,,0.000000,
21,DImprovedSurface,300,1,2489,2488,2486,13084582009013,0.171294,0.175500,,0.000000,
21,DImprovedSurface,300,1,2490,2489,2487,13084582010768,0.676800,0.158800,,0.525900,
21,DImprovedSurface,300,1,2491,2490,2488,13084582012356,0.112500,0.109000,,0.000000,
21,DImprovedSurface,300,1,2492,2491,2489,13084582013446,0.088605,0.170200,,0.000000,
21,DImprovedSurface,300,1,2493,2492,2490,13084582015148,0.083900,0.686300,,0.000000,
21,DImprovedSurface,300,1,2494,2493,2491,13084582022011,0.116397,0.099800,,0.000000,
21,DImprovedSurface,300,1,2495,2494,2492,13084582023009,0.113903,0.088100,,0.000000,
21,DImprovedSurface,300,1,2496,2495,2493,13084582023890,0.101098,0.083700,,0.000000,
21,DImprovedSurface,300,1,2497,2496,2494,13084582024727,0.098101,0.116900,,0.000000,
21,DImprovedSurface,300,1,2498,2497,2495,13084582025896,0.104096,0.113900,,0.000000,
21,DImprovedSurface,300,1,2499,2498,2496,13084582027035,0.148299,0.101300,,0.000000,
21,DImprovedSurface,300,1,2500,2499,2497,13084582028048,0.131101,0.097700,,0.000000,
21,DImprovedSurface,300,1,2501,2500,2498,13084582029025,0.147201,0.108700,,0.000000,
21,DImprovedSurface,300,1,2502,2501,2499,13084582030112,0.106803,0.147400,,0.000000,
21,DImprovedSurface,300,1,2503,2502,2500,13084582031586,0.095295,0.132800,,0.000000,
21,DImprovedSurface,300,1,2504,2503,2501,13084582032914,0.161302,0.143400,,0.000000,
21,DImprovedSurface,300,1,2505,2504,2502,13084582034348,0.204698,0.106500,,0.000000,
21,DImprovedSurface,300,1,2506,2505,2503,13084582035413,0.173703,0.094000,,0.000000,
21,DImprovedSurface,300,1,2507,2506,2504,13084582036353,0.146400,0.208200,,0.000000,
21,DImprovedSurface,300,1,2508,2507,2505,13084582038435,0.139498,0.162400,,0.000000,
21,DImprovedSurface,300,1,2509,2508,2506,13084582040059,0.117404,0.173100,,0.000000,
21,DImprovedSurface,300,1,2510,2509,2507,13084582041790,0.138797,0.146700,,0.000000,
21,DImprovedSurface,300,1,2511,2510,2508,13084582043257,0.105102,0.135900,,0.000000,
21,DImprovedSurface,300,1,2512,2511,2509,13084582044616,0.098597,0.121100,,0.000000,
21,DImprovedSurface,300,1,2513,2512,2510,13084582045827,0.114201,0.135400,,0.000000,
21,DImprovedSurface,300,1,2514,2513,2511,13084582047181,0.130499,0.105300,,0.000000,
21,DImprovedSurface,300,1,2515,2514,2512,13084582048234,0.107504,0.097900,,0.000000,
21,DImprovedSurface,300,1,2516,2515,2513,13084582049213,0.103295,0.117100,,0.000000,
21,DImprovedSurface,300,1,2517,2516,2514,13084582050384,0.101899,0.127800,,0.000000,
21,DImprovedSurface,300,1,2518,2517,2515,13084582051662,0.096903,0.106900,,0.000000,
21,DImprovedSurface,300,1,2519,2518,2516,13084582052731,0.104897,0.103400,,0.000000,
21,DImprovedSurface,300,1,2520,2519,2517,13084582053765,0.104804,0.102000,,0.000000,
21,DImprovedSurface,300,1,2521,2520,2518,13084582054785,0.102601,0.097000,,0.000000,
21,DImprovedSurface,300,1,2522,2521,2519,13084582055755,0.114697,0.105200,,0.000000,
21,DImprovedSurface,300,1,2523,2522,2520,13084582056807,0.149199,0.104600,,0.000000,
21,DImprovedSurface,300,1,2524,2523,2521,13084582057853,0.144005,0.102600,,0.000000,
21,DImprovedSurface,300,1,2525,2524,2522,13084582058879,0.157100,0.117200,,0.000000,
21,DImprovedSurface,300,1,2526,2525,2523,13084582060051,0.112195,0.150600,,0.000000,
21,DImprovedSurface,300,1,2527,2526,2524,13084582061557,0.137599,0.140700,,0.000000,
21,DImprovedSurface,300,1,2528,2527,2525,13084582062964,0.135700,0.156800,,0.000000,
21,DImprovedSurface,300,1,2529,2528,2526,13084582064532,0.112500,0.114700,,0.000000,
21,DImprovedSurface,300,1,2530,2529,2527,13084582065679,0.124802,0.136500,,0.000000,
21,DImprovedSurface,300,1,2531,2530,2528,13084582067044,0.145798,0.134700,,0.000000,
21,DImprovedSurface,300,1,2532,2531,2529,13084582068391,0.120302,0.111900,,0.000000,
21,DImprovedSurface,300,1,2533,2532,2530,13084582069510,0.107001,0.129400,,0.000000,
21,DImprovedSurface,300,1,2534,2533,2531,13084582070804,0.181803,0.141000,,0.000000,
21,DImprovedSurface,300,1,2535,2534,2532,13084582072214,0.101297,0.120700,,0.000000,
21,DImprovedSurface,300,1,2536,2535,2533,13084582073421,0.156200,0.109500,,0.000000,
21,DImprovedSurface,300,1,2537,2536,2534,13084582074516,0.100999,0.178700,,0.000000,
21,DImprovedSurface,300,1,2538,2537,2535,13084582076303,0.124504,0.102200,,0.000000,
21,DImprovedSurface,300,1,2539,2538,2536,13084582077325,0.109495,0.155200,,0.000000,
21,DImprovedSurface,300,1,2540,2539,2537,13084582078877,0.141100,0.101300,,0.000000,
21,DImprovedSurface,300,1,2541,2540,2538,13084582079890,0.104103,0.124400,,0.000000,
21,DImprovedSurface,300,1,2542,2541,2539,13084582081134,0.141695,0.109800,,0.000000,
21,DImprovedSurface,300,1,2543,2542,2540,13084582082232,0.128203,0.140400,,0.000000,
22,DImprovedSurface,300,4,2575,2574,2572,13084582582582,0.144898,0.145400,,0.000000,
22,DImprovedSurface,300,4,2576,2575,2573,13084582584036,0.147598,0.132500,,0.000000,
22,DImprovedSurface,300,4,2577,2576,2574,13084582585361,0.195904,0.145300,,0.000000,
22,DImprovedSurface,300,4,2578,2577,2575,13084582586814,0.181200,0.143700,,0.000000,
22,DImprovedSurface,300,4,2579,2578,2576,13084582588251,0.151800,0.174000,,0.000000,
22,DImprovedSurface,300,4,2580,2579,2577,13084582589991,0.181300,0.175800,,0.000000,
22,DImprovedSurface,300,4,2581,2580,2578,13084582591749,0.158603,0.175600,,0.000000,
22,DImprovedSurface,300,4,2582,2581,2579,13084582593505,0.153897,0.152100,,0.000000,
22,DImprovedSurface,300,4,2583,2582,2580,13084582595026,0.154500,0.183600,,0.000000,
22,DImprovedSurface,300,4,2584,2583,2581,13084582596862,0.155796,0.157000,,0.000000,
22,DImprovedSurface,300,4,2585,2584,2582,13084582598432,0.151105,0.153100,,0.000000,
22,DImprovedSurface,300,4,2586,2585,2583,13084582599963,0.146896,0.154900,,0.000000,
22,DImprovedSurface,300,4,2587,2586,2584,13084582601512,0.124702,0.156000,,0.000000,
22,DImprovedSurface,300,4,2588,2587,2585,13084582603072,0.107901,0.150500,,0.000000,
22,DImprovedSurface,300,4,2589,2588,2586,13084582604577,0.103798,0.146000,,0.000000,
22,DImprovedSurface,300,4,2590,2589,2587,13084582606037,0.103302,0.122500,,0.000000,
22,DImprovedSurface,300,4,2591,2590,2588,13084582607262,0.131597,0.108000,,0.000000,
22,DImprovedSurface,300,4,2592,2591,2589,13084582608342,0.102601,0.103900,,0.000000,
22,DImprovedSurface,300,4,2593,2592,2590,13084582609381,0.110998,0.102700,,0.000000,
22,DImprovedSurface,300,4,2594,2593,2591,13084582610408,0.812805,0.131500,,0.634100,
22,DImprovedSurface,300,4,2595,2594,2592,13084582611723,0.109396,0.103000,,0.000000,
22,DImprovedSurface,300,4,2596,2595,2593,13084582612753,0.104797,0.116500,,0.000000,
22,DImprovedSurface,300,4,2597,2596,2594,13084582613918,0.104705,0.807100,,0.000000,
22,DImprovedSurface,300,4,2598,2597,2595,13084582621989,0.107100,0.109500,,0.000000,
22,DImprovedSurface,300,4,2599,2598,2596,13084582623084,0.090497,0.104600,,0.000000,
22,DImprovedSurface,300,4,2600,2599,2597,13084582624130,0.123902,0.104800,,0.000000,
22,DImprovedSurface,300,4,2601,2600,2598,13084582625178,0.167397,0.107100,,0.000000,
22,DImprovedSurface,300,4,2602,2601,2599,13084582626249,0.151105,0.091400,,0.000000,
22,DImprovedSurface,300,4,2603,2602,2600,13084582627163,0.123399,0.126700,,0.000000,
22,DImprovedSurface,300,4,2604,2603,2601,13084582628430,0.114101,0.167800,,0.000000,
22,DImprovedSurface,300,4,2605,2604,2602,13084582630108,0.109999,0.148800,,0.000000,
22,DImprovedSurface,300,4,2606,2605,2603,13084582631596,0.145699,0.122800,,0.000000,
22,DImprovedSurface,300,4,2607,2606,2604,13084582632824,0.189300,0.113600,,0.000000,
22,DImprovedSurface,300,4,2608,2607,2605,13084582633960,0.183999,0.109600,,0.000000,
22,DImprovedSurface,300,4,2609,2608,2606,13084582635056,8.254202,0.152400,,0.000000,
22,DImprovedSurface,300,4,2610,2609,2607,13084582636580,0.401198,0.189900,,0.000000,
22,DImprovedSurface,300,4,2611,2610,2608,13084582638479,0.240497,0.182300,,0.000000,
22,DImprovedSurface,300,4,2612,2611,2609,13084582640302,0.205804,8.271600,,0.000000,
22,DImprovedSurface,300,4,2613,2612,2610,13084582723018,0.191901,0.388900,,0.000000,
22,DImprovedSurface,300,4,2614,2613,2611,13084582726907,0.181796,0.238000,,0.000000,
22,DImprovedSurface,300,4,2615,2614,2612,13084582729287,0.196301,0.204500,,0.000000,
22,DImprovedSurface,300,4,2616,2615,2613,13084582731332,0.174702,0.194000,,0.000000,
22,DImprovedSurface,300,4,2617,2616,2614,13084582733272,0.218403,0.180600,,0.000000,
22,DImprovedSurface,300,4,2618,2617,2615,13084582735078,0.176998,0.193100,,0.000000,
22,DImprovedSurface,300,4,2619,2618,2616,13084582737009,0.186196,0.177800,,0.000000,
22,DImprovedSurface,300,4,2620,2619,2617,13084582738787,0.192304,0.215400,,0.000000,
22,DImprovedSurface,300,4,2621,2620,2618,13084582740941,0.199199,0.176300,,0.000000,
22,DImprovedSurface,300,4,2622,2621,2619,13084582742704,0.215200,0.187800,,0.000000,
22,DImprovedSurface,300,4,2623,2622,2620,13084582744582,0.196896,0.193900,,0.000000,
22,DImprovedSurface,300,4,2624,2623,2621,13084582746521,0.197201,0.198800,,0.000000,
22,DImprovedSurface,300,4,2625,2624,2622,13084582748509,0.169104,0.214500,,0.000000,
22,DImprovedSurface,300,4,2626,2625,2623,13084582750654,0.184701,0.195600,,0.000000,
22,DImprovedSurface,300,4,2627,2626,2624,13084582752610,0.205095,0.199700,,0.000000,
22,DImprovedSurface,300,4,2628,2627,2625,13084582754607,0.146400,0.167300,,0.000000,
22,DImprovedSurface,300,4,2629,2628,2626,13084582756280,0.140604,0.184600,,0.000000,
22,DImprovedSurface,300,4,2630,2629,2627,13084582758126,0.147995,0.200800,,0.000000,
22,DImprovedSurface,300,4,2631,2630,2628,13084582760134,0.185601,0.146000,,0.000000,
22,DImprovedSurface,300,4,2632,2631,2629,13084582761594,0.180400,0.140200,,0.000000,
22,DImprovedSurface,300,4,2633,2632,2630,13084582762996,0.195302,0.151800,,0.000000,
22,DImprovedSurface,300,4,2634,2633,2631,13084582764514,0.171202,0.188100,,0.000000,
22,DImprovedSurface,300,4,2635,2634,2632,13084582766395,0.203401,0.179500,,0.000000,
22,DImprovedSurface,300,4,2636,2635,2633,13084582768190,0.186600,0.194600,,0.000000,
22,DImprovedSurface,300,4,2637,2636,2634,13084582770136,0.200900,0.175300,,0.000000,
22,DImprovedSurface,300,4,2638,2637,2635,13084582771889,0.184396,0.202800,,0.000000,
22,DImprovedSurface,300,4,2639,2638,2636,13084582773917,0.167999,0.184600,,0.000000,
22,DImprovedSurface,300,4,2640,2639,2637,13084582775763,0.121499,0.202800,,0.000000,
22,DImprovedSurface,300,4,2641,2640,2638,13084582777791,0.151006,0.181900,,0.000000,
22,DImprovedSurface,300,4,2642,2641,2639,13084582779610,0.148994,0.162900,,0.000000,
22,DImprovedSurface,300,4,2643,2642,2640,13084582781239,0.112401,0.121100,,0.000000,
22,DImprovedSurface,300,4,2644,2643,2641,13084582782450,0.108404,0.155200,,0.000000,
22,DImprovedSurface,300,4,2645,2644,2642,13084582784002,0.132200,0.144700,,0.000000,
22,DImprovedSurface,300,4,2646,2645,2643,13084582785449,0.108496,0.112200,,0.000000,
22,DImprovedSurface,300,4,2647,2646,2644,13084582786571,0.106200,0.108200,,0.000000,
22,DImprovedSurface,300,4,2648,2647,2645,13084582787653,0.109602,0.132300,,0.000000,
22,DImprovedSurface,300,4,2649,2648,2646,13084582788976,0.124001,0.108000,,0.000000,
22,DImprovedSurface,300,4,2650,2649,2647,13084582790056,0.121202,0.106800,,0.000000,
22,DImprovedSurface,300,4,2651,2650,2648,13084582791124,0.171294,0.111600,,0.000000,
22,DImprovedSurface,300,4,2652,2651,2649,13084582792240,0.173505,0.122800,,0.000000,
22,DImprovedSurface,300,4,2653,2652,2650,13084582793468,0.138202,0.125700,,0.000000,
22,DImprovedSurface,300,4,2654,2653,2651,13084582794725,0.156300,0.171400,,0.000000,
22,DImprovedSurface,300,4,2655,2654,2652,13084582796439,0.179996,0.171700,,0.000000,
22,DImprovedSurface,300,4,2656,2655,2653,13084582798156,0.131002,0.136600,,0.000000,
22,DImprovedSurface,300,4,2657,2656,2654,13084582799522,0.294303,0.160300,,0.000000,
22,DImprovedSurface,300,4,2658,2657,2655,13084582801125,0.734595,0.174800,,0.000000,
22,DImprovedSurface,300,4,2659,2658,2656,13084582802873,1.018006,0.137000,,0.707800,
22,DImprovedSurface,300,4,2660,2659,2657,13084582804243,0.380995,0.294400,,0.000000,
22,DImprovedSurface,300,4,2661,2660,2658,13084582807187,0.277402,0.729500,,0.000000,
22,DImprovedSurface,300,4,2662,2661,2659,13084582814482,0.206498,1.054400,,0.000000,
22,DImprovedSurface,300,4,2663,2662,2660,13084582825026,0.201403,0.395600,,0.000000,
22,DImprovedSurface,300,4,2664,2663,2661,13084582828982,0.202601,0.233000,,0.000000,
23,DImprovedSurface,300,8,2696,2695,2693,13084583401476,0.090299,0.104500,,0.000000,
23,DImprovedSurface,300,8,2697,2696,2694,13084583402521,0.113301,0.104100,,0.000000,
23,DImprovedSurface,300,8,2698,2697,2695,13084583403562,0.091603,0.092200,,0.000000,
23,DImprovedSurface,300,8,2699,2698,2696,13084583404484,0.089002,0.091500,,0.000000,
23,DImprovedSurface,300,8,2700,2699,2697,13084583405399,0.088698,0.112700,,0.000000,
23,DImprovedSurface,300,8,2701,2700,2698,13084583406526,0.088698,0.091100,,0.000000,
23,DImprovedSurface,300,8,2702,2701,2699,13084583407437,0.088400,0.089800,,0.000000,
23,DImprovedSurface,300,8,2703,2702,2700,13084583408335,0.088903,0.088100,,0.000000,
23,DImprovedSurface,300,8,2704,2703,2701,13084583409216,0.094296,0.088900,,0.000000,
23,DImprovedSurface,300,8,2705,2704,2702,13084583410105,0.128005,0.088100,,0.000000,
23,DImprovedSurface,300,8,2706,2705,2703,13084583410986,0.688598,0.088800,,0.547200,
23,DImprovedSurface,300,8,2707,2706,2704,13084583411874,0.136302,0.101300,,0.000000,
23,DImprovedSurface,300,8,2708,2707,2705,13084583412887,0.109297,0.121000,,0.000000,
23,DImprovedSurface,300,8,2709,2708,2706,13084583414097,0.113400,0.691800,,0.000000,
23,DImprovedSurface,300,8,2710,2709,2707,13084583421015,0.130903,0.133300,,0.000000,
23,DImprovedSurface,300,8,2711,2710,2708,13084583422348,0.115101,0.111800,,0.000000,
23,DImprovedSurface,300,8,2712,2711,2709,13084583423466,0.112500,0.111300,,0.000000,
23,DImprovedSurface,300,8,2713,2712,2710,13084583424579,0.109198,0.131200,,0.000000,
23,DImprovedSurface,300,8,2714,2713,2711,13084583425891,0.106597,0.114800,,0.000000,
23,DImprovedSurface,300,8,2715,2714,2712,13084583427039,0.106505,0.112800,,0.000000,
23,DImprovedSurface,300,8,2716,2715,2713,13084583428167,0.127898,0.108900,,0.000000,
23,DImprovedSurface,300,8,2717,2716,2714,13084583429256,0.114498,0.106400,,0.000000,
23,DImprovedSurface,300,8,2718,2717,2715,13084583430320,0.174901,0.108500,,0.000000,
23,DImprovedSurface,300,8,2719,2718,2716,13084583431405,0.222902,0.126500,,0.000000,
23,DImprovedSurface,300,8,2720,2719,2717,13084583432670,0.225099,0.114100,,0.000000,
23,DImprovedSurface,300,8,2721,2720,2718,13084583433811,0.224695,0.219200,,0.000000,
23,DImprovedSurface,300,8,2722,2721,2719,13084583436003,0.124206,0.227200,,0.000000,
23,DImprovedSurface,300,8,2723,2722,2720,13084583438275,0.156193,0.233400,,0.000000,
23,DImprovedSurface,300,8,2724,2723,2721,13084583440609,0.147803,0.173000,,0.000000,
23,DImprovedSurface,300,8,2725,2724,2722,13084583442339,0.154698,0.123300,,0.000000,
23,DImprovedSurface,300,8,2726,2725,2723,13084583443572,0.111402,0.154400,,0.000000,
23,DImprovedSurface,300,8,2727,2726,2724,13084583445116,0.169997,0.145500,,0.000000,
23,DImprovedSurface,300,8,2728,2727,2725,13084583446571,0.121301,0.154500,,0.000000,
23,DImprovedSurface,300,8,2729,2728,2726,13084583448116,0.111806,0.115900,,0.000000,
23,DImprovedSurface,300,8,2730,2729,2727,13084583449275,1.460098,0.166700,,0.000000,
23,DImprovedSurface,300,8,2731,2730,2728,13084583450942,2.674298,0.121200,,0.000000,
23,DImprovedSurface,300,8,2732,2731,2729,13084583452154,0.158397,0.110400,,0.000000,
23,DImprovedSurface,300,8,2733,2732,2730,13084583453258,0.108305,1.464500,,0.000000,
23,DImprovedSurface,300,8,2734,2733,2731,13084583467903,0.121195,2.674600,,0.000000,
23,DImprovedSurface,300,8,2735,2734,2732,13084583494649,0.134106,0.153600,,0.000000,
23,DImprovedSurface,300,8,2736,2735,2733,13084583496185,0.149001,0.109200,,0.000000,
23,DImprovedSurface,300,8,2737,2736,2734,13084583497277,0.193800,0.120900,,0.000000,
23,DImprovedSurface,300,8,2738,2737,2735,13084583498486,0.156094,0.138400,,0.000000,
23,DImprovedSurface,300,8,2739,2738,2736,13084583499870,0.154705,0.150400,,0.000000,
23,DImprovedSurface,300,8,2740,2739,2737,13084583501374,0.151495,0.191700,,0.000000,
23,DImprovedSurface,300,8,2741,2740,2738,13084583503291,0.149603,0.153900,,0.000000,
23,DImprovedSurface,300,8,2742,2741,2739,13084583504830,0.138598,0.157400,,0.000000,
23,DImprovedSurface,300,8,2743,2742,2740,13084583506404,0.134602,0.149900,,0.000000,
23,DImprovedSurface,300,8,2744,2743,2741,13084583507903,0.118296,0.148700,,0.000000,
23,DImprovedSurface,300,8,2745,2744,2742,13084583509390,0.105400,0.138100,,0.000000,
23,DImprovedSurface,300,8,2746,2745,2743,13084583510771,0.110204,0.133600,,0.000000,
23,DImprovedSurface,300,8,2747,2746,2744,13084583512107,0.106399,0.117800,,0.000000,
23,DImprovedSurface,300,8,2748,2747,2745,13084583513285,0.139300,0.105500,,0.000000,
23,DImprovedSurface,300,8,2749,2748,2746,13084583514340,0.136104,0.110100,,0.000000,
23,DImprovedSurface,300,8,2750,2749,2747,13084583515441,0.159899,0.109900,,0.000000,
23,DImprovedSurface,300,8,2751,2750,2748,13084583516540,0.117297,0.136400,,0.000000,
23,DImprovedSurface,300,8,2752,2751,2749,13084583517904,0.116397,0.142000,,0.000000,
23,DImprovedSurface,300,8,2753,2752,2750,13084583519324,0.102402,0.154600,,0.000000,
23,DImprovedSurface,300,8,2754,2753,2751,13084583520870,0.098802,0.119400,,0.000000,
23,DImprovedSurface,300,8,2755,2754,2752,13084583522064,0.150496,0.113700,,0.000000,
23,DImprovedSurface,300,8,2756,2755,2753,13084583523201,0.109899,0.101800,,0.000000,
23,DImprovedSurface,300,8,2757,2756,2754,13084583524219,0.098703,0.103800,,0.000000,
23,DImprovedSurface,300,8,2758,2757,2755,13084583525257,0.110197,0.145600,,0.000000,
23,DImprovedSurface,300,8,2759,2758,2756,13084583526713,0.111104,0.109900,,0.000000,
23,DImprovedSurface,300,8,2760,2759,2757,13084583527812,0.130598,0.100200,,0.000000,
23,DImprovedSurface,300,8,2761,2760,2758,13084583528814,0.095897,0.108300,,0.000000,
23,DImprovedSurface,300,8,2762,2761,2759,13084583529897,0.093006,0.116000,,0.000000,
23,DImprovedSurface,300,8,2763,2762,2760,13084583531057,0.094395,0.125600,,0.000000,
23,DImprovedSurface,300,8,2764,2763,2761,13084583532313,0.112103,0.095700,,0.000000,
23,DImprovedSurface,300,8,2765,2764,2762,13084583533270,0.117198,0.093700,,0.000000,
23,DImprovedSurface,300,8,2766,2765,2763,13084583534207,0.098200,0.094300,,0.000000,
23,DImprovedSurface,300,8,2767,2766,2764,13084583535150,0.093304,0.112700,,0.000000,
23,DImprovedSurface,300,8,2768,2767,2765,13084583536277,0.116596,0.116500,,0.000000,
23,DImprovedSurface,300,8,2769,2768,2766,13084583537442,3.522300,0.097800,,0.000000,
23,DImprovedSurface,300,8,2770,2769,2767,13084583538420,1.634503,0.093200,,0.000000,
23,DImprovedSurface,300,8,2771,2770,2768,13084583539352,0.206399,0.132500,,0.000000,
23,DImprovedSurface,300,8,2772,2771,2769,13084583540677,0.173399,3.508800,,0.000000,
23,DImprovedSurface,300,8,2773,2772,2770,13084583575765,0.171301,1.641200,,0.000000,
23,DImprovedSurface,300,8,2774,2773,2771,13084583592177,0.132100,0.203500,,0.000000,
23,DImprovedSurface,300,8,2775,2774,2772,13084583594212,0.167503,0.173400,,0.000000,
23,DImprovedSurface,300,8,2776,2775,2773,13084583595946,0.145798,0.169700,,0.000000,
23,DImprovedSurface,300,8,2777,2776,2774,13084583597643,0.133801,0.152000,,0.000000,
23,DImprovedSurface,300,8,2778,2777,2775,13084583599163,0.131300,0.146800,,0.000000,
23,DImprovedSurface,300,8,2779,2778,2776,13084583600631,0.151198,0.146400,,0.000000,
23,DImprovedSurface,300,8,2780,2779,2777,13084583602095,0.100602,0.132300,,0.000000,
23,DImprovedSurface,300,8,2781,2780,2778,13084583603418,0.111097,0.134700,,0.000000,
23,DImprovedSurface,300,8,2782,2781,2779,13084583604765,0.154804,0.146000,,0.000000,
23,DImprovedSurface,300,8,2783,2782,2780,13084583606225,0.137401,0.099900,,0.000000,
23,DImprovedSurface,300,8,2784,2783,2781,13084583607224,0.129500,0.116000,,0.000000,
23,DImprovedSurface,300,8,2785,2784,2782,13084583608384,0.150198,0.153900,,0.000000,
24,DImprovedSurface,300,16,2817,2816,2814,13084584140824,0.131399,0.256900,,0.000000,
24,DImprovedSurface,300,16,2818,2817,2815,13084584143393,0.128295,0.137100,,0.000000,
24,DImprovedSurface,300,16,2819,2818,2816,13084584144764,0.153805,0.156900,,0.000000,
24,DImprovedSurface,300,16,2820,2819,2817,13084584146333,0.147895,0.131600,,0.000000,
24,DImprovedSurface,300,16,2821,2820,2818,13084584147649,0.175099,0.125500,,0.000000,
24,DImprovedSurface,300,16,2822,2821,2819,13084584148904,0.155003,0.159300,,0.000000,
24,DImprovedSurface,300,16,2823,2822,2820,13084584150497,0.172102,0.147600,,0.000000,
24,DImprovedSurface,300,16,2824,2823,2821,13084584151973,0.162599,0.174600,,0.000000,
24,DImprovedSurface,300,16,2825,2824,2822,13084584153719,0.124398,0.151900,,0.000000,
24,DImprovedSurface,300,16,2826,2825,2823,13084584155238,0.093502,0.175700,,0.000000,
24,DImprovedSurface,300,16,2827,2826,2824,13084584156995,0.116901,0.160000,,0.000000,
24,DImprovedSurface,300,16,2828,2827,2825,13084584158595,0.151800,0.120400,,0.000000,
24,DImprovedSurface,300,16,2829,2828,2826,13084584159799,0.123597,0.093500,,0.000000,
24,DImprovedSurface,300,16,2830,2829,2827,13084584160734,0.108999,0.122000,,0.000000,
24,DImprovedSurface,300,16,2831,2830,2828,13084584161954,0.111302,0.148900,,0.000000,
24,DImprovedSurface,300,16,2832,2831,2829,13084584163443,0.110303,0.122100,,0.000000,
24,DImprovedSurface,300,16,2833,2832,2830,13084584164664,0.111600,0.108700,,0.000000,
24,DImprovedSurface,300,16,2834,2833,2831,13084584165751,0.130300,0.110900,,0.000000,
24,DImprovedSurface,300,16,2835,2834,2832,13084584166860,0.091397,0.110500,,0.000000,
24,DImprovedSurface,300,16,2836,2835,2833,13084584167965,0.109899,0.117300,,0.000000,
24,DImprovedSurface,300,16,2837,2836,2834,13084584169138,0.144501,0.124800,,0.000000,
24,DImprovedSurface,300,16,2838,2837,2835,13084584170386,0.090901,0.090600,,0.000000,
24,DImprovedSurface,300,16,2839,2838,2836,13084584171292,0.092000,0.115600,,0.000000,
24,DImprovedSurface,300,16,2840,2839,2837,13084584172448,0.096400,0.139400,,0.000000,
24,DImprovedSurface,300,16,2841,2840,2838,13084584173842,0.090696,0.090600,,0.000000,
24,DImprovedSurface,300,16,2842,2841,2839,13084584174748,0.115299,0.093200,,0.000000,
24,DImprovedSurface,300,16,2843,2842,2840,13084584175680,0.099901,0.095200,,0.000000,
24,DImprovedSurface,300,16,2844,2843,2841,13084584176632,0.242304,0.090700,,0.000000,
24,DImprovedSurface,300,16,2845,2844,2842,13084584177539,0.246896,0.115400,,0.000000,
24,DImprovedSurface,300,16,2846,2845,2843,13084584178693,0.108503,0.200000,,0.000000,
24,DImprovedSurface,300,16,2847,2846,2844,13084584180693,0.094296,0.269000,,0.000000,
24,DImprovedSurface,300,16,2848,2847,2845,13084584183383,0.093700,0.119400,,0.000000,
24,DImprovedSurface,300,16,2849,2848,2846,13084584184577,0.092404,0.109400,,0.000000,
24,DImprovedSurface,300,16,2850,2849,2847,13084584185671,0.124298,0.093500,,0.000000,
24,DImprovedSurface,300,16,2851,2850,2848,13084584186606,7.273803,0.094100,,0.000000,
24,DImprovedSurface,300,16,2852,2851,2849,13084584187547,0.816695,0.111500,,0.532500,
24,DImprovedSurface,300,16,2853,2852,2850,13084584188662,0.157802,0.105100,,0.000000,
24,DImprovedSurface,300,16,2854,2853,2851,13084584189713,0.167099,7.284200,,0.000000,
24,DImprovedSurface,300,16,2855,2854,2852,13084584262555,0.178501,0.813000,,0.000000,
24,DImprovedSurface,300,16,2856,2855,2853,13084584270685,0.172902,0.154200,,0.000000,
24,DImprovedSurface,300,16,2857,2856,2854,13084584272227,0.126800,0.169300,,0.000000,
24,DImprovedSurface,300,16,2858,2857,2855,13084584273920,0.131399,0.179100,,0.000000,
24,DImprovedSurface,300,16,2859,2858,2856,13084584275711,0.115497,0.169400,,0.000000,
24,DImprovedSurface,300,16,2860,2859,2857,13084584277405,0.126205,0.126100,,0.000000,
24,DImprovedSurface,300,16,2861,2860,2858,13084584278666,0.125801,0.131800,,0.000000,
24,DImprovedSurface,300,16,2862,2861,2859,13084584279984,0.136196,0.115000,,0.000000,
24,DImprovedSurface,300,16,2863,2862,2860,13084584281134,0.167999,0.126300,,0.000000,
24,DImprovedSurface,300,16,2864,2863,2861,13084584282397,0.121301,0.126000,,0.000000,
24,DImprovedSurface,300,16,2865,2864,2862,13084584283657,0.097902,0.141000,,0.000000,
24,DImprovedSurface,300,16,2866,2865,2863,13084584285067,0.141901,0.164400,,0.000000,
24,DImprovedSurface,300,16,2867,2866,2864,13084584286711,0.139300,0.118900,,0.000000,
24,DImprovedSurface,300,16,2868,2867,2865,13084584287900,0.141794,0.097600,,0.000000,
24,DImprovedSurface,300,16,2869,2868,2866,13084584288876,0.133900,0.146200,,0.000000,
24,DImprovedSurface,300,16,2870,2869,2867,13084584290338,0.156002,0.139900,,0.000000,
24,DImprovedSurface,300,16,2871,2870,2868,13084584291737,0.113301,0.137700,,0.000000,
24,DImprovedSurface,300,16,2872,2871,2869,13084584293114,0.097102,0.137900,,0.000000,
24,DImprovedSurface,300,16,2873,2872,2870,13084584294493,0.112698,0.152700,,0.000000,
24,DImprovedSurface,300,16,2874,2873,2871,13084584296020,0.127799,0.112000,,0.000000,
24,DImprovedSurface,300,16,2875,2874,2872,13084584297140,0.186402,0.097100,,0.000000,
24,DImprovedSurface,300,16,2876,2875,2873,13084584298111,0.223399,0.112700,,0.000000,
24,DImprovedSurface,300,16,2877,2876,2874,13084584299238,0.268098,0.131400,,0.000000,
24,DImprovedSurface,300,16,2878,2877,2875,13084584300552,0.133305,0.188500,,0.000000,
24,DImprovedSurface,300,16,2879,2878,2876,13084584302437,0.109595,0.218700,,0.000000,
24,DImprovedSurface,300,16,2880,2879,2877,13084584304624,0.105201,0.270000,,0.000000,
24,DImprovedSurface,300,16,2881,2880,2878,13084584307324,0.101800,0.130500,,0.000000,
24,DImprovedSurface,300,16,2882,2881,2879,13084584308629,0.138804,0.109400,,0.000000,
24,DImprovedSurface,300,16,2883,2882,2880,13084584309723,0.125000,0.105500,,0.000000,
24,DImprovedSurface,300,16,2884,2883,2881,13084584310778,0.106895,0.103800,,0.000000,
24,DImprovedSurface,300,16,2885,2884,2882,13084584311816,0.111104,0.138900,,0.000000,
24,DImprovedSurface,300,16,2886,2885,2883,13084584313205,0.143502,0.122800,,0.000000,
24,DImprovedSurface,300,16,2887,2886,2884,13084584314433,0.105095,0.106500,,0.000000,
24,DImprovedSurface,300,16,2888,2887,2885,13084584315498,0.108999,0.117400,,0.000000,
24,DImprovedSurface,300,16,2889,2888,2886,13084584316672,0.150000,0.138700,,0.000000,
24,DImprovedSurface,300,16,2890,2889,2887,13084584318059,0.101800,0.103900,,0.000000,
24,DImprovedSurface,300,16,2891,2890,2888,13084584319098,0.096804,0.114400,,0.000000,
24,DImprovedSurface,300,16,2892,2891,2889,13084584320242,0.091298,0.145200,,0.000000,
24,DImprovedSurface,300,16,2893,2892,2890,13084584321694,0.110700,0.101200,,0.000000,
24,DImprovedSurface,300,16,2894,2893,2891,13084584322706,0.119799,0.096700,,0.000000,
24,DImprovedSurface,300,16,2895,2894,2892,13084584323673,0.096400,0.090800,,0.000000,
24,DImprovedSurface,300,16,2896,2895,2893,13084584324581,0.096804,0.114200,,0.000000,
24,DImprovedSurface,300,16,2897,2896,2894,13084584325723,0.146599,0.116900,,0.000000,
24,DImprovedSurface,300,16,2898,2897,2895,13084584326892,0.144898,0.096200,,0.000000,
24,DImprovedSurface,300,16,2899,2898,2896,13084584327854,0.116001,0.101000,,0.000000,
24,DImprovedSurface,300,16,2900,2899,2897,13084584328864,0.104103,0.146600,,0.000000,
24,DImprovedSurface,300,16,2901,2900,2898,13084584330330,0.147399,0.141500,,0.000000,
24,DImprovedSurface,300,16,2902,2901,2899,13084584331745,0.097598,0.116300,,0.000000,
24,DImprovedSurface,300,16,2903,2902,2900,13084584332908,0.098902,0.107200,,0.000000,
24,DImprovedSurface,300,16,2904,2903,2901,13084584333980,0.092198,0.143200,,0.000000,
24,DImprovedSurface,300,16,2905,2904,2902,13084584335412,0.091801,0.098600,,0.000000,
24,DImprovedSurface,300,16,2906,2905,2903,13084584336398,0.116901,0.098000,,0.000000,
25,DImprovedSurface,600,1,2938,2937,2935,13084584888645,0.091001,0.134100,,0.000000,
25,DImprovedSurface,600,1,2939,2938,2936,13084584889986,0.099901,0.103300,,0.000000,
25,DImprovedSurface,600,1,2940,2939,2937,13084584891019,0.092099,0.106900,,0.000000,
25,DImprovedSurface,600,1,2941,2940,2938,13084584892088,0.094700,0.092200,,0.000000,
25,DImprovedSurface,600,1,2942,2941,2939,13084584893010,0.094005,0.098700,,0.000000,
25,DImprovedSurface,600,1,2943,2942,2940,13084584893997,0.093098,0.092300,,0.000000,
25,DImprovedSurface,600,1,2944,2943,2941,13084584894920,0.085998,0.095400,,0.000000,
25,DImprovedSurface,600,1,2945,2944,2942,13084584895874,0.110700,0.093300,,0.000000,
25,DImprovedSurface,600,1,2946,2945,2943,13084584896807,0.087698,0.092900,,0.000000,
25,DImprovedSurface,600,1,2947,2946,2944,13084584897736,0.097605,0.087000,,0.000000,
25,DImprovedSurface,600,1,2948,2947,2945,13084584898606,0.096995,0.109900,,0.000000,
25,DImprovedSurface,600,1,2949,2948,2946,13084584899705,0.083099,0.087200,,0.000000,
25,DImprovedSurface,600,1,2950,2949,2947,13084584900577,0.100503,0.099500,,0.000000,
25,DImprovedSurface,600,1,2951,2950,2948,13084584901572,0.099901,0.095500,,0.000000,
25,DImprovedSurface,600,1,2952,2951,2949,13084584902527,0.088095,0.083000,,0.000000,
25,DImprovedSurface,600,1,2953,2952,2950,13084584903357,0.106704,0.100700,,0.000000,
25,DImprovedSurface,600,1,2954,2953,2951,13084584904364,0.092503,0.099800,,0.000000,
25,DImprovedSurface,600,1,2955,2954,2952,13084584905362,0.086699,0.089500,,0.000000,
25,DImprovedSurface,600,1,2956,2955,2953,13084584906257,0.088598,0.105100,,0.000000,
25,DImprovedSurface,600,1,2957,2956,2954,13084584907308,0.099199,0.092800,,0.000000,
25,DImprovedSurface,600,1,2958,2957,2955,13084584908236,0.089399,0.087700,,0.000000,
25,DImprovedSurface,600,1,2959,2958,2956,13084584909113,0.094303,0.087300,,0.000000,
25,DImprovedSurface,600,1,2960,2959,2957,13084584909986,0.090795,0.099500,,0.000000,
25,DImprovedSurface,600,1,2961,2960,2958,13084584910981,0.085006,0.088800,,0.000000,
25,DImprovedSurface,600,1,2962,2961,2959,13084584911869,0.095897,0.095000,,0.000000,
25,DImprovedSurface,600,1,2963,2962,2960,13084584912819,0.081101,0.090400,,0.000000,
25,DImprovedSurface,600,1,2964,2963,2961,13084584913723,0.080499,0.087100,,0.000000,
25,DImprovedSurface,600,1,2965,2964,2962,13084584914594,0.087698,0.093900,,0.000000,
25,DImprovedSurface,600,1,2966,2965,2963,13084584915533,0.083503,0.080700,,0.000000,
25,DImprovedSurface,600,1,2967,2966,2964,13084584916340,0.088202,0.081600,,0.000000,
25,DImprovedSurface,600,1,2968,2967,2965,13084584917156,0.082299,0.087000,,0.000000,
25,DImprovedSurface,600,1,2969,2968,2966,13084584918026,0.084099,0.084200,,0.000000,
25,DImprovedSurface,600,1,2970,2969,2967,13084584918868,0.082596,0.087300,,0.000000,
25,DImprovedSurface,600,1,2971,2970,2968,13084584919741,0.084403,0.082400,,0.000000,
25,DImprovedSurface,600,1,2972,2971,2969,13084584920565,7.028097,0.084300,,0.000000,
25,DImprovedSurface,600,1,2973,2972,2970,13084584921408,0.280003,0.082500,,0.000000,
25,DImprovedSurface,600,1,2974,2973,2971,13084584922233,0.173703,0.085400,,0.000000,
25,DImprovedSurface,600,1,2975,2974,2972,13084584923087,0.145798,7.040900,,0.000000,
25,DImprovedSurface,600,1,2976,2975,2973,13084584993496,0.147300,0.270700,,0.000000,
25,DImprovedSurface,600,1,2977,2976,2974,13084584996203,0.135601,0.175400,,0.000000,
25,DImprovedSurface,600,1,2978,2977,2975,13084584997957,0.144501,0.143200,,0.000000,
25,DImprovedSurface,600,1,2979,2978,2976,13084584999389,0.135594,0.147000,,0.000000,
25,DImprovedSurface,600,1,2980,2979,2977,13084585000859,0.140207,0.137600,,0.000000,
25,DImprovedSurface,600,1,2981,2980,2978,13084585002235,0.149398,0.142900,,0.000000,
25,DImprovedSurface,600,1,2982,2981,2979,13084585003664,0.151998,0.136000,,0.000000,
25,DImprovedSurface,600,1,2983,2982,2980,13084585005024,0.235204,0.141100,,0.000000,
25,DImprovedSurface,600,1,2984,2983,2981,13084585006435,0.312394,0.148700,,0.000000,
25,DImprovedSurface,600,1,2985,2984,2982,13084585007922,0.926205,0.231200,,0.732300,
25,DImprovedSurface,600,1,2986,2985,2983,13084585010234,0.154698,0.305000,,0.000000,
25,DImprovedSurface,600,1,2987,2986,2984,13084585013284,0.148902,0.162600,,0.000000,
25,DImprovedSurface,600,1,2988,2987,2985,13084585014910,0.159198,0.928200,,0.000000,
25,DImprovedSurface,600,1,2989,2988,2986,13084585024192,0.165398,0.155600,,0.000000,
25,DImprovedSurface,600,1,2990,2989,2987,13084585025748,0.305003,0.146100,,0.000000,
25,DImprovedSurface,600,1,2991,2990,2988,13084585027209,0.141397,0.160500,,0.000000,
25,DImprovedSurface,600,1,2992,2991,2989,13084585028814,0.150999,0.313300,,0.000000,
25,DImprovedSurface,600,1,2993,2992,2990,13084585031947,0.155300,0.157800,,0.000000,
25,DImprovedSurface,600,1,2994,2993,2991,13084585033525,0.154904,0.139800,,0.000000,
25,DImprovedSurface,600,1,2995,2994,2992,13084585034923,0.141199,0.150800,,0.000000,
25,DImprovedSurface,600,1,2996,2995,2993,13084585036431,0.145798,0.155500,,0.000000,
25,DImprovedSurface,600,1,2997,2996,2994,13084585037986,0.117404,0.156200,,0.000000,
25,DImprovedSurface,600,1,2998,2997,2995,13084585039548,0.115200,0.142100,,0.000000,
25,DImprovedSurface,600,1,2999,2998,2996,13084585040969,0.092800,0.143500,,0.000000,
25,DImprovedSurface,600,1,3000,2999,2997,13084585042404,0.116596,0.117600,,0.000000,
25,DImprovedSurface,600,1,3001,3000,2998,13084585043580,0.103600,0.112300,,0.000000,
25,DImprovedSurface,600,1,3002,3001,2999,13084585044703,0.101403,0.093000,,0.000000,
25,DImprovedSurface,600,1,3003,3002,3000,13084585045633,0.096400,0.116000,,0.000000,
25,DImprovedSurface,600,1,3004,3003,3001,13084585046793,0.086699,0.103600,,0.000000,
25,DImprovedSurface,600,1,3005,3004,3002,13084585047829,0.086203,0.101300,,0.000000,
25,DImprovedSurface,600,1,3006,3005,3003,13084585048842,0.102594,0.095900,,0.000000,
25,DImprovedSurface,600,1,3007,3006,3004,13084585049801,0.121400,0.086600,,0.000000,
25,DImprovedSurface,600,1,3008,3007,3005,13084585050667,0.112401,0.086100,,0.000000,
25,DImprovedSurface,600,1,3009,3008,3006,13084585051528,0.147399,0.104800,,0.000000,
25,DImprovedSurface,600,1,3010,3009,3007,13084585052576,0.106704,0.119700,,0.000000,
25,DImprovedSurface,600,1,3011,3010,3008,13084585053773,0.100000,0.119900,,0.000000,
25,DImprovedSurface,600,1,3012,3011,3009,13084585054972,0.109899,0.140500,,0.000000,
25,DImprovedSurface,600,1,3013,3012,3010,13084585056377,0.112202,0.106400,,0.000000,
25,DImprovedSurface,600,1,3014,3013,3011,13084585057441,0.124001,0.099900,,0.000000,
25,DImprovedSurface,600,1,3015,3014,3012,13084585058440,0.124298,0.111700,,0.000000,
25,DImprovedSurface,600,1,3016,3015,3013,13084585059557,0.108801,0.114800,,0.000000,
25,DImprovedSurface,600,1,3017,3016,3014,13084585060705,0.111295,0.119900,,0.000000,
25,DImprovedSurface,600,1,3018,3017,3015,13084585061904,0.106604,0.124600,,0.000000,
25,DImprovedSurface,600,1,3019,3018,3016,13084585063150,0.146294,0.108500,,0.000000,
25,DImprovedSurface,600,1,3020,3019,3017,13084585064235,0.154004,0.111100,,0.000000,
25,DImprovedSurface,600,1,3021,3020,3018,13084585065346,0.154797,0.111700,,0.000000,
25,DImprovedSurface,600,1,3022,3021,3019,13084585066463,0.159701,0.145600,,0.000000,
25,DImprovedSurface,600,1,3023,3022,3020,13084585067919,0.298101,0.152200,,0.000000,
25,DImprovedSurface,600,1,3024,3023,3021,13084585069441,0.230300,0.154800,,0.000000,
25,DImprovedSurface,600,1,3025,3024,3022,13084585070989,0.175099,0.317300,,0.000000,
25,DImprovedSurface,600,1,3026,3025,3023,13084585074162,0.182001,0.244600,,0.000000,
25,DImprovedSurface,600,1,3027,3026,3024,13084585076608,0.179698,0.125300,,0.000000,
26,DImprovedSurface,600,4,3059,3058,3056,13084585520662,0.070699,0.073200,,0.000000,
26,DImprovedSurface,600,4,3060,3059,3057,13084585521394,0.071301,0.087300,,0.000000,
26,DImprovedSurface,600,4,3061,3060,3058,13084585522267,0.068998,0.062900,,0.000000,
26,DImprovedSurface,600,4,3062,3061,3059,13084585522896,0.070203,0.070700,,0.000000,
26,DImprovedSurface,600,4,3063,3062,3060,13084585523603,0.070500,0.071300,,0.000000,
26,DImprovedSurface,600,4,3064,3063,3061,13084585524316,0.078699,0.069000,,0.000000,
26,DImprovedSurface,600,4,3065,3064,3062,13084585525006,0.145897,0.070300,,0.000000,
26,DImprovedSurface,600,4,3066,3065,3063,13084585525709,0.123703,0.070600,,0.000000,
26,DImprovedSurface,600,4,3067,3066,3064,13084585526415,0.096995,0.080600,,0.000000,
26,DImprovedSurface,600,4,3068,3067,3065,13084585527221,0.075801,0.147800,,0.000000,
26,DImprovedSurface,600,4,3069,3068,3066,13084585528699,0.073399,0.122500,,0.000000,
26,DImprovedSurface,600,4,3070,3069,3067,13084585529924,0.074405,0.094900,,0.000000,
26,DImprovedSurface,600,4,3071,3070,3068,13084585530873,0.094296,0.075700,,0.000000,
26,DImprovedSurface,600,4,3072,3071,3069,13084585531630,0.116001,0.072900,,0.000000,
26,DImprovedSurface,600,4,3073,3072,3070,13084585532359,0.100305,0.076000,,0.000000,
26,DImprovedSurface,600,4,3074,3073,3071,13084585533119,0.079301,0.092900,,0.000000,
26,DImprovedSurface,600,4,3075,3074,3072,13084585534048,0.074100,0.117400,,0.000000,
26,DImprovedSurface,600,4,3076,3075,3073,13084585535222,0.071896,0.099600,,0.000000,
26,DImprovedSurface,600,4,3077,3076,3074,13084585536218,0.071903,0.078600,,0.000000,
26,DImprovedSurface,600,4,3078,3077,3075,13084585537004,0.076899,0.074000,,0.000000,
26,DImprovedSurface,600,4,3079,3078,3076,13084585537744,0.107795,0.071800,,0.000000,
26,DImprovedSurface,600,4,3080,3079,3077,13084585538462,0.073505,0.072200,,0.000000,
26,DImprovedSurface,600,4,3081,3080,3078,13084585539184,0.142297,0.079000,,0.000000,
26,DImprovedSurface,600,4,3082,3081,3079,13084585539974,0.117297,0.105900,,0.000000,
26,DImprovedSurface,600,4,3083,3082,3080,13084585541033,0.118403,0.074300,,0.000000,
26,DImprovedSurface,600,4,3084,3083,3081,13084585541776,0.113499,0.145400,,0.000000,
26,DImprovedSurface,600,4,3085,3084,3082,13084585543230,0.110105,0.113500,,0.000000,
26,DImprovedSurface,600,4,3086,3085,3083,13084585544365,0.124298,0.120700,,0.000000,
26,DImprovedSurface,600,4,3087,3086,3084,13084585545572,0.103196,0.113800,,0.000000,
26,DImprovedSurface,600,4,3088,3087,3085,13084585546710,0.112904,0.111600,,0.000000,
26,DImprovedSurface,600,4,3089,3088,3086,13084585547826,0.132398,0.121000,,0.000000,
26,DImprovedSurface,600,4,3090,3089,3087,13084585549036,0.208900,0.103500,,0.000000,
26,DImprovedSurface,600,4,3091,3090,3088,13084585550071,0.149001,0.112200,,0.000000,
26,DImprovedSurface,600,4,3092,3091,3089,13084585551193,0.110700,0.136400,,0.000000,
26,DImprovedSurface,600,4,3093,3092,3090,13084585552557,0.112202,0.207500,,0.000000,
26,DImprovedSurface,600,4,3094,3093,3091,13084585554632,0.103997,0.149400,,0.000000,
26,DImprovedSurface,600,4,3095,3094,3092,13084585556126,0.085197,0.109800,,0.000000,
26,DImprovedSurface,600,4,3096,3095,3093,13084585557224,0.126601,0.109700,,0.000000,
26,DImprovedSurface,600,4,3097,3096,3094,13084585558321,0.073604,0.105800,,0.000000,
26,DImprovedSurface,600,4,3098,3097,3095,13084585559379,0.086395,0.086400,,0.000000,
26,DImprovedSurface,600,4,3099,3098,3096,13084585560243,0.077601,0.123000,,0.000000,
26,DImprovedSurface,600,4,3100,3099,3097,13084585561473,0.106101,0.074900,,0.000000,
26,DImprovedSurface,600,4,3101,3100,3098,13084585562222,0.102700,0.085300,,0.000000,
26,DImprovedSurface,600,4,3102,3101,3099,13084585563075,0.112302,0.080100,,0.000000,
26,DImprovedSurface,600,4,3103,3102,3100,13084585563876,0.087103,0.106400,,0.000000,
26,DImprovedSurface,600,4,3104,3103,3101,13084585564940,0.124497,0.099700,,0.000000,
26,DImprovedSurface,600,4,3105,3104,3102,13084585565937,0.068197,0.114200,,0.000000,
26,DImprovedSurface,600,4,3106,3105,3103,13084585567079,0.126502,0.087800,,0.000000,
26,DImprovedSurface,600,4,3107,3106,3104,13084585567957,0.120103,0.122300,,0.000000,
26,DImprovedSurface,600,4,3108,3107,3105,13084585569180,0.086898,0.070400,,0.000000,
26,DImprovedSurface,600,4,3109,3108,3106,13084585569884,0.096400,0.125000,,0.000000,
26,DImprovedSurface,600,4,3110,3109,3107,13084585571134,0.117701,0.122700,,0.000000,
26,DImprovedSurface,600,4,3111,3110,3108,13084585572361,0.098101,0.083700,,0.000000,
26,DImprovedSurface,600,4,3112,3111,3109,13084585573198,0.093800,0.099000,,0.000000,
26,DImprovedSurface,600,4,3113,3112,3110,13084585574188,0.114399,0.115500,,0.000000,
26,DImprovedSurface,600,4,3114,3113,3111,13084585575343,0.093998,0.099600,,0.000000,
26,DImprovedSurface,600,4,3115,3114,3112,13084585576339,0.093304,0.094000,,0.000000,
26,DImprovedSurface,600,4,3116,3115,3113,13084585577279,0.065497,0.113700,,0.000000,
26,DImprovedSurface,600,4,3117,3116,3114,13084585578416,0.072697,0.092600,,0.000000,
26,DImprovedSurface,600,4,3118,3117,3115,13084585579342,0.087705,0.093100,,0.000000,
26,DImprovedSurface,600,4,3119,3118,3116,13084585580273,0.092595,0.065300,,0.000000,
26,DImprovedSurface,600,4,3120,3119,3117,13084585580926,0.092701,0.073100,,0.000000,
26,DImprovedSurface,600,4,3121,3120,3118,13084585581657,0.095500,0.087500,,0.000000,
26,DImprovedSurface,600,4,3122,3121,3119,13084585582532,0.071301,0.094500,,0.000000,
26,DImprovedSurface,600,4,3123,3122,3120,13084585583477,0.102402,0.091400,,0.000000,
26,DImprovedSurface,600,4,3124,3123,3121,13084585584391,0.112195,0.094900,,0.000000,
26,DImprovedSurface,600,4,3125,3124,3122,13084585585340,0.107200,0.074600,,0.000000,
26,DImprovedSurface,600,4,3126,3125,3123,13084585586086,0.099504,0.104900,,0.000000,
26,DImprovedSurface,600,4,3127,3126,3124,13084585587135,0.093197,0.107900,,0.000000,
26,DImprovedSurface,600,4,3128,3127,3125,13084585588214,0.093899,0.105700,,0.000000,
26,DImprovedSurface,600,4,3129,3128,3126,13084585589271,0.073902,0.102000,,0.000000,
26,DImprovedSurface,600,4,3130,3129,3127,13084585590291,0.067800,0.091400,,0.000000,
26,DImprovedSurface,600,4,3131,3130,3128,13084585591205,0.093197,0.093400,,0.000000,
26,DImprovedSurface,600,4,3132,3131,3129,13084585592139,0.065306,0.073600,,0.000000,
26,DImprovedSurface,600,4,3133,3132,3130,13084585592875,0.091596,0.068000,,0.000000,
26,DImprovedSurface,600,4,3134,3133,3131,13084585593555,0.094402,0.093300,,0.000000,
26,DImprovedSurface,600,4,3135,3134,3132,13084585594488,0.077997,0.065200,,0.000000,
26,DImprovedSurface,600,4,3136,3135,3133,13084585595140,0.104500,0.091700,,0.000000,
26,DImprovedSurface,600,4,3137,3136,3134,13084585596057,0.107603,0.094600,,0.000000,
26,DImprovedSurface,600,4,3138,3137,3135,13084585597003,0.081200,0.081300,,0.000000,
26,DImprovedSurface,600,4,3139,3138,3136,13084585597816,0.067000,0.106000,,0.000000,
26,DImprovedSurface,600,4,3140,3139,3137,13084585598876,0.097201,0.102700,,0.000000,
26,DImprovedSurface,600,4,3141,3140,3138,13084585599903,0.103897,0.080800,,0.000000,
26,DImprovedSurface,600,4,3142,3141,3139,13084585600711,0.105300,0.068900,,0.000000,
26,DImprovedSurface,600,4,3143,3142,3140,13084585601400,0.098902,0.095400,,0.000000,
26,DImprovedSurface,600,4,3144,3143,3141,13084585602354,0.073795,0.105600,,0.000000,
26,DImprovedSurface,600,4,3145,3144,3142,13084585603410,0.079500,0.104400,,0.000000,
26,DImprovedSurface,600,4,3146,3145,3143,13084585604454,0.092106,0.098000,,0.000000,
26,DImprovedSurface,600,4,3147,3146,3144,13084585605434,0.091596,0.073800,,0.000000,
26,DImprovedSurface,600,4,3148,3147,3145,13084585606172,0.072704,0.082200,,0.000000,
27,DImprovedSurface,600,8,3180,3179,3177,13084586005514,0.073200,0.092200,,0.000000,
27,DImprovedSurface,600,8,3181,3180,3178,13084586006436,0.092198,0.075700,,0.000000,
27,DImprovedSurface,600,8,3182,3181,3179,13084586007193,0.077197,0.083900,,0.000000,
27,DImprovedSurface,600,8,3183,3182,3180,13084586008032,0.103005,0.074800,,0.000000,
27,DImprovedSurface,600,8,3184,3183,3181,13084586008780,0.092198,0.090600,,0.000000,
27,DImprovedSurface,600,8,3185,3184,3182,13084586009686,0.097300,0.077300,,0.000000,
27,DImprovedSurface,600,8,3186,3185,3183,13084586010459,0.079202,0.102600,,0.000000,
27,DImprovedSurface,600,8,3187,3186,3184,13084586011485,0.537302,0.094800,,0.418800,
27,DImprovedSurface,600,8,3188,3187,3185,13084586012433,0.105400,0.095800,,0.000000,
27,DImprovedSurface,600,8,3189,3188,3186,13084586013391,0.082200,0.078800,,0.000000,
27,DImprovedSurface,600,8,3190,3189,3187,13084586014179,0.091794,0.538600,,0.000000,
27,DImprovedSurface,600,8,3191,3190,3188,13084586019565,0.128904,0.104500,,0.000000,
27,DImprovedSurface,600,8,3192,3191,3189,13084586020610,0.117496,0.081600,,0.000000,
27,DImprovedSurface,600,8,3193,3192,3190,13084586021426,0.089201,0.095200,,0.000000,
27,DImprovedSurface,600,8,3194,3193,3191,13084586022378,0.101502,0.130100,,0.000000,
27,DImprovedSurface,600,8,3195,3194,3192,13084586023679,0.089697,0.113500,,0.000000,
27,DImprovedSurface,600,8,3196,3195,3193,13084586024814,0.086501,0.090800,,0.000000,
27,DImprovedSurface,600,8,3197,3196,3194,13084586025722,0.081406,0.099400,,0.000000,
27,DImprovedSurface,600,8,3198,3197,3195,13084586026716,0.096096,0.089600,,0.000000,
27,DImprovedSurface,600,8,3199,3198,3196,13084586027612,0.084701,0.086600,,0.000000,
27,DImprovedSurface,600,8,3200,3199,3197,13084586028478,0.080102,0.083100,,0.000000,
27,DImprovedSurface,600,8,3201,3200,3198,13084586029309,0.087599,0.094300,,0.000000,
27,DImprovedSurface,600,8,3202,3201,3199,13084586030252,0.095196,0.085400,,0.000000,
27,DImprovedSurface,600,8,3203,3202,3200,13084586031106,0.095203,0.079500,,0.000000,
27,DImprovedSurface,600,8,3204,3203,3201,13084586031901,0.072102,0.088800,,0.000000,
27,DImprovedSurface,600,8,3205,3204,3202,13084586032789,0.136798,0.094300,,0.000000,
27,DImprovedSurface,600,8,3206,3205,3203,13084586033732,0.087599,0.094800,,0.000000,
27,DImprovedSurface,600,8,3207,3206,3204,13084586034680,0.077700,0.074700,,0.000000,
27,DImprovedSurface,600,8,3208,3207,3205,13084586035427,0.169905,0.134500,,0.000000,
27,DImprovedSurface,600,8,3209,3208,3206,13084586036772,0.192900,0.088700,,0.000000,
27,DImprovedSurface,600,8,3210,3209,3207,13084586037659,0.135594,0.076800,,0.000000,
27,DImprovedSurface,600,8,3211,3210,3208,13084586038427,0.120706,0.191800,,0.000000,
27,DImprovedSurface,600,8,3212,3211,3209,13084586040345,0.177395,0.171500,,0.000000,
27,DImprovedSurface,600,8,3213,3212,3210,13084586042060,0.096499,0.137600,,0.000000,
27,DImprovedSurface,600,8,3214,3213,3211,13084586043436,0.097704,0.122500,,0.000000,
27,DImprovedSurface,600,8,3215,3214,3212,13084586044661,0.103798,0.173200,,0.000000,
27,DImprovedSurface,600,8,3216,3215,3213,13084586046393,0.119204,0.098700,,0.000000,
27,DImprovedSurface,600,8,3217,3216,3214,13084586047380,0.096698,0.095200,,0.000000,
27,DImprovedSurface,600,8,3218,3217,3215,13084586048332,0.105102,0.106800,,0.000000,
27,DImprovedSurface,600,8,3219,3218,3216,13084586049400,0.102395,0.116800,,0.000000,
27,DImprovedSurface,600,8,3220,3219,3217,13084586050568,0.088804,0.097900,,0.000000,
27,DImprovedSurface,600,8,3221,3220,3218,13084586051547,0.090901,0.106200,,0.000000,
27,DImprovedSurface,600,8,3222,3221,3219,13084586052609,0.104294,0.100600,,0.000000,
27,DImprovedSurface,600,8,3223,3222,3220,13084586053615,0.087805,0.087400,,0.000000,
27,DImprovedSurface,600,8,3224,3223,3221,13084586054489,0.095897,0.092400,,0.000000,
27,DImprovedSurface,600,8,3225,3224,3222,13084586055413,0.087904,0.103200,,0.000000,
27,DImprovedSurface,600,8,3226,3225,3223,13084586056445,0.088194,0.089100,,0.000000,
27,DImprovedSurface,600,8,3227,3226,3224,13084586057336,0.116199,0.094400,,0.000000,
27,DImprovedSurface,600,8,3228,3227,3225,13084586058280,0.120904,0.088000,,0.000000,
27,DImprovedSurface,600,8,3229,3228,3226,13084586059160,0.106101,0.089400,,0.000000,
27,DImprovedSurface,600,8,3230,3229,3227,13084586060054,0.101594,0.118000,,0.000000,
27,DImprovedSurface,600,8,3231,3230,3228,13084586061234,0.091801,0.119300,,0.000000,
27,DImprovedSurface,600,8,3232,3231,3229,13084586062427,0.094501,0.107300,,0.000000,
27,DImprovedSurface,600,8,3233,3232,3230,13084586063500,0.086402,0.099700,,0.000000,
27,DImprovedSurface,600,8,3234,3233,3231,13084586064497,0.092000,0.091900,,0.000000,
27,DImprovedSurface,600,8,3235,3234,3232,13084586065416,0.079897,0.094100,,0.000000,
27,DImprovedSurface,600,8,3236,3235,3233,13084586066357,0.080903,0.087400,,0.000000,
27,DImprovedSurface,600,8,3237,3236,3234,13084586067231,0.114598,0.090900,,0.000000,
27,DImprovedSurface,600,8,3238,3237,3235,13084586068140,0.082405,0.079700,,0.000000,
27,DImprovedSurface,600,8,3239,3238,3236,13084586068937,0.078600,0.083800,,0.000000,
27,DImprovedSurface,600,8,3240,3239,3237,13084586069775,0.091801,0.111500,,0.000000,
27,DImprovedSurface,600,8,3241,3240,3238,13084586070890,0.098498,0.082300,,0.000000,
27,DImprovedSurface,600,8,3242,3241,3239,13084586071713,0.089399,0.078800,,0.000000,
27,DImprovedSurface,600,8,3243,3242,3240,13084586072501,0.084899,0.093200,,0.000000,
27,DImprovedSurface,600,8,3244,3243,3241,13084586073433,0.085502,0.097100,,0.000000,
27,DImprovedSurface,600,8,3245,3244,3242,13084586074404,0.093502,0.089600,,0.000000,
27,DImprovedSurface,600,8,3246,3245,3243,13084586075300,0.086097,0.085600,,0.000000,
27,DImprovedSurface,600,8,3247,3246,3244,13084586076156,0.095203,0.084900,,0.000000,
27,DImprovedSurface,600,8,3248,3247,3245,13084586077005,0.118296,0.093500,,0.000000,
27,DImprovedSurface,600,8,3249,3248,3246,13084586077940,0.141298,0.085800,,0.000000,
27,DImprovedSurface,600,8,3250,3249,3247,13084586078798,0.197102,0.097300,,0.000000,
27,DImprovedSurface,600,8,3251,3250,3248,13084586079771,1.072003,0.116400,,0.000000,
27,DImprovedSurface,600,8,3252,3251,3249,13084586080935,0.138896,0.175400,,0.000000,
27,DImprovedSurface,600,8,3253,3252,3250,13084586082689,0.143105,0.257700,,0.000000,
27,DImprovedSurface,600,8,3254,3253,3251,13084586085266,0.111395,0.980400,,0.000000,
27,DImprovedSurface,600,8,3255,3254,3252,13084586095070,0.092602,0.140300,,0.000000,
27,DImprovedSurface,600,8,3256,3255,3253,13084586096473,0.178600,0.139800,,0.000000,
27,DImprovedSurface,600,8,3257,3256,3254,13084586097871,0.149001,0.110400,,0.000000,
27,DImprovedSurface,600,8,3258,3257,3255,13084586098975,0.163903,0.097400,,0.000000,
27,DImprovedSurface,600,8,3259,3258,3256,13084586099949,0.107497,0.177500,,0.000000,
27,DImprovedSurface,600,8,3260,3259,3257,13084586101724,0.122697,0.151300,,0.000000,
27,DImprovedSurface,600,8,3261,3260,3258,13084586103237,0.106002,0.159100,,0.000000,
27,DImprovedSurface,600,8,3262,3261,3259,13084586104828,0.144600,0.107100,,0.000000,
27,DImprovedSurface,600,8,3263,3262,3260,13084586105899,0.101800,0.122200,,0.000000,
27,DImprovedSurface,600,8,3264,3263,3261,13084586107121,0.111302,0.110700,,0.000000,
27,DImprovedSurface,600,8,3265,3264,3262,13084586108228,0.100198,0.141200,,0.000000,
27,DImprovedSurface,600,8,3266,3265,3263,13084586109640,0.102601,0.100500,,0.000000,
27,DImprovedSurface,600,8,3267,3266,3264,13084586110645,0.131902,0.111400,,0.000000,
27,DImprovedSurface,600,8,3268,3267,3265,13084586111759,0.120500,0.100600,,0.000000,
27,DImprovedSurface,600,8,3269,3268,3266,13084586112765,0.101800,0.102500,,0.000000,
28,DImprovedSurface,600,16,3301,3300,3298,13084586670254,0.094196,0.083000,,0.000000,
28,DImprovedSurface,600,16,3302,3301,3299,13084586671084,0.091397,0.089400,,0.000000,
28,DImprovedSurface,600,16,3303,3302,3300,13084586671978,0.089201,0.100500,,0.000000,
28,DImprovedSurface,600,16,3304,3303,3301,13084586672983,0.093403,0.093600,,0.000000,
28,DImprovedSurface,600,16,3305,3304,3302,13084586673919,0.090200,0.092300,,0.000000,
28,DImprovedSurface,600,16,3306,3305,3303,13084586674842,0.086402,0.088100,,0.000000,
28,DImprovedSurface,600,16,3307,3306,3304,13084586675723,0.098597,0.093900,,0.000000,
28,DImprovedSurface,600,16,3308,3307,3305,13084586676662,0.089300,0.089800,,0.000000,
28,DImprovedSurface,600,16,3309,3308,3306,13084586677560,0.089399,0.087300,,0.000000,
28,DImprovedSurface,600,16,3310,3309,3307,13084586678433,0.089002,0.097500,,0.000000,
28,DImprovedSurface,600,16,3311,3310,3308,13084586679408,0.090497,0.089400,,0.000000,
28,DImprovedSurface,600,16,3312,3311,3309,13084586680302,0.091504,0.089200,,0.000000,
28,DImprovedSurface,600,16,3313,3312,3310,13084586681194,0.091497,0.089200,,0.000000,
28,DImprovedSurface,600,16,3314,3313,3311,13084586682086,0.098406,0.090800,,0.000000,
28,DImprovedSurface,600,16,3315,3314,3312,13084586682994,0.090398,0.091600,,0.000000,
28,DImprovedSurface,600,16,3316,3315,3313,13084586683910,0.086997,0.092200,,0.000000,
28,DImprovedSurface,600,16,3317,3316,3314,13084586684832,0.105499,0.097500,,0.000000,
28,DImprovedSurface,600,16,3318,3317,3315,13084586685807,0.155003,0.090200,,0.000000,
28,DImprovedSurface,600,16,3319,3318,3316,13084586686709,0.122201,0.086700,,0.000000,
28,DImprovedSurface,600,16,3320,3319,3317,13084586687576,0.109800,0.110700,,0.000000,
28,DImprovedSurface,600,16,3321,3320,3318,13084586688683,0.150298,0.153500,,0.000000,
28,DImprovedSurface,600,16,3322,3321,3319,13084586690218,0.171400,0.120300,,0.000000,
28,DImprovedSurface,600,16,3323,3322,3320,13084586691421,0.098299,0.113000,,0.000000,
28,DImprovedSurface,600,16,3324,3323,3321,13084586692551,0.114803,0.162200,,0.000000,
28,DImprovedSurface,600,16,3325,3324,3322,13084586694173,0.097895,0.156500,,0.000000,
28,DImprovedSurface,600,16,3326,3325,3323,13084586695738,0.125404,0.097000,,0.000000,
28,DImprovedSurface,600,16,3327,3326,3324,13084586696708,0.124497,0.114800,,0.000000,
28,DImprovedSurface,600,16,3328,3327,3325,13084586697856,0.153501,0.099900,,0.000000,
28,DImprovedSurface,600,16,3329,3328,3326,13084586698855,0.137401,0.123800,,0.000000,
28,DImprovedSurface,600,16,3330,3329,3327,13084586700093,0.154804,0.128900,,0.000000,
28,DImprovedSurface,600,16,3331,3330,3328,13084586701382,0.164796,0.152100,,0.000000,
28,DImprovedSurface,600,16,3332,3331,3329,13084586702903,0.148101,0.153300,,0.000000,
28,DImprovedSurface,600,16,3333,3332,3330,13084586704436,0.146301,0.141200,,0.000000,
28,DImprovedSurface,600,16,3334,3333,3331,13084586705848,0.144700,0.161700,,0.000000,
28,DImprovedSurface,600,16,3335,3334,3332,13084586707465,10.270302,0.147400,,0.000000,
28,DImprovedSurface,600,16,3336,3335,3333,13084586708939,1.783397,0.146900,,1.105600,
28,DImprovedSurface,600,16,3337,3336,3334,13084586710408,0.198498,0.143500,,0.000000,
28,DImprovedSurface,600,16,3338,3337,3335,13084586711843,0.217404,10.330600,,0.000000,
28,DImprovedSurface,600,16,3339,3338,3336,13084586815149,0.201800,1.735400,,0.000000,
28,DImprovedSurface,600,16,3340,3339,3337,13084586832503,0.175999,0.191900,,0.000000,
28,DImprovedSurface,600,16,3341,3340,3338,13084586834422,0.133199,0.216300,,0.000000,
28,DImprovedSurface,600,16,3342,3341,3339,13084586836585,0.106498,0.199200,,0.000000,
28,DImprovedSurface,600,16,3343,3342,3340,13084586838577,0.143403,0.175200,,0.000000,
28,DImprovedSurface,600,16,3344,3343,3341,13084586840329,0.123299,0.131500,,0.000000,
28,DImprovedSurface,600,16,3345,3344,3342,13084586841644,0.140001,0.112400,,0.000000,
28,DImprovedSurface,600,16,3346,3345,3343,13084586842768,0.120599,0.139500,,0.000000,
28,DImprovedSurface,600,16,3347,3346,3344,13084586844163,0.119402,0.125400,,0.000000,
28,DImprovedSurface,600,16,3348,3347,3345,13084586845417,0.130796,0.137500,,0.000000,
28,DImprovedSurface,600,16,3349,3348,3346,13084586846792,0.098101,0.121200,,0.000000,
28,DImprovedSurface,600,16,3350,3349,3347,13084586848004,0.150702,0.120700,,0.000000,
28,DImprovedSurface,600,16,3351,3350,3348,13084586849211,0.156696,0.127300,,0.000000,
28,DImprovedSurface,600,16,3352,3351,3349,13084586850484,0.104904,0.100900,,0.000000,
28,DImprovedSurface,600,16,3353,3352,3350,13084586851493,0.122102,0.152000,,0.000000,
28,DImprovedSurface,600,16,3354,3353,3351,13084586853013,0.105896,0.153500,,0.000000,
28,DImprovedSurface,600,16,3355,3354,3352,13084586854548,0.099702,0.104100,,0.000000,
28,DImprovedSurface,600,16,3356,3355,3353,13084586855589,0.127303,0.121600,,0.000000,
28,DImprovedSurface,600,16,3357,3356,3354,13084586856805,0.089399,0.105800,,0.000000,
28,DImprovedSurface,600,16,3358,3357,3355,13084586857863,0.105896,0.104300,,0.000000,
28,DImprovedSurface,600,16,3359,3358,3356,13084586858906,0.137004,0.122700,,0.000000,
28,DImprovedSurface,600,16,3360,3359,3357,13084586860133,0.248696,0.089300,,0.000000,
28,DImprovedSurface,600,16,3361,3360,3358,13084586861026,0.158099,0.107800,,0.000000,
28,DImprovedSurface,600,16,3362,3361,3359,13084586862104,0.154804,0.138200,,0.000000,
28,DImprovedSurface,600,16,3363,3362,3360,13084586863486,0.201899,0.249500,,0.000000,
28,DImprovedSurface,600,16,3364,3363,3361,13084586865981,0.185296,0.157700,,0.000000,
28,DImprovedSurface,600,16,3365,3364,3362,13084586867558,0.181406,0.157800,,0.000000,
28,DImprovedSurface,600,16,3366,3365,3363,13084586869136,0.185799,0.201400,,0.000000,
28,DImprovedSurface,600,16,3367,3366,3364,13084586871150,0.198094,0.185200,,0.000000,
28,DImprovedSurface,600,16,3368,3367,3365,13084586873002,0.209906,0.182200,,0.000000,
28,DImprovedSurface,600,16,3369,3368,3366,13084586874824,0.168098,0.184300,,0.000000,
28,DImprovedSurface,600,16,3370,3369,3367,13084586876667,0.218700,0.199700,,0.000000,
28,DImprovedSurface,600,16,3371,3370,3368,13084586878664,0.206101,0.209200,,0.000000,
28,DImprovedSurface,600,16,3372,3371,3369,13084586880756,0.161196,0.169700,,0.000000,
28,DImprovedSurface,600,16,3373,3372,3370,13084586882453,0.204500,0.218500,,0.000000,
28,DImprovedSurface,600,16,3374,3373,3371,13084586884638,0.303203,0.203900,,0.000000,
28,DImprovedSurface,600,16,3375,3374,3372,13084586886677,0.174199,0.163100,,0.000000,
28,DImprovedSurface,600,16,3376,3375,3373,13084586888308,0.200298,0.204700,,0.000000,
28,DImprovedSurface,600,16,3377,3376,3374,13084586890355,0.183900,0.300100,,0.000000,
28,DImprovedSurface,600,16,3378,3377,3375,13084586893356,0.163598,0.176500,,0.000000,
28,DImprovedSurface,600,16,3379,3378,3376,13084586895121,0.135105,0.199800,,0.000000,
28,DImprovedSurface,600,16,3380,3379,3377,13084586897119,0.121698,0.184200,,0.000000,
28,DImprovedSurface,600,16,3381,3380,3378,13084586898961,0.167099,0.163000,,0.000000,
28,DImprovedSurface,600,16,3382,3381,3379,13084586900591,0.167999,0.133300,,0.000000,
28,DImprovedSurface,600,16,3383,3382,3380,13084586901924,0.190299,0.123500,,0.000000,
28,DImprovedSurface,600,16,3384,3383,3381,13084586903159,0.146301,0.168200,,0.000000,
28,DImprovedSurface,600,16,3385,3384,3382,13084586904841,0.133305,0.167800,,0.000000,
28,DImprovedSurface,600,16,3386,3385,3383,13084586906519,0.156399,0.187100,,0.000000,
28,DImprovedSurface,600,16,3387,3386,3384,13084586908390,0.140299,0.144400,,0.000000,
28,DImprovedSurface,600,16,3388,3387,3385,13084586909834,0.134099,0.137800,,0.000000,
28,DImprovedSurface,600,16,3389,3388,3386,13084586911212,0.153401,0.152200,,0.000000,
28,DImprovedSurface,600,16,3390,3389,3387,13084586912734,0.135799,0.141700,,0.000000,
29,DImprovedSurface,1000,1,3422,3421,3419,13084587760193,0.122697,0.119200,,0.000000,
29,DImprovedSurface,1000,1,3423,3422,3420,13084587761385,0.161097,0.118900,,0.000000,
29,DImprovedSurface,1000,1,3424,3423,3421,13084587762574,0.106002,0.099300,,0.000000,
29,DImprovedSurface,1000,1,3425,3424,3422,13084587763567,0.133999,0.130600,,0.000000,
29,DImprovedSurface,1000,1,3426,3425,3423,13084587764873,0.191504,0.153100,,0.000000,
29,DImprovedSurface,1000,1,3427,3426,3424,13084587766404,0.167000,0.106400,,0.000000,
29,DImprovedSurface,1000,1,3428,3427,3425,13084587767468,0.159800,0.139400,,0.000000,
29,DImprovedSurface,1000,1,3429,3428,3426,13084587768862,0.166199,0.190100,,0.000000,
29,DImprovedSurface,1000,1,3430,3429,3427,13084587770763,0.180201,0.166700,,0.000000,
29,DImprovedSurface,1000,1,3431,3430,3428,13084587772430,0.189598,0.159900,,0.000000,
29,DImprovedSurface,1000,1,3432,3431,3429,13084587774029,0.188202,0.166100,,0.000000,
29,DImprovedSurface,1000,1,3433,3432,3430,13084587775690,0.144700,0.180600,,0.000000,
29,DImprovedSurface,1000,1,3434,3433,3431,13084587777496,0.235402,0.189200,,0.000000,
29,DImprovedSurface,1000,1,3435,3434,3432,13084587779388,0.268495,0.189000,,0.000000,
29,DImprovedSurface,1000,1,3436,3435,3433,13084587781278,0.184503,0.142400,,0.000000,
29,DImprovedSurface,1000,1,3437,3436,3434,13084587782702,0.181796,0.310900,,0.000000,
29,DImprovedSurface,1000,1,3438,3437,3435,13084587785811,0.163506,0.195500,,0.000000,
29,DImprovedSurface,1000,1,3439,3438,3436,13084587787766,0.131597,0.184300,,0.000000,
29,DImprovedSurface,1000,1,3440,3439,3437,13084587789609,0.128401,0.182900,,0.000000,
29,DImprovedSurface,1000,1,3441,3440,3438,13084587791438,0.122201,0.161100,,0.000000,
29,DImprovedSurface,1000,1,3442,3441,3439,13084587793049,0.126594,0.131000,,0.000000,
29,DImprovedSurface,1000,1,3443,3442,3440,13084587794359,0.134106,0.128400,,0.000000,
29,DImprovedSurface,1000,1,3444,3443,3441,13084587795643,0.146499,0.121700,,0.000000,
29,DImprovedSurface,1000,1,3445,3444,3442,13084587796860,0.148795,0.126900,,0.000000,
29,DImprovedSurface,1000,1,3446,3445,3443,13084587798129,0.134503,0.134300,,0.000000,
29,DImprovedSurface,1000,1,3447,3446,3444,13084587799472,0.133503,0.147300,,0.000000,
29,DImprovedSurface,1000,1,3448,3447,3445,13084587800945,0.135495,0.148000,,0.000000,
29,DImprovedSurface,1000,1,3449,3448,3446,13084587802425,0.124100,0.134100,,0.000000,
29,DImprovedSurface,1000,1,3450,3449,3447,13084587803766,0.132299,0.133800,,0.000000,
29,DImprovedSurface,1000,1,3451,3450,3448,13084587805104,0.146103,0.134900,,0.000000,
29,DImprovedSurface,1000,1,3452,3451,3449,13084587806453,0.165398,0.124700,,0.000000,
29,DImprovedSurface,1000,1,3453,3452,3450,13084587807700,0.185906,0.132400,,0.000000,
29,DImprovedSurface,1000,1,3454,3453,3451,13084587809024,0.899298,0.146600,,0.645500,
29,DImprovedSurface,1000,1,3455,3454,3452,13084587810490,0.182100,0.166400,,0.000000,
29,DImprovedSurface,1000,1,3456,3455,3453,13084587812154,19.975100,0.185300,,0.000000,
29,DImprovedSurface,1000,1,3457,3456,3454,13084587814007,2.023902,0.902100,,0.693200,
29,DImprovedSurface,1000,1,3458,3457,3455,13084587823028,0.296599,0.183000,,0.000000,
29,DImprovedSurface,1000,1,3459,3458,3456,13084587824858,0.226297,19.992700,,0.000000,
29,DImprovedSurface,1000,1,3460,3459,3457,13084588024785,0.257100,2.010200,,0.000000,
29,DImprovedSurface,1000,1,3461,3460,3458,13084588044887,0.317701,0.293700,,0.000000,
29,DImprovedSurface,1000,1,3462,3461,3459,13084588047824,0.311898,0.225000,,0.000000,
29,DImprovedSurface,1000,1,3463,3462,3460,13084588050074,0.244700,0.256300,,0.000000,
29,DImprovedSurface,1000,1,3464,3463,3461,13084588052637,0.204202,0.317700,,0.000000,
29,DImprovedSurface,1000,1,3465,3464,3462,13084588055814,0.316404,0.308900,,0.000000,
29,DImprovedSurface,1000,1,3466,3465,3463,13084588058903,0.301297,0.248300,,0.000000,
29,DImprovedSurface,1000,1,3467,3466,3464,13084588061386,0.285502,0.202400,,0.000000,
29,DImprovedSurface,1000,1,3468,3467,3465,13084588063410,0.359595,0.315700,,0.000000,
29,DImprovedSurface,1000,1,3469,3468,3466,13084588066567,0.509602,0.299000,,0.000000,
29,DImprovedSurface,1000,1,3470,3469,3467,13084588069557,0.291100,0.287100,,0.000000,
29,DImprovedSurface,1000,1,3471,3470,3468,13084588072428,0.297201,0.360100,,0.000000,
29,DImprovedSurface,1000,1,3472,3471,3469,13084588076029,0.285601,0.564800,,0.000000,
29,DImprovedSurface,1000,1,3473,3472,3470,13084588081677,0.201403,0.319800,,0.000000,
29,DImprovedSurface,1000,1,3474,3473,3471,13084588084875,0.291397,0.215100,,0.000000,
29,DImprovedSurface,1000,1,3475,3474,3472,13084588087026,0.191100,0.287200,,0.000000,
29,DImprovedSurface,1000,1,3476,3475,3473,13084588089898,0.197201,0.201500,,0.000000,
29,DImprovedSurface,1000,1,3477,3476,3474,13084588091913,0.191801,0.289400,,0.000000,
29,DImprovedSurface,1000,1,3478,3477,3475,13084588094807,0.208496,0.189300,,0.000000,
29,DImprovedSurface,1000,1,3479,3478,3476,13084588096700,0.195699,0.199100,,0.000000,
29,DImprovedSurface,1000,1,3480,3479,3477,13084588098691,0.202303,0.192600,,0.000000,
29,DImprovedSurface,1000,1,3481,3480,3478,13084588100617,0.187302,0.207000,,0.000000,
29,DImprovedSurface,1000,1,3482,3481,3479,13084588102687,0.186898,0.198000,,0.000000,
29,DImprovedSurface,1000,1,3483,3482,3480,13084588104667,0.199199,0.200900,,0.000000,
29,DImprovedSurface,1000,1,3484,3483,3481,13084588106676,0.176601,0.186900,,0.000000,
29,DImprovedSurface,1000,1,3485,3484,3482,13084588108545,0.173200,0.189100,,0.000000,
29,DImprovedSurface,1000,1,3486,3485,3483,13084588110436,0.216100,0.197200,,0.000000,
29,DImprovedSurface,1000,1,3487,3486,3484,13084588112408,0.197796,0.175900,,0.000000,
29,DImprovedSurface,1000,1,3488,3487,3485,13084588114167,0.165306,0.177900,,0.000000,
29,DImprovedSurface,1000,1,3489,3488,3486,13084588115946,0.163995,0.212300,,0.000000,
29,DImprovedSurface,1000,1,3490,3489,3487,13084588118069,0.139902,0.195400,,0.000000,
29,DImprovedSurface,1000,1,3491,3490,3488,13084588120023,0.185998,0.167000,,0.000000,
29,DImprovedSurface,1000,1,3492,3491,3489,13084588121693,0.163102,0.160400,,0.000000,
29,DImprovedSurface,1000,1,3493,3492,3490,13084588123297,0.167800,0.143100,,0.000000,
29,DImprovedSurface,1000,1,3494,3493,3491,13084588124728,0.170096,0.186200,,0.000000,
29,DImprovedSurface,1000,1,3495,3494,3492,13084588126590,0.167900,0.165700,,0.000000,
29,DImprovedSurface,1000,1,3496,3495,3493,13084588128247,0.151601,0.165400,,0.000000,
29,DImprovedSurface,1000,1,3497,3496,3494,13084588129901,0.135700,0.168500,,0.000000,
29,DImprovedSurface,1000,1,3498,3497,3495,13084588131586,0.144799,0.165800,,0.000000,
29,DImprovedSurface,1000,1,3499,3498,3496,13084588133244,0.165505,0.152900,,0.000000,
29,DImprovedSurface,1000,1,3500,3499,3497,13084588134773,0.211196,0.136100,,0.000000,
29,DImprovedSurface,1000,1,3501,3500,3498,13084588136134,0.215604,0.144900,,0.000000,
29,DImprovedSurface,1000,1,3502,3501,3499,13084588137583,0.213301,0.164300,,0.000000,
29,DImprovedSurface,1000,1,3503,3502,3500,13084588139226,0.201495,0.217700,,0.000000,
29,DImprovedSurface,1000,1,3504,3503,3501,13084588141403,0.208900,0.213300,,0.000000,
29,DImprovedSurface,1000,1,3505,3504,3502,13084588143536,0.174405,0.212400,,0.000000,
29,DImprovedSurface,1000,1,3506,3505,3503,13084588145660,0.158999,0.203200,,0.000000,
29,DImprovedSurface,1000,1,3507,3506,3504,13084588147692,0.155201,0.208400,,0.000000,
29,DImprovedSurface,1000,1,3508,3507,3505,13084588149776,0.176998,0.173000,,0.000000,
29,DImprovedSurface,1000,1,3509,3508,3506,13084588151506,0.182398,0.156600,,0.000000,
29,DImprovedSurface,1000,1,3510,3509,3507,13084588153072,0.174199,0.157500,,0.000000,
29,DImprovedSurface,1000,1,3511,3510,3508,13084588154647,0.155102,0.176500,,0.000000,
30,DImprovedSurface,1000,4,3543,3542,3540,13084589187651,0.114101,0.122500,,0.000000,
30,DImprovedSurface,1000,4,3544,3543,3541,13084589188876,0.121698,0.118600,,0.000000,
30,DImprovedSurface,1000,4,3545,3544,3542,13084589190062,0.149405,0.115400,,0.000000,
30,DImprovedSurface,1000,4,3546,3545,3543,13084589191216,0.125198,0.113700,,0.000000,
30,DImprovedSurface,1000,4,3547,3546,3544,13084589192353,0.120699,0.122700,,0.000000,
30,DImprovedSurface,1000,4,3548,3547,3545,13084589193580,0.118403,0.149000,,0.000000,
30,DImprovedSurface,1000,4,3549,3548,3546,13084589195070,0.124497,0.124900,,0.000000,
30,DImprovedSurface,1000,4,3550,3549,3547,13084589196319,0.142701,0.120600,,0.000000,
30,DImprovedSurface,1000,4,3551,3550,3548,13084589197525,0.124298,0.118900,,0.000000,
30,DImprovedSurface,1000,4,3552,3551,3549,13084589198714,0.125298,0.124400,,0.000000,
30,DImprovedSurface,1000,4,3553,3552,3550,13084589199958,0.125801,0.142700,,0.000000,
30,DImprovedSurface,1000,4,3554,3553,3551,13084589201385,0.123703,0.124200,,0.000000,
30,DImprovedSurface,1000,4,3555,3554,3552,13084589202627,0.130003,0.125500,,0.000000,
30,DImprovedSurface,1000,4,3556,3555,3553,13084589203882,0.157795,0.126300,,0.000000,
30,DImprovedSurface,1000,4,3557,3556,3554,13084589205145,0.139704,0.122900,,0.000000,
30,DImprovedSurface,1000,4,3558,3557,3555,13084589206374,0.128196,0.132400,,0.000000,
30,DImprovedSurface,1000,4,3559,3558,3556,13084589207698,0.148299,0.156700,,0.000000,
30,DImprovedSurface,1000,4,3560,3559,3557,13084589209265,0.165101,0.139600,,0.000000,
30,DImprovedSurface,1000,4,3561,3560,3558,13084589210661,0.904103,0.126800,,0.687500,
30,DImprovedSurface,1000,4,3562,3561,3559,13084589211929,0.185998,0.149100,,0.000000,
30,DImprovedSurface,1000,4,3563,3562,3560,13084589213420,0.170004,0.164000,,0.000000,
30,DImprovedSurface,1000,4,3564,3563,3561,13084589215060,0.137500,0.908000,,0.000000,
30,DImprovedSurface,1000,4,3565,3564,3562,13084589224140,0.136699,0.182400,,0.000000,
30,DImprovedSurface,1000,4,3566,3565,3563,13084589225964,0.130598,0.171700,,0.000000,
30,DImprovedSurface,1000,4,3567,3566,3564,13084589227681,0.133298,0.137300,,0.000000,
30,DImprovedSurface,1000,4,3568,3567,3565,13084589229054,0.179705,0.135600,,0.000000,
30,DImprovedSurface,1000,4,3569,3568,3566,13084589230410,0.149795,0.131000,,0.000000,
30,DImprovedSurface,1000,4,3570,3569,3567,13084589231720,0.140101,0.135100,,0.000000,
30,DImprovedSurface,1000,4,3571,3570,3568,13084589233071,0.122102,0.175200,,0.000000,
30,DImprovedSurface,1000,4,3572,3571,3569,13084589234823,0.115497,0.149700,,0.000000,
30,DImprovedSurface,1000,4,3573,3572,3570,13084589236320,0.113003,0.139600,,0.000000,
30,DImprovedSurface,1000,4,3574,3573,3571,13084589237716,0.112096,0.121900,,0.000000,
30,DImprovedSurface,1000,4,3575,3574,3572,13084589238935,0.132306,0.115200,,0.000000,
30,DImprovedSurface,1000,4,3576,3575,3573,13084589240087,0.153196,0.113400,,0.000000,
30,DImprovedSurface,1000,4,3577,3576,3574,13084589241221,31.774603,0.111800,,0.000000,
30,DImprovedSurface,1000,4,3578,3577,3575,13084589242339,2.848200,0.133100,,0.582900,
30,DImprovedSurface,1000,4,3579,3578,3576,13084589243670,0.302501,0.153200,,0.000000,
30,DImprovedSurface,1000,4,3580,3579,3577,13084589245202,0.172499,31.791800,,0.000000,
30,DImprovedSurface,1000,4,3581,3580,3578,13084589563120,0.135296,2.838900,,0.000000,
30,DImprovedSurface,1000,4,3582,3581,3579,13084589591509,0.207405,0.299400,,0.000000,
30,DImprovedSurface,1000,4,3583,3582,3580,13084589594503,0.213194,0.167800,,0.000000,
30,DImprovedSurface,1000,4,3584,3583,3581,13084589596181,0.192404,0.137800,,0.000000,
30,DImprovedSurface,1000,4,3585,3584,3582,13084589597559,0.215101,0.208600,,0.000000,
30,DImprovedSurface,1000,4,3586,3585,3583,13084589599645,0.171797,0.212900,,0.000000,
30,DImprovedSurface,1000,4,3587,3586,3584,13084589601774,0.175198,0.194000,,0.000000,
30,DImprovedSurface,1000,4,3588,3587,3585,13084589603714,0.178005,0.213500,,0.000000,
30,DImprovedSurface,1000,4,3589,3588,3586,13084589605849,0.183702,0.171700,,0.000000,
30,DImprovedSurface,1000,4,3590,3589,3587,13084589607566,0.157993,0.174900,,0.000000,
30,DImprovedSurface,1000,4,3591,3590,3588,13084589609315,0.904103,0.179800,,0.711600,
30,DImprovedSurface,1000,4,3592,3591,3589,13084589611113,0.150404,0.181600,,0.000000,
30,DImprovedSurface,1000,4,3593,3592,3590,13084589612929,0.133999,0.157500,,0.000000,
30,DImprovedSurface,1000,4,3594,3593,3591,13084589614504,0.274398,0.904500,,0.000000,
30,DImprovedSurface,1000,4,3595,3594,3592,13084589623549,0.324100,0.147200,,0.000000,
30,DImprovedSurface,1000,4,3596,3595,3593,13084589625021,0.115696,0.258900,,0.000000,
30,DImprovedSurface,1000,4,3597,3596,3594,13084589627610,0.156307,0.301100,,0.000000,
30,DImprovedSurface,1000,4,3598,3597,3595,13084589630621,0.148200,0.171400,,0.000000,
30,DImprovedSurface,1000,4,3599,3598,3596,13084589632335,0.192900,0.119100,,0.000000,
30,DImprovedSurface,1000,4,3600,3599,3597,13084589633526,0.162195,0.158700,,0.000000,
30,DImprovedSurface,1000,4,3601,3600,3598,13084589635113,0.165604,0.148400,,0.000000,
30,DImprovedSurface,1000,4,3602,3601,3599,13084589636597,0.134495,0.193200,,0.000000,
30,DImprovedSurface,1000,4,3603,3602,3600,13084589638529,0.153699,0.159300,,0.000000,
30,DImprovedSurface,1000,4,3604,3603,3601,13084589640122,0.170805,0.166500,,0.000000,
30,DImprovedSurface,1000,4,3605,3604,3602,13084589641787,0.170599,0.133800,,0.000000,
30,DImprovedSurface,1000,4,3606,3605,3603,13084589643125,0.211699,0.156900,,0.000000,
30,DImprovedSurface,1000,4,3607,3606,3604,13084589644694,0.174702,0.167300,,0.000000,
30,DImprovedSurface,1000,4,3608,3607,3605,13084589646367,0.448597,0.174600,,0.000000,
30,DImprovedSurface,1000,4,3609,3608,3606,13084589648113,0.190200,0.209700,,0.000000,
30,DImprovedSurface,1000,4,3610,3609,3607,13084589650210,0.147102,0.436300,,0.000000,
30,DImprovedSurface,1000,4,3611,3610,3608,13084589654573,0.119296,0.221400,,0.000000,
30,DImprovedSurface,1000,4,3612,3611,3609,13084589656787,0.135502,0.153800,,0.000000,
30,DImprovedSurface,1000,4,3613,3612,3610,13084589658325,0.111302,0.145100,,0.000000,
30,DImprovedSurface,1000,4,3614,3613,3611,13084589659776,0.128600,0.122600,,0.000000,
30,DImprovedSurface,1000,4,3615,3614,3612,13084589661002,0.162302,0.132000,,0.000000,
30,DImprovedSurface,1000,4,3616,3615,3613,13084589662322,0.145798,0.112200,,0.000000,
30,DImprovedSurface,1000,4,3617,3616,3614,13084589663444,0.135502,0.132200,,0.000000,
30,DImprovedSurface,1000,4,3618,3617,3615,13084589664766,0.128401,0.158000,,0.000000,
30,DImprovedSurface,1000,4,3619,3618,3616,13084589666346,0.133199,0.145700,,0.000000,
30,DImprovedSurface,1000,4,3620,3619,3617,13084589667803,0.186699,0.135700,,0.000000,
30,DImprovedSurface,1000,4,3621,3620,3618,13084589669160,0.171995,0.127600,,0.000000,
30,DImprovedSurface,1000,4,3622,3621,3619,13084589670436,0.145203,0.137800,,0.000000,
30,DImprovedSurface,1000,4,3623,3622,3620,13084589671814,0.170699,0.185000,,0.000000,
30,DImprovedSurface,1000,4,3624,3623,3621,13084589673664,1.051205,0.171600,,0.000000,
30,DImprovedSurface,1000,4,3625,3624,3622,13084589675380,1.946599,0.147200,,0.000000,
30,DImprovedSurface,1000,4,3626,3625,3623,13084589676852,0.169600,0.169000,,0.000000,
30,DImprovedSurface,1000,4,3627,3626,3624,13084589678542,0.170699,1.056800,,0.000000,
30,DImprovedSurface,1000,4,3628,3627,3625,13084589689110,0.122499,1.940100,,0.000000,
30,DImprovedSurface,1000,4,3629,3628,3626,13084589708511,0.199802,0.167600,,0.000000,
30,DImprovedSurface,1000,4,3630,3629,3627,13084589710187,0.161402,0.171000,,0.000000,
30,DImprovedSurface,1000,4,3631,3630,3628,13084589711897,0.124398,0.127000,,0.000000,
30,DImprovedSurface,1000,4,3632,3631,3629,13084589713167,0.108099,0.202900,,0.000000,
31,DImprovedSurface,1000,8,3664,3663,3661,13084590812595,0.163095,0.116800,,0.000000,
31,DImprovedSurface,1000,8,3665,3664,3662,13084590813763,0.158801,0.763300,,0.000000,
31,DImprovedSurface,1000,8,3666,3665,3663,13084590821396,0.160899,0.153500,,0.000000,
31,DImprovedSurface,1000,8,3667,3666,3664,13084590822931,0.150000,0.162000,,0.000000,
31,DImprovedSurface,1000,8,3668,3667,3665,13084590824551,0.219005,0.159700,,0.000000,
31,DImprovedSurface,1000,8,3669,3668,3666,13084590826148,0.177997,0.159800,,0.000000,
31,DImprovedSurface,1000,8,3670,3669,3667,13084590827746,0.190497,0.153400,,0.000000,
31,DImprovedSurface,1000,8,3671,3670,3668,13084590829280,0.177303,0.218700,,0.000000,
31,DImprovedSurface,1000,8,3672,3671,3669,13084590831467,0.162599,0.178000,,0.000000,
31,DImprovedSurface,1000,8,3673,3672,3670,13084590833247,0.141001,0.187700,,0.000000,
31,DImprovedSurface,1000,8,3674,3673,3671,13084590835124,0.125298,0.179500,,0.000000,
31,DImprovedSurface,1000,8,3675,3674,3672,13084590836919,0.278401,0.159900,,0.000000,
31,DImprovedSurface,1000,8,3676,3675,3673,13084590838518,0.199298,0.141800,,0.000000,
31,DImprovedSurface,1000,8,3677,3676,3674,13084590839936,0.180704,0.125900,,0.000000,
31,DImprovedSurface,1000,8,3678,3677,3675,13084590841195,0.177402,0.278900,,0.000000,
31,DImprovedSurface,1000,8,3679,3678,3676,13084590843984,0.198597,0.199100,,0.000000,
31,DImprovedSurface,1000,8,3680,3679,3677,13084590845975,0.158900,0.179600,,0.000000,
31,DImprovedSurface,1000,8,3681,3680,3678,13084590847771,0.206399,0.182400,,0.000000,
31,DImprovedSurface,1000,8,3682,3681,3679,13084590849595,0.182100,0.194200,,0.000000,
31,DImprovedSurface,1000,8,3683,3682,3680,13084590851537,0.204904,0.162900,,0.000000,
31,DImprovedSurface,1000,8,3684,3683,3681,13084590853166,0.238797,0.205600,,0.000000,
31,DImprovedSurface,1000,8,3685,3684,3682,13084590855222,0.191199,0.181000,,0.000000,
31,DImprovedSurface,1000,8,3686,3685,3683,13084590857032,0.197902,0.206600,,0.000000,
31,DImprovedSurface,1000,8,3687,3686,3684,13084590859098,0.213202,0.236600,,0.000000,
31,DImprovedSurface,1000,8,3688,3687,3685,13084590861464,0.160098,0.192700,,0.000000,
31,DImprovedSurface,1000,8,3689,3688,3686,13084590863391,0.149901,0.199400,,0.000000,
31,DImprovedSurface,1000,8,3690,3689,3687,13084590865385,0.145096,0.209000,,0.000000,
31,DImprovedSurface,1000,8,3691,3690,3688,13084590867475,0.118204,0.157100,,0.000000,
31,DImprovedSurface,1000,8,3692,3691,3689,13084590869046,0.114498,0.149800,,0.000000,
31,DImprovedSurface,1000,8,3693,3692,3690,13084590870544,0.137599,0.144700,,0.000000,
31,DImprovedSurface,1000,8,3694,3693,3691,13084590871991,0.131498,0.117700,,0.000000,
31,DImprovedSurface,1000,8,3695,3694,3692,13084590873168,0.129500,0.114700,,0.000000,
31,DImprovedSurface,1000,8,3696,3695,3693,13084590874315,0.130300,0.138200,,0.000000,
31,DImprovedSurface,1000,8,3697,3696,3694,13084590875697,0.132603,0.131500,,0.000000,
31,DImprovedSurface,1000,8,3698,3697,3695,13084590877012,47.410600,0.129200,,0.000000,
31,DImprovedSurface,1000,8,3699,3698,3696,13084590878304,3.443098,0.130500,,1.141200,
31,DImprovedSurface,1000,8,3700,3699,3697,13084590879609,0.284800,0.132200,,0.000000,
31,DImprovedSurface,1000,8,3701,3700,3698,13084590880931,0.354500,47.431700,,0.000000,
31,DImprovedSurface,1000,8,3702,3701,3699,13084591355248,0.176396,3.433600,,0.000000,
31,DImprovedSurface,1000,8,3703,3702,3700,13084591389584,0.184503,0.281700,,0.000000,
31,DImprovedSurface,1000,8,3704,3703,3701,13084591392401,0.150900,0.352300,,0.000000,
31,DImprovedSurface,1000,8,3705,3704,3702,13084591395924,0.150000,0.176600,,0.000000,
31,DImprovedSurface,1000,8,3706,3705,3703,13084591397690,0.176098,0.182700,,0.000000,
31,DImprovedSurface,1000,8,3707,3706,3704,13084591399517,0.150801,0.149000,,0.000000,
31,DImprovedSurface,1000,8,3708,3707,3705,13084591401007,0.143502,0.157700,,0.000000,
31,DImprovedSurface,1000,8,3709,3708,3706,13084591402584,0.167297,0.170000,,0.000000,
31,DImprovedSurface,1000,8,3710,3709,3707,13084591404284,0.151502,0.148800,,0.000000,
31,DImprovedSurface,1000,8,3711,3710,3708,13084591405772,0.132398,0.148400,,0.000000,
31,DImprovedSurface,1000,8,3712,3711,3709,13084591407256,0.130400,0.165600,,0.000000,
31,DImprovedSurface,1000,8,3713,3712,3710,13084591408912,0.125305,0.147500,,0.000000,
31,DImprovedSurface,1000,8,3714,3713,3711,13084591410387,0.995500,0.131900,,0.788300,
31,DImprovedSurface,1000,8,3715,3714,3712,13084591411706,0.151899,0.131500,,0.000000,
31,DImprovedSurface,1000,8,3716,3715,3713,13084591413021,0.133596,0.124500,,0.000000,
31,DImprovedSurface,1000,8,3717,3716,3714,13084591414266,0.186706,0.999900,,0.000000,
31,DImprovedSurface,1000,8,3718,3717,3715,13084591424265,0.188294,0.150100,,0.000000,
31,DImprovedSurface,1000,8,3719,3718,3716,13084591425766,0.121003,0.134600,,0.000000,
31,DImprovedSurface,1000,8,3720,3719,3717,13084591427112,0.133801,0.186300,,0.000000,
31,DImprovedSurface,1000,8,3721,3720,3718,13084591428975,0.119700,0.185200,,0.000000,
31,DImprovedSurface,1000,8,3722,3721,3719,13084591430827,0.127997,0.121300,,0.000000,
31,DImprovedSurface,1000,8,3723,3722,3720,13084591432040,0.116100,0.132100,,0.000000,
31,DImprovedSurface,1000,8,3724,3723,3721,13084591433361,0.125801,0.120500,,0.000000,
31,DImprovedSurface,1000,8,3725,3724,3722,13084591434566,2.072704,0.127000,,0.000000,
31,DImprovedSurface,1000,8,3726,3725,3723,13084591435836,5.951197,0.117200,,0.000000,
31,DImprovedSurface,1000,8,3727,3726,3724,13084591437008,0.398498,0.125000,,0.000000,
31,DImprovedSurface,1000,8,3728,3727,3725,13084591438258,0.217000,2.073300,,0.000000,
31,DImprovedSurface,1000,8,3729,3728,3726,13084591458991,0.190505,5.971600,,0.000000,
31,DImprovedSurface,1000,8,3730,3729,3727,13084591518707,0.184595,0.386600,,0.000000,
31,DImprovedSurface,1000,8,3731,3730,3728,13084591522573,0.184403,0.214500,,0.000000,
31,DImprovedSurface,1000,8,3732,3731,3729,13084591524718,0.202601,0.190400,,0.000000,
31,DImprovedSurface,1000,8,3733,3732,3730,13084591526622,0.158496,0.183900,,0.000000,
31,DImprovedSurface,1000,8,3734,3733,3731,13084591528461,0.162401,0.184100,,0.000000,
31,DImprovedSurface,1000,8,3735,3734,3732,13084591530302,0.114101,0.199900,,0.000000,
31,DImprovedSurface,1000,8,3736,3735,3733,13084591532301,0.110197,0.160800,,0.000000,
31,DImprovedSurface,1000,8,3737,3736,3734,13084591533909,0.128104,0.157900,,0.000000,
31,DImprovedSurface,1000,8,3738,3737,3735,13084591535488,0.170500,0.113200,,0.000000,
31,DImprovedSurface,1000,8,3739,3738,3736,13084591536620,0.191397,0.112200,,0.000000,
31,DImprovedSurface,1000,8,3740,3739,3737,13084591537742,0.176701,0.131100,,0.000000,
31,DImprovedSurface,1000,8,3741,3740,3738,13084591539053,0.146903,0.168600,,0.000000,
31,DImprovedSurface,1000,8,3742,3741,3739,13084591540739,0.129698,0.191100,,0.000000,
31,DImprovedSurface,1000,8,3743,3742,3740,13084591542650,0.127601,0.174800,,0.000000,
31,DImprovedSurface,1000,8,3744,3743,3741,13084591544398,0.115398,0.146200,,0.000000,
31,DImprovedSurface,1000,8,3745,3744,3742,13084591545860,0.134503,0.129700,,0.000000,
31,DImprovedSurface,1000,8,3746,3745,3743,13084591547157,0.114598,0.127700,,0.000000,
31,DImprovedSurface,1000,8,3747,3746,3744,13084591548434,0.154599,0.115300,,0.000000,
31,DImprovedSurface,1000,8,3748,3747,3745,13084591549587,0.203501,0.134100,,0.000000,
31,DImprovedSurface,1000,8,3749,3748,3746,13084591550928,0.174802,0.114500,,0.000000,
31,DImprovedSurface,1000,8,3750,3749,3747,13084591552073,0.158702,0.162600,,0.000000,
31,DImprovedSurface,1000,8,3751,3750,3748,13084591553699,0.199001,0.201500,,0.000000,
31,DImprovedSurface,1000,8,3752,3751,3749,13084591555714,0.201899,0.175000,,0.000000,
31,DImprovedSurface,1000,8,3753,3752,3750,13084591557464,0.188095,0.157800,,0.000000,
32,DImprovedSurface,1000,16,3785,3784,3782,13084593037880,0.122704,0.138700,,0.000000,
32,DImprovedSurface,1000,16,3786,3785,3783,13084593039267,0.106399,0.126700,,0.000000,
32,DImprovedSurface,1000,16,3787,3786,3784,13084593040534,0.118700,0.118400,,0.000000,
32,DImprovedSurface,1000,16,3788,3787,3785,13084593041718,0.130400,0.122800,,0.000000,
32,DImprovedSurface,1000,16,3789,3788,3786,13084593042946,0.159999,0.106200,,0.000000,
32,DImprovedSurface,1000,16,3790,3789,3787,13084593044008,0.133702,0.118900,,0.000000,
32,DImprovedSurface,1000,16,3791,3790,3788,13084593045197,0.119898,0.134800,,0.000000,
32,DImprovedSurface,1000,16,3792,3791,3789,13084593046545,0.141199,0.156600,,0.000000,
32,DImprovedSurface,1000,16,3793,3792,3790,13084593048111,0.122102,0.133100,,0.000000,
32,DImprovedSurface,1000,16,3794,3793,3791,13084593049442,0.105804,0.123200,,0.000000,
32,DImprovedSurface,1000,16,3795,3794,3792,13084593050674,0.109495,0.138300,,0.000000,
32,DImprovedSurface,1000,16,3796,3795,3793,13084593052057,0.110105,0.121100,,0.000000,
32,DImprovedSurface,1000,16,3797,3796,3794,13084593053268,0.146797,0.106100,,0.000000,
32,DImprovedSurface,1000,16,3798,3797,3795,13084593054329,0.113598,0.109100,,0.000000,
32,DImprovedSurface,1000,16,3799,3798,3796,13084593055420,0.103104,0.114800,,0.000000,
32,DImprovedSurface,1000,16,3800,3799,3797,13084593056568,0.101495,0.142100,,0.000000,
32,DImprovedSurface,1000,16,3801,3800,3798,13084593057989,0.100205,0.114400,,0.000000,
32,DImprovedSurface,1000,16,3802,3801,3799,13084593059133,0.123895,0.102600,,0.000000,
32,DImprovedSurface,1000,16,3803,3802,3800,13084593060159,0.117304,0.101300,,0.000000,
32,DImprovedSurface,1000,16,3804,3803,3801,13084593061172,0.115497,0.100400,,0.000000,
32,DImprovedSurface,1000,16,3805,3804,3802,13084593062176,0.115200,0.124100,,0.000000,
32,DImprovedSurface,1000,16,3806,3805,3803,13084593063417,0.115901,0.117100,,0.000000,
32,DImprovedSurface,1000,16,3807,3806,3804,13084593064588,0.121400,0.115300,,0.000000,
32,DImprovedSurface,1000,16,3808,3807,3805,13084593065741,0.112103,0.115600,,0.000000,
32,DImprovedSurface,1000,16,3809,3808,3806,13084593066897,0.103097,0.115600,,0.000000,
32,DImprovedSurface,1000,16,3810,3809,3807,13084593068053,0.118800,0.121600,,0.000000,
32,DImprovedSurface,1000,16,3811,3810,3808,13084593069269,0.117297,0.111700,,0.000000,
32,DImprovedSurface,1000,16,3812,3811,3809,13084593070386,0.115703,0.103400,,0.000000,
32,DImprovedSurface,1000,16,3813,3812,3810,13084593071420,0.117099,0.118700,,0.000000,
32,DImprovedSurface,1000,16,3814,3813,3811,13084593072607,0.117099,0.117700,,0.000000,
32,DImprovedSurface,1000,16,3815,3814,3812,13084593073784,0.119204,0.115700,,0.000000,
32,DImprovedSurface,1000,16,3816,3815,3813,13084593074941,0.117602,0.116900,,0.000000,
32,DImprovedSurface,1000,16,3817,3816,3814,13084593076110,0.112798,0.116700,,0.000000,
32,DImprovedSurface,1000,16,3818,3817,3815,13084593077277,0.122399,0.119500,,0.000000,
32,DImprovedSurface,1000,16,3819,3818,3816,13084593078472,57.086095,0.117600,,0.000000,
32,DImprovedSurface,1000,16,3820,3819,3817,13084593079648,4.670302,0.112600,,1.778900,
32,DImprovedSurface,1000,16,3821,3820,3818,13084593080774,0.372902,0.122400,,0.000000,
32,DImprovedSurface,1000,16,3822,3821,3819,13084593081998,0.234198,57.103000,,0.000000,
32,DImprovedSurface,1000,16,3823,3822,3820,13084593653028,0.175702,4.666700,,0.000000,
32,DImprovedSurface,1000,16,3824,3823,3821,13084593699695,0.191801,0.369500,,0.000000,
32,DImprovedSurface,1000,16,3825,3824,3822,13084593703390,0.171797,0.229600,,0.000000,
32,DImprovedSurface,1000,16,3826,3825,3823,13084593705686,0.149802,0.178000,,0.000000,
32,DImprovedSurface,1000,16,3827,3826,3824,13084593707466,0.104897,0.188100,,0.000000,
32,DImprovedSurface,1000,16,3828,3827,3825,13084593709347,0.133900,0.173300,,0.000000,
32,DImprovedSurface,1000,16,3829,3828,3826,13084593711080,0.142099,0.147400,,0.000000,
32,DImprovedSurface,1000,16,3830,3829,3827,13084593712554,0.198902,0.104600,,0.000000,
32,DImprovedSurface,1000,16,3831,3830,3828,13084593713600,0.139201,0.133500,,0.000000,
32,DImprovedSurface,1000,16,3832,3831,3829,13084593714935,0.121499,0.148800,,0.000000,
32,DImprovedSurface,1000,16,3833,3832,3830,13084593716423,0.131498,0.193200,,0.000000,
32,DImprovedSurface,1000,16,3834,3833,3831,13084593718355,5.399901,0.139000,,0.000000,
32,DImprovedSurface,1000,16,3835,3834,3832,13084593719745,4.412004,0.120200,,0.000000,
32,DImprovedSurface,1000,16,3836,3835,3833,13084593720947,1.310899,0.132600,,0.868900,
32,DImprovedSurface,1000,16,3837,3836,3834,13084593722273,0.240497,5.405900,,0.000000,
32,DImprovedSurface,1000,16,3838,3837,3835,13084593776332,0.239201,4.416400,,0.000000,
32,DImprovedSurface,1000,16,3839,3838,3836,13084593820496,0.215200,1.308000,,0.000000,
32,DImprovedSurface,1000,16,3840,3839,3837,13084593833576,0.298299,0.238000,,0.000000,
32,DImprovedSurface,1000,16,3841,3840,3838,13084593835956,0.251701,0.240200,,0.000000,
32,DImprovedSurface,1000,16,3842,3841,3839,13084593838358,0.167602,0.214800,,0.000000,
32,DImprovedSurface,1000,16,3843,3842,3840,13084593840506,0.150198,0.298300,,0.000000,
32,DImprovedSurface,1000,16,3844,3843,3841,13084593843489,0.167999,0.247800,,0.000000,
32,DImprovedSurface,1000,16,3845,3844,3842,13084593845967,0.175602,0.170300,,0.000000,
32,DImprovedSurface,1000,16,3846,3845,3843,13084593847670,0.162798,0.150900,,0.000000,
32,DImprovedSurface,1000,16,3847,3846,3844,13084593849179,0.173802,0.165200,,0.000000,
32,DImprovedSurface,1000,16,3848,3847,3845,13084593850831,0.182398,0.174700,,0.000000,
32,DImprovedSurface,1000,16,3849,3848,3846,13084593852578,0.180003,0.162200,,0.000000,
32,DImprovedSurface,1000,16,3850,3849,3847,13084593854200,0.222697,0.174800,,0.000000,
32,DImprovedSurface,1000,16,3851,3850,3848,13084593855948,0.228706,0.181200,,0.000000,
32,DImprovedSurface,1000,16,3852,3851,3849,13084593857760,0.206498,0.184900,,0.000000,
32,DImprovedSurface,1000,16,3853,3852,3850,13084593859609,0.187195,0.222600,,0.000000,
32,DImprovedSurface,1000,16,3854,3853,3851,13084593861835,0.210502,0.228000,,0.000000,
32,DImprovedSurface,1000,16,3855,3854,3852,13084593864115,0.229004,0.203300,,0.000000,
32,DImprovedSurface,1000,16,3856,3855,3853,13084593866148,0.168601,0.190500,,0.000000,
32,DImprovedSurface,1000,16,3857,3856,3854,13084593868053,0.138797,0.210900,,0.000000,
32,DImprovedSurface,1000,16,3858,3857,3855,13084593870162,0.195699,0.226300,,0.000000,
32,DImprovedSurface,1000,16,3859,3858,3856,13084593872425,0.183199,0.164500,,0.000000,
32,DImprovedSurface,1000,16,3860,3859,3857,13084593874070,0.175099,0.145800,,0.000000,
32,DImprovedSurface,1000,16,3861,3860,3858,13084593875528,0.229004,0.194800,,0.000000,
32,DImprovedSurface,1000,16,3862,3861,3859,13084593877476,0.203501,0.182900,,0.000000,
32,DImprovedSurface,1000,16,3863,3862,3860,13084593879305,0.220996,0.175100,,0.000000,
32,DImprovedSurface,1000,16,3864,3863,3861,13084593881056,0.216404,0.228500,,0.000000,
32,DImprovedSurface,1000,16,3865,3864,3862,13084593883341,0.192397,0.205600,,0.000000,
32,DImprovedSurface,1000,16,3866,3865,3863,13084593885397,0.164300,0.220200,,0.000000,
32,DImprovedSurface,1000,16,3867,3866,3864,13084593887599,0.192999,0.217000,,0.000000,
32,DImprovedSurface,1000,16,3868,3867,3865,13084593889769,0.227005,0.189400,,0.000000,
32,DImprovedSurface,1000,16,3869,3868,3866,13084593891663,0.264300,0.167300,,0.000000,
32,DImprovedSurface,1000,16,3870,3869,3867,13084593893336,0.208000,0.189800,,0.000000,
32,DImprovedSurface,1000,16,3871,3870,3868,13084593895234,0.195096,0.229700,,0.000000,
32,DImprovedSurface,1000,16,3872,3871,3869,13084593897531,0.198802,0.262900,,0.000000,
32,DImprovedSurface,1000,16,3873,3872,3870,13084593900160,0.173399,0.205600,,0.000000,
32,DImprovedSurface,1000,16,3874,3873,3871,13084593902216,0.217297,0.196700,,0.000000,
33,ECalibratedLiquid,100,1,3906,3905,3903,13084595058637,0.217701,0.219400,,0.000000,
33,ECalibratedLiquid,100,1,3907,3906,3904,13084595060831,0.197399,0.217300,,0.000000,
33,ECalibratedLiquid,100,1,3908,3907,3905,13084595063004,0.206101,0.209100,,0.000000,
33,ECalibratedLiquid,100,1,3909,3908,3906,13084595065095,0.213499,0.216700,,0.000000,
33,ECalibratedLiquid,100,1,3910,3909,3907,13084595067262,0.212706,0.197300,,0.000000,
33,ECalibratedLiquid,100,1,3911,3910,3908,13084595069235,0.214796,0.208200,,0.000000,
33,ECalibratedLiquid,100,1,3912,3911,3909,13084595071317,0.213301,0.213400,,0.000000,
33,ECalibratedLiquid,100,1,3913,3912,3910,13084595073451,0.233099,0.212200,,0.000000,
33,ECalibratedLiquid,100,1,3914,3913,3911,13084595075573,0.241001,0.215600,,0.000000,
33,ECalibratedLiquid,100,1,3915,3914,3912,13084595077729,0.206498,0.214400,,0.000000,
33,ECalibratedLiquid,100,1,3916,3915,3913,13084595079873,0.204500,0.233500,,0.000000,
33,ECalibratedLiquid,100,1,3917,3916,3914,13084595082208,0.210006,0.238500,,0.000000,
33,ECalibratedLiquid,100,1,3918,3917,3915,13084595084593,0.257093,0.205000,,0.000000,
33,ECalibratedLiquid,100,1,3919,3918,3916,13084595086643,0.232504,0.205800,,0.000000,
33,ECalibratedLiquid,100,1,3920,3919,3917,13084595088701,0.227098,0.212400,,0.000000,
33,ECalibratedLiquid,100,1,3921,3920,3918,13084595090825,0.217602,0.256600,,0.000000,
33,ECalibratedLiquid,100,1,3922,3921,3919,13084595093391,0.252601,0.232000,,0.000000,
33,ECalibratedLiquid,100,1,3923,3922,3920,13084595095711,0.245302,0.226300,,0.000000,
33,ECalibratedLiquid,100,1,3924,3923,3921,13084595097974,0.261898,0.219500,,0.000000,
33,ECalibratedLiquid,100,1,3925,3924,3922,13084595100169,0.247499,0.252700,,0.000000,
33,ECalibratedLiquid,100,1,3926,3925,3923,13084595102696,0.242297,0.245700,,0.000000,
33,ECalibratedLiquid,100,1,3927,3926,3924,13084595105153,0.262805,0.262500,,0.000000,
33,ECalibratedLiquid,100,1,3928,3927,3925,13084595107778,0.273902,0.246400,,0.000000,
33,ECalibratedLiquid,100,1,3929,3928,3926,13084595110242,0.254897,0.243000,,0.000000,
33,ECalibratedLiquid,100,1,3930,3929,3927,13084595112672,0.274504,0.262300,,0.000000,
33,ECalibratedLiquid,100,1,3931,3930,3928,13084595115295,0.240094,0.274600,,0.000000,
33,ECalibratedLiquid,100,1,3932,3931,3929,13084595118041,0.289704,0.254400,,0.000000,
33,ECalibratedLiquid,100,1,3933,3932,3930,13084595120585,0.241397,0.276000,,0.000000,
33,ECalibratedLiquid,100,1,3934,3933,3931,13084595123345,0.250801,0.237600,,0.000000,
33,ECalibratedLiquid,100,1,3935,3934,3932,13084595125721,0.250801,0.291100,,0.000000,
33,ECalibratedLiquid,100,1,3936,3935,3933,13084595128632,0.268197,0.240200,,0.000000,
33,ECalibratedLiquid,100,1,3937,3936,3934,13084595131034,0.280903,0.251900,,0.000000,
33,ECalibratedLiquid,100,1,3938,3937,3935,13084595133553,0.278501,0.252200,,0.000000,
33,ECalibratedLiquid,100,1,3939,3938,3936,13084595136075,0.263400,0.268300,,0.000000,
33,ECalibratedLiquid,100,1,3940,3939,3937,13084595138758,8.994898,0.278200,,0.000000,
33,ECalibratedLiquid,100,1,3941,3940,3938,13084595141540,24.220005,0.278800,,1.185800,
33,ECalibratedLiquid,100,1,3942,3941,3939,13084595144328,1.929797,0.263700,,1.219500,
33,ECalibratedLiquid,100,1,3943,3942,3940,13084595146965,0.579698,9.014900,,0.000000,
33,ECalibratedLiquid,100,1,3944,3943,3941,13084595237114,0.373406,24.225200,,0.000000,
33,ECalibratedLiquid,100,1,3945,3944,3942,13084595479366,0.338095,1.918500,,0.000000,
33,ECalibratedLiquid,100,1,3946,3945,3943,13084595498551,0.330804,0.571100,,0.000000,
33,ECalibratedLiquid,100,1,3947,3946,3944,13084595504262,0.276297,0.370800,,0.000000,
33,ECalibratedLiquid,100,1,3948,3947,3945,13084595507970,0.291100,0.339100,,0.000000,
33,ECalibratedLiquid,100,1,3949,3948,3946,13084595511361,0.302303,0.327000,,0.000000,
33,ECalibratedLiquid,100,1,3950,3949,3947,13084595514631,0.279897,0.278100,,0.000000,
33,ECalibratedLiquid,100,1,3951,3950,3948,13084595517412,0.267000,0.290900,,0.000000,
33,ECalibratedLiquid,100,1,3952,3951,3949,13084595520321,0.338804,0.299800,,0.000000,
33,ECalibratedLiquid,100,1,3953,3952,3950,13084595523319,18.062698,0.281200,,0.000000,
33,ECalibratedLiquid,100,1,3954,3953,3951,13084595526131,2.302601,0.270500,,1.607100,
33,ECalibratedLiquid,100,1,3955,3954,3952,13084595528836,0.418197,0.338400,,0.000000,
33,ECalibratedLiquid,100,1,3956,3955,3953,13084595532220,0.378401,18.084400,,0.000000,
33,ECalibratedLiquid,100,1,3957,3956,3954,13084595713064,0.330400,2.290800,,0.000000,
33,ECalibratedLiquid,100,1,3958,3957,3955,13084595735972,0.302799,0.414300,,0.000000,
33,ECalibratedLiquid,100,1,3959,3958,3956,13084595740115,0.278203,0.373800,,0.000000,
33,ECalibratedLiquid,100,1,3960,3959,3957,13084595743853,0.283801,0.327000,,0.000000,
33,ECalibratedLiquid,100,1,3961,3960,3958,13084595747123,0.333099,0.302500,,0.000000,
33,ECalibratedLiquid,100,1,3962,3961,3959,13084595750148,0.325298,0.277000,,0.000000,
33,ECalibratedLiquid,100,1,3963,3962,3960,13084595752918,0.299100,0.289700,,0.000000,
33,ECalibratedLiquid,100,1,3964,3963,3961,13084595755815,0.376198,0.330500,,0.000000,
33,ECalibratedLiquid,100,1,3965,3964,3962,13084595759120,0.600305,0.326400,,0.000000,
33,ECalibratedLiquid,100,1,3966,3965,3963,13084595762384,0.318899,0.408300,,0.000000,
33,ECalibratedLiquid,100,1,3967,3966,3964,13084595766467,0.341901,0.532200,,0.000000,
33,ECalibratedLiquid,100,1,3968,3967,3965,13084595771789,0.337798,0.334400,,0.000000,
33,ECalibratedLiquid,100,1,3969,3968,3966,13084595775133,0.315505,0.319400,,0.000000,
33,ECalibratedLiquid,100,1,3970,3969,3967,13084595778327,0.329096,0.342400,,0.000000,
33,ECalibratedLiquid,100,1,3971,3970,3968,13084595781751,0.332398,0.336500,,0.000000,
33,ECalibratedLiquid,100,1,3972,3971,3969,13084595785116,0.344005,0.316400,,0.000000,
33,ECalibratedLiquid,100,1,3973,3972,3970,13084595788280,0.295897,0.327800,,0.000000,
33,ECalibratedLiquid,100,1,3974,3973,3971,13084595791558,0.563400,0.335100,,0.000000,
33,ECalibratedLiquid,100,1,3975,3974,3972,13084595794909,0.532200,0.340400,,0.000000,
33,ECalibratedLiquid,100,1,3976,3975,3973,13084595798313,0.326304,0.513400,,0.000000,
33,ECalibratedLiquid,100,1,3977,3976,3974,13084595803447,1.887096,0.347900,,1.398300,
33,ECalibratedLiquid,100,1,3978,3977,3975,13084595806926,0.330400,0.533700,,0.000000,
33,ECalibratedLiquid,100,1,3979,3978,3976,13084595812263,0.415505,0.326900,,0.000000,
33,ECalibratedLiquid,100,1,3980,3979,3977,13084595815532,0.358298,1.888900,,0.000000,
33,ECalibratedLiquid,100,1,3981,3980,3978,13084595834421,0.327700,0.359600,,0.000000,
33,ECalibratedLiquid,100,1,3982,3981,3979,13084595838017,0.383702,0.382500,,0.000000,
33,ECalibratedLiquid,100,1,3983,3982,3980,13084595841842,0.343800,0.360500,,0.000000,
33,ECalibratedLiquid,100,1,3984,3983,3981,13084595845447,0.330995,0.327800,,0.000000,
33,ECalibratedLiquid,100,1,3985,3984,3982,13084595848725,0.347903,0.382300,,0.000000,
33,ECalibratedLiquid,100,1,3986,3985,3983,13084595852548,0.314201,0.342700,,0.000000,
33,ECalibratedLiquid,100,1,3987,3986,3984,13084595855975,0.337500,0.330800,,0.000000,
33,ECalibratedLiquid,100,1,3988,3987,3985,13084595859283,0.360899,0.350000,,0.000000,
33,ECalibratedLiquid,100,1,3989,3988,3986,13084595862783,0.334899,0.313400,,0.000000,
33,ECalibratedLiquid,100,1,3990,3989,3987,13084595865917,0.300404,0.333900,,0.000000,
33,ECalibratedLiquid,100,1,3991,3990,3988,13084595869256,0.360700,0.366200,,0.000000,
33,ECalibratedLiquid,100,1,3992,3991,3989,13084595872918,0.334999,0.330600,,0.000000,
33,ECalibratedLiquid,100,1,3993,3992,3990,13084595876224,0.339101,0.304500,,0.000000,
33,ECalibratedLiquid,100,1,3994,3993,3991,13084595879269,0.337996,0.359600,,0.000000,
33,ECalibratedLiquid,100,1,3995,3994,3992,13084595882865,0.333000,0.334900,,0.000000,
34,ECalibratedLiquid,100,4,4027,4026,4024,13084597147638,0.305400,0.313100,,0.000000,
34,ECalibratedLiquid,100,4,4028,4027,4025,13084597150769,0.311302,0.255400,,0.000000,
34,ECalibratedLiquid,100,4,4029,4028,4026,13084597153323,0.273299,0.258800,,0.000000,
34,ECalibratedLiquid,100,4,4030,4029,4027,13084597155911,0.300298,0.304600,,0.000000,
34,ECalibratedLiquid,100,4,4031,4030,4028,13084597158957,0.284403,0.310000,,0.000000,
34,ECalibratedLiquid,100,4,4032,4031,4029,13084597162057,0.261302,0.277000,,0.000000,
34,ECalibratedLiquid,100,4,4033,4032,4030,13084597164827,0.292099,0.298400,,0.000000,
34,ECalibratedLiquid,100,4,4034,4033,4031,13084597167811,0.314300,0.281800,,0.000000,
34,ECalibratedLiquid,100,4,4035,4034,4032,13084597170629,0.276899,0.263200,,0.000000,
34,ECalibratedLiquid,100,4,4036,4035,4033,13084597173261,0.265497,0.293600,,0.000000,
34,ECalibratedLiquid,100,4,4037,4036,4034,13084597176197,0.268403,0.313500,,0.000000,
34,ECalibratedLiquid,100,4,4038,4037,4035,13084597179332,0.257001,0.274700,,0.000000,
34,ECalibratedLiquid,100,4,4039,4038,4036,13084597182079,0.250298,0.266100,,0.000000,
34,ECalibratedLiquid,100,4,4040,4039,4037,13084597184740,0.322300,0.270000,,0.000000,
34,ECalibratedLiquid,100,4,4041,4040,4038,13084597187440,0.248399,0.254000,,0.000000,
34,ECalibratedLiquid,100,4,4042,4041,4039,13084597189980,0.393601,0.252000,,0.000000,
34,ECalibratedLiquid,100,4,4043,4042,4040,13084597192500,0.364902,0.319700,,0.000000,
34,ECalibratedLiquid,100,4,4044,4043,4041,13084597195697,0.384602,0.252500,,0.000000,
34,ECalibratedLiquid,100,4,4045,4044,4042,13084597198222,0.327494,0.441300,,0.000000,
34,ECalibratedLiquid,100,4,4046,4045,4043,13084597202635,0.313705,0.360600,,0.000000,
34,ECalibratedLiquid,100,4,4047,4046,4044,13084597206241,1.738896,0.341000,,1.375300,
34,ECalibratedLiquid,100,4,4048,4047,4045,13084597209651,0.308404,0.327600,,0.000000,
34,ECalibratedLiquid,100,4,4049,4048,4046,13084597212927,0.289796,0.311500,,0.000000,
34,ECalibratedLiquid,100,4,4050,4049,4047,13084597216042,0.289605,1.740500,,0.000000,
34,ECalibratedLiquid,100,4,4051,4050,4048,13084597233447,0.321195,0.307100,,0.000000,
34,ECalibratedLiquid,100,4,4052,4051,4049,13084597236518,0.322803,0.292300,,0.000000,
34,ECalibratedLiquid,100,4,4053,4052,4050,13084597239441,0.295401,0.287400,,0.000000,
34,ECalibratedLiquid,100,4,4054,4053,4051,13084597242315,0.278600,0.324000,,0.000000,
34,ECalibratedLiquid,100,4,4055,4054,4052,13084597245555,0.281796,0.319900,,0.000000,
34,ECalibratedLiquid,100,4,4056,4055,4053,13084597248754,0.299702,0.294500,,0.000000,
34,ECalibratedLiquid,100,4,4057,4056,4054,13084597251699,0.300801,0.278400,,0.000000,
34,ECalibratedLiquid,100,4,4058,4057,4055,13084597254483,0.328699,0.281100,,0.000000,
34,ECalibratedLiquid,100,4,4059,4058,4056,13084597257294,0.276502,0.302600,,0.000000,
34,ECalibratedLiquid,100,4,4060,4059,4057,13084597260320,0.284396,0.302900,,0.000000,
34,ECalibratedLiquid,100,4,4061,4060,4058,13084597263349,6.604804,0.326200,,0.000000,
34,ECalibratedLiquid,100,4,4062,4061,4059,13084597266611,24.417495,0.275700,,0.000000,
34,ECalibratedLiquid,100,4,4063,4062,4060,13084597269368,3.056399,0.283300,,2.376500,
34,ECalibratedLiquid,100,4,4064,4063,4061,13084597272201,0.335906,6.622300,,0.000000,
34,ECalibratedLiquid,100,4,4065,4064,4062,13084597338424,1.438797,24.420200,,1.101000,
34,ECalibratedLiquid,100,4,4066,4065,4063,13084597582626,0.295004,3.046200,,0.000000,
34,ECalibratedLiquid,100,4,4067,4066,4064,13084597613088,0.285594,0.329500,,0.000000,
34,ECalibratedLiquid,100,4,4068,4067,4065,13084597616383,0.265703,1.437600,,0.000000,
34,ECalibratedLiquid,100,4,4069,4068,4066,13084597630759,0.253302,0.296500,,0.000000,
34,ECalibratedLiquid,100,4,4070,4069,4067,13084597633724,0.266901,0.284500,,0.000000,
34,ECalibratedLiquid,100,4,4071,4070,4068,13084597636569,0.252700,0.263300,,0.000000,
34,ECalibratedLiquid,100,4,4072,4071,4069,13084597639202,0.311600,0.253300,,0.000000,
34,ECalibratedLiquid,100,4,4073,4072,4070,13084597641735,0.261699,0.268300,,0.000000,
34,ECalibratedLiquid,100,4,4074,4073,4071,13084597644418,0.283496,0.257400,,0.000000,
34,ECalibratedLiquid,100,4,4075,4074,4072,13084597646992,0.292099,0.305900,,0.000000,
34,ECalibratedLiquid,100,4,4076,4075,4073,13084597650051,0.284106,0.262600,,0.000000,
34,ECalibratedLiquid,100,4,4077,4076,4074,13084597652677,0.389498,0.284000,,0.000000,
34,ECalibratedLiquid,100,4,4078,4077,4075,13084597655517,0.328401,0.292300,,0.000000,
34,ECalibratedLiquid,100,4,4079,4078,4076,13084597658440,0.336600,0.285700,,0.000000,
34,ECalibratedLiquid,100,4,4080,4079,4077,13084597661297,0.325496,0.388100,,0.000000,
34,ECalibratedLiquid,100,4,4081,4080,4078,13084597665178,0.311600,0.329700,,0.000000,
34,ECalibratedLiquid,100,4,4082,4081,4079,13084597668475,0.288499,0.336400,,0.000000,
34,ECalibratedLiquid,100,4,4083,4082,4080,13084597671839,0.360700,0.325900,,0.000000,
34,ECalibratedLiquid,100,4,4084,4083,4081,13084597675098,0.381803,0.311300,,0.000000,
34,ECalibratedLiquid,100,4,4085,4084,4082,13084597678211,0.251198,0.289200,,0.000000,
34,ECalibratedLiquid,100,4,4086,4085,4083,13084597681103,0.287401,0.361600,,0.000000,
34,ECalibratedLiquid,100,4,4087,4086,4084,13084597684719,0.277402,0.379500,,0.000000,
34,ECalibratedLiquid,100,4,4088,4087,4085,13084597688514,0.310098,0.250600,,0.000000,
34,ECalibratedLiquid,100,4,4089,4088,4086,13084597691020,0.287698,0.285100,,0.000000,
34,ECalibratedLiquid,100,4,4090,4089,4087,13084597693871,0.349901,0.281900,,0.000000,
34,ECalibratedLiquid,100,4,4091,4090,4088,13084597696690,0.332603,0.309700,,0.000000,
34,ECalibratedLiquid,100,4,4092,4091,4089,13084597699787,0.307398,0.288100,,0.000000,
34,ECalibratedLiquid,100,4,4093,4092,4090,13084597702668,0.305804,0.349400,,0.000000,
34,ECalibratedLiquid,100,4,4094,4093,4091,13084597706162,0.329393,0.331300,,0.000000,
34,ECalibratedLiquid,100,4,4095,4094,4092,13084597709475,0.320401,0.307900,,0.000000,
34,ECalibratedLiquid,100,4,4096,4095,4093,13084597712554,0.303302,0.305100,,0.000000,
34,ECalibratedLiquid,100,4,4097,4096,4094,13084597715605,0.325397,0.329500,,0.000000,
34,ECalibratedLiquid,100,4,4098,4097,4095,13084597718900,0.331300,0.320500,,0.000000,
34,ECalibratedLiquid,100,4,4099,4098,4096,13084597722105,0.332001,0.303400,,0.000000,
34,ECalibratedLiquid,100,4,4100,4099,4097,13084597725139,0.312103,0.325400,,0.000000,
34,ECalibratedLiquid,100,4,4101,4100,4098,13084597728393,0.294799,0.334100,,0.000000,
34,ECalibratedLiquid,100,4,4102,4101,4099,13084597731734,0.299702,0.330400,,0.000000,
34,ECalibratedLiquid,100,4,4103,4102,4100,13084597735038,0.331399,0.311200,,0.000000,
34,ECalibratedLiquid,100,4,4104,4103,4101,13084597738150,0.346797,0.295000,,0.000000,
34,ECalibratedLiquid,100,4,4105,4104,4102,13084597741100,0.295904,0.299500,,0.000000,
34,ECalibratedLiquid,100,4,4106,4105,4103,13084597744095,0.324596,0.333200,,0.000000,
34,ECalibratedLiquid,100,4,4107,4106,4104,13084597747427,0.334899,0.344700,,0.000000,
34,ECalibratedLiquid,100,4,4108,4107,4105,13084597750874,0.337500,0.296800,,0.000000,
34,ECalibratedLiquid,100,4,4109,4108,4106,13084597753842,0.311501,0.323300,,0.000000,
34,ECalibratedLiquid,100,4,4110,4109,4107,13084597757075,6.537103,0.338000,,0.000000,
34,ECalibratedLiquid,100,4,4111,4110,4108,13084597760455,2.073597,0.336500,,1.439200,
34,ECalibratedLiquid,100,4,4112,4111,4109,13084597763820,0.407405,0.310400,,0.000000,
34,ECalibratedLiquid,100,4,4113,4112,4110,13084597766924,0.354698,6.550500,,0.000000,
34,ECalibratedLiquid,100,4,4114,4113,4111,13084597832429,0.351098,2.065000,,0.000000,
34,ECalibratedLiquid,100,4,4115,4114,4112,13084597853079,0.370897,0.403900,,0.000000,
34,ECalibratedLiquid,100,4,4116,4115,4113,13084597857118,0.609205,0.354400,,0.000000,
35,ECalibratedLiquid,100,8,4148,4147,4145,13084598941613,0.157001,0.157000,,0.000000,
35,ECalibratedLiquid,100,8,4149,4148,4146,13084598943183,0.174298,0.164200,,0.000000,
35,ECalibratedLiquid,100,8,4150,4149,4147,13084598944825,0.160395,0.149300,,0.000000,
35,ECalibratedLiquid,100,8,4151,4150,4148,13084598946318,0.156002,0.158600,,0.000000,
35,ECalibratedLiquid,100,8,4152,4151,4149,13084598947904,0.147803,0.173400,,0.000000,
35,ECalibratedLiquid,100,8,4153,4152,4150,13084598949638,0.152601,0.160500,,0.000000,
35,ECalibratedLiquid,100,8,4154,4153,4151,13084598951243,0.149596,0.155700,,0.000000,
35,ECalibratedLiquid,100,8,4155,4154,4152,13084598952800,0.154103,0.148100,,0.000000,
35,ECalibratedLiquid,100,8,4156,4155,4153,13084598954281,0.146896,0.152100,,0.000000,
35,ECalibratedLiquid,100,8,4157,4156,4154,13084598955802,0.164399,0.150300,,0.000000,
35,ECalibratedLiquid,100,8,4158,4157,4155,13084598957305,0.194806,0.153400,,0.000000,
35,ECalibratedLiquid,100,8,4159,4158,4156,13084598958839,0.217297,0.146600,,0.000000,
35,ECalibratedLiquid,100,8,4160,4159,4157,13084598960305,0.232802,0.165600,,0.000000,
35,ECalibratedLiquid,100,8,4161,4160,4158,13084598961961,0.183496,0.199700,,0.000000,
35,ECalibratedLiquid,100,8,4162,4161,4159,13084598963958,0.207299,0.216400,,0.000000,
35,ECalibratedLiquid,100,8,4163,4162,4160,13084598966122,0.180903,0.229300,,0.000000,
35,ECalibratedLiquid,100,8,4164,4163,4161,13084598968415,0.168998,0.186000,,0.000000,
35,ECalibratedLiquid,100,8,4165,4164,4162,13084598970275,0.161600,0.204700,,0.000000,
35,ECalibratedLiquid,100,8,4166,4165,4163,13084598972322,0.186600,0.180000,,0.000000,
35,ECalibratedLiquid,100,8,4167,4166,4164,13084598974122,0.156803,0.168700,,0.000000,
35,ECalibratedLiquid,100,8,4168,4167,4165,13084598975809,0.208000,0.166300,,0.000000,
35,ECalibratedLiquid,100,8,4169,4168,4166,13084598977472,0.184396,0.182100,,0.000000,
35,ECalibratedLiquid,100,8,4170,4169,4167,13084598979293,0.226601,0.157700,,0.000000,
35,ECalibratedLiquid,100,8,4171,4170,4168,13084598980870,0.241901,0.209300,,0.000000,
35,ECalibratedLiquid,100,8,4172,4171,4169,13084598982963,0.244402,0.187300,,0.000000,
35,ECalibratedLiquid,100,8,4173,4172,4170,13084598984836,0.226198,0.225100,,0.000000,
35,ECalibratedLiquid,100,8,4174,4173,4171,13084598987087,0.217900,0.244000,,0.000000,
35,ECalibratedLiquid,100,8,4175,4174,4172,13084598989527,0.215901,0.243000,,0.000000,
35,ECalibratedLiquid,100,8,4176,4175,4173,13084598991957,0.197499,0.227200,,0.000000,
35,ECalibratedLiquid,100,8,4177,4176,4174,13084598994229,0.229904,0.215300,,0.000000,
35,ECalibratedLiquid,100,8,4178,4177,4175,13084598996382,0.208298,0.216500,,0.000000,
35,ECalibratedLiquid,100,8,4179,4178,4176,13084598998547,0.222499,0.197800,,0.000000,
35,ECalibratedLiquid,100,8,4180,4179,4177,13084599000525,0.212904,0.230700,,0.000000,
35,ECalibratedLiquid,100,8,4181,4180,4178,13084599002832,0.209800,0.207100,,0.000000,
35,ECalibratedLiquid,100,8,4182,4181,4179,13084599004903,8.498895,0.221300,,0.000000,
35,ECalibratedLiquid,100,8,4183,4182,4180,13084599007116,17.427798,0.215600,,1.252000,
35,ECalibratedLiquid,100,8,4184,4183,4181,13084599009272,1.688400,0.208200,,0.893100,
35,ECalibratedLiquid,100,8,4185,4184,4182,13084599011354,0.254705,8.510500,,0.000000,
35,ECalibratedLiquid,100,8,4186,4185,4183,13084599096459,0.265200,17.431100,,0.000000,
35,ECalibratedLiquid,100,8,4187,4186,4184,13084599270770,0.698399,1.674600,,0.000000,
35,ECalibratedLiquid,100,8,4188,4187,4185,13084599287516,0.333900,0.256300,,0.000000,
35,ECalibratedLiquid,100,8,4189,4188,4186,13084599290079,0.241901,0.421900,,0.000000,
35,ECalibratedLiquid,100,8,4190,4189,4187,13084599294298,0.243502,0.541000,,0.000000,
35,ECalibratedLiquid,100,8,4191,4190,4188,13084599299708,0.215299,0.334700,,0.000000,
35,ECalibratedLiquid,100,8,4192,4191,4189,13084599303055,0.224199,0.239200,,0.000000,
35,ECalibratedLiquid,100,8,4193,4192,4190,13084599305447,0.226297,0.243500,,0.000000,
35,ECalibratedLiquid,100,8,4194,4193,4191,13084599307882,0.239803,0.216100,,0.000000,
35,ECalibratedLiquid,100,8,4195,4194,4192,13084599310043,0.239902,0.223300,,0.000000,
35,ECalibratedLiquid,100,8,4196,4195,4193,13084599312276,0.229797,0.228800,,0.000000,
35,ECalibratedLiquid,100,8,4197,4196,4194,13084599314564,0.245302,0.240100,,0.000000,
35,ECalibratedLiquid,100,8,4198,4197,4195,13084599316965,0.200694,0.237400,,0.000000,
35,ECalibratedLiquid,100,8,4199,4198,4196,13084599319339,0.225900,0.230500,,0.000000,
35,ECalibratedLiquid,100,8,4200,4199,4197,13084599321644,0.215802,0.244900,,0.000000,
35,ECalibratedLiquid,100,8,4201,4200,4198,13084599324093,0.179904,0.203600,,0.000000,
35,ECalibratedLiquid,100,8,4202,4201,4199,13084599326129,0.195798,0.224000,,0.000000,
35,ECalibratedLiquid,100,8,4203,4202,4200,13084599328369,0.174802,0.212800,,0.000000,
35,ECalibratedLiquid,100,8,4204,4203,4201,13084599330497,0.175099,0.182100,,0.000000,
35,ECalibratedLiquid,100,8,4205,4204,4202,13084599332318,0.180201,0.193200,,0.000000,
35,ECalibratedLiquid,100,8,4206,4205,4203,13084599334250,0.196896,0.174800,,0.000000,
35,ECalibratedLiquid,100,8,4207,4206,4204,13084599335998,0.204698,0.175100,,0.000000,
35,ECalibratedLiquid,100,8,4208,4207,4205,13084599337749,0.237606,0.180500,,0.000000,
35,ECalibratedLiquid,100,8,4209,4208,4206,13084599339554,0.183999,0.196600,,0.000000,
35,ECalibratedLiquid,100,8,4210,4209,4207,13084599341520,0.198200,0.210500,,0.000000,
35,ECalibratedLiquid,100,8,4211,4210,4208,13084599343625,0.182200,0.231600,,0.000000,
35,ECalibratedLiquid,100,8,4212,4211,4209,13084599345941,0.185296,0.184700,,0.000000,
35,ECalibratedLiquid,100,8,4213,4212,4210,13084599347788,0.178699,0.197300,,0.000000,
35,ECalibratedLiquid,100,8,4214,4213,4211,13084599349761,0.177700,0.185400,,0.000000,
35,ECalibratedLiquid,100,8,4215,4214,4212,13084599351615,0.227204,0.181700,,0.000000,
35,ECalibratedLiquid,100,8,4216,4215,4213,13084599353432,0.177501,0.178800,,0.000000,
35,ECalibratedLiquid,100,8,4217,4216,4214,13084599355220,0.206696,0.180100,,0.000000,
35,ECalibratedLiquid,100,8,4218,4217,4215,13084599357021,0.178302,0.224800,,0.000000,
35,ECalibratedLiquid,100,8,4219,4218,4216,13084599359269,0.176396,0.177800,,0.000000,
35,ECalibratedLiquid,100,8,4220,4219,4217,13084599361047,0.192000,0.206500,,0.000000,
35,ECalibratedLiquid,100,8,4221,4220,4218,13084599363112,0.185402,0.178100,,0.000000,
35,ECalibratedLiquid,100,8,4222,4221,4219,13084599364893,0.249901,0.176400,,0.000000,
35,ECalibratedLiquid,100,8,4223,4222,4220,13084599366657,0.215703,0.192300,,0.000000,
35,ECalibratedLiquid,100,8,4224,4223,4221,13084599368580,0.189094,0.188800,,0.000000,
35,ECalibratedLiquid,100,8,4225,4224,4222,13084599370468,0.192404,0.246800,,0.000000,
35,ECalibratedLiquid,100,8,4226,4225,4223,13084599372936,0.217602,0.215600,,0.000000,
35,ECalibratedLiquid,100,8,4227,4226,4224,13084599375092,0.300099,0.189000,,0.000000,
35,ECalibratedLiquid,100,8,4228,4227,4225,13084599376982,0.248696,0.192500,,0.000000,
35,ECalibratedLiquid,100,8,4229,4228,4226,13084599378907,0.232001,0.223900,,0.000000,
35,ECalibratedLiquid,100,8,4230,4229,4227,13084599381146,0.227799,0.298300,,0.000000,
35,ECalibratedLiquid,100,8,4231,4230,4228,13084599384129,0.199405,0.246600,,0.000000,
35,ECalibratedLiquid,100,8,4232,4231,4229,13084599386595,0.274199,0.234300,,0.000000,
35,ECalibratedLiquid,100,8,4233,4232,4230,13084599388938,0.219799,0.224100,,0.000000,
35,ECalibratedLiquid,100,8,4234,4233,4231,13084599391179,0.209701,0.201800,,0.000000,
35,ECalibratedLiquid,100,8,4235,4234,4232,13084599393197,0.183801,0.274100,,0.000000,
35,ECalibratedLiquid,100,8,4236,4235,4233,13084599395938,0.222598,0.219900,,0.000000,
35,ECalibratedLiquid,100,8,4237,4236,4234,13084599398137,0.249199,0.206900,,0.000000,
36,ECalibratedLiquid,100,16,4269,4268,4266,13084600357656,0.297102,0.294900,,0.000000,
36,ECalibratedLiquid,100,16,4270,4269,4267,13084600360605,0.280400,0.282200,,0.000000,
36,ECalibratedLiquid,100,16,4271,4270,4268,13084600363427,0.314697,0.287400,,0.000000,
36,ECalibratedLiquid,100,16,4272,4271,4269,13084600366301,0.380300,0.292800,,0.000000,
36,ECalibratedLiquid,100,16,4273,4272,4270,13084600369229,0.345904,0.281800,,0.000000,
36,ECalibratedLiquid,100,16,4274,4273,4271,13084600372047,0.317397,0.316400,,0.000000,
36,ECalibratedLiquid,100,16,4275,4274,4272,13084600375211,0.363804,0.381300,,0.000000,
36,ECalibratedLiquid,100,16,4276,4275,4273,13084600379024,0.362096,0.342300,,0.000000,
36,ECalibratedLiquid,100,16,4277,4276,4274,13084600382447,0.333305,0.319800,,0.000000,
36,ECalibratedLiquid,100,16,4278,4277,4275,13084600385645,0.569600,0.364800,,0.000000,
36,ECalibratedLiquid,100,16,4279,4278,4276,13084600389293,0.345500,0.360600,,0.000000,
36,ECalibratedLiquid,100,16,4280,4279,4277,13084600392899,0.380796,0.562700,,0.000000,
36,ECalibratedLiquid,100,16,4281,4280,4278,13084600398526,0.342503,0.341000,,0.000000,
36,ECalibratedLiquid,100,16,4282,4281,4279,13084600401936,0.327494,0.345300,,0.000000,
36,ECalibratedLiquid,100,16,4283,4282,4280,13084600405389,2.070302,0.380300,,1.583000,
36,ECalibratedLiquid,100,16,4284,4283,4281,13084600409192,0.316100,0.341700,,0.000000,
36,ECalibratedLiquid,100,16,4285,4284,4282,13084600412609,0.328302,0.339700,,0.000000,
36,ECalibratedLiquid,100,16,4286,4285,4283,13084600416006,0.348002,2.058500,,0.000000,
36,ECalibratedLiquid,100,16,4287,4286,4284,13084600436591,0.335197,0.317000,,0.000000,
36,ECalibratedLiquid,100,16,4288,4287,4285,13084600439761,0.331803,0.326800,,0.000000,
36,ECalibratedLiquid,100,16,4289,4288,4286,13084600443029,0.338095,0.348300,,0.000000,
36,ECalibratedLiquid,100,16,4290,4289,4287,13084600446512,0.278501,0.337200,,0.000000,
36,ECalibratedLiquid,100,16,4291,4290,4288,13084600449884,0.330903,0.331100,,0.000000,
36,ECalibratedLiquid,100,16,4292,4291,4289,13084600453195,0.315101,0.336800,,0.000000,
36,ECalibratedLiquid,100,16,4293,4292,4290,13084600456563,0.350999,0.280200,,0.000000,
36,ECalibratedLiquid,100,16,4294,4293,4291,13084600459365,0.311699,0.328500,,0.000000,
36,ECalibratedLiquid,100,16,4295,4294,4292,13084600462650,0.318197,0.315500,,0.000000,
36,ECalibratedLiquid,100,16,4296,4295,4293,13084600465805,0.320302,0.351500,,0.000000,
36,ECalibratedLiquid,100,16,4297,4296,4294,13084600469320,0.307802,0.311200,,0.000000,
36,ECalibratedLiquid,100,16,4298,4297,4295,13084600472432,0.560502,0.318400,,0.000000,
36,ECalibratedLiquid,100,16,4299,4298,4296,13084600475616,0.455796,0.319100,,0.000000,
36,ECalibratedLiquid,100,16,4300,4299,4297,13084600478807,0.386302,0.310800,,0.000000,
36,ECalibratedLiquid,100,16,4301,4300,4298,13084600481915,0.359396,0.623900,,0.000000,
36,ECalibratedLiquid,100,16,4302,4301,4299,13084600488154,6.350999,0.399200,,0.000000,
36,ECalibratedLiquid,100,16,4303,4302,4300,13084600492146,20.863401,0.377500,,0.000000,
36,ECalibratedLiquid,100,16,4304,4303,4301,13084600495921,16.658405,0.360800,,1.447900,
36,ECalibratedLiquid,100,16,4305,4304,4302,13084600499529,2.351396,6.351300,,1.485900,
36,ECalibratedLiquid,100,16,4306,4305,4303,13084600563042,0.352501,20.881000,,0.000000,
36,ECalibratedLiquid,100,16,4307,4306,4304,13084600771852,0.384701,16.658800,,0.000000,
36,ECalibratedLiquid,100,16,4308,4307,4305,13084600938440,0.275404,2.337800,,0.000000,
36,ECalibratedLiquid,100,16,4309,4308,4306,13084600961818,0.291397,0.425000,,0.000000,
36,ECalibratedLiquid,100,16,4310,4309,4307,13084600966068,0.282703,0.304600,,0.000000,
36,ECalibratedLiquid,100,16,4311,4310,4308,13084600969114,0.252296,0.275500,,0.000000,
36,ECalibratedLiquid,100,16,4312,4311,4309,13084600971869,0.277501,0.292100,,0.000000,
36,ECalibratedLiquid,100,16,4313,4312,4310,13084600974790,0.261600,0.282700,,0.000000,
36,ECalibratedLiquid,100,16,4314,4313,4311,13084600977617,0.294600,0.251100,,0.000000,
36,ECalibratedLiquid,100,16,4315,4314,4312,13084600980128,0.298802,0.279200,,0.000000,
36,ECalibratedLiquid,100,16,4316,4315,4313,13084600982920,0.274093,0.261200,,0.000000,
36,ECalibratedLiquid,100,16,4317,4316,4314,13084600985532,0.337202,0.297000,,0.000000,
36,ECalibratedLiquid,100,16,4318,4317,4315,13084600988502,0.278203,0.295600,,0.000000,
36,ECalibratedLiquid,100,16,4319,4318,4316,13084600991458,0.290497,0.275300,,0.000000,
36,ECalibratedLiquid,100,16,4320,4319,4317,13084600994211,0.257299,0.337200,,0.000000,
36,ECalibratedLiquid,100,16,4321,4320,4318,13084600997583,0.340802,0.277900,,0.000000,
36,ECalibratedLiquid,100,16,4322,4321,4319,13084601000362,0.510998,0.288000,,0.000000,
36,ECalibratedLiquid,100,16,4323,4322,4320,13084601003242,1.354202,0.322200,,1.050400,
36,ECalibratedLiquid,100,16,4324,4323,4321,13084601006464,0.267503,0.484900,,0.000000,
36,ECalibratedLiquid,100,16,4325,4324,4322,13084601011313,0.257795,0.304000,,0.000000,
36,ECalibratedLiquid,100,16,4326,4325,4323,13084601014353,0.269303,1.353800,,0.000000,
36,ECalibratedLiquid,100,16,4327,4326,4324,13084601027891,0.278302,0.265600,,0.000000,
36,ECalibratedLiquid,100,16,4328,4327,4325,13084601030547,0.264094,0.260500,,0.000000,
36,ECalibratedLiquid,100,16,4329,4328,4326,13084601033152,0.253401,0.268000,,0.000000,
36,ECalibratedLiquid,100,16,4330,4329,4327,13084601035832,0.255605,0.278000,,0.000000,
36,ECalibratedLiquid,100,16,4331,4330,4328,13084601038612,0.262599,0.262600,,0.000000,
36,ECalibratedLiquid,100,16,4332,4331,4329,13084601041238,0.267000,0.253100,,0.000000,
36,ECalibratedLiquid,100,16,4333,4332,4330,13084601043769,0.274695,0.255300,,0.000000,
36,ECalibratedLiquid,100,16,4334,4333,4331,13084601046322,0.279202,0.264300,,0.000000,
36,ECalibratedLiquid,100,16,4335,4334,4332,13084601048965,0.283999,0.267100,,0.000000,
36,ECalibratedLiquid,100,16,4336,4335,4333,13084601051636,0.261600,0.274700,,0.000000,
36,ECalibratedLiquid,100,16,4337,4336,4334,13084601054383,0.277098,0.281800,,0.000000,
36,ECalibratedLiquid,100,16,4338,4337,4335,13084601057201,0.252700,0.280600,,0.000000,
36,ECalibratedLiquid,100,16,4339,4338,4336,13084601060007,0.252806,0.262500,,0.000000,
36,ECalibratedLiquid,100,16,4340,4339,4337,13084601062632,0.273200,0.275500,,0.000000,
36,ECalibratedLiquid,100,16,4341,4340,4338,13084601065387,0.264697,0.252500,,0.000000,
36,ECalibratedLiquid,100,16,4342,4341,4339,13084601067912,0.261402,0.253500,,0.000000,
36,ECalibratedLiquid,100,16,4343,4342,4340,13084601070447,0.283099,0.271700,,0.000000,
36,ECalibratedLiquid,100,16,4344,4343,4341,13084601073164,0.268601,0.267900,,0.000000,
36,ECalibratedLiquid,100,16,4345,4344,4342,13084601075843,0.272399,0.261200,,0.000000,
36,ECalibratedLiquid,100,16,4346,4345,4343,13084601078455,5.496202,0.284600,,0.000000,
36,ECalibratedLiquid,100,16,4347,4346,4344,13084601081301,0.468594,0.265600,,0.000000,
36,ECalibratedLiquid,100,16,4348,4347,4345,13084601083957,0.339704,0.272400,,0.000000,
36,ECalibratedLiquid,100,16,4349,4348,4346,13084601086681,0.308801,5.507700,,0.000000,
36,ECalibratedLiquid,100,16,4350,4349,4347,13084601141758,0.286898,0.462700,,0.000000,
36,ECalibratedLiquid,100,16,4351,4350,4348,13084601146385,0.327402,0.336100,,0.000000,
36,ECalibratedLiquid,100,16,4352,4351,4349,13084601149746,0.275198,0.309300,,0.000000,
36,ECalibratedLiquid,100,16,4353,4352,4350,13084601152839,0.244501,0.290700,,0.000000,
36,ECalibratedLiquid,100,16,4354,4353,4351,13084601155746,0.257001,0.323500,,0.000000,
36,ECalibratedLiquid,100,16,4355,4354,4352,13084601158981,0.311295,0.272300,,0.000000,
36,ECalibratedLiquid,100,16,4356,4355,4353,13084601161704,0.322803,0.243600,,0.000000,
36,ECalibratedLiquid,100,16,4357,4356,4354,13084601164140,0.340597,0.260200,,0.000000,
36,ECalibratedLiquid,100,16,4358,4357,4355,13084601166742,0.313804,0.312700,,0.000000,
37,ECalibratedLiquid,300,1,4390,4389,4387,13084602711927,0.314399,0.301400,,0.000000,
37,ECalibratedLiquid,300,1,4391,4390,4388,13084602714941,0.316702,0.314400,,0.000000,
37,ECalibratedLiquid,300,1,4392,4391,4389,13084602718085,0.320500,0.286900,,0.000000,
37,ECalibratedLiquid,300,1,4393,4392,4390,13084602720954,0.297796,0.312900,,0.000000,
37,ECalibratedLiquid,300,1,4394,4393,4391,13084602724083,0.299802,0.316400,,0.000000,
37,ECalibratedLiquid,300,1,4395,4394,4392,13084602727247,0.345897,0.320100,,0.000000,
37,ECalibratedLiquid,300,1,4396,4395,4393,13084602730448,0.319303,0.297200,,0.000000,
37,ECalibratedLiquid,300,1,4397,4396,4394,13084602733420,0.307497,0.301500,,0.000000,
37,ECalibratedLiquid,300,1,4398,4397,4395,13084602736435,0.313804,0.346500,,0.000000,
37,ECalibratedLiquid,300,1,4399,4398,4396,13084602739900,0.338698,0.316800,,0.000000,
37,ECalibratedLiquid,300,1,4400,4399,4397,13084602743068,0.312302,0.308900,,0.000000,
37,ECalibratedLiquid,300,1,4401,4400,4398,13084602746157,0.314002,0.313800,,0.000000,
37,ECalibratedLiquid,300,1,4402,4401,4399,13084602749295,0.274100,0.339700,,0.000000,
37,ECalibratedLiquid,300,1,4403,4402,4400,13084602752692,0.344296,0.311000,,0.000000,
37,ECalibratedLiquid,300,1,4404,4403,4401,13084602755802,0.312904,0.309900,,0.000000,
37,ECalibratedLiquid,300,1,4405,4404,4402,13084602758901,0.278699,0.280000,,0.000000,
37,ECalibratedLiquid,300,1,4406,4405,4403,13084602761701,0.311295,0.344900,,0.000000,
37,ECalibratedLiquid,300,1,4407,4406,4404,13084602765150,0.273200,0.310600,,0.000000,
37,ECalibratedLiquid,300,1,4408,4407,4405,13084602768256,0.310806,0.279800,,0.000000,
37,ECalibratedLiquid,300,1,4409,4408,4406,13084602771054,0.293800,0.309000,,0.000000,
37,ECalibratedLiquid,300,1,4410,4409,4407,13084602774144,0.272194,0.273100,,0.000000,
37,ECalibratedLiquid,300,1,4411,4410,4408,13084602776875,0.298703,0.313300,,0.000000,
37,ECalibratedLiquid,300,1,4412,4411,4409,13084602780008,0.334999,0.291900,,0.000000,
37,ECalibratedLiquid,300,1,4413,4412,4410,13084602782927,0.315398,0.272900,,0.000000,
37,ECalibratedLiquid,300,1,4414,4413,4411,13084602785656,0.321705,0.298900,,0.000000,
37,ECalibratedLiquid,300,1,4415,4414,4412,13084602788645,0.345196,0.335700,,0.000000,
37,ECalibratedLiquid,300,1,4416,4415,4413,13084602792002,0.507306,0.315700,,0.000000,
37,ECalibratedLiquid,300,1,4417,4416,4414,13084602795159,0.442900,0.323100,,0.000000,
37,ECalibratedLiquid,300,1,4418,4417,4415,13084602798390,0.333496,0.444500,,0.000000,
37,ECalibratedLiquid,300,1,4419,4418,4416,13084602802835,1.887798,0.469100,,1.426800,
37,ECalibratedLiquid,300,1,4420,4419,4417,13084602807526,0.366801,0.380100,,0.000000,
37,ECalibratedLiquid,300,1,4421,4420,4418,13084602811327,0.349603,0.333000,,0.000000,
37,ECalibratedLiquid,300,1,4422,4421,4419,13084602814657,0.298399,1.892200,,0.000000,
37,ECalibratedLiquid,300,1,4423,4422,4420,13084602833579,0.295798,0.365500,,0.000000,
37,ECalibratedLiquid,300,1,4424,4423,4421,13084602837234,5.467999,0.347200,,0.000000,
37,ECalibratedLiquid,300,1,4425,4424,4422,13084602840706,27.534602,0.294900,,0.000000,
37,ECalibratedLiquid,300,1,4426,4425,4423,13084602843655,23.783000,0.296400,,1.032800,
37,ECalibratedLiquid,300,1,4427,4426,4424,13084602846619,17.406100,5.477700,,2.861800,
37,ECalibratedLiquid,300,1,4428,4427,4425,13084602901396,0.539201,27.558000,,0.000000,
37,ECalibratedLiquid,300,1,4429,4428,4426,13084603176976,0.366397,23.915600,,0.000000,
37,ECalibratedLiquid,300,1,4430,4429,4427,13084603416132,0.460204,17.254100,,0.000000,
37,ECalibratedLiquid,300,1,4431,4430,4428,13084603588673,0.372201,0.528400,,0.000000,
37,ECalibratedLiquid,300,1,4432,4431,4429,13084603593957,0.366199,0.372500,,0.000000,
37,ECalibratedLiquid,300,1,4433,4432,4430,13084603597682,0.411600,0.452500,,0.000000,
37,ECalibratedLiquid,300,1,4434,4433,4431,13084603602207,1.627997,0.375400,,1.206500,
37,ECalibratedLiquid,300,1,4435,4434,4432,13084603605961,0.349802,0.367400,,0.000000,
37,ECalibratedLiquid,300,1,4436,4435,4433,13084603609635,0.338598,0.410000,,0.000000,
37,ECalibratedLiquid,300,1,4437,4436,4434,13084603613735,0.312004,1.635600,,0.000000,
37,ECalibratedLiquid,300,1,4438,4437,4435,13084603630091,0.345798,0.340500,,0.000000,
37,ECalibratedLiquid,300,1,4439,4438,4436,13084603633496,0.285799,0.339600,,0.000000,
37,ECalibratedLiquid,300,1,4440,4439,4437,13084603636892,0.336097,0.311500,,0.000000,
37,ECalibratedLiquid,300,1,4441,4440,4438,13084603640007,0.329103,0.341800,,0.000000,
37,ECalibratedLiquid,300,1,4442,4441,4439,13084603643425,0.321599,0.285100,,0.000000,
37,ECalibratedLiquid,300,1,4443,4442,4440,13084603646276,0.339101,0.338600,,0.000000,
37,ECalibratedLiquid,300,1,4444,4443,4441,13084603649662,0.304698,0.328100,,0.000000,
37,ECalibratedLiquid,300,1,4445,4444,4442,13084603652943,0.346003,0.327500,,0.000000,
37,ECalibratedLiquid,300,1,4446,4445,4443,13084603656218,0.303196,0.334500,,0.000000,
37,ECalibratedLiquid,300,1,4447,4446,4444,13084603659563,0.294600,0.306500,,0.000000,
37,ECalibratedLiquid,300,1,4448,4447,4445,13084603662628,0.306300,0.346100,,0.000000,
37,ECalibratedLiquid,300,1,4449,4448,4446,13084603666089,0.270103,0.303300,,0.000000,
37,ECalibratedLiquid,300,1,4450,4449,4447,13084603669122,0.275000,0.293100,,0.000000,
37,ECalibratedLiquid,300,1,4451,4450,4448,13084603672053,0.255598,0.303000,,0.000000,
37,ECalibratedLiquid,300,1,4452,4451,4449,13084603675083,0.257001,0.271700,,0.000000,
37,ECalibratedLiquid,300,1,4453,4452,4450,13084603677800,0.309899,0.273000,,0.000000,
37,ECalibratedLiquid,300,1,4454,4453,4451,13084603680530,0.318098,0.256700,,0.000000,
37,ECalibratedLiquid,300,1,4455,4454,4452,13084603683097,0.322300,0.256600,,0.000000,
37,ECalibratedLiquid,300,1,4456,4455,4453,13084603685663,0.317701,0.314500,,0.000000,
37,ECalibratedLiquid,300,1,4457,4456,4454,13084603688808,0.255400,0.316300,,0.000000,
37,ECalibratedLiquid,300,1,4458,4457,4455,13084603691971,0.272598,0.320400,,0.000000,
37,ECalibratedLiquid,300,1,4459,4458,4456,13084603695175,0.250106,0.316800,,0.000000,
37,ECalibratedLiquid,300,1,4460,4459,4457,13084603698343,0.251594,0.255900,,0.000000,
37,ECalibratedLiquid,300,1,4461,4460,4458,13084603700902,0.248002,0.271200,,0.000000,
37,ECalibratedLiquid,300,1,4462,4461,4459,13084603703614,0.300298,0.251400,,0.000000,
37,ECalibratedLiquid,300,1,4463,4462,4460,13084603706128,0.342900,0.250500,,0.000000,
37,ECalibratedLiquid,300,1,4464,4463,4461,13084603708633,0.310006,0.251800,,0.000000,
37,ECalibratedLiquid,300,1,4465,4464,4462,13084603711151,0.346301,0.300300,,0.000000,
37,ECalibratedLiquid,300,1,4466,4465,4463,13084603714154,0.662500,0.340000,,0.000000,
37,ECalibratedLiquid,300,1,4467,4466,4464,13084603717554,0.431796,0.314600,,0.000000,
37,ECalibratedLiquid,300,1,4468,4467,4465,13084603720700,0.397903,0.354600,,0.000000,
37,ECalibratedLiquid,300,1,4469,4468,4466,13084603724246,0.401198,0.657800,,0.000000,
37,ECalibratedLiquid,300,1,4470,4469,4467,13084603730824,0.374298,0.432700,,0.000000,
37,ECalibratedLiquid,300,1,4471,4470,4468,13084603735151,0.524702,0.396100,,0.000000,
37,ECalibratedLiquid,300,1,4472,4471,4469,13084603739112,0.375900,0.398900,,0.000000,
37,ECalibratedLiquid,300,1,4473,4472,4470,13084603743101,0.399603,0.374100,,0.000000,
37,ECalibratedLiquid,300,1,4474,4473,4471,13084603746842,0.410395,0.524600,,0.000000,
37,ECalibratedLiquid,300,1,4475,4474,4472,13084603752088,0.308900,0.378100,,0.000000,
37,ECalibratedLiquid,300,1,4476,4475,4473,13084603755869,0.364101,0.399200,,0.000000,
37,ECalibratedLiquid,300,1,4477,4476,4474,13084603759861,0.355598,0.409300,,0.000000,
37,ECalibratedLiquid,300,1,4478,4477,4475,13084603763954,0.329103,0.309900,,0.000000,
37,ECalibratedLiquid,300,1,4479,4478,4476,13084603767053,0.317496,0.364500,,0.000000,
38,ECalibratedLiquid,300,4,4511,4510,4508,13084605090850,0.212706,0.264500,,0.000000,
38,ECalibratedLiquid,300,4,4512,4511,4509,13084605093495,0.217297,0.234200,,0.000000,
38,ECalibratedLiquid,300,4,4513,4512,4510,13084605095837,0.207001,0.232800,,0.000000,
38,ECalibratedLiquid,300,4,4514,4513,4511,13084605098165,0.197201,0.211900,,0.000000,
38,ECalibratedLiquid,300,4,4515,4514,4512,13084605100284,0.235098,0.216800,,0.000000,
38,ECalibratedLiquid,300,4,4516,4515,4513,13084605102452,0.247598,0.208300,,0.000000,
38,ECalibratedLiquid,300,4,4517,4516,4514,13084605104535,0.282603,0.198000,,0.000000,
38,ECalibratedLiquid,300,4,4518,4517,4515,13084605106515,0.238400,0.234400,,0.000000,
38,ECalibratedLiquid,300,4,4519,4518,4516,13084605108859,0.217099,0.253600,,0.000000,
38,ECalibratedLiquid,300,4,4520,4519,4517,13084605111395,0.407299,0.276000,,0.000000,
38,ECalibratedLiquid,300,4,4521,4520,4518,13084605114155,0.215200,0.237000,,0.000000,
38,ECalibratedLiquid,300,4,4522,4521,4519,13084605116525,0.241901,0.363200,,0.000000,
38,ECalibratedLiquid,300,4,4523,4522,4520,13084605120157,0.301502,0.259500,,0.000000,
38,ECalibratedLiquid,300,4,4524,4523,4521,13084605122752,0.523299,0.218600,,0.000000,
38,ECalibratedLiquid,300,4,4525,4524,4522,13084605124938,0.366901,0.245800,,0.000000,
38,ECalibratedLiquid,300,4,4526,4525,4523,13084605127396,0.399100,0.301200,,0.000000,
38,ECalibratedLiquid,300,4,4527,4526,4524,13084605130408,0.294402,0.522500,,0.000000,
38,ECalibratedLiquid,300,4,4528,4527,4525,13084605135633,0.276098,0.473900,,0.000000,
38,ECalibratedLiquid,300,4,4529,4528,4526,13084605140372,0.274298,0.293000,,0.000000,
38,ECalibratedLiquid,300,4,4530,4529,4527,13084605143302,0.308801,0.291500,,0.000000,
38,ECalibratedLiquid,300,4,4531,4530,4528,13084605146217,0.305300,0.275200,,0.000000,
38,ECalibratedLiquid,300,4,4532,4531,4529,13084605148969,0.351998,0.278400,,0.000000,
38,ECalibratedLiquid,300,4,4533,4532,4530,13084605151753,0.292404,0.306000,,0.000000,
38,ECalibratedLiquid,300,4,4534,4533,4531,13084605154813,0.298597,0.310300,,0.000000,
38,ECalibratedLiquid,300,4,4535,4534,4532,13084605157916,0.375900,0.350900,,0.000000,
38,ECalibratedLiquid,300,4,4536,4535,4533,13084605161425,0.307001,0.291500,,0.000000,
38,ECalibratedLiquid,300,4,4537,4536,4534,13084605164340,0.315497,0.296700,,0.000000,
38,ECalibratedLiquid,300,4,4538,4537,4535,13084605167307,0.363301,0.378700,,0.000000,
38,ECalibratedLiquid,300,4,4539,4538,4536,13084605171094,0.464704,0.305900,,0.000000,
38,ECalibratedLiquid,300,4,4540,4539,4537,13084605174153,0.361097,0.364100,,0.000000,
38,ECalibratedLiquid,300,4,4541,4540,4538,13084605177794,0.264300,0.410300,,0.000000,
38,ECalibratedLiquid,300,4,4542,4541,4539,13084605181897,0.340398,0.412600,,0.000000,
38,ECalibratedLiquid,300,4,4543,4542,4540,13084605186023,0.293502,0.316400,,0.000000,
38,ECalibratedLiquid,300,4,4544,4543,4541,13084605189187,0.314399,0.262600,,0.000000,
38,ECalibratedLiquid,300,4,4545,4544,4542,13084605191813,10.006498,0.344100,,0.000000,
38,ECalibratedLiquid,300,4,4546,4545,4543,13084605195254,21.710403,0.294300,,1.235600,
38,ECalibratedLiquid,300,4,4547,4546,4544,13084605198197,18.987797,0.310700,,1.306200,
38,ECalibratedLiquid,300,4,4548,4547,4545,13084605201304,1.699199,10.022400,,0.949800,
38,ECalibratedLiquid,300,4,4549,4548,4546,13084605301528,0.270302,21.714200,,0.000000,
38,ECalibratedLiquid,300,4,4550,4549,4547,13084605518670,0.339902,19.182000,,0.000000,
38,ECalibratedLiquid,300,4,4551,4550,4548,13084605710490,0.305796,1.486700,,0.000000,
38,ECalibratedLiquid,300,4,4552,4551,4549,13084605725357,0.289399,0.271500,,0.000000,
38,ECalibratedLiquid,300,4,4553,4552,4550,13084605728072,0.257100,0.340700,,0.000000,
38,ECalibratedLiquid,300,4,4554,4553,4551,13084605731479,0.258999,0.305600,,0.000000,
38,ECalibratedLiquid,300,4,4555,4554,4552,13084605734535,0.258305,0.287200,,0.000000,
38,ECalibratedLiquid,300,4,4556,4555,4553,13084605737407,0.274398,0.256500,,0.000000,
38,ECalibratedLiquid,300,4,4557,4556,4554,13084605739972,0.334899,0.258500,,0.000000,
38,ECalibratedLiquid,300,4,4558,4557,4555,13084605742557,0.299802,0.258700,,0.000000,
38,ECalibratedLiquid,300,4,4559,4558,4556,13084605745144,0.454103,0.276400,,0.000000,
38,ECalibratedLiquid,300,4,4560,4559,4557,13084605747908,0.265993,0.334200,,0.000000,
38,ECalibratedLiquid,300,4,4561,4560,4558,13084605751250,0.245500,0.478600,,0.000000,
38,ECalibratedLiquid,300,4,4562,4561,4559,13084605756036,0.399206,0.274700,,0.000000,
38,ECalibratedLiquid,300,4,4563,4562,4560,13084605758783,0.325298,0.265900,,0.000000,
38,ECalibratedLiquid,300,4,4564,4563,4561,13084605761442,0.300702,0.244200,,0.000000,
38,ECalibratedLiquid,300,4,4565,4564,4562,13084605763884,0.303097,0.402400,,0.000000,
38,ECalibratedLiquid,300,4,4566,4565,4563,13084605767908,0.299702,0.326400,,0.000000,
38,ECalibratedLiquid,300,4,4567,4566,4564,13084605771172,0.284396,0.298200,,0.000000,
38,ECalibratedLiquid,300,4,4568,4567,4565,13084605774154,0.263003,0.309000,,0.000000,
38,ECalibratedLiquid,300,4,4569,4568,4566,13084605777244,0.239101,0.293700,,0.000000,
38,ECalibratedLiquid,300,4,4570,4569,4567,13084605780181,0.247895,0.282000,,0.000000,
38,ECalibratedLiquid,300,4,4571,4570,4568,13084605783001,0.305804,0.261700,,0.000000,
38,ECalibratedLiquid,300,4,4572,4571,4569,13084605785618,0.279096,0.238300,,0.000000,
38,ECalibratedLiquid,300,4,4573,4572,4570,13084605788001,0.243105,0.254400,,0.000000,
38,ECalibratedLiquid,300,4,4574,4573,4571,13084605790545,0.324398,0.302700,,0.000000,
38,ECalibratedLiquid,300,4,4575,4574,4572,13084605793572,0.295897,0.278100,,0.000000,
38,ECalibratedLiquid,300,4,4576,4575,4573,13084605796353,0.304705,0.247600,,0.000000,
38,ECalibratedLiquid,300,4,4577,4576,4574,13084605798829,0.277296,0.322800,,0.000000,
38,ECalibratedLiquid,300,4,4578,4577,4575,13084605802057,0.328904,0.297100,,0.000000,
38,ECalibratedLiquid,300,4,4579,4578,4576,13084605805028,1.958695,0.302700,,1.480600,
38,ECalibratedLiquid,300,4,4580,4579,4577,13084605808055,0.322201,0.277800,,0.000000,
38,ECalibratedLiquid,300,4,4581,4580,4578,13084605810833,0.285204,0.329400,,0.000000,
38,ECalibratedLiquid,300,4,4582,4581,4579,13084605814127,0.580598,1.960100,,0.000000,
38,ECalibratedLiquid,300,4,4583,4582,4580,13084605833728,0.264902,0.319300,,0.000000,
38,ECalibratedLiquid,300,4,4584,4583,4581,13084605836921,0.255300,0.613000,,0.000000,
38,ECalibratedLiquid,300,4,4585,4584,4582,13084605843051,0.229599,0.250500,,0.000000,
38,ECalibratedLiquid,300,4,4586,4585,4583,13084605845556,0.237897,0.268200,,0.000000,
38,ECalibratedLiquid,300,4,4587,4586,4584,13084605848238,0.246301,0.251400,,0.000000,
38,ECalibratedLiquid,300,4,4588,4587,4585,13084605850752,0.234899,0.228700,,0.000000,
38,ECalibratedLiquid,300,4,4589,4588,4586,13084605853039,0.248399,0.239500,,0.000000,
38,ECalibratedLiquid,300,4,4590,4589,4587,13084605855434,0.315505,0.244900,,0.000000,
38,ECalibratedLiquid,300,4,4591,4590,4588,13084605857883,0.304500,0.235100,,0.000000,
38,ECalibratedLiquid,300,4,4592,4591,4589,13084605860234,0.300702,0.253900,,0.000000,
38,ECalibratedLiquid,300,4,4593,4592,4590,13084605862773,0.347194,0.315300,,0.000000,
38,ECalibratedLiquid,300,4,4594,4593,4591,13084605865926,0.297201,0.304200,,0.000000,
38,ECalibratedLiquid,300,4,4595,4594,4592,13084605868968,0.313102,0.302800,,0.000000,
38,ECalibratedLiquid,300,4,4596,4595,4593,13084605871996,0.329500,0.345400,,0.000000,
38,ECalibratedLiquid,300,4,4597,4596,4594,13084605875450,0.297300,0.297400,,0.000000,
38,ECalibratedLiquid,300,4,4598,4597,4595,13084605878424,0.356498,0.313400,,0.000000,
38,ECalibratedLiquid,300,4,4599,4598,4596,13084605881558,0.384403,0.328400,,0.000000,
38,ECalibratedLiquid,300,4,4600,4599,4597,13084605884842,0.403699,0.298400,,0.000000,
39,ECalibratedLiquid,300,8,4632,4631,4629,13084607169460,0.262195,0.314300,,0.000000,
39,ECalibratedLiquid,300,8,4633,4632,4630,13084607172603,0.274001,0.298700,,0.000000,
39,ECalibratedLiquid,300,8,4634,4633,4631,13084607175590,0.254103,0.279400,,0.000000,
39,ECalibratedLiquid,300,8,4635,4634,4632,13084607178384,0.343296,0.263600,,0.000000,
39,ECalibratedLiquid,300,8,4636,4635,4633,13084607181020,0.322102,0.271100,,0.000000,
39,ECalibratedLiquid,300,8,4637,4636,4634,13084607183731,0.331200,0.262500,,0.000000,
39,ECalibratedLiquid,300,8,4638,4637,4635,13084607186356,0.306002,0.340900,,0.000000,
39,ECalibratedLiquid,300,8,4639,4638,4636,13084607189765,0.270798,0.322200,,0.000000,
39,ECalibratedLiquid,300,8,4640,4639,4637,13084607192987,0.232100,0.330300,,0.000000,
39,ECalibratedLiquid,300,8,4641,4640,4638,13084607196290,0.327898,0.302500,,0.000000,
39,ECalibratedLiquid,300,8,4642,4641,4639,13084607199315,0.255003,0.269300,,0.000000,
39,ECalibratedLiquid,300,8,4643,4642,4640,13084607202008,0.319501,0.236200,,0.000000,
39,ECalibratedLiquid,300,8,4644,4643,4641,13084607204370,0.300900,0.323700,,0.000000,
39,ECalibratedLiquid,300,8,4645,4644,4642,13084607207607,1.808397,0.260600,,1.434700,
39,ECalibratedLiquid,300,8,4646,4645,4643,13084607210213,0.289201,0.320400,,0.000000,
39,ECalibratedLiquid,300,8,4647,4646,4644,13084607213417,0.264201,0.296700,,0.000000,
39,ECalibratedLiquid,300,8,4648,4647,4645,13084607216384,0.288797,1.810100,,0.000000,
39,ECalibratedLiquid,300,8,4649,4648,4646,13084607234485,0.282405,0.286700,,0.000000,
39,ECalibratedLiquid,300,8,4650,4649,4647,13084607237352,0.293098,0.264400,,0.000000,
39,ECalibratedLiquid,300,8,4651,4650,4648,13084607239996,0.277501,0.289900,,0.000000,
39,ECalibratedLiquid,300,8,4652,4651,4649,13084607242895,0.292701,0.281500,,0.000000,
39,ECalibratedLiquid,300,8,4653,4652,4650,13084607245710,0.293899,0.292200,,0.000000,
39,ECalibratedLiquid,300,8,4654,4653,4651,13084607248632,0.349001,0.277700,,0.000000,
39,ECalibratedLiquid,300,8,4655,4654,4652,13084607251409,0.301998,0.292700,,0.000000,
39,ECalibratedLiquid,300,8,4656,4655,4653,13084607254336,0.340597,0.300600,,0.000000,
39,ECalibratedLiquid,300,8,4657,4656,4654,13084607257342,0.297704,0.344100,,0.000000,
39,ECalibratedLiquid,300,8,4658,4657,4655,13084607260783,0.307100,0.305300,,0.000000,
39,ECalibratedLiquid,300,8,4659,4658,4656,13084607263836,0.329195,0.339600,,0.000000,
39,ECalibratedLiquid,300,8,4660,4659,4657,13084607267232,0.305903,0.296200,,0.000000,
39,ECalibratedLiquid,300,8,4661,4660,4658,13084607270194,0.324001,0.309000,,0.000000,
39,ECalibratedLiquid,300,8,4662,4661,4659,13084607273284,0.302601,0.325700,,0.000000,
39,ECalibratedLiquid,300,8,4663,4662,4660,13084607276541,0.319799,0.310600,,0.000000,
39,ECalibratedLiquid,300,8,4664,4663,4661,13084607279647,0.311600,0.320000,,0.000000,
39,ECalibratedLiquid,300,8,4665,4664,4662,13084607282847,0.343601,0.305400,,0.000000,
39,ECalibratedLiquid,300,8,4666,4665,4663,13084607285901,0.330201,0.321100,,0.000000,
39,ECalibratedLiquid,300,8,4667,4666,4664,13084607289112,9.768700,0.311300,,0.000000,
39,ECalibratedLiquid,300,8,4668,4667,4665,13084607292225,30.540200,0.343700,,0.000000,
39,ECalibratedLiquid,300,8,4669,4668,4666,13084607295662,24.980400,0.328300,,2.689600,
39,ECalibratedLiquid,300,8,4670,4669,4667,13084607298945,3.375999,9.786900,,1.796200,
39,ECalibratedLiquid,300,8,4671,4670,4668,13084607396814,0.405598,30.552500,,0.000000,
39,ECalibratedLiquid,300,8,4672,4671,4669,13084607702339,0.409403,24.971600,,0.000000,
39,ECalibratedLiquid,300,8,4673,4672,4670,13084607952055,0.356696,3.361800,,0.000000,
39,ECalibratedLiquid,300,8,4674,4673,4671,13084607985673,0.276998,0.405200,,0.000000,
39,ECalibratedLiquid,300,8,4675,4674,4672,13084607989725,0.306704,0.405400,,0.000000,
39,ECalibratedLiquid,300,8,4676,4675,4673,13084607993779,0.411302,0.350900,,0.000000,
39,ECalibratedLiquid,300,8,4677,4676,4674,13084607997288,0.360998,0.280000,,0.000000,
39,ECalibratedLiquid,300,8,4678,4677,4675,13084608000088,0.360899,0.311200,,0.000000,
39,ECalibratedLiquid,300,8,4679,4678,4676,13084608003200,2.307100,0.408600,,1.752600,
39,ECalibratedLiquid,300,8,4680,4679,4677,13084608007286,0.377501,0.363500,,0.000000,
39,ECalibratedLiquid,300,8,4681,4680,4678,13084608010921,0.395096,0.360600,,0.000000,
39,ECalibratedLiquid,300,8,4682,4681,4679,13084608014527,0.397300,2.309300,,0.000000,
39,ECalibratedLiquid,300,8,4683,4682,4680,13084608037620,0.375900,0.376400,,0.000000,
39,ECalibratedLiquid,300,8,4684,4683,4681,13084608041384,0.368204,0.393400,,0.000000,
39,ECalibratedLiquid,300,8,4685,4684,4682,13084608045318,0.396896,0.396400,,0.000000,
39,ECalibratedLiquid,300,8,4686,4685,4683,13084608049282,0.376304,0.375400,,0.000000,
39,ECalibratedLiquid,300,8,4687,4686,4684,13084608053036,0.349596,0.369100,,0.000000,
39,ECalibratedLiquid,300,8,4688,4687,4685,13084608056727,0.395103,0.396600,,0.000000,
39,ECalibratedLiquid,300,8,4689,4688,4686,13084608060693,0.388499,0.376500,,0.000000,
39,ECalibratedLiquid,300,8,4690,4689,4687,13084608064458,0.356300,0.351700,,0.000000,
39,ECalibratedLiquid,300,8,4691,4690,4688,13084608067975,0.509602,0.393600,,0.000000,
39,ECalibratedLiquid,300,8,4692,4691,4689,13084608071911,0.401594,0.383600,,0.000000,
39,ECalibratedLiquid,300,8,4693,4692,4690,13084608075747,0.381604,0.433000,,0.000000,
39,ECalibratedLiquid,300,8,4694,4693,4691,13084608080077,0.423299,0.438800,,0.000000,
39,ECalibratedLiquid,300,8,4695,4694,4692,13084608084465,0.391001,0.399000,,0.000000,
39,ECalibratedLiquid,300,8,4696,4695,4693,13084608088455,0.411699,0.384900,,0.000000,
39,ECalibratedLiquid,300,8,4697,4696,4694,13084608092304,0.403203,0.422900,,0.000000,
39,ECalibratedLiquid,300,8,4698,4697,4695,13084608096533,0.466100,0.388500,,0.000000,
39,ECalibratedLiquid,300,8,4699,4698,4696,13084608100418,0.363194,0.414000,,0.000000,
39,ECalibratedLiquid,300,8,4700,4699,4697,13084608104558,0.406101,0.408700,,0.000000,
39,ECalibratedLiquid,300,8,4701,4700,4698,13084608108645,0.391001,0.459600,,0.000000,
39,ECalibratedLiquid,300,8,4702,4701,4699,13084608113241,0.343403,0.363700,,0.000000,
39,ECalibratedLiquid,300,8,4703,4702,4700,13084608116878,0.384495,0.407600,,0.000000,
39,ECalibratedLiquid,300,8,4704,4703,4701,13084608120954,0.492602,0.387100,,0.000000,
39,ECalibratedLiquid,300,8,4705,4704,4702,13084608124825,0.434999,0.342700,,0.000000,
39,ECalibratedLiquid,300,8,4706,4705,4703,13084608128252,0.493502,0.388200,,0.000000,
39,ECalibratedLiquid,300,8,4707,4706,4704,13084608132134,0.389399,0.493200,,0.000000,
39,ECalibratedLiquid,300,8,4708,4707,4705,13084608137066,0.341100,0.436100,,0.000000,
39,ECalibratedLiquid,300,8,4709,4708,4706,13084608141427,3.358298,0.490900,,0.000000,
39,ECalibratedLiquid,300,8,4710,4709,4707,13084608146336,0.444303,0.386900,,0.000000,
39,ECalibratedLiquid,300,8,4711,4710,4708,13084608150205,0.382200,0.345500,,0.000000,
39,ECalibratedLiquid,300,8,4712,4711,4709,13084608153660,0.346499,3.358400,,0.000000,
39,ECalibratedLiquid,300,8,4713,4712,4710,13084608187244,0.417198,0.440900,,0.000000,
39,ECalibratedLiquid,300,8,4714,4713,4711,13084608191653,0.418403,0.379200,,0.000000,
39,ECalibratedLiquid,300,8,4715,4714,4712,13084608195445,0.387798,0.351300,,0.000000,
39,ECalibratedLiquid,300,8,4716,4715,4713,13084608198958,0.340604,0.416100,,0.000000,
39,ECalibratedLiquid,300,8,4717,4716,4714,13084608203119,1.832802,0.418500,,1.439500,
39,ECalibratedLiquid,300,8,4718,4717,4715,13084608207304,0.308900,0.386700,,0.000000,
39,ECalibratedLiquid,300,8,4719,4718,4716,13084608211171,0.309396,0.339200,,0.000000,
39,ECalibratedLiquid,300,8,4720,4719,4717,13084608214563,0.423498,1.834400,,0.000000,
39,ECalibratedLiquid,300,8,4721,4720,4718,13084608232907,0.516504,0.307000,,0.000000,
40,ECalibratedLiquid,300,16,4753,4752,4750,13084610148198,0.345500,0.377000,,0.000000,
40,ECalibratedLiquid,300,16,4754,4753,4751,13084610151968,0.321995,0.315200,,0.000000,
40,ECalibratedLiquid,300,16,4755,4754,4752,13084610155120,0.266001,0.296600,,0.000000,
40,ECalibratedLiquid,300,16,4756,4755,4753,13084610158086,0.356200,0.344100,,0.000000,
40,ECalibratedLiquid,300,16,4757,4756,4754,13084610161527,0.349504,0.317200,,0.000000,
40,ECalibratedLiquid,300,16,4758,4757,4755,13084610164699,0.347499,0.269500,,0.000000,
40,ECalibratedLiquid,300,16,4759,4758,4756,13084610167394,0.310899,0.358700,,0.000000,
40,ECalibratedLiquid,300,16,4760,4759,4757,13084610170981,0.313698,0.350700,,0.000000,
40,ECalibratedLiquid,300,16,4761,4760,4758,13084610174488,0.270706,0.344900,,0.000000,
40,ECalibratedLiquid,300,16,4762,4761,4759,13084610177937,0.261898,0.309300,,0.000000,
40,ECalibratedLiquid,300,16,4763,4762,4760,13084610181030,0.361501,0.311800,,0.000000,
40,ECalibratedLiquid,300,16,4764,4763,4761,13084610184148,0.321096,0.271000,,0.000000,
40,ECalibratedLiquid,300,16,4765,4764,4762,13084610186858,0.289505,0.261000,,0.000000,
40,ECalibratedLiquid,300,16,4766,4765,4763,13084610189468,0.276396,0.365800,,0.000000,
40,ECalibratedLiquid,300,16,4767,4766,4764,13084610193126,0.273101,0.318700,,0.000000,
40,ECalibratedLiquid,300,16,4768,4767,4765,13084610196313,0.306597,0.287500,,0.000000,
40,ECalibratedLiquid,300,16,4769,4768,4766,13084610199188,0.324306,0.276400,,0.000000,
40,ECalibratedLiquid,300,16,4770,4769,4767,13084610201952,0.329797,0.278200,,0.000000,
40,ECalibratedLiquid,300,16,4771,4770,4768,13084610204734,1.541504,0.306000,,1.129100,
40,ECalibratedLiquid,300,16,4772,4771,4769,13084610207794,0.311699,0.323000,,0.000000,
40,ECalibratedLiquid,300,16,4773,4772,4770,13084610211024,0.325900,0.330400,,0.000000,
40,ECalibratedLiquid,300,16,4774,4773,4771,13084610214328,0.288499,1.541500,,0.000000,
40,ECalibratedLiquid,300,16,4775,4774,4772,13084610229743,0.284198,0.308100,,0.000000,
40,ECalibratedLiquid,300,16,4776,4775,4773,13084610232824,0.264201,0.326300,,0.000000,
40,ECalibratedLiquid,300,16,4777,4776,4774,13084610236087,0.295302,0.287700,,0.000000,
40,ECalibratedLiquid,300,16,4778,4777,4775,13084610238964,0.404500,0.284600,,0.000000,
40,ECalibratedLiquid,300,16,4779,4778,4776,13084610241810,0.300496,0.268400,,0.000000,
40,ECalibratedLiquid,300,16,4780,4779,4777,13084610244494,0.309602,0.292100,,0.000000,
40,ECalibratedLiquid,300,16,4781,4780,4778,13084610247415,0.373802,0.405100,,0.000000,
40,ECalibratedLiquid,300,16,4782,4781,4779,13084610251466,0.388499,0.302200,,0.000000,
40,ECalibratedLiquid,300,16,4783,4782,4780,13084610254488,0.493899,0.308200,,0.000000,
40,ECalibratedLiquid,300,16,4784,4783,4781,13084610257570,0.574603,0.379400,,0.000000,
40,ECalibratedLiquid,300,16,4785,4784,4782,13084610261364,11.340200,0.384500,,0.000000,
40,ECalibratedLiquid,300,16,4786,4785,4783,13084610265209,34.823496,0.493200,,0.000000,
40,ECalibratedLiquid,300,16,4787,4786,4784,13084610270141,24.198696,0.575900,,2.215400,
40,ECalibratedLiquid,300,16,4788,4787,4785,13084610275900,23.586599,11.646400,,1.205900,
40,ECalibratedLiquid,300,16,4789,4788,4786,13084610392364,22.874702,34.534600,,3.250400,
40,ECalibratedLiquid,300,16,4790,4789,4787,13084610737710,3.080697,24.195800,,1.598400,
40,ECalibratedLiquid,300,16,4791,4790,4788,13084610979668,0.418807,23.588600,,0.000000,
40,ECalibratedLiquid,300,16,4792,4791,4789,13084611215554,0.395295,22.876300,,0.000000,
40,ECalibratedLiquid,300,16,4793,4792,4790,13084611444317,0.300198,3.068800,,0.000000,
40,ECalibratedLiquid,300,16,4794,4793,4791,13084611475005,0.358107,0.417100,,0.000000,
40,ECalibratedLiquid,300,16,4795,4794,4792,13084611479176,0.362294,0.387500,,0.000000,
40,ECalibratedLiquid,300,16,4796,4795,4793,13084611483051,0.340901,0.303200,,0.000000,
40,ECalibratedLiquid,300,16,4797,4796,4794,13084611486083,0.693998,0.362200,,0.000000,
40,ECalibratedLiquid,300,16,4798,4797,4795,13084611489705,0.622003,0.359300,,0.000000,
40,ECalibratedLiquid,300,16,4799,4798,4796,13084611493298,0.359602,0.342000,,0.000000,
40,ECalibratedLiquid,300,16,4800,4799,4797,13084611496718,0.358099,0.770000,,0.000000,
40,ECalibratedLiquid,300,16,4801,4800,4798,13084611504418,0.324398,0.547500,,0.000000,
40,ECalibratedLiquid,300,16,4802,4801,4799,13084611509893,0.343098,0.357700,,0.000000,
40,ECalibratedLiquid,300,16,4803,4802,4800,13084611513470,0.303203,0.357900,,0.000000,
40,ECalibratedLiquid,300,16,4804,4803,4801,13084611517049,0.329797,0.324900,,0.000000,
40,ECalibratedLiquid,300,16,4805,4804,4802,13084611520298,0.331803,0.338800,,0.000000,
40,ECalibratedLiquid,300,16,4806,4805,4803,13084611523686,0.307200,0.304700,,0.000000,
40,ECalibratedLiquid,300,16,4807,4806,4804,13084611526733,0.333000,0.330800,,0.000000,
40,ECalibratedLiquid,300,16,4808,4807,4805,13084611530041,0.371804,0.331100,,0.000000,
40,ECalibratedLiquid,300,16,4809,4808,4806,13084611533352,0.345096,0.310200,,0.000000,
40,ECalibratedLiquid,300,16,4810,4809,4807,13084611536454,0.360303,0.332500,,0.000000,
40,ECalibratedLiquid,300,16,4811,4810,4808,13084611539779,0.362798,0.370300,,0.000000,
40,ECalibratedLiquid,300,16,4812,4811,4809,13084611543482,0.317000,0.344700,,0.000000,
40,ECalibratedLiquid,300,16,4813,4812,4810,13084611546929,0.330697,0.364800,,0.000000,
40,ECalibratedLiquid,300,16,4814,4813,4811,13084611550577,0.424199,0.357300,,0.000000,
40,ECalibratedLiquid,300,16,4815,4814,4812,13084611554150,0.320302,0.317300,,0.000000,
40,ECalibratedLiquid,300,16,4816,4815,4813,13084611557323,0.349100,0.363300,,0.000000,
40,ECalibratedLiquid,300,16,4817,4816,4814,13084611560956,0.308404,0.394200,,0.000000,
40,ECalibratedLiquid,300,16,4818,4817,4815,13084611564898,0.313294,0.317000,,0.000000,
40,ECalibratedLiquid,300,16,4819,4818,4816,13084611568068,0.330102,0.348300,,0.000000,
40,ECalibratedLiquid,300,16,4820,4819,4817,13084611571551,0.308298,0.308900,,0.000000,
40,ECalibratedLiquid,300,16,4821,4820,4818,13084611574640,0.306902,0.312700,,0.000000,
40,ECalibratedLiquid,300,16,4822,4821,4819,13084611577767,0.300198,0.329800,,0.000000,
40,ECalibratedLiquid,300,16,4823,4822,4820,13084611581065,0.406902,0.308000,,0.000000,
40,ECalibratedLiquid,300,16,4824,4823,4821,13084611584145,0.310998,0.307100,,0.000000,
40,ECalibratedLiquid,300,16,4825,4824,4822,13084611587216,0.300000,0.302300,,0.000000,
40,ECalibratedLiquid,300,16,4826,4825,4823,13084611590239,0.312103,0.406000,,0.000000,
40,ECalibratedLiquid,300,16,4827,4826,4824,13084611594299,0.314803,0.310100,,0.000000,
40,ECalibratedLiquid,300,16,4828,4827,4825,13084611597400,0.347598,0.299600,,0.000000,
40,ECalibratedLiquid,300,16,4829,4828,4826,13084611600396,0.320798,0.312300,,0.000000,
40,ECalibratedLiquid,300,16,4830,4829,4827,13084611603519,0.307299,0.315400,,0.000000,
40,ECalibratedLiquid,300,16,4831,4830,4828,13084611606673,1.919204,0.349200,,1.409700,
40,ECalibratedLiquid,300,16,4832,4831,4829,13084611610165,0.347598,0.319300,,0.000000,
40,ECalibratedLiquid,300,16,4833,4832,4830,13084611613358,0.332504,0.306800,,0.000000,
40,ECalibratedLiquid,300,16,4834,4833,4831,13084611616426,7.540597,1.922300,,0.000000,
40,ECalibratedLiquid,300,16,4835,4834,4832,13084611635649,1.074603,0.348600,,0.000000,
40,ECalibratedLiquid,300,16,4836,4835,4833,13084611639135,0.511997,0.331300,,0.000000,
40,ECalibratedLiquid,300,16,4837,4836,4834,13084611642448,0.433900,7.558400,,0.000000,
40,ECalibratedLiquid,300,16,4838,4837,4835,13084611718032,0.409800,1.066500,,0.000000,
40,ECalibratedLiquid,300,16,4839,4838,4836,13084611728697,0.388301,0.507600,,0.000000,
40,ECalibratedLiquid,300,16,4840,4839,4837,13084611733773,0.371896,0.431700,,0.000000,
40,ECalibratedLiquid,300,16,4841,4840,4838,13084611738090,0.407100,0.407900,,0.000000,
40,ECalibratedLiquid,300,16,4842,4841,4839,13084611742169,0.354202,0.388700,,0.000000,
41,ECalibratedLiquid,600,1,4874,4873,4871,13084614796150,0.237202,0.248700,,0.000000,
41,ECalibratedLiquid,600,1,4875,4874,4872,13084614798637,0.411898,0.266000,,0.000000,
41,ECalibratedLiquid,600,1,4876,4875,4873,13084614801297,0.499603,0.248900,,0.000000,
41,ECalibratedLiquid,600,1,4877,4876,4874,13084614803786,1.933199,0.359900,,1.516000,
41,ECalibratedLiquid,600,1,4878,4877,4875,13084614807385,0.313499,0.503200,,0.000000,
41,ECalibratedLiquid,600,1,4879,4878,4876,13084614812417,0.254804,0.286900,,0.000000,
41,ECalibratedLiquid,600,1,4880,4879,4877,13084614815286,0.234999,1.935000,,0.000000,
41,ECalibratedLiquid,600,1,4881,4880,4878,13084614834636,0.242800,0.309900,,0.000000,
41,ECalibratedLiquid,600,1,4882,4881,4879,13084614837735,0.316298,0.253800,,0.000000,
41,ECalibratedLiquid,600,1,4883,4882,4880,13084614840273,0.242404,0.233500,,0.000000,
41,ECalibratedLiquid,600,1,4884,4883,4881,13084614842608,0.252197,0.243900,,0.000000,
41,ECalibratedLiquid,600,1,4885,4884,4882,13084614845047,0.232299,0.316800,,0.000000,
41,ECalibratedLiquid,600,1,4886,4885,4883,13084614848215,0.277303,0.242900,,0.000000,
41,ECalibratedLiquid,600,1,4887,4886,4884,13084614850644,0.245196,0.252200,,0.000000,
41,ECalibratedLiquid,600,1,4888,4887,4885,13084614853166,0.247902,0.232000,,0.000000,
41,ECalibratedLiquid,600,1,4889,4888,4886,13084614855486,0.246698,0.277100,,0.000000,
41,ECalibratedLiquid,600,1,4890,4889,4887,13084614858257,0.269600,0.247300,,0.000000,
41,ECalibratedLiquid,600,1,4891,4890,4888,13084614860730,0.284099,0.243100,,0.000000,
41,ECalibratedLiquid,600,1,4892,4891,4889,13084614863161,0.271301,0.250300,,0.000000,
41,ECalibratedLiquid,600,1,4893,4892,4890,13084614865664,0.259205,0.270800,,0.000000,
41,ECalibratedLiquid,600,1,4894,4893,4891,13084614868372,0.234198,0.285400,,0.000000,
41,ECalibratedLiquid,600,1,4895,4894,4892,13084614871226,0.268197,0.271200,,0.000000,
41,ECalibratedLiquid,600,1,4896,4895,4893,13084614873938,0.283999,0.252400,,0.000000,
41,ECalibratedLiquid,600,1,4897,4896,4894,13084614876462,0.244303,0.239600,,0.000000,
41,ECalibratedLiquid,600,1,4898,4897,4895,13084614878858,0.243502,0.270300,,0.000000,
41,ECalibratedLiquid,600,1,4899,4898,4896,13084614881561,0.273200,0.281800,,0.000000,
41,ECalibratedLiquid,600,1,4900,4899,4897,13084614884379,0.206696,0.249100,,0.000000,
41,ECalibratedLiquid,600,1,4901,4900,4898,13084614886870,0.244700,0.236600,,0.000000,
41,ECalibratedLiquid,600,1,4902,4901,4899,13084614889236,0.219501,0.270500,,0.000000,
41,ECalibratedLiquid,600,1,4903,4902,4900,13084614891941,0.180300,0.208600,,0.000000,
41,ECalibratedLiquid,600,1,4904,4903,4901,13084614894027,0.199298,0.241900,,0.000000,
41,ECalibratedLiquid,600,1,4905,4904,4902,13084614896446,19.107405,0.219700,,0.000000,
41,ECalibratedLiquid,600,1,4906,4905,4903,13084614898643,35.422698,0.179300,,1.164100,
41,ECalibratedLiquid,600,1,4907,4906,4904,13084614900436,28.573299,0.383000,,3.037500,
41,ECalibratedLiquid,600,1,4908,4907,4905,13084614904266,1.935601,18.943800,,1.325200,
41,ECalibratedLiquid,600,1,4909,4908,4906,13084615093704,0.304897,35.431000,,0.000000,
41,ECalibratedLiquid,600,1,4910,4909,4907,13084615448014,0.225702,28.568200,,0.000000,
41,ECalibratedLiquid,600,1,4911,4910,4908,13084615733696,0.292304,1.924300,,0.000000,
41,ECalibratedLiquid,600,1,4912,4911,4909,13084615752939,0.270599,0.298200,,0.000000,
41,ECalibratedLiquid,600,1,4913,4912,4910,13084615755921,0.273498,0.224300,,0.000000,
41,ECalibratedLiquid,600,1,4914,4913,4911,13084615758164,0.294303,0.291500,,0.000000,
41,ECalibratedLiquid,600,1,4915,4914,4912,13084615761079,0.365299,0.271200,,0.000000,
41,ECalibratedLiquid,600,1,4916,4915,4913,13084615763791,0.283596,0.272400,,0.000000,
41,ECalibratedLiquid,600,1,4917,4916,4914,13084615766515,0.222201,0.304600,,0.000000,
41,ECalibratedLiquid,600,1,4918,4917,4915,13084615769561,0.209602,0.357100,,0.000000,
41,ECalibratedLiquid,600,1,4919,4918,4916,13084615773132,0.205400,0.282000,,0.000000,
41,ECalibratedLiquid,600,1,4920,4919,4917,13084615775952,0.235601,0.221600,,0.000000,
41,ECalibratedLiquid,600,1,4921,4920,4918,13084615778168,0.256597,0.209100,,0.000000,
41,ECalibratedLiquid,600,1,4922,4921,4919,13084615780259,0.276304,0.205600,,0.000000,
41,ECalibratedLiquid,600,1,4923,4922,4920,13084615782315,0.231399,0.235500,,0.000000,
41,ECalibratedLiquid,600,1,4924,4923,4921,13084615784670,0.220096,0.264400,,0.000000,
41,ECalibratedLiquid,600,1,4925,4924,4922,13084615787314,0.215306,0.270000,,0.000000,
41,ECalibratedLiquid,600,1,4926,4925,4923,13084615790014,0.218594,0.230800,,0.000000,
41,ECalibratedLiquid,600,1,4927,4926,4924,13084615792322,0.215901,0.220300,,0.000000,
41,ECalibratedLiquid,600,1,4928,4927,4925,13084615794525,0.290200,0.214800,,0.000000,
41,ECalibratedLiquid,600,1,4929,4928,4926,13084615796673,0.298703,0.218600,,0.000000,
41,ECalibratedLiquid,600,1,4930,4929,4927,13084615798859,0.238995,0.215300,,0.000000,
41,ECalibratedLiquid,600,1,4931,4930,4928,13084615801012,0.236302,0.294600,,0.000000,
41,ECalibratedLiquid,600,1,4932,4931,4929,13084615803958,0.237103,0.295500,,0.000000,
41,ECalibratedLiquid,600,1,4933,4932,4930,13084615806913,2.309701,0.238500,,1.389800,
41,ECalibratedLiquid,600,1,4934,4933,4931,13084615809298,0.493594,0.235600,,0.000000,
41,ECalibratedLiquid,600,1,4935,4934,4932,13084615811654,0.401205,0.237000,,0.000000,
41,ECalibratedLiquid,600,1,4936,4935,4933,13084615814024,0.296698,2.399800,,0.000000,
41,ECalibratedLiquid,600,1,4937,4936,4934,13084615838022,0.256002,0.414300,,0.000000,
41,ECalibratedLiquid,600,1,4938,4937,4935,13084615842165,0.256498,0.394100,,0.000000,
41,ECalibratedLiquid,600,1,4939,4938,4936,13084615846106,0.239300,0.294500,,0.000000,
41,ECalibratedLiquid,600,1,4940,4939,4937,13084615849051,0.257200,0.256500,,0.000000,
41,ECalibratedLiquid,600,1,4941,4940,4938,13084615851616,0.335700,0.255800,,0.000000,
41,ECalibratedLiquid,600,1,4942,4941,4939,13084615854174,0.269898,0.238500,,0.000000,
41,ECalibratedLiquid,600,1,4943,4942,4940,13084615856559,0.286905,0.258100,,0.000000,
41,ECalibratedLiquid,600,1,4944,4943,4941,13084615859140,0.427296,0.335600,,0.000000,
41,ECalibratedLiquid,600,1,4945,4944,4942,13084615862496,0.322499,0.269500,,0.000000,
41,ECalibratedLiquid,600,1,4946,4945,4943,13084615865191,0.336104,0.290800,,0.000000,
41,ECalibratedLiquid,600,1,4947,4946,4944,13084615868099,0.284800,0.426400,,0.000000,
41,ECalibratedLiquid,600,1,4948,4947,4945,13084615872363,0.313499,0.320500,,0.000000,
41,ECalibratedLiquid,600,1,4949,4948,4946,13084615875568,0.336203,0.334900,,0.000000,
41,ECalibratedLiquid,600,1,4950,4949,4947,13084615878917,0.339597,0.285000,,0.000000,
41,ECalibratedLiquid,600,1,4951,4950,4948,13084615881767,0.303997,0.314900,,0.000000,
41,ECalibratedLiquid,600,1,4952,4951,4949,13084615884916,0.329804,0.338700,,0.000000,
41,ECalibratedLiquid,600,1,4953,4952,4950,13084615888303,0.280499,0.336900,,0.000000,
41,ECalibratedLiquid,600,1,4954,4953,4951,13084615891672,0.293998,0.305500,,0.000000,
41,ECalibratedLiquid,600,1,4955,4954,4952,13084615894727,0.288598,0.329500,,0.000000,
41,ECalibratedLiquid,600,1,4956,4955,4953,13084615898022,0.341702,0.278200,,0.000000,
41,ECalibratedLiquid,600,1,4957,4956,4954,13084615900804,0.272598,0.296900,,0.000000,
41,ECalibratedLiquid,600,1,4958,4957,4955,13084615903773,0.301502,0.285600,,0.000000,
41,ECalibratedLiquid,600,1,4959,4958,4956,13084615906629,0.295699,0.340900,,0.000000,
41,ECalibratedLiquid,600,1,4960,4959,4957,13084615910038,0.350404,0.272900,,0.000000,
41,ECalibratedLiquid,600,1,4961,4960,4958,13084615912767,0.275595,0.302300,,0.000000,
41,ECalibratedLiquid,600,1,4962,4961,4959,13084615915790,0.282603,0.295500,,0.000000,
41,ECalibratedLiquid,600,1,4963,4962,4960,13084615918745,0.315101,0.349500,,0.000000,
42,ECalibratedLiquid,600,4,4995,4994,4992,13084618190442,0.234297,0.234000,,0.000000,
42,ECalibratedLiquid,600,4,4996,4995,4993,13084618192782,0.177098,0.242400,,0.000000,
42,ECalibratedLiquid,600,4,4997,4996,4994,13084618195206,0.192007,0.223100,,0.000000,
42,ECalibratedLiquid,600,4,4998,4997,4995,13084618197437,0.181895,0.230300,,0.000000,
42,ECalibratedLiquid,600,4,4999,4998,4996,13084618199740,0.211302,0.178400,,0.000000,
42,ECalibratedLiquid,600,4,5000,4999,4997,13084618201524,0.537798,0.190000,,0.000000,
42,ECalibratedLiquid,600,4,5001,5000,4998,13084618203424,0.217800,0.184400,,0.000000,
42,ECalibratedLiquid,600,4,5002,5001,4999,13084618205268,1.274901,0.521200,,0.991800,
42,ECalibratedLiquid,600,4,5003,5002,5000,13084618210480,0.238499,0.254800,,0.000000,
42,ECalibratedLiquid,600,4,5004,5003,5001,13084618213028,0.231902,0.186800,,0.000000,
42,ECalibratedLiquid,600,4,5005,5004,5002,13084618214896,0.209899,1.280400,,0.000000,
42,ECalibratedLiquid,600,4,5006,5005,5003,13084618227700,0.229500,0.236300,,0.000000,
42,ECalibratedLiquid,600,4,5007,5006,5004,13084618230063,0.233900,0.232900,,0.000000,
42,ECalibratedLiquid,600,4,5008,5007,5005,13084618232392,0.218098,0.210600,,0.000000,
42,ECalibratedLiquid,600,4,5009,5008,5006,13084618234498,0.223002,0.229700,,0.000000,
42,ECalibratedLiquid,600,4,5010,5009,5007,13084618236795,0.181597,0.233200,,0.000000,
42,ECalibratedLiquid,600,4,5011,5010,5008,13084618239127,0.172102,0.218000,,0.000000,
42,ECalibratedLiquid,600,4,5012,5011,5009,13084618241307,0.166702,0.221300,,0.000000,
42,ECalibratedLiquid,600,4,5013,5012,5010,13084618243520,0.189399,0.179900,,0.000000,
42,ECalibratedLiquid,600,4,5014,5013,5011,13084618245319,0.168899,0.171800,,0.000000,
42,ECalibratedLiquid,600,4,5015,5014,5012,13084618247037,0.201701,0.169200,,0.000000,
42,ECalibratedLiquid,600,4,5016,5015,5013,13084618248729,0.233603,0.187400,,0.000000,
42,ECalibratedLiquid,600,4,5017,5016,5014,13084618250603,0.261097,0.168300,,0.000000,
42,ECalibratedLiquid,600,4,5018,5017,5015,13084618252286,0.256704,0.204900,,0.000000,
42,ECalibratedLiquid,600,4,5019,5018,5016,13084618254335,0.287295,0.233100,,0.000000,
42,ECalibratedLiquid,600,4,5020,5019,5017,13084618256666,0.267304,0.263300,,0.000000,
42,ECalibratedLiquid,600,4,5021,5020,5018,13084618259299,0.447697,0.258600,,0.000000,
42,ECalibratedLiquid,600,4,5022,5021,5019,13084618261885,0.419005,0.288400,,0.000000,
42,ECalibratedLiquid,600,4,5023,5022,5020,13084618264769,0.272095,0.448200,,0.000000,
42,ECalibratedLiquid,600,4,5024,5023,5021,13084618269251,0.274001,0.410400,,0.000000,
42,ECalibratedLiquid,600,4,5025,5024,5022,13084618273355,0.291901,0.275500,,0.000000,
42,ECalibratedLiquid,600,4,5026,5025,5023,13084618276110,0.269204,0.271200,,0.000000,
42,ECalibratedLiquid,600,4,5027,5026,5024,13084618278822,20.828897,0.273500,,0.000000,
42,ECalibratedLiquid,600,4,5028,5027,5025,13084618281557,33.863202,0.292500,,1.183200,
42,ECalibratedLiquid,600,4,5029,5028,5026,13084618284482,28.289597,0.270100,,2.808000,
42,ECalibratedLiquid,600,4,5030,5029,5027,13084618287183,2.478501,20.845700,,1.844800,
42,ECalibratedLiquid,600,4,5031,5030,5028,13084618495640,0.777501,33.940000,,0.000000,
42,ECalibratedLiquid,600,4,5032,5031,5029,13084618835040,0.485899,28.217000,,0.000000,
42,ECalibratedLiquid,600,4,5033,5032,5030,13084619117210,0.432603,2.467900,,0.000000,
42,ECalibratedLiquid,600,4,5034,5033,5031,13084619141889,0.385395,0.842100,,0.000000,
42,ECalibratedLiquid,600,4,5035,5034,5032,13084619150310,0.365398,0.416900,,0.000000,
42,ECalibratedLiquid,600,4,5036,5035,5033,13084619154479,0.310906,0.433600,,0.000000,
42,ECalibratedLiquid,600,4,5037,5036,5034,13084619158815,0.319898,0.389300,,0.000000,
42,ECalibratedLiquid,600,4,5038,5037,5035,13084619162708,0.315299,0.360200,,0.000000,
42,ECalibratedLiquid,600,4,5039,5038,5036,13084619166310,0.307497,0.308300,,0.000000,
42,ECalibratedLiquid,600,4,5040,5039,5037,13084619169393,0.300205,0.317000,,0.000000,
42,ECalibratedLiquid,600,4,5041,5040,5038,13084619172563,0.289201,0.317400,,0.000000,
42,ECalibratedLiquid,600,4,5042,5041,5039,13084619175737,0.300999,0.306700,,0.000000,
42,ECalibratedLiquid,600,4,5043,5042,5040,13084619178804,0.287996,0.300800,,0.000000,
42,ECalibratedLiquid,600,4,5044,5043,5041,13084619181812,0.249199,0.287900,,0.000000,
42,ECalibratedLiquid,600,4,5045,5044,5042,13084619184691,0.290802,0.297300,,0.000000,
42,ECalibratedLiquid,600,4,5046,5045,5043,13084619187664,0.280400,0.287300,,0.000000,
42,ECalibratedLiquid,600,4,5047,5046,5044,13084619190537,0.372201,0.254600,,0.000000,
42,ECalibratedLiquid,600,4,5048,5047,5045,13084619193083,0.475999,0.291400,,0.000000,
42,ECalibratedLiquid,600,4,5049,5048,5046,13084619195997,0.294501,0.342700,,0.000000,
42,ECalibratedLiquid,600,4,5050,5049,5047,13084619199424,0.261196,0.495300,,0.000000,
42,ECalibratedLiquid,600,4,5051,5050,5048,13084619204377,0.255605,0.287900,,0.000000,
42,ECalibratedLiquid,600,4,5052,5051,5049,13084619207256,1.917595,0.291100,,1.308000,
42,ECalibratedLiquid,600,4,5053,5052,5050,13084619210167,0.309906,0.260400,,0.000000,
42,ECalibratedLiquid,600,4,5054,5053,5051,13084619212771,0.326594,0.255400,,0.000000,
42,ECalibratedLiquid,600,4,5055,5054,5052,13084619215325,0.272003,1.925900,,0.000000,
42,ECalibratedLiquid,600,4,5056,5055,5053,13084619234584,0.327799,0.307700,,0.000000,
42,ECalibratedLiquid,600,4,5057,5056,5054,13084619237661,0.265101,0.321800,,0.000000,
42,ECalibratedLiquid,600,4,5058,5057,5055,13084619240879,0.266199,0.276600,,0.000000,
42,ECalibratedLiquid,600,4,5059,5058,5056,13084619243645,0.371103,0.323300,,0.000000,
42,ECalibratedLiquid,600,4,5060,5059,5057,13084619246878,0.400496,0.264000,,0.000000,
42,ECalibratedLiquid,600,4,5061,5060,5058,13084619249518,0.302700,0.275400,,0.000000,
42,ECalibratedLiquid,600,4,5062,5061,5059,13084619252272,0.284602,0.369700,,0.000000,
42,ECalibratedLiquid,600,4,5063,5062,5060,13084619255969,0.284602,0.395300,,0.000000,
42,ECalibratedLiquid,600,4,5064,5063,5061,13084619259922,0.364902,0.299900,,0.000000,
42,ECalibratedLiquid,600,4,5065,5064,5062,13084619262921,0.347697,0.284400,,0.000000,
42,ECalibratedLiquid,600,4,5066,5065,5063,13084619265765,0.339697,0.292100,,0.000000,
42,ECalibratedLiquid,600,4,5067,5066,5064,13084619268686,0.515505,0.364400,,0.000000,
42,ECalibratedLiquid,600,4,5068,5067,5065,13084619272330,0.357802,0.346700,,0.000000,
42,ECalibratedLiquid,600,4,5069,5068,5066,13084619275797,0.364300,0.341100,,0.000000,
42,ECalibratedLiquid,600,4,5070,5069,5067,13084619279208,0.369196,0.514700,,0.000000,
42,ECalibratedLiquid,600,4,5071,5070,5068,13084619284355,0.381704,0.354400,,0.000000,
42,ECalibratedLiquid,600,4,5072,5071,5069,13084619287899,0.380499,0.369600,,0.000000,
42,ECalibratedLiquid,600,4,5073,5072,5070,13084619291595,0.400000,0.367800,,0.000000,
42,ECalibratedLiquid,600,4,5074,5073,5071,13084619295273,0.412599,0.380500,,0.000000,
42,ECalibratedLiquid,600,4,5075,5074,5072,13084619299078,0.405796,0.383900,,0.000000,
42,ECalibratedLiquid,600,4,5076,5075,5073,13084619302917,0.383404,0.400800,,0.000000,
42,ECalibratedLiquid,600,4,5077,5076,5074,13084619306925,0.347399,0.409700,,0.000000,
42,ECalibratedLiquid,600,4,5078,5077,5075,13084619311022,0.304797,0.407700,,0.000000,
42,ECalibratedLiquid,600,4,5079,5078,5076,13084619315099,0.367800,0.380900,,0.000000,
42,ECalibratedLiquid,600,4,5080,5079,5077,13084619318908,0.351098,0.342300,,0.000000,
42,ECalibratedLiquid,600,4,5081,5080,5078,13084619322331,0.371202,0.313400,,0.000000,
42,ECalibratedLiquid,600,4,5082,5081,5079,13084619325465,0.352898,0.365000,,0.000000,
42,ECalibratedLiquid,600,4,5083,5082,5080,13084619329115,0.335006,0.351800,,0.000000,
42,ECalibratedLiquid,600,4,5084,5083,5081,13084619332633,0.395096,0.365400,,0.000000,
43,ECalibratedLiquid,600,8,5116,5115,5113,13084621871208,0.255499,0.238900,,0.000000,
43,ECalibratedLiquid,600,8,5117,5116,5114,13084621873597,0.247300,0.332500,,0.000000,
43,ECalibratedLiquid,600,8,5118,5117,5115,13084621876922,0.264902,0.263400,,0.000000,
43,ECalibratedLiquid,600,8,5119,5118,5116,13084621879556,0.243197,0.254200,,0.000000,
43,ECalibratedLiquid,600,8,5120,5119,5117,13084621882098,0.250198,0.247300,,0.000000,
43,ECalibratedLiquid,600,8,5121,5120,5118,13084621884571,0.240505,0.265000,,0.000000,
43,ECalibratedLiquid,600,8,5122,5121,5119,13084621887221,0.296301,0.243000,,0.000000,
43,ECalibratedLiquid,600,8,5123,5122,5120,13084621889651,0.245196,0.249600,,0.000000,
43,ECalibratedLiquid,600,8,5124,5123,5121,13084621892147,0.295302,0.241300,,0.000000,
43,ECalibratedLiquid,600,8,5125,5124,5122,13084621894560,0.299497,0.296700,,0.000000,
43,ECalibratedLiquid,600,8,5126,5125,5123,13084621897527,0.286005,0.244600,,0.000000,
43,ECalibratedLiquid,600,8,5127,5126,5124,13084621899973,0.279797,0.295900,,0.000000,
43,ECalibratedLiquid,600,8,5128,5127,5125,13084621902932,0.499199,0.300300,,0.000000,
43,ECalibratedLiquid,600,8,5129,5128,5126,13084621905935,0.248399,0.285200,,0.000000,
43,ECalibratedLiquid,600,8,5130,5129,5127,13084621908787,0.279301,0.281500,,0.000000,
43,ECalibratedLiquid,600,8,5131,5130,5128,13084621911602,0.284800,0.495900,,0.000000,
43,ECalibratedLiquid,600,8,5132,5131,5129,13084621916561,0.272201,0.250000,,0.000000,
43,ECalibratedLiquid,600,8,5133,5132,5130,13084621919061,0.301198,0.280400,,0.000000,
43,ECalibratedLiquid,600,8,5134,5133,5131,13084621921865,0.258404,0.285600,,0.000000,
43,ECalibratedLiquid,600,8,5135,5134,5132,13084621924721,0.252197,0.270000,,0.000000,
43,ECalibratedLiquid,600,8,5136,5135,5133,13084621927421,0.248505,0.300800,,0.000000,
43,ECalibratedLiquid,600,8,5137,5136,5134,13084621930429,0.324199,0.261600,,0.000000,
43,ECalibratedLiquid,600,8,5138,5137,5135,13084621933045,0.263499,0.249000,,0.000000,
43,ECalibratedLiquid,600,8,5139,5138,5136,13084621935535,0.241397,0.248300,,0.000000,
43,ECalibratedLiquid,600,8,5140,5139,5137,13084621938018,0.252799,0.324000,,0.000000,
43,ECalibratedLiquid,600,8,5141,5140,5138,13084621941258,0.267900,0.264500,,0.000000,
43,ECalibratedLiquid,600,8,5142,5141,5139,13084621943903,0.289399,0.239600,,0.000000,
43,ECalibratedLiquid,600,8,5143,5142,5140,13084621946299,0.260006,0.253700,,0.000000,
43,ECalibratedLiquid,600,8,5144,5143,5141,13084621948836,0.216397,0.268600,,0.000000,
43,ECalibratedLiquid,600,8,5145,5144,5142,13084621951522,0.276800,0.287400,,0.000000,
43,ECalibratedLiquid,600,8,5146,5145,5143,13084621954396,0.240703,0.258000,,0.000000,
43,ECalibratedLiquid,600,8,5147,5146,5144,13084621956976,0.243098,0.221700,,0.000000,
43,ECalibratedLiquid,600,8,5148,5147,5145,13084621959193,22.106102,0.274600,,0.000000,
43,ECalibratedLiquid,600,8,5149,5148,5146,13084621961939,29.525001,0.240500,,0.916100,
43,ECalibratedLiquid,600,8,5150,5149,5147,13084621964344,24.003295,0.244200,,1.701600,
43,ECalibratedLiquid,600,8,5151,5150,5148,13084621966786,20.106003,22.118000,,1.326000,
43,ECalibratedLiquid,600,8,5152,5151,5149,13084622187966,2.671500,29.521600,,1.971300,
43,ECalibratedLiquid,600,8,5153,5152,5150,13084622483182,0.484304,24.010400,,0.000000,
43,ECalibratedLiquid,600,8,5154,5153,5151,13084622723286,0.413194,20.114000,,0.000000,
43,ECalibratedLiquid,600,8,5155,5154,5152,13084622924426,0.410601,2.660000,,0.000000,
43,ECalibratedLiquid,600,8,5156,5155,5153,13084622951026,0.398406,0.480000,,0.000000,
43,ECalibratedLiquid,600,8,5157,5156,5154,13084622955826,0.413598,0.414400,,0.000000,
43,ECalibratedLiquid,600,8,5158,5157,5155,13084622959970,0.403897,0.408400,,0.000000,
43,ECalibratedLiquid,600,8,5159,5158,5156,13084622964054,0.417000,0.400500,,0.000000,
43,ECalibratedLiquid,600,8,5160,5159,5157,13084622968059,0.393998,0.411100,,0.000000,
43,ECalibratedLiquid,600,8,5161,5160,5158,13084622972170,15.061806,0.404500,,0.000000,
43,ECalibratedLiquid,600,8,5162,5161,5159,13084622976215,2.540894,0.417600,,1.834400,
43,ECalibratedLiquid,600,8,5163,5162,5160,13084622980391,0.761501,0.394600,,0.000000,
43,ECalibratedLiquid,600,8,5164,5163,5161,13084622984337,0.427204,15.072700,,0.000000,
43,ECalibratedLiquid,600,8,5165,5164,5162,13084623135064,0.369600,2.535500,,0.000000,
43,ECalibratedLiquid,600,8,5166,5165,5163,13084623160419,0.410395,0.756900,,0.000000,
43,ECalibratedLiquid,600,8,5167,5166,5164,13084623167988,0.366100,0.424800,,0.000000,
43,ECalibratedLiquid,600,8,5168,5167,5165,13084623172236,0.394600,0.371300,,0.000000,
43,ECalibratedLiquid,600,8,5169,5168,5166,13084623175949,0.338102,0.409300,,0.000000,
43,ECalibratedLiquid,600,8,5170,5169,5167,13084623180042,0.313499,0.362700,,0.000000,
43,ECalibratedLiquid,600,8,5171,5170,5168,13084623183669,0.381498,0.395800,,0.000000,
43,ECalibratedLiquid,600,8,5172,5171,5169,13084623187627,0.401006,0.337800,,0.000000,
43,ECalibratedLiquid,600,8,5173,5172,5170,13084623191005,0.380598,0.316200,,0.000000,
43,ECalibratedLiquid,600,8,5174,5173,5171,13084623194167,0.396301,0.381300,,0.000000,
43,ECalibratedLiquid,600,8,5175,5174,5172,13084623197980,0.347095,0.398600,,0.000000,
43,ECalibratedLiquid,600,8,5176,5175,5173,13084623201966,0.394005,0.382200,,0.000000,
43,ECalibratedLiquid,600,8,5177,5176,5174,13084623205788,2.492900,0.395700,,1.966100,
43,ECalibratedLiquid,600,8,5178,5177,5175,13084623209745,0.377395,0.347500,,0.000000,
43,ECalibratedLiquid,600,8,5179,5178,5176,13084623213220,0.364002,0.392600,,0.000000,
43,ECalibratedLiquid,600,8,5180,5179,5177,13084623217146,0.337798,2.493700,,0.000000,
43,ECalibratedLiquid,600,8,5181,5180,5178,13084623242083,0.414406,0.375700,,0.000000,
43,ECalibratedLiquid,600,8,5182,5181,5179,13084623245840,0.310495,0.365200,,0.000000,
43,ECalibratedLiquid,600,8,5183,5182,5180,13084623249492,0.441901,0.341300,,0.000000,
43,ECalibratedLiquid,600,8,5184,5183,5181,13084623252905,0.364201,0.410500,,0.000000,
43,ECalibratedLiquid,600,8,5185,5184,5182,13084623257010,0.363400,0.313200,,0.000000,
43,ECalibratedLiquid,600,8,5186,5185,5183,13084623260142,0.393204,0.440300,,0.000000,
43,ECalibratedLiquid,600,8,5187,5186,5184,13084623264545,0.386395,0.362500,,0.000000,
43,ECalibratedLiquid,600,8,5188,5187,5185,13084623268170,0.415802,0.366100,,0.000000,
43,ECalibratedLiquid,600,8,5189,5188,5186,13084623271831,0.399100,0.392200,,0.000000,
43,ECalibratedLiquid,600,8,5190,5189,5187,13084623275753,0.458100,0.387300,,0.000000,
43,ECalibratedLiquid,600,8,5191,5190,5188,13084623279626,0.360799,0.415900,,0.000000,
43,ECalibratedLiquid,600,8,5192,5191,5189,13084623283785,0.434999,0.396700,,0.000000,
43,ECalibratedLiquid,600,8,5193,5192,5190,13084623287752,0.382001,0.460400,,0.000000,
43,ECalibratedLiquid,600,8,5194,5193,5191,13084623292356,0.382703,0.359700,,0.000000,
43,ECalibratedLiquid,600,8,5195,5194,5192,13084623295953,0.358199,0.435000,,0.000000,
43,ECalibratedLiquid,600,8,5196,5195,5193,13084623300303,0.297903,0.383400,,0.000000,
43,ECalibratedLiquid,600,8,5197,5196,5194,13084623304137,0.694898,0.379700,,0.000000,
43,ECalibratedLiquid,600,8,5198,5197,5195,13084623307934,0.422902,0.355300,,0.000000,
43,ECalibratedLiquid,600,8,5199,5198,5196,13084623311487,0.438499,0.300500,,0.000000,
43,ECalibratedLiquid,600,8,5200,5199,5197,13084623314492,0.374596,0.698300,,0.000000,
43,ECalibratedLiquid,600,8,5201,5200,5198,13084623321475,0.333900,0.423000,,0.000000,
43,ECalibratedLiquid,600,8,5202,5201,5199,13084623325705,0.320004,0.439100,,0.000000,
43,ECalibratedLiquid,600,8,5203,5202,5200,13084623330096,0.349497,0.369900,,0.000000,
43,ECalibratedLiquid,600,8,5204,5203,5201,13084623333795,0.333099,0.335200,,0.000000,
43,ECalibratedLiquid,600,8,5205,5204,5202,13084623337147,0.429804,0.317700,,0.000000,
44,ECalibratedLiquid,600,16,5237,5236,5234,13084626060326,0.268098,0.289700,,0.000000,
44,ECalibratedLiquid,600,16,5238,5237,5235,13084626063223,0.276502,0.283200,,0.000000,
44,ECalibratedLiquid,600,16,5239,5238,5236,13084626066055,0.314498,0.296600,,0.000000,
44,ECalibratedLiquid,600,16,5240,5239,5237,13084626069021,0.270500,0.268200,,0.000000,
44,ECalibratedLiquid,600,16,5241,5240,5238,13084626071703,0.302296,0.284100,,0.000000,
44,ECalibratedLiquid,600,16,5242,5241,5239,13084626074544,0.323802,0.306900,,0.000000,
44,ECalibratedLiquid,600,16,5243,5242,5240,13084626077613,0.304103,0.270300,,0.000000,
44,ECalibratedLiquid,600,16,5244,5243,5241,13084626080316,0.289399,0.301700,,0.000000,
44,ECalibratedLiquid,600,16,5245,5244,5242,13084626083333,0.285899,0.324900,,0.000000,
44,ECalibratedLiquid,600,16,5246,5245,5243,13084626086582,0.425801,0.303400,,0.000000,
44,ECalibratedLiquid,600,16,5247,5246,5244,13084626089616,0.310296,0.289400,,0.000000,
44,ECalibratedLiquid,600,16,5248,5247,5245,13084626092510,0.294806,0.285400,,0.000000,
44,ECalibratedLiquid,600,16,5249,5248,5246,13084626095364,0.279797,0.425700,,0.000000,
44,ECalibratedLiquid,600,16,5250,5249,5247,13084626099621,0.287500,0.313600,,0.000000,
44,ECalibratedLiquid,600,16,5251,5250,5248,13084626102757,0.262401,0.293600,,0.000000,
44,ECalibratedLiquid,600,16,5252,5251,5249,13084626105693,0.240497,0.278300,,0.000000,
44,ECalibratedLiquid,600,16,5253,5252,5250,13084626108476,0.229004,0.287900,,0.000000,
44,ECalibratedLiquid,600,16,5254,5253,5251,13084626111355,0.240894,0.259200,,0.000000,
44,ECalibratedLiquid,600,16,5255,5254,5252,13084626113947,0.246202,0.239600,,0.000000,
44,ECalibratedLiquid,600,16,5256,5255,5253,13084626116343,0.247399,0.230800,,0.000000,
44,ECalibratedLiquid,600,16,5257,5256,5254,13084626118651,0.242099,0.239500,,0.000000,
44,ECalibratedLiquid,600,16,5258,5257,5255,13084626121046,0.252905,0.246300,,0.000000,
44,ECalibratedLiquid,600,16,5259,5258,5256,13084626123509,0.253097,0.247600,,0.000000,
44,ECalibratedLiquid,600,16,5260,5259,5257,13084626125985,0.267304,0.245200,,0.000000,
44,ECalibratedLiquid,600,16,5261,5260,5258,13084626128437,0.270798,0.251000,,0.000000,
44,ECalibratedLiquid,600,16,5262,5261,5259,13084626130947,0.250397,0.254200,,0.000000,
44,ECalibratedLiquid,600,16,5263,5262,5260,13084626133489,0.269905,0.267800,,0.000000,
44,ECalibratedLiquid,600,16,5264,5263,5261,13084626136167,0.273399,0.268400,,0.000000,
44,ECalibratedLiquid,600,16,5265,5264,5262,13084626138851,0.291199,0.250200,,0.000000,
44,ECalibratedLiquid,600,16,5266,5265,5263,13084626141353,0.226899,0.276300,,0.000000,
44,ECalibratedLiquid,600,16,5267,5266,5264,13084626144116,0.273802,0.267500,,0.000000,
44,ECalibratedLiquid,600,16,5268,5267,5265,13084626146791,0.265497,0.291200,,0.000000,
44,ECalibratedLiquid,600,16,5269,5268,5266,13084626149703,0.274504,0.227200,,0.000000,
44,ECalibratedLiquid,600,16,5270,5269,5267,13084626151975,0.278997,0.273000,,0.000000,
44,ECalibratedLiquid,600,16,5271,5270,5268,13084626154705,0.238903,0.264800,,0.000000,
44,ECalibratedLiquid,600,16,5272,5271,5269,13084626157353,31.530697,0.278300,,0.000000,
44,ECalibratedLiquid,600,16,5273,5272,5270,13084626160136,41.942801,0.276000,,2.381700,
44,ECalibratedLiquid,600,16,5274,5273,5271,13084626162896,36.627196,0.242600,,2.564100,
44,ECalibratedLiquid,600,16,5275,5274,5272,13084626165322,3.340505,31.560500,,2.639500,
44,ECalibratedLiquid,600,16,5276,5275,5273,13084626480927,0.379797,41.928100,,0.000000,
44,ECalibratedLiquid,600,16,5277,5276,5274,13084626900208,0.268700,36.631000,,0.000000,
44,ECalibratedLiquid,600,16,5278,5277,5275,13084627266518,0.248802,3.329000,,0.000000,
44,ECalibratedLiquid,600,16,5279,5278,5276,13084627299808,0.265497,0.369800,,0.000000,
44,ECalibratedLiquid,600,16,5280,5279,5277,13084627303506,0.390802,0.267100,,0.000000,
44,ECalibratedLiquid,600,16,5281,5280,5278,13084627306177,0.343197,0.248400,,0.000000,
44,ECalibratedLiquid,600,16,5282,5281,5279,13084627308661,0.308298,0.275000,,0.000000,
44,ECalibratedLiquid,600,16,5283,5282,5280,13084627311411,0.273200,0.386500,,0.000000,
44,ECalibratedLiquid,600,16,5284,5283,5281,13084627315276,0.321705,0.344700,,0.000000,
44,ECalibratedLiquid,600,16,5285,5284,5282,13084627318723,0.271896,0.303200,,0.000000,
44,ECalibratedLiquid,600,16,5286,5285,5283,13084627321755,0.238102,0.280500,,0.000000,
44,ECalibratedLiquid,600,16,5287,5286,5284,13084627324560,0.253302,0.316300,,0.000000,
44,ECalibratedLiquid,600,16,5288,5287,5285,13084627327723,0.270798,0.269200,,0.000000,
44,ECalibratedLiquid,600,16,5289,5288,5286,13084627330415,0.584899,0.237200,,0.000000,
44,ECalibratedLiquid,600,16,5290,5289,5287,13084627332787,0.530201,0.255000,,0.000000,
44,ECalibratedLiquid,600,16,5291,5290,5288,13084627335337,0.348299,0.279200,,0.000000,
44,ECalibratedLiquid,600,16,5292,5291,5289,13084627338129,0.368197,0.658400,,0.000000,
44,ECalibratedLiquid,600,16,5293,5292,5290,13084627344713,0.330400,0.450800,,0.000000,
44,ECalibratedLiquid,600,16,5294,5293,5291,13084627349221,0.325503,0.350900,,0.000000,
44,ECalibratedLiquid,600,16,5295,5294,5292,13084627352730,0.265200,0.366600,,0.000000,
44,ECalibratedLiquid,600,16,5296,5295,5293,13084627356396,0.265299,0.331200,,0.000000,
44,ECalibratedLiquid,600,16,5297,5296,5294,13084627359708,0.261302,0.320800,,0.000000,
44,ECalibratedLiquid,600,16,5298,5297,5295,13084627362916,0.374398,0.265700,,0.000000,
44,ECalibratedLiquid,600,16,5299,5298,5296,13084627365573,0.288804,0.264000,,0.000000,
44,ECalibratedLiquid,600,16,5300,5299,5297,13084627368213,0.344296,0.270000,,0.000000,
44,ECalibratedLiquid,600,16,5301,5300,5298,13084627370913,0.378401,0.366900,,0.000000,
44,ECalibratedLiquid,600,16,5302,5301,5299,13084627374582,0.377601,0.295900,,0.000000,
44,ECalibratedLiquid,600,16,5303,5302,5300,13084627377541,0.365101,0.339400,,0.000000,
44,ECalibratedLiquid,600,16,5304,5303,5301,13084627380935,0.373299,0.378800,,0.000000,
44,ECalibratedLiquid,600,16,5305,5304,5302,13084627384723,0.385098,0.378300,,0.000000,
44,ECalibratedLiquid,600,16,5306,5305,5303,13084627388506,0.341100,0.369000,,0.000000,
44,ECalibratedLiquid,600,16,5307,5306,5304,13084627392196,0.334800,0.427500,,0.000000,
44,ECalibratedLiquid,600,16,5308,5307,5305,13084627396471,0.308404,0.329500,,0.000000,
44,ECalibratedLiquid,600,16,5309,5308,5306,13084627399766,0.301198,0.337000,,0.000000,
44,ECalibratedLiquid,600,16,5310,5309,5307,13084627403136,0.315802,0.334700,,0.000000,
44,ECalibratedLiquid,600,16,5311,5310,5308,13084627406483,2.239399,0.308700,,1.803000,
44,ECalibratedLiquid,600,16,5312,5311,5309,13084627409570,0.329195,0.300100,,0.000000,
44,ECalibratedLiquid,600,16,5313,5312,5310,13084627412571,0.305003,0.318200,,0.000000,
44,ECalibratedLiquid,600,16,5314,5313,5311,13084627415753,0.495302,2.241800,,0.000000,
44,ECalibratedLiquid,600,16,5315,5314,5312,13084627438171,0.394097,0.323400,,0.000000,
44,ECalibratedLiquid,600,16,5316,5315,5313,13084627441405,0.358099,0.311300,,0.000000,
44,ECalibratedLiquid,600,16,5317,5316,5314,13084627444518,0.657901,0.494400,,0.000000,
44,ECalibratedLiquid,600,16,5318,5317,5315,13084627449462,0.351899,0.393300,,0.000000,
44,ECalibratedLiquid,600,16,5319,5318,5316,13084627453395,0.346301,0.616400,,0.000000,
44,ECalibratedLiquid,600,16,5320,5319,5317,13084627459559,0.334999,0.399400,,0.000000,
44,ECalibratedLiquid,600,16,5321,5320,5318,13084627463553,0.326304,0.349800,,0.000000,
44,ECalibratedLiquid,600,16,5322,5321,5319,13084627467051,0.367900,0.347500,,0.000000,
44,ECalibratedLiquid,600,16,5323,5322,5320,13084627470526,0.356300,0.331200,,0.000000,
44,ECalibratedLiquid,600,16,5324,5323,5321,13084627473838,0.311699,0.330200,,0.000000,
44,ECalibratedLiquid,600,16,5325,5324,5322,13084627477140,0.343700,0.368400,,0.000000,
44,ECalibratedLiquid,600,16,5326,5325,5323,13084627480824,0.367701,0.351800,,0.000000,
45,ECalibratedLiquid,1000,1,5358,5357,5355,13084632295932,0.160502,1.340200,,0.000000,
45,ECalibratedLiquid,1000,1,5359,5358,5356,13084632309334,0.180499,0.225200,,0.000000,
45,ECalibratedLiquid,1000,1,5360,5359,5357,13084632311586,0.164399,0.193500,,0.000000,
45,ECalibratedLiquid,1000,1,5361,5360,5358,13084632313521,0.184701,0.159400,,0.000000,
45,ECalibratedLiquid,1000,1,5362,5361,5359,13084632315115,0.183900,0.180600,,0.000000,
45,ECalibratedLiquid,1000,1,5363,5362,5360,13084632316921,0.174497,0.165000,,0.000000,
45,ECalibratedLiquid,1000,1,5364,5363,5361,13084632318571,0.207200,0.184100,,0.000000,
45,ECalibratedLiquid,1000,1,5365,5364,5362,13084632320412,0.193601,0.183900,,0.000000,
45,ECalibratedLiquid,1000,1,5366,5365,5363,13084632322251,0.200900,0.177400,,0.000000,
45,ECalibratedLiquid,1000,1,5367,5366,5364,13084632324025,0.493304,0.205500,,0.000000,
45,ECalibratedLiquid,1000,1,5368,5367,5365,13084632326080,0.254599,0.194600,,0.000000,
45,ECalibratedLiquid,1000,1,5369,5368,5366,13084632328026,0.214300,0.201800,,0.000000,
45,ECalibratedLiquid,1000,1,5370,5369,5367,13084632330044,0.235799,0.493300,,0.000000,
45,ECalibratedLiquid,1000,1,5371,5370,5368,13084632334977,0.214902,0.254400,,0.000000,
45,ECalibratedLiquid,1000,1,5372,5371,5369,13084632337521,0.176396,0.215900,,0.000000,
45,ECalibratedLiquid,1000,1,5373,5372,5370,13084632339680,0.150900,0.233400,,0.000000,
45,ECalibratedLiquid,1000,1,5374,5373,5371,13084632342014,0.141504,0.213600,,0.000000,
45,ECalibratedLiquid,1000,1,5375,5374,5372,13084632344150,0.190597,0.176000,,0.000000,
45,ECalibratedLiquid,1000,1,5376,5375,5373,13084632345910,0.210899,0.151400,,0.000000,
45,ECalibratedLiquid,1000,1,5377,5376,5374,13084632347424,0.217602,0.143200,,0.000000,
45,ECalibratedLiquid,1000,1,5378,5377,5375,13084632348856,0.237500,0.188700,,0.000000,
45,ECalibratedLiquid,1000,1,5379,5378,5376,13084632350743,0.205598,0.210400,,0.000000,
45,ECalibratedLiquid,1000,1,5380,5379,5377,13084632352847,0.241504,0.218200,,0.000000,
45,ECalibratedLiquid,1000,1,5381,5380,5378,13084632355029,0.244700,0.238500,,0.000000,
45,ECalibratedLiquid,1000,1,5382,5381,5379,13084632357414,0.223902,0.209100,,0.000000,
45,ECalibratedLiquid,1000,1,5383,5382,5380,13084632359505,0.210594,0.240900,,0.000000,
45,ECalibratedLiquid,1000,1,5384,5383,5381,13084632361914,0.225900,0.244400,,0.000000,
45,ECalibratedLiquid,1000,1,5385,5384,5382,13084632364358,0.199603,0.222400,,0.000000,
45,ECalibratedLiquid,1000,1,5386,5385,5383,13084632366582,0.223299,0.211200,,0.000000,
45,ECalibratedLiquid,1000,1,5387,5386,5384,13084632368694,0.179004,0.225500,,0.000000,
45,ECalibratedLiquid,1000,1,5388,5387,5385,13084632370949,0.150694,0.200100,,0.000000,
45,ECalibratedLiquid,1000,1,5389,5388,5386,13084632372950,0.180605,0.220200,,0.000000,
45,ECalibratedLiquid,1000,1,5390,5389,5387,13084632375152,0.212295,0.178100,,0.000000,
45,ECalibratedLiquid,1000,1,5391,5390,5388,13084632376933,30.355003,0.149600,,0.000000,
45,ECalibratedLiquid,1000,1,5392,5391,5389,13084632378429,37.715703,0.181300,,1.470500,
45,ECalibratedLiquid,1000,1,5393,5392,5390,13084632380242,29.620798,0.214300,,3.842100,
45,ECalibratedLiquid,1000,1,5394,5393,5391,13084632382385,29.247902,30.373800,,3.039400,
45,ECalibratedLiquid,1000,1,5395,5394,5392,13084632686123,2.339895,37.726600,,1.725500,
45,ECalibratedLiquid,1000,1,5396,5395,5393,13084633063389,0.334099,29.613000,,0.000000,
45,ECalibratedLiquid,1000,1,5397,5396,5394,13084633359519,0.222605,29.253500,,0.000000,
45,ECalibratedLiquid,1000,1,5398,5397,5395,13084633652054,0.297895,2.326500,,0.000000,
45,ECalibratedLiquid,1000,1,5399,5398,5396,13084633675319,0.216504,0.324200,,0.000000,
45,ECalibratedLiquid,1000,1,5400,5399,5397,13084633678561,0.217999,0.227800,,0.000000,
45,ECalibratedLiquid,1000,1,5401,5400,5398,13084633680839,0.278699,0.289900,,0.000000,
45,ECalibratedLiquid,1000,1,5402,5401,5399,13084633683738,0.199901,0.215500,,0.000000,
45,ECalibratedLiquid,1000,1,5403,5402,5400,13084633685893,0.204500,0.223600,,0.000000,
45,ECalibratedLiquid,1000,1,5404,5403,5401,13084633688129,0.228302,0.277300,,0.000000,
45,ECalibratedLiquid,1000,1,5405,5404,5402,13084633690902,1.629500,0.197100,,1.260500,
45,ECalibratedLiquid,1000,1,5406,5405,5403,13084633692873,0.180201,0.202700,,0.000000,
45,ECalibratedLiquid,1000,1,5407,5406,5404,13084633694900,0.149596,0.231800,,0.000000,
45,ECalibratedLiquid,1000,1,5408,5407,5405,13084633697218,0.198200,1.627900,,0.000000,
45,ECalibratedLiquid,1000,1,5409,5408,5406,13084633713497,0.263598,0.177700,,0.000000,
45,ECalibratedLiquid,1000,1,5410,5409,5407,13084633715274,0.183801,0.149200,,0.000000,
45,ECalibratedLiquid,1000,1,5411,5410,5408,13084633716766,0.168403,0.209800,,0.000000,
45,ECalibratedLiquid,1000,1,5412,5411,5409,13084633718864,0.310197,0.253800,,0.000000,
45,ECalibratedLiquid,1000,1,5413,5412,5410,13084633721402,0.404301,0.182200,,0.000000,
45,ECalibratedLiquid,1000,1,5414,5413,5411,13084633723224,0.350404,0.168300,,0.000000,
45,ECalibratedLiquid,1000,1,5415,5414,5412,13084633724907,0.273094,0.394600,,0.000000,
45,ECalibratedLiquid,1000,1,5416,5415,5413,13084633728853,0.377806,0.371100,,0.000000,
45,ECalibratedLiquid,1000,1,5417,5416,5414,13084633732564,0.295394,0.307600,,0.000000,
45,ECalibratedLiquid,1000,1,5418,5417,5415,13084633735640,0.314605,0.271300,,0.000000,
45,ECalibratedLiquid,1000,1,5419,5418,5416,13084633738353,0.342397,0.374600,,0.000000,
45,ECalibratedLiquid,1000,1,5420,5419,5417,13084633742099,0.309800,0.301700,,0.000000,
45,ECalibratedLiquid,1000,1,5421,5420,5418,13084633745116,0.323200,0.314500,,0.000000,
45,ECalibratedLiquid,1000,1,5422,5421,5419,13084633748261,0.266901,0.340100,,0.000000,
45,ECalibratedLiquid,1000,1,5423,5422,5420,13084633751662,0.218304,0.312100,,0.000000,
45,ECalibratedLiquid,1000,1,5424,5423,5421,13084633754783,0.189796,0.318500,,0.000000,
45,ECalibratedLiquid,1000,1,5425,5424,5422,13084633757968,0.255605,0.263700,,0.000000,
45,ECalibratedLiquid,1000,1,5426,5425,5423,13084633760605,0.274596,0.217200,,0.000000,
45,ECalibratedLiquid,1000,1,5427,5426,5424,13084633762777,0.223802,0.189800,,0.000000,
45,ECalibratedLiquid,1000,1,5428,5427,5425,13084633764675,0.335799,0.260400,,0.000000,
45,ECalibratedLiquid,1000,1,5429,5428,5426,13084633767279,0.294600,0.269800,,0.000000,
45,ECalibratedLiquid,1000,1,5430,5429,5427,13084633769977,0.245196,0.233700,,0.000000,
45,ECalibratedLiquid,1000,1,5431,5430,5428,13084633772314,0.228600,0.329900,,0.000000,
45,ECalibratedLiquid,1000,1,5432,5431,5429,13084633775613,0.319806,0.293400,,0.000000,
45,ECalibratedLiquid,1000,1,5433,5432,5430,13084633778547,0.252494,0.241900,,0.000000,
45,ECalibratedLiquid,1000,1,5434,5433,5431,13084633780966,0.257703,0.235400,,0.000000,
45,ECalibratedLiquid,1000,1,5435,5434,5432,13084633783320,0.293899,0.315900,,0.000000,
45,ECalibratedLiquid,1000,1,5436,5435,5433,13084633786479,0.321003,0.250600,,0.000000,
45,ECalibratedLiquid,1000,1,5437,5436,5434,13084633788985,0.282901,0.261600,,0.000000,
45,ECalibratedLiquid,1000,1,5438,5437,5435,13084633791601,0.250298,0.295100,,0.000000,
45,ECalibratedLiquid,1000,1,5439,5438,5436,13084633794552,0.206300,0.320300,,0.000000,
45,ECalibratedLiquid,1000,1,5440,5439,5437,13084633797755,0.199901,0.279300,,0.000000,
45,ECalibratedLiquid,1000,1,5441,5440,5438,13084633800548,0.193800,0.248200,,0.000000,
45,ECalibratedLiquid,1000,1,5442,5441,5439,13084633803030,0.206399,0.205700,,0.000000,
45,ECalibratedLiquid,1000,1,5443,5442,5440,13084633805087,0.285998,0.199700,,0.000000,
45,ECalibratedLiquid,1000,1,5444,5443,5441,13084633807084,0.293502,0.197600,,0.000000,
45,ECalibratedLiquid,1000,1,5445,5444,5442,13084633809060,0.223902,0.204700,,0.000000,
45,ECalibratedLiquid,1000,1,5446,5445,5443,13084633811107,0.222102,0.292900,,0.000000,
45,ECalibratedLiquid,1000,1,5447,5446,5444,13084633814036,0.333298,0.287300,,0.000000,
46,ECalibratedLiquid,1000,4,5479,5478,5476,13084637690250,0.221797,0.314900,,0.000000,
46,ECalibratedLiquid,1000,4,5480,5479,5477,13084637693399,0.368304,0.236800,,0.000000,
46,ECalibratedLiquid,1000,4,5481,5480,5478,13084637695767,0.345897,3.365400,,0.000000,
46,ECalibratedLiquid,1000,4,5482,5481,5479,13084637729421,0.344501,0.212900,,0.000000,
46,ECalibratedLiquid,1000,4,5483,5482,5480,13084637731550,0.357901,0.371800,,0.000000,
46,ECalibratedLiquid,1000,4,5484,5483,5481,13084637735268,0.298703,0.347600,,0.000000,
46,ECalibratedLiquid,1000,4,5485,5484,5482,13084637738744,0.244997,0.345200,,0.000000,
46,ECalibratedLiquid,1000,4,5486,5485,5483,13084637742196,0.310899,0.358900,,0.000000,
46,ECalibratedLiquid,1000,4,5487,5486,5484,13084637745785,5.583404,0.295400,,0.000000,
46,ECalibratedLiquid,1000,4,5488,5487,5485,13084637748739,0.559999,0.243800,,0.000000,
46,ECalibratedLiquid,1000,4,5489,5488,5486,13084637751177,0.361196,0.313200,,0.000000,
46,ECalibratedLiquid,1000,4,5490,5489,5487,13084637754309,0.259800,5.598100,,0.000000,
46,ECalibratedLiquid,1000,4,5491,5490,5488,13084637810290,0.279500,0.548100,,0.000000,
46,ECalibratedLiquid,1000,4,5492,5491,5489,13084637815771,0.308305,0.358400,,0.000000,
46,ECalibratedLiquid,1000,4,5493,5492,5490,13084637819355,0.295096,0.255500,,0.000000,
46,ECalibratedLiquid,1000,4,5494,5493,5491,13084637821910,0.514902,0.279900,,0.000000,
46,ECalibratedLiquid,1000,4,5495,5494,5492,13084637824709,1.566001,0.314900,,0.000000,
46,ECalibratedLiquid,1000,4,5496,5495,5493,13084637827858,0.253196,0.293000,,0.000000,
46,ECalibratedLiquid,1000,4,5497,5496,5494,13084637830788,0.540901,1.412400,,0.000000,
46,ECalibratedLiquid,1000,4,5498,5497,5495,13084637844912,0.315398,0.668300,,0.000000,
46,ECalibratedLiquid,1000,4,5499,5498,5496,13084637851595,0.231505,0.469800,,0.000000,
46,ECalibratedLiquid,1000,4,5500,5499,5497,13084637856293,0.193601,0.323800,,0.000000,
46,ECalibratedLiquid,1000,4,5501,5500,5498,13084637859531,0.300298,0.313400,,0.000000,
46,ECalibratedLiquid,1000,4,5502,5501,5499,13084637862665,0.212897,0.229500,,0.000000,
46,ECalibratedLiquid,1000,4,5503,5502,5500,13084637864960,0.189002,0.193000,,0.000000,
46,ECalibratedLiquid,1000,4,5504,5503,5501,13084637866890,0.189598,0.302400,,0.000000,
46,ECalibratedLiquid,1000,4,5505,5504,5502,13084637869914,0.183801,0.209600,,0.000000,
46,ECalibratedLiquid,1000,4,5506,5505,5503,13084637872010,0.195805,0.188800,,0.000000,
46,ECalibratedLiquid,1000,4,5507,5506,5504,13084637873898,0.181796,0.188500,,0.000000,
46,ECalibratedLiquid,1000,4,5508,5507,5505,13084637875783,0.186600,0.185300,,0.000000,
46,ECalibratedLiquid,1000,4,5509,5508,5506,13084637877636,0.197499,0.195200,,0.000000,
46,ECalibratedLiquid,1000,4,5510,5509,5507,13084637879588,0.216702,0.180800,,0.000000,
46,ECalibratedLiquid,1000,4,5511,5510,5508,13084637881396,39.150000,0.187900,,0.000000,
46,ECalibratedLiquid,1000,4,5512,5511,5509,13084637883275,61.493602,0.197700,,3.696500,
46,ECalibratedLiquid,1000,4,5513,5512,5510,13084637885252,57.440497,0.217300,,5.809900,
46,ECalibratedLiquid,1000,4,5514,5513,5511,13084637887425,6.257200,39.176100,,5.345000,
46,ECalibratedLiquid,1000,4,5515,5514,5512,13084638279186,1.971003,61.509400,,1.528700,
46,ECalibratedLiquid,1000,4,5516,5515,5513,13084638894280,0.321995,57.426500,,0.000000,
46,ECalibratedLiquid,1000,4,5517,5516,5514,13084639468545,0.274100,6.243100,,0.000000,
46,ECalibratedLiquid,1000,4,5518,5517,5515,13084639530976,0.273802,1.968500,,0.000000,
46,ECalibratedLiquid,1000,4,5519,5518,5516,13084639550661,0.270401,0.317100,,0.000000,
46,ECalibratedLiquid,1000,4,5520,5519,5517,13084639553832,0.216001,0.273300,,0.000000,
46,ECalibratedLiquid,1000,4,5521,5520,5518,13084639556565,0.364902,0.272900,,0.000000,
46,ECalibratedLiquid,1000,4,5522,5521,5519,13084639559294,0.211494,0.267900,,0.000000,
46,ECalibratedLiquid,1000,4,5523,5522,5520,13084639561973,0.228104,0.215100,,0.000000,
46,ECalibratedLiquid,1000,4,5524,5523,5521,13084639564124,0.242198,0.362700,,0.000000,
46,ECalibratedLiquid,1000,4,5525,5524,5522,13084639567751,0.197102,0.213400,,0.000000,
46,ECalibratedLiquid,1000,4,5526,5525,5523,13084639569885,0.184099,0.232200,,0.000000,
46,ECalibratedLiquid,1000,4,5527,5526,5524,13084639572207,0.193998,0.236400,,0.000000,
46,ECalibratedLiquid,1000,4,5528,5527,5525,13084639574571,0.159503,0.195800,,0.000000,
46,ECalibratedLiquid,1000,4,5529,5528,5526,13084639576529,0.154202,0.184500,,0.000000,
46,ECalibratedLiquid,1000,4,5530,5529,5527,13084639578374,0.149802,0.194000,,0.000000,
46,ECalibratedLiquid,1000,4,5531,5530,5528,13084639580314,0.188400,0.158400,,0.000000,
46,ECalibratedLiquid,1000,4,5532,5531,5529,13084639581898,0.183893,0.154500,,0.000000,
46,ECalibratedLiquid,1000,4,5533,5532,5530,13084639583443,0.163605,0.149000,,0.000000,
46,ECalibratedLiquid,1000,4,5534,5533,5531,13084639584933,0.154797,0.189400,,0.000000,
46,ECalibratedLiquid,1000,4,5535,5534,5532,13084639586827,0.180102,0.183800,,0.000000,
46,ECalibratedLiquid,1000,4,5536,5535,5533,13084639588665,0.212302,0.163600,,0.000000,
46,ECalibratedLiquid,1000,4,5537,5536,5534,13084639590301,0.351495,0.154300,,0.000000,
46,ECalibratedLiquid,1000,4,5538,5537,5535,13084639591844,0.250099,0.180800,,0.000000,
46,ECalibratedLiquid,1000,4,5539,5538,5536,13084639593652,0.250404,0.219600,,0.000000,
46,ECalibratedLiquid,1000,4,5540,5539,5537,13084639595848,0.174596,0.346800,,0.000000,
46,ECalibratedLiquid,1000,4,5541,5540,5538,13084639599316,0.171499,0.283600,,0.000000,
46,ECalibratedLiquid,1000,4,5542,5541,5539,13084639602152,0.190802,0.214400,,0.000000,
46,ECalibratedLiquid,1000,4,5543,5542,5540,13084639604296,0.153501,0.174200,,0.000000,
46,ECalibratedLiquid,1000,4,5544,5543,5541,13084639606038,0.171903,0.171200,,0.000000,
46,ECalibratedLiquid,1000,4,5545,5544,5542,13084639607750,0.171698,0.190400,,0.000000,
46,ECalibratedLiquid,1000,4,5546,5545,5543,13084639609654,0.167198,0.153500,,0.000000,
46,ECalibratedLiquid,1000,4,5547,5546,5544,13084639611189,0.166901,0.171900,,0.000000,
46,ECalibratedLiquid,1000,4,5548,5547,5545,13084639612908,0.168899,0.171600,,0.000000,
46,ECalibratedLiquid,1000,4,5549,5548,5546,13084639614624,0.171903,0.167300,,0.000000,
46,ECalibratedLiquid,1000,4,5550,5549,5547,13084639616297,0.227197,0.167500,,0.000000,
46,ECalibratedLiquid,1000,4,5551,5550,5548,13084639617972,0.250801,0.168400,,0.000000,
46,ECalibratedLiquid,1000,4,5552,5551,5549,13084639619656,0.213499,0.171800,,0.000000,
46,ECalibratedLiquid,1000,4,5553,5552,5550,13084639621374,0.286600,0.237200,,0.000000,
46,ECalibratedLiquid,1000,4,5554,5553,5551,13084639623746,0.225999,0.242400,,0.000000,
46,ECalibratedLiquid,1000,4,5555,5554,5552,13084639626170,0.268204,0.212800,,0.000000,
46,ECalibratedLiquid,1000,4,5556,5555,5553,13084639628298,0.202395,0.285700,,0.000000,
46,ECalibratedLiquid,1000,4,5557,5556,5554,13084639631155,0.187401,0.232600,,0.000000,
46,ECalibratedLiquid,1000,4,5558,5557,5555,13084639633481,0.182603,0.264900,,0.000000,
46,ECalibratedLiquid,1000,4,5559,5558,5556,13084639636130,0.291702,0.199800,,0.000000,
46,ECalibratedLiquid,1000,4,5560,5559,5557,13084639638128,0.301594,0.187200,,0.000000,
46,ECalibratedLiquid,1000,4,5561,5560,5558,13084639640000,0.310799,0.182200,,0.000000,
46,ECalibratedLiquid,1000,4,5562,5561,5559,13084639641822,0.317000,0.297800,,0.000000,
46,ECalibratedLiquid,1000,4,5563,5562,5560,13084639644800,0.318502,0.303300,,0.000000,
46,ECalibratedLiquid,1000,4,5564,5563,5561,13084639647833,0.337904,0.312000,,0.000000,
46,ECalibratedLiquid,1000,4,5565,5564,5562,13084639650953,0.313797,0.318200,,0.000000,
46,ECalibratedLiquid,1000,4,5566,5565,5563,13084639654135,0.312401,0.317900,,0.000000,
46,ECalibratedLiquid,1000,4,5567,5566,5564,13084639657314,0.301502,0.335700,,0.000000,
46,ECalibratedLiquid,1000,4,5568,5567,5565,13084639660671,0.300496,0.317600,,0.000000,
47,ECalibratedLiquid,1000,8,5600,5599,5597,13084645041342,0.242900,0.273900,,0.000000,
47,ECalibratedLiquid,1000,8,5601,5600,5598,13084645044081,0.292099,0.310000,,0.000000,
47,ECalibratedLiquid,1000,8,5602,5601,5599,13084645047181,0.258404,0.330600,,0.000000,
47,ECalibratedLiquid,1000,8,5603,5602,5600,13084645050487,0.241695,0.244000,,0.000000,
47,ECalibratedLiquid,1000,8,5604,5603,5601,13084645052927,0.264803,0.294300,,0.000000,
47,ECalibratedLiquid,1000,8,5605,5604,5602,13084645055870,0.255598,0.257200,,0.000000,
47,ECalibratedLiquid,1000,8,5606,5605,5603,13084645058442,0.258000,0.239700,,0.000000,
47,ECalibratedLiquid,1000,8,5607,5606,5604,13084645060839,0.214704,0.264400,,0.000000,
47,ECalibratedLiquid,1000,8,5608,5607,5605,13084645063483,0.239300,0.257900,,0.000000,
47,ECalibratedLiquid,1000,8,5609,5608,5606,13084645066062,0.252494,0.256100,,0.000000,
47,ECalibratedLiquid,1000,8,5610,5609,5607,13084645068623,0.313003,0.213100,,0.000000,
47,ECalibratedLiquid,1000,8,5611,5610,5608,13084645070754,0.511699,0.244500,,0.000000,
47,ECalibratedLiquid,1000,8,5612,5611,5609,13084645073199,0.387004,0.251000,,0.000000,
47,ECalibratedLiquid,1000,8,5613,5612,5610,13084645075709,0.232200,0.384200,,0.000000,
47,ECalibratedLiquid,1000,8,5614,5613,5611,13084645079551,0.247598,0.472600,,0.000000,
47,ECalibratedLiquid,1000,8,5615,5614,5612,13084645084277,0.211600,0.353500,,0.000000,
47,ECalibratedLiquid,1000,8,5616,5615,5613,13084645087812,0.234999,0.229800,,0.000000,
47,ECalibratedLiquid,1000,8,5617,5616,5614,13084645090110,0.250702,0.246400,,0.000000,
47,ECalibratedLiquid,1000,8,5618,5617,5615,13084645092574,0.234899,0.212100,,0.000000,
47,ECalibratedLiquid,1000,8,5619,5618,5616,13084645094695,0.243998,0.234500,,0.000000,
47,ECalibratedLiquid,1000,8,5620,5619,5617,13084645097040,0.286302,0.252600,,0.000000,
47,ECalibratedLiquid,1000,8,5621,5620,5618,13084645099566,0.248696,0.235600,,0.000000,
47,ECalibratedLiquid,1000,8,5622,5621,5619,13084645101922,0.268105,0.242900,,0.000000,
47,ECalibratedLiquid,1000,8,5623,5622,5620,13084645104351,0.289895,0.288400,,0.000000,
47,ECalibratedLiquid,1000,8,5624,5623,5621,13084645107235,0.226502,0.247400,,0.000000,
47,ECalibratedLiquid,1000,8,5625,5624,5622,13084645109709,0.233099,0.269400,,0.000000,
47,ECalibratedLiquid,1000,8,5626,5625,5623,13084645112403,0.187500,0.289000,,0.000000,
47,ECalibratedLiquid,1000,8,5627,5626,5624,13084645115293,0.193700,0.226700,,0.000000,
47,ECalibratedLiquid,1000,8,5628,5627,5625,13084645117560,0.267900,0.229400,,0.000000,
47,ECalibratedLiquid,1000,8,5629,5628,5626,13084645119854,32.519601,0.186500,,0.000000,
47,ECalibratedLiquid,1000,8,5630,5629,5627,13084645121719,43.513004,0.202700,,2.863200,
47,ECalibratedLiquid,1000,8,5631,5630,5628,13084645123746,37.734702,0.262200,,3.349400,
47,ECalibratedLiquid,1000,8,5632,5631,5629,13084645126368,3.265299,32.542500,,2.670800,
47,ECalibratedLiquid,1000,8,5633,5632,5630,13084645451793,0.281200,43.509500,,0.000000,
47,ECalibratedLiquid,1000,8,5634,5633,5631,13084645886888,0.272995,37.759000,,0.000000,
47,ECalibratedLiquid,1000,8,5635,5634,5632,13084646264478,0.222300,3.231000,,0.000000,
47,ECalibratedLiquid,1000,8,5636,5635,5633,13084646296788,0.213804,0.278300,,0.000000,
47,ECalibratedLiquid,1000,8,5637,5636,5634,13084646299571,0.178798,0.266600,,0.000000,
47,ECalibratedLiquid,1000,8,5638,5637,5635,13084646302237,0.199603,0.218700,,0.000000,
47,ECalibratedLiquid,1000,8,5639,5638,5636,13084646304424,0.188095,0.213900,,0.000000,
47,ECalibratedLiquid,1000,8,5640,5639,5637,13084646306563,0.258603,0.178400,,0.000000,
47,ECalibratedLiquid,1000,8,5641,5640,5638,13084646308347,0.206200,0.199600,,0.000000,
47,ECalibratedLiquid,1000,8,5642,5641,5639,13084646310343,0.282001,0.196100,,0.000000,
47,ECalibratedLiquid,1000,8,5643,5642,5640,13084646312304,0.356101,0.250900,,0.000000,
47,ECalibratedLiquid,1000,8,5644,5643,5641,13084646314813,0.320295,0.213000,,0.000000,
47,ECalibratedLiquid,1000,8,5645,5644,5642,13084646316943,0.249405,0.334100,,0.000000,
47,ECalibratedLiquid,1000,8,5646,5645,5643,13084646320284,0.289895,0.347200,,0.000000,
47,ECalibratedLiquid,1000,8,5647,5646,5644,13084646323756,0.246202,0.278400,,0.000000,
47,ECalibratedLiquid,1000,8,5648,5647,5645,13084646326540,0.262302,0.250600,,0.000000,
47,ECalibratedLiquid,1000,8,5649,5648,5646,13084646329046,0.241100,0.284500,,0.000000,
47,ECalibratedLiquid,1000,8,5650,5649,5647,13084646331891,0.201701,0.249800,,0.000000,
47,ECalibratedLiquid,1000,8,5651,5650,5648,13084646334389,0.185601,0.259900,,0.000000,
47,ECalibratedLiquid,1000,8,5652,5651,5649,13084646336988,0.166199,0.239900,,0.000000,
47,ECalibratedLiquid,1000,8,5653,5652,5650,13084646339387,0.272399,0.197400,,0.000000,
47,ECalibratedLiquid,1000,8,5654,5653,5651,13084646341361,0.298002,0.185700,,0.000000,
47,ECalibratedLiquid,1000,8,5655,5654,5652,13084646343218,0.283695,0.171600,,0.000000,
47,ECalibratedLiquid,1000,8,5656,5655,5653,13084646344934,0.205400,0.274800,,0.000000,
47,ECalibratedLiquid,1000,8,5657,5656,5654,13084646347682,0.247704,0.295900,,0.000000,
47,ECalibratedLiquid,1000,8,5658,5657,5655,13084646350641,0.204897,0.279200,,0.000000,
47,ECalibratedLiquid,1000,8,5659,5658,5656,13084646353433,0.170500,0.203500,,0.000000,
47,ECalibratedLiquid,1000,8,5660,5659,5657,13084646355468,0.217304,0.250400,,0.000000,
47,ECalibratedLiquid,1000,8,5661,5660,5658,13084646357972,0.215795,0.202200,,0.000000,
47,ECalibratedLiquid,1000,8,5662,5661,5659,13084646359994,0.231002,0.170300,,0.000000,
47,ECalibratedLiquid,1000,8,5663,5662,5660,13084646361697,0.244898,0.217300,,0.000000,
47,ECalibratedLiquid,1000,8,5664,5663,5661,13084646363870,0.183801,0.216500,,0.000000,
47,ECalibratedLiquid,1000,8,5665,5664,5662,13084646366035,0.251998,0.237200,,0.000000,
47,ECalibratedLiquid,1000,8,5666,5665,5663,13084646368407,0.274306,0.239100,,0.000000,
47,ECalibratedLiquid,1000,8,5667,5666,5664,13084646370798,0.290497,0.183100,,0.000000,
47,ECalibratedLiquid,1000,8,5668,5667,5665,13084646372629,0.254301,0.255000,,0.000000,
47,ECalibratedLiquid,1000,8,5669,5668,5666,13084646375179,0.204599,0.279800,,0.000000,
47,ECalibratedLiquid,1000,8,5670,5669,5667,13084646377977,0.227197,0.290300,,0.000000,
47,ECalibratedLiquid,1000,8,5671,5670,5668,13084646380880,0.231604,0.248300,,0.000000,
47,ECalibratedLiquid,1000,8,5672,5671,5669,13084646383363,0.216397,0.202200,,0.000000,
47,ECalibratedLiquid,1000,8,5673,5672,5670,13084646385385,0.300801,0.229800,,0.000000,
47,ECalibratedLiquid,1000,8,5674,5673,5671,13084646387683,0.253104,0.230200,,0.000000,
47,ECalibratedLiquid,1000,8,5675,5674,5672,13084646389985,0.280194,0.223800,,0.000000,
47,ECalibratedLiquid,1000,8,5676,5675,5673,13084646392223,0.269005,0.300100,,0.000000,
47,ECalibratedLiquid,1000,8,5677,5676,5674,13084646395224,0.298299,0.248300,,0.000000,
47,ECalibratedLiquid,1000,8,5678,5677,5675,13084646397707,0.229202,0.286200,,0.000000,
47,ECalibratedLiquid,1000,8,5679,5678,5676,13084646400569,0.208298,0.269100,,0.000000,
47,ECalibratedLiquid,1000,8,5680,5679,5677,13084646403260,0.212599,0.293500,,0.000000,
47,ECalibratedLiquid,1000,8,5681,5680,5678,13084646406195,0.204698,0.225000,,0.000000,
47,ECalibratedLiquid,1000,8,5682,5681,5679,13084646408445,0.239803,0.207300,,0.000000,
47,ECalibratedLiquid,1000,8,5683,5682,5680,13084646410518,0.296995,0.214900,,0.000000,
47,ECalibratedLiquid,1000,8,5684,5683,5681,13084646412667,1.770904,0.202700,,1.380600,
47,ECalibratedLiquid,1000,8,5685,5684,5682,13084646414694,0.332001,0.248600,,0.000000,
47,ECalibratedLiquid,1000,8,5686,5685,5683,13084646417180,0.295401,0.298500,,0.000000,
47,ECalibratedLiquid,1000,8,5687,5686,5684,13084646420165,0.252997,1.769000,,0.000000,
47,ECalibratedLiquid,1000,8,5688,5687,5685,13084646437855,0.345096,0.327600,,0.000000,
47,ECalibratedLiquid,1000,8,5689,5688,5686,13084646441131,0.321804,0.295100,,0.000000,
48,ECalibratedLiquid,1000,16,5721,5720,5718,13084651468261,0.143601,0.129200,,0.000000,
48,ECalibratedLiquid,1000,16,5722,5721,5719,13084651469553,0.160799,0.139400,,0.000000,
48,ECalibratedLiquid,1000,16,5723,5722,5720,13084651470947,0.182100,0.129600,,0.000000,
48,ECalibratedLiquid,1000,16,5724,5723,5721,13084651472243,0.168700,0.143800,,0.000000,
48,ECalibratedLiquid,1000,16,5725,5724,5722,13084651473681,0.159793,0.165600,,0.000000,
48,ECalibratedLiquid,1000,16,5726,5725,5723,13084651475337,0.162606,0.178400,,0.000000,
48,ECalibratedLiquid,1000,16,5727,5726,5724,13084651477121,0.144097,0.169800,,0.000000,
48,ECalibratedLiquid,1000,16,5728,5727,5725,13084651478819,0.156803,0.158700,,0.000000,
48,ECalibratedLiquid,1000,16,5729,5728,5726,13084651480406,0.120500,0.162500,,0.000000,
48,ECalibratedLiquid,1000,16,5730,5729,5727,13084651482031,0.128493,0.146300,,0.000000,
48,ECalibratedLiquid,1000,16,5731,5730,5728,13084651483494,0.118204,0.152700,,0.000000,
48,ECalibratedLiquid,1000,16,5732,5731,5729,13084651485021,0.123399,0.121600,,0.000000,
48,ECalibratedLiquid,1000,16,5733,5732,5730,13084651486237,0.109800,0.127600,,0.000000,
48,ECalibratedLiquid,1000,16,5734,5733,5731,13084651487513,0.185402,0.119200,,0.000000,
48,ECalibratedLiquid,1000,16,5735,5734,5732,13084651488705,0.179897,0.122300,,0.000000,
48,ECalibratedLiquid,1000,16,5736,5735,5733,13084651489928,0.164498,0.110100,,0.000000,
48,ECalibratedLiquid,1000,16,5737,5736,5734,13084651491029,0.129004,0.189200,,0.000000,
48,ECalibratedLiquid,1000,16,5738,5737,5735,13084651492921,0.141397,0.179800,,0.000000,
48,ECalibratedLiquid,1000,16,5739,5738,5736,13084651494719,0.145599,0.160500,,0.000000,
48,ECalibratedLiquid,1000,16,5740,5739,5737,13084651496324,0.129401,0.129700,,0.000000,
48,ECalibratedLiquid,1000,16,5741,5740,5738,13084651497621,0.137805,0.143400,,0.000000,
48,ECalibratedLiquid,1000,16,5742,5741,5739,13084651499055,0.119997,0.143800,,0.000000,
48,ECalibratedLiquid,1000,16,5743,5742,5740,13084651500493,0.133199,0.130500,,0.000000,
48,ECalibratedLiquid,1000,16,5744,5743,5741,13084651501798,0.115703,0.135600,,0.000000,
48,ECalibratedLiquid,1000,16,5745,5744,5742,13084651503154,0.160395,0.121700,,0.000000,
48,ECalibratedLiquid,1000,16,5746,5745,5743,13084651504371,0.149306,0.131700,,0.000000,
48,ECalibratedLiquid,1000,16,5747,5746,5744,13084651505688,0.123101,0.118600,,0.000000,
48,ECalibratedLiquid,1000,16,5748,5747,5745,13084651506874,0.122697,0.159200,,0.000000,
48,ECalibratedLiquid,1000,16,5749,5748,5746,13084651508466,0.130697,0.148500,,0.000000,
48,ECalibratedLiquid,1000,16,5750,5749,5747,13084651509951,0.119104,0.122500,,0.000000,
48,ECalibratedLiquid,1000,16,5751,5750,5748,13084651511176,47.655895,0.124100,,0.000000,
48,ECalibratedLiquid,1000,16,5752,5751,5749,13084651512417,35.955299,0.129000,,1.677800,
48,ECalibratedLiquid,1000,16,5753,5752,5750,13084651513707,29.130705,0.121600,,2.853100,
48,ECalibratedLiquid,1000,16,5754,5753,5751,13084651514923,4.076899,47.670800,,3.493100,
48,ECalibratedLiquid,1000,16,5755,5754,5752,13084651991631,0.235700,35.998800,,0.000000,
48,ECalibratedLiquid,1000,16,5756,5755,5753,13084652351619,0.228097,29.095400,,0.000000,
48,ECalibratedLiquid,1000,16,5757,5756,5754,13084652642573,0.195203,4.065900,,0.000000,
48,ECalibratedLiquid,1000,16,5758,5757,5755,13084652683232,0.236097,0.225900,,0.000000,
48,ECalibratedLiquid,1000,16,5759,5758,5756,13084652685491,0.196202,0.228700,,0.000000,
48,ECalibratedLiquid,1000,16,5760,5759,5757,13084652687778,0.179401,0.201800,,0.000000,
48,ECalibratedLiquid,1000,16,5761,5760,5758,13084652689796,0.236501,0.230000,,0.000000,
48,ECalibratedLiquid,1000,16,5762,5761,5759,13084652692096,0.205598,0.196000,,0.000000,
48,ECalibratedLiquid,1000,16,5763,5762,5760,13084652694056,0.189002,0.179700,,0.000000,
48,ECalibratedLiquid,1000,16,5764,5763,5761,13084652695853,0.207100,0.235400,,0.000000,
48,ECalibratedLiquid,1000,16,5765,5764,5762,13084652698207,0.169997,0.206400,,0.000000,
48,ECalibratedLiquid,1000,16,5766,5765,5763,13084652700271,0.202501,0.191200,,0.000000,
48,ECalibratedLiquid,1000,16,5767,5766,5764,13084652702183,0.257100,0.203400,,0.000000,
48,ECalibratedLiquid,1000,16,5768,5767,5765,13084652704217,0.183702,0.169500,,0.000000,
48,ECalibratedLiquid,1000,16,5769,5768,5766,13084652705912,0.199298,0.210600,,0.000000,
48,ECalibratedLiquid,1000,16,5770,5769,5767,13084652708018,0.212202,0.250000,,0.000000,
48,ECalibratedLiquid,1000,16,5771,5770,5768,13084652710518,0.233397,0.183200,,0.000000,
48,ECalibratedLiquid,1000,16,5772,5771,5769,13084652712350,0.246103,0.198700,,0.000000,
48,ECalibratedLiquid,1000,16,5773,5772,5770,13084652714337,0.203097,0.217000,,0.000000,
48,ECalibratedLiquid,1000,16,5774,5773,5771,13084652716507,0.183801,0.237300,,0.000000,
48,ECalibratedLiquid,1000,16,5775,5774,5772,13084652718880,0.169799,0.238100,,0.000000,
48,ECalibratedLiquid,1000,16,5776,5775,5773,13084652721261,0.269700,0.202200,,0.000000,
48,ECalibratedLiquid,1000,16,5777,5776,5774,13084652723283,0.280499,0.183500,,0.000000,
48,ECalibratedLiquid,1000,16,5778,5777,5775,13084652725118,0.224001,0.213400,,0.000000,
48,ECalibratedLiquid,1000,16,5779,5778,5776,13084652727252,0.294303,0.228400,,0.000000,
48,ECalibratedLiquid,1000,16,5780,5779,5777,13084652729536,0.261402,0.279900,,0.000000,
48,ECalibratedLiquid,1000,16,5781,5780,5778,13084652732335,0.301594,0.229700,,0.000000,
48,ECalibratedLiquid,1000,16,5782,5781,5779,13084652734632,0.330300,0.289000,,0.000000,
48,ECalibratedLiquid,1000,16,5783,5782,5780,13084652737522,0.265299,0.267800,,0.000000,
48,ECalibratedLiquid,1000,16,5784,5783,5781,13084652740200,0.247201,0.330500,,0.000000,
48,ECalibratedLiquid,1000,16,5785,5784,5782,13084652743505,0.206200,0.300000,,0.000000,
48,ECalibratedLiquid,1000,16,5786,5785,5783,13084652746505,0.195401,0.265200,,0.000000,
48,ECalibratedLiquid,1000,16,5787,5786,5784,13084652749157,0.209297,0.241800,,0.000000,
48,ECalibratedLiquid,1000,16,5788,5787,5785,13084652751575,0.192701,0.205200,,0.000000,
48,ECalibratedLiquid,1000,16,5789,5788,5786,13084652753627,0.192800,0.197000,,0.000000,
48,ECalibratedLiquid,1000,16,5790,5789,5787,13084652755597,0.227303,0.208400,,0.000000,
48,ECalibratedLiquid,1000,16,5791,5790,5788,13084652757681,0.209701,0.192100,,0.000000,
48,ECalibratedLiquid,1000,16,5792,5791,5789,13084652759602,0.206696,0.192900,,0.000000,
48,ECalibratedLiquid,1000,16,5793,5792,5790,13084652761531,0.193998,0.227300,,0.000000,
48,ECalibratedLiquid,1000,16,5794,5793,5791,13084652763804,0.220706,0.212700,,0.000000,
48,ECalibratedLiquid,1000,16,5795,5794,5792,13084652765931,0.210799,0.203400,,0.000000,
48,ECalibratedLiquid,1000,16,5796,5795,5793,13084652767965,0.202395,0.194900,,0.000000,
48,ECalibratedLiquid,1000,16,5797,5796,5794,13084652769914,0.224702,0.220200,,0.000000,
48,ECalibratedLiquid,1000,16,5798,5797,5795,13084652772116,0.264002,0.210600,,0.000000,
48,ECalibratedLiquid,1000,16,5799,5798,5796,13084652774222,0.211798,0.202700,,0.000000,
48,ECalibratedLiquid,1000,16,5800,5799,5797,13084652776249,0.201998,0.231800,,0.000000,
48,ECalibratedLiquid,1000,16,5801,5800,5798,13084652778567,0.201601,0.257900,,0.000000,
48,ECalibratedLiquid,1000,16,5802,5801,5799,13084652781146,0.200702,0.210600,,0.000000,
48,ECalibratedLiquid,1000,16,5803,5802,5800,13084652783252,0.201998,0.202000,,0.000000,
48,ECalibratedLiquid,1000,16,5804,5803,5801,13084652785272,0.202601,0.201100,,0.000000,
48,ECalibratedLiquid,1000,16,5805,5804,5802,13084652787283,0.204500,0.200600,,0.000000,
48,ECalibratedLiquid,1000,16,5806,5805,5803,13084652789289,0.238301,0.202100,,0.000000,
48,ECalibratedLiquid,1000,16,5807,5806,5804,13084652791310,0.264002,0.202900,,0.000000,
48,ECalibratedLiquid,1000,16,5808,5807,5805,13084652793339,0.223597,0.204000,,0.000000,
48,ECalibratedLiquid,1000,16,5809,5808,5806,13084652795379,1.710601,0.240500,,1.309700,
48,ECalibratedLiquid,1000,16,5810,5809,5807,13084652797784,0.353699,0.262700,,0.000000,
