case,tick,time,ice_index,x,y,angle,vx,vy,angular_velocity,measured_speed,sleeping,contacts,near_liquid_count,near_liquid_mean_speed,near_liquid_p95_speed,deep_liquid_inside_ice,active_ml,retired_ml
Kinematic-Cluster4-Empty,300,6.02,0,-3.0824182,-1.60302591,-1.55333388,0,0,0,0,1,7,0,0,0,0,0,0
Kinematic-Cluster4-Empty,300,6.02,1,-2.704567,-1.61154377,-3.3287127,0,0,0,0,1,9,0,0,0,0,0,0
Kinematic-Cluster4-Empty,300,6.02,2,-3.06356931,-1.22653055,0.116416991,0,0,0,0,1,6,0,0,0,0,0,0
Kinematic-Cluster4-Empty,300,6.02,3,-2.68964767,-1.24152243,-10.6217327,0,0,0,0,1,7,0,0,0,0,0,0
Kinematic-Cluster4-Empty,301,6.04,0,-3.0824182,-1.60302591,-1.55333388,0,0,0,0,1,7,0,0,0,0,0,0
Kinematic-Cluster4-Empty,301,6.04,1,-2.704567,-1.61154377,-3.3287127,0,0,0,0,1,9,0,0,0,0,0,0
Kinematic-Cluster4-Empty,301,6.04,2,-3.06356931,-1.22653055,0.116416991,0,0,0,0,1,6,0,0,0,0,0,0
Kinematic-Cluster4-Empty,301,6.04,3,-2.68964767,-1.24152243,-10.6217327,0,0,0,0,1,7,0,0,0,0,0,0
Kinematic-Cluster4-Empty,302,6.06,0,-3.0824182,-1.60302591,-1.55333388,0,0,0,0,1,7,0,0,0,0,0,0
Kinematic-Cluster4-Empty,302,6.06,1,-2.704567,-1.61154377,-3.3287127,0,0,0,0,1,9,0,0,0,0,0,0
Kinematic-Cluster4-Empty,302,6.06,2,-3.06356931,-1.22653055,0.116416991,0,0,0,0,1,6,0,0,0,0,0,0
Kinematic-Cluster4-Empty,302,6.06,3,-2.68964767,-1.24152243,-10.6217327,0,0,0,0,1,7,0,0,0,0,0,0
Kinematic-Cluster4-Empty,303,6.08,0,-3.0824182,-1.60302591,-1.55333388,0,0,0,0,1,7,0,0,0,0,0,0
Kinematic-Cluster4-Empty,303,6.08,1,-2.704567,-1.61154377,-3.3287127,0,0,0,0,1,9,0,0,0,0,0,0
Kinematic-Cluster4-Empty,303,6.08,2,-3.06356931,-1.22653055,0.116416991,0,0,0,0,1,6,0,0,0,0,0,0
Kinematic-Cluster4-Empty,303,6.08,3,-2.68964767,-1.24152243,-10.6217327,0,0,0,0,1,7,0,0,0,0,0,0
Kinematic-Cluster4-Empty,304,6.1,0,-3.0824182,-1.60302591,-1.55333388,0,0,0,0,1,7,0,0,0,0,0,0
Kinematic-Cluster4-Empty,304,6.1,1,-2.704567,-1.61154377,-3.3287127,0,0,0,0,1,9,0,0,0,0,0,0
Kinematic-Cluster4-Empty,304,6.1,2,-3.06356931,-1.22653055,0.116416991,0,0,0,0,1,6,0,0,0,0,0,0
Kinematic-Cluster4-Empty,304,6.1,3,-2.68964767,-1.24152243,-10.6217327,0,0,0,0,1,7,0,0,0,0,0,0
Kinematic-Cluster4-Empty,305,6.12,0,-3.0824182,-1.60302591,-1.55333388,0,0,0,0,1,7,0,0,0,0,0,0
Kinematic-Cluster4-Empty,305,6.12,1,-2.704567,-1.61154377,-3.3287127,0,0,0,0,1,9,0,0,0,0,0,0
Kinematic-Cluster4-Empty,305,6.12,2,-3.06356931,-1.22653055,0.116416991,0,0,0,0,1,6,0,0,0,0,0,0
Kinematic-Cluster4-Empty,305,6.12,3,-2.68964767,-1.24152243,-10.6217327,0,0,0,0,1,7,0,0,0,0,0,0
Kinematic-Cluster4-Empty,306,6.14,0,-3.0824182,-1.60302591,-1.55333388,0,0,0,0,1,7,0,0,0,0,0,0
Kinematic-Cluster4-Empty,306,6.14,1,-2.704567,-1.61154377,-3.3287127,0,0,0,0,1,9,0,0,0,0,0,0
Kinematic-Cluster4-Empty,306,6.14,2,-3.06356931,-1.22653055,0.116416991,0,0,0,0,1,6,0,0,0,0,0,0
Kinematic-Cluster4-Empty,306,6.14,3,-2.68964767,-1.24152243,-10.6217327,0,0,0,0,1,7,0,0,0,0,0,0
Kinematic-Cluster4-Empty,307,6.16,0,-3.0824182,-1.60302591,-1.55333388,0,0,0,0,1,7,0,0,0,0,0,0
Kinematic-Cluster4-Empty,307,6.16,1,-2.704567,-1.61154377,-3.3287127,0,0,0,0,1,9,0,0,0,0,0,0
Kinematic-Cluster4-Empty,307,6.16,2,-3.06356931,-1.22653055,0.116416991,0,0,0,0,1,6,0,0,0,0,0,0
Kinematic-Cluster4-Empty,307,6.16,3,-2.68964767,-1.24152243,-10.6217327,0,0,0,0,1,7,0,0,0,0,0,0
Kinematic-Cluster4-Empty,308,6.18,0,-3.0824182,-1.60302591,-1.55333388,0,0,0,0,1,7,0,0,0,0,0,0
Kinematic-Cluster4-Empty,308,6.18,1,-2.704567,-1.61154377,-3.3287127,0,0,0,0,1,9,0,0,0,0,0,0
Kinematic-Cluster4-Empty,308,6.18,2,-3.06356931,-1.22653055,0.116416991,0,0,0,0,1,6,0,0,0,0,0,0
Kinematic-Cluster4-Empty,308,6.18,3,-2.68964767,-1.24152243,-10.6217327,0,0,0,0,1,7,0,0,0,0,0,0
Kinematic-Cluster4-Empty,309,6.2,0,-3.0824182,-1.60302591,-1.55333388,0,0,0,0,1,7,0,0,0,0,0,0
Kinematic-Cluster4-Empty,309,6.2,1,-2.704567,-1.61154377,-3.3287127,0,0,0,0,1,9,0,0,0,0,0,0
Kinematic-Cluster4-Empty,309,6.2,2,-3.06356931,-1.22653055,0.116416991,0,0,0,0,1,6,0,0,0,0,0,0
Kinematic-Cluster4-Empty,309,6.2,3,-2.68964767,-1.24152243,-10.6217327,0,0,0,0,1,7,0,0,0,0,0,0
Kinematic-Cluster4-Empty,310,6.22,0,-3.0824182,-1.60302591,-1.55333388,0,0,0,0,1,7,0,0,0,0,0,0
Kinematic-Cluster4-Empty,310,6.22,1,-2.704567,-1.61154377,-3.3287127,0,0,0,0,1,9,0,0,0,0,0,0
Kinematic-Cluster4-Empty,310,6.22,2,-3.06356931,-1.22653055,0.116416991,0,0,0,0,1,6,0,0,0,0,0,0
Kinematic-Cluster4-Empty,310,6.22,3,-2.68964767,-1.24152243,-10.6217327,0,0,0,0,1,7,0,0,0,0,0,0
Kinematic-Cluster4-Empty,311,6.24,0,-3.0824182,-1.60302591,-1.55333388,0,0,0,0,1,7,0,0,0,0,0,0
Kinematic-Cluster4-Empty,311,6.24,1,-2.704567,-1.61154377,-3.3287127,0,0,0,0,1,9,0,0,0,0,0,0
Kinematic-Cluster4-Empty,311,6.24,2,-3.06356931,-1.22653055,0.116416991,0,0,0,0,1,6,0,0,0,0,0,0
Kinematic-Cluster4-Empty,311,6.24,3,-2.68964767,-1.24152243,-10.6217327,0,0,0,0,1,7,0,0,0,0,0,0
Kinematic-Cluster4-Empty,312,6.25999975,0,-3.0824182,-1.60302591,-1.55333388,0,0,0,0,1,7,0,0,0,0,0,0
Kinematic-Cluster4-Empty,312,6.25999975,1,-2.704567,-1.61154377,-3.3287127,0,0,0,0,1,9,0,0,0,0,0,0
Kinematic-Cluster4-Empty,312,6.25999975,2,-3.06356931,-1.22653055,0.116416991,0,0,0,0,1,6,0,0,0,0,0,0
Kinematic-Cluster4-Empty,312,6.25999975,3,-2.68964767,-1.24152243,-10.6217327,0,0,0,0,1,7,0,0,0,0,0,0
Kinematic-Cluster4-Empty,313,6.27999973,0,-3.0824182,-1.60302591,-1.55333388,0,0,0,0,1,7,0,0,0,0,0,0
Kinematic-Cluster4-Empty,313,6.27999973,1,-2.704567,-1.61154377,-3.3287127,0,0,0,0,1,9,0,0,0,0,0,0
Kinematic-Cluster4-Empty,313,6.27999973,2,-3.06356931,-1.22653055,0.116416991,0,0,0,0,1,6,0,0,0,0,0,0
Kinematic-Cluster4-Empty,313,6.27999973,3,-2.68964767,-1.24152243,-10.6217327,0,0,0,0,1,7,0,0,0,0,0,0
Kinematic-Cluster4-Empty,314,6.29999971,0,-3.0824182,-1.60302591,-1.55333388,0,0,0,0,1,7,0,0,0,0,0,0
Kinematic-Cluster4-Empty,314,6.29999971,1,-2.704567,-1.61154377,-3.3287127,0,0,0,0,1,9,0,0,0,0,0,0
Kinematic-Cluster4-Empty,314,6.29999971,2,-3.06356931,-1.22653055,0.116416991,0,0,0,0,1,6,0,0,0,0,0,0
Kinematic-Cluster4-Empty,314,6.29999971,3,-2.68964767,-1.24152243,-10.6217327,0,0,0,0,1,7,0,0,0,0,0,0
Kinematic-Cluster4-Empty,315,6.31999969,0,-3.0824182,-1.60302591,-1.55333388,0,0,0,0,1,7,0,0,0,0,0,0
Kinematic-Cluster4-Empty,315,6.31999969,1,-2.704567,-1.61154377,-3.3287127,0,0,0,0,1,9,0,0,0,0,0,0
Kinematic-Cluster4-Empty,315,6.31999969,2,-3.06356931,-1.22653055,0.116416991,0,0,0,0,1,6,0,0,0,0,0,0
Kinematic-Cluster4-Empty,315,6.31999969,3,-2.68964767,-1.24152243,-10.6217327,0,0,0,0,1,7,0,0,0,0,0,0
Kinematic-Cluster4-Empty,316,6.33999968,0,-3.0824182,-1.60302591,-1.55333388,0,0,0,0,1,7,0,0,0,0,0,0
Kinematic-Cluster4-Empty,316,6.33999968,1,-2.704567,-1.61154377,-3.3287127,0,0,0,0,1,9,0,0,0,0,0,0
Kinematic-Cluster4-Empty,316,6.33999968,2,-3.06356931,-1.22653055,0.116416991,0,0,0,0,1,6,0,0,0,0,0,0
Kinematic-Cluster4-Empty,316,6.33999968,3,-2.68964767,-1.24152243,-10.6217327,0,0,0,0,1,7,0,0,0,0,0,0
Kinematic-Cluster4-Empty,317,6.35999966,0,-3.0824182,-1.60302591,-1.55333388,0,0,0,0,1,7,0,0,0,0,0,0
Kinematic-Cluster4-Empty,317,6.35999966,1,-2.704567,-1.61154377,-3.3287127,0,0,0,0,1,9,0,0,0,0,0,0
Kinematic-Cluster4-Empty,317,6.35999966,2,-3.06356931,-1.22653055,0.116416991,0,0,0,0,1,6,0,0,0,0,0,0
Kinematic-Cluster4-Empty,317,6.35999966,3,-2.68964767,-1.24152243,-10.6217327,0,0,0,0,1,7,0,0,0,0,0,0
Kinematic-Cluster4-Empty,318,6.37999964,0,-3.0824182,-1.60302591,-1.55333388,0,0,0,0,1,7,0,0,0,0,0,0
Kinematic-Cluster4-Empty,318,6.37999964,1,-2.704567,-1.61154377,-3.3287127,0,0,0,0,1,9,0,0,0,0,0,0
Kinematic-Cluster4-Empty,318,6.37999964,2,-3.06356931,-1.22653055,0.116416991,0,0,0,0,1,6,0,0,0,0,0,0
Kinematic-Cluster4-Empty,318,6.37999964,3,-2.68964767,-1.24152243,-10.6217327,0,0,0,0,1,7,0,0,0,0,0,0
Kinematic-Cluster4-Empty,319,6.39999962,0,-3.0824182,-1.60302591,-1.55333388,0,0,0,0,1,7,0,0,0,0,0,0
Kinematic-Cluster4-Empty,319,6.39999962,1,-2.704567,-1.61154377,-3.3287127,0,0,0,0,1,9,0,0,0,0,0,0
Kinematic-Cluster4-Empty,319,6.39999962,2,-3.06356931,-1.22653055,0.116416991,0,0,0,0,1,6,0,0,0,0,0,0
Kinematic-Cluster4-Empty,319,6.39999962,3,-2.68964767,-1.24152243,-10.6217327,0,0,0,0,1,7,0,0,0,0,0,0
Kinematic-Cluster4-Empty,320,6.42,0,-3.0824182,-1.60302591,-1.55333388,0,0,0,0,1,7,0,0,0,0,0,0
Kinematic-Cluster4-Empty,320,6.42,1,-2.704567,-1.61154377,-3.3287127,0,0,0,0,1,9,0,0,0,0,0,0
Kinematic-Cluster4-Empty,320,6.42,2,-3.06356931,-1.22653055,0.116416991,0,0,0,0,1,6,0,0,0,0,0,0
Kinematic-Cluster4-Empty,320,6.42,3,-2.68964767,-1.24152243,-10.6217327,0,0,0,0,1,7,0,0,0,0,0,0
Kinematic-Cluster4-Empty,321,6.44,0,-3.0824182,-1.60302591,-1.55333388,0,0,0,0,1,7,0,0,0,0,0,0
Kinematic-Cluster4-Empty,321,6.44,1,-2.704567,-1.61154377,-3.3287127,0,0,0,0,1,9,0,0,0,0,0,0
Kinematic-Cluster4-Empty,321,6.44,2,-3.06356931,-1.22653055,0.116416991,0,0,0,0,1,6,0,0,0,0,0,0
Kinematic-Cluster4-Empty,321,6.44,3,-2.68964767,-1.24152243,-10.6217327,0,0,0,0,1,7,0,0,0,0,0,0
Kinematic-Cluster4-Empty,322,6.46,0,-3.0824182,-1.60302591,-1.55333388,0,0,0,0,1,7,0,0,0,0,0,0
Kinematic-Cluster4-Empty,322,6.46,1,-2.704567,-1.61154377,-3.3287127,0,0,0,0,1,9,0,0,0,0,0,0
Kinematic-Cluster4-Empty,322,6.46,2,-3.06356931,-1.22653055,0.116416991,0,0,0,0,1,6,0,0,0,0,0,0
Kinematic-Cluster4-Empty,322,6.46,3,-2.68964767,-1.24152243,-10.6217327,0,0,0,0,1,7,0,0,0,0,0,0
Kinematic-Cluster4-Empty,323,6.48,0,-3.0824182,-1.60302591,-1.55333388,0,0,0,0,1,7,0,0,0,0,0,0
Kinematic-Cluster4-Empty,323,6.48,1,-2.704567,-1.61154377,-3.3287127,0,0,0,0,1,9,0,0,0,0,0,0
Kinematic-Cluster4-Empty,323,6.48,2,-3.06356931,-1.22653055,0.116416991,0,0,0,0,1,6,0,0,0,0,0,0
Kinematic-Cluster4-Empty,323,6.48,3,-2.68964767,-1.24152243,-10.6217327,0,0,0,0,1,7,0,0,0,0,0,0
Kinematic-Cluster4-Empty,324,6.5,0,-3.0824182,-1.60302591,-1.55333388,0,0,0,0,1,7,0,0,0,0,0,0
Kinematic-Cluster4-Empty,324,6.5,1,-2.704567,-1.61154377,-3.3287127,0,0,0,0,1,9,0,0,0,0,0,0
Kinematic-Cluster4-Empty,324,6.5,2,-3.06356931,-1.22653055,0.116416991,0,0,0,0,1,6,0,0,0,0,0,0
Kinematic-Cluster4-Empty,324,6.5,3,-2.68964767,-1.24152243,-10.6217327,0,0,0,0,1,7,0,0,0,0,0,0
Kinematic-Cluster4-Empty,325,6.52,0,-3.0824182,-1.60302591,-1.55333388,0,0,0,0,1,7,0,0,0,0,0,0
Kinematic-Cluster4-Empty,325,6.52,1,-2.704567,-1.61154377,-3.3287127,0,0,0,0,1,9,0,0,0,0,0,0
Kinematic-Cluster4-Empty,325,6.52,2,-3.06356931,-1.22653055,0.116416991,0,0,0,0,1,6,0,0,0,0,0,0
Kinematic-Cluster4-Empty,325,6.52,3,-2.68964767,-1.24152243,-10.6217327,0,0,0,0,1,7,0,0,0,0,0,0
Kinematic-Cluster4-Empty,326,6.54,0,-3.0824182,-1.60302591,-1.55333388,0,0,0,0,1,7,0,0,0,0,0,0
Kinematic-Cluster4-Empty,326,6.54,1,-2.704567,-1.61154377,-3.3287127,0,0,0,0,1,9,0,0,0,0,0,0
Kinematic-Cluster4-Empty,326,6.54,2,-3.06356931,-1.22653055,0.116416991,0,0,0,0,1,6,0,0,0,0,0,0
Kinematic-Cluster4-Empty,326,6.54,3,-2.68964767,-1.24152243,-10.6217327,0,0,0,0,1,7,0,0,0,0,0,0
Kinematic-Cluster4-Empty,327,6.56,0,-3.0824182,-1.60302591,-1.55333388,0,0,0,0,1,7,0,0,0,0,0,0
Kinematic-Cluster4-Empty,327,6.56,1,-2.704567,-1.61154377,-3.3287127,0,0,0,0,1,9,0,0,0,0,0,0
Kinematic-Cluster4-Empty,327,6.56,2,-3.06356931,-1.22653055,0.116416991,0,0,0,0,1,6,0,0,0,0,0,0
Kinematic-Cluster4-Empty,327,6.56,3,-2.68964767,-1.24152243,-10.6217327,0,0,0,0,1,7,0,0,0,0,0,0
Kinematic-Cluster4-Empty,328,6.58,0,-3.0824182,-1.60302591,-1.55333388,0,0,0,0,1,7,0,0,0,0,0,0
Kinematic-Cluster4-Empty,328,6.58,1,-2.704567,-1.61154377,-3.3287127,0,0,0,0,1,9,0,0,0,0,0,0
Kinematic-Cluster4-Empty,328,6.58,2,-3.06356931,-1.22653055,0.116416991,0,0,0,0,1,6,0,0,0,0,0,0
Kinematic-Cluster4-Empty,328,6.58,3,-2.68964767,-1.24152243,-10.6217327,0,0,0,0,1,7,0,0,0,0,0,0
Kinematic-Cluster4-Empty,329,6.6,0,-3.0824182,-1.60302591,-1.55333388,0,0,0,0,1,7,0,0,0,0,0,0
Kinematic-Cluster4-Empty,329,6.6,1,-2.704567,-1.61154377,-3.3287127,0,0,0,0,1,9,0,0,0,0,0,0
Kinematic-Cluster4-Empty,329,6.6,2,-3.06356931,-1.22653055,0.116416991,0,0,0,0,1,6,0,0,0,0,0,0
Kinematic-Cluster4-Empty,329,6.6,3,-2.68964767,-1.24152243,-10.6217327,0,0,0,0,1,7,0,0,0,0,0,0
Kinematic-Cluster4-Empty,330,6.62,0,-3.0824182,-1.60302591,-1.55333388,0,0,0,0,1,7,0,0,0,0,0,0
Kinematic-Cluster4-Empty,330,6.62,1,-2.704567,-1.61154377,-3.3287127,0,0,0,0,1,9,0,0,0,0,0,0
Kinematic-Cluster4-Empty,330,6.62,2,-3.06356931,-1.22653055,0.116416991,0,0,0,0,1,6,0,0,0,0,0,0
Kinematic-Cluster4-Empty,330,6.62,3,-2.68964767,-1.24152243,-10.6217327,0,0,0,0,1,7,0,0,0,0,0,0
Kinematic-Cluster4-Empty,331,6.64,0,-3.0824182,-1.60302591,-1.55333388,0,0,0,0,1,7,0,0,0,0,0,0
Kinematic-Cluster4-Empty,331,6.64,1,-2.704567,-1.61154377,-3.3287127,0,0,0,0,1,9,0,0,0,0,0,0
Kinematic-Cluster4-Empty,331,6.64,2,-3.06356931,-1.22653055,0.116416991,0,0,0,0,1,6,0,0,0,0,0,0
Kinematic-Cluster4-Empty,331,6.64,3,-2.68964767,-1.24152243,-10.6217327,0,0,0,0,1,7,0,0,0,0,0,0
Kinematic-Cluster4-Empty,332,6.66,0,-3.0824182,-1.60302591,-1.55333388,0,0,0,0,1,7,0,0,0,0,0,0
Kinematic-Cluster4-Empty,332,6.66,1,-2.704567,-1.61154377,-3.3287127,0,0,0,0,1,9,0,0,0,0,0,0
Kinematic-Cluster4-Empty,332,6.66,2,-3.06356931,-1.22653055,0.116416991,0,0,0,0,1,6,0,0,0,0,0,0
Kinematic-Cluster4-Empty,332,6.66,3,-2.68964767,-1.24152243,-10.6217327,0,0,0,0,1,7,0,0,0,0,0,0
Kinematic-Cluster4-Empty,333,6.68,0,-3.0824182,-1.60302591,-1.55333388,0,0,0,0,1,7,0,0,0,0,0,0
Kinematic-Cluster4-Empty,333,6.68,1,-2.704567,-1.61154377,-3.3287127,0,0,0,0,1,9,0,0,0,0,0,0
Kinematic-Cluster4-Empty,333,6.68,2,-3.06356931,-1.22653055,0.116416991,0,0,0,0,1,6,0,0,0,0,0,0
Kinematic-Cluster4-Empty,333,6.68,3,-2.68964767,-1.24152243,-10.6217327,0,0,0,0,1,7,0,0,0,0,0,0
Kinematic-Cluster4-Empty,334,6.7,0,-3.0824182,-1.60302591,-1.55333388,0,0,0,0,1,7,0,0,0,0,0,0
Kinematic-Cluster4-Empty,334,6.7,1,-2.704567,-1.61154377,-3.3287127,0,0,0,0,1,9,0,0,0,0,0,0
Kinematic-Cluster4-Empty,334,6.7,2,-3.06356931,-1.22653055,0.116416991,0,0,0,0,1,6,0,0,0,0,0,0
Kinematic-Cluster4-Empty,334,6.7,3,-2.68964767,-1.24152243,-10.6217327,0,0,0,0,1,7,0,0,0,0,0,0
Kinematic-Cluster4-Empty,335,6.72,0,-3.0824182,-1.60302591,-1.55333388,0,0,0,0,1,7,0,0,0,0,0,0
Kinematic-Cluster4-Empty,335,6.72,1,-2.704567,-1.61154377,-3.3287127,0,0,0,0,1,9,0,0,0,0,0,0
Kinematic-Cluster4-Empty,335,6.72,2,-3.06356931,-1.22653055,0.116416991,0,0,0,0,1,6,0,0,0,0,0,0
Kinematic-Cluster4-Empty,335,6.72,3,-2.68964767,-1.24152243,-10.6217327,0,0,0,0,1,7,0,0,0,0,0,0
Kinematic-Cluster4-Empty,336,6.74,0,-3.0824182,-1.60302591,-1.55333388,0,0,0,0,1,7,0,0,0,0,0,0
Kinematic-Cluster4-Empty,336,6.74,1,-2.704567,-1.61154377,-3.3287127,0,0,0,0,1,9,0,0,0,0,0,0
Kinematic-Cluster4-Empty,336,6.74,2,-3.06356931,-1.22653055,0.116416991,0,0,0,0,1,6,0,0,0,0,0,0
Kinematic-Cluster4-Empty,336,6.74,3,-2.68964767,-1.24152243,-10.6217327,0,0,0,0,1,7,0,0,0,0,0,0
Kinematic-Cluster4-Empty,337,6.75999975,0,-3.0824182,-1.60302591,-1.55333388,0,0,0,0,1,7,0,0,0,0,0,0
Kinematic-Cluster4-Empty,337,6.75999975,1,-2.704567,-1.61154377,-3.3287127,0,0,0,0,1,9,0,0,0,0,0,0
Kinematic-Cluster4-Empty,337,6.75999975,2,-3.06356931,-1.22653055,0.116416991,0,0,0,0,1,6,0,0,0,0,0,0
Kinematic-Cluster4-Empty,337,6.75999975,3,-2.68964767,-1.24152243,-10.6217327,0,0,0,0,1,7,0,0,0,0,0,0
Kinematic-Cluster4-Empty,338,6.77999973,0,-3.0824182,-1.60302591,-1.55333388,0,0,0,0,1,7,0,0,0,0,0,0
Kinematic-Cluster4-Empty,338,6.77999973,1,-2.704567,-1.61154377,-3.3287127,0,0,0,0,1,9,0,0,0,0,0,0
Kinematic-Cluster4-Empty,338,6.77999973,2,-3.06356931,-1.22653055,0.116416991,0,0,0,0,1,6,0,0,0,0,0,0
Kinematic-Cluster4-Empty,338,6.77999973,3,-2.68964767,-1.24152243,-10.6217327,0,0,0,0,1,7,0,0,0,0,0,0
Kinematic-Cluster4-Empty,339,6.79999971,0,-3.0824182,-1.60302591,-1.55333388,0,0,0,0,1,7,0,0,0,0,0,0
Kinematic-Cluster4-Empty,339,6.79999971,1,-2.704567,-1.61154377,-3.3287127,0,0,0,0,1,9,0,0,0,0,0,0
Kinematic-Cluster4-Empty,339,6.79999971,2,-3.06356931,-1.22653055,0.116416991,0,0,0,0,1,6,0,0,0,0,0,0
Kinematic-Cluster4-Empty,339,6.79999971,3,-2.68964767,-1.24152243,-10.6217327,0,0,0,0,1,7,0,0,0,0,0,0
Kinematic-Cluster4-Empty,340,6.81999969,0,-3.0824182,-1.60302591,-1.55333388,0,0,0,0,1,7,0,0,0,0,0,0
Kinematic-Cluster4-Empty,340,6.81999969,1,-2.704567,-1.61154377,-3.3287127,0,0,0,0,1,9,0,0,0,0,0,0
Kinematic-Cluster4-Empty,340,6.81999969,2,-3.06356931,-1.22653055,0.116416991,0,0,0,0,1,6,0,0,0,0,0,0
Kinematic-Cluster4-Empty,340,6.81999969,3,-2.68964767,-1.24152243,-10.6217327,0,0,0,0,1,7,0,0,0,0,0,0
Kinematic-Cluster4-Empty,341,6.83999968,0,-3.0824182,-1.60302591,-1.55333388,0,0,0,0,1,7,0,0,0,0,0,0
Kinematic-Cluster4-Empty,341,6.83999968,1,-2.704567,-1.61154377,-3.3287127,0,0,0,0,1,9,0,0,0,0,0,0
Kinematic-Cluster4-Empty,341,6.83999968,2,-3.06356931,-1.22653055,0.116416991,0,0,0,0,1,6,0,0,0,0,0,0
Kinematic-Cluster4-Empty,341,6.83999968,3,-2.68964767,-1.24152243,-10.6217327,0,0,0,0,1,7,0,0,0,0,0,0
Kinematic-Cluster4-Empty,342,6.85999966,0,-3.0824182,-1.60302591,-1.55333388,0,0,0,0,1,7,0,0,0,0,0,0
Kinematic-Cluster4-Empty,342,6.85999966,1,-2.704567,-1.61154377,-3.3287127,0,0,0,0,1,9,0,0,0,0,0,0
Kinematic-Cluster4-Empty,342,6.85999966,2,-3.06356931,-1.22653055,0.116416991,0,0,0,0,1,6,0,0,0,0,0,0
Kinematic-Cluster4-Empty,342,6.85999966,3,-2.68964767,-1.24152243,-10.6217327,0,0,0,0,1,7,0,0,0,0,0,0
Kinematic-Cluster4-Empty,343,6.87999964,0,-3.0824182,-1.60302591,-1.55333388,0,0,0,0,1,7,0,0,0,0,0,0
Kinematic-Cluster4-Empty,343,6.87999964,1,-2.704567,-1.61154377,-3.3287127,0,0,0,0,1,9,0,0,0,0,0,0
Kinematic-Cluster4-Empty,343,6.87999964,2,-3.06356931,-1.22653055,0.116416991,0,0,0,0,1,6,0,0,0,0,0,0
Kinematic-Cluster4-Empty,343,6.87999964,3,-2.68964767,-1.24152243,-10.6217327,0,0,0,0,1,7,0,0,0,0,0,0
Kinematic-Cluster4-Empty,344,6.89999962,0,-3.0824182,-1.60302591,-1.55333388,0,0,0,0,1,7,0,0,0,0,0,0
Kinematic-Cluster4-Empty,344,6.89999962,1,-2.704567,-1.61154377,-3.3287127,0,0,0,0,1,9,0,0,0,0,0,0
Kinematic-Cluster4-Empty,344,6.89999962,2,-3.06356931,-1.22653055,0.116416991,0,0,0,0,1,6,0,0,0,0,0,0
Kinematic-Cluster4-Empty,344,6.89999962,3,-2.68964767,-1.24152243,-10.6217327,0,0,0,0,1,7,0,0,0,0,0,0
Kinematic-Cluster4-Empty,345,6.92,0,-3.0824182,-1.60302591,-1.55333388,0,0,0,0,1,7,0,0,0,0,0,0
Kinematic-Cluster4-Empty,345,6.92,1,-2.704567,-1.61154377,-3.3287127,0,0,0,0,1,9,0,0,0,0,0,0
Kinematic-Cluster4-Empty,345,6.92,2,-3.06356931,-1.22653055,0.116416991,0,0,0,0,1,6,0,0,0,0,0,0
Kinematic-Cluster4-Empty,345,6.92,3,-2.68964767,-1.24152243,-10.6217327,0,0,0,0,1,7,0,0,0,0,0,0
Kinematic-Cluster4-Empty,346,6.94,0,-3.0824182,-1.60302591,-1.55333388,0,0,0,0,1,7,0,0,0,0,0,0
Kinematic-Cluster4-Empty,346,6.94,1,-2.704567,-1.61154377,-3.3287127,0,0,0,0,1,9,0,0,0,0,0,0
Kinematic-Cluster4-Empty,346,6.94,2,-3.06356931,-1.22653055,0.116416991,0,0,0,0,1,6,0,0,0,0,0,0
Kinematic-Cluster4-Empty,346,6.94,3,-2.68964767,-1.24152243,-10.6217327,0,0,0,0,1,7,0,0,0,0,0,0
Kinematic-Cluster4-Empty,347,6.96,0,-3.0824182,-1.60302591,-1.55333388,0,0,0,0,1,7,0,0,0,0,0,0
Kinematic-Cluster4-Empty,347,6.96,1,-2.704567,-1.61154377,-3.3287127,0,0,0,0,1,9,0,0,0,0,0,0
Kinematic-Cluster4-Empty,347,6.96,2,-3.06356931,-1.22653055,0.116416991,0,0,0,0,1,6,0,0,0,0,0,0
Kinematic-Cluster4-Empty,347,6.96,3,-2.68964767,-1.24152243,-10.6217327,0,0,0,0,1,7,0,0,0,0,0,0
Kinematic-Cluster4-Empty,348,6.98,0,-3.0824182,-1.60302591,-1.55333388,0,0,0,0,1,7,0,0,0,0,0,0
Kinematic-Cluster4-Empty,348,6.98,1,-2.704567,-1.61154377,-3.3287127,0,0,0,0,1,9,0,0,0,0,0,0
Kinematic-Cluster4-Empty,348,6.98,2,-3.06356931,-1.22653055,0.116416991,0,0,0,0,1,6,0,0,0,0,0,0
Kinematic-Cluster4-Empty,348,6.98,3,-2.68964767,-1.24152243,-10.6217327,0,0,0,0,1,7,0,0,0,0,0,0
Kinematic-Cluster4-Empty,349,7,0,-3.0824182,-1.60302591,-1.55333388,0,0,0,0,1,7,0,0,0,0,0,0
Kinematic-Cluster4-Empty,349,7,1,-2.704567,-1.61154377,-3.3287127,0,0,0,0,1,9,0,0,0,0,0,0
Kinematic-Cluster4-Empty,349,7,2,-3.06356931,-1.22653055,0.116416991,0,0,0,0,1,6,0,0,0,0,0,0
Kinematic-Cluster4-Empty,349,7,3,-2.68964767,-1.24152243,-10.6217327,0,0,0,0,1,7,0,0,0,0,0,0
Kinematic-Cluster4-Empty,350,7.02,0,-3.0824182,-1.60302591,-1.55333388,0,0,0,0,1,7,0,0,0,0,0,0
Kinematic-Cluster4-Empty,350,7.02,1,-2.704567,-1.61154377,-3.3287127,0,0,0,0,1,9,0,0,0,0,0,0
Kinematic-Cluster4-Empty,350,7.02,2,-3.06356931,-1.22653055,0.116416991,0,0,0,0,1,6,0,0,0,0,0,0
Kinematic-Cluster4-Empty,350,7.02,3,-2.68964767,-1.24152243,-10.6217327,0,0,0,0,1,7,0,0,0,0,0,0
Kinematic-Cluster4-Empty,351,7.04,0,-3.0824182,-1.60302591,-1.55333388,0,0,0,0,1,7,0,0,0,0,0,0
Kinematic-Cluster4-Empty,351,7.04,1,-2.704567,-1.61154377,-3.3287127,0,0,0,0,1,9,0,0,0,0,0,0
Kinematic-Cluster4-Empty,351,7.04,2,-3.06356931,-1.22653055,0.116416991,0,0,0,0,1,6,0,0,0,0,0,0
Kinematic-Cluster4-Empty,351,7.04,3,-2.68964767,-1.24152243,-10.6217327,0,0,0,0,1,7,0,0,0,0,0,0
Kinematic-Cluster4-Empty,352,7.06,0,-3.0824182,-1.60302591,-1.55333388,0,0,0,0,1,7,0,0,0,0,0,0
Kinematic-Cluster4-Empty,352,7.06,1,-2.704567,-1.61154377,-3.3287127,0,0,0,0,1,9,0,0,0,0,0,0
Kinematic-Cluster4-Empty,352,7.06,2,-3.06356931,-1.22653055,0.116416991,0,0,0,0,1,6,0,0,0,0,0,0
Kinematic-Cluster4-Empty,352,7.06,3,-2.68964767,-1.24152243,-10.6217327,0,0,0,0,1,7,0,0,0,0,0,0
Kinematic-Cluster4-Empty,353,7.08,0,-3.0824182,-1.60302591,-1.55333388,0,0,0,0,1,7,0,0,0,0,0,0
Kinematic-Cluster4-Empty,353,7.08,1,-2.704567,-1.61154377,-3.3287127,0,0,0,0,1,9,0,0,0,0,0,0
Kinematic-Cluster4-Empty,353,7.08,2,-3.06356931,-1.22653055,0.116416991,0,0,0,0,1,6,0,0,0,0,0,0
Kinematic-Cluster4-Empty,353,7.08,3,-2.68964767,-1.24152243,-10.6217327,0,0,0,0,1,7,0,0,0,0,0,0
Kinematic-Cluster4-Empty,354,7.1,0,-3.0824182,-1.60302591,-1.55333388,0,0,0,0,1,7,0,0,0,0,0,0
Kinematic-Cluster4-Empty,354,7.1,1,-2.704567,-1.61154377,-3.3287127,0,0,0,0,1,9,0,0,0,0,0,0
Kinematic-Cluster4-Empty,354,7.1,2,-3.06356931,-1.22653055,0.116416991,0,0,0,0,1,6,0,0,0,0,0,0
Kinematic-Cluster4-Empty,354,7.1,3,-2.68964767,-1.24152243,-10.6217327,0,0,0,0,1,7,0,0,0,0,0,0
Kinematic-Cluster4-Empty,355,7.12,0,-3.0824182,-1.60302591,-1.55333388,0,0,0,0,1,7,0,0,0,0,0,0
Kinematic-Cluster4-Empty,355,7.12,1,-2.704567,-1.61154377,-3.3287127,0,0,0,0,1,9,0,0,0,0,0,0
Kinematic-Cluster4-Empty,355,7.12,2,-3.06356931,-1.22653055,0.116416991,0,0,0,0,1,6,0,0,0,0,0,0
Kinematic-Cluster4-Empty,355,7.12,3,-2.68964767,-1.24152243,-10.6217327,0,0,0,0,1,7,0,0,0,0,0,0
Kinematic-Cluster4-Empty,356,7.14,0,-3.0824182,-1.60302591,-1.55333388,0,0,0,0,1,7,0,0,0,0,0,0
Kinematic-Cluster4-Empty,356,7.14,1,-2.704567,-1.61154377,-3.3287127,0,0,0,0,1,9,0,0,0,0,0,0
Kinematic-Cluster4-Empty,356,7.14,2,-3.06356931,-1.22653055,0.116416991,0,0,0,0,1,6,0,0,0,0,0,0
Kinematic-Cluster4-Empty,356,7.14,3,-2.68964767,-1.24152243,-10.6217327,0,0,0,0,1,7,0,0,0,0,0,0
Kinematic-Cluster4-Empty,357,7.16,0,-3.0824182,-1.60302591,-1.55333388,0,0,0,0,1,7,0,0,0,0,0,0
Kinematic-Cluster4-Empty,357,7.16,1,-2.704567,-1.61154377,-3.3287127,0,0,0,0,1,9,0,0,0,0,0,0
Kinematic-Cluster4-Empty,357,7.16,2,-3.06356931,-1.22653055,0.116416991,0,0,0,0,1,6,0,0,0,0,0,0
Kinematic-Cluster4-Empty,357,7.16,3,-2.68964767,-1.24152243,-10.6217327,0,0,0,0,1,7,0,0,0,0,0,0
Kinematic-Cluster4-Empty,358,7.18,0,-3.0824182,-1.60302591,-1.55333388,0,0,0,0,1,7,0,0,0,0,0,0
Kinematic-Cluster4-Empty,358,7.18,1,-2.704567,-1.61154377,-3.3287127,0,0,0,0,1,9,0,0,0,0,0,0
Kinematic-Cluster4-Empty,358,7.18,2,-3.06356931,-1.22653055,0.116416991,0,0,0,0,1,6,0,0,0,0,0,0
Kinematic-Cluster4-Empty,358,7.18,3,-2.68964767,-1.24152243,-10.6217327,0,0,0,0,1,7,0,0,0,0,0,0
Kinematic-Cluster4-Empty,359,7.2,0,-3.0824182,-1.60302591,-1.55333388,0,0,0,0,1,7,0,0,0,0,0,0
Kinematic-Cluster4-Empty,359,7.2,1,-2.704567,-1.61154377,-3.3287127,0,0,0,0,1,9,0,0,0,0,0,0
Kinematic-Cluster4-Empty,359,7.2,2,-3.06356931,-1.22653055,0.116416991,0,0,0,0,1,6,0,0,0,0,0,0
Kinematic-Cluster4-Empty,359,7.2,3,-2.68964767,-1.24152243,-10.6217327,0,0,0,0,1,7,0,0,0,0,0,0
Kinematic-Cluster4-Empty,360,7.22,0,-3.0824182,-1.60302591,-1.55333388,0,0,0,0,1,7,0,0,0,0,0,0
Kinematic-Cluster4-Empty,360,7.22,1,-2.704567,-1.61154377,-3.3287127,0,0,0,0,1,9,0,0,0,0,0,0
Kinematic-Cluster4-Empty,360,7.22,2,-3.06356931,-1.22653055,0.116416991,0,0,0,0,1,6,0,0,0,0,0,0
Kinematic-Cluster4-Empty,360,7.22,3,-2.68964767,-1.24152243,-10.6217327,0,0,0,0,1,7,0,0,0,0,0,0
Kinematic-Cluster4-Empty,361,7.24,0,-3.0824182,-1.60302591,-1.55333388,0,0,0,0,1,7,0,0,0,0,0,0
Kinematic-Cluster4-Empty,361,7.24,1,-2.704567,-1.61154377,-3.3287127,0,0,0,0,1,9,0,0,0,0,0,0
Kinematic-Cluster4-Empty,361,7.24,2,-3.06356931,-1.22653055,0.116416991,0,0,0,0,1,6,0,0,0,0,0,0
Kinematic-Cluster4-Empty,361,7.24,3,-2.68964767,-1.24152243,-10.6217327,0,0,0,0,1,7,0,0,0,0,0,0
Kinematic-Cluster4-Empty,362,7.25999975,0,-3.0824182,-1.60302591,-1.55333388,0,0,0,0,1,7,0,0,0,0,0,0
Kinematic-Cluster4-Empty,362,7.25999975,1,-2.704567,-1.61154377,-3.3287127,0,0,0,0,1,9,0,0,0,0,0,0
Kinematic-Cluster4-Empty,362,7.25999975,2,-3.06356931,-1.22653055,0.116416991,0,0,0,0,1,6,0,0,0,0,0,0
Kinematic-Cluster4-Empty,362,7.25999975,3,-2.68964767,-1.24152243,-10.6217327,0,0,0,0,1,7,0,0,0,0,0,0
Kinematic-Cluster4-Empty,363,7.27999973,0,-3.0824182,-1.60302591,-1.55333388,0,0,0,0,1,7,0,0,0,0,0,0
Kinematic-Cluster4-Empty,363,7.27999973,1,-2.704567,-1.61154377,-3.3287127,0,0,0,0,1,9,0,0,0,0,0,0
Kinematic-Cluster4-Empty,363,7.27999973,2,-3.06356931,-1.22653055,0.116416991,0,0,0,0,1,6,0,0,0,0,0,0
Kinematic-Cluster4-Empty,363,7.27999973,3,-2.68964767,-1.24152243,-10.6217327,0,0,0,0,1,7,0,0,0,0,0,0
Kinematic-Cluster4-Empty,364,7.29999971,0,-3.0824182,-1.60302591,-1.55333388,0,0,0,0,1,7,0,0,0,0,0,0
Kinematic-Cluster4-Empty,364,7.29999971,1,-2.704567,-1.61154377,-3.3287127,0,0,0,0,1,9,0,0,0,0,0,0
Kinematic-Cluster4-Empty,364,7.29999971,2,-3.06356931,-1.22653055,0.116416991,0,0,0,0,1,6,0,0,0,0,0,0
Kinematic-Cluster4-Empty,364,7.29999971,3,-2.68964767,-1.24152243,-10.6217327,0,0,0,0,1,7,0,0,0,0,0,0
Kinematic-Cluster4-Empty,365,7.31999969,0,-3.0824182,-1.60302591,-1.55333388,0,0,0,0,1,7,0,0,0,0,0,0
Kinematic-Cluster4-Empty,365,7.31999969,1,-2.704567,-1.61154377,-3.3287127,0,0,0,0,1,9,0,0,0,0,0,0
Kinematic-Cluster4-Empty,365,7.31999969,2,-3.06356931,-1.22653055,0.116416991,0,0,0,0,1,6,0,0,0,0,0,0
Kinematic-Cluster4-Empty,365,7.31999969,3,-2.68964767,-1.24152243,-10.6217327,0,0,0,0,1,7,0,0,0,0,0,0
Kinematic-Cluster4-Empty,366,7.33999968,0,-3.0824182,-1.60302591,-1.55333388,0,0,0,0,1,7,0,0,0,0,0,0
Kinematic-Cluster4-Empty,366,7.33999968,1,-2.704567,-1.61154377,-3.3287127,0,0,0,0,1,9,0,0,0,0,0,0
Kinematic-Cluster4-Empty,366,7.33999968,2,-3.06356931,-1.22653055,0.116416991,0,0,0,0,1,6,0,0,0,0,0,0
Kinematic-Cluster4-Empty,366,7.33999968,3,-2.68964767,-1.24152243,-10.6217327,0,0,0,0,1,7,0,0,0,0,0,0
Kinematic-Cluster4-Empty,367,7.35999966,0,-3.0824182,-1.60302591,-1.55333388,0,0,0,0,1,7,0,0,0,0,0,0
Kinematic-Cluster4-Empty,367,7.35999966,1,-2.704567,-1.61154377,-3.3287127,0,0,0,0,1,9,0,0,0,0,0,0
Kinematic-Cluster4-Empty,367,7.35999966,2,-3.06356931,-1.22653055,0.116416991,0,0,0,0,1,6,0,0,0,0,0,0
Kinematic-Cluster4-Empty,367,7.35999966,3,-2.68964767,-1.24152243,-10.6217327,0,0,0,0,1,7,0,0,0,0,0,0
Kinematic-Cluster4-Empty,368,7.37999964,0,-3.0824182,-1.60302591,-1.55333388,0,0,0,0,1,7,0,0,0,0,0,0
Kinematic-Cluster4-Empty,368,7.37999964,1,-2.704567,-1.61154377,-3.3287127,0,0,0,0,1,9,0,0,0,0,0,0
Kinematic-Cluster4-Empty,368,7.37999964,2,-3.06356931,-1.22653055,0.116416991,0,0,0,0,1,6,0,0,0,0,0,0
Kinematic-Cluster4-Empty,368,7.37999964,3,-2.68964767,-1.24152243,-10.6217327,0,0,0,0,1,7,0,0,0,0,0,0
Kinematic-Cluster4-Empty,369,7.39999962,0,-3.0824182,-1.60302591,-1.55333388,0,0,0,0,1,7,0,0,0,0,0,0
Kinematic-Cluster4-Empty,369,7.39999962,1,-2.704567,-1.61154377,-3.3287127,0,0,0,0,1,9,0,0,0,0,0,0
Kinematic-Cluster4-Empty,369,7.39999962,2,-3.06356931,-1.22653055,0.116416991,0,0,0,0,1,6,0,0,0,0,0,0
Kinematic-Cluster4-Empty,369,7.39999962,3,-2.68964767,-1.24152243,-10.6217327,0,0,0,0,1,7,0,0,0,0,0,0
Kinematic-Cluster4-Empty,370,7.4199996,0,-3.0824182,-1.60302591,-1.55333388,0,0,0,0,1,7,0,0,0,0,0,0
Kinematic-Cluster4-Empty,370,7.4199996,1,-2.704567,-1.61154377,-3.3287127,0,0,0,0,1,9,0,0,0,0,0,0
Kinematic-Cluster4-Empty,370,7.4199996,2,-3.06356931,-1.22653055,0.116416991,0,0,0,0,1,6,0,0,0,0,0,0
Kinematic-Cluster4-Empty,370,7.4199996,3,-2.68964767,-1.24152243,-10.6217327,0,0,0,0,1,7,0,0,0,0,0,0
Kinematic-Cluster4-Empty,371,7.44,0,-3.0824182,-1.60302591,-1.55333388,0,0,0,0,1,7,0,0,0,0,0,0
Kinematic-Cluster4-Empty,371,7.44,1,-2.704567,-1.61154377,-3.3287127,0,0,0,0,1,9,0,0,0,0,0,0
Kinematic-Cluster4-Empty,371,7.44,2,-3.06356931,-1.22653055,0.116416991,0,0,0,0,1,6,0,0,0,0,0,0
Kinematic-Cluster4-Empty,371,7.44,3,-2.68964767,-1.24152243,-10.6217327,0,0,0,0,1,7,0,0,0,0,0,0
Kinematic-Cluster4-Empty,372,7.46,0,-3.0824182,-1.60302591,-1.55333388,0,0,0,0,1,7,0,0,0,0,0,0
Kinematic-Cluster4-Empty,372,7.46,1,-2.704567,-1.61154377,-3.3287127,0,0,0,0,1,9,0,0,0,0,0,0
Kinematic-Cluster4-Empty,372,7.46,2,-3.06356931,-1.22653055,0.116416991,0,0,0,0,1,6,0,0,0,0,0,0
Kinematic-Cluster4-Empty,372,7.46,3,-2.68964767,-1.24152243,-10.6217327,0,0,0,0,1,7,0,0,0,0,0,0
Kinematic-Cluster4-Empty,373,7.48,0,-3.0824182,-1.60302591,-1.55333388,0,0,0,0,1,7,0,0,0,0,0,0
Kinematic-Cluster4-Empty,373,7.48,1,-2.704567,-1.61154377,-3.3287127,0,0,0,0,1,9,0,0,0,0,0,0
Kinematic-Cluster4-Empty,373,7.48,2,-3.06356931,-1.22653055,0.116416991,0,0,0,0,1,6,0,0,0,0,0,0
Kinematic-Cluster4-Empty,373,7.48,3,-2.68964767,-1.24152243,-10.6217327,0,0,0,0,1,7,0,0,0,0,0,0
Kinematic-Cluster4-Empty,374,7.5,0,-3.0824182,-1.60302591,-1.55333388,0,0,0,0,1,7,0,0,0,0,0,0
Kinematic-Cluster4-Empty,374,7.5,1,-2.704567,-1.61154377,-3.3287127,0,0,0,0,1,9,0,0,0,0,0,0
Kinematic-Cluster4-Empty,374,7.5,2,-3.06356931,-1.22653055,0.116416991,0,0,0,0,1,6,0,0,0,0,0,0
Kinematic-Cluster4-Empty,374,7.5,3,-2.68964767,-1.24152243,-10.6217327,0,0,0,0,1,7,0,0,0,0,0,0
Kinematic-Cluster4-Empty,375,7.52,0,-3.0824182,-1.60302591,-1.55333388,0,0,0,0,1,7,0,0,0,0,0,0
Kinematic-Cluster4-Empty,375,7.52,1,-2.704567,-1.61154377,-3.3287127,0,0,0,0,1,9,0,0,0,0,0,0
Kinematic-Cluster4-Empty,375,7.52,2,-3.06356931,-1.22653055,0.116416991,0,0,0,0,1,6,0,0,0,0,0,0
Kinematic-Cluster4-Empty,375,7.52,3,-2.68964767,-1.24152243,-10.6217327,0,0,0,0,1,7,0,0,0,0,0,0
Kinematic-Cluster4-Empty,376,7.54,0,-3.0824182,-1.60302591,-1.55333388,0,0,0,0,1,7,0,0,0,0,0,0
Kinematic-Cluster4-Empty,376,7.54,1,-2.704567,-1.61154377,-3.3287127,0,0,0,0,1,9,0,0,0,0,0,0
Kinematic-Cluster4-Empty,376,7.54,2,-3.06356931,-1.22653055,0.116416991,0,0,0,0,1,6,0,0,0,0,0,0
Kinematic-Cluster4-Empty,376,7.54,3,-2.68964767,-1.24152243,-10.6217327,0,0,0,0,1,7,0,0,0,0,0,0
Kinematic-Cluster4-Empty,377,7.56,0,-3.0824182,-1.60302591,-1.55333388,0,0,0,0,1,7,0,0,0,0,0,0
Kinematic-Cluster4-Empty,377,7.56,1,-2.704567,-1.61154377,-3.3287127,0,0,0,0,1,9,0,0,0,0,0,0
Kinematic-Cluster4-Empty,377,7.56,2,-3.06356931,-1.22653055,0.116416991,0,0,0,0,1,6,0,0,0,0,0,0
Kinematic-Cluster4-Empty,377,7.56,3,-2.68964767,-1.24152243,-10.6217327,0,0,0,0,1,7,0,0,0,0,0,0
Kinematic-Cluster4-Empty,378,7.58,0,-3.0824182,-1.60302591,-1.55333388,0,0,0,0,1,7,0,0,0,0,0,0
Kinematic-Cluster4-Empty,378,7.58,1,-2.704567,-1.61154377,-3.3287127,0,0,0,0,1,9,0,0,0,0,0,0
Kinematic-Cluster4-Empty,378,7.58,2,-3.06356931,-1.22653055,0.116416991,0,0,0,0,1,6,0,0,0,0,0,0
Kinematic-Cluster4-Empty,378,7.58,3,-2.68964767,-1.24152243,-10.6217327,0,0,0,0,1,7,0,0,0,0,0,0
Kinematic-Cluster4-Empty,379,7.6,0,-3.0824182,-1.60302591,-1.55333388,0,0,0,0,1,7,0,0,0,0,0,0
Kinematic-Cluster4-Empty,379,7.6,1,-2.704567,-1.61154377,-3.3287127,0,0,0,0,1,9,0,0,0,0,0,0
Kinematic-Cluster4-Empty,379,7.6,2,-3.06356931,-1.22653055,0.116416991,0,0,0,0,1,6,0,0,0,0,0,0
Kinematic-Cluster4-Empty,379,7.6,3,-2.68964767,-1.24152243,-10.6217327,0,0,0,0,1,7,0,0,0,0,0,0
Kinematic-Cluster4-Empty,380,7.62,0,-3.0824182,-1.60302591,-1.55333388,0,0,0,0,1,7,0,0,0,0,0,0
Kinematic-Cluster4-Empty,380,7.62,1,-2.704567,-1.61154377,-3.3287127,0,0,0,0,1,9,0,0,0,0,0,0
Kinematic-Cluster4-Empty,380,7.62,2,-3.06356931,-1.22653055,0.116416991,0,0,0,0,1,6,0,0,0,0,0,0
Kinematic-Cluster4-Empty,380,7.62,3,-2.68964767,-1.24152243,-10.6217327,0,0,0,0,1,7,0,0,0,0,0,0
Kinematic-Cluster4-Empty,381,7.64,0,-3.0824182,-1.60302591,-1.55333388,0,0,0,0,1,7,0,0,0,0,0,0
Kinematic-Cluster4-Empty,381,7.64,1,-2.704567,-1.61154377,-3.3287127,0,0,0,0,1,9,0,0,0,0,0,0
Kinematic-Cluster4-Empty,381,7.64,2,-3.06356931,-1.22653055,0.116416991,0,0,0,0,1,6,0,0,0,0,0,0
Kinematic-Cluster4-Empty,381,7.64,3,-2.68964767,-1.24152243,-10.6217327,0,0,0,0,1,7,0,0,0,0,0,0
Kinematic-Cluster4-Empty,382,7.66,0,-3.0824182,-1.60302591,-1.55333388,0,0,0,0,1,7,0,0,0,0,0,0
Kinematic-Cluster4-Empty,382,7.66,1,-2.704567,-1.61154377,-3.3287127,0,0,0,0,1,9,0,0,0,0,0,0
Kinematic-Cluster4-Empty,382,7.66,2,-3.06356931,-1.22653055,0.116416991,0,0,0,0,1,6,0,0,0,0,0,0
Kinematic-Cluster4-Empty,382,7.66,3,-2.68964767,-1.24152243,-10.6217327,0,0,0,0,1,7,0,0,0,0,0,0
Kinematic-Cluster4-Empty,383,7.68,0,-3.0824182,-1.60302591,-1.55333388,0,0,0,0,1,7,0,0,0,0,0,0
Kinematic-Cluster4-Empty,383,7.68,1,-2.704567,-1.61154377,-3.3287127,0,0,0,0,1,9,0,0,0,0,0,0
Kinematic-Cluster4-Empty,383,7.68,2,-3.06356931,-1.22653055,0.116416991,0,0,0,0,1,6,0,0,0,0,0,0
Kinematic-Cluster4-Empty,383,7.68,3,-2.68964767,-1.24152243,-10.6217327,0,0,0,0,1,7,0,0,0,0,0,0
Kinematic-Cluster4-Empty,384,7.7,0,-3.0824182,-1.60302591,-1.55333388,0,0,0,0,1,7,0,0,0,0,0,0
Kinematic-Cluster4-Empty,384,7.7,1,-2.704567,-1.61154377,-3.3287127,0,0,0,0,1,9,0,0,0,0,0,0
Kinematic-Cluster4-Empty,384,7.7,2,-3.06356931,-1.22653055,0.116416991,0,0,0,0,1,6,0,0,0,0,0,0
Kinematic-Cluster4-Empty,384,7.7,3,-2.68964767,-1.24152243,-10.6217327,0,0,0,0,1,7,0,0,0,0,0,0
Kinematic-Cluster4-Empty,385,7.72,0,-3.0824182,-1.60302591,-1.55333388,0,0,0,0,1,7,0,0,0,0,0,0
Kinematic-Cluster4-Empty,385,7.72,1,-2.704567,-1.61154377,-3.3287127,0,0,0,0,1,9,0,0,0,0,0,0
Kinematic-Cluster4-Empty,385,7.72,2,-3.06356931,-1.22653055,0.116416991,0,0,0,0,1,6,0,0,0,0,0,0
Kinematic-Cluster4-Empty,385,7.72,3,-2.68964767,-1.24152243,-10.6217327,0,0,0,0,1,7,0,0,0,0,0,0
Kinematic-Cluster4-Empty,386,7.74,0,-3.0824182,-1.60302591,-1.55333388,0,0,0,0,1,7,0,0,0,0,0,0
Kinematic-Cluster4-Empty,386,7.74,1,-2.704567,-1.61154377,-3.3287127,0,0,0,0,1,9,0,0,0,0,0,0
Kinematic-Cluster4-Empty,386,7.74,2,-3.06356931,-1.22653055,0.116416991,0,0,0,0,1,6,0,0,0,0,0,0
Kinematic-Cluster4-Empty,386,7.74,3,-2.68964767,-1.24152243,-10.6217327,0,0,0,0,1,7,0,0,0,0,0,0
Kinematic-Cluster4-Empty,387,7.75999975,0,-3.0824182,-1.60302591,-1.55333388,0,0,0,0,1,7,0,0,0,0,0,0
Kinematic-Cluster4-Empty,387,7.75999975,1,-2.704567,-1.61154377,-3.3287127,0,0,0,0,1,9,0,0,0,0,0,0
Kinematic-Cluster4-Empty,387,7.75999975,2,-3.06356931,-1.22653055,0.116416991,0,0,0,0,1,6,0,0,0,0,0,0
Kinematic-Cluster4-Empty,387,7.75999975,3,-2.68964767,-1.24152243,-10.6217327,0,0,0,0,1,7,0,0,0,0,0,0
Kinematic-Cluster4-Empty,388,7.77999973,0,-3.0824182,-1.60302591,-1.55333388,0,0,0,0,1,7,0,0,0,0,0,0
Kinematic-Cluster4-Empty,388,7.77999973,1,-2.704567,-1.61154377,-3.3287127,0,0,0,0,1,9,0,0,0,0,0,0
Kinematic-Cluster4-Empty,388,7.77999973,2,-3.06356931,-1.22653055,0.116416991,0,0,0,0,1,6,0,0,0,0,0,0
Kinematic-Cluster4-Empty,388,7.77999973,3,-2.68964767,-1.24152243,-10.6217327,0,0,0,0,1,7,0,0,0,0,0,0
Kinematic-Cluster4-Empty,389,7.79999971,0,-3.0824182,-1.60302591,-1.55333388,0,0,0,0,1,7,0,0,0,0,0,0
Kinematic-Cluster4-Empty,389,7.79999971,1,-2.704567,-1.61154377,-3.3287127,0,0,0,0,1,9,0,0,0,0,0,0
Kinematic-Cluster4-Empty,389,7.79999971,2,-3.06356931,-1.22653055,0.116416991,0,0,0,0,1,6,0,0,0,0,0,0
Kinematic-Cluster4-Empty,389,7.79999971,3,-2.68964767,-1.24152243,-10.6217327,0,0,0,0,1,7,0,0,0,0,0,0
Kinematic-Cluster4-Empty,390,7.81999969,0,-3.0824182,-1.60302591,-1.55333388,0,0,0,0,1,7,0,0,0,0,0,0
Kinematic-Cluster4-Empty,390,7.81999969,1,-2.704567,-1.61154377,-3.3287127,0,0,0,0,1,9,0,0,0,0,0,0
Kinematic-Cluster4-Empty,390,7.81999969,2,-3.06356931,-1.22653055,0.116416991,0,0,0,0,1,6,0,0,0,0,0,0
Kinematic-Cluster4-Empty,390,7.81999969,3,-2.68964767,-1.24152243,-10.6217327,0,0,0,0,1,7,0,0,0,0,0,0
Kinematic-Cluster4-Empty,391,7.83999968,0,-3.0824182,-1.60302591,-1.55333388,0,0,0,0,1,7,0,0,0,0,0,0
Kinematic-Cluster4-Empty,391,7.83999968,1,-2.704567,-1.61154377,-3.3287127,0,0,0,0,1,9,0,0,0,0,0,0
Kinematic-Cluster4-Empty,391,7.83999968,2,-3.06356931,-1.22653055,0.116416991,0,0,0,0,1,6,0,0,0,0,0,0
Kinematic-Cluster4-Empty,391,7.83999968,3,-2.68964767,-1.24152243,-10.6217327,0,0,0,0,1,7,0,0,0,0,0,0
Kinematic-Cluster4-Empty,392,7.85999966,0,-3.0824182,-1.60302591,-1.55333388,0,0,0,0,1,7,0,0,0,0,0,0
Kinematic-Cluster4-Empty,392,7.85999966,1,-2.704567,-1.61154377,-3.3287127,0,0,0,0,1,9,0,0,0,0,0,0
Kinematic-Cluster4-Empty,392,7.85999966,2,-3.06356931,-1.22653055,0.116416991,0,0,0,0,1,6,0,0,0,0,0,0
Kinematic-Cluster4-Empty,392,7.85999966,3,-2.68964767,-1.24152243,-10.6217327,0,0,0,0,1,7,0,0,0,0,0,0
Kinematic-Cluster4-Empty,393,7.87999964,0,-3.0824182,-1.60302591,-1.55333388,0,0,0,0,1,7,0,0,0,0,0,0
Kinematic-Cluster4-Empty,393,7.87999964,1,-2.704567,-1.61154377,-3.3287127,0,0,0,0,1,9,0,0,0,0,0,0
Kinematic-Cluster4-Empty,393,7.87999964,2,-3.06356931,-1.22653055,0.116416991,0,0,0,0,1,6,0,0,0,0,0,0
Kinematic-Cluster4-Empty,393,7.87999964,3,-2.68964767,-1.24152243,-10.6217327,0,0,0,0,1,7,0,0,0,0,0,0
Kinematic-Cluster4-Empty,394,7.89999962,0,-3.0824182,-1.60302591,-1.55333388,0,0,0,0,1,7,0,0,0,0,0,0
Kinematic-Cluster4-Empty,394,7.89999962,1,-2.704567,-1.61154377,-3.3287127,0,0,0,0,1,9,0,0,0,0,0,0
Kinematic-Cluster4-Empty,394,7.89999962,2,-3.06356931,-1.22653055,0.116416991,0,0,0,0,1,6,0,0,0,0,0,0
Kinematic-Cluster4-Empty,394,7.89999962,3,-2.68964767,-1.24152243,-10.6217327,0,0,0,0,1,7,0,0,0,0,0,0
Kinematic-Cluster4-Empty,395,7.9199996,0,-3.0824182,-1.60302591,-1.55333388,0,0,0,0,1,7,0,0,0,0,0,0
Kinematic-Cluster4-Empty,395,7.9199996,1,-2.704567,-1.61154377,-3.3287127,0,0,0,0,1,9,0,0,0,0,0,0
Kinematic-Cluster4-Empty,395,7.9199996,2,-3.06356931,-1.22653055,0.116416991,0,0,0,0,1,6,0,0,0,0,0,0
Kinematic-Cluster4-Empty,395,7.9199996,3,-2.68964767,-1.24152243,-10.6217327,0,0,0,0,1,7,0,0,0,0,0,0
Kinematic-Cluster4-Empty,396,7.94,0,-3.0824182,-1.60302591,-1.55333388,0,0,0,0,1,7,0,0,0,0,0,0
Kinematic-Cluster4-Empty,396,7.94,1,-2.704567,-1.61154377,-3.3287127,0,0,0,0,1,9,0,0,0,0,0,0
Kinematic-Cluster4-Empty,396,7.94,2,-3.06356931,-1.22653055,0.116416991,0,0,0,0,1,6,0,0,0,0,0,0
Kinematic-Cluster4-Empty,396,7.94,3,-2.68964767,-1.24152243,-10.6217327,0,0,0,0,1,7,0,0,0,0,0,0
Kinematic-Cluster4-Empty,397,7.96,0,-3.0824182,-1.60302591,-1.55333388,0,0,0,0,1,7,0,0,0,0,0,0
Kinematic-Cluster4-Empty,397,7.96,1,-2.704567,-1.61154377,-3.3287127,0,0,0,0,1,9,0,0,0,0,0,0
Kinematic-Cluster4-Empty,397,7.96,2,-3.06356931,-1.22653055,0.116416991,0,0,0,0,1,6,0,0,0,0,0,0
Kinematic-Cluster4-Empty,397,7.96,3,-2.68964767,-1.24152243,-10.6217327,0,0,0,0,1,7,0,0,0,0,0,0
Kinematic-Cluster4-Empty,398,7.98,0,-3.0824182,-1.60302591,-1.55333388,0,0,0,0,1,7,0,0,0,0,0,0
Kinematic-Cluster4-Empty,398,7.98,1,-2.704567,-1.61154377,-3.3287127,0,0,0,0,1,9,0,0,0,0,0,0
Kinematic-Cluster4-Empty,398,7.98,2,-3.06356931,-1.22653055,0.116416991,0,0,0,0,1,6,0,0,0,0,0,0
Kinematic-Cluster4-Empty,398,7.98,3,-2.68964767,-1.24152243,-10.6217327,0,0,0,0,1,7,0,0,0,0,0,0
Kinematic-Cluster4-Empty,399,8,0,-3.0824182,-1.60302591,-1.55333388,0,0,0,0,1,7,0,0,0,0,0,0
Kinematic-Cluster4-Empty,399,8,1,-2.704567,-1.61154377,-3.3287127,0,0,0,0,1,9,0,0,0,0,0,0
Kinematic-Cluster4-Empty,399,8,2,-3.06356931,-1.22653055,0.116416991,0,0,0,0,1,6,0,0,0,0,0,0
Kinematic-Cluster4-Empty,399,8,3,-2.68964767,-1.24152243,-10.6217327,0,0,0,0,1,7,0,0,0,0,0,0
Kinematic-Cluster4-F,300,6.02,0,-3.08141875,-1.60391712,-1.98269022,0,0,0,0,1,7,36,0.00118928379,0.006894043,0,41,0
Kinematic-Cluster4-F,300,6.02,1,-2.70255685,-1.60998416,-4.155215,0,0,0,0,1,9,36,0.00118928379,0.006894043,0,41,0
Kinematic-Cluster4-F,300,6.02,2,-3.06357646,-1.22576606,0.759442866,0,0,0,0,1,6,36,0.00118928379,0.006894043,0,41,0
Kinematic-Cluster4-F,300,6.02,3,-2.686569,-1.24013567,-10.9849329,0,0,0,0,1,7,36,0.00118928379,0.006894043,0,41,0
Kinematic-Cluster4-F,301,6.04,0,-3.08141875,-1.60391712,-1.98269022,0,0,0,0,1,7,36,0.000948224566,0.004655839,0,41,0
Kinematic-Cluster4-F,301,6.04,1,-2.70255685,-1.60998416,-4.155215,0,0,0,0,1,9,36,0.000948224566,0.004655839,0,41,0
Kinematic-Cluster4-F,301,6.04,2,-3.06357646,-1.22576606,0.759442866,0,0,0,0,1,6,36,0.000948224566,0.004655839,0,41,0
Kinematic-Cluster4-F,301,6.04,3,-2.686569,-1.24013567,-10.9849329,0,0,0,0,1,7,36,0.000948224566,0.004655839,0,41,0
Kinematic-Cluster4-F,302,6.06,0,-3.08141875,-1.60391712,-1.98269022,0,0,0,0,1,7,36,0.00106368284,0.006046284,0,41,0
Kinematic-Cluster4-F,302,6.06,1,-2.70255685,-1.60998416,-4.155215,0,0,0,0,1,9,36,0.00106368284,0.006046284,0,41,0
Kinematic-Cluster4-F,302,6.06,2,-3.06357646,-1.22576606,0.759442866,0,0,0,0,1,6,36,0.00106368284,0.006046284,0,41,0
Kinematic-Cluster4-F,302,6.06,3,-2.686569,-1.24013567,-10.9849329,0,0,0,0,1,7,36,0.00106368284,0.006046284,0,41,0
Kinematic-Cluster4-F,303,6.08,0,-3.08141875,-1.60391712,-1.98269022,0,0,0,0,1,7,36,0.000887461647,0.00395287527,0,41,0
Kinematic-Cluster4-F,303,6.08,1,-2.70255685,-1.60998416,-4.155215,0,0,0,0,1,9,36,0.000887461647,0.00395287527,0,41,0
Kinematic-Cluster4-F,303,6.08,2,-3.06357646,-1.22576606,0.759442866,0,0,0,0,1,6,36,0.000887461647,0.00395287527,0,41,0
Kinematic-Cluster4-F,303,6.08,3,-2.686569,-1.24013567,-10.9849329,0,0,0,0,1,7,36,0.000887461647,0.00395287527,0,41,0
Kinematic-Cluster4-F,304,6.1,0,-3.08141875,-1.60391712,-1.98269022,0,0,0,0,1,7,36,0.000948887144,0.00577997137,0,41,0
Kinematic-Cluster4-F,304,6.1,1,-2.70255685,-1.60998416,-4.155215,0,0,0,0,1,9,36,0.000948887144,0.00577997137,0,41,0
Kinematic-Cluster4-F,304,6.1,2,-3.06357646,-1.22576606,0.759442866,0,0,0,0,1,6,36,0.000948887144,0.00577997137,0,41,0
Kinematic-Cluster4-F,304,6.1,3,-2.686569,-1.24013567,-10.9849329,0,0,0,0,1,7,36,0.000948887144,0.00577997137,0,41,0
Kinematic-Cluster4-F,305,6.12,0,-3.08141875,-1.60391712,-1.98269022,0,0,0,0,1,7,36,0.001022356,0.00519252941,0,41,0
Kinematic-Cluster4-F,305,6.12,1,-2.70255685,-1.60998416,-4.155215,0,0,0,0,1,9,36,0.001022356,0.00519252941,0,41,0
Kinematic-Cluster4-F,305,6.12,2,-3.06357646,-1.22576606,0.759442866,0,0,0,0,1,6,36,0.001022356,0.00519252941,0,41,0
Kinematic-Cluster4-F,305,6.12,3,-2.686569,-1.24013567,-10.9849329,0,0,0,0,1,7,36,0.001022356,0.00519252941,0,41,0
Kinematic-Cluster4-F,306,6.14,0,-3.08141875,-1.60391712,-1.98269022,0,0,0,0,1,7,36,0.0009919473,0.00551020075,0,41,0
Kinematic-Cluster4-F,306,6.14,1,-2.70255685,-1.60998416,-4.155215,0,0,0,0,1,9,36,0.0009919473,0.00551020075,0,41,0
Kinematic-Cluster4-F,306,6.14,2,-3.06357646,-1.22576606,0.759442866,0,0,0,0,1,6,36,0.0009919473,0.00551020075,0,41,0
Kinematic-Cluster4-F,306,6.14,3,-2.686569,-1.24013567,-10.9849329,0,0,0,0,1,7,36,0.0009919473,0.00551020075,0,41,0
Kinematic-Cluster4-F,307,6.16,0,-3.08141875,-1.60391712,-1.98269022,0,0,0,0,1,7,36,0.00106437621,0.005196625,0,41,0
Kinematic-Cluster4-F,307,6.16,1,-2.70255685,-1.60998416,-4.155215,0,0,0,0,1,9,36,0.00106437621,0.005196625,0,41,0
Kinematic-Cluster4-F,307,6.16,2,-3.06357646,-1.22576606,0.759442866,0,0,0,0,1,6,36,0.00106437621,0.005196625,0,41,0
Kinematic-Cluster4-F,307,6.16,3,-2.686569,-1.24013567,-10.9849329,0,0,0,0,1,7,36,0.00106437621,0.005196625,0,41,0
Kinematic-Cluster4-F,308,6.18,0,-3.08141875,-1.60391712,-1.98269022,0,0,0,0,1,7,36,0.00113753334,0.006629535,0,41,0
Kinematic-Cluster4-F,308,6.18,1,-2.70255685,-1.60998416,-4.155215,0,0,0,0,1,9,36,0.00113753334,0.006629535,0,41,0
Kinematic-Cluster4-F,308,6.18,2,-3.06357646,-1.22576606,0.759442866,0,0,0,0,1,6,36,0.00113753334,0.006629535,0,41,0
Kinematic-Cluster4-F,308,6.18,3,-2.686569,-1.24013567,-10.9849329,0,0,0,0,1,7,36,0.00113753334,0.006629535,0,41,0
Kinematic-Cluster4-F,309,6.2,0,-3.08141875,-1.60391712,-1.98269022,0,0,0,0,1,7,36,0.0009520479,0.004790937,0,41,0
Kinematic-Cluster4-F,309,6.2,1,-2.70255685,-1.60998416,-4.155215,0,0,0,0,1,9,36,0.0009520479,0.004790937,0,41,0
Kinematic-Cluster4-F,309,6.2,2,-3.06357646,-1.22576606,0.759442866,0,0,0,0,1,6,36,0.0009520479,0.004790937,0,41,0
Kinematic-Cluster4-F,309,6.2,3,-2.686569,-1.24013567,-10.9849329,0,0,0,0,1,7,36,0.0009520479,0.004790937,0,41,0
Kinematic-Cluster4-F,310,6.22,0,-3.08141875,-1.60391712,-1.98269022,0,0,0,0,1,7,36,0.0009735522,0.005481186,0,41,0
Kinematic-Cluster4-F,310,6.22,1,-2.70255685,-1.60998416,-4.155215,0,0,0,0,1,9,36,0.0009735522,0.005481186,0,41,0
Kinematic-Cluster4-F,310,6.22,2,-3.06357646,-1.22576606,0.759442866,0,0,0,0,1,6,36,0.0009735522,0.005481186,0,41,0
Kinematic-Cluster4-F,310,6.22,3,-2.686569,-1.24013567,-10.9849329,0,0,0,0,1,7,36,0.0009735522,0.005481186,0,41,0
Kinematic-Cluster4-F,311,6.24,0,-3.08141875,-1.60391712,-1.98269022,0,0,0,0,1,7,36,0.001160733,0.006513686,0,41,0
Kinematic-Cluster4-F,311,6.24,1,-2.70255685,-1.60998416,-4.155215,0,0,0,0,1,9,36,0.001160733,0.006513686,0,41,0
Kinematic-Cluster4-F,311,6.24,2,-3.06357646,-1.22576606,0.759442866,0,0,0,0,1,6,36,0.001160733,0.006513686,0,41,0
Kinematic-Cluster4-F,311,6.24,3,-2.686569,-1.24013567,-10.9849329,0,0,0,0,1,7,36,0.001160733,0.006513686,0,41,0
Kinematic-Cluster4-F,312,6.25999975,0,-3.08141875,-1.60391712,-1.98269022,0,0,0,0,1,7,36,0.0009914085,0.005052893,0,41,0
Kinematic-Cluster4-F,312,6.25999975,1,-2.70255685,-1.60998416,-4.155215,0,0,0,0,1,9,36,0.0009914085,0.005052893,0,41,0
Kinematic-Cluster4-F,312,6.25999975,2,-3.06357646,-1.22576606,0.759442866,0,0,0,0,1,6,36,0.0009914085,0.005052893,0,41,0
Kinematic-Cluster4-F,312,6.25999975,3,-2.686569,-1.24013567,-10.9849329,0,0,0,0,1,7,36,0.0009914085,0.005052893,0,41,0
Kinematic-Cluster4-F,313,6.27999973,0,-3.08141875,-1.60391712,-1.98269022,0,0,0,0,1,7,36,0.001120616,0.00583587773,0,41,0
Kinematic-Cluster4-F,313,6.27999973,1,-2.70255685,-1.60998416,-4.155215,0,0,0,0,1,9,36,0.001120616,0.00583587773,0,41,0
Kinematic-Cluster4-F,313,6.27999973,2,-3.06357646,-1.22576606,0.759442866,0,0,0,0,1,6,36,0.001120616,0.00583587773,0,41,0
Kinematic-Cluster4-F,313,6.27999973,3,-2.686569,-1.24013567,-10.9849329,0,0,0,0,1,7,36,0.001120616,0.00583587773,0,41,0
Kinematic-Cluster4-F,314,6.29999971,0,-3.08141875,-1.60391712,-1.98269022,0,0,0,0,1,7,36,0.00105174864,0.00540784327,0,41,0
Kinematic-Cluster4-F,314,6.29999971,1,-2.70255685,-1.60998416,-4.155215,0,0,0,0,1,9,36,0.00105174864,0.00540784327,0,41,0
Kinematic-Cluster4-F,314,6.29999971,2,-3.06357646,-1.22576606,0.759442866,0,0,0,0,1,6,36,0.00105174864,0.00540784327,0,41,0
Kinematic-Cluster4-F,314,6.29999971,3,-2.686569,-1.24013567,-10.9849329,0,0,0,0,1,7,36,0.00105174864,0.00540784327,0,41,0
Kinematic-Cluster4-F,315,6.31999969,0,-3.08141875,-1.60391712,-1.98269022,0,0,0,0,1,7,36,0.0009660551,0.004842304,0,41,0
Kinematic-Cluster4-F,315,6.31999969,1,-2.70255685,-1.60998416,-4.155215,0,0,0,0,1,9,36,0.0009660551,0.004842304,0,41,0
Kinematic-Cluster4-F,315,6.31999969,2,-3.06357646,-1.22576606,0.759442866,0,0,0,0,1,6,36,0.0009660551,0.004842304,0,41,0
Kinematic-Cluster4-F,315,6.31999969,3,-2.686569,-1.24013567,-10.9849329,0,0,0,0,1,7,36,0.0009660551,0.004842304,0,41,0
Kinematic-Cluster4-F,316,6.33999968,0,-3.08141875,-1.60391712,-1.98269022,0,0,0,0,1,7,36,0.0009910559,0.005592317,0,41,0
Kinematic-Cluster4-F,316,6.33999968,1,-2.70255685,-1.60998416,-4.155215,0,0,0,0,1,9,36,0.0009910559,0.005592317,0,41,0
Kinematic-Cluster4-F,316,6.33999968,2,-3.06357646,-1.22576606,0.759442866,0,0,0,0,1,6,36,0.0009910559,0.005592317,0,41,0
Kinematic-Cluster4-F,316,6.33999968,3,-2.686569,-1.24013567,-10.9849329,0,0,0,0,1,7,36,0.0009910559,0.005592317,0,41,0
Kinematic-Cluster4-F,317,6.35999966,0,-3.08141875,-1.60391712,-1.98269022,0,0,0,0,1,7,36,0.0009879466,0.004330256,0,41,0
Kinematic-Cluster4-F,317,6.35999966,1,-2.70255685,-1.60998416,-4.155215,0,0,0,0,1,9,36,0.0009879466,0.004330256,0,41,0
Kinematic-Cluster4-F,317,6.35999966,2,-3.06357646,-1.22576606,0.759442866,0,0,0,0,1,6,36,0.0009879466,0.004330256,0,41,0
Kinematic-Cluster4-F,317,6.35999966,3,-2.686569,-1.24013567,-10.9849329,0,0,0,0,1,7,36,0.0009879466,0.004330256,0,41,0
Kinematic-Cluster4-F,318,6.37999964,0,-3.08141875,-1.60391712,-1.98269022,0,0,0,0,1,7,36,0.0009848585,0.005077289,0,41,0
Kinematic-Cluster4-F,318,6.37999964,1,-2.70255685,-1.60998416,-4.155215,0,0,0,0,1,9,36,0.0009848585,0.005077289,0,41,0
Kinematic-Cluster4-F,318,6.37999964,2,-3.06357646,-1.22576606,0.759442866,0,0,0,0,1,6,36,0.0009848585,0.005077289,0,41,0
Kinematic-Cluster4-F,318,6.37999964,3,-2.686569,-1.24013567,-10.9849329,0,0,0,0,1,7,36,0.0009848585,0.005077289,0,41,0
Kinematic-Cluster4-F,319,6.39999962,0,-3.08141875,-1.60391712,-1.98269022,0,0,0,0,1,7,36,0.000821772846,0.00356342876,0,41,0
Kinematic-Cluster4-F,319,6.39999962,1,-2.70255685,-1.60998416,-4.155215,0,0,0,0,1,9,36,0.000821772846,0.00356342876,0,41,0
Kinematic-Cluster4-F,319,6.39999962,2,-3.06357646,-1.22576606,0.759442866,0,0,0,0,1,6,36,0.000821772846,0.00356342876,0,41,0
Kinematic-Cluster4-F,319,6.39999962,3,-2.686569,-1.24013567,-10.9849329,0,0,0,0,1,7,36,0.000821772846,0.00356342876,0,41,0
Kinematic-Cluster4-F,320,6.42,0,-3.08141875,-1.60391712,-1.98269022,0,0,0,0,1,7,36,0.00103877834,0.006225158,0,41,0
Kinematic-Cluster4-F,320,6.42,1,-2.70255685,-1.60998416,-4.155215,0,0,0,0,1,9,36,0.00103877834,0.006225158,0,41,0
Kinematic-Cluster4-F,320,6.42,2,-3.06357646,-1.22576606,0.759442866,0,0,0,0,1,6,36,0.00103877834,0.006225158,0,41,0
Kinematic-Cluster4-F,320,6.42,3,-2.686569,-1.24013567,-10.9849329,0,0,0,0,1,7,36,0.00103877834,0.006225158,0,41,0
Kinematic-Cluster4-F,321,6.44,0,-3.08141875,-1.60391712,-1.98269022,0,0,0,0,1,7,36,0.0009013056,0.00358919683,0,41,0
Kinematic-Cluster4-F,321,6.44,1,-2.70255685,-1.60998416,-4.155215,0,0,0,0,1,9,36,0.0009013056,0.00358919683,0,41,0
Kinematic-Cluster4-F,321,6.44,2,-3.06357646,-1.22576606,0.759442866,0,0,0,0,1,6,36,0.0009013056,0.00358919683,0,41,0
Kinematic-Cluster4-F,321,6.44,3,-2.686569,-1.24013567,-10.9849329,0,0,0,0,1,7,36,0.0009013056,0.00358919683,0,41,0
Kinematic-Cluster4-F,322,6.46,0,-3.08141875,-1.60391712,-1.98269022,0,0,0,0,1,7,36,0.0009722126,0.005741356,0,41,0
Kinematic-Cluster4-F,322,6.46,1,-2.70255685,-1.60998416,-4.155215,0,0,0,0,1,9,36,0.0009722126,0.005741356,0,41,0
Kinematic-Cluster4-F,322,6.46,2,-3.06357646,-1.22576606,0.759442866,0,0,0,0,1,6,36,0.0009722126,0.005741356,0,41,0
Kinematic-Cluster4-F,322,6.46,3,-2.686569,-1.24013567,-10.9849329,0,0,0,0,1,7,36,0.0009722126,0.005741356,0,41,0
Kinematic-Cluster4-F,323,6.48,0,-3.08141875,-1.60391712,-1.98269022,0,0,0,0,1,7,36,0.00113738514,0.00715943845,0,41,0
Kinematic-Cluster4-F,323,6.48,1,-2.70255685,-1.60998416,-4.155215,0,0,0,0,1,9,36,0.00113738514,0.00715943845,0,41,0
Kinematic-Cluster4-F,323,6.48,2,-3.06357646,-1.22576606,0.759442866,0,0,0,0,1,6,36,0.00113738514,0.00715943845,0,41,0
Kinematic-Cluster4-F,323,6.48,3,-2.686569,-1.24013567,-10.9849329,0,0,0,0,1,7,36,0.00113738514,0.00715943845,0,41,0
Kinematic-Cluster4-F,324,6.5,0,-3.08141875,-1.60391712,-1.98269022,0,0,0,0,1,7,36,0.0009186691,0.004291123,0,41,0
Kinematic-Cluster4-F,324,6.5,1,-2.70255685,-1.60998416,-4.155215,0,0,0,0,1,9,36,0.0009186691,0.004291123,0,41,0
Kinematic-Cluster4-F,324,6.5,2,-3.06357646,-1.22576606,0.759442866,0,0,0,0,1,6,36,0.0009186691,0.004291123,0,41,0
Kinematic-Cluster4-F,324,6.5,3,-2.686569,-1.24013567,-10.9849329,0,0,0,0,1,7,36,0.0009186691,0.004291123,0,41,0
Kinematic-Cluster4-F,325,6.52,0,-3.08141875,-1.60391712,-1.98269022,0,0,0,0,1,7,36,0.00105660444,0.00475381175,0,41,0
Kinematic-Cluster4-F,325,6.52,1,-2.70255685,-1.60998416,-4.155215,0,0,0,0,1,9,36,0.00105660444,0.00475381175,0,41,0
Kinematic-Cluster4-F,325,6.52,2,-3.06357646,-1.22576606,0.759442866,0,0,0,0,1,6,36,0.00105660444,0.00475381175,0,41,0
Kinematic-Cluster4-F,325,6.52,3,-2.686569,-1.24013567,-10.9849329,0,0,0,0,1,7,36,0.00105660444,0.00475381175,0,41,0
Kinematic-Cluster4-F,326,6.54,0,-3.08141875,-1.60391712,-1.98269022,0,0,0,0,1,7,36,0.0008000844,0.00317724328,0,41,0
Kinematic-Cluster4-F,326,6.54,1,-2.70255685,-1.60998416,-4.155215,0,0,0,0,1,9,36,0.0008000844,0.00317724328,0,41,0
Kinematic-Cluster4-F,326,6.54,2,-3.06357646,-1.22576606,0.759442866,0,0,0,0,1,6,36,0.0008000844,0.00317724328,0,41,0
Kinematic-Cluster4-F,326,6.54,3,-2.686569,-1.24013567,-10.9849329,0,0,0,0,1,7,36,0.0008000844,0.00317724328,0,41,0
Kinematic-Cluster4-F,327,6.56,0,-3.08141875,-1.60391712,-1.98269022,0,0,0,0,1,7,36,0.000949838955,0.00642700261,0,41,0
Kinematic-Cluster4-F,327,6.56,1,-2.70255685,-1.60998416,-4.155215,0,0,0,0,1,9,36,0.000949838955,0.00642700261,0,41,0
Kinematic-Cluster4-F,327,6.56,2,-3.06357646,-1.22576606,0.759442866,0,0,0,0,1,6,36,0.000949838955,0.00642700261,0,41,0
Kinematic-Cluster4-F,327,6.56,3,-2.686569,-1.24013567,-10.9849329,0,0,0,0,1,7,36,0.000949838955,0.00642700261,0,41,0
Kinematic-Cluster4-F,328,6.58,0,-3.08141875,-1.60391712,-1.98269022,0,0,0,0,1,7,36,0.000952012255,0.00384489633,0,41,0
Kinematic-Cluster4-F,328,6.58,1,-2.70255685,-1.60998416,-4.155215,0,0,0,0,1,9,36,0.000952012255,0.00384489633,0,41,0
Kinematic-Cluster4-F,328,6.58,2,-3.06357646,-1.22576606,0.759442866,0,0,0,0,1,6,36,0.000952012255,0.00384489633,0,41,0
Kinematic-Cluster4-F,328,6.58,3,-2.686569,-1.24013567,-10.9849329,0,0,0,0,1,7,36,0.000952012255,0.00384489633,0,41,0
Kinematic-Cluster4-F,329,6.6,0,-3.08141875,-1.60391712,-1.98269022,0,0,0,0,1,7,36,0.00100592012,0.006045493,0,41,0
Kinematic-Cluster4-F,329,6.6,1,-2.70255685,-1.60998416,-4.155215,0,0,0,0,1,9,36,0.00100592012,0.006045493,0,41,0
Kinematic-Cluster4-F,329,6.6,2,-3.06357646,-1.22576606,0.759442866,0,0,0,0,1,6,36,0.00100592012,0.006045493,0,41,0
Kinematic-Cluster4-F,329,6.6,3,-2.686569,-1.24013567,-10.9849329,0,0,0,0,1,7,36,0.00100592012,0.006045493,0,41,0
Kinematic-Cluster4-F,330,6.62,0,-3.08141875,-1.60391712,-1.98269022,0,0,0,0,1,7,36,0.00117478671,0.007443712,0,41,0
Kinematic-Cluster4-F,330,6.62,1,-2.70255685,-1.60998416,-4.155215,0,0,0,0,1,9,36,0.00117478671,0.007443712,0,41,0
Kinematic-Cluster4-F,330,6.62,2,-3.06357646,-1.22576606,0.759442866,0,0,0,0,1,6,36,0.00117478671,0.007443712,0,41,0
Kinematic-Cluster4-F,330,6.62,3,-2.686569,-1.24013567,-10.9849329,0,0,0,0,1,7,36,0.00117478671,0.007443712,0,41,0
Kinematic-Cluster4-F,331,6.64,0,-3.08141875,-1.60391712,-1.98269022,0,0,0,0,1,7,36,0.0009452961,0.004312304,0,41,0
Kinematic-Cluster4-F,331,6.64,1,-2.70255685,-1.60998416,-4.155215,0,0,0,0,1,9,36,0.0009452961,0.004312304,0,41,0
Kinematic-Cluster4-F,331,6.64,2,-3.06357646,-1.22576606,0.759442866,0,0,0,0,1,6,36,0.0009452961,0.004312304,0,41,0
Kinematic-Cluster4-F,331,6.64,3,-2.686569,-1.24013567,-10.9849329,0,0,0,0,1,7,36,0.0009452961,0.004312304,0,41,0
Kinematic-Cluster4-F,332,6.66,0,-3.08141875,-1.60391712,-1.98269022,0,0,0,0,1,7,36,0.00104697829,0.00453026872,0,41,0
Kinematic-Cluster4-F,332,6.66,1,-2.70255685,-1.60998416,-4.155215,0,0,0,0,1,9,36,0.00104697829,0.00453026872,0,41,0
Kinematic-Cluster4-F,332,6.66,2,-3.06357646,-1.22576606,0.759442866,0,0,0,0,1,6,36,0.00104697829,0.00453026872,0,41,0
Kinematic-Cluster4-F,332,6.66,3,-2.686569,-1.24013567,-10.9849329,0,0,0,0,1,7,36,0.00104697829,0.00453026872,0,41,0
Kinematic-Cluster4-F,333,6.68,0,-3.08141875,-1.60391712,-1.98269022,0,0,0,0,1,7,36,0.0008084843,0.00336549035,0,41,0
Kinematic-Cluster4-F,333,6.68,1,-2.70255685,-1.60998416,-4.155215,0,0,0,0,1,9,36,0.0008084843,0.00336549035,0,41,0
Kinematic-Cluster4-F,333,6.68,2,-3.06357646,-1.22576606,0.759442866,0,0,0,0,1,6,36,0.0008084843,0.00336549035,0,41,0
Kinematic-Cluster4-F,333,6.68,3,-2.686569,-1.24013567,-10.9849329,0,0,0,0,1,7,36,0.0008084843,0.00336549035,0,41,0
Kinematic-Cluster4-F,334,6.7,0,-3.08141875,-1.60391712,-1.98269022,0,0,0,0,1,7,36,0.0009402127,0.0062235943,0,41,0
Kinematic-Cluster4-F,334,6.7,1,-2.70255685,-1.60998416,-4.155215,0,0,0,0,1,9,36,0.0009402127,0.0062235943,0,41,0
Kinematic-Cluster4-F,334,6.7,2,-3.06357646,-1.22576606,0.759442866,0,0,0,0,1,6,36,0.0009402127,0.0062235943,0,41,0
Kinematic-Cluster4-F,334,6.7,3,-2.686569,-1.24013567,-10.9849329,0,0,0,0,1,7,36,0.0009402127,0.0062235943,0,41,0
Kinematic-Cluster4-F,335,6.72,0,-3.08141875,-1.60391712,-1.98269022,0,0,0,0,1,7,36,0.00100461231,0.00429613469,0,41,0
Kinematic-Cluster4-F,335,6.72,1,-2.70255685,-1.60998416,-4.155215,0,0,0,0,1,9,36,0.00100461231,0.00429613469,0,41,0
Kinematic-Cluster4-F,335,6.72,2,-3.06357646,-1.22576606,0.759442866,0,0,0,0,1,6,36,0.00100461231,0.00429613469,0,41,0
Kinematic-Cluster4-F,335,6.72,3,-2.686569,-1.24013567,-10.9849329,0,0,0,0,1,7,36,0.00100461231,0.00429613469,0,41,0
Kinematic-Cluster4-F,336,6.74,0,-3.08141875,-1.60391712,-1.98269022,0,0,0,0,1,7,36,0.0009534969,0.005679458,0,41,0
Kinematic-Cluster4-F,336,6.74,1,-2.70255685,-1.60998416,-4.155215,0,0,0,0,1,9,36,0.0009534969,0.005679458,0,41,0
Kinematic-Cluster4-F,336,6.74,2,-3.06357646,-1.22576606,0.759442866,0,0,0,0,1,6,36,0.0009534969,0.005679458,0,41,0
Kinematic-Cluster4-F,336,6.74,3,-2.686569,-1.24013567,-10.9849329,0,0,0,0,1,7,36,0.0009534969,0.005679458,0,41,0
Kinematic-Cluster4-F,337,6.75999975,0,-3.08141875,-1.60391712,-1.98269022,0,0,0,0,1,7,36,0.00121464557,0.007127679,0,41,0
Kinematic-Cluster4-F,337,6.75999975,1,-2.70255685,-1.60998416,-4.155215,0,0,0,0,1,9,36,0.00121464557,0.007127679,0,41,0
Kinematic-Cluster4-F,337,6.75999975,2,-3.06357646,-1.22576606,0.759442866,0,0,0,0,1,6,36,0.00121464557,0.007127679,0,41,0
Kinematic-Cluster4-F,337,6.75999975,3,-2.686569,-1.24013567,-10.9849329,0,0,0,0,1,7,36,0.00121464557,0.007127679,0,41,0
Kinematic-Cluster4-F,338,6.77999973,0,-3.08141875,-1.60391712,-1.98269022,0,0,0,0,1,7,36,0.00097081135,0.005149916,0,41,0
Kinematic-Cluster4-F,338,6.77999973,1,-2.70255685,-1.60998416,-4.155215,0,0,0,0,1,9,36,0.00097081135,0.005149916,0,41,0
Kinematic-Cluster4-F,338,6.77999973,2,-3.06357646,-1.22576606,0.759442866,0,0,0,0,1,6,36,0.00097081135,0.005149916,0,41,0
Kinematic-Cluster4-F,338,6.77999973,3,-2.686569,-1.24013567,-10.9849329,0,0,0,0,1,7,36,0.00097081135,0.005149916,0,41,0
Kinematic-Cluster4-F,339,6.79999971,0,-3.08141875,-1.60391712,-1.98269022,0,0,0,0,1,7,36,0.00124912045,0.006979224,0,41,0
Kinematic-Cluster4-F,339,6.79999971,1,-2.70255685,-1.60998416,-4.155215,0,0,0,0,1,9,36,0.00124912045,0.006979224,0,41,0
Kinematic-Cluster4-F,339,6.79999971,2,-3.06357646,-1.22576606,0.759442866,0,0,0,0,1,6,36,0.00124912045,0.006979224,0,41,0
Kinematic-Cluster4-F,339,6.79999971,3,-2.686569,-1.24013567,-10.9849329,0,0,0,0,1,7,36,0.00124912045,0.006979224,0,41,0
Kinematic-Cluster4-F,340,6.81999969,0,-3.08141875,-1.60391712,-1.98269022,0,0,0,0,1,7,36,0.0009647597,0.00552130351,0,41,0
Kinematic-Cluster4-F,340,6.81999969,1,-2.70255685,-1.60998416,-4.155215,0,0,0,0,1,9,36,0.0009647597,0.00552130351,0,41,0
Kinematic-Cluster4-F,340,6.81999969,2,-3.06357646,-1.22576606,0.759442866,0,0,0,0,1,6,36,0.0009647597,0.00552130351,0,41,0
Kinematic-Cluster4-F,340,6.81999969,3,-2.686569,-1.24013567,-10.9849329,0,0,0,0,1,7,36,0.0009647597,0.00552130351,0,41,0
Kinematic-Cluster4-F,341,6.83999968,0,-3.08141875,-1.60391712,-1.98269022,0,0,0,0,1,7,36,0.00104669482,0.00530185224,0,41,0
Kinematic-Cluster4-F,341,6.83999968,1,-2.70255685,-1.60998416,-4.155215,0,0,0,0,1,9,36,0.00104669482,0.00530185224,0,41,0
Kinematic-Cluster4-F,341,6.83999968,2,-3.06357646,-1.22576606,0.759442866,0,0,0,0,1,6,36,0.00104669482,0.00530185224,0,41,0
Kinematic-Cluster4-F,341,6.83999968,3,-2.686569,-1.24013567,-10.9849329,0,0,0,0,1,7,36,0.00104669482,0.00530185224,0,41,0
Kinematic-Cluster4-F,342,6.85999966,0,-3.08141875,-1.60391712,-1.98269022,0,0,0,0,1,7,36,0.000930309761,0.00442909868,0,41,0
Kinematic-Cluster4-F,342,6.85999966,1,-2.70255685,-1.60998416,-4.155215,0,0,0,0,1,9,36,0.000930309761,0.00442909868,0,41,0
Kinematic-Cluster4-F,342,6.85999966,2,-3.06357646,-1.22576606,0.759442866,0,0,0,0,1,6,36,0.000930309761,0.00442909868,0,41,0
Kinematic-Cluster4-F,342,6.85999966,3,-2.686569,-1.24013567,-10.9849329,0,0,0,0,1,7,36,0.000930309761,0.00442909868,0,41,0
Kinematic-Cluster4-F,343,6.87999964,0,-3.08141875,-1.60391712,-1.98269022,0,0,0,0,1,7,36,0.0009864176,0.00526155,0,41,0
Kinematic-Cluster4-F,343,6.87999964,1,-2.70255685,-1.60998416,-4.155215,0,0,0,0,1,9,36,0.0009864176,0.00526155,0,41,0
Kinematic-Cluster4-F,343,6.87999964,2,-3.06357646,-1.22576606,0.759442866,0,0,0,0,1,6,36,0.0009864176,0.00526155,0,41,0
Kinematic-Cluster4-F,343,6.87999964,3,-2.686569,-1.24013567,-10.9849329,0,0,0,0,1,7,36,0.0009864176,0.00526155,0,41,0
Kinematic-Cluster4-F,344,6.89999962,0,-3.08141875,-1.60391712,-1.98269022,0,0,0,0,1,7,36,0.000846481533,0.00395517,0,41,0
Kinematic-Cluster4-F,344,6.89999962,1,-2.70255685,-1.60998416,-4.155215,0,0,0,0,1,9,36,0.000846481533,0.00395517,0,41,0
Kinematic-Cluster4-F,344,6.89999962,2,-3.06357646,-1.22576606,0.759442866,0,0,0,0,1,6,36,0.000846481533,0.00395517,0,41,0
Kinematic-Cluster4-F,344,6.89999962,3,-2.686569,-1.24013567,-10.9849329,0,0,0,0,1,7,36,0.000846481533,0.00395517,0,41,0
Kinematic-Cluster4-F,345,6.92,0,-3.08141875,-1.60391712,-1.98269022,0,0,0,0,1,7,36,0.0009948057,0.006439308,0,41,0
Kinematic-Cluster4-F,345,6.92,1,-2.70255685,-1.60998416,-4.155215,0,0,0,0,1,9,36,0.0009948057,0.006439308,0,41,0
Kinematic-Cluster4-F,345,6.92,2,-3.06357646,-1.22576606,0.759442866,0,0,0,0,1,6,36,0.0009948057,0.006439308,0,41,0
Kinematic-Cluster4-F,345,6.92,3,-2.686569,-1.24013567,-10.9849329,0,0,0,0,1,7,36,0.0009948057,0.006439308,0,41,0
Kinematic-Cluster4-F,346,6.94,0,-3.08141875,-1.60391712,-1.98269022,0,0,0,0,1,7,36,0.00107806234,0.00449507125,0,41,0
Kinematic-Cluster4-F,346,6.94,1,-2.70255685,-1.60998416,-4.155215,0,0,0,0,1,9,36,0.00107806234,0.00449507125,0,41,0
Kinematic-Cluster4-F,346,6.94,2,-3.06357646,-1.22576606,0.759442866,0,0,0,0,1,6,36,0.00107806234,0.00449507125,0,41,0
Kinematic-Cluster4-F,346,6.94,3,-2.686569,-1.24013567,-10.9849329,0,0,0,0,1,7,36,0.00107806234,0.00449507125,0,41,0
Kinematic-Cluster4-F,347,6.96,0,-3.08141875,-1.60391712,-1.98269022,0,0,0,0,1,7,36,0.0009502368,0.005566825,0,41,0
Kinematic-Cluster4-F,347,6.96,1,-2.70255685,-1.60998416,-4.155215,0,0,0,0,1,9,36,0.0009502368,0.005566825,0,41,0
Kinematic-Cluster4-F,347,6.96,2,-3.06357646,-1.22576606,0.759442866,0,0,0,0,1,6,36,0.0009502368,0.005566825,0,41,0
Kinematic-Cluster4-F,347,6.96,3,-2.686569,-1.24013567,-10.9849329,0,0,0,0,1,7,36,0.0009502368,0.005566825,0,41,0
Kinematic-Cluster4-F,348,6.98,0,-3.08141875,-1.60391712,-1.98269022,0,0,0,0,1,7,36,0.00112585688,0.006521372,0,41,0
Kinematic-Cluster4-F,348,6.98,1,-2.70255685,-1.60998416,-4.155215,0,0,0,0,1,9,36,0.00112585688,0.006521372,0,41,0
Kinematic-Cluster4-F,348,6.98,2,-3.06357646,-1.22576606,0.759442866,0,0,0,0,1,6,36,0.00112585688,0.006521372,0,41,0
Kinematic-Cluster4-F,348,6.98,3,-2.686569,-1.24013567,-10.9849329,0,0,0,0,1,7,36,0.00112585688,0.006521372,0,41,0
Kinematic-Cluster4-F,349,7,0,-3.08141875,-1.60391712,-1.98269022,0,0,0,0,1,7,36,0.001022171,0.00571881,0,41,0
Kinematic-Cluster4-F,349,7,1,-2.70255685,-1.60998416,-4.155215,0,0,0,0,1,9,36,0.001022171,0.00571881,0,41,0
Kinematic-Cluster4-F,349,7,2,-3.06357646,-1.22576606,0.759442866,0,0,0,0,1,6,36,0.001022171,0.00571881,0,41,0
Kinematic-Cluster4-F,349,7,3,-2.686569,-1.24013567,-10.9849329,0,0,0,0,1,7,36,0.001022171,0.00571881,0,41,0
Kinematic-Cluster4-F,350,7.02,0,-3.08141875,-1.60391712,-1.98269022,0,0,0,0,1,7,36,0.00125028845,0.00706775,0,41,0
Kinematic-Cluster4-F,350,7.02,1,-2.70255685,-1.60998416,-4.155215,0,0,0,0,1,9,36,0.00125028845,0.00706775,0,41,0
Kinematic-Cluster4-F,350,7.02,2,-3.06357646,-1.22576606,0.759442866,0,0,0,0,1,6,36,0.00125028845,0.00706775,0,41,0
Kinematic-Cluster4-F,350,7.02,3,-2.686569,-1.24013567,-10.9849329,0,0,0,0,1,7,36,0.00125028845,0.00706775,0,41,0
Kinematic-Cluster4-F,351,7.04,0,-3.08141875,-1.60391712,-1.98269022,0,0,0,0,1,7,36,0.0009953738,0.00549111,0,41,0
Kinematic-Cluster4-F,351,7.04,1,-2.70255685,-1.60998416,-4.155215,0,0,0,0,1,9,36,0.0009953738,0.00549111,0,41,0
Kinematic-Cluster4-F,351,7.04,2,-3.06357646,-1.22576606,0.759442866,0,0,0,0,1,6,36,0.0009953738,0.00549111,0,41,0
Kinematic-Cluster4-F,351,7.04,3,-2.686569,-1.24013567,-10.9849329,0,0,0,0,1,7,36,0.0009953738,0.00549111,0,41,0
Kinematic-Cluster4-F,352,7.06,0,-3.08141875,-1.60391712,-1.98269022,0,0,0,0,1,7,36,0.00116796815,0.00635874644,0,41,0
Kinematic-Cluster4-F,352,7.06,1,-2.70255685,-1.60998416,-4.155215,0,0,0,0,1,9,36,0.00116796815,0.00635874644,0,41,0
Kinematic-Cluster4-F,352,7.06,2,-3.06357646,-1.22576606,0.759442866,0,0,0,0,1,6,36,0.00116796815,0.00635874644,0,41,0
Kinematic-Cluster4-F,352,7.06,3,-2.686569,-1.24013567,-10.9849329,0,0,0,0,1,7,36,0.00116796815,0.00635874644,0,41,0
Kinematic-Cluster4-F,353,7.08,0,-3.08141875,-1.60391712,-1.98269022,0,0,0,0,1,7,36,0.000933977659,0.00504945032,0,41,0
Kinematic-Cluster4-F,353,7.08,1,-2.70255685,-1.60998416,-4.155215,0,0,0,0,1,9,36,0.000933977659,0.00504945032,0,41,0
Kinematic-Cluster4-F,353,7.08,2,-3.06357646,-1.22576606,0.759442866,0,0,0,0,1,6,36,0.000933977659,0.00504945032,0,41,0
Kinematic-Cluster4-F,353,7.08,3,-2.686569,-1.24013567,-10.9849329,0,0,0,0,1,7,36,0.000933977659,0.00504945032,0,41,0
Kinematic-Cluster4-F,354,7.1,0,-3.08141875,-1.60391712,-1.98269022,0,0,0,0,1,7,36,0.0009895117,0.00541819073,0,41,0
Kinematic-Cluster4-F,354,7.1,1,-2.70255685,-1.60998416,-4.155215,0,0,0,0,1,9,36,0.0009895117,0.00541819073,0,41,0
Kinematic-Cluster4-F,354,7.1,2,-3.06357646,-1.22576606,0.759442866,0,0,0,0,1,6,36,0.0009895117,0.00541819073,0,41,0
Kinematic-Cluster4-F,354,7.1,3,-2.686569,-1.24013567,-10.9849329,0,0,0,0,1,7,36,0.0009895117,0.00541819073,0,41,0
Kinematic-Cluster4-F,355,7.12,0,-3.08141875,-1.60391712,-1.98269022,0,0,0,0,1,7,36,0.001077548,0.005030341,0,41,0
Kinematic-Cluster4-F,355,7.12,1,-2.70255685,-1.60998416,-4.155215,0,0,0,0,1,9,36,0.001077548,0.005030341,0,41,0
Kinematic-Cluster4-F,355,7.12,2,-3.06357646,-1.22576606,0.759442866,0,0,0,0,1,6,36,0.001077548,0.005030341,0,41,0
Kinematic-Cluster4-F,355,7.12,3,-2.686569,-1.24013567,-10.9849329,0,0,0,0,1,7,36,0.001077548,0.005030341,0,41,0
Kinematic-Cluster4-F,356,7.14,0,-3.08141875,-1.60391712,-1.98269022,0,0,0,0,1,7,36,0.000907152,0.005243797,0,41,0
Kinematic-Cluster4-F,356,7.14,1,-2.70255685,-1.60998416,-4.155215,0,0,0,0,1,9,36,0.000907152,0.005243797,0,41,0
Kinematic-Cluster4-F,356,7.14,2,-3.06357646,-1.22576606,0.759442866,0,0,0,0,1,6,36,0.000907152,0.005243797,0,41,0
Kinematic-Cluster4-F,356,7.14,3,-2.686569,-1.24013567,-10.9849329,0,0,0,0,1,7,36,0.000907152,0.005243797,0,41,0
Kinematic-Cluster4-F,357,7.16,0,-3.08141875,-1.60391712,-1.98269022,0,0,0,0,1,7,36,0.00105530967,0.00494720228,0,41,0
Kinematic-Cluster4-F,357,7.16,1,-2.70255685,-1.60998416,-4.155215,0,0,0,0,1,9,36,0.00105530967,0.00494720228,0,41,0
Kinematic-Cluster4-F,357,7.16,2,-3.06357646,-1.22576606,0.759442866,0,0,0,0,1,6,36,0.00105530967,0.00494720228,0,41,0
Kinematic-Cluster4-F,357,7.16,3,-2.686569,-1.24013567,-10.9849329,0,0,0,0,1,7,36,0.00105530967,0.00494720228,0,41,0
Kinematic-Cluster4-F,358,7.18,0,-3.08141875,-1.60391712,-1.98269022,0,0,0,0,1,7,36,0.000958670629,0.005684632,0,41,0
Kinematic-Cluster4-F,358,7.18,1,-2.70255685,-1.60998416,-4.155215,0,0,0,0,1,9,36,0.000958670629,0.005684632,0,41,0
Kinematic-Cluster4-F,358,7.18,2,-3.06357646,-1.22576606,0.759442866,0,0,0,0,1,6,36,0.000958670629,0.005684632,0,41,0
Kinematic-Cluster4-F,358,7.18,3,-2.686569,-1.24013567,-10.9849329,0,0,0,0,1,7,36,0.000958670629,0.005684632,0,41,0
Kinematic-Cluster4-F,359,7.2,0,-3.08141875,-1.60391712,-1.98269022,0,0,0,0,1,7,36,0.00108035665,0.00498781353,0,41,0
Kinematic-Cluster4-F,359,7.2,1,-2.70255685,-1.60998416,-4.155215,0,0,0,0,1,9,36,0.00108035665,0.00498781353,0,41,0
Kinematic-Cluster4-F,359,7.2,2,-3.06357646,-1.22576606,0.759442866,0,0,0,0,1,6,36,0.00108035665,0.00498781353,0,41,0
Kinematic-Cluster4-F,359,7.2,3,-2.686569,-1.24013567,-10.9849329,0,0,0,0,1,7,36,0.00108035665,0.00498781353,0,41,0
Kinematic-Cluster4-F,360,7.22,0,-3.08141875,-1.60391712,-1.98269022,0,0,0,0,1,7,36,0.00092980644,0.00564323738,0,41,0
Kinematic-Cluster4-F,360,7.22,1,-2.70255685,-1.60998416,-4.155215,0,0,0,0,1,9,36,0.00092980644,0.00564323738,0,41,0
Kinematic-Cluster4-F,360,7.22,2,-3.06357646,-1.22576606,0.759442866,0,0,0,0,1,6,36,0.00092980644,0.00564323738,0,41,0
Kinematic-Cluster4-F,360,7.22,3,-2.686569,-1.24013567,-10.9849329,0,0,0,0,1,7,36,0.00092980644,0.00564323738,0,41,0
Kinematic-Cluster4-F,361,7.24,0,-3.08141875,-1.60391712,-1.98269022,0,0,0,0,1,7,36,0.00108997559,0.00611196365,0,41,0
Kinematic-Cluster4-F,361,7.24,1,-2.70255685,-1.60998416,-4.155215,0,0,0,0,1,9,36,0.00108997559,0.00611196365,0,41,0
Kinematic-Cluster4-F,361,7.24,2,-3.06357646,-1.22576606,0.759442866,0,0,0,0,1,6,36,0.00108997559,0.00611196365,0,41,0
Kinematic-Cluster4-F,361,7.24,3,-2.686569,-1.24013567,-10.9849329,0,0,0,0,1,7,36,0.00108997559,0.00611196365,0,41,0
Kinematic-Cluster4-F,362,7.25999975,0,-3.08141875,-1.60391712,-1.98269022,0,0,0,0,1,7,36,0.00114136422,0.00615218142,0,41,0
Kinematic-Cluster4-F,362,7.25999975,1,-2.70255685,-1.60998416,-4.155215,0,0,0,0,1,9,36,0.00114136422,0.00615218142,0,41,0
Kinematic-Cluster4-F,362,7.25999975,2,-3.06357646,-1.22576606,0.759442866,0,0,0,0,1,6,36,0.00114136422,0.00615218142,0,41,0
Kinematic-Cluster4-F,362,7.25999975,3,-2.686569,-1.24013567,-10.9849329,0,0,0,0,1,7,36,0.00114136422,0.00615218142,0,41,0
Kinematic-Cluster4-F,363,7.27999973,0,-3.08141875,-1.60391712,-1.98269022,0,0,0,0,1,7,36,0.000866525632,0.004251877,0,41,0
Kinematic-Cluster4-F,363,7.27999973,1,-2.70255685,-1.60998416,-4.155215,0,0,0,0,1,9,36,0.000866525632,0.004251877,0,41,0
Kinematic-Cluster4-F,363,7.27999973,2,-3.06357646,-1.22576606,0.759442866,0,0,0,0,1,6,36,0.000866525632,0.004251877,0,41,0
Kinematic-Cluster4-F,363,7.27999973,3,-2.686569,-1.24013567,-10.9849329,0,0,0,0,1,7,36,0.000866525632,0.004251877,0,41,0
Kinematic-Cluster4-F,364,7.29999971,0,-3.08141875,-1.60391712,-1.98269022,0,0,0,0,1,7,36,0.000959495548,0.00537129724,0,41,0
Kinematic-Cluster4-F,364,7.29999971,1,-2.70255685,-1.60998416,-4.155215,0,0,0,0,1,9,36,0.000959495548,0.00537129724,0,41,0
Kinematic-Cluster4-F,364,7.29999971,2,-3.06357646,-1.22576606,0.759442866,0,0,0,0,1,6,36,0.000959495548,0.00537129724,0,41,0
Kinematic-Cluster4-F,364,7.29999971,3,-2.686569,-1.24013567,-10.9849329,0,0,0,0,1,7,36,0.000959495548,0.00537129724,0,41,0
Kinematic-Cluster4-F,365,7.31999969,0,-3.08141875,-1.60391712,-1.98269022,0,0,0,0,1,7,36,0.00108044129,0.00534721231,0,41,0
Kinematic-Cluster4-F,365,7.31999969,1,-2.70255685,-1.60998416,-4.155215,0,0,0,0,1,9,36,0.00108044129,0.00534721231,0,41,0
Kinematic-Cluster4-F,365,7.31999969,2,-3.06357646,-1.22576606,0.759442866,0,0,0,0,1,6,36,0.00108044129,0.00534721231,0,41,0
Kinematic-Cluster4-F,365,7.31999969,3,-2.686569,-1.24013567,-10.9849329,0,0,0,0,1,7,36,0.00108044129,0.00534721231,0,41,0
Kinematic-Cluster4-F,366,7.33999968,0,-3.08141875,-1.60391712,-1.98269022,0,0,0,0,1,7,36,0.0009332352,0.00584058743,0,41,0
Kinematic-Cluster4-F,366,7.33999968,1,-2.70255685,-1.60998416,-4.155215,0,0,0,0,1,9,36,0.0009332352,0.00584058743,0,41,0
Kinematic-Cluster4-F,366,7.33999968,2,-3.06357646,-1.22576606,0.759442866,0,0,0,0,1,6,36,0.0009332352,0.00584058743,0,41,0
Kinematic-Cluster4-F,366,7.33999968,3,-2.686569,-1.24013567,-10.9849329,0,0,0,0,1,7,36,0.0009332352,0.00584058743,0,41,0
Kinematic-Cluster4-F,367,7.35999966,0,-3.08141875,-1.60391712,-1.98269022,0,0,0,0,1,7,36,0.00122492143,0.00742980326,0,41,0
Kinematic-Cluster4-F,367,7.35999966,1,-2.70255685,-1.60998416,-4.155215,0,0,0,0,1,9,36,0.00122492143,0.00742980326,0,41,0
Kinematic-Cluster4-F,367,7.35999966,2,-3.06357646,-1.22576606,0.759442866,0,0,0,0,1,6,36,0.00122492143,0.00742980326,0,41,0
Kinematic-Cluster4-F,367,7.35999966,3,-2.686569,-1.24013567,-10.9849329,0,0,0,0,1,7,36,0.00122492143,0.00742980326,0,41,0
Kinematic-Cluster4-F,368,7.37999964,0,-3.08141875,-1.60391712,-1.98269022,0,0,0,0,1,7,36,0.00102823309,0.00480008638,0,41,0
Kinematic-Cluster4-F,368,7.37999964,1,-2.70255685,-1.60998416,-4.155215,0,0,0,0,1,9,36,0.00102823309,0.00480008638,0,41,0
Kinematic-Cluster4-F,368,7.37999964,2,-3.06357646,-1.22576606,0.759442866,0,0,0,0,1,6,36,0.00102823309,0.00480008638,0,41,0
Kinematic-Cluster4-F,368,7.37999964,3,-2.686569,-1.24013567,-10.9849329,0,0,0,0,1,7,36,0.00102823309,0.00480008638,0,41,0
Kinematic-Cluster4-F,369,7.39999962,0,-3.08141875,-1.60391712,-1.98269022,0,0,0,0,1,7,36,0.00101395906,0.005117945,0,41,0
Kinematic-Cluster4-F,369,7.39999962,1,-2.70255685,-1.60998416,-4.155215,0,0,0,0,1,9,36,0.00101395906,0.005117945,0,41,0
Kinematic-Cluster4-F,369,7.39999962,2,-3.06357646,-1.22576606,0.759442866,0,0,0,0,1,6,36,0.00101395906,0.005117945,0,41,0
Kinematic-Cluster4-F,369,7.39999962,3,-2.686569,-1.24013567,-10.9849329,0,0,0,0,1,7,36,0.00101395906,0.005117945,0,41,0
Kinematic-Cluster4-F,370,7.4199996,0,-3.08141875,-1.60391712,-1.98269022,0,0,0,0,1,7,36,0.0008801838,0.00398983527,0,41,0
Kinematic-Cluster4-F,370,7.4199996,1,-2.70255685,-1.60998416,-4.155215,0,0,0,0,1,9,36,0.0008801838,0.00398983527,0,41,0
Kinematic-Cluster4-F,370,7.4199996,2,-3.06357646,-1.22576606,0.759442866,0,0,0,0,1,6,36,0.0008801838,0.00398983527,0,41,0
Kinematic-Cluster4-F,370,7.4199996,3,-2.686569,-1.24013567,-10.9849329,0,0,0,0,1,7,36,0.0008801838,0.00398983527,0,41,0
Kinematic-Cluster4-F,371,7.44,0,-3.08141875,-1.60391712,-1.98269022,0,0,0,0,1,7,36,0.0008982147,0.00579305366,0,41,0
Kinematic-Cluster4-F,371,7.44,1,-2.70255685,-1.60998416,-4.155215,0,0,0,0,1,9,36,0.0008982147,0.00579305366,0,41,0
Kinematic-Cluster4-F,371,7.44,2,-3.06357646,-1.22576606,0.759442866,0,0,0,0,1,6,36,0.0008982147,0.00579305366,0,41,0
Kinematic-Cluster4-F,371,7.44,3,-2.686569,-1.24013567,-10.9849329,0,0,0,0,1,7,36,0.0008982147,0.00579305366,0,41,0
Kinematic-Cluster4-F,372,7.46,0,-3.08141875,-1.60391712,-1.98269022,0,0,0,0,1,7,36,0.0009549384,0.004976299,0,41,0
Kinematic-Cluster4-F,372,7.46,1,-2.70255685,-1.60998416,-4.155215,0,0,0,0,1,9,36,0.0009549384,0.004976299,0,41,0
Kinematic-Cluster4-F,372,7.46,2,-3.06357646,-1.22576606,0.759442866,0,0,0,0,1,6,36,0.0009549384,0.004976299,0,41,0
Kinematic-Cluster4-F,372,7.46,3,-2.686569,-1.24013567,-10.9849329,0,0,0,0,1,7,36,0.0009549384,0.004976299,0,41,0
Kinematic-Cluster4-F,373,7.48,0,-3.08141875,-1.60391712,-1.98269022,0,0,0,0,1,7,36,0.00107411179,0.006095957,0,41,0
Kinematic-Cluster4-F,373,7.48,1,-2.70255685,-1.60998416,-4.155215,0,0,0,0,1,9,36,0.00107411179,0.006095957,0,41,0
Kinematic-Cluster4-F,373,7.48,2,-3.06357646,-1.22576606,0.759442866,0,0,0,0,1,6,36,0.00107411179,0.006095957,0,41,0
Kinematic-Cluster4-F,373,7.48,3,-2.686569,-1.24013567,-10.9849329,0,0,0,0,1,7,36,0.00107411179,0.006095957,0,41,0
Kinematic-Cluster4-F,374,7.5,0,-3.08141875,-1.60391712,-1.98269022,0,0,0,0,1,7,36,0.0008480199,0.00411947165,0,41,0
Kinematic-Cluster4-F,374,7.5,1,-2.70255685,-1.60998416,-4.155215,0,0,0,0,1,9,36,0.0008480199,0.00411947165,0,41,0
Kinematic-Cluster4-F,374,7.5,2,-3.06357646,-1.22576606,0.759442866,0,0,0,0,1,6,36,0.0008480199,0.00411947165,0,41,0
Kinematic-Cluster4-F,374,7.5,3,-2.686569,-1.24013567,-10.9849329,0,0,0,0,1,7,36,0.0008480199,0.00411947165,0,41,0
Kinematic-Cluster4-F,375,7.52,0,-3.08141875,-1.60391712,-1.98269022,0,0,0,0,1,7,36,0.0009767467,0.005359451,0,41,0
Kinematic-Cluster4-F,375,7.52,1,-2.70255685,-1.60998416,-4.155215,0,0,0,0,1,9,36,0.0009767467,0.005359451,0,41,0
Kinematic-Cluster4-F,375,7.52,2,-3.06357646,-1.22576606,0.759442866,0,0,0,0,1,6,36,0.0009767467,0.005359451,0,41,0
Kinematic-Cluster4-F,375,7.52,3,-2.686569,-1.24013567,-10.9849329,0,0,0,0,1,7,36,0.0009767467,0.005359451,0,41,0
Kinematic-Cluster4-F,376,7.54,0,-3.08141875,-1.60391712,-1.98269022,0,0,0,0,1,7,36,0.000887236267,0.004121913,0,41,0
Kinematic-Cluster4-F,376,7.54,1,-2.70255685,-1.60998416,-4.155215,0,0,0,0,1,9,36,0.000887236267,0.004121913,0,41,0
Kinematic-Cluster4-F,376,7.54,2,-3.06357646,-1.22576606,0.759442866,0,0,0,0,1,6,36,0.000887236267,0.004121913,0,41,0
Kinematic-Cluster4-F,376,7.54,3,-2.686569,-1.24013567,-10.9849329,0,0,0,0,1,7,36,0.000887236267,0.004121913,0,41,0
Kinematic-Cluster4-F,377,7.56,0,-3.08141875,-1.60391712,-1.98269022,0,0,0,0,1,7,36,0.000953320356,0.006250229,0,41,0
Kinematic-Cluster4-F,377,7.56,1,-2.70255685,-1.60998416,-4.155215,0,0,0,0,1,9,36,0.000953320356,0.006250229,0,41,0
Kinematic-Cluster4-F,377,7.56,2,-3.06357646,-1.22576606,0.759442866,0,0,0,0,1,6,36,0.000953320356,0.006250229,0,41,0
Kinematic-Cluster4-F,377,7.56,3,-2.686569,-1.24013567,-10.9849329,0,0,0,0,1,7,36,0.000953320356,0.006250229,0,41,0
Kinematic-Cluster4-F,378,7.58,0,-3.08141875,-1.60391712,-1.98269022,0,0,0,0,1,7,36,0.00105803332,0.004437931,0,41,0
Kinematic-Cluster4-F,378,7.58,1,-2.70255685,-1.60998416,-4.155215,0,0,0,0,1,9,36,0.00105803332,0.004437931,0,41,0
Kinematic-Cluster4-F,378,7.58,2,-3.06357646,-1.22576606,0.759442866,0,0,0,0,1,6,36,0.00105803332,0.004437931,0,41,0
Kinematic-Cluster4-F,378,7.58,3,-2.686569,-1.24013567,-10.9849329,0,0,0,0,1,7,36,0.00105803332,0.004437931,0,41,0
Kinematic-Cluster4-F,379,7.6,0,-3.08141875,-1.60391712,-1.98269022,0,0,0,0,1,7,36,0.000945335953,0.00525889173,0,41,0
Kinematic-Cluster4-F,379,7.6,1,-2.70255685,-1.60998416,-4.155215,0,0,0,0,1,9,36,0.000945335953,0.00525889173,0,41,0
Kinematic-Cluster4-F,379,7.6,2,-3.06357646,-1.22576606,0.759442866,0,0,0,0,1,6,36,0.000945335953,0.00525889173,0,41,0
Kinematic-Cluster4-F,379,7.6,3,-2.686569,-1.24013567,-10.9849329,0,0,0,0,1,7,36,0.000945335953,0.00525889173,0,41,0
Kinematic-Cluster4-F,380,7.62,0,-3.08141875,-1.60391712,-1.98269022,0,0,0,0,1,7,36,0.00103628018,0.00628610933,0,41,0
Kinematic-Cluster4-F,380,7.62,1,-2.70255685,-1.60998416,-4.155215,0,0,0,0,1,9,36,0.00103628018,0.00628610933,0,41,0
Kinematic-Cluster4-F,380,7.62,2,-3.06357646,-1.22576606,0.759442866,0,0,0,0,1,6,36,0.00103628018,0.00628610933,0,41,0
Kinematic-Cluster4-F,380,7.62,3,-2.686569,-1.24013567,-10.9849329,0,0,0,0,1,7,36,0.00103628018,0.00628610933,0,41,0
Kinematic-Cluster4-F,381,7.64,0,-3.08141875,-1.60391712,-1.98269022,0,0,0,0,1,7,36,0.00116360211,0.00685936445,0,41,0
Kinematic-Cluster4-F,381,7.64,1,-2.70255685,-1.60998416,-4.155215,0,0,0,0,1,9,36,0.00116360211,0.00685936445,0,41,0
Kinematic-Cluster4-F,381,7.64,2,-3.06357646,-1.22576606,0.759442866,0,0,0,0,1,6,36,0.00116360211,0.00685936445,0,41,0
Kinematic-Cluster4-F,381,7.64,3,-2.686569,-1.24013567,-10.9849329,0,0,0,0,1,7,36,0.00116360211,0.00685936445,0,41,0
Kinematic-Cluster4-F,382,7.66,0,-3.08141875,-1.60391712,-1.98269022,0,0,0,0,1,7,36,0.0008958072,0.00377151743,0,41,0
Kinematic-Cluster4-F,382,7.66,1,-2.70255685,-1.60998416,-4.155215,0,0,0,0,1,9,36,0.0008958072,0.00377151743,0,41,0
Kinematic-Cluster4-F,382,7.66,2,-3.06357646,-1.22576606,0.759442866,0,0,0,0,1,6,36,0.0008958072,0.00377151743,0,41,0
Kinematic-Cluster4-F,382,7.66,3,-2.686569,-1.24013567,-10.9849329,0,0,0,0,1,7,36,0.0008958072,0.00377151743,0,41,0
Kinematic-Cluster4-F,383,7.68,0,-3.08141875,-1.60391712,-1.98269022,0,0,0,0,1,7,36,0.0009895528,0.004639002,0,41,0
Kinematic-Cluster4-F,383,7.68,1,-2.70255685,-1.60998416,-4.155215,0,0,0,0,1,9,36,0.0009895528,0.004639002,0,41,0
Kinematic-Cluster4-F,383,7.68,2,-3.06357646,-1.22576606,0.759442866,0,0,0,0,1,6,36,0.0009895528,0.004639002,0,41,0
Kinematic-Cluster4-F,383,7.68,3,-2.686569,-1.24013567,-10.9849329,0,0,0,0,1,7,36,0.0009895528,0.004639002,0,41,0
Kinematic-Cluster4-F,384,7.7,0,-3.08141875,-1.60391712,-1.98269022,0,0,0,0,1,7,36,0.0008886667,0.003950734,0,41,0
Kinematic-Cluster4-F,384,7.7,1,-2.70255685,-1.60998416,-4.155215,0,0,0,0,1,9,36,0.0008886667,0.003950734,0,41,0
Kinematic-Cluster4-F,384,7.7,2,-3.06357646,-1.22576606,0.759442866,0,0,0,0,1,6,36,0.0008886667,0.003950734,0,41,0
Kinematic-Cluster4-F,384,7.7,3,-2.686569,-1.24013567,-10.9849329,0,0,0,0,1,7,36,0.0008886667,0.003950734,0,41,0
Kinematic-Cluster4-F,385,7.72,0,-3.08141875,-1.60391712,-1.98269022,0,0,0,0,1,7,36,0.0008992402,0.006008346,0,41,0
Kinematic-Cluster4-F,385,7.72,1,-2.70255685,-1.60998416,-4.155215,0,0,0,0,1,9,36,0.0008992402,0.006008346,0,41,0
Kinematic-Cluster4-F,385,7.72,2,-3.06357646,-1.22576606,0.759442866,0,0,0,0,1,6,36,0.0008992402,0.006008346,0,41,0
Kinematic-Cluster4-F,385,7.72,3,-2.686569,-1.24013567,-10.9849329,0,0,0,0,1,7,36,0.0008992402,0.006008346,0,41,0
Kinematic-Cluster4-F,386,7.74,0,-3.08141875,-1.60391712,-1.98269022,0,0,0,0,1,7,36,0.0007680613,0.00346295256,0,41,0
Kinematic-Cluster4-F,386,7.74,1,-2.70255685,-1.60998416,-4.155215,0,0,0,0,1,9,36,0.0007680613,0.00346295256,0,41,0
Kinematic-Cluster4-F,386,7.74,2,-3.06357646,-1.22576606,0.759442866,0,0,0,0,1,6,36,0.0007680613,0.00346295256,0,41,0
Kinematic-Cluster4-F,386,7.74,3,-2.686569,-1.24013567,-10.9849329,0,0,0,0,1,7,36,0.0007680613,0.00346295256,0,41,0
Kinematic-Cluster4-F,387,7.75999975,0,-3.08141875,-1.60391712,-1.98269022,0,0,0,0,1,7,36,0.00095337996,0.00500127859,0,41,0
Kinematic-Cluster4-F,387,7.75999975,1,-2.70255685,-1.60998416,-4.155215,0,0,0,0,1,9,36,0.00095337996,0.00500127859,0,41,0
Kinematic-Cluster4-F,387,7.75999975,2,-3.06357646,-1.22576606,0.759442866,0,0,0,0,1,6,36,0.00095337996,0.00500127859,0,41,0
Kinematic-Cluster4-F,387,7.75999975,3,-2.686569,-1.24013567,-10.9849329,0,0,0,0,1,7,36,0.00095337996,0.00500127859,0,41,0
Kinematic-Cluster4-F,388,7.77999973,0,-3.08141875,-1.60391712,-1.98269022,0,0,0,0,1,7,36,0.0009175137,0.00543173635,0,41,0
Kinematic-Cluster4-F,388,7.77999973,1,-2.70255685,-1.60998416,-4.155215,0,0,0,0,1,9,36,0.0009175137,0.00543173635,0,41,0
Kinematic-Cluster4-F,388,7.77999973,2,-3.06357646,-1.22576606,0.759442866,0,0,0,0,1,6,36,0.0009175137,0.00543173635,0,41,0
Kinematic-Cluster4-F,388,7.77999973,3,-2.686569,-1.24013567,-10.9849329,0,0,0,0,1,7,36,0.0009175137,0.00543173635,0,41,0
Kinematic-Cluster4-F,389,7.79999971,0,-3.08141875,-1.60391712,-1.98269022,0,0,0,0,1,7,36,0.0008940661,0.00400821166,0,41,0
Kinematic-Cluster4-F,389,7.79999971,1,-2.70255685,-1.60998416,-4.155215,0,0,0,0,1,9,36,0.0008940661,0.00400821166,0,41,0
Kinematic-Cluster4-F,389,7.79999971,2,-3.06357646,-1.22576606,0.759442866,0,0,0,0,1,6,36,0.0008940661,0.00400821166,0,41,0
Kinematic-Cluster4-F,389,7.79999971,3,-2.686569,-1.24013567,-10.9849329,0,0,0,0,1,7,36,0.0008940661,0.00400821166,0,41,0
Kinematic-Cluster4-F,390,7.81999969,0,-3.08141875,-1.60391712,-1.98269022,0,0,0,0,1,7,36,0.000993941,0.00632881653,0,41,0
Kinematic-Cluster4-F,390,7.81999969,1,-2.70255685,-1.60998416,-4.155215,0,0,0,0,1,9,36,0.000993941,0.00632881653,0,41,0
Kinematic-Cluster4-F,390,7.81999969,2,-3.06357646,-1.22576606,0.759442866,0,0,0,0,1,6,36,0.000993941,0.00632881653,0,41,0
Kinematic-Cluster4-F,390,7.81999969,3,-2.686569,-1.24013567,-10.9849329,0,0,0,0,1,7,36,0.000993941,0.00632881653,0,41,0
Kinematic-Cluster4-F,391,7.83999968,0,-3.08141875,-1.60391712,-1.98269022,0,0,0,0,1,7,36,0.0009985928,0.003974966,0,41,0
Kinematic-Cluster4-F,391,7.83999968,1,-2.70255685,-1.60998416,-4.155215,0,0,0,0,1,9,36,0.0009985928,0.003974966,0,41,0
Kinematic-Cluster4-F,391,7.83999968,2,-3.06357646,-1.22576606,0.759442866,0,0,0,0,1,6,36,0.0009985928,0.003974966,0,41,0
Kinematic-Cluster4-F,391,7.83999968,3,-2.686569,-1.24013567,-10.9849329,0,0,0,0,1,7,36,0.0009985928,0.003974966,0,41,0
Kinematic-Cluster4-F,392,7.85999966,0,-3.08141875,-1.60391712,-1.98269022,0,0,0,0,1,7,36,0.000959932629,0.00544733927,0,41,0
Kinematic-Cluster4-F,392,7.85999966,1,-2.70255685,-1.60998416,-4.155215,0,0,0,0,1,9,36,0.000959932629,0.00544733927,0,41,0
Kinematic-Cluster4-F,392,7.85999966,2,-3.06357646,-1.22576606,0.759442866,0,0,0,0,1,6,36,0.000959932629,0.00544733927,0,41,0
Kinematic-Cluster4-F,392,7.85999966,3,-2.686569,-1.24013567,-10.9849329,0,0,0,0,1,7,36,0.000959932629,0.00544733927,0,41,0
Kinematic-Cluster4-F,393,7.87999964,0,-3.08141875,-1.60391712,-1.98269022,0,0,0,0,1,7,36,0.00109310122,0.00700701075,0,41,0
Kinematic-Cluster4-F,393,7.87999964,1,-2.70255685,-1.60998416,-4.155215,0,0,0,0,1,9,36,0.00109310122,0.00700701075,0,41,0
Kinematic-Cluster4-F,393,7.87999964,2,-3.06357646,-1.22576606,0.759442866,0,0,0,0,1,6,36,0.00109310122,0.00700701075,0,41,0
Kinematic-Cluster4-F,393,7.87999964,3,-2.686569,-1.24013567,-10.9849329,0,0,0,0,1,7,36,0.00109310122,0.00700701075,0,41,0
Kinematic-Cluster4-F,394,7.89999962,0,-3.08141875,-1.60391712,-1.98269022,0,0,0,0,1,7,36,0.00115746725,0.006407092,0,41,0
Kinematic-Cluster4-F,394,7.89999962,1,-2.70255685,-1.60998416,-4.155215,0,0,0,0,1,9,36,0.00115746725,0.006407092,0,41,0
Kinematic-Cluster4-F,394,7.89999962,2,-3.06357646,-1.22576606,0.759442866,0,0,0,0,1,6,36,0.00115746725,0.006407092,0,41,0
Kinematic-Cluster4-F,394,7.89999962,3,-2.686569,-1.24013567,-10.9849329,0,0,0,0,1,7,36,0.00115746725,0.006407092,0,41,0
Kinematic-Cluster4-F,395,7.9199996,0,-3.08141875,-1.60391712,-1.98269022,0,0,0,0,1,7,36,0.0009730738,0.004462077,0,41,0
Kinematic-Cluster4-F,395,7.9199996,1,-2.70255685,-1.60998416,-4.155215,0,0,0,0,1,9,36,0.0009730738,0.004462077,0,41,0
Kinematic-Cluster4-F,395,7.9199996,2,-3.06357646,-1.22576606,0.759442866,0,0,0,0,1,6,36,0.0009730738,0.004462077,0,41,0
Kinematic-Cluster4-F,395,7.9199996,3,-2.686569,-1.24013567,-10.9849329,0,0,0,0,1,7,36,0.0009730738,0.004462077,0,41,0
Kinematic-Cluster4-F,396,7.94,0,-3.08141875,-1.60391712,-1.98269022,0,0,0,0,1,7,36,0.00108925439,0.00494983839,0,41,0
Kinematic-Cluster4-F,396,7.94,1,-2.70255685,-1.60998416,-4.155215,0,0,0,0,1,9,36,0.00108925439,0.00494983839,0,41,0
Kinematic-Cluster4-F,396,7.94,2,-3.06357646,-1.22576606,0.759442866,0,0,0,0,1,6,36,0.00108925439,0.00494983839,0,41,0
Kinematic-Cluster4-F,396,7.94,3,-2.686569,-1.24013567,-10.9849329,0,0,0,0,1,7,36,0.00108925439,0.00494983839,0,41,0
Kinematic-Cluster4-F,397,7.96,0,-3.08141875,-1.60391712,-1.98269022,0,0,0,0,1,7,36,0.0008907643,0.00366571825,0,41,0
Kinematic-Cluster4-F,397,7.96,1,-2.70255685,-1.60998416,-4.155215,0,0,0,0,1,9,36,0.0008907643,0.00366571825,0,41,0
Kinematic-Cluster4-F,397,7.96,2,-3.06357646,-1.22576606,0.759442866,0,0,0,0,1,6,36,0.0008907643,0.00366571825,0,41,0
Kinematic-Cluster4-F,397,7.96,3,-2.686569,-1.24013567,-10.9849329,0,0,0,0,1,7,36,0.0008907643,0.00366571825,0,41,0
Kinematic-Cluster4-F,398,7.98,0,-3.08141875,-1.60391712,-1.98269022,0,0,0,0,1,7,36,0.000773968059,0.00553681562,0,41,0
Kinematic-Cluster4-F,398,7.98,1,-2.70255685,-1.60998416,-4.155215,0,0,0,0,1,9,36,0.000773968059,0.00553681562,0,41,0
Kinematic-Cluster4-F,398,7.98,2,-3.06357646,-1.22576606,0.759442866,0,0,0,0,1,6,36,0.000773968059,0.00553681562,0,41,0
Kinematic-Cluster4-F,398,7.98,3,-2.686569,-1.24013567,-10.9849329,0,0,0,0,1,7,36,0.000773968059,0.00553681562,0,41,0
Kinematic-Cluster4-F,399,8,0,-3.08141875,-1.60391712,-1.98269022,0,0,0,0,1,7,36,0.00106110179,0.004740513,0,41,0
Kinematic-Cluster4-F,399,8,1,-2.70255685,-1.60998416,-4.155215,0,0,0,0,1,9,36,0.00106110179,0.004740513,0,41,0
Kinematic-Cluster4-F,399,8,2,-3.06357646,-1.22576606,0.759442866,0,0,0,0,1,6,36,0.00106110179,0.004740513,0,41,0
Kinematic-Cluster4-F,399,8,3,-2.686569,-1.24013567,-10.9849329,0,0,0,0,1,7,36,0.00106110179,0.004740513,0,41,0
Kinematic-FixedSingle-F,300,6.02,0,-2.90313625,-1.514239,0,0,0,0,0,1,0,29,0.00135762757,0.005735886,0,40.5,0
Kinematic-FixedSingle-F,301,6.04,0,-2.90313625,-1.514239,0,0,0,0,0,1,0,29,0.00129139028,0.00545883738,0,40.5,0
Kinematic-FixedSingle-F,302,6.06,0,-2.90313625,-1.514239,0,0,0,0,0,1,0,29,0.00121630379,0.005213199,0,40.5,0
Kinematic-FixedSingle-F,303,6.08,0,-2.90313625,-1.514239,0,0,0,0,0,1,0,29,0.00114694308,0.0049304436,0,40.5,0
Kinematic-FixedSingle-F,304,6.1,0,-2.90313625,-1.514239,0,0,0,0,0,1,0,29,0.00107666687,0.004556282,0,40.5,0
Kinematic-FixedSingle-F,305,6.12,0,-2.90313625,-1.514239,0,0,0,0,0,1,0,29,0.00100369949,0.00423937244,0,40.5,0
Kinematic-FixedSingle-F,306,6.14,0,-2.90313625,-1.514239,0,0,0,0,0,1,0,29,0.000936923432,0.003965041,0,40.5,0
Kinematic-FixedSingle-F,307,6.16,0,-2.90313625,-1.514239,0,0,0,0,0,1,0,29,0.000876827049,0.00365085853,0,40.5,0
Kinematic-FixedSingle-F,308,6.18,0,-2.90313625,-1.514239,0,0,0,0,0,1,0,29,0.000824487652,0.00342641352,0,40.5,0
Kinematic-FixedSingle-F,309,6.2,0,-2.90313625,-1.514239,0,0,0,0,0,1,0,29,0.000766792451,0.00336734275,0,40.5,0
Kinematic-FixedSingle-F,310,6.22,0,-2.90313625,-1.514239,0,0,0,0,0,1,0,29,0.000712776149,0.003194243,0,40.5,0
Kinematic-FixedSingle-F,311,6.24,0,-2.90313625,-1.514239,0,0,0,0,0,1,0,29,0.000667164451,0.002875428,0,40.5,0
Kinematic-FixedSingle-F,312,6.25999975,0,-2.90313625,-1.514239,0,0,0,0,0,1,0,29,0.00061649573,0.00259852875,0,40.5,0
Kinematic-FixedSingle-F,313,6.27999973,0,-2.90313625,-1.514239,0,0,0,0,0,1,0,29,0.000599025632,0.00243912078,0,40.5,0
Kinematic-FixedSingle-F,314,6.29999971,0,-2.90313625,-1.514239,0,0,0,0,0,1,0,29,0.000537007349,0.00217778073,0,40.5,0
Kinematic-FixedSingle-F,315,6.31999969,0,-2.90313625,-1.514239,0,0,0,0,0,1,0,29,0.000531692349,0.002052351,0,40.5,0
Kinematic-FixedSingle-F,316,6.33999968,0,-2.90313625,-1.514239,0,0,0,0,0,1,0,29,0.000469710532,0.00183673622,0,40.5,0
Kinematic-FixedSingle-F,317,6.35999966,0,-2.90313625,-1.514239,0,0,0,0,0,1,0,29,0.000462337368,0.00164335244,0,40.5,0
Kinematic-FixedSingle-F,318,6.37999964,0,-2.90313625,-1.514239,0,0,0,0,0,1,0,29,0.000395247247,0.001465983,0,40.5,0
Kinematic-FixedSingle-F,319,6.39999962,0,-2.90313625,-1.514239,0,0,0,0,0,1,0,29,0.0003918775,0.001197369,0,40.5,0
Kinematic-FixedSingle-F,320,6.42,0,-2.90313625,-1.514239,0,0,0,0,0,1,0,29,0.000343234249,0.00115166954,0,40.5,0
Kinematic-FixedSingle-F,321,6.44,0,-2.90313625,-1.514239,0,0,0,0,0,1,0,29,0.0003281978,0.00102885184,0,40.5,0
Kinematic-FixedSingle-F,322,6.46,0,-2.90313625,-1.514239,0,0,0,0,0,1,0,29,0.000321921281,0.0009688713,0,40.5,0
Kinematic-FixedSingle-F,323,6.48,0,-2.90313625,-1.514239,0,0,0,0,0,1,0,29,0.0003079279,0.000823203358,0,40.5,0
Kinematic-FixedSingle-F,324,6.5,0,-2.90313625,-1.514239,0,0,0,0,0,1,0,29,0.000292706274,0.0007689351,0,40.5,0
Kinematic-FixedSingle-F,325,6.52,0,-2.90313625,-1.514239,0,0,0,0,0,1,0,29,0.000282793917,0.0007315954,0,40.5,0
Kinematic-FixedSingle-F,326,6.54,0,-2.90313625,-1.514239,0,0,0,0,0,1,0,29,0.000278746564,0.000732142944,0,40.5,0
Kinematic-FixedSingle-F,327,6.56,0,-2.90313625,-1.514239,0,0,0,0,0,1,0,29,0.000277229468,0.000737232738,0,40.5,0
Kinematic-FixedSingle-F,328,6.58,0,-2.90313625,-1.514239,0,0,0,0,0,1,0,29,0.000277398445,0.0007269987,0,40.5,0
Kinematic-FixedSingle-F,329,6.6,0,-2.90313625,-1.514239,0,0,0,0,0,1,0,29,0.000265883631,0.000695403258,0,40.5,0
Kinematic-FixedSingle-F,330,6.62,0,-2.90313625,-1.514239,0,0,0,0,0,1,0,29,0.000248752622,0.000672386959,0,40.5,0
Kinematic-FixedSingle-F,331,6.64,0,-2.90313625,-1.514239,0,0,0,0,0,1,0,29,0.00024960257,0.0007048415,0,40.5,0
Kinematic-FixedSingle-F,332,6.66,0,-2.90313625,-1.514239,0,0,0,0,0,1,0,29,0.000251257472,0.0006975757,0,40.5,0
Kinematic-FixedSingle-F,333,6.68,0,-2.90313625,-1.514239,0,0,0,0,0,1,0,29,0.0002519625,0.000699510449,0,40.5,0
Kinematic-FixedSingle-F,334,6.7,0,-2.90313625,-1.514239,0,0,0,0,0,1,0,29,0.000254752784,0.0006981399,0,40.5,0
Kinematic-FixedSingle-F,335,6.72,0,-2.90313625,-1.514239,0,0,0,0,0,1,0,29,0.000247441116,0.000695308147,0,40.5,0
Kinematic-FixedSingle-F,336,6.74,0,-2.90313625,-1.514239,0,0,0,0,0,1,0,29,0.000243845439,0.0006960819,0,40.5,0
Kinematic-FixedSingle-F,337,6.75999975,0,-2.90313625,-1.514239,0,0,0,0,0,1,0,29,0.000247151445,0.0006975894,0,40.5,0
Kinematic-FixedSingle-F,338,6.77999973,0,-2.90313625,-1.514239,0,0,0,0,0,1,0,29,0.000240809488,0.0006950067,0,40.5,0
Kinematic-FixedSingle-F,339,6.79999971,0,-2.90313625,-1.514239,0,0,0,0,0,1,0,29,0.000235928179,0.0006825327,0,40.5,0
Kinematic-FixedSingle-F,340,6.81999969,0,-2.90313625,-1.514239,0,0,0,0,0,1,0,29,0.0002336223,0.0006860532,0,40.5,0
Kinematic-FixedSingle-F,341,6.83999968,0,-2.90313625,-1.514239,0,0,0,0,0,1,0,29,0.000228223464,0.000694370538,0,40.5,0
Kinematic-FixedSingle-F,342,6.85999966,0,-2.90313625,-1.514239,0,0,0,0,0,1,0,29,0.00022263678,0.0006687713,0,40.5,0
Kinematic-FixedSingle-F,343,6.87999964,0,-2.90313625,-1.514239,0,0,0,0,0,1,0,29,0.000219060472,0.0006812204,0,40.5,0
Kinematic-FixedSingle-F,344,6.89999962,0,-2.90313625,-1.514239,0,0,0,0,0,1,0,29,0.000214778731,0.000665151863,0,40.5,0
Kinematic-FixedSingle-F,345,6.92,0,-2.90313625,-1.514239,0,0,0,0,0,1,0,29,0.000207421152,0.0006761623,0,40.5,0
Kinematic-FixedSingle-F,346,6.94,0,-2.90313625,-1.514239,0,0,0,0,0,1,0,29,0.000206108816,0.000683718652,0,40.5,0
Kinematic-FixedSingle-F,347,6.96,0,-2.90313625,-1.514239,0,0,0,0,0,1,0,29,0.000202499548,0.0006704044,0,40.5,0
Kinematic-FixedSingle-F,348,6.98,0,-2.90313625,-1.514239,0,0,0,0,0,1,0,29,0.000196462643,0.0006814899,0,40.5,0
Kinematic-FixedSingle-F,349,7,0,-2.90313625,-1.514239,0,0,0,0,0,1,0,29,0.000201595074,0.0006913189,0,40.5,0
Kinematic-FixedSingle-F,350,7.02,0,-2.90313625,-1.514239,0,0,0,0,0,1,0,29,0.0001966002,0.000693817157,0,40.5,0
Kinematic-FixedSingle-F,351,7.04,0,-2.90313625,-1.514239,0,0,0,0,0,1,0,29,0.000191742176,0.000671027752,0,40.5,0
Kinematic-FixedSingle-F,352,7.06,0,-2.90313625,-1.514239,0,0,0,0,0,1,0,29,0.0001864392,0.0006686296,0,40.5,0
Kinematic-FixedSingle-F,353,7.08,0,-2.90313625,-1.514239,0,0,0,0,0,1,0,29,0.0001833461,0.000666710956,0,40.5,0
Kinematic-FixedSingle-F,354,7.1,0,-2.90313625,-1.514239,0,0,0,0,0,1,0,29,0.000179872557,0.000666106353,0,40.5,0
Kinematic-FixedSingle-F,355,7.12,0,-2.90313625,-1.514239,0,0,0,0,0,1,0,29,0.000169982,0.0006759354,0,40.5,0
Kinematic-FixedSingle-F,356,7.14,0,-2.90313625,-1.514239,0,0,0,0,0,1,0,29,0.000171624764,0.000683970633,0,40.5,0
Kinematic-FixedSingle-F,357,7.16,0,-2.90313625,-1.514239,0,0,0,0,0,1,0,29,0.000171902357,0.000692912145,0,40.5,0
Kinematic-FixedSingle-F,358,7.18,0,-2.90313625,-1.514239,0,0,0,0,0,1,0,29,0.000166033875,0.00067828747,0,40.5,0
Kinematic-FixedSingle-F,359,7.2,0,-2.90313625,-1.514239,0,0,0,0,0,1,0,29,0.000163999153,0.000689428358,0,40.5,0
Kinematic-FixedSingle-F,360,7.22,0,-2.90313625,-1.514239,0,0,0,0,0,1,0,29,0.000161274656,0.000686195155,0,40.5,0
Kinematic-FixedSingle-F,361,7.24,0,-2.90313625,-1.514239,0,0,0,0,0,1,0,29,0.000160635245,0.0006764728,0,40.5,0
Kinematic-FixedSingle-F,362,7.25999975,0,-2.90313625,-1.514239,0,0,0,0,0,1,0,29,0.000165180521,0.0006727606,0,40.5,0
Kinematic-FixedSingle-F,363,7.27999973,0,-2.90313625,-1.514239,0,0,0,0,0,1,0,29,0.000153102155,0.0006829455,0,40.5,0
Kinematic-FixedSingle-F,364,7.29999971,0,-2.90313625,-1.514239,0,0,0,0,0,1,0,29,0.000141746219,0.000659805839,0,40.5,0
Kinematic-FixedSingle-F,365,7.31999969,0,-2.90313625,-1.514239,0,0,0,0,0,1,0,29,0.0001537385,0.0006826452,0,40.5,0
Kinematic-FixedSingle-F,366,7.33999968,0,-2.90313625,-1.514239,0,0,0,0,0,1,0,29,0.000149343774,0.0006678979,0,40.5,0
Kinematic-FixedSingle-F,367,7.35999966,0,-2.90313625,-1.514239,0,0,0,0,0,1,0,29,0.000146517821,0.0007150116,0,40.5,0
Kinematic-FixedSingle-F,368,7.37999964,0,-2.90313625,-1.514239,0,0,0,0,0,1,0,29,0.000142834135,0.0006748329,0,40.5,0
Kinematic-FixedSingle-F,369,7.39999962,0,-2.90313625,-1.514239,0,0,0,0,0,1,0,29,0.000136934861,0.0006834708,0,40.5,0
Kinematic-FixedSingle-F,370,7.4199996,0,-2.90313625,-1.514239,0,0,0,0,0,1,0,29,0.000135832568,0.0006675306,0,40.5,0
Kinematic-FixedSingle-F,371,7.44,0,-2.90313625,-1.514239,0,0,0,0,0,1,0,29,0.00012683052,0.00065649813,0,40.5,0
Kinematic-FixedSingle-F,372,7.46,0,-2.90313625,-1.514239,0,0,0,0,0,1,0,29,0.0001290791,0.000688629865,0,40.5,0
Kinematic-FixedSingle-F,373,7.48,0,-2.90313625,-1.514239,0,0,0,0,0,1,0,29,0.0001356918,0.000650509552,0,40.5,0
Kinematic-FixedSingle-F,374,7.5,0,-2.90313625,-1.514239,0,0,0,0,0,1,0,29,0.00012712102,0.000676518132,0,40.5,0
Kinematic-FixedSingle-F,375,7.52,0,-2.90313625,-1.514239,0,0,0,0,0,1,0,29,0.000135704744,0.0006820394,0,40.5,0
Kinematic-FixedSingle-F,376,7.54,0,-2.90313625,-1.514239,0,0,0,0,0,1,0,29,0.000124558,0.0006622009,0,40.5,0
Kinematic-FixedSingle-F,377,7.56,0,-2.90313625,-1.514239,0,0,0,0,0,1,0,29,0.0001270303,0.00069504726,0,40.5,0
Kinematic-FixedSingle-F,378,7.58,0,-2.90313625,-1.514239,0,0,0,0,0,1,0,29,0.000121518337,0.0006831782,0,40.5,0
Kinematic-FixedSingle-F,379,7.6,0,-2.90313625,-1.514239,0,0,0,0,0,1,0,29,0.000116100011,0.0006944476,0,40.5,0
Kinematic-FixedSingle-F,380,7.62,0,-2.90313625,-1.514239,0,0,0,0,0,1,0,29,0.000111062654,0.0006909771,0,40.5,0
Kinematic-FixedSingle-F,381,7.64,0,-2.90313625,-1.514239,0,0,0,0,0,1,0,29,0.000115272815,0.0006811436,0,40.5,0
Kinematic-FixedSingle-F,382,7.66,0,-2.90313625,-1.514239,0,0,0,0,0,1,0,29,0.0001155236,0.000657454948,0,40.5,0
Kinematic-FixedSingle-F,383,7.68,0,-2.90313625,-1.514239,0,0,0,0,0,1,0,29,0.000116099771,0.000657454948,0,40.5,0
Kinematic-FixedSingle-F,384,7.7,0,-2.90313625,-1.514239,0,0,0,0,0,1,0,29,0.000112445778,0.000668217,0,40.5,0
Kinematic-FixedSingle-F,385,7.72,0,-2.90313625,-1.514239,0,0,0,0,0,1,0,29,0.00010211613,0.000642239058,0,40.5,0
Kinematic-FixedSingle-F,386,7.74,0,-2.90313625,-1.514239,0,0,0,0,0,1,0,29,0.00010455311,0.000642239058,0,40.5,0
Kinematic-FixedSingle-F,387,7.75999975,0,-2.90313625,-1.514239,0,0,0,0,0,1,0,29,0.000108628359,0.000627554837,0,40.5,0
Kinematic-FixedSingle-F,388,7.77999973,0,-2.90313625,-1.514239,0,0,0,0,0,1,0,29,0.000109635759,0.0006329339,0,40.5,0
Kinematic-FixedSingle-F,389,7.79999971,0,-2.90313625,-1.514239,0,0,0,0,0,1,0,29,0.0001080355,0.000646622968,0,40.5,0
Kinematic-FixedSingle-F,390,7.81999969,0,-2.90313625,-1.514239,0,0,0,0,0,1,0,29,9.938194E-05,0.0006014646,0,40.5,0
Kinematic-FixedSingle-F,391,7.83999968,0,-2.90313625,-1.514239,0,0,0,0,0,1,0,29,9.52534756E-05,0.000587204238,0,40.5,0
Kinematic-FixedSingle-F,392,7.85999966,0,-2.90313625,-1.514239,0,0,0,0,0,1,0,29,9.622134E-05,0.0005540324,0,40.5,0
Kinematic-FixedSingle-F,393,7.87999964,0,-2.90313625,-1.514239,0,0,0,0,0,1,0,29,9.94726E-05,0.00057357474,0,40.5,0
Kinematic-FixedSingle-F,394,7.89999962,0,-2.90313625,-1.514239,0,0,0,0,0,1,0,29,9.82542E-05,0.0005803078,0,40.5,0
Kinematic-FixedSingle-F,395,7.9199996,0,-2.90313625,-1.514239,0,0,0,0,0,1,0,29,8.883307E-05,0.0005348325,0,40.5,0
Kinematic-FixedSingle-F,396,7.94,0,-2.90313625,-1.514239,0,0,0,0,0,1,0,29,8.973091E-05,0.0005234873,0,40.5,0
Kinematic-FixedSingle-F,397,7.96,0,-2.90313625,-1.514239,0,0,0,0,0,1,0,29,9.308559E-05,0.0005348325,0,40.5,0
Kinematic-FixedSingle-F,398,7.98,0,-2.90313625,-1.514239,0,0,0,0,0,1,0,29,8.921124E-05,0.000508707366,0,40.5,0
Kinematic-FixedSingle-F,399,8,0,-2.90313625,-1.514239,0,0,0,0,0,1,0,29,8.653525E-05,0.000508707366,0,40.5,0
Held-Cluster4-Empty,300,6.02,0,-3.08113217,-1.60406065,-2.03601456,0,0,0,0,1,9,0,0,0,0,0,0
Held-Cluster4-Empty,300,6.02,1,-2.70242167,-1.60998213,-4.174385,0,0,0,0,1,9,0,0,0,0,0,0
Held-Cluster4-Empty,300,6.02,2,-3.06268716,-1.225648,0.764130235,0,0,0,0,1,6,0,0,0,0,0,0
Held-Cluster4-Empty,300,6.02,3,-2.6861546,-1.24010384,-10.9871931,0,0,0,0,1,7,0,0,0,0,0,0
Held-Cluster4-Empty,301,6.04,0,-3.08113217,-1.60406065,-2.03601456,0,0,0,0,1,9,0,0,0,0,0,0
Held-Cluster4-Empty,301,6.04,1,-2.70242167,-1.60998213,-4.174385,0,0,0,0,1,9,0,0,0,0,0,0
Held-Cluster4-Empty,301,6.04,2,-3.06268716,-1.225648,0.764130235,0,0,0,0,1,6,0,0,0,0,0,0
Held-Cluster4-Empty,301,6.04,3,-2.6861546,-1.24010384,-10.9871931,0,0,0,0,1,7,0,0,0,0,0,0
Held-Cluster4-Empty,302,6.06,0,-3.08113217,-1.60406065,-2.03601456,0,0,0,0,1,9,0,0,0,0,0,0
Held-Cluster4-Empty,302,6.06,1,-2.70242167,-1.60998213,-4.174385,0,0,0,0,1,9,0,0,0,0,0,0
Held-Cluster4-Empty,302,6.06,2,-3.06268716,-1.225648,0.764130235,0,0,0,0,1,6,0,0,0,0,0,0
Held-Cluster4-Empty,302,6.06,3,-2.6861546,-1.24010384,-10.9871931,0,0,0,0,1,7,0,0,0,0,0,0
Held-Cluster4-Empty,303,6.08,0,-3.08113217,-1.60406065,-2.03601456,0,0,0,0,1,9,0,0,0,0,0,0
Held-Cluster4-Empty,303,6.08,1,-2.70242167,-1.60998213,-4.174385,0,0,0,0,1,9,0,0,0,0,0,0
Held-Cluster4-Empty,303,6.08,2,-3.06268716,-1.225648,0.764130235,0,0,0,0,1,6,0,0,0,0,0,0
Held-Cluster4-Empty,303,6.08,3,-2.6861546,-1.24010384,-10.9871931,0,0,0,0,1,7,0,0,0,0,0,0
Held-Cluster4-Empty,304,6.1,0,-3.08113217,-1.60406065,-2.03601456,0,0,0,0,1,9,0,0,0,0,0,0
Held-Cluster4-Empty,304,6.1,1,-2.70242167,-1.60998213,-4.174385,0,0,0,0,1,9,0,0,0,0,0,0
Held-Cluster4-Empty,304,6.1,2,-3.06268716,-1.225648,0.764130235,0,0,0,0,1,6,0,0,0,0,0,0
Held-Cluster4-Empty,304,6.1,3,-2.6861546,-1.24010384,-10.9871931,0,0,0,0,1,7,0,0,0,0,0,0
Held-Cluster4-Empty,305,6.12,0,-3.08113217,-1.60406065,-2.03601456,0,0,0,0,1,9,0,0,0,0,0,0
Held-Cluster4-Empty,305,6.12,1,-2.70242167,-1.60998213,-4.174385,0,0,0,0,1,9,0,0,0,0,0,0
Held-Cluster4-Empty,305,6.12,2,-3.06268716,-1.225648,0.764130235,0,0,0,0,1,6,0,0,0,0,0,0
Held-Cluster4-Empty,305,6.12,3,-2.6861546,-1.24010384,-10.9871931,0,0,0,0,1,7,0,0,0,0,0,0
Held-Cluster4-Empty,306,6.14,0,-3.08113217,-1.60406065,-2.03601456,0,0,0,0,1,9,0,0,0,0,0,0
Held-Cluster4-Empty,306,6.14,1,-2.70242167,-1.60998213,-4.174385,0,0,0,0,1,9,0,0,0,0,0,0
Held-Cluster4-Empty,306,6.14,2,-3.06268716,-1.225648,0.764130235,0,0,0,0,1,6,0,0,0,0,0,0
Held-Cluster4-Empty,306,6.14,3,-2.6861546,-1.24010384,-10.9871931,0,0,0,0,1,7,0,0,0,0,0,0
Held-Cluster4-Empty,307,6.16,0,-3.08113217,-1.60406065,-2.03601456,0,0,0,0,1,9,0,0,0,0,0,0
Held-Cluster4-Empty,307,6.16,1,-2.70242167,-1.60998213,-4.174385,0,0,0,0,1,9,0,0,0,0,0,0
Held-Cluster4-Empty,307,6.16,2,-3.06268716,-1.225648,0.764130235,0,0,0,0,1,6,0,0,0,0,0,0
Held-Cluster4-Empty,307,6.16,3,-2.6861546,-1.24010384,-10.9871931,0,0,0,0,1,7,0,0,0,0,0,0
Held-Cluster4-Empty,308,6.18,0,-3.08113217,-1.60406065,-2.03601456,0,0,0,0,1,9,0,0,0,0,0,0
Held-Cluster4-Empty,308,6.18,1,-2.70242167,-1.60998213,-4.174385,0,0,0,0,1,9,0,0,0,0,0,0
Held-Cluster4-Empty,308,6.18,2,-3.06268716,-1.225648,0.764130235,0,0,0,0,1,6,0,0,0,0,0,0
Held-Cluster4-Empty,308,6.18,3,-2.6861546,-1.24010384,-10.9871931,0,0,0,0,1,7,0,0,0,0,0,0
Held-Cluster4-Empty,309,6.2,0,-3.08113217,-1.60406065,-2.03601456,0,0,0,0,1,9,0,0,0,0,0,0
Held-Cluster4-Empty,309,6.2,1,-2.70242167,-1.60998213,-4.174385,0,0,0,0,1,9,0,0,0,0,0,0
Held-Cluster4-Empty,309,6.2,2,-3.06268716,-1.225648,0.764130235,0,0,0,0,1,6,0,0,0,0,0,0
Held-Cluster4-Empty,309,6.2,3,-2.6861546,-1.24010384,-10.9871931,0,0,0,0,1,7,0,0,0,0,0,0
Held-Cluster4-Empty,310,6.22,0,-3.08113217,-1.60406065,-2.03601456,0,0,0,0,1,9,0,0,0,0,0,0
Held-Cluster4-Empty,310,6.22,1,-2.70242167,-1.60998213,-4.174385,0,0,0,0,1,9,0,0,0,0,0,0
Held-Cluster4-Empty,310,6.22,2,-3.06268716,-1.225648,0.764130235,0,0,0,0,1,6,0,0,0,0,0,0
Held-Cluster4-Empty,310,6.22,3,-2.6861546,-1.24010384,-10.9871931,0,0,0,0,1,7,0,0,0,0,0,0
Held-Cluster4-Empty,311,6.24,0,-3.08113217,-1.60406065,-2.03601456,0,0,0,0,1,9,0,0,0,0,0,0
Held-Cluster4-Empty,311,6.24,1,-2.70242167,-1.60998213,-4.174385,0,0,0,0,1,9,0,0,0,0,0,0
Held-Cluster4-Empty,311,6.24,2,-3.06268716,-1.225648,0.764130235,0,0,0,0,1,6,0,0,0,0,0,0
Held-Cluster4-Empty,311,6.24,3,-2.6861546,-1.24010384,-10.9871931,0,0,0,0,1,7,0,0,0,0,0,0
Held-Cluster4-Empty,312,6.25999975,0,-3.08113217,-1.60406065,-2.03601456,0,0,0,0,1,9,0,0,0,0,0,0
Held-Cluster4-Empty,312,6.25999975,1,-2.70242167,-1.60998213,-4.174385,0,0,0,0,1,9,0,0,0,0,0,0
Held-Cluster4-Empty,312,6.25999975,2,-3.06268716,-1.225648,0.764130235,0,0,0,0,1,6,0,0,0,0,0,0
Held-Cluster4-Empty,312,6.25999975,3,-2.6861546,-1.24010384,-10.9871931,0,0,0,0,1,7,0,0,0,0,0,0
Held-Cluster4-Empty,313,6.27999973,0,-3.08113217,-1.60406065,-2.03601456,0,0,0,0,1,9,0,0,0,0,0,0
Held-Cluster4-Empty,313,6.27999973,1,-2.70242167,-1.60998213,-4.174385,0,0,0,0,1,9,0,0,0,0,0,0
Held-Cluster4-Empty,313,6.27999973,2,-3.06268716,-1.225648,0.764130235,0,0,0,0,1,6,0,0,0,0,0,0
Held-Cluster4-Empty,313,6.27999973,3,-2.6861546,-1.24010384,-10.9871931,0,0,0,0,1,7,0,0,0,0,0,0
Held-Cluster4-Empty,314,6.29999971,0,-3.08113217,-1.60406065,-2.03601456,0,0,0,0,1,9,0,0,0,0,0,0
Held-Cluster4-Empty,314,6.29999971,1,-2.70242167,-1.60998213,-4.174385,0,0,0,0,1,9,0,0,0,0,0,0
Held-Cluster4-Empty,314,6.29999971,2,-3.06268716,-1.225648,0.764130235,0,0,0,0,1,6,0,0,0,0,0,0
Held-Cluster4-Empty,314,6.29999971,3,-2.6861546,-1.24010384,-10.9871931,0,0,0,0,1,7,0,0,0,0,0,0
Held-Cluster4-Empty,315,6.31999969,0,-3.08113217,-1.60406065,-2.03601456,0,0,0,0,1,9,0,0,0,0,0,0
Held-Cluster4-Empty,315,6.31999969,1,-2.70242167,-1.60998213,-4.174385,0,0,0,0,1,9,0,0,0,0,0,0
Held-Cluster4-Empty,315,6.31999969,2,-3.06268716,-1.225648,0.764130235,0,0,0,0,1,6,0,0,0,0,0,0
Held-Cluster4-Empty,315,6.31999969,3,-2.6861546,-1.24010384,-10.9871931,0,0,0,0,1,7,0,0,0,0,0,0
Held-Cluster4-Empty,316,6.33999968,0,-3.08113217,-1.60406065,-2.03601456,0,0,0,0,1,9,0,0,0,0,0,0
Held-Cluster4-Empty,316,6.33999968,1,-2.70242167,-1.60998213,-4.174385,0,0,0,0,1,9,0,0,0,0,0,0
Held-Cluster4-Empty,316,6.33999968,2,-3.06268716,-1.225648,0.764130235,0,0,0,0,1,6,0,0,0,0,0,0
Held-Cluster4-Empty,316,6.33999968,3,-2.6861546,-1.24010384,-10.9871931,0,0,0,0,1,7,0,0,0,0,0,0
Held-Cluster4-Empty,317,6.35999966,0,-3.08113217,-1.60406065,-2.03601456,0,0,0,0,1,9,0,0,0,0,0,0
Held-Cluster4-Empty,317,6.35999966,1,-2.70242167,-1.60998213,-4.174385,0,0,0,0,1,9,0,0,0,0,0,0
Held-Cluster4-Empty,317,6.35999966,2,-3.06268716,-1.225648,0.764130235,0,0,0,0,1,6,0,0,0,0,0,0
Held-Cluster4-Empty,317,6.35999966,3,-2.6861546,-1.24010384,-10.9871931,0,0,0,0,1,7,0,0,0,0,0,0
Held-Cluster4-Empty,318,6.37999964,0,-3.08113217,-1.60406065,-2.03601456,0,0,0,0,1,9,0,0,0,0,0,0
Held-Cluster4-Empty,318,6.37999964,1,-2.70242167,-1.60998213,-4.174385,0,0,0,0,1,9,0,0,0,0,0,0
Held-Cluster4-Empty,318,6.37999964,2,-3.06268716,-1.225648,0.764130235,0,0,0,0,1,6,0,0,0,0,0,0
Held-Cluster4-Empty,318,6.37999964,3,-2.6861546,-1.24010384,-10.9871931,0,0,0,0,1,7,0,0,0,0,0,0
Held-Cluster4-Empty,319,6.39999962,0,-3.08113217,-1.60406065,-2.03601456,0,0,0,0,1,9,0,0,0,0,0,0
Held-Cluster4-Empty,319,6.39999962,1,-2.70242167,-1.60998213,-4.174385,0,0,0,0,1,9,0,0,0,0,0,0
Held-Cluster4-Empty,319,6.39999962,2,-3.06268716,-1.225648,0.764130235,0,0,0,0,1,6,0,0,0,0,0,0
Held-Cluster4-Empty,319,6.39999962,3,-2.6861546,-1.24010384,-10.9871931,0,0,0,0,1,7,0,0,0,0,0,0
Held-Cluster4-Empty,320,6.42,0,-3.08113217,-1.60406065,-2.03601456,0,0,0,0,1,9,0,0,0,0,0,0
Held-Cluster4-Empty,320,6.42,1,-2.70242167,-1.60998213,-4.174385,0,0,0,0,1,9,0,0,0,0,0,0
Held-Cluster4-Empty,320,6.42,2,-3.06268716,-1.225648,0.764130235,0,0,0,0,1,6,0,0,0,0,0,0
Held-Cluster4-Empty,320,6.42,3,-2.6861546,-1.24010384,-10.9871931,0,0,0,0,1,7,0,0,0,0,0,0
Held-Cluster4-Empty,321,6.44,0,-3.08113217,-1.60406065,-2.03601456,0,0,0,0,1,9,0,0,0,0,0,0
Held-Cluster4-Empty,321,6.44,1,-2.70242167,-1.60998213,-4.174385,0,0,0,0,1,9,0,0,0,0,0,0
Held-Cluster4-Empty,321,6.44,2,-3.06268716,-1.225648,0.764130235,0,0,0,0,1,6,0,0,0,0,0,0
Held-Cluster4-Empty,321,6.44,3,-2.6861546,-1.24010384,-10.9871931,0,0,0,0,1,7,0,0,0,0,0,0
Held-Cluster4-Empty,322,6.46,0,-3.08113217,-1.60406065,-2.03601456,0,0,0,0,1,9,0,0,0,0,0,0
Held-Cluster4-Empty,322,6.46,1,-2.70242167,-1.60998213,-4.174385,0,0,0,0,1,9,0,0,0,0,0,0
Held-Cluster4-Empty,322,6.46,2,-3.06268716,-1.225648,0.764130235,0,0,0,0,1,6,0,0,0,0,0,0
Held-Cluster4-Empty,322,6.46,3,-2.6861546,-1.24010384,-10.9871931,0,0,0,0,1,7,0,0,0,0,0,0
Held-Cluster4-Empty,323,6.48,0,-3.08113217,-1.60406065,-2.03601456,0,0,0,0,1,9,0,0,0,0,0,0
Held-Cluster4-Empty,323,6.48,1,-2.70242167,-1.60998213,-4.174385,0,0,0,0,1,9,0,0,0,0,0,0
Held-Cluster4-Empty,323,6.48,2,-3.06268716,-1.225648,0.764130235,0,0,0,0,1,6,0,0,0,0,0,0
Held-Cluster4-Empty,323,6.48,3,-2.6861546,-1.24010384,-10.9871931,0,0,0,0,1,7,0,0,0,0,0,0
Held-Cluster4-Empty,324,6.5,0,-3.08113217,-1.60406065,-2.03601456,0,0,0,0,1,9,0,0,0,0,0,0
Held-Cluster4-Empty,324,6.5,1,-2.70242167,-1.60998213,-4.174385,0,0,0,0,1,9,0,0,0,0,0,0
Held-Cluster4-Empty,324,6.5,2,-3.06268716,-1.225648,0.764130235,0,0,0,0,1,6,0,0,0,0,0,0
Held-Cluster4-Empty,324,6.5,3,-2.6861546,-1.24010384,-10.9871931,0,0,0,0,1,7,0,0,0,0,0,0
Held-Cluster4-Empty,325,6.52,0,-3.08113217,-1.60406065,-2.03601456,0,0,0,0,1,9,0,0,0,0,0,0
Held-Cluster4-Empty,325,6.52,1,-2.70242167,-1.60998213,-4.174385,0,0,0,0,1,9,0,0,0,0,0,0
Held-Cluster4-Empty,325,6.52,2,-3.06268716,-1.225648,0.764130235,0,0,0,0,1,6,0,0,0,0,0,0
Held-Cluster4-Empty,325,6.52,3,-2.6861546,-1.24010384,-10.9871931,0,0,0,0,1,7,0,0,0,0,0,0
Held-Cluster4-Empty,326,6.54,0,-3.08113217,-1.60406065,-2.03601456,0,0,0,0,1,9,0,0,0,0,0,0
Held-Cluster4-Empty,326,6.54,1,-2.70242167,-1.60998213,-4.174385,0,0,0,0,1,9,0,0,0,0,0,0
Held-Cluster4-Empty,326,6.54,2,-3.06268716,-1.225648,0.764130235,0,0,0,0,1,6,0,0,0,0,0,0
Held-Cluster4-Empty,326,6.54,3,-2.6861546,-1.24010384,-10.9871931,0,0,0,0,1,7,0,0,0,0,0,0
Held-Cluster4-Empty,327,6.56,0,-3.08113217,-1.60406065,-2.03601456,0,0,0,0,1,9,0,0,0,0,0,0
Held-Cluster4-Empty,327,6.56,1,-2.70242167,-1.60998213,-4.174385,0,0,0,0,1,9,0,0,0,0,0,0
Held-Cluster4-Empty,327,6.56,2,-3.06268716,-1.225648,0.764130235,0,0,0,0,1,6,0,0,0,0,0,0
Held-Cluster4-Empty,327,6.56,3,-2.6861546,-1.24010384,-10.9871931,0,0,0,0,1,7,0,0,0,0,0,0
Held-Cluster4-Empty,328,6.58,0,-3.08113217,-1.60406065,-2.03601456,0,0,0,0,1,9,0,0,0,0,0,0
Held-Cluster4-Empty,328,6.58,1,-2.70242167,-1.60998213,-4.174385,0,0,0,0,1,9,0,0,0,0,0,0
Held-Cluster4-Empty,328,6.58,2,-3.06268716,-1.225648,0.764130235,0,0,0,0,1,6,0,0,0,0,0,0
Held-Cluster4-Empty,328,6.58,3,-2.6861546,-1.24010384,-10.9871931,0,0,0,0,1,7,0,0,0,0,0,0
Held-Cluster4-Empty,329,6.6,0,-3.08113217,-1.60406065,-2.03601456,0,0,0,0,1,9,0,0,0,0,0,0
Held-Cluster4-Empty,329,6.6,1,-2.70242167,-1.60998213,-4.174385,0,0,0,0,1,9,0,0,0,0,0,0
Held-Cluster4-Empty,329,6.6,2,-3.06268716,-1.225648,0.764130235,0,0,0,0,1,6,0,0,0,0,0,0
Held-Cluster4-Empty,329,6.6,3,-2.6861546,-1.24010384,-10.9871931,0,0,0,0,1,7,0,0,0,0,0,0
Held-Cluster4-Empty,330,6.62,0,-3.08113217,-1.60406065,-2.03601456,0,0,0,0,1,9,0,0,0,0,0,0
Held-Cluster4-Empty,330,6.62,1,-2.70242167,-1.60998213,-4.174385,0,0,0,0,1,9,0,0,0,0,0,0
Held-Cluster4-Empty,330,6.62,2,-3.06268716,-1.225648,0.764130235,0,0,0,0,1,6,0,0,0,0,0,0
Held-Cluster4-Empty,330,6.62,3,-2.6861546,-1.24010384,-10.9871931,0,0,0,0,1,7,0,0,0,0,0,0
Held-Cluster4-Empty,331,6.64,0,-3.08113217,-1.60406065,-2.03601456,0,0,0,0,1,9,0,0,0,0,0,0
Held-Cluster4-Empty,331,6.64,1,-2.70242167,-1.60998213,-4.174385,0,0,0,0,1,9,0,0,0,0,0,0
Held-Cluster4-Empty,331,6.64,2,-3.06268716,-1.225648,0.764130235,0,0,0,0,1,6,0,0,0,0,0,0
Held-Cluster4-Empty,331,6.64,3,-2.6861546,-1.24010384,-10.9871931,0,0,0,0,1,7,0,0,0,0,0,0
Held-Cluster4-Empty,332,6.66,0,-3.08113217,-1.60406065,-2.03601456,0,0,0,0,1,9,0,0,0,0,0,0
Held-Cluster4-Empty,332,6.66,1,-2.70242167,-1.60998213,-4.174385,0,0,0,0,1,9,0,0,0,0,0,0
Held-Cluster4-Empty,332,6.66,2,-3.06268716,-1.225648,0.764130235,0,0,0,0,1,6,0,0,0,0,0,0
Held-Cluster4-Empty,332,6.66,3,-2.6861546,-1.24010384,-10.9871931,0,0,0,0,1,7,0,0,0,0,0,0
Held-Cluster4-Empty,333,6.68,0,-3.08113217,-1.60406065,-2.03601456,0,0,0,0,1,9,0,0,0,0,0,0
Held-Cluster4-Empty,333,6.68,1,-2.70242167,-1.60998213,-4.174385,0,0,0,0,1,9,0,0,0,0,0,0
Held-Cluster4-Empty,333,6.68,2,-3.06268716,-1.225648,0.764130235,0,0,0,0,1,6,0,0,0,0,0,0
Held-Cluster4-Empty,333,6.68,3,-2.6861546,-1.24010384,-10.9871931,0,0,0,0,1,7,0,0,0,0,0,0
Held-Cluster4-Empty,334,6.7,0,-3.08113217,-1.60406065,-2.03601456,0,0,0,0,1,9,0,0,0,0,0,0
Held-Cluster4-Empty,334,6.7,1,-2.70242167,-1.60998213,-4.174385,0,0,0,0,1,9,0,0,0,0,0,0
Held-Cluster4-Empty,334,6.7,2,-3.06268716,-1.225648,0.764130235,0,0,0,0,1,6,0,0,0,0,0,0
Held-Cluster4-Empty,334,6.7,3,-2.6861546,-1.24010384,-10.9871931,0,0,0,0,1,7,0,0,0,0,0,0
Held-Cluster4-Empty,335,6.72,0,-3.08113217,-1.60406065,-2.03601456,0,0,0,0,1,9,0,0,0,0,0,0
Held-Cluster4-Empty,335,6.72,1,-2.70242167,-1.60998213,-4.174385,0,0,0,0,1,9,0,0,0,0,0,0
Held-Cluster4-Empty,335,6.72,2,-3.06268716,-1.225648,0.764130235,0,0,0,0,1,6,0,0,0,0,0,0
Held-Cluster4-Empty,335,6.72,3,-2.6861546,-1.24010384,-10.9871931,0,0,0,0,1,7,0,0,0,0,0,0
Held-Cluster4-Empty,336,6.74,0,-3.08113217,-1.60406065,-2.03601456,0,0,0,0,1,9,0,0,0,0,0,0
Held-Cluster4-Empty,336,6.74,1,-2.70242167,-1.60998213,-4.174385,0,0,0,0,1,9,0,0,0,0,0,0
Held-Cluster4-Empty,336,6.74,2,-3.06268716,-1.225648,0.764130235,0,0,0,0,1,6,0,0,0,0,0,0
Held-Cluster4-Empty,336,6.74,3,-2.6861546,-1.24010384,-10.9871931,0,0,0,0,1,7,0,0,0,0,0,0
Held-Cluster4-Empty,337,6.75999975,0,-3.08113217,-1.60406065,-2.03601456,0,0,0,0,1,9,0,0,0,0,0,0
Held-Cluster4-Empty,337,6.75999975,1,-2.70242167,-1.60998213,-4.174385,0,0,0,0,1,9,0,0,0,0,0,0
Held-Cluster4-Empty,337,6.75999975,2,-3.06268716,-1.225648,0.764130235,0,0,0,0,1,6,0,0,0,0,0,0
Held-Cluster4-Empty,337,6.75999975,3,-2.6861546,-1.24010384,-10.9871931,0,0,0,0,1,7,0,0,0,0,0,0
Held-Cluster4-Empty,338,6.77999973,0,-3.08113217,-1.60406065,-2.03601456,0,0,0,0,1,9,0,0,0,0,0,0
Held-Cluster4-Empty,338,6.77999973,1,-2.70242167,-1.60998213,-4.174385,0,0,0,0,1,9,0,0,0,0,0,0
Held-Cluster4-Empty,338,6.77999973,2,-3.06268716,-1.225648,0.764130235,0,0,0,0,1,6,0,0,0,0,0,0
Held-Cluster4-Empty,338,6.77999973,3,-2.6861546,-1.24010384,-10.9871931,0,0,0,0,1,7,0,0,0,0,0,0
Held-Cluster4-Empty,339,6.79999971,0,-3.08113217,-1.60406065,-2.03601456,0,0,0,0,1,9,0,0,0,0,0,0
Held-Cluster4-Empty,339,6.79999971,1,-2.70242167,-1.60998213,-4.174385,0,0,0,0,1,9,0,0,0,0,0,0
Held-Cluster4-Empty,339,6.79999971,2,-3.06268716,-1.225648,0.764130235,0,0,0,0,1,6,0,0,0,0,0,0
Held-Cluster4-Empty,339,6.79999971,3,-2.6861546,-1.24010384,-10.9871931,0,0,0,0,1,7,0,0,0,0,0,0
Held-Cluster4-Empty,340,6.81999969,0,-3.08113217,-1.60406065,-2.03601456,0,0,0,0,1,9,0,0,0,0,0,0
Held-Cluster4-Empty,340,6.81999969,1,-2.70242167,-1.60998213,-4.174385,0,0,0,0,1,9,0,0,0,0,0,0
Held-Cluster4-Empty,340,6.81999969,2,-3.06268716,-1.225648,0.764130235,0,0,0,0,1,6,0,0,0,0,0,0
Held-Cluster4-Empty,340,6.81999969,3,-2.6861546,-1.24010384,-10.9871931,0,0,0,0,1,7,0,0,0,0,0,0
Held-Cluster4-Empty,341,6.83999968,0,-3.08113217,-1.60406065,-2.03601456,0,0,0,0,1,9,0,0,0,0,0,0
Held-Cluster4-Empty,341,6.83999968,1,-2.70242167,-1.60998213,-4.174385,0,0,0,0,1,9,0,0,0,0,0,0
Held-Cluster4-Empty,341,6.83999968,2,-3.06268716,-1.225648,0.764130235,0,0,0,0,1,6,0,0,0,0,0,0
Held-Cluster4-Empty,341,6.83999968,3,-2.6861546,-1.24010384,-10.9871931,0,0,0,0,1,7,0,0,0,0,0,0
Held-Cluster4-Empty,342,6.85999966,0,-3.08113217,-1.60406065,-2.03601456,0,0,0,0,1,9,0,0,0,0,0,0
Held-Cluster4-Empty,342,6.85999966,1,-2.70242167,-1.60998213,-4.174385,0,0,0,0,1,9,0,0,0,0,0,0
Held-Cluster4-Empty,342,6.85999966,2,-3.06268716,-1.225648,0.764130235,0,0,0,0,1,6,0,0,0,0,0,0
Held-Cluster4-Empty,342,6.85999966,3,-2.6861546,-1.24010384,-10.9871931,0,0,0,0,1,7,0,0,0,0,0,0
Held-Cluster4-Empty,343,6.87999964,0,-3.08113217,-1.60406065,-2.03601456,0,0,0,0,1,9,0,0,0,0,0,0
Held-Cluster4-Empty,343,6.87999964,1,-2.70242167,-1.60998213,-4.174385,0,0,0,0,1,9,0,0,0,0,0,0
Held-Cluster4-Empty,343,6.87999964,2,-3.06268716,-1.225648,0.764130235,0,0,0,0,1,6,0,0,0,0,0,0
Held-Cluster4-Empty,343,6.87999964,3,-2.6861546,-1.24010384,-10.9871931,0,0,0,0,1,7,0,0,0,0,0,0
Held-Cluster4-Empty,344,6.89999962,0,-3.08113217,-1.60406065,-2.03601456,0,0,0,0,1,9,0,0,0,0,0,0
Held-Cluster4-Empty,344,6.89999962,1,-2.70242167,-1.60998213,-4.174385,0,0,0,0,1,9,0,0,0,0,0,0
Held-Cluster4-Empty,344,6.89999962,2,-3.06268716,-1.225648,0.764130235,0,0,0,0,1,6,0,0,0,0,0,0
Held-Cluster4-Empty,344,6.89999962,3,-2.6861546,-1.24010384,-10.9871931,0,0,0,0,1,7,0,0,0,0,0,0
Held-Cluster4-Empty,345,6.92,0,-3.08113217,-1.60406065,-2.03601456,0,0,0,0,1,9,0,0,0,0,0,0
Held-Cluster4-Empty,345,6.92,1,-2.70242167,-1.60998213,-4.174385,0,0,0,0,1,9,0,0,0,0,0,0
Held-Cluster4-Empty,345,6.92,2,-3.06268716,-1.225648,0.764130235,0,0,0,0,1,6,0,0,0,0,0,0
Held-Cluster4-Empty,345,6.92,3,-2.6861546,-1.24010384,-10.9871931,0,0,0,0,1,7,0,0,0,0,0,0
Held-Cluster4-Empty,346,6.94,0,-3.08113217,-1.60406065,-2.03601456,0,0,0,0,1,9,0,0,0,0,0,0
Held-Cluster4-Empty,346,6.94,1,-2.70242167,-1.60998213,-4.174385,0,0,0,0,1,9,0,0,0,0,0,0
Held-Cluster4-Empty,346,6.94,2,-3.06268716,-1.225648,0.764130235,0,0,0,0,1,6,0,0,0,0,0,0
Held-Cluster4-Empty,346,6.94,3,-2.6861546,-1.24010384,-10.9871931,0,0,0,0,1,7,0,0,0,0,0,0
Held-Cluster4-Empty,347,6.96,0,-3.08113217,-1.60406065,-2.03601456,0,0,0,0,1,9,0,0,0,0,0,0
Held-Cluster4-Empty,347,6.96,1,-2.70242167,-1.60998213,-4.174385,0,0,0,0,1,9,0,0,0,0,0,0
Held-Cluster4-Empty,347,6.96,2,-3.06268716,-1.225648,0.764130235,0,0,0,0,1,6,0,0,0,0,0,0
Held-Cluster4-Empty,347,6.96,3,-2.6861546,-1.24010384,-10.9871931,0,0,0,0,1,7,0,0,0,0,0,0
Held-Cluster4-Empty,348,6.98,0,-3.08113217,-1.60406065,-2.03601456,0,0,0,0,1,9,0,0,0,0,0,0
Held-Cluster4-Empty,348,6.98,1,-2.70242167,-1.60998213,-4.174385,0,0,0,0,1,9,0,0,0,0,0,0
Held-Cluster4-Empty,348,6.98,2,-3.06268716,-1.225648,0.764130235,0,0,0,0,1,6,0,0,0,0,0,0
Held-Cluster4-Empty,348,6.98,3,-2.6861546,-1.24010384,-10.9871931,0,0,0,0,1,7,0,0,0,0,0,0
Held-Cluster4-Empty,349,7,0,-3.08113217,-1.60406065,-2.03601456,0,0,0,0,1,9,0,0,0,0,0,0
Held-Cluster4-Empty,349,7,1,-2.70242167,-1.60998213,-4.174385,0,0,0,0,1,9,0,0,0,0,0,0
Held-Cluster4-Empty,349,7,2,-3.06268716,-1.225648,0.764130235,0,0,0,0,1,6,0,0,0,0,0,0
Held-Cluster4-Empty,349,7,3,-2.6861546,-1.24010384,-10.9871931,0,0,0,0,1,7,0,0,0,0,0,0
Held-Cluster4-Empty,350,7.02,0,-3.08113217,-1.60406065,-2.03601456,0,0,0,0,1,9,0,0,0,0,0,0
Held-Cluster4-Empty,350,7.02,1,-2.70242167,-1.60998213,-4.174385,0,0,0,0,1,9,0,0,0,0,0,0
Held-Cluster4-Empty,350,7.02,2,-3.06268716,-1.225648,0.764130235,0,0,0,0,1,6,0,0,0,0,0,0
Held-Cluster4-Empty,350,7.02,3,-2.6861546,-1.24010384,-10.9871931,0,0,0,0,1,7,0,0,0,0,0,0
Held-Cluster4-Empty,351,7.04,0,-3.08113217,-1.60406065,-2.03601456,0,0,0,0,1,9,0,0,0,0,0,0
Held-Cluster4-Empty,351,7.04,1,-2.70242167,-1.60998213,-4.174385,0,0,0,0,1,9,0,0,0,0,0,0
Held-Cluster4-Empty,351,7.04,2,-3.06268716,-1.225648,0.764130235,0,0,0,0,1,6,0,0,0,0,0,0
Held-Cluster4-Empty,351,7.04,3,-2.6861546,-1.24010384,-10.9871931,0,0,0,0,1,7,0,0,0,0,0,0
Held-Cluster4-Empty,352,7.06,0,-3.08113217,-1.60406065,-2.03601456,0,0,0,0,1,9,0,0,0,0,0,0
Held-Cluster4-Empty,352,7.06,1,-2.70242167,-1.60998213,-4.174385,0,0,0,0,1,9,0,0,0,0,0,0
Held-Cluster4-Empty,352,7.06,2,-3.06268716,-1.225648,0.764130235,0,0,0,0,1,6,0,0,0,0,0,0
Held-Cluster4-Empty,352,7.06,3,-2.6861546,-1.24010384,-10.9871931,0,0,0,0,1,7,0,0,0,0,0,0
Held-Cluster4-Empty,353,7.08,0,-3.08113217,-1.60406065,-2.03601456,0,0,0,0,1,9,0,0,0,0,0,0
Held-Cluster4-Empty,353,7.08,1,-2.70242167,-1.60998213,-4.174385,0,0,0,0,1,9,0,0,0,0,0,0
Held-Cluster4-Empty,353,7.08,2,-3.06268716,-1.225648,0.764130235,0,0,0,0,1,6,0,0,0,0,0,0
Held-Cluster4-Empty,353,7.08,3,-2.6861546,-1.24010384,-10.9871931,0,0,0,0,1,7,0,0,0,0,0,0
Held-Cluster4-Empty,354,7.1,0,-3.08113217,-1.60406065,-2.03601456,0,0,0,0,1,9,0,0,0,0,0,0
Held-Cluster4-Empty,354,7.1,1,-2.70242167,-1.60998213,-4.174385,0,0,0,0,1,9,0,0,0,0,0,0
Held-Cluster4-Empty,354,7.1,2,-3.06268716,-1.225648,0.764130235,0,0,0,0,1,6,0,0,0,0,0,0
Held-Cluster4-Empty,354,7.1,3,-2.6861546,-1.24010384,-10.9871931,0,0,0,0,1,7,0,0,0,0,0,0
Held-Cluster4-Empty,355,7.12,0,-3.08113217,-1.60406065,-2.03601456,0,0,0,0,1,9,0,0,0,0,0,0
Held-Cluster4-Empty,355,7.12,1,-2.70242167,-1.60998213,-4.174385,0,0,0,0,1,9,0,0,0,0,0,0
Held-Cluster4-Empty,355,7.12,2,-3.06268716,-1.225648,0.764130235,0,0,0,0,1,6,0,0,0,0,0,0
Held-Cluster4-Empty,355,7.12,3,-2.6861546,-1.24010384,-10.9871931,0,0,0,0,1,7,0,0,0,0,0,0
Held-Cluster4-Empty,356,7.14,0,-3.08113217,-1.60406065,-2.03601456,0,0,0,0,1,9,0,0,0,0,0,0
Held-Cluster4-Empty,356,7.14,1,-2.70242167,-1.60998213,-4.174385,0,0,0,0,1,9,0,0,0,0,0,0
Held-Cluster4-Empty,356,7.14,2,-3.06268716,-1.225648,0.764130235,0,0,0,0,1,6,0,0,0,0,0,0
Held-Cluster4-Empty,356,7.14,3,-2.6861546,-1.24010384,-10.9871931,0,0,0,0,1,7,0,0,0,0,0,0
Held-Cluster4-Empty,357,7.16,0,-3.08113217,-1.60406065,-2.03601456,0,0,0,0,1,9,0,0,0,0,0,0
Held-Cluster4-Empty,357,7.16,1,-2.70242167,-1.60998213,-4.174385,0,0,0,0,1,9,0,0,0,0,0,0
Held-Cluster4-Empty,357,7.16,2,-3.06268716,-1.225648,0.764130235,0,0,0,0,1,6,0,0,0,0,0,0
Held-Cluster4-Empty,357,7.16,3,-2.6861546,-1.24010384,-10.9871931,0,0,0,0,1,7,0,0,0,0,0,0
Held-Cluster4-Empty,358,7.18,0,-3.08113217,-1.60406065,-2.03601456,0,0,0,0,1,9,0,0,0,0,0,0
Held-Cluster4-Empty,358,7.18,1,-2.70242167,-1.60998213,-4.174385,0,0,0,0,1,9,0,0,0,0,0,0
Held-Cluster4-Empty,358,7.18,2,-3.06268716,-1.225648,0.764130235,0,0,0,0,1,6,0,0,0,0,0,0
Held-Cluster4-Empty,358,7.18,3,-2.6861546,-1.24010384,-10.9871931,0,0,0,0,1,7,0,0,0,0,0,0
Held-Cluster4-Empty,359,7.2,0,-3.08113217,-1.60406065,-2.03601456,0,0,0,0,1,9,0,0,0,0,0,0
Held-Cluster4-Empty,359,7.2,1,-2.70242167,-1.60998213,-4.174385,0,0,0,0,1,9,0,0,0,0,0,0
Held-Cluster4-Empty,359,7.2,2,-3.06268716,-1.225648,0.764130235,0,0,0,0,1,6,0,0,0,0,0,0
Held-Cluster4-Empty,359,7.2,3,-2.6861546,-1.24010384,-10.9871931,0,0,0,0,1,7,0,0,0,0,0,0
Held-Cluster4-Empty,360,7.22,0,-3.08113217,-1.60406065,-2.03601456,0,0,0,0,1,9,0,0,0,0,0,0
Held-Cluster4-Empty,360,7.22,1,-2.70242167,-1.60998213,-4.174385,0,0,0,0,1,9,0,0,0,0,0,0
Held-Cluster4-Empty,360,7.22,2,-3.06268716,-1.225648,0.764130235,0,0,0,0,1,6,0,0,0,0,0,0
Held-Cluster4-Empty,360,7.22,3,-2.6861546,-1.24010384,-10.9871931,0,0,0,0,1,7,0,0,0,0,0,0
Held-Cluster4-Empty,361,7.24,0,-3.08113217,-1.60406065,-2.03601456,0,0,0,0,1,9,0,0,0,0,0,0
Held-Cluster4-Empty,361,7.24,1,-2.70242167,-1.60998213,-4.174385,0,0,0,0,1,9,0,0,0,0,0,0
Held-Cluster4-Empty,361,7.24,2,-3.06268716,-1.225648,0.764130235,0,0,0,0,1,6,0,0,0,0,0,0
Held-Cluster4-Empty,361,7.24,3,-2.6861546,-1.24010384,-10.9871931,0,0,0,0,1,7,0,0,0,0,0,0
Held-Cluster4-Empty,362,7.25999975,0,-3.08113217,-1.60406065,-2.03601456,0,0,0,0,1,9,0,0,0,0,0,0
Held-Cluster4-Empty,362,7.25999975,1,-2.70242167,-1.60998213,-4.174385,0,0,0,0,1,9,0,0,0,0,0,0
Held-Cluster4-Empty,362,7.25999975,2,-3.06268716,-1.225648,0.764130235,0,0,0,0,1,6,0,0,0,0,0,0
Held-Cluster4-Empty,362,7.25999975,3,-2.6861546,-1.24010384,-10.9871931,0,0,0,0,1,7,0,0,0,0,0,0
Held-Cluster4-Empty,363,7.27999973,0,-3.08113217,-1.60406065,-2.03601456,0,0,0,0,1,9,0,0,0,0,0,0
Held-Cluster4-Empty,363,7.27999973,1,-2.70242167,-1.60998213,-4.174385,0,0,0,0,1,9,0,0,0,0,0,0
Held-Cluster4-Empty,363,7.27999973,2,-3.06268716,-1.225648,0.764130235,0,0,0,0,1,6,0,0,0,0,0,0
Held-Cluster4-Empty,363,7.27999973,3,-2.6861546,-1.24010384,-10.9871931,0,0,0,0,1,7,0,0,0,0,0,0
Held-Cluster4-Empty,364,7.29999971,0,-3.08113217,-1.60406065,-2.03601456,0,0,0,0,1,9,0,0,0,0,0,0
Held-Cluster4-Empty,364,7.29999971,1,-2.70242167,-1.60998213,-4.174385,0,0,0,0,1,9,0,0,0,0,0,0
Held-Cluster4-Empty,364,7.29999971,2,-3.06268716,-1.225648,0.764130235,0,0,0,0,1,6,0,0,0,0,0,0
Held-Cluster4-Empty,364,7.29999971,3,-2.6861546,-1.24010384,-10.9871931,0,0,0,0,1,7,0,0,0,0,0,0
Held-Cluster4-Empty,365,7.31999969,0,-3.08113217,-1.60406065,-2.03601456,0,0,0,0,1,9,0,0,0,0,0,0
Held-Cluster4-Empty,365,7.31999969,1,-2.70242167,-1.60998213,-4.174385,0,0,0,0,1,9,0,0,0,0,0,0
Held-Cluster4-Empty,365,7.31999969,2,-3.06268716,-1.225648,0.764130235,0,0,0,0,1,6,0,0,0,0,0,0
Held-Cluster4-Empty,365,7.31999969,3,-2.6861546,-1.24010384,-10.9871931,0,0,0,0,1,7,0,0,0,0,0,0
Held-Cluster4-Empty,366,7.33999968,0,-3.08113217,-1.60406065,-2.03601456,0,0,0,0,1,9,0,0,0,0,0,0
Held-Cluster4-Empty,366,7.33999968,1,-2.70242167,-1.60998213,-4.174385,0,0,0,0,1,9,0,0,0,0,0,0
Held-Cluster4-Empty,366,7.33999968,2,-3.06268716,-1.225648,0.764130235,0,0,0,0,1,6,0,0,0,0,0,0
Held-Cluster4-Empty,366,7.33999968,3,-2.6861546,-1.24010384,-10.9871931,0,0,0,0,1,7,0,0,0,0,0,0
Held-Cluster4-Empty,367,7.35999966,0,-3.08113217,-1.60406065,-2.03601456,0,0,0,0,1,9,0,0,0,0,0,0
Held-Cluster4-Empty,367,7.35999966,1,-2.70242167,-1.60998213,-4.174385,0,0,0,0,1,9,0,0,0,0,0,0
Held-Cluster4-Empty,367,7.35999966,2,-3.06268716,-1.225648,0.764130235,0,0,0,0,1,6,0,0,0,0,0,0
Held-Cluster4-Empty,367,7.35999966,3,-2.6861546,-1.24010384,-10.9871931,0,0,0,0,1,7,0,0,0,0,0,0
Held-Cluster4-Empty,368,7.37999964,0,-3.08113217,-1.60406065,-2.03601456,0,0,0,0,1,9,0,0,0,0,0,0
Held-Cluster4-Empty,368,7.37999964,1,-2.70242167,-1.60998213,-4.174385,0,0,0,0,1,9,0,0,0,0,0,0
Held-Cluster4-Empty,368,7.37999964,2,-3.06268716,-1.225648,0.764130235,0,0,0,0,1,6,0,0,0,0,0,0
Held-Cluster4-Empty,368,7.37999964,3,-2.6861546,-1.24010384,-10.9871931,0,0,0,0,1,7,0,0,0,0,0,0
Held-Cluster4-Empty,369,7.39999962,0,-3.08113217,-1.60406065,-2.03601456,0,0,0,0,1,9,0,0,0,0,0,0
Held-Cluster4-Empty,369,7.39999962,1,-2.70242167,-1.60998213,-4.174385,0,0,0,0,1,9,0,0,0,0,0,0
Held-Cluster4-Empty,369,7.39999962,2,-3.06268716,-1.225648,0.764130235,0,0,0,0,1,6,0,0,0,0,0,0
Held-Cluster4-Empty,369,7.39999962,3,-2.6861546,-1.24010384,-10.9871931,0,0,0,0,1,7,0,0,0,0,0,0
Held-Cluster4-Empty,370,7.4199996,0,-3.08113217,-1.60406065,-2.03601456,0,0,0,0,1,9,0,0,0,0,0,0
Held-Cluster4-Empty,370,7.4199996,1,-2.70242167,-1.60998213,-4.174385,0,0,0,0,1,9,0,0,0,0,0,0
Held-Cluster4-Empty,370,7.4199996,2,-3.06268716,-1.225648,0.764130235,0,0,0,0,1,6,0,0,0,0,0,0
Held-Cluster4-Empty,370,7.4199996,3,-2.6861546,-1.24010384,-10.9871931,0,0,0,0,1,7,0,0,0,0,0,0
Held-Cluster4-Empty,371,7.44,0,-3.08113217,-1.60406065,-2.03601456,0,0,0,0,1,9,0,0,0,0,0,0
Held-Cluster4-Empty,371,7.44,1,-2.70242167,-1.60998213,-4.174385,0,0,0,0,1,9,0,0,0,0,0,0
Held-Cluster4-Empty,371,7.44,2,-3.06268716,-1.225648,0.764130235,0,0,0,0,1,6,0,0,0,0,0,0
Held-Cluster4-Empty,371,7.44,3,-2.6861546,-1.24010384,-10.9871931,0,0,0,0,1,7,0,0,0,0,0,0
Held-Cluster4-Empty,372,7.46,0,-3.08113217,-1.60406065,-2.03601456,0,0,0,0,1,9,0,0,0,0,0,0
Held-Cluster4-Empty,372,7.46,1,-2.70242167,-1.60998213,-4.174385,0,0,0,0,1,9,0,0,0,0,0,0
Held-Cluster4-Empty,372,7.46,2,-3.06268716,-1.225648,0.764130235,0,0,0,0,1,6,0,0,0,0,0,0
Held-Cluster4-Empty,372,7.46,3,-2.6861546,-1.24010384,-10.9871931,0,0,0,0,1,7,0,0,0,0,0,0
Held-Cluster4-Empty,373,7.48,0,-3.08113217,-1.60406065,-2.03601456,0,0,0,0,1,9,0,0,0,0,0,0
Held-Cluster4-Empty,373,7.48,1,-2.70242167,-1.60998213,-4.174385,0,0,0,0,1,9,0,0,0,0,0,0
Held-Cluster4-Empty,373,7.48,2,-3.06268716,-1.225648,0.764130235,0,0,0,0,1,6,0,0,0,0,0,0
Held-Cluster4-Empty,373,7.48,3,-2.6861546,-1.24010384,-10.9871931,0,0,0,0,1,7,0,0,0,0,0,0
Held-Cluster4-Empty,374,7.5,0,-3.08113217,-1.60406065,-2.03601456,0,0,0,0,1,9,0,0,0,0,0,0
Held-Cluster4-Empty,374,7.5,1,-2.70242167,-1.60998213,-4.174385,0,0,0,0,1,9,0,0,0,0,0,0
Held-Cluster4-Empty,374,7.5,2,-3.06268716,-1.225648,0.764130235,0,0,0,0,1,6,0,0,0,0,0,0
Held-Cluster4-Empty,374,7.5,3,-2.6861546,-1.24010384,-10.9871931,0,0,0,0,1,7,0,0,0,0,0,0
Held-Cluster4-Empty,375,7.52,0,-3.08113217,-1.60406065,-2.03601456,0,0,0,0,1,9,0,0,0,0,0,0
Held-Cluster4-Empty,375,7.52,1,-2.70242167,-1.60998213,-4.174385,0,0,0,0,1,9,0,0,0,0,0,0
Held-Cluster4-Empty,375,7.52,2,-3.06268716,-1.225648,0.764130235,0,0,0,0,1,6,0,0,0,0,0,0
Held-Cluster4-Empty,375,7.52,3,-2.6861546,-1.24010384,-10.9871931,0,0,0,0,1,7,0,0,0,0,0,0
Held-Cluster4-Empty,376,7.54,0,-3.08113217,-1.60406065,-2.03601456,0,0,0,0,1,9,0,0,0,0,0,0
Held-Cluster4-Empty,376,7.54,1,-2.70242167,-1.60998213,-4.174385,0,0,0,0,1,9,0,0,0,0,0,0
Held-Cluster4-Empty,376,7.54,2,-3.06268716,-1.225648,0.764130235,0,0,0,0,1,6,0,0,0,0,0,0
Held-Cluster4-Empty,376,7.54,3,-2.6861546,-1.24010384,-10.9871931,0,0,0,0,1,7,0,0,0,0,0,0
Held-Cluster4-Empty,377,7.56,0,-3.08113217,-1.60406065,-2.03601456,0,0,0,0,1,9,0,0,0,0,0,0
Held-Cluster4-Empty,377,7.56,1,-2.70242167,-1.60998213,-4.174385,0,0,0,0,1,9,0,0,0,0,0,0
Held-Cluster4-Empty,377,7.56,2,-3.06268716,-1.225648,0.764130235,0,0,0,0,1,6,0,0,0,0,0,0
Held-Cluster4-Empty,377,7.56,3,-2.6861546,-1.24010384,-10.9871931,0,0,0,0,1,7,0,0,0,0,0,0
Held-Cluster4-Empty,378,7.58,0,-3.08113217,-1.60406065,-2.03601456,0,0,0,0,1,9,0,0,0,0,0,0
Held-Cluster4-Empty,378,7.58,1,-2.70242167,-1.60998213,-4.174385,0,0,0,0,1,9,0,0,0,0,0,0
Held-Cluster4-Empty,378,7.58,2,-3.06268716,-1.225648,0.764130235,0,0,0,0,1,6,0,0,0,0,0,0
Held-Cluster4-Empty,378,7.58,3,-2.6861546,-1.24010384,-10.9871931,0,0,0,0,1,7,0,0,0,0,0,0
Held-Cluster4-Empty,379,7.6,0,-3.08113217,-1.60406065,-2.03601456,0,0,0,0,1,9,0,0,0,0,0,0
Held-Cluster4-Empty,379,7.6,1,-2.70242167,-1.60998213,-4.174385,0,0,0,0,1,9,0,0,0,0,0,0
Held-Cluster4-Empty,379,7.6,2,-3.06268716,-1.225648,0.764130235,0,0,0,0,1,6,0,0,0,0,0,0
Held-Cluster4-Empty,379,7.6,3,-2.6861546,-1.24010384,-10.9871931,0,0,0,0,1,7,0,0,0,0,0,0
Held-Cluster4-Empty,380,7.62,0,-3.08113217,-1.60406065,-2.03601456,0,0,0,0,1,9,0,0,0,0,0,0
Held-Cluster4-Empty,380,7.62,1,-2.70242167,-1.60998213,-4.174385,0,0,0,0,1,9,0,0,0,0,0,0
Held-Cluster4-Empty,380,7.62,2,-3.06268716,-1.225648,0.764130235,0,0,0,0,1,6,0,0,0,0,0,0
Held-Cluster4-Empty,380,7.62,3,-2.6861546,-1.24010384,-10.9871931,0,0,0,0,1,7,0,0,0,0,0,0
Held-Cluster4-Empty,381,7.64,0,-3.08113217,-1.60406065,-2.03601456,0,0,0,0,1,9,0,0,0,0,0,0
Held-Cluster4-Empty,381,7.64,1,-2.70242167,-1.60998213,-4.174385,0,0,0,0,1,9,0,0,0,0,0,0
Held-Cluster4-Empty,381,7.64,2,-3.06268716,-1.225648,0.764130235,0,0,0,0,1,6,0,0,0,0,0,0
Held-Cluster4-Empty,381,7.64,3,-2.6861546,-1.24010384,-10.9871931,0,0,0,0,1,7,0,0,0,0,0,0
Held-Cluster4-Empty,382,7.66,0,-3.08113217,-1.60406065,-2.03601456,0,0,0,0,1,9,0,0,0,0,0,0
Held-Cluster4-Empty,382,7.66,1,-2.70242167,-1.60998213,-4.174385,0,0,0,0,1,9,0,0,0,0,0,0
Held-Cluster4-Empty,382,7.66,2,-3.06268716,-1.225648,0.764130235,0,0,0,0,1,6,0,0,0,0,0,0
Held-Cluster4-Empty,382,7.66,3,-2.6861546,-1.24010384,-10.9871931,0,0,0,0,1,7,0,0,0,0,0,0
Held-Cluster4-Empty,383,7.68,0,-3.08113217,-1.60406065,-2.03601456,0,0,0,0,1,9,0,0,0,0,0,0
Held-Cluster4-Empty,383,7.68,1,-2.70242167,-1.60998213,-4.174385,0,0,0,0,1,9,0,0,0,0,0,0
Held-Cluster4-Empty,383,7.68,2,-3.06268716,-1.225648,0.764130235,0,0,0,0,1,6,0,0,0,0,0,0
Held-Cluster4-Empty,383,7.68,3,-2.6861546,-1.24010384,-10.9871931,0,0,0,0,1,7,0,0,0,0,0,0
Held-Cluster4-Empty,384,7.7,0,-3.08113217,-1.60406065,-2.03601456,0,0,0,0,1,9,0,0,0,0,0,0
Held-Cluster4-Empty,384,7.7,1,-2.70242167,-1.60998213,-4.174385,0,0,0,0,1,9,0,0,0,0,0,0
Held-Cluster4-Empty,384,7.7,2,-3.06268716,-1.225648,0.764130235,0,0,0,0,1,6,0,0,0,0,0,0
Held-Cluster4-Empty,384,7.7,3,-2.6861546,-1.24010384,-10.9871931,0,0,0,0,1,7,0,0,0,0,0,0
Held-Cluster4-Empty,385,7.72,0,-3.08113217,-1.60406065,-2.03601456,0,0,0,0,1,9,0,0,0,0,0,0
Held-Cluster4-Empty,385,7.72,1,-2.70242167,-1.60998213,-4.174385,0,0,0,0,1,9,0,0,0,0,0,0
Held-Cluster4-Empty,385,7.72,2,-3.06268716,-1.225648,0.764130235,0,0,0,0,1,6,0,0,0,0,0,0
Held-Cluster4-Empty,385,7.72,3,-2.6861546,-1.24010384,-10.9871931,0,0,0,0,1,7,0,0,0,0,0,0
Held-Cluster4-Empty,386,7.74,0,-3.08113217,-1.60406065,-2.03601456,0,0,0,0,1,9,0,0,0,0,0,0
Held-Cluster4-Empty,386,7.74,1,-2.70242167,-1.60998213,-4.174385,0,0,0,0,1,9,0,0,0,0,0,0
Held-Cluster4-Empty,386,7.74,2,-3.06268716,-1.225648,0.764130235,0,0,0,0,1,6,0,0,0,0,0,0
Held-Cluster4-Empty,386,7.74,3,-2.6861546,-1.24010384,-10.9871931,0,0,0,0,1,7,0,0,0,0,0,0
Held-Cluster4-Empty,387,7.75999975,0,-3.08113217,-1.60406065,-2.03601456,0,0,0,0,1,9,0,0,0,0,0,0
Held-Cluster4-Empty,387,7.75999975,1,-2.70242167,-1.60998213,-4.174385,0,0,0,0,1,9,0,0,0,0,0,0
Held-Cluster4-Empty,387,7.75999975,2,-3.06268716,-1.225648,0.764130235,0,0,0,0,1,6,0,0,0,0,0,0
Held-Cluster4-Empty,387,7.75999975,3,-2.6861546,-1.24010384,-10.9871931,0,0,0,0,1,7,0,0,0,0,0,0
Held-Cluster4-Empty,388,7.77999973,0,-3.08113217,-1.60406065,-2.03601456,0,0,0,0,1,9,0,0,0,0,0,0
Held-Cluster4-Empty,388,7.77999973,1,-2.70242167,-1.60998213,-4.174385,0,0,0,0,1,9,0,0,0,0,0,0
Held-Cluster4-Empty,388,7.77999973,2,-3.06268716,-1.225648,0.764130235,0,0,0,0,1,6,0,0,0,0,0,0
Held-Cluster4-Empty,388,7.77999973,3,-2.6861546,-1.24010384,-10.9871931,0,0,0,0,1,7,0,0,0,0,0,0
Held-Cluster4-Empty,389,7.79999971,0,-3.08113217,-1.60406065,-2.03601456,0,0,0,0,1,9,0,0,0,0,0,0
Held-Cluster4-Empty,389,7.79999971,1,-2.70242167,-1.60998213,-4.174385,0,0,0,0,1,9,0,0,0,0,0,0
Held-Cluster4-Empty,389,7.79999971,2,-3.06268716,-1.225648,0.764130235,0,0,0,0,1,6,0,0,0,0,0,0
Held-Cluster4-Empty,389,7.79999971,3,-2.6861546,-1.24010384,-10.9871931,0,0,0,0,1,7,0,0,0,0,0,0
Held-Cluster4-Empty,390,7.81999969,0,-3.08113217,-1.60406065,-2.03601456,0,0,0,0,1,9,0,0,0,0,0,0
Held-Cluster4-Empty,390,7.81999969,1,-2.70242167,-1.60998213,-4.174385,0,0,0,0,1,9,0,0,0,0,0,0
Held-Cluster4-Empty,390,7.81999969,2,-3.06268716,-1.225648,0.764130235,0,0,0,0,1,6,0,0,0,0,0,0
Held-Cluster4-Empty,390,7.81999969,3,-2.6861546,-1.24010384,-10.9871931,0,0,0,0,1,7,0,0,0,0,0,0
Held-Cluster4-Empty,391,7.83999968,0,-3.08113217,-1.60406065,-2.03601456,0,0,0,0,1,9,0,0,0,0,0,0
Held-Cluster4-Empty,391,7.83999968,1,-2.70242167,-1.60998213,-4.174385,0,0,0,0,1,9,0,0,0,0,0,0
Held-Cluster4-Empty,391,7.83999968,2,-3.06268716,-1.225648,0.764130235,0,0,0,0,1,6,0,0,0,0,0,0
Held-Cluster4-Empty,391,7.83999968,3,-2.6861546,-1.24010384,-10.9871931,0,0,0,0,1,7,0,0,0,0,0,0
Held-Cluster4-Empty,392,7.85999966,0,-3.08113217,-1.60406065,-2.03601456,0,0,0,0,1,9,0,0,0,0,0,0
Held-Cluster4-Empty,392,7.85999966,1,-2.70242167,-1.60998213,-4.174385,0,0,0,0,1,9,0,0,0,0,0,0
Held-Cluster4-Empty,392,7.85999966,2,-3.06268716,-1.225648,0.764130235,0,0,0,0,1,6,0,0,0,0,0,0
Held-Cluster4-Empty,392,7.85999966,3,-2.6861546,-1.24010384,-10.9871931,0,0,0,0,1,7,0,0,0,0,0,0
Held-Cluster4-Empty,393,7.87999964,0,-3.08113217,-1.60406065,-2.03601456,0,0,0,0,1,9,0,0,0,0,0,0
Held-Cluster4-Empty,393,7.87999964,1,-2.70242167,-1.60998213,-4.174385,0,0,0,0,1,9,0,0,0,0,0,0
Held-Cluster4-Empty,393,7.87999964,2,-3.06268716,-1.225648,0.764130235,0,0,0,0,1,6,0,0,0,0,0,0
Held-Cluster4-Empty,393,7.87999964,3,-2.6861546,-1.24010384,-10.9871931,0,0,0,0,1,7,0,0,0,0,0,0
Held-Cluster4-Empty,394,7.89999962,0,-3.08113217,-1.60406065,-2.03601456,0,0,0,0,1,9,0,0,0,0,0,0
Held-Cluster4-Empty,394,7.89999962,1,-2.70242167,-1.60998213,-4.174385,0,0,0,0,1,9,0,0,0,0,0,0
Held-Cluster4-Empty,394,7.89999962,2,-3.06268716,-1.225648,0.764130235,0,0,0,0,1,6,0,0,0,0,0,0
Held-Cluster4-Empty,394,7.89999962,3,-2.6861546,-1.24010384,-10.9871931,0,0,0,0,1,7,0,0,0,0,0,0
Held-Cluster4-Empty,395,7.9199996,0,-3.08113217,-1.60406065,-2.03601456,0,0,0,0,1,9,0,0,0,0,0,0
Held-Cluster4-Empty,395,7.9199996,1,-2.70242167,-1.60998213,-4.174385,0,0,0,0,1,9,0,0,0,0,0,0
Held-Cluster4-Empty,395,7.9199996,2,-3.06268716,-1.225648,0.764130235,0,0,0,0,1,6,0,0,0,0,0,0
Held-Cluster4-Empty,395,7.9199996,3,-2.6861546,-1.24010384,-10.9871931,0,0,0,0,1,7,0,0,0,0,0,0
Held-Cluster4-Empty,396,7.94,0,-3.08113217,-1.60406065,-2.03601456,0,0,0,0,1,9,0,0,0,0,0,0
Held-Cluster4-Empty,396,7.94,1,-2.70242167,-1.60998213,-4.174385,0,0,0,0,1,9,0,0,0,0,0,0
Held-Cluster4-Empty,396,7.94,2,-3.06268716,-1.225648,0.764130235,0,0,0,0,1,6,0,0,0,0,0,0
Held-Cluster4-Empty,396,7.94,3,-2.6861546,-1.24010384,-10.9871931,0,0,0,0,1,7,0,0,0,0,0,0
Held-Cluster4-Empty,397,7.96,0,-3.08113217,-1.60406065,-2.03601456,0,0,0,0,1,9,0,0,0,0,0,0
Held-Cluster4-Empty,397,7.96,1,-2.70242167,-1.60998213,-4.174385,0,0,0,0,1,9,0,0,0,0,0,0
Held-Cluster4-Empty,397,7.96,2,-3.06268716,-1.225648,0.764130235,0,0,0,0,1,6,0,0,0,0,0,0
Held-Cluster4-Empty,397,7.96,3,-2.6861546,-1.24010384,-10.9871931,0,0,0,0,1,7,0,0,0,0,0,0
Held-Cluster4-Empty,398,7.98,0,-3.08113217,-1.60406065,-2.03601456,0,0,0,0,1,9,0,0,0,0,0,0
Held-Cluster4-Empty,398,7.98,1,-2.70242167,-1.60998213,-4.174385,0,0,0,0,1,9,0,0,0,0,0,0
Held-Cluster4-Empty,398,7.98,2,-3.06268716,-1.225648,0.764130235,0,0,0,0,1,6,0,0,0,0,0,0
Held-Cluster4-Empty,398,7.98,3,-2.6861546,-1.24010384,-10.9871931,0,0,0,0,1,7,0,0,0,0,0,0
Held-Cluster4-Empty,399,8,0,-3.08113217,-1.60406065,-2.03601456,0,0,0,0,1,9,0,0,0,0,0,0
Held-Cluster4-Empty,399,8,1,-2.70242167,-1.60998213,-4.174385,0,0,0,0,1,9,0,0,0,0,0,0
Held-Cluster4-Empty,399,8,2,-3.06268716,-1.225648,0.764130235,0,0,0,0,1,6,0,0,0,0,0,0
Held-Cluster4-Empty,399,8,3,-2.6861546,-1.24010384,-10.9871931,0,0,0,0,1,7,0,0,0,0,0,0
Held-Cluster4-F,300,6.02,0,-3.08192468,-1.6030823,-1.54285336,0,0,0,0,1,9,38,0.0005021828,0.002207173,0,41,0
Held-Cluster4-F,300,6.02,1,-2.704611,-1.61171126,-3.22533131,0,0,0,0,1,11,38,0.0005021828,0.002207173,0,41,0
Held-Cluster4-F,300,6.02,2,-3.06469631,-1.22584915,0.810088634,0,0,0,0,1,6,38,0.0005021828,0.002207173,0,41,0
Held-Cluster4-F,300,6.02,3,-2.69051,-1.24164772,-10.5225105,0,0,0,0,1,7,38,0.0005021828,0.002207173,0,41,0
Held-Cluster4-F,301,6.04,0,-3.08192468,-1.6030823,-1.54285336,0,0,0,0,1,9,38,0.000415813643,0.00192337262,0,41,0
Held-Cluster4-F,301,6.04,1,-2.704611,-1.61171126,-3.22533131,0,0,0,0,1,11,38,0.000415813643,0.00192337262,0,41,0
Held-Cluster4-F,301,6.04,2,-3.06469631,-1.22584915,0.810088634,0,0,0,0,1,6,38,0.000415813643,0.00192337262,0,41,0
Held-Cluster4-F,301,6.04,3,-2.69051,-1.24164772,-10.5225105,0,0,0,0,1,7,38,0.000415813643,0.00192337262,0,41,0
Held-Cluster4-F,302,6.06,0,-3.08192468,-1.6030823,-1.54285336,0,0,0,0,1,9,38,0.000757016358,0.00370596349,0,41,0
Held-Cluster4-F,302,6.06,1,-2.704611,-1.61171126,-3.22533131,0,0,0,0,1,11,38,0.000757016358,0.00370596349,0,41,0
Held-Cluster4-F,302,6.06,2,-3.06469631,-1.22584915,0.810088634,0,0,0,0,1,6,38,0.000757016358,0.00370596349,0,41,0
Held-Cluster4-F,302,6.06,3,-2.69051,-1.24164772,-10.5225105,0,0,0,0,1,7,38,0.000757016358,0.00370596349,0,41,0
Held-Cluster4-F,303,6.08,0,-3.08192468,-1.6030823,-1.54285336,0,0,0,0,1,9,38,0.000875128258,0.00390670076,0,41,0
Held-Cluster4-F,303,6.08,1,-2.704611,-1.61171126,-3.22533131,0,0,0,0,1,11,38,0.000875128258,0.00390670076,0,41,0
Held-Cluster4-F,303,6.08,2,-3.06469631,-1.22584915,0.810088634,0,0,0,0,1,6,38,0.000875128258,0.00390670076,0,41,0
Held-Cluster4-F,303,6.08,3,-2.69051,-1.24164772,-10.5225105,0,0,0,0,1,7,38,0.000875128258,0.00390670076,0,41,0
Held-Cluster4-F,304,6.1,0,-3.08192468,-1.6030823,-1.54285336,0,0,0,0,1,9,38,0.000743505254,0.00371845346,0,41,0
Held-Cluster4-F,304,6.1,1,-2.704611,-1.61171126,-3.22533131,0,0,0,0,1,11,38,0.000743505254,0.00371845346,0,41,0
Held-Cluster4-F,304,6.1,2,-3.06469631,-1.22584915,0.810088634,0,0,0,0,1,6,38,0.000743505254,0.00371845346,0,41,0
Held-Cluster4-F,304,6.1,3,-2.69051,-1.24164772,-10.5225105,0,0,0,0,1,7,38,0.000743505254,0.00371845346,0,41,0
Held-Cluster4-F,305,6.12,0,-3.08192468,-1.6030823,-1.54285336,0,0,0,0,1,9,38,0.0005132074,0.00226350431,0,41,0
Held-Cluster4-F,305,6.12,1,-2.704611,-1.61171126,-3.22533131,0,0,0,0,1,11,38,0.0005132074,0.00226350431,0,41,0
Held-Cluster4-F,305,6.12,2,-3.06469631,-1.22584915,0.810088634,0,0,0,0,1,6,38,0.0005132074,0.00226350431,0,41,0
Held-Cluster4-F,305,6.12,3,-2.69051,-1.24164772,-10.5225105,0,0,0,0,1,7,38,0.0005132074,0.00226350431,0,41,0
Held-Cluster4-F,306,6.14,0,-3.08192468,-1.6030823,-1.54285336,0,0,0,0,1,9,38,0.0004915083,0.00199401565,0,41,0
Held-Cluster4-F,306,6.14,1,-2.704611,-1.61171126,-3.22533131,0,0,0,0,1,11,38,0.0004915083,0.00199401565,0,41,0
Held-Cluster4-F,306,6.14,2,-3.06469631,-1.22584915,0.810088634,0,0,0,0,1,6,38,0.0004915083,0.00199401565,0,41,0
Held-Cluster4-F,306,6.14,3,-2.69051,-1.24164772,-10.5225105,0,0,0,0,1,7,38,0.0004915083,0.00199401565,0,41,0
Held-Cluster4-F,307,6.16,0,-3.08192468,-1.6030823,-1.54285336,0,0,0,0,1,9,38,0.000792961451,0.004214132,0,41,0
Held-Cluster4-F,307,6.16,1,-2.704611,-1.61171126,-3.22533131,0,0,0,0,1,11,38,0.000792961451,0.004214132,0,41,0
Held-Cluster4-F,307,6.16,2,-3.06469631,-1.22584915,0.810088634,0,0,0,0,1,6,38,0.000792961451,0.004214132,0,41,0
Held-Cluster4-F,307,6.16,3,-2.69051,-1.24164772,-10.5225105,0,0,0,0,1,7,38,0.000792961451,0.004214132,0,41,0
Held-Cluster4-F,308,6.18,0,-3.08192468,-1.6030823,-1.54285336,0,0,0,0,1,9,38,0.00072315085,0.00331843528,0,41,0
Held-Cluster4-F,308,6.18,1,-2.704611,-1.61171126,-3.22533131,0,0,0,0,1,11,38,0.00072315085,0.00331843528,0,41,0
Held-Cluster4-F,308,6.18,2,-3.06469631,-1.22584915,0.810088634,0,0,0,0,1,6,38,0.00072315085,0.00331843528,0,41,0
Held-Cluster4-F,308,6.18,3,-2.69051,-1.24164772,-10.5225105,0,0,0,0,1,7,38,0.00072315085,0.00331843528,0,41,0
Held-Cluster4-F,309,6.2,0,-3.08192468,-1.6030823,-1.54285336,0,0,0,0,1,9,38,0.0009526289,0.00432138424,0,41,0
Held-Cluster4-F,309,6.2,1,-2.704611,-1.61171126,-3.22533131,0,0,0,0,1,11,38,0.0009526289,0.00432138424,0,41,0
Held-Cluster4-F,309,6.2,2,-3.06469631,-1.22584915,0.810088634,0,0,0,0,1,6,38,0.0009526289,0.00432138424,0,41,0
Held-Cluster4-F,309,6.2,3,-2.69051,-1.24164772,-10.5225105,0,0,0,0,1,7,38,0.0009526289,0.00432138424,0,41,0
Held-Cluster4-F,310,6.22,0,-3.08192468,-1.6030823,-1.54285336,0,0,0,0,1,9,38,0.000674858,0.002612228,0,41,0
Held-Cluster4-F,310,6.22,1,-2.704611,-1.61171126,-3.22533131,0,0,0,0,1,11,38,0.000674858,0.002612228,0,41,0
Held-Cluster4-F,310,6.22,2,-3.06469631,-1.22584915,0.810088634,0,0,0,0,1,6,38,0.000674858,0.002612228,0,41,0
Held-Cluster4-F,310,6.22,3,-2.69051,-1.24164772,-10.5225105,0,0,0,0,1,7,38,0.000674858,0.002612228,0,41,0
Held-Cluster4-F,311,6.24,0,-3.08192468,-1.6030823,-1.54285336,0,0,0,0,1,9,38,0.0008886547,0.004625074,0,41,0
Held-Cluster4-F,311,6.24,1,-2.704611,-1.61171126,-3.22533131,0,0,0,0,1,11,38,0.0008886547,0.004625074,0,41,0
Held-Cluster4-F,311,6.24,2,-3.06469631,-1.22584915,0.810088634,0,0,0,0,1,6,38,0.0008886547,0.004625074,0,41,0
Held-Cluster4-F,311,6.24,3,-2.69051,-1.24164772,-10.5225105,0,0,0,0,1,7,38,0.0008886547,0.004625074,0,41,0
Held-Cluster4-F,312,6.25999975,0,-3.08192468,-1.6030823,-1.54285336,0,0,0,0,1,9,38,0.0005208259,0.001894523,0,41,0
Held-Cluster4-F,312,6.25999975,1,-2.704611,-1.61171126,-3.22533131,0,0,0,0,1,11,38,0.0005208259,0.001894523,0,41,0
Held-Cluster4-F,312,6.25999975,2,-3.06469631,-1.22584915,0.810088634,0,0,0,0,1,6,38,0.0005208259,0.001894523,0,41,0
Held-Cluster4-F,312,6.25999975,3,-2.69051,-1.24164772,-10.5225105,0,0,0,0,1,7,38,0.0005208259,0.001894523,0,41,0
Held-Cluster4-F,313,6.27999973,0,-3.08192468,-1.6030823,-1.54285336,0,0,0,0,1,9,38,0.00103357411,0.004336143,0,41,0
Held-Cluster4-F,313,6.27999973,1,-2.704611,-1.61171126,-3.22533131,0,0,0,0,1,11,38,0.00103357411,0.004336143,0,41,0
Held-Cluster4-F,313,6.27999973,2,-3.06469631,-1.22584915,0.810088634,0,0,0,0,1,6,38,0.00103357411,0.004336143,0,41,0
Held-Cluster4-F,313,6.27999973,3,-2.69051,-1.24164772,-10.5225105,0,0,0,0,1,7,38,0.00103357411,0.004336143,0,41,0
Held-Cluster4-F,314,6.29999971,0,-3.08192468,-1.6030823,-1.54285336,0,0,0,0,1,9,38,0.00046107822,0.00217689341,0,41,0
Held-Cluster4-F,314,6.29999971,1,-2.704611,-1.61171126,-3.22533131,0,0,0,0,1,11,38,0.00046107822,0.00217689341,0,41,0
Held-Cluster4-F,314,6.29999971,2,-3.06469631,-1.22584915,0.810088634,0,0,0,0,1,6,38,0.00046107822,0.00217689341,0,41,0
Held-Cluster4-F,314,6.29999971,3,-2.69051,-1.24164772,-10.5225105,0,0,0,0,1,7,38,0.00046107822,0.00217689341,0,41,0
Held-Cluster4-F,315,6.31999969,0,-3.08192468,-1.6030823,-1.54285336,0,0,0,0,1,9,38,0.00110349909,0.00459498772,0,41,0
Held-Cluster4-F,315,6.31999969,1,-2.704611,-1.61171126,-3.22533131,0,0,0,0,1,11,38,0.00110349909,0.00459498772,0,41,0
Held-Cluster4-F,315,6.31999969,2,-3.06469631,-1.22584915,0.810088634,0,0,0,0,1,6,38,0.00110349909,0.00459498772,0,41,0
Held-Cluster4-F,315,6.31999969,3,-2.69051,-1.24164772,-10.5225105,0,0,0,0,1,7,38,0.00110349909,0.00459498772,0,41,0
Held-Cluster4-F,316,6.33999968,0,-3.08192468,-1.6030823,-1.54285336,0,0,0,0,1,9,38,0.000952149043,0.00521952845,0,41,0
Held-Cluster4-F,316,6.33999968,1,-2.704611,-1.61171126,-3.22533131,0,0,0,0,1,11,38,0.000952149043,0.00521952845,0,41,0
Held-Cluster4-F,316,6.33999968,2,-3.06469631,-1.22584915,0.810088634,0,0,0,0,1,6,38,0.000952149043,0.00521952845,0,41,0
Held-Cluster4-F,316,6.33999968,3,-2.69051,-1.24164772,-10.5225105,0,0,0,0,1,7,38,0.000952149043,0.00521952845,0,41,0
Held-Cluster4-F,317,6.35999966,0,-3.08192468,-1.6030823,-1.54285336,0,0,0,0,1,9,38,0.00113242539,0.00466337334,0,41,0
Held-Cluster4-F,317,6.35999966,1,-2.704611,-1.61171126,-3.22533131,0,0,0,0,1,11,38,0.00113242539,0.00466337334,0,41,0
Held-Cluster4-F,317,6.35999966,2,-3.06469631,-1.22584915,0.810088634,0,0,0,0,1,6,38,0.00113242539,0.00466337334,0,41,0
Held-Cluster4-F,317,6.35999966,3,-2.69051,-1.24164772,-10.5225105,0,0,0,0,1,7,38,0.00113242539,0.00466337334,0,41,0
Held-Cluster4-F,318,6.37999964,0,-3.08192468,-1.6030823,-1.54285336,0,0,0,0,1,9,38,0.0005718498,0.00237494521,0,41,0
Held-Cluster4-F,318,6.37999964,1,-2.704611,-1.61171126,-3.22533131,0,0,0,0,1,11,38,0.0005718498,0.00237494521,0,41,0
Held-Cluster4-F,318,6.37999964,2,-3.06469631,-1.22584915,0.810088634,0,0,0,0,1,6,38,0.0005718498,0.00237494521,0,41,0
Held-Cluster4-F,318,6.37999964,3,-2.69051,-1.24164772,-10.5225105,0,0,0,0,1,7,38,0.0005718498,0.00237494521,0,41,0
Held-Cluster4-F,319,6.39999962,0,-3.08192468,-1.6030823,-1.54285336,0,0,0,0,1,9,38,0.000600392348,0.00257693068,0,41,0
Held-Cluster4-F,319,6.39999962,1,-2.704611,-1.61171126,-3.22533131,0,0,0,0,1,11,38,0.000600392348,0.00257693068,0,41,0
Held-Cluster4-F,319,6.39999962,2,-3.06469631,-1.22584915,0.810088634,0,0,0,0,1,6,38,0.000600392348,0.00257693068,0,41,0
Held-Cluster4-F,319,6.39999962,3,-2.69051,-1.24164772,-10.5225105,0,0,0,0,1,7,38,0.000600392348,0.00257693068,0,41,0
Held-Cluster4-F,320,6.42,0,-3.08192468,-1.6030823,-1.54285336,0,0,0,0,1,9,38,0.0005428898,0.00196511578,0,41,0
Held-Cluster4-F,320,6.42,1,-2.704611,-1.61171126,-3.22533131,0,0,0,0,1,11,38,0.0005428898,0.00196511578,0,41,0
Held-Cluster4-F,320,6.42,2,-3.06469631,-1.22584915,0.810088634,0,0,0,0,1,6,38,0.0005428898,0.00196511578,0,41,0
Held-Cluster4-F,320,6.42,3,-2.69051,-1.24164772,-10.5225105,0,0,0,0,1,7,38,0.0005428898,0.00196511578,0,41,0
Held-Cluster4-F,321,6.44,0,-3.08192468,-1.6030823,-1.54285336,0,0,0,0,1,9,38,0.0006336037,0.00303871767,0,41,0
Held-Cluster4-F,321,6.44,1,-2.704611,-1.61171126,-3.22533131,0,0,0,0,1,11,38,0.0006336037,0.00303871767,0,41,0
Held-Cluster4-F,321,6.44,2,-3.06469631,-1.22584915,0.810088634,0,0,0,0,1,6,38,0.0006336037,0.00303871767,0,41,0
Held-Cluster4-F,321,6.44,3,-2.69051,-1.24164772,-10.5225105,0,0,0,0,1,7,38,0.0006336037,0.00303871767,0,41,0
Held-Cluster4-F,322,6.46,0,-3.08192468,-1.6030823,-1.54285336,0,0,0,0,1,9,38,0.000934251933,0.00386713631,0,41,0
Held-Cluster4-F,322,6.46,1,-2.704611,-1.61171126,-3.22533131,0,0,0,0,1,11,38,0.000934251933,0.00386713631,0,41,0
Held-Cluster4-F,322,6.46,2,-3.06469631,-1.22584915,0.810088634,0,0,0,0,1,6,38,0.000934251933,0.00386713631,0,41,0
Held-Cluster4-F,322,6.46,3,-2.69051,-1.24164772,-10.5225105,0,0,0,0,1,7,38,0.000934251933,0.00386713631,0,41,0
Held-Cluster4-F,323,6.48,0,-3.08192468,-1.6030823,-1.54285336,0,0,0,0,1,9,38,0.000509686943,0.00232492946,0,41,0
Held-Cluster4-F,323,6.48,1,-2.704611,-1.61171126,-3.22533131,0,0,0,0,1,11,38,0.000509686943,0.00232492946,0,41,0
Held-Cluster4-F,323,6.48,2,-3.06469631,-1.22584915,0.810088634,0,0,0,0,1,6,38,0.000509686943,0.00232492946,0,41,0
Held-Cluster4-F,323,6.48,3,-2.69051,-1.24164772,-10.5225105,0,0,0,0,1,7,38,0.000509686943,0.00232492946,0,41,0
Held-Cluster4-F,324,6.5,0,-3.08192468,-1.6030823,-1.54285336,0,0,0,0,1,9,38,0.0004335282,0.00298705231,0,41,0
Held-Cluster4-F,324,6.5,1,-2.704611,-1.61171126,-3.22533131,0,0,0,0,1,11,38,0.0004335282,0.00298705231,0,41,0
Held-Cluster4-F,324,6.5,2,-3.06469631,-1.22584915,0.810088634,0,0,0,0,1,6,38,0.0004335282,0.00298705231,0,41,0
Held-Cluster4-F,324,6.5,3,-2.69051,-1.24164772,-10.5225105,0,0,0,0,1,7,38,0.0004335282,0.00298705231,0,41,0
Held-Cluster4-F,325,6.52,0,-3.08192468,-1.6030823,-1.54285336,0,0,0,0,1,9,38,0.000448096864,0.001552889,0,41,0
Held-Cluster4-F,325,6.52,1,-2.704611,-1.61171126,-3.22533131,0,0,0,0,1,11,38,0.000448096864,0.001552889,0,41,0
Held-Cluster4-F,325,6.52,2,-3.06469631,-1.22584915,0.810088634,0,0,0,0,1,6,38,0.000448096864,0.001552889,0,41,0
Held-Cluster4-F,325,6.52,3,-2.69051,-1.24164772,-10.5225105,0,0,0,0,1,7,38,0.000448096864,0.001552889,0,41,0
Held-Cluster4-F,326,6.54,0,-3.08192468,-1.6030823,-1.54285336,0,0,0,0,1,9,38,0.000443283818,0.002871317,0,41,0
Held-Cluster4-F,326,6.54,1,-2.704611,-1.61171126,-3.22533131,0,0,0,0,1,11,38,0.000443283818,0.002871317,0,41,0
Held-Cluster4-F,326,6.54,2,-3.06469631,-1.22584915,0.810088634,0,0,0,0,1,6,38,0.000443283818,0.002871317,0,41,0
Held-Cluster4-F,326,6.54,3,-2.69051,-1.24164772,-10.5225105,0,0,0,0,1,7,38,0.000443283818,0.002871317,0,41,0
Held-Cluster4-F,327,6.56,0,-3.08192468,-1.6030823,-1.54285336,0,0,0,0,1,9,38,0.000782891759,0.00360080041,0,41,0
Held-Cluster4-F,327,6.56,1,-2.704611,-1.61171126,-3.22533131,0,0,0,0,1,11,38,0.000782891759,0.00360080041,0,41,0
Held-Cluster4-F,327,6.56,2,-3.06469631,-1.22584915,0.810088634,0,0,0,0,1,6,38,0.000782891759,0.00360080041,0,41,0
Held-Cluster4-F,327,6.56,3,-2.69051,-1.24164772,-10.5225105,0,0,0,0,1,7,38,0.000782891759,0.00360080041,0,41,0
Held-Cluster4-F,328,6.58,0,-3.08192468,-1.6030823,-1.54285336,0,0,0,0,1,9,38,0.000377388,0.002021513,0,41,0
Held-Cluster4-F,328,6.58,1,-2.704611,-1.61171126,-3.22533131,0,0,0,0,1,11,38,0.000377388,0.002021513,0,41,0
Held-Cluster4-F,328,6.58,2,-3.06469631,-1.22584915,0.810088634,0,0,0,0,1,6,38,0.000377388,0.002021513,0,41,0
Held-Cluster4-F,328,6.58,3,-2.69051,-1.24164772,-10.5225105,0,0,0,0,1,7,38,0.000377388,0.002021513,0,41,0
Held-Cluster4-F,329,6.6,0,-3.08192468,-1.6030823,-1.54285336,0,0,0,0,1,9,38,0.0005853634,0.00239270413,0,41,0
Held-Cluster4-F,329,6.6,1,-2.704611,-1.61171126,-3.22533131,0,0,0,0,1,11,38,0.0005853634,0.00239270413,0,41,0
Held-Cluster4-F,329,6.6,2,-3.06469631,-1.22584915,0.810088634,0,0,0,0,1,6,38,0.0005853634,0.00239270413,0,41,0
Held-Cluster4-F,329,6.6,3,-2.69051,-1.24164772,-10.5225105,0,0,0,0,1,7,38,0.0005853634,0.00239270413,0,41,0
Held-Cluster4-F,330,6.62,0,-3.08192468,-1.6030823,-1.54285336,0,0,0,0,1,9,38,0.0007514953,0.00363608543,0,41,0
Held-Cluster4-F,330,6.62,1,-2.704611,-1.61171126,-3.22533131,0,0,0,0,1,11,38,0.0007514953,0.00363608543,0,41,0
Held-Cluster4-F,330,6.62,2,-3.06469631,-1.22584915,0.810088634,0,0,0,0,1,6,38,0.0007514953,0.00363608543,0,41,0
Held-Cluster4-F,330,6.62,3,-2.69051,-1.24164772,-10.5225105,0,0,0,0,1,7,38,0.0007514953,0.00363608543,0,41,0
Held-Cluster4-F,331,6.64,0,-3.08192468,-1.6030823,-1.54285336,0,0,0,0,1,9,38,0.0009772405,0.00431849062,0,41,0
Held-Cluster4-F,331,6.64,1,-2.704611,-1.61171126,-3.22533131,0,0,0,0,1,11,38,0.0009772405,0.00431849062,0,41,0
Held-Cluster4-F,331,6.64,2,-3.06469631,-1.22584915,0.810088634,0,0,0,0,1,6,38,0.0009772405,0.00431849062,0,41,0
Held-Cluster4-F,331,6.64,3,-2.69051,-1.24164772,-10.5225105,0,0,0,0,1,7,38,0.0009772405,0.00431849062,0,41,0
Held-Cluster4-F,332,6.66,0,-3.08192468,-1.6030823,-1.54285336,0,0,0,0,1,9,38,0.0004915403,0.00182966411,0,41,0
Held-Cluster4-F,332,6.66,1,-2.704611,-1.61171126,-3.22533131,0,0,0,0,1,11,38,0.0004915403,0.00182966411,0,41,0
Held-Cluster4-F,332,6.66,2,-3.06469631,-1.22584915,0.810088634,0,0,0,0,1,6,38,0.0004915403,0.00182966411,0,41,0
Held-Cluster4-F,332,6.66,3,-2.69051,-1.24164772,-10.5225105,0,0,0,0,1,7,38,0.0004915403,0.00182966411,0,41,0
Held-Cluster4-F,333,6.68,0,-3.08192468,-1.6030823,-1.54285336,0,0,0,0,1,9,38,0.00107361178,0.00513241952,0,41,0
Held-Cluster4-F,333,6.68,1,-2.704611,-1.61171126,-3.22533131,0,0,0,0,1,11,38,0.00107361178,0.00513241952,0,41,0
Held-Cluster4-F,333,6.68,2,-3.06469631,-1.22584915,0.810088634,0,0,0,0,1,6,38,0.00107361178,0.00513241952,0,41,0
Held-Cluster4-F,333,6.68,3,-2.69051,-1.24164772,-10.5225105,0,0,0,0,1,7,38,0.00107361178,0.00513241952,0,41,0
Held-Cluster4-F,334,6.7,0,-3.08192468,-1.6030823,-1.54285336,0,0,0,0,1,9,38,0.00100816216,0.004330256,0,41,0
Held-Cluster4-F,334,6.7,1,-2.704611,-1.61171126,-3.22533131,0,0,0,0,1,11,38,0.00100816216,0.004330256,0,41,0
Held-Cluster4-F,334,6.7,2,-3.06469631,-1.22584915,0.810088634,0,0,0,0,1,6,38,0.00100816216,0.004330256,0,41,0
Held-Cluster4-F,334,6.7,3,-2.69051,-1.24164772,-10.5225105,0,0,0,0,1,7,38,0.00100816216,0.004330256,0,41,0
Held-Cluster4-F,335,6.72,0,-3.08192468,-1.6030823,-1.54285336,0,0,0,0,1,9,38,0.000510990969,0.00257595815,0,41,0
Held-Cluster4-F,335,6.72,1,-2.704611,-1.61171126,-3.22533131,0,0,0,0,1,11,38,0.000510990969,0.00257595815,0,41,0
Held-Cluster4-F,335,6.72,2,-3.06469631,-1.22584915,0.810088634,0,0,0,0,1,6,38,0.000510990969,0.00257595815,0,41,0
Held-Cluster4-F,335,6.72,3,-2.69051,-1.24164772,-10.5225105,0,0,0,0,1,7,38,0.000510990969,0.00257595815,0,41,0
Held-Cluster4-F,336,6.74,0,-3.08192468,-1.6030823,-1.54285336,0,0,0,0,1,9,38,0.000471466716,0.00229888828,0,41,0
Held-Cluster4-F,336,6.74,1,-2.704611,-1.61171126,-3.22533131,0,0,0,0,1,11,38,0.000471466716,0.00229888828,0,41,0
Held-Cluster4-F,336,6.74,2,-3.06469631,-1.22584915,0.810088634,0,0,0,0,1,6,38,0.000471466716,0.00229888828,0,41,0
Held-Cluster4-F,336,6.74,3,-2.69051,-1.24164772,-10.5225105,0,0,0,0,1,7,38,0.000471466716,0.00229888828,0,41,0
Held-Cluster4-F,337,6.75999975,0,-3.08192468,-1.6030823,-1.54285336,0,0,0,0,1,9,38,0.0007773265,0.00327673,0,41,0
Held-Cluster4-F,337,6.75999975,1,-2.704611,-1.61171126,-3.22533131,0,0,0,0,1,11,38,0.0007773265,0.00327673,0,41,0
Held-Cluster4-F,337,6.75999975,2,-3.06469631,-1.22584915,0.810088634,0,0,0,0,1,6,38,0.0007773265,0.00327673,0,41,0
Held-Cluster4-F,337,6.75999975,3,-2.69051,-1.24164772,-10.5225105,0,0,0,0,1,7,38,0.0007773265,0.00327673,0,41,0
Held-Cluster4-F,338,6.77999973,0,-3.08192468,-1.6030823,-1.54285336,0,0,0,0,1,9,38,0.0009929661,0.00389132276,0,41,0
Held-Cluster4-F,338,6.77999973,1,-2.704611,-1.61171126,-3.22533131,0,0,0,0,1,11,38,0.0009929661,0.00389132276,0,41,0
Held-Cluster4-F,338,6.77999973,2,-3.06469631,-1.22584915,0.810088634,0,0,0,0,1,6,38,0.0009929661,0.00389132276,0,41,0
Held-Cluster4-F,338,6.77999973,3,-2.69051,-1.24164772,-10.5225105,0,0,0,0,1,7,38,0.0009929661,0.00389132276,0,41,0
Held-Cluster4-F,339,6.79999971,0,-3.08192468,-1.6030823,-1.54285336,0,0,0,0,1,9,38,0.000529420038,0.00216513,0,41,0
Held-Cluster4-F,339,6.79999971,1,-2.704611,-1.61171126,-3.22533131,0,0,0,0,1,11,38,0.000529420038,0.00216513,0,41,0
Held-Cluster4-F,339,6.79999971,2,-3.06469631,-1.22584915,0.810088634,0,0,0,0,1,6,38,0.000529420038,0.00216513,0,41,0
Held-Cluster4-F,339,6.79999971,3,-2.69051,-1.24164772,-10.5225105,0,0,0,0,1,7,38,0.000529420038,0.00216513,0,41,0
Held-Cluster4-F,340,6.81999969,0,-3.08192468,-1.6030823,-1.54285336,0,0,0,0,1,9,38,0.0006131012,0.003445683,0,41,0
Held-Cluster4-F,340,6.81999969,1,-2.704611,-1.61171126,-3.22533131,0,0,0,0,1,11,38,0.0006131012,0.003445683,0,41,0
Held-Cluster4-F,340,6.81999969,2,-3.06469631,-1.22584915,0.810088634,0,0,0,0,1,6,38,0.0006131012,0.003445683,0,41,0
Held-Cluster4-F,340,6.81999969,3,-2.69051,-1.24164772,-10.5225105,0,0,0,0,1,7,38,0.0006131012,0.003445683,0,41,0
Held-Cluster4-F,341,6.83999968,0,-3.08192468,-1.6030823,-1.54285336,0,0,0,0,1,9,38,0.00102265354,0.004562024,0,41,0
Held-Cluster4-F,341,6.83999968,1,-2.704611,-1.61171126,-3.22533131,0,0,0,0,1,11,38,0.00102265354,0.004562024,0,41,0
Held-Cluster4-F,341,6.83999968,2,-3.06469631,-1.22584915,0.810088634,0,0,0,0,1,6,38,0.00102265354,0.004562024,0,41,0
Held-Cluster4-F,341,6.83999968,3,-2.69051,-1.24164772,-10.5225105,0,0,0,0,1,7,38,0.00102265354,0.004562024,0,41,0
Held-Cluster4-F,342,6.85999966,0,-3.08192468,-1.6030823,-1.54285336,0,0,0,0,1,9,38,0.000455061818,0.00185178546,0,41,0
Held-Cluster4-F,342,6.85999966,1,-2.704611,-1.61171126,-3.22533131,0,0,0,0,1,11,38,0.000455061818,0.00185178546,0,41,0
Held-Cluster4-F,342,6.85999966,2,-3.06469631,-1.22584915,0.810088634,0,0,0,0,1,6,38,0.000455061818,0.00185178546,0,41,0
Held-Cluster4-F,342,6.85999966,3,-2.69051,-1.24164772,-10.5225105,0,0,0,0,1,7,38,0.000455061818,0.00185178546,0,41,0
Held-Cluster4-F,343,6.87999964,0,-3.08192468,-1.6030823,-1.54285336,0,0,0,0,1,9,38,0.0009929371,0.00483369641,0,41,0
Held-Cluster4-F,343,6.87999964,1,-2.704611,-1.61171126,-3.22533131,0,0,0,0,1,11,38,0.0009929371,0.00483369641,0,41,0
Held-Cluster4-F,343,6.87999964,2,-3.06469631,-1.22584915,0.810088634,0,0,0,0,1,6,38,0.0009929371,0.00483369641,0,41,0
Held-Cluster4-F,343,6.87999964,3,-2.69051,-1.24164772,-10.5225105,0,0,0,0,1,7,38,0.0009929371,0.00483369641,0,41,0
Held-Cluster4-F,344,6.89999962,0,-3.08192468,-1.6030823,-1.54285336,0,0,0,0,1,9,38,0.00107246567,0.004418502,0,41,0
Held-Cluster4-F,344,6.89999962,1,-2.704611,-1.61171126,-3.22533131,0,0,0,0,1,11,38,0.00107246567,0.004418502,0,41,0
Held-Cluster4-F,344,6.89999962,2,-3.06469631,-1.22584915,0.810088634,0,0,0,0,1,6,38,0.00107246567,0.004418502,0,41,0
Held-Cluster4-F,344,6.89999962,3,-2.69051,-1.24164772,-10.5225105,0,0,0,0,1,7,38,0.00107246567,0.004418502,0,41,0
Held-Cluster4-F,345,6.92,0,-3.08192468,-1.6030823,-1.54285336,0,0,0,0,1,9,38,0.000663793355,0.00262398,0,41,0
Held-Cluster4-F,345,6.92,1,-2.704611,-1.61171126,-3.22533131,0,0,0,0,1,11,38,0.000663793355,0.00262398,0,41,0
Held-Cluster4-F,345,6.92,2,-3.06469631,-1.22584915,0.810088634,0,0,0,0,1,6,38,0.000663793355,0.00262398,0,41,0
Held-Cluster4-F,345,6.92,3,-2.69051,-1.24164772,-10.5225105,0,0,0,0,1,7,38,0.000663793355,0.00262398,0,41,0
Held-Cluster4-F,346,6.94,0,-3.08192468,-1.6030823,-1.54285336,0,0,0,0,1,9,38,0.00103703025,0.004127834,0,41,0
Held-Cluster4-F,346,6.94,1,-2.704611,-1.61171126,-3.22533131,0,0,0,0,1,11,38,0.00103703025,0.004127834,0,41,0
Held-Cluster4-F,346,6.94,2,-3.06469631,-1.22584915,0.810088634,0,0,0,0,1,6,38,0.00103703025,0.004127834,0,41,0
Held-Cluster4-F,346,6.94,3,-2.69051,-1.24164772,-10.5225105,0,0,0,0,1,7,38,0.00103703025,0.004127834,0,41,0
Held-Cluster4-F,347,6.96,0,-3.08192468,-1.6030823,-1.54285336,0,0,0,0,1,9,38,0.000584891648,0.00254822616,0,41,0
Held-Cluster4-F,347,6.96,1,-2.704611,-1.61171126,-3.22533131,0,0,0,0,1,11,38,0.000584891648,0.00254822616,0,41,0
Held-Cluster4-F,347,6.96,2,-3.06469631,-1.22584915,0.810088634,0,0,0,0,1,6,38,0.000584891648,0.00254822616,0,41,0
Held-Cluster4-F,347,6.96,3,-2.69051,-1.24164772,-10.5225105,0,0,0,0,1,7,38,0.000584891648,0.00254822616,0,41,0
Held-Cluster4-F,348,6.98,0,-3.08192468,-1.6030823,-1.54285336,0,0,0,0,1,9,38,0.000841403962,0.00353755057,0,41,0
Held-Cluster4-F,348,6.98,1,-2.704611,-1.61171126,-3.22533131,0,0,0,0,1,11,38,0.000841403962,0.00353755057,0,41,0
Held-Cluster4-F,348,6.98,2,-3.06469631,-1.22584915,0.810088634,0,0,0,0,1,6,38,0.000841403962,0.00353755057,0,41,0
Held-Cluster4-F,348,6.98,3,-2.69051,-1.24164772,-10.5225105,0,0,0,0,1,7,38,0.000841403962,0.00353755057,0,41,0
Held-Cluster4-F,349,7,0,-3.08192468,-1.6030823,-1.54285336,0,0,0,0,1,9,38,0.0008469416,0.00360080041,0,41,0
Held-Cluster4-F,349,7,1,-2.704611,-1.61171126,-3.22533131,0,0,0,0,1,11,38,0.0008469416,0.00360080041,0,41,0
Held-Cluster4-F,349,7,2,-3.06469631,-1.22584915,0.810088634,0,0,0,0,1,6,38,0.0008469416,0.00360080041,0,41,0
Held-Cluster4-F,349,7,3,-2.69051,-1.24164772,-10.5225105,0,0,0,0,1,7,38,0.0008469416,0.00360080041,0,41,0
Held-Cluster4-F,350,7.02,0,-3.08192468,-1.6030823,-1.54285336,0,0,0,0,1,9,38,0.000424202444,0.00145032082,0,41,0
Held-Cluster4-F,350,7.02,1,-2.704611,-1.61171126,-3.22533131,0,0,0,0,1,11,38,0.000424202444,0.00145032082,0,41,0
Held-Cluster4-F,350,7.02,2,-3.06469631,-1.22584915,0.810088634,0,0,0,0,1,6,38,0.000424202444,0.00145032082,0,41,0
Held-Cluster4-F,350,7.02,3,-2.69051,-1.24164772,-10.5225105,0,0,0,0,1,7,38,0.000424202444,0.00145032082,0,41,0
Held-Cluster4-F,351,7.04,0,-3.08192468,-1.6030823,-1.54285336,0,0,0,0,1,9,38,0.000524450268,0.001960464,0,41,0
Held-Cluster4-F,351,7.04,1,-2.704611,-1.61171126,-3.22533131,0,0,0,0,1,11,38,0.000524450268,0.001960464,0,41,0
Held-Cluster4-F,351,7.04,2,-3.06469631,-1.22584915,0.810088634,0,0,0,0,1,6,38,0.000524450268,0.001960464,0,41,0
Held-Cluster4-F,351,7.04,3,-2.69051,-1.24164772,-10.5225105,0,0,0,0,1,7,38,0.000524450268,0.001960464,0,41,0
Held-Cluster4-F,352,7.06,0,-3.08192468,-1.6030823,-1.54285336,0,0,0,0,1,9,38,0.000941951,0.004716569,0,41,0
Held-Cluster4-F,352,7.06,1,-2.704611,-1.61171126,-3.22533131,0,0,0,0,1,11,38,0.000941951,0.004716569,0,41,0
Held-Cluster4-F,352,7.06,2,-3.06469631,-1.22584915,0.810088634,0,0,0,0,1,6,38,0.000941951,0.004716569,0,41,0
Held-Cluster4-F,352,7.06,3,-2.69051,-1.24164772,-10.5225105,0,0,0,0,1,7,38,0.000941951,0.004716569,0,41,0
Held-Cluster4-F,353,7.08,0,-3.08192468,-1.6030823,-1.54285336,0,0,0,0,1,9,38,0.0005060101,0.00238279486,0,41,0
Held-Cluster4-F,353,7.08,1,-2.704611,-1.61171126,-3.22533131,0,0,0,0,1,11,38,0.0005060101,0.00238279486,0,41,0
Held-Cluster4-F,353,7.08,2,-3.06469631,-1.22584915,0.810088634,0,0,0,0,1,6,38,0.0005060101,0.00238279486,0,41,0
Held-Cluster4-F,353,7.08,3,-2.69051,-1.24164772,-10.5225105,0,0,0,0,1,7,38,0.0005060101,0.00238279486,0,41,0
Held-Cluster4-F,354,7.1,0,-3.08192468,-1.6030823,-1.54285336,0,0,0,0,1,9,38,0.00114538928,0.004811234,0,41,0
Held-Cluster4-F,354,7.1,1,-2.704611,-1.61171126,-3.22533131,0,0,0,0,1,11,38,0.00114538928,0.004811234,0,41,0
Held-Cluster4-F,354,7.1,2,-3.06469631,-1.22584915,0.810088634,0,0,0,0,1,6,38,0.00114538928,0.004811234,0,41,0
Held-Cluster4-F,354,7.1,3,-2.69051,-1.24164772,-10.5225105,0,0,0,0,1,7,38,0.00114538928,0.004811234,0,41,0
Held-Cluster4-F,355,7.12,0,-3.08192468,-1.6030823,-1.54285336,0,0,0,0,1,9,38,0.001082157,0.00435572444,0,41,0
Held-Cluster4-F,355,7.12,1,-2.704611,-1.61171126,-3.22533131,0,0,0,0,1,11,38,0.001082157,0.00435572444,0,41,0
Held-Cluster4-F,355,7.12,2,-3.06469631,-1.22584915,0.810088634,0,0,0,0,1,6,38,0.001082157,0.00435572444,0,41,0
Held-Cluster4-F,355,7.12,3,-2.69051,-1.24164772,-10.5225105,0,0,0,0,1,7,38,0.001082157,0.00435572444,0,41,0
Held-Cluster4-F,356,7.14,0,-3.08192468,-1.6030823,-1.54285336,0,0,0,0,1,9,38,0.0005722129,0.002956952,0,41,0
Held-Cluster4-F,356,7.14,1,-2.704611,-1.61171126,-3.22533131,0,0,0,0,1,11,38,0.0005722129,0.002956952,0,41,0
Held-Cluster4-F,356,7.14,2,-3.06469631,-1.22584915,0.810088634,0,0,0,0,1,6,38,0.0005722129,0.002956952,0,41,0
Held-Cluster4-F,356,7.14,3,-2.69051,-1.24164772,-10.5225105,0,0,0,0,1,7,38,0.0005722129,0.002956952,0,41,0
Held-Cluster4-F,357,7.16,0,-3.08192468,-1.6030823,-1.54285336,0,0,0,0,1,9,38,0.00106547936,0.0049426374,0,41,0
Held-Cluster4-F,357,7.16,1,-2.704611,-1.61171126,-3.22533131,0,0,0,0,1,11,38,0.00106547936,0.0049426374,0,41,0
Held-Cluster4-F,357,7.16,2,-3.06469631,-1.22584915,0.810088634,0,0,0,0,1,6,38,0.00106547936,0.0049426374,0,41,0
Held-Cluster4-F,357,7.16,3,-2.69051,-1.24164772,-10.5225105,0,0,0,0,1,7,38,0.00106547936,0.0049426374,0,41,0
Held-Cluster4-F,358,7.18,0,-3.08192468,-1.6030823,-1.54285336,0,0,0,0,1,9,38,0.000864819158,0.00409494666,0,41,0
Held-Cluster4-F,358,7.18,1,-2.704611,-1.61171126,-3.22533131,0,0,0,0,1,11,38,0.000864819158,0.00409494666,0,41,0
Held-Cluster4-F,358,7.18,2,-3.06469631,-1.22584915,0.810088634,0,0,0,0,1,6,38,0.000864819158,0.00409494666,0,41,0
Held-Cluster4-F,358,7.18,3,-2.69051,-1.24164772,-10.5225105,0,0,0,0,1,7,38,0.000864819158,0.00409494666,0,41,0
Held-Cluster4-F,359,7.2,0,-3.08192468,-1.6030823,-1.54285336,0,0,0,0,1,9,38,0.0007500862,0.00303577026,0,41,0
Held-Cluster4-F,359,7.2,1,-2.704611,-1.61171126,-3.22533131,0,0,0,0,1,11,38,0.0007500862,0.00303577026,0,41,0
Held-Cluster4-F,359,7.2,2,-3.06469631,-1.22584915,0.810088634,0,0,0,0,1,6,38,0.0007500862,0.00303577026,0,41,0
Held-Cluster4-F,359,7.2,3,-2.69051,-1.24164772,-10.5225105,0,0,0,0,1,7,38,0.0007500862,0.00303577026,0,41,0
Held-Cluster4-F,360,7.22,0,-3.08192468,-1.6030823,-1.54285336,0,0,0,0,1,9,38,0.0009465397,0.00374786672,0,41,0
Held-Cluster4-F,360,7.22,1,-2.704611,-1.61171126,-3.22533131,0,0,0,0,1,11,38,0.0009465397,0.00374786672,0,41,0
Held-Cluster4-F,360,7.22,2,-3.06469631,-1.22584915,0.810088634,0,0,0,0,1,6,38,0.0009465397,0.00374786672,0,41,0
Held-Cluster4-F,360,7.22,3,-2.69051,-1.24164772,-10.5225105,0,0,0,0,1,7,38,0.0009465397,0.00374786672,0,41,0
Held-Cluster4-F,361,7.24,0,-3.08192468,-1.6030823,-1.54285336,0,0,0,0,1,9,38,0.0009044908,0.00403052568,0,41,0
Held-Cluster4-F,361,7.24,1,-2.704611,-1.61171126,-3.22533131,0,0,0,0,1,11,38,0.0009044908,0.00403052568,0,41,0
Held-Cluster4-F,361,7.24,2,-3.06469631,-1.22584915,0.810088634,0,0,0,0,1,6,38,0.0009044908,0.00403052568,0,41,0
Held-Cluster4-F,361,7.24,3,-2.69051,-1.24164772,-10.5225105,0,0,0,0,1,7,38,0.0009044908,0.00403052568,0,41,0
Held-Cluster4-F,362,7.25999975,0,-3.08192468,-1.6030823,-1.54285336,0,0,0,0,1,9,38,0.000494512729,0.002608721,0,41,0
Held-Cluster4-F,362,7.25999975,1,-2.704611,-1.61171126,-3.22533131,0,0,0,0,1,11,38,0.000494512729,0.002608721,0,41,0
Held-Cluster4-F,362,7.25999975,2,-3.06469631,-1.22584915,0.810088634,0,0,0,0,1,6,38,0.000494512729,0.002608721,0,41,0
Held-Cluster4-F,362,7.25999975,3,-2.69051,-1.24164772,-10.5225105,0,0,0,0,1,7,38,0.000494512729,0.002608721,0,41,0
Held-Cluster4-F,363,7.27999973,0,-3.08192468,-1.6030823,-1.54285336,0,0,0,0,1,9,38,0.000465095829,0.00190614536,0,41,0
Held-Cluster4-F,363,7.27999973,1,-2.704611,-1.61171126,-3.22533131,0,0,0,0,1,11,38,0.000465095829,0.00190614536,0,41,0
Held-Cluster4-F,363,7.27999973,2,-3.06469631,-1.22584915,0.810088634,0,0,0,0,1,6,38,0.000465095829,0.00190614536,0,41,0
Held-Cluster4-F,363,7.27999973,3,-2.69051,-1.24164772,-10.5225105,0,0,0,0,1,7,38,0.000465095829,0.00190614536,0,41,0
Held-Cluster4-F,364,7.29999971,0,-3.08192468,-1.6030823,-1.54285336,0,0,0,0,1,9,38,0.0009857495,0.00427143229,0,41,0
Held-Cluster4-F,364,7.29999971,1,-2.704611,-1.61171126,-3.22533131,0,0,0,0,1,11,38,0.0009857495,0.00427143229,0,41,0
Held-Cluster4-F,364,7.29999971,2,-3.06469631,-1.22584915,0.810088634,0,0,0,0,1,6,38,0.0009857495,0.00427143229,0,41,0
Held-Cluster4-F,364,7.29999971,3,-2.69051,-1.24164772,-10.5225105,0,0,0,0,1,7,38,0.0009857495,0.00427143229,0,41,0
Held-Cluster4-F,365,7.31999969,0,-3.08192468,-1.6030823,-1.54285336,0,0,0,0,1,9,38,0.000476792018,0.0019134602,0,41,0
Held-Cluster4-F,365,7.31999969,1,-2.704611,-1.61171126,-3.22533131,0,0,0,0,1,11,38,0.000476792018,0.0019134602,0,41,0
Held-Cluster4-F,365,7.31999969,2,-3.06469631,-1.22584915,0.810088634,0,0,0,0,1,6,38,0.000476792018,0.0019134602,0,41,0
Held-Cluster4-F,365,7.31999969,3,-2.69051,-1.24164772,-10.5225105,0,0,0,0,1,7,38,0.000476792018,0.0019134602,0,41,0
Held-Cluster4-F,366,7.33999968,0,-3.08192468,-1.6030823,-1.54285336,0,0,0,0,1,9,38,0.0006157132,0.00313251349,0,41,0
Held-Cluster4-F,366,7.33999968,1,-2.704611,-1.61171126,-3.22533131,0,0,0,0,1,11,38,0.0006157132,0.00313251349,0,41,0
Held-Cluster4-F,366,7.33999968,2,-3.06469631,-1.22584915,0.810088634,0,0,0,0,1,6,38,0.0006157132,0.00313251349,0,41,0
Held-Cluster4-F,366,7.33999968,3,-2.69051,-1.24164772,-10.5225105,0,0,0,0,1,7,38,0.0006157132,0.00313251349,0,41,0
Held-Cluster4-F,367,7.35999966,0,-3.08192468,-1.6030823,-1.54285336,0,0,0,0,1,9,38,0.00102691236,0.004453237,0,41,0
Held-Cluster4-F,367,7.35999966,1,-2.704611,-1.61171126,-3.22533131,0,0,0,0,1,11,38,0.00102691236,0.004453237,0,41,0
Held-Cluster4-F,367,7.35999966,2,-3.06469631,-1.22584915,0.810088634,0,0,0,0,1,6,38,0.00102691236,0.004453237,0,41,0
Held-Cluster4-F,367,7.35999966,3,-2.69051,-1.24164772,-10.5225105,0,0,0,0,1,7,38,0.00102691236,0.004453237,0,41,0
Held-Cluster4-F,368,7.37999964,0,-3.08192468,-1.6030823,-1.54285336,0,0,0,0,1,9,38,0.0005848768,0.00263067125,0,41,0
Held-Cluster4-F,368,7.37999964,1,-2.704611,-1.61171126,-3.22533131,0,0,0,0,1,11,38,0.0005848768,0.00263067125,0,41,0
Held-Cluster4-F,368,7.37999964,2,-3.06469631,-1.22584915,0.810088634,0,0,0,0,1,6,38,0.0005848768,0.00263067125,0,41,0
Held-Cluster4-F,368,7.37999964,3,-2.69051,-1.24164772,-10.5225105,0,0,0,0,1,7,38,0.0005848768,0.00263067125,0,41,0
Held-Cluster4-F,369,7.39999962,0,-3.08192468,-1.6030823,-1.54285336,0,0,0,0,1,9,38,0.00104652008,0.00519643258,0,41,0
Held-Cluster4-F,369,7.39999962,1,-2.704611,-1.61171126,-3.22533131,0,0,0,0,1,11,38,0.00104652008,0.00519643258,0,41,0
Held-Cluster4-F,369,7.39999962,2,-3.06469631,-1.22584915,0.810088634,0,0,0,0,1,6,38,0.00104652008,0.00519643258,0,41,0
Held-Cluster4-F,369,7.39999962,3,-2.69051,-1.24164772,-10.5225105,0,0,0,0,1,7,38,0.00104652008,0.00519643258,0,41,0
Held-Cluster4-F,370,7.4199996,0,-3.08192468,-1.6030823,-1.54285336,0,0,0,0,1,9,38,0.0009530817,0.004659688,0,41,0
Held-Cluster4-F,370,7.4199996,1,-2.704611,-1.61171126,-3.22533131,0,0,0,0,1,11,38,0.0009530817,0.004659688,0,41,0
Held-Cluster4-F,370,7.4199996,2,-3.06469631,-1.22584915,0.810088634,0,0,0,0,1,6,38,0.0009530817,0.004659688,0,41,0
Held-Cluster4-F,370,7.4199996,3,-2.69051,-1.24164772,-10.5225105,0,0,0,0,1,7,38,0.0009530817,0.004659688,0,41,0
Held-Cluster4-F,371,7.44,0,-3.08192468,-1.6030823,-1.54285336,0,0,0,0,1,9,38,0.000414463575,0.00233300263,0,41,0
Held-Cluster4-F,371,7.44,1,-2.704611,-1.61171126,-3.22533131,0,0,0,0,1,11,38,0.000414463575,0.00233300263,0,41,0
Held-Cluster4-F,371,7.44,2,-3.06469631,-1.22584915,0.810088634,0,0,0,0,1,6,38,0.000414463575,0.00233300263,0,41,0
Held-Cluster4-F,371,7.44,3,-2.69051,-1.24164772,-10.5225105,0,0,0,0,1,7,38,0.000414463575,0.00233300263,0,41,0
Held-Cluster4-F,372,7.46,0,-3.08192468,-1.6030823,-1.54285336,0,0,0,0,1,9,38,0.000789896643,0.00332406769,0,41,0
Held-Cluster4-F,372,7.46,1,-2.704611,-1.61171126,-3.22533131,0,0,0,0,1,11,38,0.000789896643,0.00332406769,0,41,0
Held-Cluster4-F,372,7.46,2,-3.06469631,-1.22584915,0.810088634,0,0,0,0,1,6,38,0.000789896643,0.00332406769,0,41,0
Held-Cluster4-F,372,7.46,3,-2.69051,-1.24164772,-10.5225105,0,0,0,0,1,7,38,0.000789896643,0.00332406769,0,41,0
Held-Cluster4-F,373,7.48,0,-3.08192468,-1.6030823,-1.54285336,0,0,0,0,1,9,38,0.00101844314,0.003921022,0,41,0
Held-Cluster4-F,373,7.48,1,-2.704611,-1.61171126,-3.22533131,0,0,0,0,1,11,38,0.00101844314,0.003921022,0,41,0
Held-Cluster4-F,373,7.48,2,-3.06469631,-1.22584915,0.810088634,0,0,0,0,1,6,38,0.00101844314,0.003921022,0,41,0
Held-Cluster4-F,373,7.48,3,-2.69051,-1.24164772,-10.5225105,0,0,0,0,1,7,38,0.00101844314,0.003921022,0,41,0
Held-Cluster4-F,374,7.5,0,-3.08192468,-1.6030823,-1.54285336,0,0,0,0,1,9,38,0.001250749,0.004618519,0,41,0
Held-Cluster4-F,374,7.5,1,-2.704611,-1.61171126,-3.22533131,0,0,0,0,1,11,38,0.001250749,0.004618519,0,41,0
Held-Cluster4-F,374,7.5,2,-3.06469631,-1.22584915,0.810088634,0,0,0,0,1,6,38,0.001250749,0.004618519,0,41,0
Held-Cluster4-F,374,7.5,3,-2.69051,-1.24164772,-10.5225105,0,0,0,0,1,7,38,0.001250749,0.004618519,0,41,0
Held-Cluster4-F,375,7.52,0,-3.08192468,-1.6030823,-1.54285336,0,0,0,0,1,9,38,0.00112420821,0.00711495336,0,41,0
Held-Cluster4-F,375,7.52,1,-2.704611,-1.61171126,-3.22533131,0,0,0,0,1,11,38,0.00112420821,0.00711495336,0,41,0
Held-Cluster4-F,375,7.52,2,-3.06469631,-1.22584915,0.810088634,0,0,0,0,1,6,38,0.00112420821,0.00711495336,0,41,0
Held-Cluster4-F,375,7.52,3,-2.69051,-1.24164772,-10.5225105,0,0,0,0,1,7,38,0.00112420821,0.00711495336,0,41,0
Held-Cluster4-F,376,7.54,0,-3.08192468,-1.6030823,-1.54285336,0,0,0,0,1,9,38,0.0012436558,0.004929084,0,41,0
Held-Cluster4-F,376,7.54,1,-2.704611,-1.61171126,-3.22533131,0,0,0,0,1,11,38,0.0012436558,0.004929084,0,41,0
Held-Cluster4-F,376,7.54,2,-3.06469631,-1.22584915,0.810088634,0,0,0,0,1,6,38,0.0012436558,0.004929084,0,41,0
Held-Cluster4-F,376,7.54,3,-2.69051,-1.24164772,-10.5225105,0,0,0,0,1,7,38,0.0012436558,0.004929084,0,41,0
Held-Cluster4-F,377,7.56,0,-3.08192468,-1.6030823,-1.54285336,0,0,0,0,1,9,38,0.00085508835,0.00330236275,0,41,0
Held-Cluster4-F,377,7.56,1,-2.704611,-1.61171126,-3.22533131,0,0,0,0,1,11,38,0.00085508835,0.00330236275,0,41,0
Held-Cluster4-F,377,7.56,2,-3.06469631,-1.22584915,0.810088634,0,0,0,0,1,6,38,0.00085508835,0.00330236275,0,41,0
Held-Cluster4-F,377,7.56,3,-2.69051,-1.24164772,-10.5225105,0,0,0,0,1,7,38,0.00085508835,0.00330236275,0,41,0
Held-Cluster4-F,378,7.58,0,-3.08192468,-1.6030823,-1.54285336,0,0,0,0,1,9,38,0.0005349999,0.00237653847,0,41,0
Held-Cluster4-F,378,7.58,1,-2.704611,-1.61171126,-3.22533131,0,0,0,0,1,11,38,0.0005349999,0.00237653847,0,41,0
Held-Cluster4-F,378,7.58,2,-3.06469631,-1.22584915,0.810088634,0,0,0,0,1,6,38,0.0005349999,0.00237653847,0,41,0
Held-Cluster4-F,378,7.58,3,-2.69051,-1.24164772,-10.5225105,0,0,0,0,1,7,38,0.0005349999,0.00237653847,0,41,0
Held-Cluster4-F,379,7.6,0,-3.08192468,-1.6030823,-1.54285336,0,0,0,0,1,9,38,0.000411803485,0.00210875529,0,41,0
Held-Cluster4-F,379,7.6,1,-2.704611,-1.61171126,-3.22533131,0,0,0,0,1,11,38,0.000411803485,0.00210875529,0,41,0
Held-Cluster4-F,379,7.6,2,-3.06469631,-1.22584915,0.810088634,0,0,0,0,1,6,38,0.000411803485,0.00210875529,0,41,0
Held-Cluster4-F,379,7.6,3,-2.69051,-1.24164772,-10.5225105,0,0,0,0,1,7,38,0.000411803485,0.00210875529,0,41,0
Held-Cluster4-F,380,7.62,0,-3.08192468,-1.6030823,-1.54285336,0,0,0,0,1,9,38,0.000662525941,0.00258258125,0,41,0
Held-Cluster4-F,380,7.62,1,-2.704611,-1.61171126,-3.22533131,0,0,0,0,1,11,38,0.000662525941,0.00258258125,0,41,0
Held-Cluster4-F,380,7.62,2,-3.06469631,-1.22584915,0.810088634,0,0,0,0,1,6,38,0.000662525941,0.00258258125,0,41,0
Held-Cluster4-F,380,7.62,3,-2.69051,-1.24164772,-10.5225105,0,0,0,0,1,7,38,0.000662525941,0.00258258125,0,41,0
Held-Cluster4-F,381,7.64,0,-3.08192468,-1.6030823,-1.54285336,0,0,0,0,1,9,38,0.0006384326,0.00255339942,0,41,0
Held-Cluster4-F,381,7.64,1,-2.704611,-1.61171126,-3.22533131,0,0,0,0,1,11,38,0.0006384326,0.00255339942,0,41,0
Held-Cluster4-F,381,7.64,2,-3.06469631,-1.22584915,0.810088634,0,0,0,0,1,6,38,0.0006384326,0.00255339942,0,41,0
Held-Cluster4-F,381,7.64,3,-2.69051,-1.24164772,-10.5225105,0,0,0,0,1,7,38,0.0006384326,0.00255339942,0,41,0
Held-Cluster4-F,382,7.66,0,-3.08192468,-1.6030823,-1.54285336,0,0,0,0,1,9,38,0.0009536788,0.00323735247,0,41,0
Held-Cluster4-F,382,7.66,1,-2.704611,-1.61171126,-3.22533131,0,0,0,0,1,11,38,0.0009536788,0.00323735247,0,41,0
Held-Cluster4-F,382,7.66,2,-3.06469631,-1.22584915,0.810088634,0,0,0,0,1,6,38,0.0009536788,0.00323735247,0,41,0
Held-Cluster4-F,382,7.66,3,-2.69051,-1.24164772,-10.5225105,0,0,0,0,1,7,38,0.0009536788,0.00323735247,0,41,0
Held-Cluster4-F,383,7.68,0,-3.08192468,-1.6030823,-1.54285336,0,0,0,0,1,9,38,0.0008474059,0.00473646866,0,41,0
Held-Cluster4-F,383,7.68,1,-2.704611,-1.61171126,-3.22533131,0,0,0,0,1,11,38,0.0008474059,0.00473646866,0,41,0
Held-Cluster4-F,383,7.68,2,-3.06469631,-1.22584915,0.810088634,0,0,0,0,1,6,38,0.0008474059,0.00473646866,0,41,0
Held-Cluster4-F,383,7.68,3,-2.69051,-1.24164772,-10.5225105,0,0,0,0,1,7,38,0.0008474059,0.00473646866,0,41,0
Held-Cluster4-F,384,7.7,0,-3.08192468,-1.6030823,-1.54285336,0,0,0,0,1,9,38,0.000936906261,0.004838516,0,41,0
Held-Cluster4-F,384,7.7,1,-2.704611,-1.61171126,-3.22533131,0,0,0,0,1,11,38,0.000936906261,0.004838516,0,41,0
Held-Cluster4-F,384,7.7,2,-3.06469631,-1.22584915,0.810088634,0,0,0,0,1,6,38,0.000936906261,0.004838516,0,41,0
Held-Cluster4-F,384,7.7,3,-2.69051,-1.24164772,-10.5225105,0,0,0,0,1,7,38,0.000936906261,0.004838516,0,41,0
Held-Cluster4-F,385,7.72,0,-3.08192468,-1.6030823,-1.54285336,0,0,0,0,1,9,38,0.0008422959,0.00366550963,0,41,0
Held-Cluster4-F,385,7.72,1,-2.704611,-1.61171126,-3.22533131,0,0,0,0,1,11,38,0.0008422959,0.00366550963,0,41,0
Held-Cluster4-F,385,7.72,2,-3.06469631,-1.22584915,0.810088634,0,0,0,0,1,6,38,0.0008422959,0.00366550963,0,41,0
Held-Cluster4-F,385,7.72,3,-2.69051,-1.24164772,-10.5225105,0,0,0,0,1,7,38,0.0008422959,0.00366550963,0,41,0
Held-Cluster4-F,386,7.74,0,-3.08192468,-1.6030823,-1.54285336,0,0,0,0,1,9,38,0.0007594522,0.00357622816,0,41,0
Held-Cluster4-F,386,7.74,1,-2.704611,-1.61171126,-3.22533131,0,0,0,0,1,11,38,0.0007594522,0.00357622816,0,41,0
Held-Cluster4-F,386,7.74,2,-3.06469631,-1.22584915,0.810088634,0,0,0,0,1,6,38,0.0007594522,0.00357622816,0,41,0
Held-Cluster4-F,386,7.74,3,-2.69051,-1.24164772,-10.5225105,0,0,0,0,1,7,38,0.0007594522,0.00357622816,0,41,0
Held-Cluster4-F,387,7.75999975,0,-3.08192468,-1.6030823,-1.54285336,0,0,0,0,1,9,38,0.00106431218,0.005120884,0,41,0
Held-Cluster4-F,387,7.75999975,1,-2.704611,-1.61171126,-3.22533131,0,0,0,0,1,11,38,0.00106431218,0.005120884,0,41,0
Held-Cluster4-F,387,7.75999975,2,-3.06469631,-1.22584915,0.810088634,0,0,0,0,1,6,38,0.00106431218,0.005120884,0,41,0
Held-Cluster4-F,387,7.75999975,3,-2.69051,-1.24164772,-10.5225105,0,0,0,0,1,7,38,0.00106431218,0.005120884,0,41,0
Held-Cluster4-F,388,7.77999973,0,-3.08192468,-1.6030823,-1.54285336,0,0,0,0,1,9,38,0.000956722361,0.003279778,0,41,0
Held-Cluster4-F,388,7.77999973,1,-2.704611,-1.61171126,-3.22533131,0,0,0,0,1,11,38,0.000956722361,0.003279778,0,41,0
Held-Cluster4-F,388,7.77999973,2,-3.06469631,-1.22584915,0.810088634,0,0,0,0,1,6,38,0.000956722361,0.003279778,0,41,0
Held-Cluster4-F,388,7.77999973,3,-2.69051,-1.24164772,-10.5225105,0,0,0,0,1,7,38,0.000956722361,0.003279778,0,41,0
Held-Cluster4-F,389,7.79999971,0,-3.08192468,-1.6030823,-1.54285336,0,0,0,0,1,9,38,0.000624020642,0.00323732966,0,41,0
Held-Cluster4-F,389,7.79999971,1,-2.704611,-1.61171126,-3.22533131,0,0,0,0,1,11,38,0.000624020642,0.00323732966,0,41,0
Held-Cluster4-F,389,7.79999971,2,-3.06469631,-1.22584915,0.810088634,0,0,0,0,1,6,38,0.000624020642,0.00323732966,0,41,0
Held-Cluster4-F,389,7.79999971,3,-2.69051,-1.24164772,-10.5225105,0,0,0,0,1,7,38,0.000624020642,0.00323732966,0,41,0
Held-Cluster4-F,390,7.81999969,0,-3.08192468,-1.6030823,-1.54285336,0,0,0,0,1,9,38,0.0005175834,0.00272521423,0,41,0
Held-Cluster4-F,390,7.81999969,1,-2.704611,-1.61171126,-3.22533131,0,0,0,0,1,11,38,0.0005175834,0.00272521423,0,41,0
Held-Cluster4-F,390,7.81999969,2,-3.06469631,-1.22584915,0.810088634,0,0,0,0,1,6,38,0.0005175834,0.00272521423,0,41,0
Held-Cluster4-F,390,7.81999969,3,-2.69051,-1.24164772,-10.5225105,0,0,0,0,1,7,38,0.0005175834,0.00272521423,0,41,0
Held-Cluster4-F,391,7.83999968,0,-3.08192468,-1.6030823,-1.54285336,0,0,0,0,1,9,38,0.000338909042,0.0023258857,0,41,0
Held-Cluster4-F,391,7.83999968,1,-2.704611,-1.61171126,-3.22533131,0,0,0,0,1,11,38,0.000338909042,0.0023258857,0,41,0
Held-Cluster4-F,391,7.83999968,2,-3.06469631,-1.22584915,0.810088634,0,0,0,0,1,6,38,0.000338909042,0.0023258857,0,41,0
Held-Cluster4-F,391,7.83999968,3,-2.69051,-1.24164772,-10.5225105,0,0,0,0,1,7,38,0.000338909042,0.0023258857,0,41,0
Held-Cluster4-F,392,7.85999966,0,-3.08192468,-1.6030823,-1.54285336,0,0,0,0,1,9,38,0.0005965584,0.002925096,0,41,0
Held-Cluster4-F,392,7.85999966,1,-2.704611,-1.61171126,-3.22533131,0,0,0,0,1,11,38,0.0005965584,0.002925096,0,41,0
Held-Cluster4-F,392,7.85999966,2,-3.06469631,-1.22584915,0.810088634,0,0,0,0,1,6,38,0.0005965584,0.002925096,0,41,0
Held-Cluster4-F,392,7.85999966,3,-2.69051,-1.24164772,-10.5225105,0,0,0,0,1,7,38,0.0005965584,0.002925096,0,41,0
Held-Cluster4-F,393,7.87999964,0,-3.08192468,-1.6030823,-1.54285336,0,0,0,0,1,9,38,0.000273429061,0.00165607512,0,41,0
Held-Cluster4-F,393,7.87999964,1,-2.704611,-1.61171126,-3.22533131,0,0,0,0,1,11,38,0.000273429061,0.00165607512,0,41,0
Held-Cluster4-F,393,7.87999964,2,-3.06469631,-1.22584915,0.810088634,0,0,0,0,1,6,38,0.000273429061,0.00165607512,0,41,0
Held-Cluster4-F,393,7.87999964,3,-2.69051,-1.24164772,-10.5225105,0,0,0,0,1,7,38,0.000273429061,0.00165607512,0,41,0
Held-Cluster4-F,394,7.89999962,0,-3.08192468,-1.6030823,-1.54285336,0,0,0,0,1,9,38,0.00031877833,0.00197099615,0,41,0
Held-Cluster4-F,394,7.89999962,1,-2.704611,-1.61171126,-3.22533131,0,0,0,0,1,11,38,0.00031877833,0.00197099615,0,41,0
Held-Cluster4-F,394,7.89999962,2,-3.06469631,-1.22584915,0.810088634,0,0,0,0,1,6,38,0.00031877833,0.00197099615,0,41,0
Held-Cluster4-F,394,7.89999962,3,-2.69051,-1.24164772,-10.5225105,0,0,0,0,1,7,38,0.00031877833,0.00197099615,0,41,0
Held-Cluster4-F,395,7.9199996,0,-3.08192468,-1.6030823,-1.54285336,0,0,0,0,1,9,38,0.000479348731,0.00242985832,0,41,0
Held-Cluster4-F,395,7.9199996,1,-2.704611,-1.61171126,-3.22533131,0,0,0,0,1,11,38,0.000479348731,0.00242985832,0,41,0
Held-Cluster4-F,395,7.9199996,2,-3.06469631,-1.22584915,0.810088634,0,0,0,0,1,6,38,0.000479348731,0.00242985832,0,41,0
Held-Cluster4-F,395,7.9199996,3,-2.69051,-1.24164772,-10.5225105,0,0,0,0,1,7,38,0.000479348731,0.00242985832,0,41,0
Held-Cluster4-F,396,7.94,0,-3.08192468,-1.6030823,-1.54285336,0,0,0,0,1,9,38,0.0004690221,0.00216031261,0,41,0
Held-Cluster4-F,396,7.94,1,-2.704611,-1.61171126,-3.22533131,0,0,0,0,1,11,38,0.0004690221,0.00216031261,0,41,0
Held-Cluster4-F,396,7.94,2,-3.06469631,-1.22584915,0.810088634,0,0,0,0,1,6,38,0.0004690221,0.00216031261,0,41,0
Held-Cluster4-F,396,7.94,3,-2.69051,-1.24164772,-10.5225105,0,0,0,0,1,7,38,0.0004690221,0.00216031261,0,41,0
Held-Cluster4-F,397,7.96,0,-3.08192468,-1.6030823,-1.54285336,0,0,0,0,1,9,38,0.000434277346,0.00195200846,0,41,0
Held-Cluster4-F,397,7.96,1,-2.704611,-1.61171126,-3.22533131,0,0,0,0,1,11,38,0.000434277346,0.00195200846,0,41,0
Held-Cluster4-F,397,7.96,2,-3.06469631,-1.22584915,0.810088634,0,0,0,0,1,6,38,0.000434277346,0.00195200846,0,41,0
Held-Cluster4-F,397,7.96,3,-2.69051,-1.24164772,-10.5225105,0,0,0,0,1,7,38,0.000434277346,0.00195200846,0,41,0
Held-Cluster4-F,398,7.98,0,-3.08192468,-1.6030823,-1.54285336,0,0,0,0,1,9,38,0.0007324237,0.00324334833,0,41,0
Held-Cluster4-F,398,7.98,1,-2.704611,-1.61171126,-3.22533131,0,0,0,0,1,11,38,0.0007324237,0.00324334833,0,41,0
Held-Cluster4-F,398,7.98,2,-3.06469631,-1.22584915,0.810088634,0,0,0,0,1,6,38,0.0007324237,0.00324334833,0,41,0
Held-Cluster4-F,398,7.98,3,-2.69051,-1.24164772,-10.5225105,0,0,0,0,1,7,38,0.0007324237,0.00324334833,0,41,0
Held-Cluster4-F,399,8,0,-3.08192468,-1.6030823,-1.54285336,0,0,0,0,1,9,38,0.0005147276,0.00236721849,0,41,0
Held-Cluster4-F,399,8,1,-2.704611,-1.61171126,-3.22533131,0,0,0,0,1,11,38,0.0005147276,0.00236721849,0,41,0
Held-Cluster4-F,399,8,2,-3.06469631,-1.22584915,0.810088634,0,0,0,0,1,6,38,0.0005147276,0.00236721849,0,41,0
Held-Cluster4-F,399,8,3,-2.69051,-1.24164772,-10.5225105,0,0,0,0,1,7,38,0.0005147276,0.00236721849,0,41,0
Held-FixedSingle-F,300,6.02,0,-2.90313625,-1.514239,0,0,0,0,0,1,0,29,0.00141400611,0.00579014746,0,40.5,0
Held-FixedSingle-F,301,6.04,0,-2.90313625,-1.514239,0,0,0,0,0,1,0,29,0.001344987,0.00564734172,0,40.5,0
Held-FixedSingle-F,302,6.06,0,-2.90313625,-1.514239,0,0,0,0,0,1,0,29,0.0012744345,0.005373149,0,40.5,0
Held-FixedSingle-F,303,6.08,0,-2.90313625,-1.514239,0,0,0,0,0,1,0,29,0.00120028236,0.00512180571,0,40.5,0
Held-FixedSingle-F,304,6.1,0,-2.90313625,-1.514239,0,0,0,0,0,1,0,29,0.001123102,0.004793337,0,40.5,0
Held-FixedSingle-F,305,6.12,0,-2.90313625,-1.514239,0,0,0,0,0,1,0,29,0.00104763627,0.00449642073,0,40.5,0
Held-FixedSingle-F,306,6.14,0,-2.90313625,-1.514239,0,0,0,0,0,1,0,29,0.0009774326,0.004144987,0,40.5,0
Held-FixedSingle-F,307,6.16,0,-2.90313625,-1.514239,0,0,0,0,0,1,0,29,0.000905741064,0.00377938547,0,40.5,0
Held-FixedSingle-F,308,6.18,0,-2.90313625,-1.514239,0,0,0,0,0,1,0,29,0.000846663956,0.00350221922,0,40.5,0
Held-FixedSingle-F,309,6.2,0,-2.90313625,-1.514239,0,0,0,0,0,1,0,29,0.0007785952,0.00339990552,0,40.5,0
Held-FixedSingle-F,310,6.22,0,-2.90313625,-1.514239,0,0,0,0,0,1,0,29,0.0007286432,0.003238699,0,40.5,0
Held-FixedSingle-F,311,6.24,0,-2.90313625,-1.514239,0,0,0,0,0,1,0,29,0.0006736045,0.00294211227,0,40.5,0
Held-FixedSingle-F,312,6.25999975,0,-2.90313625,-1.514239,0,0,0,0,0,1,0,29,0.0006556164,0.00277095521,0,40.5,0
Held-FixedSingle-F,313,6.27999973,0,-2.90313625,-1.514239,0,0,0,0,0,1,0,29,0.000580833934,0.00244960026,0,40.5,0
Held-FixedSingle-F,314,6.29999971,0,-2.90313625,-1.514239,0,0,0,0,0,1,0,29,0.0005738333,0.00231496082,0,40.5,0
Held-FixedSingle-F,315,6.31999969,0,-2.90313625,-1.514239,0,0,0,0,0,1,0,29,0.000514585641,0.00205423473,0,40.5,0
Held-FixedSingle-F,316,6.33999968,0,-2.90313625,-1.514239,0,0,0,0,0,1,0,29,0.0004989003,0.001945699,0,40.5,0
Held-FixedSingle-F,317,6.35999966,0,-2.90313625,-1.514239,0,0,0,0,0,1,0,29,0.000470055849,0.00180276018,0,40.5,0
Held-FixedSingle-F,318,6.37999964,0,-2.90313625,-1.514239,0,0,0,0,0,1,0,29,0.000445603131,0.00150363194,0,40.5,0
Held-FixedSingle-F,319,6.39999962,0,-2.90313625,-1.514239,0,0,0,0,0,1,0,29,0.000391230715,0.001454429,0,40.5,0
Held-FixedSingle-F,320,6.42,0,-2.90313625,-1.514239,0,0,0,0,0,1,0,29,0.000373853225,0.00129448052,0,40.5,0
Held-FixedSingle-F,321,6.44,0,-2.90313625,-1.514239,0,0,0,0,0,1,0,29,0.000359955447,0.0011945127,0,40.5,0
Held-FixedSingle-F,322,6.46,0,-2.90313625,-1.514239,0,0,0,0,0,1,0,29,0.0003289655,0.001034564,0,40.5,0
Held-FixedSingle-F,323,6.48,0,-2.90313625,-1.514239,0,0,0,0,0,1,0,29,0.000314531964,0.000906033732,0,40.5,0
Held-FixedSingle-F,324,6.5,0,-2.90313625,-1.514239,0,0,0,0,0,1,0,29,0.000304142246,0.0008346281,0,40.5,0
Held-FixedSingle-F,325,6.52,0,-2.90313625,-1.514239,0,0,0,0,0,1,0,29,0.000297968974,0.0007777196,0,40.5,0
Held-FixedSingle-F,326,6.54,0,-2.90313625,-1.514239,0,0,0,0,0,1,0,29,0.000293260935,0.000755726243,0,40.5,0
Held-FixedSingle-F,327,6.56,0,-2.90313625,-1.514239,0,0,0,0,0,1,0,29,0.0002775439,0.0007350426,0,40.5,0
Held-FixedSingle-F,328,6.58,0,-2.90313625,-1.514239,0,0,0,0,0,1,0,29,0.000278977415,0.0007391628,0,40.5,0
Held-FixedSingle-F,329,6.6,0,-2.90313625,-1.514239,0,0,0,0,0,1,0,29,0.0002680824,0.000720129057,0,40.5,0
Held-FixedSingle-F,330,6.62,0,-2.90313625,-1.514239,0,0,0,0,0,1,0,29,0.000263048918,0.00069747254,0,40.5,0
Held-FixedSingle-F,331,6.64,0,-2.90313625,-1.514239,0,0,0,0,0,1,0,29,0.000269895943,0.000719388365,0,40.5,0
Held-FixedSingle-F,332,6.66,0,-2.90313625,-1.514239,0,0,0,0,0,1,0,29,0.000263962545,0.000709156448,0,40.5,0
Held-FixedSingle-F,333,6.68,0,-2.90313625,-1.514239,0,0,0,0,0,1,0,29,0.000261163979,0.000709363841,0,40.5,0
Held-FixedSingle-F,334,6.7,0,-2.90313625,-1.514239,0,0,0,0,0,1,0,29,0.00025619776,0.0007064783,0,40.5,0
Held-FixedSingle-F,335,6.72,0,-2.90313625,-1.514239,0,0,0,0,0,1,0,29,0.000256453524,0.000693980139,0,40.5,0
Held-FixedSingle-F,336,6.74,0,-2.90313625,-1.514239,0,0,0,0,0,1,0,29,0.000250373356,0.000697579759,0,40.5,0
Held-FixedSingle-F,337,6.75999975,0,-2.90313625,-1.514239,0,0,0,0,0,1,0,29,0.0002469457,0.000696993666,0,40.5,0
Held-FixedSingle-F,338,6.77999973,0,-2.90313625,-1.514239,0,0,0,0,0,1,0,29,0.000243385017,0.0006939473,0,40.5,0
Held-FixedSingle-F,339,6.79999971,0,-2.90313625,-1.514239,0,0,0,0,0,1,0,29,0.000240128662,0.0006788362,0,40.5,0
Held-FixedSingle-F,340,6.81999969,0,-2.90313625,-1.514239,0,0,0,0,0,1,0,29,0.000233958432,0.000677262957,0,40.5,0
Held-FixedSingle-F,341,6.83999968,0,-2.90313625,-1.514239,0,0,0,0,0,1,0,29,0.000224785268,0.0007009741,0,40.5,0
Held-FixedSingle-F,342,6.85999966,0,-2.90313625,-1.514239,0,0,0,0,0,1,0,29,0.000220014568,0.0006771608,0,40.5,0
Held-FixedSingle-F,343,6.87999964,0,-2.90313625,-1.514239,0,0,0,0,0,1,0,29,0.000223263865,0.0006760688,0,40.5,0
Held-FixedSingle-F,344,6.89999962,0,-2.90313625,-1.514239,0,0,0,0,0,1,0,29,0.00022177877,0.000685764768,0,40.5,0
Held-FixedSingle-F,345,6.92,0,-2.90313625,-1.514239,0,0,0,0,0,1,0,29,0.000218156463,0.0006714852,0,40.5,0
Held-FixedSingle-F,346,6.94,0,-2.90313625,-1.514239,0,0,0,0,0,1,0,29,0.000208466066,0.000717036,0,40.5,0
Held-FixedSingle-F,347,6.96,0,-2.90313625,-1.514239,0,0,0,0,0,1,0,29,0.0002033921,0.000695070834,0,40.5,0
Held-FixedSingle-F,348,6.98,0,-2.90313625,-1.514239,0,0,0,0,0,1,0,29,0.000203625314,0.0007136212,0,40.5,0
Held-FixedSingle-F,349,7,0,-2.90313625,-1.514239,0,0,0,0,0,1,0,29,0.000203090618,0.0006799092,0,40.5,0
Held-FixedSingle-F,350,7.02,0,-2.90313625,-1.514239,0,0,0,0,0,1,0,29,0.000199780858,0.0006687348,0,40.5,0
Held-FixedSingle-F,351,7.04,0,-2.90313625,-1.514239,0,0,0,0,0,1,0,29,0.00018834394,0.0006793938,0,40.5,0
Held-FixedSingle-F,352,7.06,0,-2.90313625,-1.514239,0,0,0,0,0,1,0,29,0.000179448791,0.000688263739,0,40.5,0
Held-FixedSingle-F,353,7.08,0,-2.90313625,-1.514239,0,0,0,0,0,1,0,29,0.0001762194,0.0007080466,0,40.5,0
Held-FixedSingle-F,354,7.1,0,-2.90313625,-1.514239,0,0,0,0,0,1,0,29,0.00017281418,0.0007097107,0,40.5,0
Held-FixedSingle-F,355,7.12,0,-2.90313625,-1.514239,0,0,0,0,0,1,0,29,0.0001772473,0.000672367343,0,40.5,0
Held-FixedSingle-F,356,7.14,0,-2.90313625,-1.514239,0,0,0,0,0,1,0,29,0.000175926674,0.000685175357,0,40.5,0
Held-FixedSingle-F,357,7.16,0,-2.90313625,-1.514239,0,0,0,0,0,1,0,29,0.000175331181,0.0006946503,0,40.5,0
Held-FixedSingle-F,358,7.18,0,-2.90313625,-1.514239,0,0,0,0,0,1,0,29,0.0001733034,0.000695838069,0,40.5,0
Held-FixedSingle-F,359,7.2,0,-2.90313625,-1.514239,0,0,0,0,0,1,0,29,0.0001678819,0.0006826501,0,40.5,0
Held-FixedSingle-F,360,7.22,0,-2.90313625,-1.514239,0,0,0,0,0,1,0,29,0.00016549397,0.0006828779,0,40.5,0
Held-FixedSingle-F,361,7.24,0,-2.90313625,-1.514239,0,0,0,0,0,1,0,29,0.0001670135,0.000692706031,0,40.5,0
Held-FixedSingle-F,362,7.25999975,0,-2.90313625,-1.514239,0,0,0,0,0,1,0,29,0.000160042837,0.000680355646,0,40.5,0
Held-FixedSingle-F,363,7.27999973,0,-2.90313625,-1.514239,0,0,0,0,0,1,0,29,0.00016366769,0.000702057558,0,40.5,0
Held-FixedSingle-F,364,7.29999971,0,-2.90313625,-1.514239,0,0,0,0,0,1,0,29,0.000154708076,0.000699784,0,40.5,0
Held-FixedSingle-F,365,7.31999969,0,-2.90313625,-1.514239,0,0,0,0,0,1,0,29,0.000148765437,0.000673891045,0,40.5,0
Held-FixedSingle-F,366,7.33999968,0,-2.90313625,-1.514239,0,0,0,0,0,1,0,29,0.00015114405,0.000686294457,0,40.5,0
Held-FixedSingle-F,367,7.35999966,0,-2.90313625,-1.514239,0,0,0,0,0,1,0,29,0.000148196268,0.00068748527,0,40.5,0
Held-FixedSingle-F,368,7.37999964,0,-2.90313625,-1.514239,0,0,0,0,0,1,0,29,0.000148882624,0.0006860458,0,40.5,0
Held-FixedSingle-F,369,7.39999962,0,-2.90313625,-1.514239,0,0,0,0,0,1,0,29,0.000144721,0.000676324358,0,40.5,0
Held-FixedSingle-F,370,7.4199996,0,-2.90313625,-1.514239,0,0,0,0,0,1,0,29,0.000145971542,0.000649473455,0,40.5,0
Held-FixedSingle-F,371,7.44,0,-2.90313625,-1.514239,0,0,0,0,0,1,0,29,0.0001406538,0.0006705718,0,40.5,0
Held-FixedSingle-F,372,7.46,0,-2.90313625,-1.514239,0,0,0,0,0,1,0,29,0.00014528443,0.00069,0,40.5,0
Held-FixedSingle-F,373,7.48,0,-2.90313625,-1.514239,0,0,0,0,0,1,0,29,0.000143096855,0.0006657787,0,40.5,0
Held-FixedSingle-F,374,7.5,0,-2.90313625,-1.514239,0,0,0,0,0,1,0,29,0.000145436425,0.0006804619,0,40.5,0
Held-FixedSingle-F,375,7.52,0,-2.90313625,-1.514239,0,0,0,0,0,1,0,29,0.0001302657,0.000656843244,0,40.5,0
Held-FixedSingle-F,376,7.54,0,-2.90313625,-1.514239,0,0,0,0,0,1,0,29,0.000132721558,0.000722068944,0,40.5,0
Held-FixedSingle-F,377,7.56,0,-2.90313625,-1.514239,0,0,0,0,0,1,0,29,0.000129903667,0.00068814,0,40.5,0
Held-FixedSingle-F,378,7.58,0,-2.90313625,-1.514239,0,0,0,0,0,1,0,29,0.000122256868,0.000662127,0,40.5,0
Held-FixedSingle-F,379,7.6,0,-2.90313625,-1.514239,0,0,0,0,0,1,0,29,0.000127509556,0.000698686345,0,40.5,0
Held-FixedSingle-F,380,7.62,0,-2.90313625,-1.514239,0,0,0,0,0,1,0,29,0.000123195859,0.0006622434,0,40.5,0
Held-FixedSingle-F,381,7.64,0,-2.90313625,-1.514239,0,0,0,0,0,1,0,29,0.0001223133,0.0006717156,0,40.5,0
Held-FixedSingle-F,382,7.66,0,-2.90313625,-1.514239,0,0,0,0,0,1,0,29,0.000111313937,0.000670157955,0,40.5,0
Held-FixedSingle-F,383,7.68,0,-2.90313625,-1.514239,0,0,0,0,0,1,0,29,0.000128359272,0.0007091372,0,40.5,0
Held-FixedSingle-F,384,7.7,0,-2.90313625,-1.514239,0,0,0,0,0,1,0,29,0.00011930184,0.000671953,0,40.5,0
Held-FixedSingle-F,385,7.72,0,-2.90313625,-1.514239,0,0,0,0,0,1,0,29,0.000108803222,0.0006536842,0,40.5,0
Held-FixedSingle-F,386,7.74,0,-2.90313625,-1.514239,0,0,0,0,0,1,0,29,0.000129887354,0.0006869791,0,40.5,0
Held-FixedSingle-F,387,7.75999975,0,-2.90313625,-1.514239,0,0,0,0,0,1,0,29,9.995976E-05,0.0005754188,0,40.5,0
Held-FixedSingle-F,388,7.77999973,0,-2.90313625,-1.514239,0,0,0,0,0,1,0,29,0.000120036741,0.000642239058,0,40.5,0
Held-FixedSingle-F,389,7.79999971,0,-2.90313625,-1.514239,0,0,0,0,0,1,0,29,0.000103031467,0.0006014646,0,40.5,0
Held-FixedSingle-F,390,7.81999969,0,-2.90313625,-1.514239,0,0,0,0,0,1,0,29,0.000100072117,0.000587204238,0,40.5,0
Held-FixedSingle-F,391,7.83999968,0,-2.90313625,-1.514239,0,0,0,0,0,1,0,29,0.000113610251,0.0006348282,0,40.5,0
Held-FixedSingle-F,392,7.85999966,0,-2.90313625,-1.514239,0,0,0,0,0,1,0,29,0.000107476022,0.000568130868,0,40.5,0
Held-FixedSingle-F,393,7.87999964,0,-2.90313625,-1.514239,0,0,0,0,0,1,0,29,9.097787E-05,0.000542047,0,40.5,0
Held-FixedSingle-F,394,7.89999962,0,-2.90313625,-1.514239,0,0,0,0,0,1,0,29,0.000105319166,0.0005754188,0,40.5,0
Held-FixedSingle-F,395,7.9199996,0,-2.90313625,-1.514239,0,0,0,0,0,1,0,29,9.277317E-05,0.0005277871,0,40.5,0
Held-FixedSingle-F,396,7.94,0,-2.90313625,-1.514239,0,0,0,0,0,1,0,29,9.54057759E-05,0.0005142309,0,40.5,0
Held-FixedSingle-F,397,7.96,0,-2.90313625,-1.514239,0,0,0,0,0,1,0,29,9.093498E-05,0.000516013359,0,40.5,0
Held-FixedSingle-F,398,7.98,0,-2.90313625,-1.514239,0,0,0,0,0,1,0,29,8.753863E-05,0.000497618166,0,40.5,0
Held-FixedSingle-F,399,8,0,-2.90313625,-1.514239,0,0,0,0,0,1,0,29,8.28655E-05,0.0005053642,0,40.5,0
