case,tick,time,ice_index,x,y,angle,vx,vy,angular_velocity,measured_speed,sleeping,contacts,near_liquid_count,near_liquid_mean_speed,near_liquid_p95_speed,deep_liquid_inside_ice,active_ml,retired_ml
Kinematic-Cluster4-Empty,300,6.02,0,-3.01153278,-1.56229544,29.442688,-0.0255457517,0.0009993245,12.8777485,0.191286266,0,6,0,0,0,0,0,0
Kinematic-Cluster4-Empty,300,6.02,1,-2.609782,-1.55226135,19.7011375,0.04252113,0.008044571,-6.7513876,0.015141421,0,7,0,0,0,0,0,0
Kinematic-Cluster4-Empty,300,6.02,2,-3.19645333,-1.26852083,22.97624,0.000160083175,-0.06375406,35.1110954,0.06105321,0,2,0,0,0,0,0,0
Kinematic-Cluster4-Empty,300,6.02,3,-2.76568532,-1.23920345,11.8992786,0.02687573,-0.23515372,31.45252,0.343394458,0,7,0,0,0,0,0,0
Kinematic-Cluster4-Empty,301,6.04,0,-3.00628376,-1.56250072,29.1285553,0.005211836,-0.00020390749,-1.06683815,0.2626518,0,11,0,0,0,0,0,0
Kinematic-Cluster4-Empty,301,6.04,1,-2.60987,-1.55141687,20.09358,2.7843751E-05,0.00265199854,7.80654669,0.0424524434,0,9,0,0,0,0,0,0
Kinematic-Cluster4-Empty,301,6.04,2,-3.19646358,-1.26442146,22.1719475,0.000620439649,-0.247066692,14.78938,0.204969108,0,8,0,0,0,0,0,0
Kinematic-Cluster4-Empty,301,6.04,3,-2.76264024,-1.23109293,13.5442543,0.0186671149,-0.285415381,7.694422,0.433166,0,10,0,0,0,0,0,0
Kinematic-Cluster4-Empty,302,6.06,0,-3.007279,-1.56246185,29.5449333,0.0387232937,-0.001514852,5.902682,0.04979589,0,9,0,0,0,0,0,0
Kinematic-Cluster4-Empty,302,6.06,1,-2.609875,-1.5518769,20.5913086,-0.023270674,-0.004402548,6.281006,0.0230027959,0,9,0,0,0,0,0,0
Kinematic-Cluster4-Empty,302,6.06,2,-3.19646358,-1.264502,22.18291,0.000905763358,-0.3606857,12.4506006,0.004029274,0,6,0,0,0,0,0,0
Kinematic-Cluster4-Empty,302,6.06,3,-2.765987,-1.23013949,13.2746449,-0.00346656027,-0.315194875,6.185034,0.173992231,0,10,0,0,0,0,0,0
Kinematic-Cluster4-Empty,303,6.08,0,-3.008534,-1.56241262,30.2258968,0.05381151,-0.002105087,12.7991962,0.0628000349,0,8,0,0,0,0,0,0
Kinematic-Cluster4-Empty,303,6.08,1,-2.609877,-1.55209637,20.6147366,-0.0217285156,-0.00411078334,10.3869095,0.01097374,0,6,0,0,0,0,0,0
Kinematic-Cluster4-Empty,303,6.08,2,-3.1964612,-1.26545107,22.3252888,0.00108703226,-0.43286863,13.58103,0.0474514067,0,6,0,0,0,0,0,0
Kinematic-Cluster4-Empty,303,6.08,3,-2.76889467,-1.23059833,14.1608477,-0.0244198516,-0.33604303,10.4373808,0.1471866,0,6,0,0,0,0,0,0
Kinematic-Cluster4-Empty,304,6.1,0,-3.00855517,-1.56241179,30.5150623,0.0676786155,-0.002647549,18.1115837,0.00106178282,0,9,0,0,0,0,0,0
Kinematic-Cluster4-Empty,304,6.1,1,-2.60987687,-1.552068,20.9659863,-0.0111208633,-0.00210392475,14.0746393,0.00141864072,0,6,0,0,0,0,0,0
Kinematic-Cluster4-Empty,304,6.1,2,-3.19645739,-1.2669282,22.3402042,0.001210805,-0.482158542,19.559742,0.07385636,0,6,0,0,0,0,0,0
Kinematic-Cluster4-Empty,304,6.1,3,-2.771898,-1.23165762,14.8730764,-0.0350385159,-0.347398758,14.1797161,0.159234643,0,7,0,0,0,0,0,0
Kinematic-Cluster4-Empty,305,6.12,0,-3.00236869,-1.5626539,30.2846279,0.08226071,-0.00321796536,21.1757164,0.309561074,0,11,0,0,0,0,0,0
Kinematic-Cluster4-Empty,305,6.12,1,-2.611609,-1.55260682,20.559845,-0.05772189,-0.010920316,19.17457,0.0906992555,0,6,0,0,0,0,0,0
Kinematic-Cluster4-Empty,305,6.12,2,-3.19645214,-1.26899219,22.5087376,0.00129794329,-0.5168557,22.3134918,0.103199825,0,7,0,0,0,0,0,0
Kinematic-Cluster4-Empty,305,6.12,3,-2.77033567,-1.22997391,16.5571365,-0.050081905,-0.3555755,19.4105663,0.114846043,0,8,0,0,0,0,0,0
Kinematic-Cluster4-Empty,306,6.14,0,-3.000513,-1.5627265,30.120018,-0.050246112,0.00196557678,6.84017134,0.09285157,0,10,0,0,0,0,0,0
Kinematic-Cluster4-Empty,306,6.14,1,-2.609863,-1.55075514,21.19192,6.08637929E-05,0.00579695264,3.12437677,0.1272499,0,8,0,0,0,0,0,0
Kinematic-Cluster4-Empty,306,6.14,2,-3.19644117,-1.27338529,23.1803551,0.000152587891,-0.0607690662,38.02425,0.219655722,0,5,0,0,0,0,0,0
Kinematic-Cluster4-Empty,306,6.14,3,-2.769918,-1.234814,16.6855583,0.0616157874,-0.181827411,-0.5830539,0.242906332,0,9,0,0,0,0,0,0
Kinematic-Cluster4-Empty,307,6.16,0,-2.99890375,-1.56278944,30.62536,-0.02158451,0.00317562162,4.81955576,0.08052779,0,12,0,0,0,0,0,0
Kinematic-Cluster4-Empty,307,6.16,1,-2.61276746,-1.552826,22.1947651,-0.0431431122,-0.008162186,-22.304987,0.17835547,0,10,0,0,0,0,0,0
Kinematic-Cluster4-Empty,307,6.16,2,-3.19644,-1.27388775,23.5264187,6.20484352E-05,-0.0247123148,17.3032284,0.0251234286,0,5,0,0,0,0,0,0
Kinematic-Cluster4-Empty,307,6.16,3,-2.7678597,-1.2374177,16.37496,0.104527876,-0.130743,-15.5299034,0.165947735,0,11,0,0,0,0,0,0
Kinematic-Cluster4-Empty,308,6.18,0,-3.004316,-1.56257772,28.9908752,-0.00780743174,0.00147645,1.97571361,0.270824,0,12,0,0,0,0,0,0
Kinematic-Cluster4-Empty,308,6.18,1,-2.612594,-1.55279315,21.2858944,0.0131220594,0.00248256326,-45.443573,0.008832982,0,13,0,0,0,0,0,0
Kinematic-Cluster4-Empty,308,6.18,2,-3.19643927,-1.27413177,23.7913857,2.9861927E-05,-0.0118935183,13.2482929,0.0122011239,0,5,0,0,0,0,0,0
Kinematic-Cluster4-Empty,308,6.18,3,-2.77061343,-1.2231729,14.5757637,0.07774982,-0.237314358,-15.1584253,0.7254262,0,8,0,0,0,0,0,0
Kinematic-Cluster4-Empty,309,6.2,0,-2.99902415,-1.56278467,30.0851364,-0.0123490514,0.00207879185,3.07783079,0.264799178,0,11,0,0,0,0,0,0
Kinematic-Cluster4-Empty,309,6.2,1,-2.609868,-1.55122256,20.2908363,5.079806E-05,0.004838275,-33.9920845,0.157296941,0,6,0,0,0,0,0,0
Kinematic-Cluster4-Empty,309,6.2,2,-3.19643855,-1.27440608,24.0215759,3.37846577E-05,-0.0134568056,11.5095606,0.0137150753,0,6,0,0,0,0,0,0
Kinematic-Cluster4-Empty,309,6.2,3,-2.768205,-1.22769606,14.56862,0.120464563,-0.226173222,-0.3571933,0.256221831,0,7,0,0,0,0,0,0
Kinematic-Cluster4-Empty,310,6.22,0,-2.99682832,-1.56287062,30.9188251,-0.0169653,0.0006636656,3.650682,0.109875835,0,10,0,0,0,0,0,0
Kinematic-Cluster4-Empty,310,6.22,1,-2.61208558,-1.55269706,19.91847,-0.05087936,-0.0096257925,-30.91647,0.133150235,0,6,0,0,0,0,0,0
Kinematic-Cluster4-Empty,310,6.22,2,-3.1964376,-1.27484465,24.1983719,5.45606E-05,-0.0217287224,8.839779,0.021928601,0,5,0,0,0,0,0,0
Kinematic-Cluster4-Empty,310,6.22,3,-2.76570749,-1.23212671,14.5066681,0.125193387,-0.221653625,-3.09754038,0.254302233,0,7,0,0,0,0,0,0
Kinematic-Cluster4-Empty,311,6.24,0,-2.99687624,-1.56286871,30.8069267,-0.00179133471,7.005036E-05,-5.59487629,0.00239800382,0,16,0,0,0,0,0,0
Kinematic-Cluster4-Empty,311,6.24,1,-2.609852,-1.54969716,17.1107922,-0.0615613,-0.0116467178,-14.90884,0.187002376,0,11,0,0,0,0,0,0
Kinematic-Cluster4-Empty,311,6.24,2,-3.19644356,-1.27240646,23.7682877,0.0005245507,-0.208882019,1.29648018,0.121909745,0,8,0,0,0,0,0,0
Kinematic-Cluster4-Empty,311,6.24,3,-2.75665236,-1.2233125,14.7605944,0.0816643462,-0.276143938,-15.0478067,0.6318345,0,13,0,0,0,0,0,0
Kinematic-Cluster4-Empty,312,6.25999975,0,-2.99132681,-1.56308579,29.7087822,0.005217442,-0.0002041161,1.76981223,0.277683765,0,13,0,0,0,0,0,0
Kinematic-Cluster4-Empty,312,6.25999975,1,-2.61249924,-1.55277526,18.3543472,-0.0643603653,-0.0121762753,-5.66835976,0.202991277,0,10,0,0,0,0,0,0
Kinematic-Cluster4-Empty,312,6.25999975,2,-3.19688535,-1.27874267,23.831934,-0.0224389657,-0.31673938,3.18224525,0.317579776,0,8,0,0,0,0,0,0
Kinematic-Cluster4-Empty,312,6.25999975,3,-2.755852,-1.22967029,14.6469631,0.04060733,-0.318108082,-5.68154335,0.32039848,0,11,0,0,0,0,0,0
Kinematic-Cluster4-Empty,313,6.27999973,0,-2.99222755,-1.56305051,20.5486488,0.0407489464,-0.00159405917,-8.787709,0.0450718142,0,7,0,0,0,0,0,0
Kinematic-Cluster4-Empty,313,6.27999973,1,-2.61248922,-1.55277348,18.0537777,0.0551195629,0.0104280412,-31.625555,0.000508599158,0,9,0,0,0,0,0,0
Kinematic-Cluster4-Empty,313,6.27999973,2,-3.19644022,-1.27376115,23.72883,9.95323062E-05,-0.03964112,50.2681236,0.250068277,0,4,0,0,0,0,0,0
Kinematic-Cluster4-Empty,313,6.27999973,3,-2.75581861,-1.23645687,14.6783333,0.00150398049,-0.339271963,1.56845009,0.339333355,0,8,0,0,0,0,0,0
Kinematic-Cluster4-Empty,314,6.29999971,0,-2.99978638,-1.562755,24.4131336,0.03551174,-0.00138920546,-6.79463148,0.3782299,0,16,0,0,0,0,0,0
Kinematic-Cluster4-Empty,314,6.29999971,1,-2.6098628,-1.550737,21.6381474,-0.00696933642,-0.00131851435,1.378768,0.166171715,0,14,0,0,0,0,0,0
Kinematic-Cluster4-Empty,314,6.29999971,2,-3.19678235,-1.27811038,24.4549866,-0.02099011,-0.216649085,36.30781,0.2181334,0,8,0,0,0,0,0,0
Kinematic-Cluster4-Empty,314,6.29999971,3,-2.75495434,-1.24277771,14.7060633,0.0430699028,-0.315988928,1.38657081,0.3189824,0,12,0,0,0,0,0,0
Kinematic-Cluster4-Empty,315,6.31999969,0,-2.9951458,-1.56293643,30.6185322,-0.0196589362,0.0031512503,4.92188263,0.23220624,0,12,0,0,0,0,0,0
Kinematic-Cluster4-Empty,315,6.31999969,1,-2.6152,-1.55328619,21.9033585,-0.0511937179,-0.009685278,-24.15619,0.295738,0,11,0,0,0,0,0,0
Kinematic-Cluster4-Empty,315,6.31999969,2,-3.19642782,-1.27866912,24.9752254,6.886572E-05,-0.02742861,26.0119267,0.033086028,0,6,0,0,0,0,0,0
Kinematic-Cluster4-Empty,315,6.31999969,3,-2.75294733,-1.247026,14.7271862,0.10024447,-0.212373286,1.05611217,0.2349245,0,11,0,0,0,0,0,0
Kinematic-Cluster4-Empty,316,6.33999968,0,-3.003376,-1.56261444,32.37371,-0.003968575,0.0001552403,-3.311097,0.411825269,0,21,0,0,0,0,0,0
Kinematic-Cluster4-Empty,316,6.33999968,1,-2.61616421,-1.5534687,21.6986389,-0.0471990742,-0.008929521,-10.236,0.049064327,0,15,0,0,0,0,0,0
Kinematic-Cluster4-Empty,316,6.33999968,2,-3.19641757,-1.28282893,25.1322079,0.000521909446,-0.207831249,7.849058,0.207991034,0,8,0,0,0,0,0,0
Kinematic-Cluster4-Empty,316,6.33999968,3,-2.76357841,-1.2165879,12.9625931,0.0602526553,-0.2832325,-10.2318287,1.61206079,0,16,0,0,0,0,0,0
Kinematic-Cluster4-Empty,317,6.35999966,0,-2.99959779,-1.56276226,31.7747784,0.0139587056,-0.000546067953,5.0037055,0.1890555,0,12,0,0,0,0,0,0
Kinematic-Cluster4-Empty,317,6.35999966,1,-2.6118207,-1.55264688,20.1884441,-0.05192716,-0.009824008,-3.20985341,0.221028715,0,6,0,0,0,0,0,0
Kinematic-Cluster4-Empty,317,6.35999966,2,-3.19642687,-1.27905643,24.1761875,0.000814782456,-0.3244561,6.968698,0.18862544,0,9,0,0,0,0,0,0
Kinematic-Cluster4-Empty,317,6.35999966,3,-2.76331377,-1.22202313,12.999608,0.0276299138,-0.3229194,-3.20984983,0.272083372,0,5,0,0,0,0,0,0
Kinematic-Cluster4-Empty,318,6.37999964,0,-2.997456,-1.56284606,32.147995,-0.0219339319,0.00527199963,3.48796844,0.107167654,0,15,0,0,0,0,0,0
Kinematic-Cluster4-Empty,318,6.37999964,1,-2.60985565,-1.55004621,18.6963367,0.0001260005,0.0120009379,-23.9590416,0.162979215,0,10,0,0,0,0,0,0
Kinematic-Cluster4-Empty,318,6.37999964,2,-3.19644,-1.27390623,23.8264618,1.20699406E-05,-0.00481414,29.7057114,0.257510781,0,6,0,0,0,0,0,0
Kinematic-Cluster4-Empty,318,6.37999964,3,-2.76286,-1.22816443,13.081913,0.08819907,-0.216484562,1.39278841,0.3079021,0,7,0,0,0,0,0,0
Kinematic-Cluster4-Empty,319,6.39999962,0,-3.00467443,-1.56256366,30.3809929,0.0082373,-0.0003222525,-9.782204,0.361194164,0,14,0,0,0,0,0,0
Kinematic-Cluster4-Empty,319,6.39999962,1,-2.60998917,-1.55230045,18.56336,-0.0263941046,-0.00499343872,-6.64885855,0.112909906,0,9,0,0,0,0,0,0
Kinematic-Cluster4-Empty,319,6.39999962,2,-3.19644976,-1.2699405,23.6911144,0.000493068248,-0.1963465,16.9120445,0.198287383,0,7,0,0,0,0,0,0
Kinematic-Cluster4-Empty,319,6.39999962,3,-2.76157713,-1.23360252,12.9489355,0.06483176,-0.2721928,-6.648859,0.2793686,0,12,0,0,0,0,0,0
Kinematic-Cluster4-Empty,320,6.42,0,-3.00009751,-1.56274271,30.1001663,0.0305946916,-0.00119686127,2.16370773,0.229021117,0,11,0,0,0,0,0,0
Kinematic-Cluster4-Empty,320,6.42,1,-2.60986423,-1.55085623,18.153616,-0.0394141972,-0.00745672,-2.480929,0.07248071,0,9,0,0,0,0,0,0
Kinematic-Cluster4-Empty,320,6.42,2,-3.196454,-1.26827216,23.0341873,0.0007964168,-0.317142248,8.630569,0.083416976,0,8,0,0,0,0,0,0
Kinematic-Cluster4-Empty,320,6.42,3,-2.759455,-1.228298,13.7138052,0.0303399023,-0.3102437,-2.33129263,0.285666317,0,10,0,0,0,0,0,0
Kinematic-Cluster4-Empty,321,6.44,0,-2.99665737,-1.5628773,30.1106644,0.0420816764,-0.00164622068,8.553112,0.172138676,0,13,0,0,0,0,0,0
Kinematic-Cluster4-Empty,321,6.44,1,-2.61312437,-1.55289352,19.7183571,-0.0619700551,-0.0117240548,4.1833353,0.192217469,0,10,0,0,0,0,0,0
Kinematic-Cluster4-Empty,321,6.44,2,-3.196434,-1.2762264,23.28075,0.0009980202,-0.3974228,12.3281488,0.397713244,0,6,0,0,0,0,0,0
Kinematic-Cluster4-Empty,321,6.44,3,-2.75943875,-1.23497021,13.8008022,0.000366529363,-0.3334345,4.34984064,0.333614141,0,13,0,0,0,0,0,0
Kinematic-Cluster4-Empty,322,6.46,0,-3.00273418,-1.56263959,30.6062145,0.0466990471,-0.00182685256,14.2885027,0.304073,0,18,0,0,0,0,0,0
Kinematic-Cluster4-Empty,322,6.46,1,-2.613743,-1.5530107,19.9165154,-0.0318962559,-0.006034404,9.907965,0.03148479,0,13,0,0,0,0,0,0
Kinematic-Cluster4-Empty,322,6.46,2,-3.19641137,-1.2852571,23.5665188,0.00113303587,-0.451189041,14.2884951,0.4515364,0,8,0,0,0,0,0,0
Kinematic-Cluster4-Empty,322,6.46,3,-2.765369,-1.22106087,12.441555,-0.0298568681,-0.349057168,9.824913,0.7560371,0,13,0,0,0,0,0,0
Kinematic-Cluster4-Empty,323,6.48,0,-3.005559,-1.562529,28.8296013,-0.0137497485,0.00257461,3.37506175,0.141347438,0,11,0,0,0,0,0,0
Kinematic-Cluster4-Empty,323,6.48,1,-2.61338449,-1.55294275,20.0080414,0.0462239571,0.008745104,-8.065511,0.01824814,0,8,0,0,0,0,0,0
Kinematic-Cluster4-Empty,323,6.48,2,-3.19643259,-1.276771,23.2502041,0.000122636557,-0.0488484763,42.28191,0.4243089,0,4,0,0,0,0,0,0
Kinematic-Cluster4-Empty,323,6.48,3,-2.765474,-1.22717083,12.935626,0.0358917825,-0.246537149,32.18897,0.3055429,0,5,0,0,0,0,0,0
Kinematic-Cluster4-Empty,324,6.5,0,-2.998354,-1.5628109,29.92678,-0.01911202,0.00198813155,2.34755063,0.360526174,0,10,0,0,0,0,0,0
Kinematic-Cluster4-Empty,324,6.5,1,-2.609867,-1.5511378,19.83684,8.613616E-05,0.008204218,-2.1939826,0.197673127,0,6,0,0,0,0,0,0
Kinematic-Cluster4-Empty,324,6.5,2,-3.1964314,-1.27728868,23.6839943,6.369501E-05,-0.02536941,21.6894588,0.025886368,0,5,0,0,0,0,0,0
Kinematic-Cluster4-Empty,324,6.5,3,-2.76353216,-1.23118877,12.9307184,0.09712419,-0.200910389,-0.2453849,0.223130941,0,7,0,0,0,0,0,0
Kinematic-Cluster4-Empty,325,6.52,0,-2.99552727,-1.56292152,30.86445,-0.0106402105,0.0016421125,2.64337015,0.141442731,0,10,0,0,0,0,0,0
Kinematic-Cluster4-Empty,325,6.52,1,-2.612902,-1.55285144,19.6035461,-0.0469490737,-0.008882239,-21.9926624,0.174260825,0,9,0,0,0,0,0,0
Kinematic-Cluster4-Empty,325,6.52,2,-3.19643044,-1.27768338,23.97612,4.86969948E-05,-0.0193956587,14.6063681,0.0197351556,0,5,0,0,0,0,0,0
Kinematic-Cluster4-Empty,325,6.52,3,-2.76147223,-1.23530626,13.0011368,0.102656424,-0.205726117,3.52092648,0.230201289,0,10,0,0,0,0,0,0
Kinematic-Cluster4-Empty,326,6.54,0,-2.99543524,-1.5629251,30.726,0.005354238,-0.000209465623,-6.922565,0.004604952,0,17,0,0,0,0,0,0
Kinematic-Cluster4-Empty,326,6.54,1,-2.60984969,-1.54948664,16.6301765,-0.05284063,-0.009996861,-10.1131449,0.227145463,0,12,0,0,0,0,0,0
Kinematic-Cluster4-Empty,326,6.54,2,-3.196438,-1.27462542,23.690237,0.000510937534,-0.203461289,4.249808,0.152898312,0,8,0,0,0,0,0,0
Kinematic-Cluster4-Empty,326,6.54,3,-2.75361943,-1.22349274,14.0531082,0.0600396022,-0.2742158,-10.2086143,0.7092701,0,13,0,0,0,0,0,0
Kinematic-Cluster4-Empty,327,6.56,0,-2.99024582,-1.56312811,29.889677,-0.01962714,0.000767794,1.84695506,0.259669423,0,8,0,0,0,0,0,0
Kinematic-Cluster4-Empty,327,6.56,1,-2.61255,-1.55278492,17.9645271,-0.0532174259,-0.0100681186,-27.7112446,0.213134021,0,9,0,0,0,0,0,0
Kinematic-Cluster4-Empty,327,6.56,2,-3.19642925,-1.27809763,23.9577465,7.856637E-05,-0.03129071,21.6547947,0.173611015,0,4,0,0,0,0,0,0
Kinematic-Cluster4-Empty,327,6.56,3,-2.75247765,-1.22899079,14.1177607,0.0890368447,-0.230530113,9.215618,0.280767918,0,9,0,0,0,0,0,0
Kinematic-Cluster4-Empty,328,6.58,0,-3.00492668,-1.56255388,29.1186981,-0.000335047022,1.30981207E-05,-7.90428,0.7346044,0,19,0,0,0,0,0,0
Kinematic-Cluster4-Empty,328,6.58,1,-2.61376524,-1.55301487,17.77297,-0.05985813,-0.0113244951,-9.577796,0.06183926,0,14,0,0,0,0,0,0
Kinematic-Cluster4-Empty,328,6.58,2,-3.1964426,-1.27284813,23.228138,0.000525424257,-0.209229991,6.46303034,0.262475848,0,8,0,0,0,0,0,0
Kinematic-Cluster4-Empty,328,6.58,3,-2.75150514,-1.23471355,13.9262466,0.0496045277,-0.2865266,-9.575686,0.2902403,0,13,0,0,0,0,0,0
Kinematic-Cluster4-Empty,329,6.6,0,-2.99547958,-1.56292343,28.7726746,-0.0207107645,0.001745009,1.48324347,0.472716153,0,9,0,0,0,0,0,0
Kinematic-Cluster4-Empty,329,6.6,1,-2.60985851,-1.55031931,19.7422733,1.74849993E-06,0.000166542,-36.4657822,0.2373213,0,11,0,0,0,0,0,0
Kinematic-Cluster4-Empty,329,6.6,2,-3.19643378,-1.27633822,23.45879,5.979091E-05,-0.0238123,19.9383965,0.174505085,0,3,0,0,0,0,0,0
Kinematic-Cluster4-Empty,329,6.6,3,-2.750345,-1.24007,13.879158,0.09701137,-0.218460709,-0.09451499,0.27403143,0,11,0,0,0,0,0,0
Kinematic-Cluster4-Empty,330,6.62,0,-2.99322629,-1.56301153,29.9785957,-0.007982277,0.0003122585,0.7686071,0.112750776,0,9,0,0,0,0,0,0
Kinematic-Cluster4-Empty,330,6.62,1,-2.615143,-1.55327547,20.8489132,-0.0500905029,-0.00947654247,-34.5717049,0.30275932,0,11,0,0,0,0,0,0
Kinematic-Cluster4-Empty,330,6.62,2,-3.19643259,-1.27676737,23.7799416,5.29512763E-05,-0.02108901,16.0574837,0.0214577559,0,4,0,0,0,0,0,0
Kinematic-Cluster4-Empty,330,6.62,3,-2.74794364,-1.24435854,13.843009,0.120247595,-0.214507163,-1.80742,0.245754912,0,10,0,0,0,0,0,0
Kinematic-Cluster4-Empty,331,6.64,0,-3.0090785,-1.5623914,28.5399551,-0.00125839934,4.92036343E-05,-6.82008076,0.7932169,0,14,0,0,0,0,0,0
Kinematic-Cluster4-Empty,331,6.64,1,-2.610795,-1.5524528,20.9938374,-0.0508761033,-0.009625196,-13.752677,0.221259043,0,15,0,0,0,0,0,0
Kinematic-Cluster4-Empty,331,6.64,2,-3.19644666,-1.27124715,23.0647964,0.000507617369,-0.202139124,3.39494348,0.276012123,0,8,0,0,0,0,0,0
Kinematic-Cluster4-Empty,331,6.64,3,-2.7548182,-1.23311174,12.060214,0.08221883,-0.280285418,-14.112956,0.6590715,0,9,0,0,0,0,0,0
Kinematic-Cluster4-Empty,332,6.66,0,-3.00379562,-1.562598,28.6032448,0.0108761638,-0.000425487757,3.4107213,0.264345825,0,13,0,0,0,0,0,0
Kinematic-Cluster4-Empty,332,6.66,1,-2.609871,-1.55148959,19.9441433,-0.05171055,-0.009783059,-6.3186245,0.0667412058,0,8,0,0,0,0,0,0
Kinematic-Cluster4-Empty,332,6.66,2,-3.196455,-1.26787937,21.83992,0.0007909555,-0.314967662,4.080028,0.1683896,0,9,0,0,0,0,0,0
Kinematic-Cluster4-Empty,332,6.66,3,-2.75736761,-1.22921908,12.2852345,0.0438637361,-0.320727855,-6.10442352,0.23266013,0,8,0,0,0,0,0,0
Kinematic-Cluster4-Empty,333,6.68,0,-3.00568366,-1.5625242,28.8758621,0.0270266719,-0.00105726719,9.299669,0.09447391,0,10,0,0,0,0,0,0
Kinematic-Cluster4-Empty,333,6.68,1,-2.60987568,-1.55196536,20.0326672,-0.0406813771,-0.00769644976,2.54486275,0.02378941,0,7,0,0,0,0,0,0
Kinematic-Cluster4-Empty,333,6.68,2,-3.196455,-1.26784289,21.6854057,0.0009769127,-0.389018744,9.316638,0.00182390213,0,8,0,0,0,0,0,0
Kinematic-Cluster4-Empty,333,6.68,3,-2.76083517,-1.22836959,12.2176952,0.00693887053,-0.3446375,2.54598236,0.178504884,0,7,0,0,0,0,0,0
Kinematic-Cluster4-Empty,334,6.7,0,-3.00626016,-1.56250155,29.3286,0.0450843573,-0.00176370144,14.0167627,0.0288470443,0,10,0,0,0,0,0,0
Kinematic-Cluster4-Empty,334,6.7,1,-2.60987687,-1.552068,20.2778835,-0.0242216885,-0.00458246469,11.0673008,0.005132306,0,6,0,0,0,0,0,0
Kinematic-Cluster4-Empty,334,6.7,2,-3.19645429,-1.268179,21.7834873,0.00110657513,-0.4406523,14.0406389,0.0168085489,0,8,0,0,0,0,0,0
Kinematic-Cluster4-Empty,334,6.7,3,-2.76379585,-1.22914326,12.82494,-0.0255684461,-0.360260159,11.0111408,0.1530049,0,6,0,0,0,0,0,0
Kinematic-Cluster4-Empty,335,6.72,0,-3.00660586,-1.56248808,29.98035,0.0627463162,-0.00245460868,18.0285454,0.0172984637,0,10,0,0,0,0,0,0
Kinematic-Cluster4-Empty,335,6.72,1,-2.60987687,-1.55206954,20.3903122,-0.0109002143,-0.0020621717,16.7126884,7.748604E-05,0,6,0,0,0,0,0,0
Kinematic-Cluster4-Empty,335,6.72,2,-3.19645238,-1.26894748,22.1488934,0.00121641532,-0.4843913,18.0127659,0.0384212732,0,8,0,0,0,0,0,0
Kinematic-Cluster4-Empty,335,6.72,3,-2.767046,-1.23022223,13.8557825,-0.04566666,-0.363241374,16.5681515,0.171226859,0,6,0,0,0,0,0,0
Kinematic-Cluster4-Empty,336,6.74,0,-3.00500679,-1.56255066,30.4156322,0.0775731653,-0.00303462148,21.764,0.0800148845,0,15,0,0,0,0,0,0
Kinematic-Cluster4-Empty,336,6.74,1,-2.61181617,-1.552646,19.6077728,-0.0587098859,-0.0111072361,19.0685711,0.101158537,0,7,0,0,0,0,0,0
Kinematic-Cluster4-Empty,336,6.74,2,-3.19644332,-1.2725302,22.2629452,0.00131169707,-0.522334039,23.2046432,0.179136381,0,8,0,0,0,0,0,0
Kinematic-Cluster4-Empty,336,6.74,3,-2.76627564,-1.22849667,15.5447931,-0.05333587,-0.358925968,19.35471,0.09448475,0,10,0,0,0,0,0,0
Kinematic-Cluster4-Empty,337,6.75999975,0,-2.99922061,-1.56277692,29.55458,-0.0490439273,0.00191854872,5.269048,0.289530128,0,9,0,0,0,0,0,0
Kinematic-Cluster4-Empty,337,6.75999975,1,-2.60986376,-1.55082083,20.3350372,5.551055E-05,0.005287231,5.26211643,0.133634835,0,8,0,0,0,0,0,0
Kinematic-Cluster4-Empty,337,6.75999975,2,-3.19644046,-1.27368927,23.0678921,0.00014296174,-0.0569430739,40.2472763,0.05795377,0,4,0,0,0,0,0,0
Kinematic-Cluster4-Empty,337,6.75999975,3,-2.76512241,-1.23232615,15.571373,0.05752614,-0.191424251,1.32896113,0.199967831,0,9,0,0,0,0,0,0
Kinematic-Cluster4-Empty,338,6.77999973,0,-2.99788213,-1.56282938,30.3422832,-0.0232510976,0.0009095594,0.688864231,0.06697547,0,10,0,0,0,0,0,0
Kinematic-Cluster4-Empty,338,6.77999973,1,-2.61281753,-1.55283546,21.4125557,-0.0449995138,-0.008513406,-17.1412449,0.178770155,0,10,0,0,0,0,0,0
Kinematic-Cluster4-Empty,338,6.77999973,2,-3.19643927,-1.27419209,23.4541416,6.195903E-05,-0.0246756636,19.3125362,0.02514131,0,4,0,0,0,0,0,0
Kinematic-Cluster4-Empty,338,6.77999973,3,-2.7634027,-1.23606491,15.5668449,0.08600661,-0.1869469,-0.226447567,0.205765322,0,10,0,0,0,0,0,0
Kinematic-Cluster4-Empty,339,6.79999971,0,-3.00921917,-1.56238592,29.4272156,-2.70772725E-05,1.04308128E-06,-5.516923,0.5672856,0,17,0,0,0,0,0,0
Kinematic-Cluster4-Empty,339,6.79999971,1,-2.613993,-1.55305791,21.2133865,-0.05781481,-0.0109379292,-9.958493,0.05981336,0,11,0,0,0,0,0,0
Kinematic-Cluster4-Empty,339,6.79999971,2,-3.19644928,-1.27017379,23.0341282,0.0005168542,-0.205817148,6.70189667,0.200915962,0,8,0,0,0,0,0,0
Kinematic-Cluster4-Empty,339,6.79999971,3,-2.76246071,-1.24139142,15.3709631,0.0480990857,-0.266700536,-9.794059,0.2704582,0,14,0,0,0,0,0,0
Kinematic-Cluster4-Empty,340,6.81999969,0,-3.001547,-1.56268609,29.8758354,-0.0253202654,0.00397955673,5.593601,0.383897066,0,11,0,0,0,0,0,0
Kinematic-Cluster4-Empty,340,6.81999969,1,-2.60985923,-1.55038154,21.7137585,-0.000526309,-9.956956E-05,-38.3469048,0.246223643,0,11,0,0,0,0,0,0
Kinematic-Cluster4-Empty,340,6.81999969,2,-3.1964438,-1.27232146,23.24789,6.900728E-05,-0.0274846554,13.48646,0.107384078,0,5,0,0,0,0,0,0
Kinematic-Cluster4-Empty,340,6.81999969,3,-2.761002,-1.24601972,15.34632,0.09351578,-0.203213841,-0.133894682,0.2426356,0,11,0,0,0,0,0,0
Kinematic-Cluster4-Empty,341,6.83999968,0,-2.99898219,-1.56278634,30.6974411,-0.0128747011,0.0005036453,1.70937479,0.128343284,0,10,0,0,0,0,0,0
Kinematic-Cluster4-Empty,341,6.83999968,1,-2.61524224,-1.5532943,22.2448959,-0.04906896,-0.009283304,-34.8957558,0.306027055,0,10,0,0,0,0,0,0
Kinematic-Cluster4-Empty,341,6.83999968,2,-3.196443,-1.272681,23.4823246,4.445389E-05,-0.0177044068,11.7217054,0.0179767963,0,5,0,0,0,0,0,0
Kinematic-Cluster4-Empty,341,6.83999968,3,-2.758784,-1.25030863,15.3427172,0.110913068,-0.214453131,-0.180127323,0.241424546,0,11,0,0,0,0,0,0
Kinematic-Cluster4-Empty,342,6.85999966,0,-3.00632977,-1.56249893,28.56676,-0.005043863,0.0009920609,1.27964985,0.367660165,0,12,0,0,0,0,0,0
Kinematic-Cluster4-Empty,342,6.85999966,1,-2.61486769,-1.55322349,21.3217926,0.0232439712,0.00439752638,-46.1550636,0.01905951,0,14,0,0,0,0,0,0
Kinematic-Cluster4-Empty,342,6.85999966,2,-3.1964426,-1.27288032,23.712225,2.43410468E-05,-0.009695639,11.4950666,0.00996592548,0,5,0,0,0,0,0,0
Kinematic-Cluster4-Empty,342,6.85999966,3,-2.76801276,-1.21913481,13.3684731,0.0724037141,-0.281876236,-12.9455214,1.62555873,0,9,0,0,0,0,0,0
Kinematic-Cluster4-Empty,343,6.87999964,0,-2.999752,-1.5627563,29.5173588,-0.0110572251,0.00149467075,1.90967059,0.3291382,0,11,0,0,0,0,0,0
Kinematic-Cluster4-Empty,343,6.87999964,1,-2.609873,-1.55170763,19.6013851,5.87329268E-05,0.00559402024,-32.980587,0.260979831,0,5,0,0,0,0,0,0
Kinematic-Cluster4-Empty,343,6.87999964,2,-3.196442,-1.27310956,23.9589252,2.80663371E-05,-0.01117911,12.335063,0.0114620291,0,6,0,0,0,0,0,0
Kinematic-Cluster4-Empty,343,6.87999964,3,-2.76551819,-1.223964,13.3641033,0.124753982,-0.24146685,-0.218459547,0.271770865,0,6,0,0,0,0,0,0
Kinematic-Cluster4-Empty,344,6.89999962,0,-2.997397,-1.56284833,30.758894,-0.0158954933,0.0006218157,2.48229957,0.117844813,0,10,0,0,0,0,0,0
Kinematic-Cluster4-Empty,344,6.89999962,1,-2.61188436,-1.55265892,19.1434116,-0.0544221736,-0.0102960467,-27.19901,0.111246087,0,6,0,0,0,0,0,0
Kinematic-Cluster4-Empty,344,6.89999962,2,-3.196441,-1.27351141,24.1765537,4.98518348E-05,-0.0198547449,10.8813257,0.0200927835,0,5,0,0,0,0,0,0
Kinematic-Cluster4-Empty,344,6.89999962,3,-2.76291752,-1.22866642,13.3268309,0.130223691,-0.235200286,-1.8636291,0.268684328,0,7,0,0,0,0,0,0
Kinematic-Cluster4-Empty,345,6.92,0,-3.00770044,-1.56244528,30.1963043,-0.000184315257,7.197261E-06,-7.779745,0.515568852,0,10,0,0,0,0,0,0
Kinematic-Cluster4-Empty,345,6.92,1,-2.61109233,-1.55250907,19.3630257,-0.060641747,-0.0114727318,-14.9948387,0.04030384,0,8,0,0,0,0,0,0
Kinematic-Cluster4-Empty,345,6.92,2,-3.196451,-1.26950216,23.5552521,0.0005165385,-0.205691636,2.4568665,0.200462967,0,8,0,0,0,0,0,0
Kinematic-Cluster4-Empty,345,6.92,3,-2.7638216,-1.22809446,12.7362852,0.08216219,-0.282485664,-15.06963,0.053490933,0,8,0,0,0,0,0,0
Kinematic-Cluster4-Empty,346,6.94,0,-3.00310564,-1.562625,29.8184948,0.008846367,-0.00034609437,2.93549252,0.229915917,0,11,0,0,0,0,0,0
Kinematic-Cluster4-Empty,346,6.94,1,-2.60987139,-1.55154693,18.2106228,-0.056925796,-0.0107697248,-6.801704,0.077724,0,6,0,0,0,0,0,0
Kinematic-Cluster4-Empty,346,6.94,2,-3.19645643,-1.26735651,22.6237717,0.0007955879,-0.3168119,3.597558,0.10728275,0,8,0,0,0,0,0,0
Kinematic-Cluster4-Empty,346,6.94,3,-2.76328731,-1.22694206,13.901206,0.04183019,-0.320898473,-6.56012964,0.0635116,0,7,0,0,0,0,0,0
Kinematic-Cluster4-Empty,347,6.96,0,-3.00535822,-1.562537,29.9685173,0.0253108852,-0.0009901524,9.214766,0.112715043,0,9,0,0,0,0,0,0
Kinematic-Cluster4-Empty,347,6.96,1,-2.60987616,-1.55200863,18.8994,-0.0433024019,-0.008192331,2.66836762,0.02308611,0,8,0,0,0,0,0,0
Kinematic-Cluster4-Empty,347,6.96,2,-3.19645548,-1.26773739,22.6243076,0.0009775124,-0.389258146,9.30822,0.0190437436,0,6,0,0,0,0,0,0
Kinematic-Cluster4-Empty,347,6.96,3,-2.76566887,-1.22800684,13.5006,0.003499516,-0.3461398,2.69443178,0.130437672,0,9,0,0,0,0,0,0
Kinematic-Cluster4-Empty,348,6.98,0,-3.00624013,-1.56250238,30.4087811,0.0446855873,-0.001748085,12.6224022,0.0441293828,0,9,0,0,0,0,0,0
Kinematic-Cluster4-Empty,348,6.98,1,-2.60987663,-1.55204415,19.7186489,-0.0334387571,-0.00632622838,9.922422,0.00177637849,0,7,0,0,0,0,0,0
Kinematic-Cluster4-Empty,348,6.98,2,-3.19645381,-1.26835251,22.6605377,0.00111742318,-0.444970965,12.6224012,0.03075611,0,7,0,0,0,0,0,0
Kinematic-Cluster4-Empty,348,6.98,3,-2.76844645,-1.229628,13.3491259,-0.0291586034,-0.353632241,9.879814,0.160802558,0,7,0,0,0,0,0,0
Kinematic-Cluster4-Empty,349,7,0,-3.00502467,-1.56255007,30.7572975,0.058866065,-0.00230282545,17.4259377,0.0608196445,0,14,0,0,0,0,0,0
Kinematic-Cluster4-Empty,349,7,1,-2.6116755,-1.55261946,19.19058,-0.0608596765,-0.0115139782,14.3177338,0.094431214,0,7,0,0,0,0,0,0
Kinematic-Cluster4-Empty,349,7,2,-3.196446,-1.27154315,22.61143,0.00122649223,-0.488403618,19.1885223,0.159532323,0,7,0,0,0,0,0,0
Kinematic-Cluster4-Empty,349,7,3,-2.76558948,-1.22770119,14.9827394,-0.0443064459,-0.356654078,14.5224991,0.172298849,0,10,0,0,0,0,0,0
Kinematic-Cluster4-Empty,350,7.02,0,-2.99816728,-1.56281817,29.9038143,-0.0468013734,0.00516232243,6.25186729,0.343131721,0,9,0,0,0,0,0,0
Kinematic-Cluster4-Empty,350,7.02,1,-2.60986328,-1.55077481,19.716198,5.20758331E-05,0.004960029,-1.81796181,0.129294753,0,8,0,0,0,0,0,0
Kinematic-Cluster4-Empty,350,7.02,2,-3.19643641,-1.2752465,23.2256184,0.000118628144,-0.0472514965,35.327713,0.185168415,0,4,0,0,0,0,0,0
Kinematic-Cluster4-Empty,350,7.02,3,-2.765128,-1.23250675,15.0830059,0.0599761643,-0.188259646,-0.695094645,0.241384074,0,9,0,0,0,0,0,0
Kinematic-Cluster4-Empty,351,7.04,0,-2.99681067,-1.56287134,30.355341,-0.018351905,0.00172473455,1.99201465,0.06788216,0,10,0,0,0,0,0,0
Kinematic-Cluster4-Empty,351,7.04,1,-2.61284542,-1.55284083,20.9350185,-0.0442096852,-0.008363977,-22.0893879,0.181394458,0,9,0,0,0,0,0,0
Kinematic-Cluster4-Empty,351,7.04,2,-3.19643545,-1.27570653,23.5789337,5.670637E-05,-0.0225862768,17.66574,0.0230014827,0,5,0,0,0,0,0,0
Kinematic-Cluster4-Empty,351,7.04,3,-2.76333165,-1.23619413,15.0756741,0.08985377,-0.184380159,-0.366589367,0.205080986,0,10,0,0,0,0,0,0
Kinematic-Cluster4-Empty,352,7.06,0,-3.003428,-1.56261241,29.4835339,-0.0005402677,2.11149454E-05,-5.42980146,0.331118584,0,17,0,0,0,0,0,0
Kinematic-Cluster4-Empty,352,7.06,1,-2.61398578,-1.55305648,20.71732,-0.0559499077,-0.0105850995,-10.8849,0.05802837,0,11,0,0,0,0,0,0
Kinematic-Cluster4-Empty,352,7.06,2,-3.19671845,-1.27981329,23.7032948,-0.0148191126,-0.20518811,6.218038,0.205824971,0,8,0,0,0,0,0,0
Kinematic-Cluster4-Empty,352,7.06,3,-2.76718354,-1.221217,13.259532,0.05470178,-0.263848424,-10.8096867,0.773224652,0,14,0,0,0,0,0,0
Kinematic-Cluster4-Empty,353,7.08,0,-2.996329,-1.56289017,30.1350956,-0.0332176,0.00376969,4.77492476,0.355217278,0,10,0,0,0,0,0,0
Kinematic-Cluster4-Empty,353,7.08,1,-2.609868,-1.55124,19.3098831,2.06548721E-05,0.00196730369,-30.2517242,0.22502996,0,5,0,0,0,0,0,0
Kinematic-Cluster4-Empty,353,7.08,2,-3.19642377,-1.28036833,24.078392,6.87018037E-05,-0.0273634382,18.7549629,0.03142082,0,5,0,0,0,0,0,0
Kinematic-Cluster4-Empty,353,7.08,3,-2.76533222,-1.225465,13.2565317,0.0925825238,-0.212405235,-0.1500283,0.231695324,0,6,0,0,0,0,0,0
Kinematic-Cluster4-Empty,354,7.1,0,-2.9962194,-1.56289446,30.0031185,0.0062102573,-0.000242963433,-6.598861,0.00548782432,0,17,0,0,0,0,0,0
Kinematic-Cluster4-Empty,354,7.1,1,-2.61086941,-1.55246687,17.1832829,-0.05693466,-0.0107713938,-8.326555,0.07918344,0,8,0,0,0,0,0,0
Kinematic-Cluster4-Empty,354,7.1,2,-3.19643354,-1.27639055,23.65443,0.0005229395,-0.208240718,6.01397228,0.19888939,0,9,0,0,0,0,0,0
Kinematic-Cluster4-Empty,354,7.1,3,-2.75847816,-1.221194,15.4957609,0.06350951,-0.272254378,-8.32656,0.4037939,0,10,0,0,0,0,0,0
Kinematic-Cluster4-Empty,355,7.12,0,-2.98993659,-1.56314027,29.8719254,-0.0246456843,0.000964114442,2.06860161,0.314380646,0,8,0,0,0,0,0,0
Kinematic-Cluster4-Empty,355,7.12,1,-2.60985541,-1.55001581,17.3745041,1.85081735E-05,0.0017628303,-19.1358051,0.132626265,0,7,0,0,0,0,0,0
Kinematic-Cluster4-Empty,355,7.12,2,-3.19642448,-1.2799933,23.92783,8.330494E-05,-0.03317911,22.7318764,0.180137739,0,4,0,0,0,0,0,0
Kinematic-Cluster4-Empty,355,7.12,3,-2.75707555,-1.226651,15.3918037,0.103032343,-0.228859037,1.66549706,0.2817151,0,7,0,0,0,0,0,0
Kinematic-Cluster4-Empty,356,7.14,0,-3.00132251,-1.56269491,29.43832,0.00728905853,-0.000285163522,-5.54128456,0.569731236,0,9,0,0,0,0,0,0
Kinematic-Cluster4-Empty,356,7.14,1,-2.6120255,-1.55268562,18.2053566,-0.0577679053,-0.0109290183,-6.41632,0.172025919,0,10,0,0,0,0,0,0
Kinematic-Cluster4-Empty,356,7.14,2,-3.19643855,-1.2744602,23.3711948,0.000533124432,-0.212296516,8.575242,0.276655853,0,8,0,0,0,0,0,0
Kinematic-Cluster4-Empty,356,7.14,3,-2.75972819,-1.22482169,13.8698978,0.06798757,-0.282960534,-6.477087,0.16111131,0,9,0,0,0,0,0,0
Kinematic-Cluster4-Empty,357,7.16,0,-2.99484038,-1.56294847,29.94345,-0.0271875728,0.00297183543,3.62431645,0.324354082,0,9,0,0,0,0,0,0
Kinematic-Cluster4-Empty,357,7.16,1,-2.60986233,-1.55069351,18.2245712,2.01482326E-05,0.00191905478,-26.271286,0.1470357,0,8,0,0,0,0,0,0
Kinematic-Cluster4-Empty,357,7.16,2,-3.19642973,-1.27798784,23.61489,6.60941E-05,-0.0263260175,19.1661415,0.176382616,0,4,0,0,0,0,0,0
Kinematic-Cluster4-Empty,357,7.16,3,-2.758468,-1.230269,13.8464632,0.100674905,-0.220012456,-0.428211629,0.279557884,0,9,0,0,0,0,0,0
Kinematic-Cluster4-Empty,358,7.18,0,-2.99484921,-1.562948,29.8620243,8.631498E-06,-3.57627869E-07,-4.071244,0.0004417183,0,17,0,0,0,0,0,0
Kinematic-Cluster4-Empty,358,7.18,1,-2.611402,-1.55256772,16.7699013,-0.05766216,-0.0109090507,-7.93741751,0.121278144,0,12,0,0,0,0,0,0
Kinematic-Cluster4-Empty,358,7.18,2,-3.19643736,-1.27494276,23.43258,0.000523414463,-0.208429947,7.43438864,0.152254581,0,8,0,0,0,0,0,0
Kinematic-Cluster4-Empty,358,7.18,3,-2.75234056,-1.2223947,14.0767374,0.07178626,-0.277641,-8.018865,0.498869568,0,13,0,0,0,0,0,0
Kinematic-Cluster4-Empty,359,7.2,0,-3.00347543,-1.56261063,28.5666485,0.008955808,-0.0003503561,3.81236243,0.431640863,0,9,0,0,0,0,0,0
Kinematic-Cluster4-Empty,359,7.2,1,-2.61050582,-1.5523982,17.3742657,-0.0455453061,-0.008616656,-2.25675058,0.04560531,0,9,0,0,0,0,0,0
Kinematic-Cluster4-Empty,359,7.2,2,-3.19644642,-1.27133441,22.5140667,0.000804794952,-0.320478827,4.14965,0.18041788,0,8,0,0,0,0,0,0
Kinematic-Cluster4-Empty,359,7.2,3,-2.75437117,-1.22277534,13.3807554,0.0278848857,-0.323381782,-2.25675249,0.103298888,0,8,0,0,0,0,0,0
Kinematic-Cluster4-Empty,360,7.22,0,-3.0028882,-1.56263351,28.76291,0.0282884128,-0.00110664964,9.813152,0.029383542,0,12,0,0,0,0,0,0
Kinematic-Cluster4-Empty,360,7.22,1,-2.60986948,-1.551358,17.2745056,-0.037789546,-0.00714936852,4.67956924,0.0609710142,0,9,0,0,0,0,0,0
Kinematic-Cluster4-Empty,360,7.22,2,-3.196445,-1.27189887,22.3160286,0.0009890944,-0.393870056,11.5414,0.02822289,0,8,0,0,0,0,0,0
Kinematic-Cluster4-Empty,360,7.22,3,-2.75681067,-1.22400582,12.9310389,-0.004994754,-0.348227739,4.84167528,0.136612877,0,9,0,0,0,0,0,0
Kinematic-Cluster4-Empty,361,7.24,0,-3.00195646,-1.56267,29.07281,0.0449044,-0.00175663829,15.4950275,0.0466226824,0,11,0,0,0,0,0,0
Kinematic-Cluster4-Empty,361,7.24,1,-2.611809,-1.55264473,17.42832,-0.06352972,-0.0120191276,12.3626814,0.116377719,0,8,0,0,0,0,0,0
Kinematic-Cluster4-Empty,361,7.24,2,-3.196441,-1.2734915,22.3317585,0.00112237781,-0.4469438,16.1766911,0.0796320662,0,8,0,0,0,0,0,0
Kinematic-Cluster4-Empty,361,7.24,3,-2.75818229,-1.22423315,13.3848658,-0.0322951041,-0.362756759,12.59153,0.06951667,0,9,0,0,0,0,0,0
Kinematic-Cluster4-Empty,362,7.25999975,0,-2.995132,-1.5629369,29.19758,-0.0414670967,0.00464333361,5.20431,0.34148553,0,9,0,0,0,0,0,0
Kinematic-Cluster4-Empty,362,7.25999975,1,-2.60986376,-1.55082154,18.0946484,4.05907631E-05,0.003866166,-4.15716648,0.133304492,0,8,0,0,0,0,0,0
Kinematic-Cluster4-Empty,362,7.25999975,2,-3.1964314,-1.277324,22.92149,0.000113844872,-0.0453433953,35.61902,0.191623569,0,4,0,0,0,0,0,0
Kinematic-Cluster4-Empty,362,7.25999975,3,-2.75766087,-1.22927022,13.4804964,0.0670145452,-0.1959064,-0.657998443,0.253199279,0,9,0,0,0,0,0,0
Kinematic-Cluster4-Empty,363,7.27999973,0,-2.9929235,-1.56302333,30.04545,-0.0147520741,0.00119198964,1.18572593,0.1105081,0,9,0,0,0,0,0,0
Kinematic-Cluster4-Empty,363,7.27999973,1,-2.61288619,-1.55284846,19.2992249,-0.04576661,-0.008658528,-21.7209129,0.18195799,0,9,0,0,0,0,0,0
Kinematic-Cluster4-Empty,363,7.27999973,2,-3.19643021,-1.277785,23.3164463,5.66542149E-05,-0.0225663874,19.74779,0.0230491944,0,4,0,0,0,0,0,0
Kinematic-Cluster4-Empty,363,7.27999973,3,-2.755744,-1.23308921,13.473196,0.09588075,-0.190964177,-0.364999831,0.21365349,0,10,0,0,0,0,0,0
Kinematic-Cluster4-Empty,364,7.29999971,0,-3.00642252,-1.56249523,29.36564,0.0003667632,-1.43647194E-05,-5.50906372,0.6754674,0,19,0,0,0,0,0,0
Kinematic-Cluster4-Empty,364,7.29999971,1,-2.61393785,-1.55304742,19.0924931,-0.0515953042,-0.009761244,-10.33662,0.0535159633,0,14,0,0,0,0,0,0
Kinematic-Cluster4-Empty,364,7.29999971,2,-3.1964426,-1.27278435,23.0688534,0.000509921461,-0.203057185,6.46200275,0.250030339,0,8,0,0,0,0,0,0
Kinematic-Cluster4-Empty,364,7.29999971,3,-2.754587,-1.23849523,13.266839,0.05890464,-0.270734519,-10.3178587,0.2764228,0,13,0,0,0,0,0,0
Kinematic-Cluster4-Empty,365,7.31999969,0,-2.99920225,-1.56277776,29.5496464,-0.0247254837,0.00096723577,1.63633931,0.3612897,0,10,0,0,0,0,0,0
Kinematic-Cluster4-Empty,365,7.31999969,1,-2.60986,-1.55045307,19.9771214,-0.00356929377,-0.000675261,-33.6351852,0.241661027,0,11,0,0,0,0,0,0
Kinematic-Cluster4-Empty,365,7.31999969,2,-3.19644141,-1.2732842,23.4236221,6.169081E-05,-0.0245687123,17.7384281,0.0249922983,0,4,0,0,0,0,0,0
Kinematic-Cluster4-Empty,365,7.31999969,3,-2.75261259,-1.24269772,13.2597437,0.09875318,-0.210136592,-0.354794443,0.2321579,0,11,0,0,0,0,0,0
Kinematic-Cluster4-Empty,366,7.33999968,0,-2.99696851,-1.56286514,30.4464283,-0.0131701129,0.0005152011,1.60518086,0.111772612,0,9,0,0,0,0,0,0
Kinematic-Cluster4-Empty,366,7.33999968,1,-2.61568236,-1.55337751,20.5682354,-0.0505637862,-0.009566098,-32.5671959,0.3257796,0,10,0,0,0,0,0,0
Kinematic-Cluster4-Empty,366,7.33999968,2,-3.19644046,-1.27369094,23.6894112,5.02765179E-05,-0.02002316,13.2895155,0.02033716,0,5,0,0,0,0,0,0
Kinematic-Cluster4-Empty,366,7.33999968,3,-2.75024748,-1.24693465,13.2041607,0.118545771,-0.2119656,-2.77914977,0.242617965,0,10,0,0,0,0,0,0
Kinematic-Cluster4-Empty,367,7.35999966,0,-3.00633049,-1.56249881,30.33437,-0.005867376,0.000229507685,-6.846851,0.468457371,0,21,0,0,0,0,0,0
Kinematic-Cluster4-Empty,367,7.35999966,1,-2.61676168,-1.55358171,20.2818165,-0.0525800921,-0.009947538,-14.320962,0.0549234338,0,15,0,0,0,0,0,0
Kinematic-Cluster4-Empty,367,7.35999966,2,-3.19672632,-1.277754,23.73135,-0.0145229576,-0.203102022,2.09684157,0.20365271,0,8,0,0,0,0,0,0
Kinematic-Cluster4-Empty,367,7.35999966,3,-2.76014829,-1.21447766,11.3227968,0.079640165,-0.278613776,-14.6603251,1.69667518,0,16,0,0,0,0,0,0
Kinematic-Cluster4-Empty,368,7.37999964,0,-3.01016951,-1.56234872,27.9326935,0.00345215388,-0.000135064125,4.41546869,0.19209744,0,12,0,0,0,0,0,0
Kinematic-Cluster4-Empty,368,7.37999964,1,-2.61788321,-1.55379391,20.1368942,-0.05538426,-0.0104780793,-7.24612045,0.0570709,0,6,0,0,0,0,0,0
Kinematic-Cluster4-Empty,368,7.37999964,2,-3.19644475,-1.27197361,22.4918575,0.000795710832,-0.316861421,4.963836,0.289359659,0,9,0,0,0,0,0,0
Kinematic-Cluster4-Empty,368,7.37999964,3,-2.7592845,-1.220878,11.1907072,0.0438610762,-0.3203139,-6.60446835,0.322918624,0,5,0,0,0,0,0,0
Kinematic-Cluster4-Empty,369,7.39999962,0,-3.0015254,-1.56268692,28.9546165,-0.035395544,0.00138463732,0.864249647,0.4325359,0,8,0,0,0,0,0,0
Kinematic-Cluster4-Empty,369,7.39999962,1,-2.60940766,-1.55219042,18.1069965,0.004587818,0.00086799264,-20.33783,0.431294531,0,7,0,0,0,0,0,0
Kinematic-Cluster4-Empty,369,7.39999962,2,-3.196443,-1.27265179,22.99137,8.358061E-05,-0.0332890376,24.9756432,0.0339091867,0,3,0,0,0,0,0,0
Kinematic-Cluster4-Empty,369,7.39999962,3,-2.75738454,-1.22546625,11.1837072,0.09503588,-0.229429826,-0.3500063,0.248303458,0,8,0,0,0,0,0,0
Kinematic-Cluster4-Empty,370,7.4199996,0,-3.00149155,-1.56268823,29.0215874,0.00132561056,-5.18709421E-05,3.34846735,0.00169404119,0,12,0,0,0,0,0,0
Kinematic-Cluster4-Empty,370,7.4199996,1,-2.61188531,-1.55265915,16.9314213,-0.0604012869,-0.0114272535,-2.73724961,0.126079723,0,7,0,0,0,0,0,0
Kinematic-Cluster4-Empty,370,7.4199996,2,-3.19645047,-1.269721,22.6482162,0.0005393252,-0.214765966,6.765975,0.146538481,0,8,0,0,0,0,0,0
Kinematic-Cluster4-Empty,370,7.4199996,3,-2.75520349,-1.223386,13.013751,0.0576186068,-0.306562275,-2.73724747,0.150700316,0,7,0,0,0,0,0,0
Kinematic-Cluster4-Empty,371,7.44,0,-2.99488688,-1.56294656,28.8921757,0.0119786477,-0.000468611717,5.21394253,0.3304861,0,12,0,0,0,0,0,0
Kinematic-Cluster4-Empty,371,7.44,1,-2.609865,-1.55092585,17.5644417,-0.04687152,-0.008867562,-0.468632728,0.1330995,0,10,0,0,0,0,0,0
Kinematic-Cluster4-Empty,371,7.44,2,-3.19643378,-1.2763356,22.76908,0.000830166042,-0.330581725,6.043167,0.330729336,0,8,0,0,0,0,0,0
Kinematic-Cluster4-Empty,371,7.44,3,-2.75487947,-1.230101,13.0053606,0.0162539221,-0.335767239,-0.41949603,0.336137623,0,10,0,0,0,0,0,0
Kinematic-Cluster4-Empty,372,7.46,0,-2.99300432,-1.56302023,29.92061,-0.02749134,0.00472879456,6.85256433,0.09419971,0,9,0,0,0,0,0,0
Kinematic-Cluster4-Empty,372,7.46,1,-2.613413,-1.55294812,19.3322735,-0.0540839434,-0.0102320611,-20.9726048,0.204199016,0,10,0,0,0,0,0,0
Kinematic-Cluster4-Empty,372,7.46,2,-3.196428,-1.27862942,23.2833443,9.78410244E-05,-0.03896788,29.4204178,0.114691623,0,4,0,0,0,0,0,0
Kinematic-Cluster4-Empty,372,7.46,3,-2.753705,-1.23522747,13.3104763,0.07586298,-0.2300995,17.3102837,0.2629643,0,11,0,0,0,0,0,0
Kinematic-Cluster4-Empty,373,7.48,0,-2.99952078,-1.56276524,24.0414486,0.0279781222,-0.00109447679,-7.96848965,0.3260722,0,15,0,0,0,0,0,0
Kinematic-Cluster4-Empty,373,7.48,1,-2.60986662,-1.55107749,19.8096867,8.666143E-05,0.008254118,-40.48925,0.20047918,0,13,0,0,0,0,0,0
Kinematic-Cluster4-Empty,373,7.48,2,-3.19644713,-1.27099323,23.166954,-9.30503E-05,0.03705078,24.2606468,0.381810665,0,5,0,0,0,0,0,0
Kinematic-Cluster4-Empty,373,7.48,3,-2.7522192,-1.238907,13.0916634,0.117388718,-0.08475224,-14.7141933,0.198409289,0,11,0,0,0,0,0,0
Kinematic-Cluster4-Empty,374,7.5,0,-2.99048471,-1.5631187,29.21556,0.0170604549,-0.000645083957,-4.6254487,0.452148736,0,14,0,0,0,0,0,0
Kinematic-Cluster4-Empty,374,7.5,1,-2.60987,-1.5513984,17.5100555,-0.00224246085,-0.213589862,-27.47645,0.0160464384,0,8,0,0,0,0,0,0
Kinematic-Cluster4-Empty,374,7.5,2,-3.19644833,-1.2705971,23.4508553,-5.05708158E-05,0.0201364234,14.195056,0.0198067147,0,5,0,0,0,0,0,0
Kinematic-Cluster4-Empty,374,7.5,3,-2.75625658,-1.21296358,11.3923292,0.134172454,-0.162923187,-10.7103424,1.31278372,0,5,0,0,0,0,0,0
Kinematic-Cluster4-Empty,375,7.52,0,-3.00257373,-1.56264579,28.57334,0.00760685932,-0.0002975911,-14.2973146,0.604913,0,15,0,0,0,0,0,0
Kinematic-Cluster4-Empty,375,7.52,1,-2.61069584,-1.55243421,16.96367,-0.0467537269,-0.00884527,-27.31921,0.0662378743,0,10,0,0,0,0,0,0
Kinematic-Cluster4-Empty,375,7.52,2,-3.19645715,-1.26703072,23.2294312,0.000415021554,-0.165266544,6.13080454,0.178319767,0,7,0,0,0,0,0,0
Kinematic-Cluster4-Empty,375,7.52,3,-2.75364256,-1.21978176,11.1639242,0.131843671,-0.341432065,-11.4202452,0.365104854,0,6,0,0,0,0,0,0
Kinematic-Cluster4-Empty,376,7.54,0,-3.004174,-1.56258321,28.470417,0.0128710931,-0.000503540039,1.39525473,0.0800744444,0,10,0,0,0,0,0,0
Kinematic-Cluster4-Empty,376,7.54,1,-2.60998487,-1.55229962,17.20317,-0.0432637855,-0.008184999,-10.0622835,0.03617955,0,6,0,0,0,0,0,0
Kinematic-Cluster4-Empty,376,7.54,2,-3.196461,-1.265538,22.17099,0.000729613,-0.290540367,3.72553182,0.07463718,0,8,0,0,0,0,0,0
Kinematic-Cluster4-Empty,376,7.54,3,-2.75358081,-1.22248232,10.6768,0.0816142559,-0.34840554,-9.80576,0.135063663,0,6,0,0,0,0,0,0
Kinematic-Cluster4-Empty,377,7.56,0,-3.00405121,-1.5625881,28.7216187,0.0289605148,-0.00113290548,9.198367,0.00614414038,0,10,0,0,0,0,0,0
Kinematic-Cluster4-Empty,377,7.56,1,-2.60942268,-1.55219328,17.18786,-0.0333359875,-0.00630679727,-0.7560147,0.0286079459,0,6,0,0,0,0,0,0
Kinematic-Cluster4-Empty,377,7.56,2,-3.19645977,-1.26602685,21.7009563,0.000936724246,-0.373014629,9.194085,0.0244439375,0,8,0,0,0,0,0,0
Kinematic-Cluster4-Empty,377,7.56,3,-2.754685,-1.22396362,11.1269531,0.03752174,-0.3571642,-0.7310801,0.09237569,0,6,0,0,0,0,0,0
Kinematic-Cluster4-Empty,378,7.58,0,-3.003212,-1.56262076,28.981781,0.0479437634,-0.00187554955,14.5902472,0.04199344,0,9,0,0,0,0,0,0
Kinematic-Cluster4-Empty,378,7.58,1,-2.612254,-1.55272889,17.8399162,-0.06646368,-0.0125741959,8.503212,0.1440719,0,6,0,0,0,0,0,0
Kinematic-Cluster4-Empty,378,7.58,2,-3.19645619,-1.26738107,21.7032337,0.001077801,-0.4291943,14.6827078,0.0677111149,0,7,0,0,0,0,0,0
Kinematic-Cluster4-Empty,378,7.58,3,-2.75676656,-1.225539,11.1546564,-0.0009449285,-0.367029369,8.534061,0.130527049,0,6,0,0,0,0,0,0
Kinematic-Cluster4-Empty,379,7.6,0,-2.99922323,-1.56277692,29.1176739,-0.0193405934,0.003320099,4.39567327,0.199589923,0,8,0,0,0,0,0,0
Kinematic-Cluster4-Empty,379,7.6,1,-2.60986972,-1.55138659,18.3380241,6.55967742E-05,0.00624789,-13.1217279,0.136803716,0,6,0,0,0,0,0,0
Kinematic-Cluster4-Empty,379,7.6,2,-3.1964395,-1.27402484,22.1489773,0.000106081367,-0.04224762,35.6866455,0.332189649,0,4,0,0,0,0,0,0
Kinematic-Cluster4-Empty,379,7.6,3,-2.75691676,-1.23215222,11.5020924,0.05077884,-0.249619424,26.21325,0.330748022,0,6,0,0,0,0,0,0
Kinematic-Cluster4-Empty,380,7.62,0,-2.99763322,-1.56283915,29.6767216,-0.00849823,0.00127260678,1.725422,0.07956154,0,8,0,0,0,0,0,0
Kinematic-Cluster4-Empty,380,7.62,1,-2.61383867,-1.5530287,18.4996357,-0.0473141447,-0.008951306,-19.4319077,0.214762181,0,9,0,0,0,0,0,0
Kinematic-Cluster4-Empty,380,7.62,2,-3.19643831,-1.27449691,22.5592175,5.79580665E-05,-0.0230822731,20.5120029,0.0236035157,0,4,0,0,0,0,0,0
Kinematic-Cluster4-Empty,380,7.62,3,-2.755188,-1.23631692,11.6874523,0.08551474,-0.207819834,9.268016,0.225462556,0,9,0,0,0,0,0,0
Kinematic-Cluster4-Empty,381,7.64,0,-3.007807,-1.56244111,29.441906,0.0075762365,-0.000296399,-7.35775757,0.509079039,0,19,0,0,0,0,0,0
Kinematic-Cluster4-Empty,381,7.64,1,-2.614897,-1.55322886,18.3439045,-0.05217352,-0.009870648,-7.78659248,0.05385501,0,15,0,0,0,0,0,0
Kinematic-Cluster4-Empty,381,7.64,2,-3.19645047,-1.26971853,22.67179,0.000510694459,-0.203364745,8.049941,0.238920033,0,8,0,0,0,0,0,0
Kinematic-Cluster4-Empty,381,7.64,3,-2.75428581,-1.24184763,11.5236683,0.04591359,-0.276898324,-8.189221,0.2801907,0,14,0,0,0,0,0,0
Kinematic-Cluster4-Empty,382,7.66,0,-3.00293136,-1.56263185,29.1886253,0.014248454,-0.000557392836,2.012088,0.24396947,0,10,0,0,0,0,0,0
Kinematic-Cluster4-Empty,382,7.66,1,-2.60987067,-1.55147731,17.9680328,-0.0568212457,-0.0107499361,-3.57992363,0.26613906,0,10,0,0,0,0,0,0
Kinematic-Cluster4-Empty,382,7.66,2,-3.19645643,-1.26727021,22.0620441,0.0008070078,-0.321360022,5.08259153,0.122416385,0,8,0,0,0,0,0,0
Kinematic-Cluster4-Empty,382,7.66,3,-2.75537467,-1.23175752,12.05628,0.0191389043,-0.3134727,-3.5599525,0.5074347,0,10,0,0,0,0,0,0
Kinematic-Cluster4-Empty,383,7.68,0,-3.00458312,-1.56256723,29.37079,0.0262165423,-0.00102561712,8.63728,0.08265136,0,9,0,0,0,0,0,0
Kinematic-Cluster4-Empty,383,7.68,1,-2.60987449,-1.55184066,18.8821278,-0.04457344,-0.008432776,4.753155,0.0181684978,0,9,0,0,0,0,0,0
Kinematic-Cluster4-Empty,383,7.68,2,-3.19645548,-1.26773143,22.0470448,0.0009873211,-0.393162638,9.649067,0.0230610874,0,7,0,0,0,0,0,0
Kinematic-Cluster4-Empty,383,7.68,3,-2.759557,-1.22918785,11.40481,-0.0121915182,-0.342648834,4.86322927,0.245434254,0,9,0,0,0,0,0,0
Kinematic-Cluster4-Empty,384,7.7,0,-3.00613546,-1.56250656,30.0480576,0.0428959876,-0.00167807937,13.8702126,0.0776764452,0,13,0,0,0,0,0,0
Kinematic-Cluster4-Empty,384,7.7,1,-2.61038184,-1.55237484,19.12347,-0.0305164922,-0.0057733655,12.0671949,0.03683591,0,8,0,0,0,0,0,0
Kinematic-Cluster4-Empty,384,7.7,2,-3.19645381,-1.26834321,22.2739754,0.00111913309,-0.44565323,13.9217548,0.0305892173,0,8,0,0,0,0,0,0
Kinematic-Cluster4-Empty,384,7.7,3,-2.76028752,-1.23634923,11.6449394,-0.037718378,-0.357525229,12.0064526,0.3599271,0,9,0,0,0,0,0,0
Kinematic-Cluster4-Empty,385,7.72,0,-3.00811148,-1.56242919,30.6549416,0.05937557,-0.0023227334,17.7291279,0.0988763645,0,9,0,0,0,0,0,0
Kinematic-Cluster4-Empty,385,7.72,1,-2.60987544,-1.55192387,19.7655048,-0.0199644342,-0.00377702713,15.1623421,0.0339048244,0,9,0,0,0,0,0,0
Kinematic-Cluster4-Empty,385,7.72,2,-3.19645143,-1.26930749,22.3137989,0.00123159587,-0.4904361,18.1074562,0.0482143462,0,7,0,0,0,0,0,0
Kinematic-Cluster4-Empty,385,7.72,3,-2.76591754,-1.23307645,11.8533888,-0.0488555767,-0.3564113,15.13299,0.3256076,0,9,0,0,0,0,0,0
Kinematic-Cluster4-Empty,386,7.74,0,-3.01756978,-1.56205928,28.168045,0.003602584,-0.000140929827,-0.216916829,0.473276734,0,10,0,0,0,0,0,0
Kinematic-Cluster4-Empty,386,7.74,1,-2.609653,-1.5522368,20.05753,0.0605760738,0.0114603639,-10.4184809,0.0191965662,0,6,0,0,0,0,0,0
Kinematic-Cluster4-Empty,386,7.74,2,-3.19647312,-1.26069129,21.1585312,0.00100496225,-0.003164608,0.7420237,0.430811822,0,7,0,0,0,0,0,0
Kinematic-Cluster4-Empty,386,7.74,3,-2.76655054,-1.23963189,12.3074427,0.08413261,-0.1780759,34.0315781,0.32929644,0,8,0,0,0,0,0,0
Kinematic-Cluster4-Empty,387,7.75999975,0,-3.013128,-1.562233,27.8789654,0.00545212952,-0.000213295221,-7.45351553,0.222256646,0,11,0,0,0,0,0,0
Kinematic-Cluster4-Empty,387,7.75999975,1,-2.60987115,-1.55152047,20.7204227,9.204075E-05,0.00876675,6.0441227,0.0374405347,0,9,0,0,0,0,0,0
Kinematic-Cluster4-Empty,387,7.75999975,2,-3.19648314,-1.25664365,20.5480919,0.001003959,-0.199165434,0.740543962,0.202382237,0,8,0,0,0,0,0,0
Kinematic-Cluster4-Empty,387,7.75999975,3,-2.76478148,-1.23244691,13.2744017,0.0585349575,-0.269085169,5.951249,0.369978249,0,10,0,0,0,0,0,0
Kinematic-Cluster4-Empty,388,7.77999973,0,-3.01312375,-1.56223309,28.793787,0.0269604437,-0.00105467439,6.37538,0.000214659492,0,11,0,0,0,0,0,0
Kinematic-Cluster4-Empty,388,7.77999973,1,-2.609911,-1.55228567,20.81382,-0.009357501,-0.00177031755,4.669867,0.03831198,0,8,0,0,0,0,0,0
Kinematic-Cluster4-Empty,388,7.77999973,2,-3.19648385,-1.25642312,20.87052,0.0008067116,-0.321241766,6.323972,0.011026918,0,6,0,0,0,0,0,0
Kinematic-Cluster4-Empty,388,7.77999973,3,-2.76433063,-1.238781,13.3641863,0.0220919847,-0.316514939,4.48924065,0.317504585,0,9,0,0,0,0,0,0
Kinematic-Cluster4-Empty,389,7.79999971,0,-3.01447845,-1.56218016,29.3635273,0.05195843,-0.002032578,10.13877,0.0677863955,0,8,0,0,0,0,0,0
Kinematic-Cluster4-Empty,389,7.79999971,1,-2.60987377,-1.551768,21.1909161,-0.0226555578,-0.00428617,6.52323961,0.02595301,0,8,0,0,0,0,0,0
Kinematic-Cluster4-Empty,389,7.79999971,2,-3.19648,-1.25787961,21.3901863,0.00101889484,-0.4057362,13.0364208,0.07282521,0,6,0,0,0,0,0,0
Kinematic-Cluster4-Empty,389,7.79999971,3,-2.76934,-1.2351557,13.2856836,-0.00210559741,-0.332156956,6.60061836,0.309179664,0,10,0,0,0,0,0,0
Kinematic-Cluster4-Empty,390,7.81999969,0,-3.01493025,-1.5621624,30.2521687,0.06507884,-0.00254583359,15.1864614,0.0226076115,0,13,0,0,0,0,0,0
Kinematic-Cluster4-Empty,390,7.81999969,1,-2.61004448,-1.55231082,21.439127,-0.0143972822,-0.00272378325,12.4105606,0.0284543,0,8,0,0,0,0,0,0
Kinematic-Cluster4-Empty,390,7.81999969,2,-3.19647622,-1.25943446,21.8242474,0.00115259737,-0.458977878,16.1057053,0.07774257,0,6,0,0,0,0,0,0
Kinematic-Cluster4-Empty,390,7.81999969,3,-2.769814,-1.2420969,13.5353594,-0.0249618813,-0.346537232,12.48381,0.347868145,0,11,0,0,0,0,0,0
Kinematic-Cluster4-Empty,391,7.83999968,0,-3.01747441,-1.562063,30.6577835,0.07740244,-0.00302794576,18.7166634,0.127305329,0,8,0,0,0,0,0,0
Kinematic-Cluster4-Empty,391,7.83999968,1,-2.60987282,-1.55167019,22.0170326,-0.00137113035,-0.0002593994,17.6881866,0.03316155,0,8,0,0,0,0,0,0
Kinematic-Cluster4-Empty,391,7.83999968,2,-3.19647169,-1.26121759,21.7637367,0.0012472719,-0.496679753,18.7165489,0.08915692,0,7,0,0,0,0,0,0
Kinematic-Cluster4-Empty,391,7.83999968,3,-2.77600384,-1.23843646,13.8617029,-0.0440874361,-0.355093,17.53528,0.359557837,0,9,0,0,0,0,0,0
Kinematic-Cluster4-Empty,392,7.85999966,0,-3.02599382,-1.56172967,26.79409,0.06393241,-0.00250097318,-16.186779,0.426296443,0,4,0,0,0,0,0,0
Kinematic-Cluster4-Empty,392,7.85999966,1,-2.60953283,-1.55221415,22.4413433,0.00936429948,0.00177162886,21.2154675,0.0320731,0,6,0,0,0,0,0,0
Kinematic-Cluster4-Empty,392,7.85999966,2,-3.19646883,-1.26236641,22.2154,0.0009886026,-0.3936759,99.623764,0.05744118,0,1,0,0,0,0,0,0
Kinematic-Cluster4-Empty,392,7.85999966,3,-2.77657032,-1.2451607,14.3738823,0.0591217056,-0.224079683,46.4452362,0.3374029,0,7,0,0,0,0,0,0
Kinematic-Cluster4-Empty,393,7.87999964,0,-3.00522423,-1.56254208,32.0049438,-0.0257425141,0.0010070214,3.99395871,1.039274,0,8,0,0,0,0,0,0
Kinematic-Cluster4-Empty,393,7.87999964,1,-2.61085868,-1.55246484,22.730196,-0.0495737866,-0.009378791,14.442565,0.06746695,0,8,0,0,0,0,0,0
Kinematic-Cluster4-Empty,393,7.87999964,2,-3.19646,-1.26589072,23.0696678,0.000130072236,-0.0518082567,43.54645,0.176215723,0,4,0,0,0,0,0,0
Kinematic-Cluster4-Empty,393,7.87999964,3,-2.77725673,-1.22633123,15.4134779,0.08644678,-0.198220819,0.5534649,0.9420987,0,10,0,0,0,0,0,0
Kinematic-Cluster4-Empty,394,7.89999962,0,-3.01176786,-1.56228626,30.5325031,0.014389568,-0.000562921166,-6.39882946,0.327431768,0,14,0,0,0,0,0,0
Kinematic-Cluster4-Empty,394,7.89999962,1,-2.61169267,-1.5526228,22.6321125,-0.0412131622,-0.0077970624,-4.90415764,0.0424407,0,6,0,0,0,0,0,0
Kinematic-Cluster4-Empty,394,7.89999962,2,-3.196466,-1.26355731,23.0633469,0.0005899742,-0.23493655,18.5597038,0.116670519,0,7,0,0,0,0,0,0
Kinematic-Cluster4-Empty,394,7.89999962,3,-2.77641821,-1.23175347,15.3012457,0.0424967222,-0.271325946,-5.611617,0.2743344,0,9,0,0,0,0,0,0
Kinematic-Cluster4-Empty,395,7.9199996,0,-3.00866413,-1.56240749,29.9807739,-0.00119477976,4.673819E-05,-16.6067638,0.155305,0,10,0,0,0,0,0,0
Kinematic-Cluster4-Empty,395,7.9199996,1,-2.60986042,-1.55050242,21.320137,7.15930946E-06,0.0006818949,-20.2288818,0.140117109,0,5,0,0,0,0,0,0
Kinematic-Cluster4-Empty,395,7.9199996,2,-3.196464,-1.26430786,23.302742,9.350479E-05,-0.0372425131,11.9697781,0.0375272073,0,3,0,0,0,0,0,0
Kinematic-Cluster4-Empty,395,7.9199996,3,-2.77459359,-1.23313034,14.9912939,0.09281166,-0.06944565,-15.4976521,0.114291213,0,6,0,0,0,0,0,0
Kinematic-Cluster4-Empty,396,7.94,0,-3.00448513,-1.56257117,29.5436172,0.0170561038,-0.0006672293,-7.441248,0.20911026,0,10,0,0,0,0,0,0
Kinematic-Cluster4-Empty,396,7.94,1,-2.61119151,-1.5525279,20.3919621,-0.0476374067,-0.009012476,-11.8150673,0.121185735,0,6,0,0,0,0,0,0
Kinematic-Cluster4-Empty,396,7.94,2,-3.196471,-1.26149118,22.6016941,0.000518704765,-0.20655416,8.925374,0.140834272,0,6,0,0,0,0,0,0
Kinematic-Cluster4-Empty,396,7.94,3,-2.76768684,-1.22580349,16.025425,0.07906423,-0.213434637,-11.8150721,0.5034525,0,8,0,0,0,0,0,0
Kinematic-Cluster4-Empty,397,7.96,0,-3.001823,-1.56267524,29.618145,0.0242294036,-0.000947833061,5.229434,0.133210763,0,11,0,0,0,0,0,0
Kinematic-Cluster4-Empty,397,7.96,1,-2.60986757,-1.55117023,20.3931561,-0.042496454,-0.008039862,-5.90226173,0.09481684,0,8,0,0,0,0,0,0
Kinematic-Cluster4-Empty,397,7.96,2,-3.19692326,-1.26790154,22.747963,-0.0233962126,-0.320332736,7.31346464,0.321314782,0,6,0,0,0,0,0,0
Kinematic-Cluster4-Empty,397,7.96,3,-2.76676941,-1.23154271,15.9073811,0.04647429,-0.28718397,-5.902264,0.290603876,0,9,0,0,0,0,0,0
Kinematic-Cluster4-Empty,398,7.98,0,-2.99975157,-1.56275618,30.1391048,-0.0290178675,0.00372648286,5.05783558,0.103648081,0,11,0,0,0,0,0,0
Kinematic-Cluster4-Empty,398,7.98,1,-2.61299133,-1.55286837,21.4901028,-0.05127355,-0.009700388,-25.4892082,0.177774757,0,10,0,0,0,0,0,0
Kinematic-Cluster4-Empty,398,7.98,2,-3.19643974,-1.27398133,23.07713,9.816885E-05,-0.0390997753,27.5938282,0.304949462,0,5,0,0,0,0,0,0
Kinematic-Cluster4-Empty,398,7.98,3,-2.766073,-1.23738873,15.9327517,0.09293066,-0.209410056,-0.650097668,0.294367939,0,10,0,0,0,0,0,0
Kinematic-Cluster4-Empty,399,8,0,-3.00399256,-1.56259036,28.9249916,-0.0180247985,0.00343992771,4.551653,0.212211519,0,14,0,0,0,0,0,0
Kinematic-Cluster4-Empty,399,8,1,-2.61273,-1.55281889,20.5970116,0.0174109824,0.003293991,-44.6546059,0.013297433,0,13,0,0,0,0,0,0
Kinematic-Cluster4-Empty,399,8,2,-3.19643879,-1.27431834,23.3475056,4.14848328E-05,-0.0165215842,13.5188131,0.0168503,0,6,0,0,0,0,0,0
Kinematic-Cluster4-Empty,399,8,3,-2.769165,-1.22158706,13.990344,0.100776561,-0.213971838,-2.38155937,0.805067539,0,9,0,0,0,0,0,0
Kinematic-Cluster4-F,300,6.02,0,-2.97988915,-1.56353331,30.6852188,0.1002065,-0.00392001867,33.0136223,0.103898928,0,18,85,0.226118252,0.5183225,41,60.5,0.5
Kinematic-Cluster4-F,300,6.02,1,-2.61027622,-1.55235469,17.4954052,-0.0545768328,-0.0103253126,33.0136223,0.207009122,0,15,85,0.226118252,0.5183225,41,60.5,0.5
Kinematic-Cluster4-F,300,6.02,2,-3.196404,-1.28821385,22.9685249,0.00151475519,-0.6031967,33.741127,0.229413047,0,8,85,0.226118252,0.5183225,41,60.5,0.5
Kinematic-Cluster4-F,300,6.02,3,-2.76570344,-1.20946229,30.4829254,-0.1070991,-0.375392526,32.0880127,0.143147841,0,11,85,0.226118252,0.5183225,41,60.5,0.5
Kinematic-Cluster4-F,301,6.04,0,-2.99327254,-1.56300974,24.0095539,-0.009993615,0.000390940229,1.51427722,0.6696813,0,18,85,0.428936481,1.0888809,41,60.5,0.5
Kinematic-Cluster4-F,301,6.04,1,-2.60939956,-1.552189,17.876915,0.0685577244,0.0129704028,6.019555,0.0446093753,0,12,85,0.428936481,1.0888809,41,60.5,0.5
Kinematic-Cluster4-F,301,6.04,2,-3.19642353,-1.28047991,23.1019554,-1.80006027E-05,0.00715689873,45.7599831,0.3866983,0,8,85,0.428936481,1.0888809,41,60.5,0.5
Kinematic-Cluster4-F,301,6.04,3,-2.76863742,-1.19892311,27.111578,0.00261027785,-0.0291113,-9.388114,0.5469973,0,10,85,0.428936481,1.0888809,41,60.5,0.5
Kinematic-Cluster4-F,302,6.06,0,-2.98986483,-1.563143,25.8147945,0.017261805,-0.0006752908,5.70608854,0.1705161,0,18,85,0.308894426,0.7082675,41,60.5,0.5
Kinematic-Cluster4-F,302,6.06,1,-2.61034417,-1.55236757,17.1807976,-0.03514662,-0.006649345,6.00753975,0.0480672866,0,5,85,0.308894426,0.7082675,41,60.5,0.5
Kinematic-Cluster4-F,302,6.06,2,-3.196437,-1.27510476,22.5213375,0.0004396271,-0.175065473,30.9293365,0.268758178,0,9,85,0.308894426,0.7082675,41,60.5,0.5
Kinematic-Cluster4-F,302,6.06,3,-2.76845717,-1.20331442,26.95387,0.009844879,-0.2197122,-7.88907528,0.219750509,0,4,85,0.308894426,0.7082675,41,60.5,0.5
Kinematic-Cluster4-F,303,6.08,0,-2.9990766,-1.56278265,26.3374176,0.0218256041,-0.000853806734,8.858831,0.460941255,0,19,84,0.265858233,0.670785964,41,60.5,0.5
Kinematic-Cluster4-F,303,6.08,1,-2.610899,-1.55247259,17.2868843,-0.0282433219,-0.005343318,5.30435848,0.028232649,0,11,84,0.265858233,0.670785964,41,60.5,0.5
Kinematic-Cluster4-F,303,6.08,2,-3.1964438,-1.27237308,21.659029,0.0008070804,-0.3213894,8.858828,0.136584491,0,9,84,0.265858233,0.670785964,41,60.5,0.5
Kinematic-Cluster4-F,303,6.08,3,-2.76853037,-1.20919025,27.03349,-0.004092546,-0.293724269,3.98095369,0.2938141,0,9,84,0.265858233,0.670785964,41,60.5,0.5
Kinematic-Cluster4-F,304,6.1,0,-3.00079823,-1.56271529,26.6035213,0.0389279649,-0.00152283907,12.7290115,0.08614688,0,17,85,0.247446179,0.4467207,41,60.5,0.5
Kinematic-Cluster4-F,304,6.1,1,-2.61127448,-1.55254352,17.5437775,-0.0199825838,-0.0037804842,12.8446789,0.0191074722,0,12,85,0.247446179,0.4467207,41,60.5,0.5
Kinematic-Cluster4-F,304,6.1,2,-3.19644713,-1.27103424,20.6115952,0.00101238489,-0.403143823,12.7333813,0.0669421852,0,9,85,0.247446179,0.4467207,41,60.5,0.5
Kinematic-Cluster4-F,304,6.1,3,-2.769063,-1.21591318,27.2108688,-0.0276009478,-0.335998952,8.868982,0.337199628,0,10,85,0.247446179,0.4467207,41,60.5,0.5
Kinematic-Cluster4-F,305,6.12,0,-2.99643588,-1.562886,27.358984,0.0556091666,-0.00217539072,18.2435951,0.218284175,0,13,85,0.209175974,0.592102766,41,60.5,0.5
Kinematic-Cluster4-F,305,6.12,1,-2.60986829,-1.55124474,17.52106,-0.004404936,-0.000833362341,18.62879,0.09571078,0,9,85,0.209175974,0.592102766,41,60.5,0.5
Kinematic-Cluster4-F,305,6.12,2,-3.196446,-1.27149653,20.2158737,0.00115353614,-0.459351718,18.1116085,0.02311476,0,8,85,0.209175974,0.592102766,41,60.5,0.5
Kinematic-Cluster4-F,305,6.12,3,-2.76725984,-1.21574616,27.9568062,-0.04605496,-0.357150674,15.4907837,0.09054389,0,12,85,0.209175974,0.592102766,41,60.5,0.5
Kinematic-Cluster4-F,306,6.14,0,-2.99491477,-1.56294537,27.8366852,0.0734591559,-0.00287365913,23.885046,0.0761134252,0,17,85,0.2627602,0.6823503,41,60.5,0.5
Kinematic-Cluster4-F,306,6.14,1,-2.6113596,-1.55255961,17.601923,-0.0589404963,-0.0111508667,23.885046,0.09940958,0,14,85,0.2627602,0.6823503,41,60.5,0.5
Kinematic-Cluster4-F,306,6.14,2,-3.19643426,-1.27617109,20.7326775,0.00126831234,-0.505058169,24.0202274,0.233728424,0,7,85,0.2627602,0.6823503,41,60.5,0.5
Kinematic-Cluster4-F,306,6.14,3,-2.76648164,-1.21460819,28.4303856,-0.058185406,-0.368255466,20.3666573,0.0689306259,0,12,85,0.2627602,0.6823503,41,60.5,0.5
Kinematic-Cluster4-F,307,6.16,0,-2.98951173,-1.56315684,28.61851,0.0723735,-0.00283122063,22.9092445,0.27035895,0,12,85,0.239774,0.657597959,41,60.5,0.5
Kinematic-Cluster4-F,307,6.16,1,-2.60985374,-1.54986584,17.2391281,-0.005406078,-0.0010227561,21.2916851,0.154304892,0,9,85,0.239774,0.657597959,41,60.5,0.5
Kinematic-Cluster4-F,307,6.16,2,-3.19643116,-1.27733469,20.91326,0.00135179609,-0.5383025,23.17441,0.0581803,0,7,85,0.239774,0.657597959,41,60.5,0.5
Kinematic-Cluster4-F,307,6.16,3,-2.76722074,-1.21378469,28.6376724,-0.0826718956,-0.368713468,23.0873432,0.0553266145,0,12,85,0.239774,0.657597959,41,60.5,0.5
Kinematic-Cluster4-F,308,6.18,0,-2.98768139,-1.56322849,29.19917,0.0883507356,-0.003456235,29.0329247,0.09158706,0,18,85,0.266733468,0.7139601,41,60.5,0.5
Kinematic-Cluster4-F,308,6.18,1,-2.61097217,-1.55248642,16.9875488,-0.05699519,-0.0107828677,27.809185,0.142463118,0,14,85,0.266733468,0.7139601,41,60.5,0.5
Kinematic-Cluster4-F,308,6.18,2,-3.19642043,-1.28168643,21.7073326,0.0014141649,-0.563139141,29.3025951,0.217587411,0,8,85,0.266733468,0.7139601,41,60.5,0.5
Kinematic-Cluster4-F,308,6.18,3,-2.76638341,-1.210969,29.3498554,-0.08787732,-0.3749261,28.1238537,0.146879315,0,12,85,0.266733468,0.7139601,41,60.5,0.5
Kinematic-Cluster4-F,309,6.2,0,-2.98196554,-1.563452,30.0250072,0.08488905,-0.00332081318,27.6333561,0.2860108,0,11,84,0.267458916,0.8833255,41,60.5,0.5
Kinematic-Cluster4-F,309,6.2,1,-2.60983658,-1.54823792,17.4451351,1.2549106E-05,0.0011952644,27.7611217,0.219882429,0,9,84,0.267458916,0.8833255,41,60.5,0.5
Kinematic-Cluster4-F,309,6.2,2,-3.19641542,-1.2836256,22.1659374,0.00146477669,-0.5832922,27.7335644,0.0969592,0,7,84,0.267458916,0.8833255,41,60.5,0.5
Kinematic-Cluster4-F,309,6.2,3,-2.76682234,-1.21209753,29.5449715,-0.107460663,-0.373659134,28.5012913,0.0605453,0,11,84,0.267458916,0.8833255,41,60.5,0.5
Kinematic-Cluster4-F,310,6.22,0,-2.97988915,-1.56353331,30.6852818,0.100206748,-0.00392001867,33.0136566,0.103898928,0,18,84,0.239527762,0.642062366,41,60.5,0.5
Kinematic-Cluster4-F,310,6.22,1,-2.61027622,-1.55235469,17.4954681,-0.05457678,-0.0103253126,33.0136566,0.207009122,0,15,84,0.239527762,0.642062366,41,60.5,0.5
Kinematic-Cluster4-F,310,6.22,2,-3.196404,-1.288214,22.9685249,0.00151476264,-0.603197038,33.7412376,0.229419008,0,8,84,0.239527762,0.642062366,41,60.5,0.5
Kinematic-Cluster4-F,310,6.22,3,-2.76570368,-1.20946229,30.4828815,-0.107099243,-0.375392616,32.088047,0.143142357,0,11,84,0.239527762,0.642062366,41,60.5,0.5
Kinematic-Cluster4-F,311,6.24,0,-2.99327278,-1.56300974,24.0094872,-0.009993941,0.000390952919,1.51458085,0.669693232,0,18,85,0.391316116,1.09928131,41,60.5,0.5
Kinematic-Cluster4-F,311,6.24,1,-2.60939956,-1.552189,17.8769665,0.06855896,0.0129706264,6.01841354,0.0446093753,0,12,85,0.391316116,1.09928131,41,60.5,0.5
Kinematic-Cluster4-F,311,6.24,2,-3.19642353,-1.28048027,23.101944,-1.80155039E-05,0.00716384035,45.7601166,0.386686385,0,8,85,0.391316116,1.09928131,41,60.5,0.5
Kinematic-Cluster4-F,311,6.24,3,-2.76863742,-1.19892311,27.1116772,0.00261060963,-0.0291081555,-9.3886,0.5469941,0,10,85,0.391316116,1.09928131,41,60.5,0.5
Kinematic-Cluster4-F,312,6.25999975,0,-2.98986483,-1.563143,25.814743,0.0172607023,-0.0006752461,5.70624447,0.170528024,0,18,85,0.2834946,0.6639792,41,60.5,0.5
Kinematic-Cluster4-F,312,6.25999975,1,-2.61034417,-1.55236757,17.18081,-0.03514657,-0.006649345,6.006401,0.0480672866,0,5,85,0.2834946,0.6639792,41,60.5,0.5
Kinematic-Cluster4-F,312,6.25999975,2,-3.196437,-1.27510488,22.5213356,0.0004396122,-0.175059333,30.9303589,0.2687701,0,9,85,0.2834946,0.6639792,41,60.5,0.5
Kinematic-Cluster4-F,312,6.25999975,3,-2.76845717,-1.2033143,26.95396,0.009844389,-0.219710454,-7.889472,0.219744563,0,4,85,0.2834946,0.6639792,41,60.5,0.5
Kinematic-Cluster4-F,313,6.27999973,0,-2.99907637,-1.56278265,26.3373489,0.02182436,-0.000853776932,8.858572,0.460929334,0,19,85,0.281678468,0.7927635,41,60.5,0.5
Kinematic-Cluster4-F,313,6.27999973,1,-2.610899,-1.55247259,17.28689,-0.0282440912,-0.005343437,5.30401945,0.028232649,0,11,85,0.281678468,0.7927635,41,60.5,0.5
Kinematic-Cluster4-F,313,6.27999973,2,-3.1964438,-1.27237308,21.6590328,0.000807072967,-0.321385831,8.858564,0.136590451,0,9,85,0.281678468,0.7927635,41,60.5,0.5
Kinematic-Cluster4-F,313,6.27999973,3,-2.76853037,-1.20919013,27.0335789,-0.004092358,-0.2937231,3.98091125,0.2938141,0,9,85,0.281678468,0.7927635,41,60.5,0.5
Kinematic-Cluster4-F,314,6.29999971,0,-3.00079823,-1.56271529,26.6034241,0.0389267281,-0.00152280927,12.7287254,0.08615879,0,17,85,0.268047452,0.5905262,41,60.5,0.5
Kinematic-Cluster4-F,314,6.29999971,1,-2.61127472,-1.55254364,17.54378,-0.019983694,-0.00378069282,12.8445463,0.0191202927,0,12,85,0.268047452,0.5905262,41,60.5,0.5
Kinematic-Cluster4-F,314,6.29999971,2,-3.19644713,-1.27103448,20.6115761,0.00101237744,-0.4031414,12.7331161,0.0669302642,0,9,85,0.268047452,0.5905262,41,60.5,0.5
Kinematic-Cluster4-F,314,6.29999971,3,-2.769063,-1.215913,27.21095,-0.027600849,-0.335998267,8.868684,0.337199628,0,10,85,0.268047452,0.5905262,41,60.5,0.5
Kinematic-Cluster4-F,315,6.31999969,0,-2.996436,-1.562886,27.3589039,0.0556079932,-0.002175361,18.2433167,0.218272254,0,13,85,0.2397356,0.666018665,41,60.5,0.5
Kinematic-Cluster4-F,315,6.31999969,1,-2.60986829,-1.55124485,17.5210152,-0.004406374,-0.000833630562,18.6285362,0.09571954,0,9,85,0.2397356,0.666018665,41,60.5,0.5
Kinematic-Cluster4-F,315,6.31999969,2,-3.196446,-1.27149653,20.2158222,0.00115353242,-0.45934996,18.1113453,0.0231028385,0,8,85,0.2397356,0.666018665,41,60.5,0.5
Kinematic-Cluster4-F,315,6.31999969,3,-2.76726,-1.215746,27.95688,-0.0460548922,-0.3571502,15.4905119,0.09053202,0,12,85,0.2397356,0.666018665,41,60.5,0.5
Kinematic-Cluster4-F,316,6.33999968,0,-2.994915,-1.56294537,27.8366,0.0734579861,-0.00287362933,23.8847866,0.0761134252,0,17,85,0.219264165,0.606932,41,60.5,0.5
Kinematic-Cluster4-F,316,6.33999968,1,-2.6113596,-1.55255973,17.60191,-0.05894054,-0.0111508965,23.8847866,0.09940958,0,14,85,0.219264165,0.606932,41,60.5,0.5
Kinematic-Cluster4-F,316,6.33999968,2,-3.19643426,-1.27617109,20.7326126,0.00126831234,-0.505056739,24.0199623,0.233728424,0,7,85,0.219264165,0.606932,41,60.5,0.5
Kinematic-Cluster4-F,316,6.33999968,3,-2.76648164,-1.21460831,28.430439,-0.05818554,-0.3682552,20.3664322,0.06892752,0,12,85,0.219264165,0.606932,41,60.5,0.5
Kinematic-Cluster4-F,317,6.35999966,0,-2.98951221,-1.56315672,28.6184273,0.07237273,-0.00283119082,22.9090576,0.27034682,0,12,85,0.248480812,0.797310054,41,60.5,0.5
Kinematic-Cluster4-F,317,6.35999966,1,-2.60985374,-1.549866,17.239172,-0.00540685654,-0.00102290511,21.2915459,0.154304892,0,9,85,0.248480812,0.797310054,41,60.5,0.5
Kinematic-Cluster4-F,317,6.35999966,2,-3.19643116,-1.27733457,20.9131622,0.00135179609,-0.5383012,23.1742077,0.05817434,0,7,85,0.248480812,0.797310054,41,60.5,0.5
Kinematic-Cluster4-F,317,6.35999966,3,-2.767221,-1.21378469,28.6376877,-0.08267172,-0.3687133,23.0871582,0.05533902,0,12,85,0.248480812,0.797310054,41,60.5,0.5
Kinematic-Cluster4-F,318,6.37999964,0,-2.98768187,-1.56322849,29.19908,0.0883498341,-0.00345620513,29.03267,0.09158729,0,18,85,0.263617158,0.652230263,41,60.5,0.5
Kinematic-Cluster4-F,318,6.37999964,1,-2.61097217,-1.55248642,16.9876823,-0.05699524,-0.0107828677,27.80897,0.142457634,0,14,85,0.263617158,0.652230263,41,60.5,0.5
Kinematic-Cluster4-F,318,6.37999964,2,-3.19642043,-1.28168607,21.7072353,0.0014141649,-0.5631378,29.3023758,0.21757549,0,8,85,0.263617158,0.652230263,41,60.5,0.5
Kinematic-Cluster4-F,318,6.37999964,3,-2.766384,-1.21096921,29.34988,-0.08787713,-0.374925882,28.1236534,0.1468645,0,12,85,0.263617158,0.652230263,41,60.5,0.5
Kinematic-Cluster4-F,319,6.39999962,0,-2.981966,-1.563452,30.0249138,0.08488865,-0.00332081318,27.6331425,0.2860108,0,11,84,0.252145052,0.6320939,41,60.5,0.5
Kinematic-Cluster4-F,319,6.39999962,1,-2.60983658,-1.548238,17.44517,1.2547709E-05,0.00119513925,27.7608662,0.219876647,0,9,84,0.252145052,0.6320939,41,60.5,0.5
Kinematic-Cluster4-F,319,6.39999962,2,-3.19641542,-1.28362525,22.1658783,0.00146477669,-0.583291,27.7335262,0.0969592,0,7,84,0.252145052,0.6320939,41,60.5,0.5
Kinematic-Cluster4-F,319,6.39999962,3,-2.76682258,-1.21209764,29.5450764,-0.107460454,-0.3736593,28.5011749,0.06053542,0,11,84,0.252145052,0.6320939,41,60.5,0.5
Kinematic-Cluster4-F,320,6.42,0,-2.97988963,-1.56353331,30.6851845,0.10020642,-0.00392001867,33.0134735,0.103898928,0,18,84,0.187779978,0.404701352,41,60.5,0.5
Kinematic-Cluster4-F,320,6.42,1,-2.61027622,-1.55235469,17.49543,-0.054576844,-0.0103253126,33.01347,0.2070032,0,15,84,0.187779978,0.404701352,41,60.5,0.5
Kinematic-Cluster4-F,320,6.42,2,-3.196404,-1.28821361,22.9684734,0.00151475519,-0.603196144,33.7410431,0.229419008,0,8,84,0.187779978,0.404701352,41,60.5,0.5
Kinematic-Cluster4-F,320,6.42,3,-2.765704,-1.20946229,30.4829636,-0.107098714,-0.375392467,32.0878525,0.143147841,0,11,84,0.187779978,0.404701352,41,60.5,0.5
Kinematic-Cluster4-F,321,6.44,0,-2.993273,-1.56300962,24.0094528,-0.009993368,0.000390930567,1.51430738,0.669681549,0,18,85,0.410735726,1.05736113,41,60.5,0.5
Kinematic-Cluster4-F,321,6.44,1,-2.60939956,-1.552189,17.8769283,0.0685584,0.012970522,6.018667,0.0446093753,0,12,85,0.410735726,1.05736113,41,60.5,0.5
Kinematic-Cluster4-F,321,6.44,2,-3.19642353,-1.28047967,23.10189,-1.80155039E-05,0.007162932,45.75998,0.3866983,0,8,85,0.410735726,1.05736113,41,60.5,0.5
Kinematic-Cluster4-F,321,6.44,3,-2.768638,-1.19892323,27.1117039,0.00261073653,-0.0291083418,-9.388468,0.5469916,0,10,85,0.410735726,1.05736113,41,60.5,0.5
Kinematic-Cluster4-F,322,6.46,0,-2.9898653,-1.563143,25.8147182,0.017261114,-0.000675261,5.7060833,0.170516327,0,18,84,0.309739083,0.703603745,41,60.5,0.5
Kinematic-Cluster4-F,322,6.46,1,-2.61034417,-1.55236757,17.18078,-0.035146594,-0.006649345,6.00665426,0.0480672866,0,5,84,0.309739083,0.703603745,41,60.5,0.5
Kinematic-Cluster4-F,322,6.46,2,-3.196437,-1.2751044,22.5212879,0.000439614058,-0.175060108,30.9301529,0.268764138,0,9,84,0.309739083,0.703603745,41,60.5,0.5
Kinematic-Cluster4-F,322,6.46,3,-2.76845765,-1.20331442,26.9539986,0.009844794,-0.219710574,-7.88924932,0.219744563,0,4,84,0.309739083,0.703603745,41,60.5,0.5
Kinematic-Cluster4-F,323,6.48,0,-2.9990766,-1.56278265,26.337326,0.0218246989,-0.000853776932,8.858588,0.4609174,0,19,85,0.286622226,0.850720167,41,60.5,0.5
Kinematic-Cluster4-F,323,6.48,1,-2.610899,-1.55247259,17.2868614,-0.0282438025,-0.00534340739,5.30406475,0.028232649,0,11,85,0.286622226,0.850720167,41,60.5,0.5
Kinematic-Cluster4-F,323,6.48,2,-3.1964438,-1.2723726,21.658926,0.000807072967,-0.321386129,8.858585,0.136590451,0,9,85,0.286622226,0.850720167,41,60.5,0.5
Kinematic-Cluster4-F,323,6.48,3,-2.76853085,-1.20919025,27.033617,-0.004092395,-0.293723315,3.980969,0.2938141,0,9,85,0.286622226,0.850720167,41,60.5,0.5
Kinematic-Cluster4-F,324,6.5,0,-3.00079823,-1.56271529,26.60336,0.03892704,-0.00152280927,12.7287588,0.08614688,0,17,85,0.271857917,0.748301566,41,60.5,0.5
Kinematic-Cluster4-F,324,6.5,1,-2.61127472,-1.55254364,17.5437546,-0.0199834518,-0.00378063321,12.8445749,0.0191202927,0,12,85,0.271857917,0.748301566,41,60.5,0.5
Kinematic-Cluster4-F,324,6.5,2,-3.19644713,-1.271034,20.6115074,0.00101237744,-0.4031417,12.7331467,0.0669302642,0,9,85,0.271857917,0.748301566,41,60.5,0.5
Kinematic-Cluster4-F,324,6.5,3,-2.76906347,-1.21591318,27.2109928,-0.02760081,-0.335998356,8.868722,0.337199628,0,10,85,0.271857917,0.748301566,41,60.5,0.5
Kinematic-Cluster4-F,325,6.52,0,-2.996436,-1.562886,27.3588257,0.055608198,-0.002175361,18.2433662,0.218272254,0,13,85,0.231100455,0.677060962,41,60.5,0.5
Kinematic-Cluster4-F,325,6.52,1,-2.60986829,-1.55124485,17.521,-0.00440600142,-0.000833541155,18.6285477,0.09571954,0,9,85,0.231100455,0.677060962,41,60.5,0.5
Kinematic-Cluster4-F,325,6.52,2,-3.196446,-1.2714963,20.2157974,0.00115353242,-0.459350258,18.111414,0.02311476,0,8,85,0.231100455,0.677060962,41,60.5,0.5
Kinematic-Cluster4-F,325,6.52,3,-2.76725984,-1.21574593,27.95701,-0.04605475,-0.3571501,15.49044,0.09056872,0,12,85,0.231100455,0.677060962,41,60.5,0.5
Kinematic-Cluster4-F,326,6.54,0,-2.994915,-1.56294537,27.83652,0.07345824,-0.00287362933,23.8847847,0.0761134252,0,17,85,0.241260737,0.7623618,41,60.5,0.5
Kinematic-Cluster4-F,326,6.54,1,-2.6113596,-1.55255961,17.6019,-0.05894054,-0.0111508965,23.8847885,0.09940564,0,14,85,0.241260737,0.7623618,41,60.5,0.5
Kinematic-Cluster4-F,326,6.54,2,-3.19643426,-1.27617085,20.7325859,0.00126831234,-0.505056858,24.0199642,0.233728424,0,7,85,0.241260737,0.7623618,41,60.5,0.5
Kinematic-Cluster4-F,326,6.54,3,-2.76648164,-1.21460807,28.4305573,-0.0581853651,-0.36825496,20.36641,0.06892571,0,12,85,0.241260737,0.7623618,41,60.5,0.5
Kinematic-Cluster4-F,327,6.56,0,-2.989512,-1.56315684,28.6183777,0.07237288,-0.00283119082,22.9090481,0.27035895,0,12,84,0.231389508,0.6341505,41,60.5,0.5
Kinematic-Cluster4-F,327,6.56,1,-2.60985374,-1.549866,17.2391834,-0.005406879,-0.00102290511,21.2915,0.154299691,0,9,84,0.231389508,0.6341505,41,60.5,0.5
Kinematic-Cluster4-F,327,6.56,2,-3.19643116,-1.27733445,20.91313,0.00135179609,-0.53830117,23.1742115,0.0581803,0,7,84,0.231389508,0.6341505,41,60.5,0.5
Kinematic-Cluster4-F,327,6.56,3,-2.76722074,-1.21378458,28.6377487,-0.08267162,-0.368713021,23.0871315,0.0553266145,0,12,84,0.231389508,0.6341505,41,60.5,0.5
Kinematic-Cluster4-F,328,6.58,0,-2.98768163,-1.56322849,29.1990318,0.08835,-0.00345620513,29.03267,0.09158706,0,18,85,0.272470057,0.696661532,41,60.5,0.5
Kinematic-Cluster4-F,328,6.58,1,-2.61097217,-1.55248654,16.9875965,-0.05699524,-0.0107828677,27.8089581,0.142463118,0,14,85,0.272470057,0.696661532,41,60.5,0.5
Kinematic-Cluster4-F,328,6.58,2,-3.19642043,-1.28168607,21.7072048,0.0014141649,-0.563137949,29.3023586,0.217581451,0,8,85,0.272470057,0.696661532,41,60.5,0.5
Kinematic-Cluster4-F,328,6.58,3,-2.76638341,-1.21096909,29.3498859,-0.0878771,-0.3749257,28.1236286,0.1468679,0,12,85,0.272470057,0.696661532,41,60.5,0.5
Kinematic-Cluster4-F,329,6.6,0,-2.98196578,-1.563452,30.02487,0.08488859,-0.00332081318,27.6331539,0.2860108,0,11,84,0.26489982,0.636997342,41,60.5,0.5
Kinematic-Cluster4-F,329,6.6,1,-2.60983658,-1.548238,17.4451351,1.2547709E-05,0.00119513937,27.7608547,0.219882429,0,9,84,0.26489982,0.636997342,41,60.5,0.5
Kinematic-Cluster4-F,329,6.6,2,-3.19641542,-1.28362536,22.16585,0.00146477669,-0.5832909,27.7335224,0.0969651639,0,7,84,0.26489982,0.636997342,41,60.5,0.5
Kinematic-Cluster4-F,329,6.6,3,-2.766822,-1.21209753,29.5450459,-0.1074604,-0.373659045,28.5011635,0.06053542,0,11,84,0.26489982,0.636997342,41,60.5,0.5
Kinematic-Cluster4-F,330,6.62,0,-2.97988939,-1.56353331,30.68514,0.100206278,-0.00392001867,33.0134926,0.103898928,0,18,84,0.205504656,0.472376764,41,60.5,0.5
Kinematic-Cluster4-F,330,6.62,1,-2.61027622,-1.55235469,17.49542,-0.05457686,-0.0103253126,33.0134964,0.2070032,0,15,84,0.205504656,0.472376764,41,60.5,0.5
Kinematic-Cluster4-F,330,6.62,2,-3.196404,-1.28821373,22.9684563,0.00151475519,-0.6031958,33.741024,0.229419008,0,8,84,0.205504656,0.472376764,41,60.5,0.5
Kinematic-Cluster4-F,330,6.62,3,-2.76570344,-1.20946229,30.48286,-0.107098877,-0.375392377,32.08793,0.143142357,0,11,84,0.205504656,0.472376764,41,60.5,0.5
Kinematic-Cluster4-F,331,6.64,0,-2.99327278,-1.56300974,24.0094357,-0.009993451,0.000390933827,1.51469648,0.6696813,0,18,85,0.414152056,1.09587383,41,60.5,0.5
Kinematic-Cluster4-F,331,6.64,1,-2.60939956,-1.552189,17.8769131,0.06855917,0.0129706711,6.01801157,0.0446093753,0,12,85,0.414152056,1.09587383,41,60.5,0.5
Kinematic-Cluster4-F,331,6.64,2,-3.19642353,-1.28047991,23.1019173,-1.80155039E-05,0.00716512837,45.7600975,0.386692345,0,8,85,0.414152056,1.09587383,41,60.5,0.5
Kinematic-Cluster4-F,331,6.64,3,-2.76863718,-1.198923,27.1116657,0.00261085224,-0.02910809,-9.38819,0.5469999,0,10,85,0.414152056,1.09587383,41,60.5,0.5
Kinematic-Cluster4-F,332,6.66,0,-2.989865,-1.563143,25.8146973,0.01726089,-0.0006752461,5.706108,0.1705161,0,18,85,0.296867222,0.6964227,41,60.5,0.5
Kinematic-Cluster4-F,332,6.66,1,-2.61034417,-1.55236757,17.1807442,-0.0351465642,-0.006649345,6.00599957,0.0480672866,0,5,85,0.296867222,0.6964227,41,60.5,0.5
Kinematic-Cluster4-F,332,6.66,2,-3.196437,-1.27510464,22.5213165,0.00043960847,-0.17505832,30.9306545,0.268764138,0,9,85,0.296867222,0.6964227,41,60.5,0.5
Kinematic-Cluster4-F,332,6.66,3,-2.768457,-1.20331419,26.9539528,0.009844431,-0.219710216,-7.889223,0.219744563,0,4,85,0.296867222,0.6964227,41,60.5,0.5
Kinematic-Cluster4-F,333,6.68,0,-2.99907637,-1.56278265,26.3373,0.0218243413,-0.000853776932,8.858515,0.4609174,0,19,85,0.269781142,0.626453459,41,60.5,0.5
Kinematic-Cluster4-F,333,6.68,1,-2.610899,-1.55247259,17.2868233,-0.02824411,-0.005343437,5.30386066,0.028232649,0,11,85,0.269781142,0.626453459,41,60.5,0.5
Kinematic-Cluster4-F,333,6.68,2,-3.1964438,-1.27237284,21.6590023,0.000807069242,-0.321385115,8.858511,0.136590451,0,9,85,0.269781142,0.626453459,41,60.5,0.5
Kinematic-Cluster4-F,333,6.68,3,-2.76853013,-1.20919,27.0335732,-0.00409242371,-0.293723017,3.98103738,0.2938141,0,9,85,0.269781142,0.626453459,41,60.5,0.5
Kinematic-Cluster4-F,334,6.7,0,-3.00079823,-1.56271529,26.6033745,0.0389265828,-0.00152280927,12.7286377,0.08615879,0,17,85,0.237752631,0.452401519,41,60.5,0.5
Kinematic-Cluster4-F,334,6.7,1,-2.61127472,-1.55254364,17.5437126,-0.0199839137,-0.00378072262,12.8445148,0.0191202927,0,12,85,0.237752631,0.452401519,41,60.5,0.5
Kinematic-Cluster4-F,334,6.7,2,-3.19644713,-1.27103424,20.61157,0.00101237744,-0.4031409,12.7330475,0.0669302642,0,9,85,0.237752631,0.452401519,41,60.5,0.5
Kinematic-Cluster4-F,334,6.7,3,-2.76906276,-1.21591294,27.210947,-0.0276008453,-0.3359981,8.868629,0.337199628,0,10,85,0.237752631,0.452401519,41,60.5,0.5
Kinematic-Cluster4-F,335,6.72,0,-2.996436,-1.562886,27.3588829,0.05560781,-0.002175361,18.2432747,0.218272254,0,13,85,0.235391349,0.65066123,41,60.5,0.5
Kinematic-Cluster4-F,335,6.72,1,-2.60986829,-1.55124485,17.5209846,-0.004406702,-0.000833690166,18.62848,0.09571954,0,9,85,0.235391349,0.65066123,41,60.5,0.5
Kinematic-Cluster4-F,335,6.72,2,-3.196446,-1.27149642,20.2157936,0.00115352869,-0.459349632,18.1113071,0.023108799,0,8,85,0.235391349,0.65066123,41,60.5,0.5
Kinematic-Cluster4-F,335,6.72,3,-2.76725984,-1.215746,27.956768,-0.0460547544,-0.357150078,15.4903908,0.09053147,0,12,85,0.235391349,0.65066123,41,60.5,0.5
Kinematic-Cluster4-F,336,6.74,0,-2.994915,-1.56294537,27.8365784,0.07345769,-0.00287359953,23.8847065,0.0761134252,0,17,85,0.274505228,0.870200753,41,60.5,0.5
Kinematic-Cluster4-F,336,6.74,1,-2.6113596,-1.55255973,17.6019058,-0.0589405745,-0.0111508965,23.8847122,0.09940958,0,14,85,0.274505228,0.870200753,41,60.5,0.5
Kinematic-Cluster4-F,336,6.74,2,-3.19643426,-1.276171,20.7325878,0.00126831234,-0.505056262,24.0199032,0.233728424,0,7,85,0.274505228,0.870200753,41,60.5,0.5
Kinematic-Cluster4-F,336,6.74,3,-2.7664814,-1.21460831,28.4303169,-0.0581854,-0.368255079,20.3663483,0.06892752,0,12,85,0.274505228,0.870200753,41,60.5,0.5
Kinematic-Cluster4-F,337,6.75999975,0,-2.98951221,-1.56315672,28.6184025,0.07237243,-0.00283119082,22.9090023,0.27034682,0,12,85,0.2349103,0.6236856,41,60.5,0.5
Kinematic-Cluster4-F,337,6.75999975,1,-2.60985374,-1.549866,17.2391644,-0.005407095,-0.00102296472,21.29155,0.154304892,0,9,85,0.2349103,0.6236856,41,60.5,0.5
Kinematic-Cluster4-F,337,6.75999975,2,-3.19643116,-1.27733445,20.913147,0.00135179609,-0.538300633,23.1741447,0.05817434,0,7,85,0.2349103,0.6236856,41,60.5,0.5
Kinematic-Cluster4-F,337,6.75999975,3,-2.7672205,-1.21378481,28.6376133,-0.082671456,-0.36871323,23.0870686,0.0553266145,0,12,85,0.2349103,0.6236856,41,60.5,0.5
Kinematic-Cluster4-F,338,6.77999973,0,-2.98768187,-1.56322849,29.1990547,0.08834955,-0.00345617533,29.0325966,0.09158729,0,18,84,0.24596189,0.6137027,41,60.5,0.5
Kinematic-Cluster4-F,338,6.77999973,1,-2.61097217,-1.55248642,16.9875774,-0.05699531,-0.0107828677,27.8089046,0.142457634,0,14,84,0.24596189,0.6137027,41,60.5,0.5
Kinematic-Cluster4-F,338,6.77999973,2,-3.19642043,-1.281686,21.70722,0.00141415745,-0.5631374,29.3022976,0.21757549,0,8,84,0.24596189,0.6137027,41,60.5,0.5
Kinematic-Cluster4-F,338,6.77999973,3,-2.76638341,-1.21096921,29.3497944,-0.08787691,-0.3749258,28.1235733,0.1468702,0,12,84,0.24596189,0.6137027,41,60.5,0.5
Kinematic-Cluster4-F,339,6.79999971,0,-2.981966,-1.563452,30.0248566,0.08488816,-0.00332078338,27.6331539,0.2860108,0,11,84,0.257915765,0.574662864,41,60.5,0.5
Kinematic-Cluster4-F,339,6.79999971,1,-2.60983658,-1.548238,17.44517,1.2547709E-05,0.00119510712,27.760849,0.219876647,0,9,84,0.257915765,0.574662864,41,60.5,0.5
Kinematic-Cluster4-F,339,6.79999971,2,-3.19641542,-1.28362525,22.16587,0.00146477669,-0.5832904,27.7334042,0.0969651639,0,7,84,0.257915765,0.574662864,41,60.5,0.5
Kinematic-Cluster4-F,339,6.79999971,3,-2.76682234,-1.21209776,29.5449085,-0.107460067,-0.373659,28.5011063,0.0605453,0,11,84,0.257915765,0.574662864,41,60.5,0.5
Kinematic-Cluster4-F,340,6.81999969,0,-2.97988963,-1.56353331,30.6851273,0.1002061,-0.003919989,33.01348,0.103898928,0,18,85,0.2383642,0.5259135,41,60.5,0.5
Kinematic-Cluster4-F,340,6.81999969,1,-2.61027622,-1.55235469,17.4954281,-0.05457687,-0.0103253126,33.01348,0.2070032,0,15,85,0.2383642,0.5259135,41,60.5,0.5
Kinematic-Cluster4-F,340,6.81999969,2,-3.196404,-1.28821349,22.9684486,0.00151475519,-0.6031953,33.7410049,0.229413047,0,8,85,0.2383642,0.5259135,41,60.5,0.5
Kinematic-Cluster4-F,340,6.81999969,3,-2.76570344,-1.20946229,30.4828682,-0.10709855,-0.375392556,32.0878677,0.143157989,0,11,85,0.2383642,0.5259135,41,60.5,0.5
Kinematic-Cluster4-F,341,6.83999968,0,-2.993273,-1.56300962,24.0093727,-0.009993219,0.000390924746,1.51431072,0.669681549,0,18,85,0.4643107,1.18701446,41,60.5,0.5
Kinematic-Cluster4-F,341,6.83999968,1,-2.60939956,-1.552189,17.8769321,0.0685583353,0.0129705071,6.019051,0.0446093753,0,12,85,0.4643107,1.18701446,41,60.5,0.5
Kinematic-Cluster4-F,341,6.83999968,2,-3.19642353,-1.28047967,23.1019135,-1.80155039E-05,0.007160353,45.75998,0.386692345,0,8,85,0.4643107,1.18701446,41,60.5,0.5
Kinematic-Cluster4-F,341,6.83999968,3,-2.76863718,-1.19892347,27.1115627,0.00261103548,-0.0291101262,-9.388292,0.546976864,0,10,85,0.4643107,1.18701446,41,60.5,0.5
Kinematic-Cluster4-F,342,6.85999966,0,-2.989865,-1.563143,25.8146458,0.0172615256,-0.0006752759,5.706021,0.170528248,0,18,85,0.326214671,0.8122429,41,60.5,0.5
Kinematic-Cluster4-F,342,6.85999966,1,-2.61034417,-1.55236757,17.1808052,-0.0351465978,-0.006649345,6.007037,0.0480672866,0,5,85,0.326214671,0.8122429,41,60.5,0.5
Kinematic-Cluster4-F,342,6.85999966,2,-3.196437,-1.2751044,22.5213,0.000439619645,-0.175062433,30.9299145,0.268764138,0,9,85,0.326214671,0.8122429,41,60.5,0.5
Kinematic-Cluster4-F,342,6.85999966,3,-2.768457,-1.20331466,26.9538536,0.00984531,-0.219711587,-7.88922548,0.219744563,0,4,85,0.326214671,0.8122429,41,60.5,0.5
Kinematic-Cluster4-F,343,6.87999964,0,-2.99907637,-1.56278265,26.337225,0.0218250826,-0.000853806734,8.858677,0.4609174,0,19,84,0.274392664,0.632216334,41,60.5,0.5
Kinematic-Cluster4-F,343,6.87999964,1,-2.610899,-1.55247259,17.2868881,-0.0282435454,-0.00534337759,5.30418873,0.028232649,0,11,84,0.274392664,0.632216334,41,60.5,0.5
Kinematic-Cluster4-F,343,6.87999964,2,-3.1964438,-1.2723726,21.6590061,0.0008070767,-0.321387619,8.858672,0.136590451,0,9,84,0.274392664,0.632216334,41,60.5,0.5
Kinematic-Cluster4-F,343,6.87999964,3,-2.76853013,-1.20919049,27.0334682,-0.004091966,-0.2937238,3.98084,0.2938141,0,9,84,0.274392664,0.632216334,41,60.5,0.5
Kinematic-Cluster4-F,344,6.89999962,0,-3.00079823,-1.56271529,26.6033535,0.0389274955,-0.00152283907,12.7288618,0.08615879,0,17,85,0.246241152,0.5844345,41,60.5,0.5
Kinematic-Cluster4-F,344,6.89999962,1,-2.61127448,-1.55254352,17.5437813,-0.019982893,-0.0037805438,12.84465,0.0191074722,0,12,85,0.246241152,0.5844345,41,60.5,0.5
Kinematic-Cluster4-F,344,6.89999962,2,-3.19644713,-1.271034,20.6115513,0.00101238117,-0.403142661,12.7332544,0.0669302642,0,9,85,0.246241152,0.5844345,41,60.5,0.5
Kinematic-Cluster4-F,344,6.89999962,3,-2.76906276,-1.21591341,27.2108459,-0.0276005715,-0.335998684,8.86879,0.337199628,0,10,85,0.246241152,0.5844345,41,60.5,0.5
Kinematic-Cluster4-F,345,6.92,0,-2.99643588,-1.562886,27.3588371,0.0556087,-0.00217539072,18.2434731,0.218284175,0,13,85,0.21861282,0.570085347,41,60.5,0.5
Kinematic-Cluster4-F,345,6.92,1,-2.60986829,-1.55124474,17.5210972,-0.00440545753,-0.000833451748,18.6286831,0.09571078,0,9,85,0.21861282,0.570085347,41,60.5,0.5
Kinematic-Cluster4-F,345,6.92,2,-3.196446,-1.27149642,20.2157841,0.00115353242,-0.459350854,18.1115131,0.02312072,0,8,85,0.21861282,0.570085347,41,60.5,0.5
Kinematic-Cluster4-F,345,6.92,3,-2.76725984,-1.21574616,27.9568,-0.0460545458,-0.357150465,15.4906,0.090533115,0,12,85,0.21861282,0.570085347,41,60.5,0.5
Kinematic-Cluster4-F,346,6.94,0,-2.99491477,-1.56294537,27.8365345,0.0734587163,-0.00287365913,23.8849182,0.0761134252,0,17,85,0.257250249,0.670660734,41,60.5,0.5
Kinematic-Cluster4-F,346,6.94,1,-2.6113596,-1.55255961,17.60197,-0.05894054,-0.0111508965,23.8849182,0.09940958,0,14,85,0.257250249,0.670660734,41,60.5,0.5
Kinematic-Cluster4-F,346,6.94,2,-3.19643426,-1.276171,20.7325745,0.00126831234,-0.505057454,24.0201111,0.233728424,0,7,85,0.257250249,0.670660734,41,60.5,0.5
Kinematic-Cluster4-F,346,6.94,3,-2.7664814,-1.21460831,28.4303665,-0.0581852458,-0.368255377,20.3665562,0.06893244,0,12,85,0.257250249,0.670660734,41,60.5,0.5
Kinematic-Cluster4-F,347,6.96,0,-2.989512,-1.56315672,28.6184311,0.07237318,-0.00283122063,22.90912,0.27034682,0,12,85,0.2419237,0.790027142,41,60.5,0.5
Kinematic-Cluster4-F,347,6.96,1,-2.60985374,-1.549866,17.2391872,-0.00540643558,-0.0010228157,21.2916164,0.154299691,0,9,85,0.2419237,0.790027142,41,60.5,0.5
Kinematic-Cluster4-F,347,6.96,2,-3.19643116,-1.27733445,20.9131336,0.00135179609,-0.5383017,23.1742668,0.05817434,0,7,85,0.2419237,0.790027142,41,60.5,0.5
Kinematic-Cluster4-F,347,6.96,3,-2.76722026,-1.21378458,28.6376228,-0.0826716647,-0.368713319,23.087225,0.05532753,0,12,85,0.2419237,0.790027142,41,60.5,0.5
Kinematic-Cluster4-F,348,6.98,0,-2.98768163,-1.56322849,29.1990871,0.08835022,-0.00345620513,29.0327473,0.09158729,0,18,84,0.24970004,0.555608869,41,60.5,0.5
Kinematic-Cluster4-F,348,6.98,1,-2.61097217,-1.55248642,16.987648,-0.05699527,-0.0107828677,27.8090286,0.142457634,0,14,84,0.24970004,0.555608869,41,60.5,0.5
Kinematic-Cluster4-F,348,6.98,2,-3.19642043,-1.281686,21.7072144,0.0014141649,-0.5631383,29.302433,0.21757549,0,8,84,0.24970004,0.555608869,41,60.5,0.5
Kinematic-Cluster4-F,348,6.98,3,-2.76638317,-1.21096933,29.3497868,-0.08787702,-0.374925822,28.1236954,0.14685306,0,12,84,0.24970004,0.555608869,41,60.5,0.5
Kinematic-Cluster4-F,349,7,0,-2.98196554,-1.563452,30.0249138,0.0848887,-0.00332081318,27.6332073,0.2860227,0,11,85,0.259138942,0.633964658,41,60.5,0.5
Kinematic-Cluster4-F,349,7,1,-2.60983658,-1.548238,17.4451866,1.25481747E-05,0.00119517127,27.7608929,0.219876647,0,9,85,0.259138942,0.633964658,41,60.5,0.5
Kinematic-Cluster4-F,349,7,2,-3.19641542,-1.28362525,22.16586,0.00146477669,-0.5832911,27.7335434,0.0969651639,0,7,85,0.259138942,0.633964658,41,60.5,0.5
Kinematic-Cluster4-F,349,7,3,-2.766822,-1.21209776,29.5449333,-0.107460454,-0.373658985,28.5012569,0.0605397448,0,11,85,0.259138942,0.633964658,41,60.5,0.5
Kinematic-Cluster4-F,350,7.02,0,-2.97988915,-1.56353331,30.6851845,0.100206345,-0.00392001867,33.0135269,0.103898928,0,18,85,0.207671657,0.442174435,41,60.5,0.5
Kinematic-Cluster4-F,350,7.02,1,-2.61027622,-1.55235469,17.4954262,-0.0545768328,-0.0103253126,33.0135269,0.2070032,0,15,85,0.207671657,0.442174435,41,60.5,0.5
Kinematic-Cluster4-F,350,7.02,2,-3.196404,-1.28821361,22.9684639,0.00151475519,-0.603196,33.74108,0.229419008,0,8,85,0.207671657,0.442174435,41,60.5,0.5
Kinematic-Cluster4-F,350,7.02,3,-2.7657032,-1.2094624,30.4828415,-0.107098818,-0.375392377,32.0879478,0.1431525,0,11,85,0.207671657,0.442174435,41,60.5,0.5
Kinematic-Cluster4-F,351,7.04,0,-2.99327278,-1.56300974,24.0095024,-0.009993536,0.0003909372,1.51396465,0.669693232,0,18,86,0.451622665,1.29762864,41,60.5,0.5
Kinematic-Cluster4-F,351,7.04,1,-2.60939956,-1.552189,17.8769321,0.06855816,0.0129704773,6.01921749,0.0446093753,0,12,86,0.451622665,1.29762864,41,60.5,0.5
Kinematic-Cluster4-F,351,7.04,2,-3.19642353,-1.28048,23.10193,-1.80006027E-05,0.00715988735,45.7601662,0.386680424,0,8,86,0.451622665,1.29762864,41,60.5,0.5
Kinematic-Cluster4-F,351,7.04,3,-2.768637,-1.19892323,27.1114826,0.00261069834,-0.0291102119,-9.38851,0.5469941,0,10,86,0.451622665,1.29762864,41,60.5,0.5
Kinematic-Cluster4-F,352,7.06,0,-2.989865,-1.563143,25.8147659,0.0172613636,-0.0006752759,5.70597267,0.1705161,0,18,85,0.307650775,0.7356057,41,60.5,0.5
Kinematic-Cluster4-F,352,7.06,1,-2.61034417,-1.55236757,17.1807938,-0.0351466052,-0.006649345,6.00720263,0.0480672866,0,5,85,0.307650775,0.7356057,41,60.5,0.5
Kinematic-Cluster4-F,352,7.06,2,-3.196437,-1.27510476,22.5213013,0.000439619645,-0.1750627,30.9297981,0.268764138,0,9,85,0.307650775,0.7356057,41,60.5,0.5
Kinematic-Cluster4-F,352,7.06,3,-2.7684567,-1.20331454,26.95377,0.009845328,-0.21971184,-7.889233,0.219750509,0,4,85,0.307650775,0.7356057,41,60.5,0.5
Kinematic-Cluster4-F,353,7.08,0,-2.9990766,-1.56278265,26.3374062,0.02182505,-0.000853806734,8.858697,0.460929334,0,19,84,0.282569915,0.7741742,41,60.5,0.5
Kinematic-Cluster4-F,353,7.08,1,-2.610899,-1.55247259,17.2868786,-0.028243592,-0.00534337759,5.30427027,0.028232649,0,11,84,0.282569915,0.7741742,41,60.5,0.5
Kinematic-Cluster4-F,353,7.08,2,-3.1964438,-1.272373,21.6589527,0.0008070767,-0.321387827,8.85869,0.136590451,0,9,84,0.282569915,0.7741742,41,60.5,0.5
Kinematic-Cluster4-F,353,7.08,3,-2.76853,-1.20919037,27.0333862,-0.00409196876,-0.2937239,3.98076367,0.2938141,0,9,84,0.282569915,0.7741742,41,60.5,0.5
Kinematic-Cluster4-F,354,7.1,0,-3.00079823,-1.56271529,26.60345,0.0389274769,-0.00152283907,12.7289047,0.08614688,0,17,85,0.2655276,1.06458187,41,60.5,0.5
Kinematic-Cluster4-F,354,7.1,1,-2.61127448,-1.55254352,17.54377,-0.0199830085,-0.0037805438,12.8446207,0.0191074722,0,12,85,0.2655276,1.06458187,41,60.5,0.5
Kinematic-Cluster4-F,354,7.1,2,-3.19644713,-1.27103436,20.6115112,0.00101238117,-0.4031427,12.7332926,0.0669302642,0,9,85,0.2655276,1.06458187,41,60.5,0.5
Kinematic-Cluster4-F,354,7.1,3,-2.76906252,-1.2159133,27.21076,-0.0276005212,-0.335998833,8.868784,0.337199628,0,10,85,0.2655276,1.06458187,41,60.5,0.5
Kinematic-Cluster4-F,355,7.12,0,-2.99643588,-1.562886,27.3588924,0.05560869,-0.00217539072,18.2435,0.218284175,0,13,85,0.233801916,0.577286363,41,60.5,0.5
Kinematic-Cluster4-F,355,7.12,1,-2.60986829,-1.55124474,17.5210857,-0.004405413,-0.000833451748,18.62871,0.09571078,0,9,85,0.233801916,0.577286363,41,60.5,0.5
Kinematic-Cluster4-F,355,7.12,2,-3.196446,-1.27149653,20.2158241,0.00115353242,-0.459350884,18.1115246,0.023108799,0,8,85,0.233801916,0.577286363,41,60.5,0.5
Kinematic-Cluster4-F,355,7.12,3,-2.7672596,-1.2157464,27.9566689,-0.04605462,-0.357150584,15.49062,0.09053147,0,12,85,0.233801916,0.577286363,41,60.5,0.5
Kinematic-Cluster4-F,356,7.14,0,-2.99491477,-1.56294537,27.83659,0.07345871,-0.00287365913,23.8849525,0.0761134252,0,17,85,0.237985536,0.6646107,41,60.5,0.5
Kinematic-Cluster4-F,356,7.14,1,-2.6113596,-1.55255961,17.6019039,-0.0589405522,-0.0111508965,23.8849583,0.09940958,0,14,85,0.237985536,0.6646107,41,60.5,0.5
Kinematic-Cluster4-F,356,7.14,2,-3.19643426,-1.27617109,20.7326221,0.00126831234,-0.505057454,24.0201244,0.233728424,0,7,85,0.237985536,0.6646107,41,60.5,0.5
Kinematic-Cluster4-F,356,7.14,3,-2.76648116,-1.21460843,28.4302254,-0.0581853278,-0.3682555,20.3666248,0.06893736,0,12,85,0.237985536,0.6646107,41,60.5,0.5
Kinematic-Cluster4-F,357,7.16,0,-2.98951173,-1.56315684,28.618494,0.07237309,-0.00283122063,22.9091721,0.27035895,0,12,85,0.230884045,0.646747231,41,60.5,0.5
Kinematic-Cluster4-F,357,7.16,1,-2.60985374,-1.54986584,17.2390976,-0.005406279,-0.0010227859,21.29171,0.154304892,0,9,85,0.230884045,0.646747231,41,60.5,0.5
Kinematic-Cluster4-F,357,7.16,2,-3.19643116,-1.27733457,20.913168,0.00135179609,-0.5383018,23.17432,0.05817434,0,7,85,0.230884045,0.646747231,41,60.5,0.5
Kinematic-Cluster4-F,357,7.16,3,-2.76722026,-1.21378469,28.6375427,-0.0826716647,-0.368713558,23.08729,0.0553354919,0,12,85,0.230884045,0.646747231,41,60.5,0.5
Kinematic-Cluster4-F,358,7.18,0,-2.98768139,-1.56322849,29.199152,0.0883503,-0.00345620513,29.0328083,0.09158706,0,18,85,0.2855024,0.823168635,41,60.5,0.5
Kinematic-Cluster4-F,358,7.18,1,-2.61097217,-1.55248642,16.9875412,-0.05699528,-0.0107828677,27.8090935,0.142463118,0,14,85,0.2855024,0.823168635,41,60.5,0.5
Kinematic-Cluster4-F,358,7.18,2,-3.19642043,-1.28168631,21.707262,0.0014141649,-0.5631385,29.3025227,0.217587411,0,8,85,0.2855024,0.823168635,41,60.5,0.5
Kinematic-Cluster4-F,358,7.18,3,-2.76638317,-1.21096909,29.3497562,-0.08787709,-0.3749261,28.1237736,0.1468702,0,12,85,0.2855024,0.823168635,41,60.5,0.5
Kinematic-Cluster4-F,359,7.2,0,-2.98196554,-1.563452,30.0249825,0.08488895,-0.00332081318,27.6331844,0.2860108,0,11,85,0.249412626,0.657941341,41,60.5,0.5
Kinematic-Cluster4-F,359,7.2,1,-2.60983658,-1.54823792,17.4451084,1.254864E-05,0.00119520247,27.7608986,0.219882429,0,9,85,0.249412626,0.657941341,41,60.5,0.5
Kinematic-Cluster4-F,359,7.2,2,-3.19641542,-1.2836256,22.1659031,0.00146477669,-0.58329165,27.7335911,0.0969651639,0,7,85,0.249412626,0.657941341,41,60.5,0.5
Kinematic-Cluster4-F,359,7.2,3,-2.766822,-1.21209776,29.5448647,-0.107460685,-0.373659164,28.5012875,0.0605508536,0,11,85,0.249412626,0.657941341,41,60.5,0.5
Kinematic-Cluster4-F,360,7.22,0,-2.97988915,-1.56353331,30.6852531,0.100206509,-0.00392001867,33.013588,0.103898928,0,18,84,0.24384518,0.6207512,41,60.5,0.5
Kinematic-Cluster4-F,360,7.22,1,-2.61027622,-1.55235469,17.4953346,-0.05457681,-0.0103253126,33.01359,0.207009122,0,15,84,0.24384518,0.6207512,41,60.5,0.5
Kinematic-Cluster4-F,360,7.22,2,-3.196404,-1.288214,22.9685078,0.00151475519,-0.6031966,33.7411728,0.229419008,0,8,84,0.24384518,0.6207512,41,60.5,0.5
Kinematic-Cluster4-F,360,7.22,3,-2.76570344,-1.20946217,30.4828758,-0.1070989,-0.375392437,32.08795,0.143158808,0,11,84,0.24384518,0.6207512,41,60.5,0.5
Kinematic-Cluster4-F,361,7.24,0,-2.99327278,-1.56300974,24.00955,-0.009993131,0.000390921254,1.514618,0.669693232,0,18,85,0.411711127,1.09422648,41,60.5,0.5
Kinematic-Cluster4-F,361,7.24,1,-2.60939956,-1.552189,17.8768311,0.06855852,0.0129705369,6.018282,0.0446093753,0,12,85,0.411711127,1.09422648,41,60.5,0.5
Kinematic-Cluster4-F,361,7.24,2,-3.19642353,-1.28048027,23.1019363,-1.80155039E-05,0.00716187153,45.7603455,0.386686385,0,8,85,0.411711127,1.09422648,41,60.5,0.5
Kinematic-Cluster4-F,361,7.24,3,-2.76863742,-1.19892287,27.11168,0.0026110257,-0.0291095413,-9.388088,0.547003031,0,10,85,0.411711127,1.09422648,41,60.5,0.5
Kinematic-Cluster4-F,362,7.25999975,0,-2.98986459,-1.563143,25.8147888,0.0172618143,-0.0006752908,5.70614958,0.17053993,0,18,85,0.304849446,0.66438067,41,60.5,0.5
Kinematic-Cluster4-F,362,7.25999975,1,-2.61034417,-1.55236757,17.1807117,-0.03514659,-0.006649345,6.00627041,0.0480672866,0,5,85,0.304849446,0.66438067,41,60.5,0.5
Kinematic-Cluster4-F,362,7.25999975,2,-3.196437,-1.275105,22.5213337,0.00043961592,-0.175061077,30.9303417,0.268764138,0,9,85,0.304849446,0.66438067,41,60.5,0.5
Kinematic-Cluster4-F,362,7.25999975,3,-2.76845717,-1.20331407,26.953968,0.009844944,-0.21971108,-7.889164,0.219744563,0,4,85,0.304849446,0.66438067,41,60.5,0.5
Kinematic-Cluster4-F,363,7.27999973,0,-2.99907637,-1.56278265,26.3374,0.0218251087,-0.000853806734,8.858677,0.460941255,0,19,85,0.2958333,0.8495834,41,60.5,0.5
Kinematic-Cluster4-F,363,7.27999973,1,-2.610899,-1.55247259,17.2867928,-0.0282435846,-0.005343348,5.30397224,0.028232649,0,11,85,0.2958333,0.8495834,41,60.5,0.5
Kinematic-Cluster4-F,363,7.27999973,2,-3.1964438,-1.2723732,21.65904,0.0008070767,-0.3213869,8.858675,0.136590451,0,9,85,0.2958333,0.8495834,41,60.5,0.5
Kinematic-Cluster4-F,363,7.27999973,3,-2.76853037,-1.20918989,27.0335884,-0.00409217924,-0.2937234,3.98103547,0.2938141,0,9,85,0.2958333,0.8495834,41,60.5,0.5
Kinematic-Cluster4-F,364,7.29999971,0,-3.00079823,-1.56271529,26.6034737,0.0389274135,-0.00152283907,12.7288389,0.08615879,0,17,85,0.279158771,0.780526459,41,60.5,0.5
Kinematic-Cluster4-F,364,7.29999971,1,-2.61127448,-1.55254352,17.543684,-0.0199830718,-0.00378057361,12.8446178,0.0191074722,0,12,85,0.279158771,0.780526459,41,60.5,0.5
Kinematic-Cluster4-F,364,7.29999971,2,-3.19644713,-1.27103448,20.6115875,0.00101238117,-0.403142273,12.733223,0.0669362247,0,9,85,0.279158771,0.780526459,41,60.5,0.5
Kinematic-Cluster4-F,364,7.29999971,3,-2.769063,-1.21591282,27.2109642,-0.0276007429,-0.3359984,8.868775,0.337199628,0,10,85,0.279158771,0.780526459,41,60.5,0.5
Kinematic-Cluster4-F,365,7.31999969,0,-2.99643564,-1.562886,27.3589478,0.0556086525,-0.00217539072,18.2434788,0.2182961,0,13,85,0.222018883,0.579433739,41,60.5,0.5
Kinematic-Cluster4-F,365,7.31999969,1,-2.60986829,-1.55124474,17.5210285,-0.004405692,-0.000833511353,18.6287136,0.09571078,0,9,85,0.222018883,0.579433739,41,60.5,0.5
Kinematic-Cluster4-F,365,7.31999969,2,-3.196446,-1.27149653,20.215868,0.00115353242,-0.4593507,18.1114979,0.0231028385,0,8,85,0.222018883,0.579433739,41,60.5,0.5
Kinematic-Cluster4-F,365,7.31999969,3,-2.76726,-1.21574593,27.9568386,-0.0460546762,-0.357150435,15.4905138,0.09053147,0,12,85,0.222018883,0.579433739,41,60.5,0.5
Kinematic-Cluster4-F,366,7.33999968,0,-2.99491453,-1.56294537,27.836647,0.07345868,-0.00287365913,23.8849354,0.0761134252,0,17,85,0.2506382,0.6074849,41,60.5,0.5
Kinematic-Cluster4-F,366,7.33999968,1,-2.6113596,-1.55255961,17.6019421,-0.05894051,-0.0111508965,23.8849354,0.09940958,0,14,85,0.2506382,0.6074849,41,60.5,0.5
Kinematic-Cluster4-F,366,7.33999968,2,-3.19643426,-1.27617109,20.7326641,0.00126831234,-0.505057633,24.0201321,0.233728424,0,7,85,0.2506382,0.6074849,41,60.5,0.5
Kinematic-Cluster4-F,366,7.33999968,3,-2.76648164,-1.21460807,28.4304523,-0.0581853576,-0.368255377,20.3664989,0.06893244,0,12,85,0.2506382,0.6074849,41,60.5,0.5
Kinematic-Cluster4-F,367,7.35999966,0,-2.98951173,-1.56315672,28.6184483,0.07237326,-0.00283122063,22.9091911,0.27034682,0,12,85,0.2342401,0.6644488,41,60.5,0.5
Kinematic-Cluster4-F,367,7.35999966,1,-2.60985374,-1.54986584,17.2391987,-0.00540632,-0.0010228157,21.29163,0.154304892,0,9,85,0.2342401,0.6644488,41,60.5,0.5
Kinematic-Cluster4-F,367,7.35999966,2,-3.19643116,-1.27733469,20.9132271,0.00135179609,-0.538302064,23.1743469,0.0581803,0,7,85,0.2342401,0.6644488,41,60.5,0.5
Kinematic-Cluster4-F,367,7.35999966,3,-2.76722074,-1.21378446,28.6377773,-0.0826718,-0.368713379,23.0872631,0.05533106,0,12,85,0.2342401,0.6644488,41,60.5,0.5
Kinematic-Cluster4-F,368,7.37999964,0,-2.98768139,-1.56322849,29.1991062,0.08835043,-0.003456235,29.0328369,0.09158729,0,18,85,0.267536819,0.7518446,41,60.5,0.5
Kinematic-Cluster4-F,368,7.37999964,1,-2.61097217,-1.55248642,16.98756,-0.05699521,-0.0107828677,27.8091049,0.142463118,0,14,85,0.267536819,0.7518446,41,60.5,0.5
Kinematic-Cluster4-F,368,7.37999964,2,-3.19642043,-1.28168619,21.7073,0.0014141649,-0.563138664,29.3025055,0.21757549,0,8,85,0.267536819,0.7518446,41,60.5,0.5
Kinematic-Cluster4-F,368,7.37999964,3,-2.76638341,-1.210969,29.34992,-0.08787727,-0.374925941,28.1237831,0.1468679,0,12,85,0.267536819,0.7518446,41,60.5,0.5
Kinematic-Cluster4-F,369,7.39999962,0,-2.98196554,-1.563452,30.0249271,0.0848889947,-0.00332081318,27.6332,0.2860108,0,11,84,0.234281644,0.606696844,41,60.5,0.5
Kinematic-Cluster4-F,369,7.39999962,1,-2.60983658,-1.54823792,17.4450989,1.254864E-05,0.00119523285,27.7609119,0.219882429,0,9,84,0.234281644,0.606696844,41,60.5,0.5
Kinematic-Cluster4-F,369,7.39999962,2,-3.19641542,-1.2836256,22.1659489,0.00146477669,-0.5832917,27.7336445,0.0969711244,0,7,84,0.234281644,0.606696844,41,60.5,0.5
Kinematic-Cluster4-F,369,7.39999962,3,-2.76682234,-1.21209741,29.5451012,-0.107460707,-0.373659074,28.5012741,0.0605397448,0,11,84,0.234281644,0.606696844,41,60.5,0.5
Kinematic-Cluster4-F,370,7.4199996,0,-2.97988915,-1.56353331,30.6852,0.100206584,-0.00392001867,33.0136,0.103898928,0,18,84,0.203368589,0.424937934,41,60.5,0.5
Kinematic-Cluster4-F,370,7.4199996,1,-2.61027622,-1.55235469,17.4954357,-0.05457678,-0.0103253126,33.0136032,0.207009122,0,15,84,0.203368589,0.424937934,41,60.5,0.5
Kinematic-Cluster4-F,370,7.4199996,2,-3.196404,-1.28821373,22.9685268,0.00151475519,-0.6031966,33.7411537,0.229407087,0,8,84,0.203368589,0.424937934,41,60.5,0.5
Kinematic-Cluster4-F,370,7.4199996,3,-2.76570368,-1.20946217,30.4829884,-0.107099228,-0.375392526,32.0880127,0.143142357,0,11,84,0.203368589,0.424937934,41,60.5,0.5
Kinematic-Cluster4-F,371,7.44,0,-2.99327278,-1.56300974,24.0093765,-0.009993167,0.000390922651,1.51431525,0.669693232,0,18,85,0.418835819,1.05381525,41,60.5,0.5
Kinematic-Cluster4-F,371,7.44,1,-2.60939956,-1.552189,17.8769321,0.0685590953,0.0129706711,6.01822233,0.0446093753,0,12,85,0.418835819,1.05381525,41,60.5,0.5
Kinematic-Cluster4-F,371,7.44,2,-3.19642353,-1.28048,23.10195,-1.80155039E-05,0.0071654194,45.7604179,0.386686385,0,8,85,0.418835819,1.05381525,41,60.5,0.5
Kinematic-Cluster4-F,371,7.44,3,-2.76863718,-1.19892335,27.11169,0.00261115469,-0.0291075055,-9.388416,0.5469737,0,10,85,0.418835819,1.05381525,41,60.5,0.5
Kinematic-Cluster4-F,372,7.46,0,-2.989865,-1.563143,25.8146572,0.0172611289,-0.000675261,5.706017,0.1705161,0,18,84,0.318839431,0.8175803,41,60.5,0.5
Kinematic-Cluster4-F,372,7.46,1,-2.61034417,-1.55236757,17.180788,-0.03514656,-0.00664933026,6.006211,0.0480672866,0,5,84,0.318839431,0.8175803,41,60.5,0.5
Kinematic-Cluster4-F,372,7.46,2,-3.196437,-1.27510464,22.52134,0.00043960847,-0.175057843,30.9308662,0.2687701,0,9,84,0.318839431,0.8175803,41,60.5,0.5
Kinematic-Cluster4-F,372,7.46,3,-2.768457,-1.20331454,26.95398,0.00984496251,-0.219710037,-7.889204,0.219744563,0,4,84,0.318839431,0.8175803,41,60.5,0.5
Kinematic-Cluster4-F,373,7.48,0,-2.99907637,-1.56278265,26.3372669,0.0218245033,-0.000853776932,8.858532,0.4609174,0,19,84,0.2869364,0.6943753,41,60.5,0.5
Kinematic-Cluster4-F,373,7.48,1,-2.610899,-1.55247259,17.2868652,-0.0282438658,-0.00534340739,5.303869,0.028232649,0,11,84,0.2869364,0.6943753,41,60.5,0.5
Kinematic-Cluster4-F,373,7.48,2,-3.1964438,-1.27237284,21.6590328,0.000807069242,-0.321385,8.858527,0.136590451,0,9,84,0.2869364,0.6943753,41,60.5,0.5
Kinematic-Cluster4-F,373,7.48,3,-2.76853013,-1.20919037,27.0335979,-0.004092064,-0.293722838,3.981003,0.2938141,0,9,84,0.2869364,0.6943753,41,60.5,0.5
Kinematic-Cluster4-F,374,7.5,0,-3.00079823,-1.56271529,26.6033955,0.0389267728,-0.00152280927,12.7286663,0.08615879,0,17,85,0.2764516,0.9137484,41,60.5,0.5
Kinematic-Cluster4-F,374,7.5,1,-2.61127472,-1.55254364,17.5437565,-0.0199836269,-0.00378069282,12.8445425,0.0191202927,0,12,85,0.2764516,0.9137484,41,60.5,0.5
Kinematic-Cluster4-F,374,7.5,2,-3.19644713,-1.27103424,20.6115589,0.00101237744,-0.403140873,12.7330732,0.0669302642,0,9,85,0.2764516,0.9137484,41,60.5,0.5
Kinematic-Cluster4-F,374,7.5,3,-2.76906276,-1.2159133,27.2109718,-0.02760058,-0.335998029,8.86863,0.337199628,0,10,85,0.2764516,0.9137484,41,60.5,0.5
Kinematic-Cluster4-F,375,7.52,0,-2.99643588,-1.562886,27.3588715,0.0556079336,-0.002175361,18.2432919,0.218284175,0,13,84,0.210245281,0.587532163,41,60.5,0.5
Kinematic-Cluster4-F,375,7.52,1,-2.60986829,-1.55124485,17.5209942,-0.00440643728,-0.000833630562,18.6285,0.09571954,0,9,84,0.210245281,0.587532163,41,60.5,0.5
Kinematic-Cluster4-F,375,7.52,2,-3.196446,-1.27149665,20.21581,0.00115352869,-0.459349662,18.1113338,0.02312072,0,8,84,0.210245281,0.587532163,41,60.5,0.5
Kinematic-Cluster4-F,375,7.52,3,-2.76725984,-1.21574628,27.9567814,-0.04605451,-0.357150048,15.4904013,0.09053202,0,12,84,0.210245281,0.587532163,41,60.5,0.5
Kinematic-Cluster4-F,376,7.54,0,-2.99491477,-1.56294537,27.8365669,0.0734578744,-0.00287362933,23.8847618,0.0761134252,0,17,85,0.223921478,0.581364,41,60.5,0.5
Kinematic-Cluster4-F,376,7.54,1,-2.6113596,-1.55255973,17.6018715,-0.0589405745,-0.0111508965,23.8847637,0.09940958,0,14,85,0.223921478,0.581364,41,60.5,0.5
Kinematic-Cluster4-F,376,7.54,2,-3.19643426,-1.27617121,20.73261,0.00126831234,-0.505056441,24.0199528,0.233728424,0,7,85,0.223921478,0.581364,41,60.5,0.5
Kinematic-Cluster4-F,376,7.54,3,-2.76648116,-1.21460819,28.4304028,-0.0581852458,-0.368255168,20.3663864,0.06894901,0,12,85,0.223921478,0.581364,41,60.5,0.5
Kinematic-Cluster4-F,377,7.56,0,-2.98951173,-1.56315684,28.6184616,0.07237261,-0.00283119082,22.9090729,0.27035895,0,12,85,0.247007564,0.608085334,41,60.5,0.5
Kinematic-Cluster4-F,377,7.56,1,-2.60985374,-1.54986584,17.2391357,-0.00540680066,-0.00102290511,21.2915287,0.154310077,0,9,85,0.247007564,0.608085334,41,60.5,0.5
Kinematic-Cluster4-F,377,7.56,2,-3.19643116,-1.27733469,20.91315,0.00135179609,-0.538301,23.1742268,0.05817434,0,7,85,0.247007564,0.608085334,41,60.5,0.5
Kinematic-Cluster4-F,377,7.56,3,-2.76722026,-1.21378458,28.6376247,-0.08267159,-0.368713319,23.0871544,0.05533106,0,12,85,0.247007564,0.608085334,41,60.5,0.5
Kinematic-Cluster4-F,378,7.58,0,-2.98768139,-1.56322849,29.1991177,0.0883498341,-0.00345620513,29.0327129,0.09158706,0,18,85,0.282838941,0.731277049,41,60.5,0.5
Kinematic-Cluster4-F,378,7.58,1,-2.61097217,-1.55248642,16.9875259,-0.05699531,-0.0107828677,27.80901,0.142463118,0,14,85,0.282838941,0.731277049,41,60.5,0.5
Kinematic-Cluster4-F,378,7.58,2,-3.19642043,-1.28168631,21.7072411,0.0014141649,-0.56313777,29.3023968,0.217581451,0,8,85,0.282838941,0.731277049,41,60.5,0.5
Kinematic-Cluster4-F,378,7.58,3,-2.76638341,-1.21096909,29.3498421,-0.08787708,-0.3749259,28.123661,0.146861091,0,12,85,0.282838941,0.731277049,41,60.5,0.5
Kinematic-Cluster4-F,379,7.6,0,-2.98196554,-1.563452,30.0249176,0.08488875,-0.00332081318,27.6330967,0.2860108,0,11,84,0.2523838,0.6909346,41,60.5,0.5
Kinematic-Cluster4-F,379,7.6,1,-2.60983658,-1.54823792,17.4451218,1.2547709E-05,0.00119513914,27.7607956,0.219882429,0,9,84,0.2523838,0.6909346,41,60.5,0.5
Kinematic-Cluster4-F,379,7.6,2,-3.19641542,-1.2836256,22.1659031,0.00146477669,-0.583291233,27.7335587,0.0969651639,0,7,84,0.2523838,0.6909346,41,60.5,0.5
Kinematic-Cluster4-F,379,7.6,3,-2.766822,-1.21209741,29.5449982,-0.107460529,-0.3736591,28.501194,0.06052987,0,11,84,0.2523838,0.6909346,41,60.5,0.5
Kinematic-Cluster4-F,380,7.62,0,-2.97988915,-1.56353331,30.6851883,0.1002064,-0.00392001867,33.01353,0.103898928,0,18,84,0.2367712,0.639488637,41,60.5,0.5
Kinematic-Cluster4-F,380,7.62,1,-2.61027622,-1.55235469,17.49538,-0.0545768477,-0.0103253126,33.0135345,0.207009122,0,15,84,0.2367712,0.639488637,41,60.5,0.5
Kinematic-Cluster4-F,380,7.62,2,-3.196404,-1.28821373,22.9684887,0.00151475519,-0.6031963,33.74112,0.229407087,0,8,84,0.2367712,0.639488637,41,60.5,0.5
Kinematic-Cluster4-F,380,7.62,3,-2.76570344,-1.209462,30.4829426,-0.107098989,-0.3753925,32.087944,0.143147841,0,11,84,0.2367712,0.639488637,41,60.5,0.5
Kinematic-Cluster4-F,381,7.64,0,-2.99327278,-1.56300974,24.0095482,-0.00999433,0.000390968169,1.514502,0.669693232,0,18,85,0.402401477,1.02637327,41,60.5,0.5
Kinematic-Cluster4-F,381,7.64,1,-2.60939956,-1.552189,17.87688,0.06855904,0.0129706413,6.018388,0.0446093753,0,12,85,0.402401477,1.02637327,41,60.5,0.5
Kinematic-Cluster4-F,381,7.64,2,-3.19642353,-1.28047991,23.101965,-1.80155039E-05,0.007164028,45.75983,0.386692345,0,8,85,0.402401477,1.02637327,41,60.5,0.5
Kinematic-Cluster4-F,381,7.64,3,-2.76863742,-1.19892311,27.1116085,0.002610669,-0.0291085988,-9.388743,0.5469858,0,10,85,0.402401477,1.02637327,41,60.5,0.5
Kinematic-Cluster4-F,382,7.66,0,-2.98986483,-1.563143,25.8147755,0.017260205,-0.0006752312,5.70616865,0.170528024,0,18,84,0.2994498,0.7989783,41,60.5,0.5
Kinematic-Cluster4-F,382,7.66,1,-2.61034417,-1.55236757,17.1807423,-0.03514657,-0.006649345,6.006376,0.0480672866,0,5,84,0.2994498,0.7989783,41,60.5,0.5
Kinematic-Cluster4-F,382,7.66,2,-3.196437,-1.27510476,22.5213623,0.0004396122,-0.175059125,30.9300823,0.268758178,0,9,84,0.2994498,0.7989783,41,60.5,0.5
Kinematic-Cluster4-F,382,7.66,3,-2.76845717,-1.2033143,26.9538879,0.009844498,-0.219710931,-7.88960457,0.219744563,0,4,84,0.2994498,0.7989783,41,60.5,0.5
Kinematic-Cluster4-F,383,7.68,0,-2.99907637,-1.56278265,26.3373642,0.0218240153,-0.000853747129,8.858506,0.460929334,0,19,84,0.288905829,0.665626049,41,60.5,0.5
Kinematic-Cluster4-F,383,7.68,1,-2.610899,-1.55247259,17.2868233,-0.0282443259,-0.005343497,5.30408144,0.028232649,0,11,84,0.288905829,0.665626049,41,60.5,0.5
Kinematic-Cluster4-F,383,7.68,2,-3.1964438,-1.272373,21.6590424,0.000807072967,-0.321385473,8.858505,0.136590451,0,9,84,0.288905829,0.665626049,41,60.5,0.5
Kinematic-Cluster4-F,383,7.68,3,-2.76853037,-1.20919013,27.0335026,-0.00409219554,-0.293723464,3.98074579,0.2938141,0,9,84,0.288905829,0.665626049,41,60.5,0.5
Kinematic-Cluster4-F,384,7.7,0,-3.00079823,-1.56271529,26.60343,0.0389264822,-0.00152280927,12.7286892,0.08615879,0,17,85,0.2808006,0.780715942,41,60.5,0.5
Kinematic-Cluster4-F,384,7.7,1,-2.61127472,-1.55254364,17.5437126,-0.019983992,-0.00378075242,12.8445282,0.0191202927,0,12,85,0.2808006,0.780715942,41,60.5,0.5
Kinematic-Cluster4-F,384,7.7,2,-3.19644713,-1.27103436,20.61159,0.00101237744,-0.403141141,12.7330914,0.0669302642,0,9,85,0.2808006,0.780715942,41,60.5,0.5
Kinematic-Cluster4-F,384,7.7,3,-2.769063,-1.215913,27.2108746,-0.02760067,-0.335998446,8.868567,0.337199628,0,10,85,0.2808006,0.780715942,41,60.5,0.5
Kinematic-Cluster4-F,385,7.72,0,-2.996436,-1.562886,27.3588772,0.05560772,-0.002175331,18.2433,0.218272254,0,13,85,0.225414932,0.5230772,41,60.5,0.5
Kinematic-Cluster4-F,385,7.72,1,-2.60986829,-1.55124485,17.5210037,-0.00440654531,-0.000833660364,18.62849,0.09571954,0,9,85,0.225414932,0.5230772,41,60.5,0.5
Kinematic-Cluster4-F,385,7.72,2,-3.196446,-1.27149653,20.2158566,0.00115352869,-0.459349632,18.1113129,0.023108799,0,8,85,0.225414932,0.5230772,41,60.5,0.5
Kinematic-Cluster4-F,385,7.72,3,-2.76725984,-1.215746,27.9568,-0.0460547954,-0.3571503,15.4904442,0.09054389,0,12,85,0.225414932,0.5230772,41,60.5,0.5
Kinematic-Cluster4-F,386,7.74,0,-2.994915,-1.56294537,27.83657,0.07345773,-0.00287359953,23.8847389,0.0761134252,0,17,85,0.2799039,0.896744549,41,60.5,0.5
Kinematic-Cluster4-F,386,7.74,1,-2.6113596,-1.55255973,17.6019115,-0.0589405857,-0.0111508965,23.8847389,0.09940958,0,14,85,0.2799039,0.896744549,41,60.5,0.5
Kinematic-Cluster4-F,386,7.74,2,-3.19643426,-1.27617109,20.7326374,0.00126831234,-0.5050563,24.01993,0.233728424,0,7,85,0.2799039,0.896744549,41,60.5,0.5
Kinematic-Cluster4-F,386,7.74,3,-2.76648116,-1.21460819,28.43038,-0.058185447,-0.3682552,20.366394,0.06893917,0,12,85,0.2799039,0.896744549,41,60.5,0.5
Kinematic-Cluster4-F,387,7.75999975,0,-2.989512,-1.56315684,28.6185074,0.0723725259,-0.00283119082,22.909029,0.27035895,0,12,85,0.22675927,0.682993,41,60.5,0.5
Kinematic-Cluster4-F,387,7.75999975,1,-2.60985374,-1.549866,17.2391186,-0.0054070726,-0.00102293491,21.2915039,0.154304892,0,9,85,0.22675927,0.682993,41,60.5,0.5
Kinematic-Cluster4-F,387,7.75999975,2,-3.19643116,-1.27733433,20.9131546,0.00135179609,-0.5383008,23.1741886,0.0581624173,0,7,85,0.22675927,0.682993,41,60.5,0.5
Kinematic-Cluster4-F,387,7.75999975,3,-2.76722074,-1.21378481,28.63763,-0.08267156,-0.3687133,23.0871353,0.05533811,0,12,85,0.22675927,0.682993,41,60.5,0.5
Kinematic-Cluster4-F,388,7.77999973,0,-2.98768163,-1.56322849,29.1991577,0.08834972,-0.00345620513,29.0326443,0.09158706,0,18,85,0.25742358,0.7131267,41,60.5,0.5
Kinematic-Cluster4-F,388,7.77999973,1,-2.61097217,-1.55248642,16.9875431,-0.0569952764,-0.0107828677,27.8089561,0.142457634,0,14,85,0.25742358,0.7131267,41,60.5,0.5
Kinematic-Cluster4-F,388,7.77999973,2,-3.19642043,-1.28168607,21.7072353,0.0014141649,-0.563137531,29.3023415,0.217587411,0,8,85,0.25742358,0.7131267,41,60.5,0.5
Kinematic-Cluster4-F,388,7.77999973,3,-2.76638365,-1.21096909,29.3498764,-0.08787703,-0.374925882,28.1236115,0.146875918,0,12,85,0.25742358,0.7131267,41,60.5,0.5
Kinematic-Cluster4-F,389,7.79999971,0,-2.98196578,-1.563452,30.0249176,0.08488843,-0.00332078338,27.63317,0.2860108,0,11,85,0.238869965,0.6610568,41,60.5,0.5
Kinematic-Cluster4-F,389,7.79999971,1,-2.60983658,-1.548238,17.4451866,1.2547709E-05,0.00119513879,27.760828,0.219876647,0,9,85,0.238869965,0.6610568,41,60.5,0.5
Kinematic-Cluster4-F,389,7.79999971,2,-3.19641542,-1.28362536,22.1658916,0.00146477669,-0.583290637,27.73349,0.0969651639,0,7,85,0.238869965,0.6610568,41,60.5,0.5
Kinematic-Cluster4-F,389,7.79999971,3,-2.76682234,-1.21209776,29.5449848,-0.107460342,-0.373659074,28.501173,0.0605465323,0,11,85,0.238869965,0.6610568,41,60.5,0.5
Kinematic-Cluster4-F,390,7.81999969,0,-2.97988939,-1.56353331,30.6851883,0.100206167,-0.003919989,33.0134926,0.103898928,0,18,85,0.233536139,0.5730742,41,60.5,0.5
Kinematic-Cluster4-F,390,7.81999969,1,-2.61027622,-1.55235469,17.49542,-0.0545768365,-0.0103253126,33.0134926,0.2070032,0,15,85,0.233536139,0.5730742,41,60.5,0.5
Kinematic-Cluster4-F,390,7.81999969,2,-3.196404,-1.28821361,22.9684772,0.00151475519,-0.6031957,33.74104,0.229413047,0,8,85,0.233536139,0.5730742,41,60.5,0.5
Kinematic-Cluster4-F,390,7.81999969,3,-2.76570368,-1.20946252,30.482893,-0.107098706,-0.375392467,32.0879021,0.143142357,0,11,85,0.233536139,0.5730742,41,60.5,0.5
Kinematic-Cluster4-F,391,7.83999968,0,-2.99327278,-1.56300974,24.0094719,-0.009994255,0.000390965259,1.51455891,0.6696813,0,18,85,0.43676132,1.1938405,41,60.5,0.5
Kinematic-Cluster4-F,391,7.83999968,1,-2.60939956,-1.552189,17.8769188,0.0685590059,0.0129706115,6.01853466,0.0446093753,0,12,85,0.43676132,1.1938405,41,60.5,0.5
Kinematic-Cluster4-F,391,7.83999968,2,-3.19642353,-1.28048,23.1019173,-1.80155039E-05,0.007163443,45.75986,0.386680424,0,8,85,0.43676132,1.1938405,41,60.5,0.5
Kinematic-Cluster4-F,391,7.83999968,3,-2.76863742,-1.19892311,27.1115971,0.00261059869,-0.0291086715,-9.388772,0.5470056,0,10,85,0.43676132,1.1938405,41,60.5,0.5
Kinematic-Cluster4-F,392,7.85999966,0,-2.989865,-1.563143,25.8147335,0.0172602814,-0.0006752312,5.7062335,0.1705161,0,18,84,0.290455341,0.7237169,41,60.5,0.5
Kinematic-Cluster4-F,392,7.85999966,1,-2.61034417,-1.55236757,17.18075,-0.0351465754,-0.006649345,6.006521,0.0480672866,0,5,84,0.290455341,0.7237169,41,60.5,0.5
Kinematic-Cluster4-F,392,7.85999966,2,-3.196437,-1.27510464,22.5213032,0.0004396122,-0.1750597,30.930109,0.2687701,0,9,84,0.290455341,0.7237169,41,60.5,0.5
Kinematic-Cluster4-F,392,7.85999966,3,-2.76845717,-1.2033143,26.9538784,0.009844456,-0.219710886,-7.889626,0.219744563,0,4,84,0.290455341,0.7237169,41,60.5,0.5
Kinematic-Cluster4-F,393,7.87999964,0,-2.99907637,-1.56278265,26.3373,0.021824114,-0.000853747129,8.858537,0.4609174,0,19,85,0.2645486,0.651830554,41,60.5,0.5
Kinematic-Cluster4-F,393,7.87999964,1,-2.610899,-1.55247259,17.2868328,-0.0282442831,-0.005343467,5.304124,0.028232649,0,11,85,0.2645486,0.651830554,41,60.5,0.5
Kinematic-Cluster4-F,393,7.87999964,2,-3.1964438,-1.27237284,21.6589813,0.000807072967,-0.32138586,8.858534,0.136590451,0,9,85,0.2645486,0.651830554,41,60.5,0.5
Kinematic-Cluster4-F,393,7.87999964,3,-2.76853037,-1.20919013,27.033493,-0.00409221929,-0.293723434,3.9807303,0.2938141,0,9,85,0.2645486,0.651830554,41,60.5,0.5
Kinematic-Cluster4-F,394,7.89999962,0,-3.00079823,-1.56271529,26.6034164,0.0389266051,-0.00152280927,12.728713,0.08615879,0,17,85,0.281751484,0.740549743,41,60.5,0.5
Kinematic-Cluster4-F,394,7.89999962,1,-2.61127472,-1.55254364,17.5437241,-0.0199838243,-0.00378072262,12.844552,0.0191202927,0,12,85,0.281751484,0.740549743,41,60.5,0.5
Kinematic-Cluster4-F,394,7.89999962,2,-3.19644713,-1.27103412,20.6115074,0.00101237744,-0.403141379,12.7331038,0.0669362247,0,9,85,0.281751484,0.740549743,41,60.5,0.5
Kinematic-Cluster4-F,394,7.89999962,3,-2.769063,-1.215913,27.210865,-0.027600728,-0.335998446,8.868614,0.337199628,0,10,85,0.281751484,0.740549743,41,60.5,0.5
Kinematic-Cluster4-F,395,7.9199996,0,-2.996436,-1.562886,27.3588753,0.0556078665,-0.002175361,18.2433186,0.218272254,0,13,85,0.233970672,0.579964936,41,60.5,0.5
Kinematic-Cluster4-F,395,7.9199996,1,-2.60986829,-1.55124485,17.5209637,-0.0044064,-0.000833630562,18.6285114,0.09571954,0,9,85,0.233970672,0.579964936,41,60.5,0.5
Kinematic-Cluster4-F,395,7.9199996,2,-3.196446,-1.2714963,20.21579,0.00115353242,-0.459349841,18.1113453,0.023108799,0,8,85,0.233970672,0.579964936,41,60.5,0.5
Kinematic-Cluster4-F,395,7.9199996,3,-2.76725984,-1.215746,27.9568,-0.0460547954,-0.357150316,15.4904966,0.09054389,0,12,85,0.233970672,0.579964936,41,60.5,0.5
Kinematic-Cluster4-F,396,7.94,0,-2.994915,-1.56294537,27.8365688,0.07345785,-0.00287362933,23.884758,0.0761134252,0,17,85,0.226998284,0.603304863,41,60.5,0.5
Kinematic-Cluster4-F,396,7.94,1,-2.6113596,-1.55255973,17.6018658,-0.0589405969,-0.0111508965,23.8847561,0.09940958,0,14,85,0.226998284,0.603304863,41,60.5,0.5
Kinematic-Cluster4-F,396,7.94,2,-3.19643426,-1.27617085,20.732584,0.00126831234,-0.505056441,24.019928,0.233728424,0,7,85,0.226998284,0.603304863,41,60.5,0.5
Kinematic-Cluster4-F,396,7.94,3,-2.76648116,-1.21460819,28.43038,-0.0581854656,-0.3682553,20.3664284,0.06893917,0,12,85,0.226998284,0.603304863,41,60.5,0.5
Kinematic-Cluster4-F,397,7.96,0,-2.989512,-1.56315684,28.61847,0.07237251,-0.00283119082,22.9090118,0.27035895,0,12,85,0.240255341,0.6631839,41,60.5,0.5
Kinematic-Cluster4-F,397,7.96,1,-2.60985374,-1.549866,17.2391357,-0.005407043,-0.00102293491,21.2914886,0.154304892,0,9,85,0.240255341,0.6631839,41,60.5,0.5
Kinematic-Cluster4-F,397,7.96,2,-3.19643116,-1.27733409,20.913147,0.00135179609,-0.5383007,23.1741467,0.0581624173,0,7,85,0.240255341,0.6631839,41,60.5,0.5
Kinematic-Cluster4-F,397,7.96,3,-2.7672205,-1.21378481,28.6376362,-0.08267147,-0.36871326,23.0871334,0.05533015,0,12,85,0.240255341,0.6631839,41,60.5,0.5
Kinematic-Cluster4-F,398,7.98,0,-2.98768163,-1.56322849,29.19912,0.0883497447,-0.00345620513,29.03261,0.09158706,0,18,85,0.250938863,0.6369573,41,60.5,0.5
Kinematic-Cluster4-F,398,7.98,1,-2.61097217,-1.55248642,16.9876,-0.05699529,-0.0107828677,27.8089371,0.142457634,0,14,85,0.250938863,0.6369573,41,60.5,0.5
Kinematic-Cluster4-F,398,7.98,2,-3.19642043,-1.28168583,21.7072372,0.0014141649,-0.5631375,29.30229,0.217587411,0,8,85,0.250938863,0.6369573,41,60.5,0.5
Kinematic-Cluster4-F,398,7.98,3,-2.76638341,-1.21096933,29.3498116,-0.08787695,-0.374925762,28.1235924,0.1468645,0,12,85,0.250938863,0.6369573,41,60.5,0.5
Kinematic-Cluster4-F,399,8,0,-2.98196578,-1.563452,30.0249214,0.0848884955,-0.00332078338,27.6330624,0.2860108,0,11,84,0.2734243,0.709618866,41,60.5,0.5
Kinematic-Cluster4-F,399,8,1,-2.60983658,-1.548238,17.445158,1.2547709E-05,0.00119513844,27.7608585,0.219876647,0,9,84,0.2734243,0.709618866,41,60.5,0.5
Kinematic-Cluster4-F,399,8,2,-3.19641542,-1.28362525,22.1659012,0.00146477669,-0.5832906,27.733448,0.0969711244,0,7,84,0.2734243,0.709618866,41,60.5,0.5
Kinematic-Cluster4-F,399,8,3,-2.766822,-1.21209788,29.54489,-0.107460395,-0.3736592,28.5012035,0.06054098,0,11,84,0.2734243,0.709618866,41,60.5,0.5
Kinematic-FixedSingle-F,300,6.02,0,-2.90313625,-1.51798534,0,0,0,0,0,1,0,40,0.0244411882,0.06961662,9,60.5,0
Kinematic-FixedSingle-F,301,6.04,0,-2.90313625,-1.51798534,0,0,0,0,0,1,0,40,0.0391636863,0.100907922,9,60.5,0
Kinematic-FixedSingle-F,302,6.06,0,-2.90313625,-1.51798534,0,0,0,0,0,1,0,40,0.025221128,0.06556075,9,60.5,0
Kinematic-FixedSingle-F,303,6.08,0,-2.90313625,-1.51798534,0,0,0,0,0,1,0,40,0.0395524763,0.107708856,9,60.5,0
Kinematic-FixedSingle-F,304,6.1,0,-2.90313625,-1.51798534,0,0,0,0,0,1,0,40,0.02557507,0.06771825,9,60.5,0
Kinematic-FixedSingle-F,305,6.12,0,-2.90313625,-1.51798534,0,0,0,0,0,1,0,40,0.0372824371,0.0942952558,9,60.5,0
Kinematic-FixedSingle-F,306,6.14,0,-2.90313625,-1.51798534,0,0,0,0,0,1,0,40,0.0264865533,0.06629641,9,60.5,0
Kinematic-FixedSingle-F,307,6.16,0,-2.90313625,-1.51798534,0,0,0,0,0,1,0,40,0.0403023548,0.108697228,9,60.5,0
Kinematic-FixedSingle-F,308,6.18,0,-2.90313625,-1.51798534,0,0,0,0,0,1,0,40,0.0256936867,0.07016348,9,60.5,0
Kinematic-FixedSingle-F,309,6.2,0,-2.90313625,-1.51798534,0,0,0,0,0,1,0,40,0.03800889,0.0996371657,9,60.5,0
Kinematic-FixedSingle-F,310,6.22,0,-2.90313625,-1.51798534,0,0,0,0,0,1,0,40,0.0259331577,0.06581841,9,60.5,0
Kinematic-FixedSingle-F,311,6.24,0,-2.90313625,-1.51798534,0,0,0,0,0,1,0,40,0.04127314,0.106744014,9,60.5,0
Kinematic-FixedSingle-F,312,6.25999975,0,-2.90313625,-1.51798534,0,0,0,0,0,1,0,40,0.0255938713,0.066561915,9,60.5,0
Kinematic-FixedSingle-F,313,6.27999973,0,-2.90313625,-1.51798534,0,0,0,0,0,1,0,40,0.0403432846,0.106532224,9,60.5,0
Kinematic-FixedSingle-F,314,6.29999971,0,-2.90313625,-1.51798534,0,0,0,0,0,1,0,40,0.0250486843,0.068509154,9,60.5,0
Kinematic-FixedSingle-F,315,6.31999969,0,-2.90313625,-1.51798534,0,0,0,0,0,1,0,40,0.03946095,0.100931458,9,60.5,0
Kinematic-FixedSingle-F,316,6.33999968,0,-2.90313625,-1.51798534,0,0,0,0,0,1,0,40,0.0254611876,0.06439108,9,60.5,0
Kinematic-FixedSingle-F,317,6.35999966,0,-2.90313625,-1.51798534,0,0,0,0,0,1,0,40,0.0380066857,0.1072382,9,60.5,0
Kinematic-FixedSingle-F,318,6.37999964,0,-2.90313625,-1.51798534,0,0,0,0,0,1,0,40,0.024907114,0.06631946,9,60.5,0
Kinematic-FixedSingle-F,319,6.39999962,0,-2.90313625,-1.51798534,0,0,0,0,0,1,0,40,0.04001613,0.09780162,9,60.5,0
Kinematic-FixedSingle-F,320,6.42,0,-2.90313625,-1.51798534,0,0,0,0,0,1,0,40,0.0261579864,0.06825092,9,60.5,0
Kinematic-FixedSingle-F,321,6.44,0,-2.90313625,-1.51798534,0,0,0,0,0,1,0,40,0.0389064364,0.102249287,9,60.5,0
Kinematic-FixedSingle-F,322,6.46,0,-2.90313625,-1.51798534,0,0,0,0,0,1,0,40,0.025118988,0.06881718,9,60.5,0
Kinematic-FixedSingle-F,323,6.48,0,-2.90313625,-1.51798534,0,0,0,0,0,1,0,40,0.0383183919,0.0973309651,9,60.5,0
Kinematic-FixedSingle-F,324,6.5,0,-2.90313625,-1.51798534,0,0,0,0,0,1,0,40,0.0268023945,0.0687660053,9,60.5,0
Kinematic-FixedSingle-F,325,6.52,0,-2.90313625,-1.51798534,0,0,0,0,0,1,0,40,0.03906447,0.09921358,9,60.5,0
Kinematic-FixedSingle-F,326,6.54,0,-2.90313625,-1.51798534,0,0,0,0,0,1,0,40,0.0274798684,0.0676150844,9,60.5,0
Kinematic-FixedSingle-F,327,6.56,0,-2.90313625,-1.51798534,0,0,0,0,0,1,0,40,0.03900893,0.100696132,9,60.5,0
Kinematic-FixedSingle-F,328,6.58,0,-2.90313625,-1.51798534,0,0,0,0,0,1,0,40,0.0262677483,0.0695684552,9,60.5,0
Kinematic-FixedSingle-F,329,6.6,0,-2.90313625,-1.51798534,0,0,0,0,0,1,0,40,0.03794422,0.103261188,9,60.5,0
Kinematic-FixedSingle-F,330,6.62,0,-2.90313625,-1.51798534,0,0,0,0,0,1,0,40,0.02508547,0.07054532,9,60.5,0
Kinematic-FixedSingle-F,331,6.64,0,-2.90313625,-1.51798534,0,0,0,0,0,1,0,40,0.0385694057,0.09575428,9,60.5,0
Kinematic-FixedSingle-F,332,6.66,0,-2.90313625,-1.51798534,0,0,0,0,0,1,0,40,0.0251239464,0.06681419,9,60.5,0
Kinematic-FixedSingle-F,333,6.68,0,-2.90313625,-1.51798534,0,0,0,0,0,1,0,40,0.03814632,0.09853113,9,60.5,0
Kinematic-FixedSingle-F,334,6.7,0,-2.90313625,-1.51798534,0,0,0,0,0,1,0,40,0.0264857225,0.0618225634,9,60.5,0
Kinematic-FixedSingle-F,335,6.72,0,-2.90313625,-1.51798534,0,0,0,0,0,1,0,40,0.0364057273,0.103167057,9,60.5,0
Kinematic-FixedSingle-F,336,6.74,0,-2.90313625,-1.51798534,0,0,0,0,0,1,0,40,0.0251512248,0.06663264,9,60.5,0
Kinematic-FixedSingle-F,337,6.75999975,0,-2.90313625,-1.51798534,0,0,0,0,0,1,0,40,0.03959573,0.102884665,9,60.5,0
Kinematic-FixedSingle-F,338,6.77999973,0,-2.90313625,-1.51798534,0,0,0,0,0,1,0,40,0.0257369857,0.0682739541,9,60.5,0
Kinematic-FixedSingle-F,339,6.79999971,0,-2.90313625,-1.51798534,0,0,0,0,0,1,0,40,0.0404184535,0.108838424,9,60.5,0
Kinematic-FixedSingle-F,340,6.81999969,0,-2.90313625,-1.51798534,0,0,0,0,0,1,0,40,0.0243495,0.06901449,9,60.5,0
Kinematic-FixedSingle-F,341,6.83999968,0,-2.90313625,-1.51798534,0,0,0,0,0,1,0,40,0.0421729125,0.09596607,9,60.5,0
Kinematic-FixedSingle-F,342,6.85999966,0,-2.90313625,-1.51798534,0,0,0,0,0,1,0,40,0.0286301337,0.06709422,9,60.5,0
Kinematic-FixedSingle-F,343,6.87999964,0,-2.90313625,-1.51798534,0,0,0,0,0,1,0,40,0.0381915756,0.103684776,9,60.5,0
Kinematic-FixedSingle-F,344,6.89999962,0,-2.90313625,-1.51798534,0,0,0,0,0,1,0,40,0.0282482468,0.07215089,9,60.5,0
Kinematic-FixedSingle-F,345,6.92,0,-2.90313625,-1.51798534,0,0,0,0,0,1,0,40,0.036833033,0.09290683,9,60.5,0
Kinematic-FixedSingle-F,346,6.94,0,-2.90313625,-1.51798534,0,0,0,0,0,1,0,40,0.0254509021,0.06941152,9,60.5,0
Kinematic-FixedSingle-F,347,6.96,0,-2.90313625,-1.51798534,0,0,0,0,0,1,0,40,0.0390852727,0.09535422,9,60.5,0
Kinematic-FixedSingle-F,348,6.98,0,-2.90313625,-1.51798534,0,0,0,0,0,1,0,40,0.02569933,0.0644355,9,60.5,0
Kinematic-FixedSingle-F,349,7,0,-2.90313625,-1.51798534,0,0,0,0,0,1,0,40,0.03925292,0.0997313,9,60.5,0
Kinematic-FixedSingle-F,350,7.02,0,-2.90313625,-1.51798534,0,0,0,0,0,1,0,40,0.02671461,0.07037209,9,60.5,0
Kinematic-FixedSingle-F,351,7.04,0,-2.90313625,-1.51798534,0,0,0,0,0,1,0,40,0.0399616659,0.108650163,9,60.5,0
Kinematic-FixedSingle-F,352,7.06,0,-2.90313625,-1.51798534,0,0,0,0,0,1,0,40,0.0265085865,0.0684062,9,60.5,0
Kinematic-FixedSingle-F,353,7.08,0,-2.90313625,-1.51798534,0,0,0,0,0,1,0,40,0.0384717137,0.09526009,9,60.5,0
Kinematic-FixedSingle-F,354,7.1,0,-2.90313625,-1.51798534,0,0,0,0,0,1,0,40,0.0236155465,0.06441198,9,60.5,0
Kinematic-FixedSingle-F,355,7.12,0,-2.90313625,-1.51798534,0,0,0,0,0,1,0,40,0.04148938,0.110979892,9,60.5,0
Kinematic-FixedSingle-F,356,7.14,0,-2.90313625,-1.51798534,0,0,0,0,0,1,0,40,0.0259290859,0.07068017,9,60.5,0
Kinematic-FixedSingle-F,357,7.16,0,-2.90313625,-1.51798534,0,0,0,0,0,1,0,40,0.0370477848,0.103567109,9,60.5,0
Kinematic-FixedSingle-F,358,7.18,0,-2.90313625,-1.51798534,0,0,0,0,0,1,0,40,0.0284631047,0.06978442,9,60.5,0
Kinematic-FixedSingle-F,359,7.2,0,-2.90313625,-1.51798534,0,0,0,0,0,1,0,40,0.0405257121,0.107073471,9,60.5,0
Kinematic-FixedSingle-F,360,7.22,0,-2.90313625,-1.51798534,0,0,0,0,0,1,0,40,0.0270755,0.061889682,9,60.5,0
Kinematic-FixedSingle-F,361,7.24,0,-2.90313625,-1.51798534,0,0,0,0,0,1,0,40,0.04221119,0.107991248,9,60.5,0
Kinematic-FixedSingle-F,362,7.25999975,0,-2.90313625,-1.51798534,0,0,0,0,0,1,0,40,0.0287508462,0.0692622438,9,60.5,0
Kinematic-FixedSingle-F,363,7.27999973,0,-2.90313625,-1.51798534,0,0,0,0,0,1,0,40,0.040046528,0.09890765,9,60.5,0
Kinematic-FixedSingle-F,364,7.29999971,0,-2.90313625,-1.51798534,0,0,0,0,0,1,0,40,0.02593674,0.0638702139,9,60.5,0
Kinematic-FixedSingle-F,365,7.31999969,0,-2.90313625,-1.51798534,0,0,0,0,0,1,0,40,0.03923638,0.104108363,9,60.5,0
Kinematic-FixedSingle-F,366,7.33999968,0,-2.90313625,-1.51798534,0,0,0,0,0,1,0,40,0.0262561142,0.06704684,9,60.5,0
Kinematic-FixedSingle-F,367,7.35999966,0,-2.90313625,-1.51798534,0,0,0,0,0,1,0,40,0.03907046,0.108626626,9,60.5,0
Kinematic-FixedSingle-F,368,7.37999964,0,-2.90313625,-1.51798534,0,0,0,0,0,1,0,40,0.02603519,0.0698173642,9,60.5,0
Kinematic-FixedSingle-F,369,7.39999962,0,-2.90313625,-1.51798534,0,0,0,0,0,1,0,40,0.04091432,0.09991956,9,60.5,0
Kinematic-FixedSingle-F,370,7.4199996,0,-2.90313625,-1.51798534,0,0,0,0,0,1,0,40,0.0244099963,0.06782597,9,60.5,0
Kinematic-FixedSingle-F,371,7.44,0,-2.90313625,-1.51798534,0,0,0,0,0,1,0,40,0.03625623,0.09526009,9,60.5,0
Kinematic-FixedSingle-F,372,7.46,0,-2.90313625,-1.51798534,0,0,0,0,0,1,0,40,0.0243187118,0.06735518,9,60.5,0
Kinematic-FixedSingle-F,373,7.48,0,-2.90313625,-1.51798534,0,0,0,0,0,1,0,40,0.0382251963,0.104531951,9,60.5,0
Kinematic-FixedSingle-F,374,7.5,0,-2.90313625,-1.51798534,0,0,0,0,0,1,0,40,0.0246160645,0.06846254,9,60.5,0
Kinematic-FixedSingle-F,375,7.52,0,-2.90313625,-1.51798534,0,0,0,0,0,1,0,40,0.04032481,0.09820167,9,60.5,0
Kinematic-FixedSingle-F,376,7.54,0,-2.90313625,-1.51798534,0,0,0,0,0,1,0,40,0.0250707157,0.0585501753,9,60.5,0
Kinematic-FixedSingle-F,377,7.56,0,-2.90313625,-1.51798534,0,0,0,0,0,1,0,40,0.04065696,0.100437269,9,60.5,0
Kinematic-FixedSingle-F,378,7.58,0,-2.90313625,-1.51798534,0,0,0,0,0,1,0,40,0.0237468034,0.0628533,9,60.5,0
Kinematic-FixedSingle-F,379,7.6,0,-2.90313625,-1.51798534,0,0,0,0,0,1,0,40,0.0359607376,0.09003585,9,60.5,0
Kinematic-FixedSingle-F,380,7.62,0,-2.90313625,-1.51798534,0,0,0,0,0,1,0,40,0.03128257,0.07220462,9,60.5,0
Kinematic-FixedSingle-F,381,7.64,0,-2.90313625,-1.51798534,0,0,0,0,0,1,0,40,0.0386348329,0.09191846,9,60.5,0
Kinematic-FixedSingle-F,382,7.66,0,-2.90313625,-1.51798534,0,0,0,0,0,1,0,40,0.0277454685,0.07180056,9,60.5,0
Kinematic-FixedSingle-F,383,7.68,0,-2.90313625,-1.51798534,0,0,0,0,0,1,0,40,0.0401495323,0.101943359,9,60.5,0
Kinematic-FixedSingle-F,384,7.7,0,-2.90313625,-1.51798534,0,0,0,0,0,1,0,40,0.025048364,0.06587222,9,60.5,0
Kinematic-FixedSingle-F,385,7.72,0,-2.90313625,-1.51798534,0,0,0,0,0,1,0,40,0.0391670838,0.09919004,9,60.5,0
Kinematic-FixedSingle-F,386,7.74,0,-2.90313625,-1.51798534,0,0,0,0,0,1,0,40,0.0247274525,0.06954641,9,60.5,0
Kinematic-FixedSingle-F,387,7.75999975,0,-2.90313625,-1.51798534,0,0,0,0,0,1,0,40,0.0379839875,0.09766042,9,60.5,0
Kinematic-FixedSingle-F,388,7.77999973,0,-2.90313625,-1.51798534,0,0,0,0,0,1,0,40,0.0250864662,0.0652512461,9,60.5,0
Kinematic-FixedSingle-F,389,7.79999971,0,-2.90313625,-1.51798534,0,0,0,0,0,1,0,40,0.0380119644,0.105449721,9,60.5,0
Kinematic-FixedSingle-F,390,7.81999969,0,-2.90313625,-1.51798534,0,0,0,0,0,1,0,40,0.0262281764,0.06786485,9,60.5,0
Kinematic-FixedSingle-F,391,7.83999968,0,-2.90313625,-1.51798534,0,0,0,0,0,1,0,40,0.0385591425,0.103237651,9,60.5,0
Kinematic-FixedSingle-F,392,7.85999966,0,-2.90313625,-1.51798534,0,0,0,0,0,1,0,40,0.0253376663,0.0686823353,9,60.5,0
Kinematic-FixedSingle-F,393,7.87999964,0,-2.90313625,-1.51798534,0,0,0,0,0,1,0,40,0.0380362943,0.09831934,9,60.5,0
Kinematic-FixedSingle-F,394,7.89999962,0,-2.90313625,-1.51798534,0,0,0,0,0,1,0,40,0.0246786084,0.06573067,9,60.5,0
Kinematic-FixedSingle-F,395,7.9199996,0,-2.90313625,-1.51798534,0,0,0,0,0,1,0,40,0.03788935,0.1016139,9,60.5,0
Kinematic-FixedSingle-F,396,7.94,0,-2.90313625,-1.51798534,0,0,0,0,0,1,0,40,0.0243815146,0.0654016361,9,60.5,0
Kinematic-FixedSingle-F,397,7.96,0,-2.90313625,-1.51798534,0,0,0,0,0,1,0,40,0.0380415544,0.1016845,9,60.5,0
Kinematic-FixedSingle-F,398,7.98,0,-2.90313625,-1.51798534,0,0,0,0,0,1,0,40,0.0253767017,0.06708547,9,60.5,0
Kinematic-FixedSingle-F,399,8,0,-2.90313625,-1.51798534,0,0,0,0,0,1,0,40,0.03930433,0.0960131362,9,60.5,0
Held-Cluster4-Empty,300,6.02,0,-3.021722,-1.5618968,27.9467945,-0.0257752836,0.00100828707,1.55892789,0.351494968,0,13,0,0,0,0,0,0
Held-Cluster4-Empty,300,6.02,1,-2.61022878,-1.55234575,27.3654175,-0.02003346,-0.00379008055,13.3040419,0.01998593,0,7,0,0,0,0,0,0
Held-Cluster4-Empty,300,6.02,2,-3.196473,-1.26079285,20.5938549,0.000551328063,-0.21954602,-1.56349611,0.259567142,0,9,0,0,0,0,0,0
Held-Cluster4-Empty,300,6.02,3,-2.782794,-1.23156834,26.8693867,0.0212274231,-0.3262529,-5.33418941,0.326816171,0,9,0,0,0,0,0,0
Held-Cluster4-Empty,301,6.04,0,-3.024223,-1.56179893,27.0436687,-0.01394494,0.0005455017,1.8898164,0.12514627,0,12,0,0,0,0,0,0
Held-Cluster4-Empty,301,6.04,1,-2.609876,-1.55197942,28.3159084,-0.0212817229,-0.004026264,26.5913754,0.0254316553,0,6,0,0,0,0,0,0
Held-Cluster4-Empty,301,6.04,2,-3.19647932,-1.25818121,19.64922,0.000837545842,-0.333520949,1.87788391,0.130582258,0,8,0,0,0,0,0,0
Held-Cluster4-Empty,301,6.04,3,-2.78517437,-1.23423,26.0171223,0.00293501141,-0.357531458,-9.333874,0.1785416,0,8,0,0,0,0,0,0
Held-Cluster4-Empty,302,6.06,0,-3.02617145,-1.56172276,27.04972,0.0235731471,-0.000922203064,11.1896706,0.0974922553,0,12,0,0,0,0,0,0
Held-Cluster4-Empty,302,6.06,1,-2.60987544,-1.55193722,29.14296,-0.0210166126,-0.003976077,12.6608381,0.002110139,0,7,0,0,0,0,0,0
Held-Cluster4-Empty,302,6.06,2,-3.19648218,-1.25703657,19.3682823,0.00100636855,-0.400748819,11.1871281,0.0572325625,0,9,0,0,0,0,0,0
Held-Cluster4-Empty,302,6.06,3,-2.78748417,-1.23682511,25.7100887,-0.0280917529,-0.3740217,12.4568634,0.173706263,0,10,0,0,0,0,0,0
Held-Cluster4-Empty,303,6.08,0,-3.02845573,-1.56163335,27.3479652,0.04830473,-0.00188967586,16.3973389,0.114301875,0,12,0,0,0,0,0,0
Held-Cluster4-Empty,303,6.08,1,-2.60987568,-1.55196214,30.24699,-0.0135172419,-0.00255727768,16.3541,0.00124579412,0,7,0,0,0,0,0,0
Held-Cluster4-Empty,303,6.08,2,-3.19648266,-1.2568686,19.3626442,0.00114417449,-0.4556251,16.3969631,0.008398329,0,9,0,0,0,0,0,0
Held-Cluster4-Empty,303,6.08,3,-2.78999329,-1.23925853,25.4843063,-0.0430330522,-0.37563163,16.3540955,0.174765542,0,10,0,0,0,0,0,0
Held-Cluster4-Empty,304,6.1,0,-3.03100777,-1.56153357,27.6018314,0.0678002,-0.00265231729,20.138876,0.1276991,0,11,0,0,0,0,0,0
Held-Cluster4-Empty,304,6.1,1,-2.60987568,-1.55194461,31.5150261,-0.0006559454,-0.000124067068,20.047123,0.0008761883,0,7,0,0,0,0,0,0
Held-Cluster4-Empty,304,6.1,2,-3.19648075,-1.25758886,19.34834,0.00124268979,-0.494856179,20.1318932,0.036013253,0,8,0,0,0,0,0,0
Held-Cluster4-Empty,304,6.1,3,-2.792636,-1.24179327,25.3254032,-0.0517628,-0.37602362,20.0471249,0.183087721,0,10,0,0,0,0,0,0
Held-Cluster4-Empty,305,6.12,0,-3.0272572,-1.56168032,26.6293926,-0.03306275,0.007673551,8.34828,0.187671617,0,9,0,0,0,0,0,0
Held-Cluster4-Empty,305,6.12,1,-2.609877,-1.55208683,31.5577888,9.400025E-05,0.008953358,2.13813639,0.00711119361,0,7,0,0,0,0,0,0
Held-Cluster4-Empty,305,6.12,2,-3.1964798,-1.25801384,19.7460423,5.17815351E-05,-0.0206272118,19.8851147,0.02124911,0,10,0,0,0,0,0,0
Held-Cluster4-Empty,305,6.12,3,-2.78091884,-1.22879148,24.9012413,-0.0580808148,-0.37423557,23.03934,0.875124,0,10,0,0,0,0,0,0
Held-Cluster4-Empty,306,6.14,0,-3.03396845,-1.5614177,25.5314255,-0.0452507,0.00177013874,8.505393,0.335819036,0,13,0,0,0,0,0,0
Held-Cluster4-Empty,306,6.14,1,-2.61004448,-1.552311,31.8767567,-0.0117791444,-0.00222846866,15.9483,0.0139856646,0,7,0,0,0,0,0,0
Held-Cluster4-Empty,306,6.14,2,-3.19649339,-1.25262487,18.2126083,0.0005406663,-0.215301767,0.181581125,0.269449621,0,8,0,0,0,0,0,0
Held-Cluster4-Empty,306,6.14,3,-2.7817378,-1.23603582,25.2202072,-0.04266666,-0.361890346,15.948307,0.364524662,0,8,0,0,0,0,0,0
Held-Cluster4-Empty,307,6.16,0,-3.035769,-1.56134737,24.5802021,-0.02294141,0.000897407532,5.311033,0.09009552,0,12,0,0,0,0,0,0
Held-Cluster4-Empty,307,6.16,1,-2.609876,-1.55197823,32.1161079,-0.0242478475,-0.004587412,12.605072,0.0186488032,0,7,0,0,0,0,0,0
Held-Cluster4-Empty,307,6.16,2,-3.196499,-1.25034451,17.27875,0.00086376816,-0.343963116,5.29400349,0.11401809,0,9,0,0,0,0,0,0
Held-Cluster4-Empty,307,6.16,3,-2.78553081,-1.23858011,24.9792347,-0.033221893,-0.362880975,12.5637407,0.228365049,0,10,0,0,0,0,0,0
Held-Cluster4-Empty,308,6.18,0,-3.036743,-1.5613091,24.9353333,0.0120397508,-0.0004710257,10.4945421,0.0487345681,0,12,0,0,0,0,0,0
Held-Cluster4-Empty,308,6.18,1,-2.60987568,-1.55195343,32.6016045,-0.0279181637,-0.005281806,14.4514275,0.00123983389,0,7,0,0,0,0,0,0
Held-Cluster4-Empty,308,6.18,2,-3.19650078,-1.24968493,17.156971,0.00103167444,-0.410825968,10.4701653,0.0329793543,0,9,0,0,0,0,0,0
Held-Cluster4-Empty,308,6.18,3,-2.78877163,-1.240168,24.9474087,-0.04641335,-0.372948319,14.4514256,0.180445716,0,10,0,0,0,0,0,0
Held-Cluster4-Empty,309,6.2,0,-3.03842831,-1.5612433,25.5423031,0.0405938327,-0.00158804655,15.9517174,0.08433325,0,11,0,0,0,0,0,0
Held-Cluster4-Empty,309,6.2,1,-2.6098752,-1.551918,32.4984055,-0.0262273252,-0.004961878,15.8588781,0.0017704186,0,7,0,0,0,0,0,0
Held-Cluster4-Empty,309,6.2,2,-3.196498,-1.25083661,17.3824558,0.001154378,-0.459689975,15.80933,0.05758423,0,8,0,0,0,0,0,0
Held-Cluster4-Empty,309,6.2,3,-2.791778,-1.24234951,24.9996014,-0.0525901727,-0.373756379,15.8588781,0.185727388,0,10,0,0,0,0,0,0
Held-Cluster4-Empty,310,6.22,0,-3.03930449,-1.56120908,26.344635,0.06027929,-0.002358079,19.3342133,0.0438428,0,12,0,0,0,0,0,0
Held-Cluster4-Empty,310,6.22,1,-2.609875,-1.55189478,32.9708824,-0.0159701779,-0.00302135944,18.02383,0.00116235169,0,7,0,0,0,0,0,0
Held-Cluster4-Empty,310,6.22,2,-3.19649386,-1.25242555,17.6433,0.00124200433,-0.494583547,19.1379566,0.07944729,0,9,0,0,0,0,0,0
Held-Cluster4-Empty,310,6.22,3,-2.79507637,-1.24385452,25.0578957,-0.0558487661,-0.372631967,18.0275822,0.181271523,0,10,0,0,0,0,0,0
Held-Cluster4-Empty,311,6.24,0,-3.03088546,-1.56153834,24.4626884,-0.007299903,0.000285564456,3.03345966,0.421273619,0,8,0,0,0,0,0,0
Held-Cluster4-Empty,311,6.24,1,-2.60987782,-1.55214822,32.9805336,7.85999E-05,0.00748627866,-5.230133,0.0126727549,0,7,0,0,0,0,0,0
Held-Cluster4-Empty,311,6.24,2,-3.19648671,-1.25522482,18.2443466,7.52732158E-05,-0.0299833547,32.3488235,0.139964089,0,9,0,0,0,0,0,0
Held-Cluster4-Empty,311,6.24,3,-2.778325,-1.2255584,26.2555943,-0.0600412376,-0.369750381,20.3860588,1.24031639,0,10,0,0,0,0,0,0
Held-Cluster4-Empty,312,6.25999975,0,-3.036309,-1.56132615,23.2186623,-0.0283874162,0.00111046433,0.690679967,0.271384776,0,12,0,0,0,0,0,0
Held-Cluster4-Empty,312,6.25999975,1,-2.61019731,-1.55233979,33.2136726,-0.0183937214,-0.00347986817,11.6570044,0.018625712,0,6,0,0,0,0,0,0
Held-Cluster4-Empty,312,6.25999975,2,-3.19650245,-1.24899042,18.000824,0.000561207533,-0.2234805,12.8095436,0.311721385,0,8,0,0,0,0,0,0
Held-Cluster4-Empty,312,6.25999975,3,-2.778834,-1.23245811,26.4887333,-0.0267102756,-0.344770342,11.6570148,0.3459233,0,8,0,0,0,0,0,0
Held-Cluster4-Empty,313,6.27999973,0,-3.03836679,-1.56124568,23.0593338,-0.0102527319,0.000401079655,5.093119,0.102968164,0,9,0,0,0,0,0,0
Held-Cluster4-Empty,313,6.27999973,1,-2.60987639,-1.55201936,33.2858276,-0.02692265,-0.00509345531,11.2436819,0.0226750113,0,6,0,0,0,0,0,0
Held-Cluster4-Empty,313,6.27999973,2,-3.196507,-1.247242,16.567915,0.000868983567,-0.346039861,5.09305763,0.08742242,0,9,0,0,0,0,0,0
Held-Cluster4-Empty,313,6.27999973,3,-2.7825315,-1.23510814,26.18751,-0.029796863,-0.354572415,11.2436638,0.22744973,0,6,0,0,0,0,0,0
Held-Cluster4-Empty,314,6.29999971,0,-3.03782,-1.561267,23.04296,0.0203838348,-0.00079742074,10.97563,0.0273555052,0,12,0,0,0,0,0,0
Held-Cluster4-Empty,314,6.29999971,1,-2.60987568,-1.55195165,33.2380562,-0.0321975872,-0.006091416,12.7874937,0.00338573265,0,6,0,0,0,0,0,0
Held-Cluster4-Empty,314,6.29999971,2,-3.1965065,-1.2474041,16.1194763,0.0010368228,-0.412876248,10.8968992,0.008106267,0,9,0,0,0,0,0,0
Held-Cluster4-Empty,314,6.29999971,3,-2.78560829,-1.23753965,25.90157,-0.042430412,-0.36582765,12.7874966,0.196079686,0,9,0,0,0,0,0,0
Held-Cluster4-Empty,315,6.31999969,0,-3.03867722,-1.56123352,23.7708015,0.0432753563,-0.00169292092,15.4031353,0.0428884551,0,12,0,0,0,0,0,0
Held-Cluster4-Empty,315,6.31999969,1,-2.6098752,-1.551917,33.1771431,-0.0280091166,-0.005299002,15.0078926,0.00173465908,0,7,0,0,0,0,0,0
Held-Cluster4-Empty,315,6.31999969,2,-3.19650149,-1.249371,16.2826519,0.00115552917,-0.4601463,15.2575588,0.09834798,0,9,0,0,0,0,0,0
Held-Cluster4-Empty,315,6.31999969,3,-2.78837729,-1.23957074,25.8218,-0.0509035476,-0.3686359,15.0078964,0.171702087,0,10,0,0,0,0,0,0
Held-Cluster4-Empty,316,6.33999968,0,-3.03221774,-1.56148612,23.3433514,-0.0133647127,0.00052281376,3.09755969,0.3232206,0,7,0,0,0,0,0,0
Held-Cluster4-Empty,316,6.33999968,1,-2.60976768,-1.55225849,33.25501,0.0211576447,0.00400280952,-8.898935,0.0179030653,0,7,0,0,0,0,0,0
Held-Cluster4-Empty,316,6.33999968,2,-3.19648838,-1.25457668,16.7390747,6.210059E-05,-0.0247326363,26.72226,0.2602824,0,8,0,0,0,0,0,0
Held-Cluster4-Empty,316,6.33999968,3,-2.77567458,-1.22348261,26.40234,-0.0561061539,-0.3655599,16.6855831,1.02492261,0,10,0,0,0,0,0,0
Held-Cluster4-Empty,317,6.35999966,0,-3.02489853,-1.56177258,22.6487942,-0.0329726748,0.00128984451,-0.19104445,0.3662408,0,11,0,0,0,0,0,0
Held-Cluster4-Empty,317,6.35999966,1,-2.611488,-1.552584,32.2391319,-0.0603914931,-0.0114254057,12.6796618,0.08754804,0,6,0,0,0,0,0,0
Held-Cluster4-Empty,317,6.35999966,2,-3.19647741,-1.258939,16.9448147,0.000546820462,-0.2177506,10.2870293,0.218117937,0,8,0,0,0,0,0,0
Held-Cluster4-Empty,317,6.35999966,3,-2.776069,-1.23049474,26.6559315,-0.0210859049,-0.3503812,12.6796722,0.351160437,0,7,0,0,0,0,0,0
Held-Cluster4-Empty,318,6.37999964,0,-3.02528262,-1.56175745,22.7159328,-0.019566223,0.000765383244,3.3568604,0.0192195289,0,14,0,0,0,0,0,0
Held-Cluster4-Empty,318,6.37999964,1,-2.60986161,-1.55060613,29.69504,-0.0555842668,-0.0105158985,7.282409,0.1280395,0,6,0,0,0,0,0,0
Held-Cluster4-Empty,318,6.37999964,2,-3.19648147,-1.257358,16.8183022,0.0008639097,-0.3440193,3.35683751,0.0790539,0,9,0,0,0,0,0,0
Held-Cluster4-Empty,318,6.37999964,3,-2.77243066,-1.228542,27.2712288,-0.0358263478,-0.352134138,7.282422,0.20646,0,9,0,0,0,0,0,0
Held-Cluster4-Empty,319,6.39999962,0,-3.02506161,-1.56176615,22.9113312,0.009997161,-0.000391125679,9.769931,0.0110592647,0,14,0,0,0,0,0,0
Held-Cluster4-Empty,319,6.39999962,1,-2.61160469,-1.55260611,29.0173512,-0.0644061,-0.0121849179,9.05584,0.132648215,0,7,0,0,0,0,0,0
Held-Cluster4-Empty,319,6.39999962,2,-3.19648075,-1.25762188,16.8841686,0.00103474781,-0.41204977,9.769927,0.0131965168,0,9,0,0,0,0,0,0
Held-Cluster4-Empty,319,6.39999962,3,-2.7733202,-1.22812676,26.94307,-0.0495387763,-0.35978207,9.055844,0.0490835235,0,10,0,0,0,0,0,0
Held-Cluster4-Empty,320,6.42,0,-3.02446842,-1.56178939,23.1950245,0.0281316712,-0.00110051036,14.1846685,0.0296820365,0,14,0,0,0,0,0,0
Held-Cluster4-Empty,320,6.42,1,-2.60987,-1.55140185,28.0522766,-0.052280806,-0.009890944,10.50216,0.105587929,0,6,0,0,0,0,0,0
Held-Cluster4-Empty,320,6.42,2,-3.196478,-1.25881684,17.0582066,0.0011529699,-0.459128976,14.7527752,0.0597478673,0,9,0,0,0,0,0,0
Held-Cluster4-Empty,320,6.42,3,-2.773635,-1.22820711,26.86564,-0.05806779,-0.361771673,11.3911438,0.0162403528,0,9,0,0,0,0,0,0
Held-Cluster4-Empty,321,6.44,0,-3.02353716,-1.56182575,23.5618858,0.0445732251,-0.00174367428,18.3430729,0.0465986244,0,14,0,0,0,0,0,0
Held-Cluster4-Empty,321,6.44,1,-2.61172676,-1.55262911,27.8365059,-0.0618921667,-0.0117093027,14.0688114,0.111286648,0,6,0,0,0,0,0,0
Held-Cluster4-Empty,321,6.44,2,-3.1964736,-1.26047242,17.3310642,0.0012370944,-0.4926284,18.8945732,0.0827792138,0,9,0,0,0,0,0,0
Held-Cluster4-Empty,321,6.44,3,-2.77392268,-1.22801447,26.8881016,-0.0605885461,-0.36297527,14.2338085,0.0173149724,0,9,0,0,0,0,0,0
Held-Cluster4-Empty,322,6.46,0,-3.02241445,-1.56186974,23.9767818,0.053906817,-0.00210881233,20.74486,0.0561787225,0,14,0,0,0,0,0,0
Held-Cluster4-Empty,322,6.46,1,-2.60987043,-1.55145788,27.1367664,-0.0283844,-0.005369991,16.1576843,0.109746672,0,6,0,0,0,0,0,0
Held-Cluster4-Empty,322,6.46,2,-3.19646931,-1.262212,17.63088,0.001289241,-0.513393164,21.5217838,0.08698132,0,9,0,0,0,0,0,0
Held-Cluster4-Empty,322,6.46,3,-2.77422523,-1.22802,26.9919758,-0.06933542,-0.368062377,17.40178,0.0151301436,0,9,0,0,0,0,0,0
Held-Cluster4-Empty,323,6.48,0,-3.0209713,-1.56192625,24.4490776,0.06961231,-0.002723217,23.6147633,0.07221267,0,14,0,0,0,0,0,0
Held-Cluster4-Empty,323,6.48,1,-2.61169243,-1.55262268,27.0444641,-0.05952042,-0.0112605989,21.19639,0.108125038,0,7,0,0,0,0,0,0
Held-Cluster4-Empty,323,6.48,2,-3.19646478,-1.2640003,18.0113621,0.00133351982,-0.531025767,23.9658356,0.08941322,0,9,0,0,0,0,0,0
Held-Cluster4-Empty,323,6.48,3,-2.77454233,-1.22786355,27.2059612,-0.0734025538,-0.371872872,21.4733219,0.0176785253,0,10,0,0,0,0,0,0
Held-Cluster4-Empty,324,6.5,0,-3.01954913,-1.5619818,24.9289074,0.06851422,-0.002680242,23.9914436,0.07116257,0,14,0,0,0,0,0,0
Held-Cluster4-Empty,324,6.5,1,-2.60986876,-1.55130327,26.2188263,-0.0124247707,-0.00235059857,21.3752441,0.112545408,0,7,0,0,0,0,0,0
Held-Cluster4-Empty,324,6.5,2,-3.19646025,-1.26582766,18.369669,0.001369603,-0.545393,24.49168,0.09136824,0,9,0,0,0,0,0,0
Held-Cluster4-Empty,324,6.5,3,-2.77475381,-1.2275722,27.4376354,-0.08201459,-0.372525483,21.9492779,0.0180004183,0,10,0,0,0,0,0,0
Held-Cluster4-Empty,325,6.52,0,-3.01783276,-1.56204891,25.4697037,0.0828936249,-0.003242761,27.0398331,0.085884355,0,14,0,0,0,0,0,0
Held-Cluster4-Empty,325,6.52,1,-2.61162138,-1.55260921,26.1075287,-0.05769276,-0.0109148324,26.18732,0.109283268,0,8,0,0,0,0,0,0
Held-Cluster4-Empty,325,6.52,2,-3.19645548,-1.26766956,18.7790127,0.00139711052,-0.556348264,27.17335,0.09209545,0,9,0,0,0,0,0,0
Held-Cluster4-Empty,325,6.52,3,-2.77518153,-1.227307,27.7407646,-0.08200716,-0.37614283,26.2551,0.0251644347,0,11,0,0,0,0,0,0
Held-Cluster4-Empty,326,6.54,0,-3.016248,-1.5621109,25.9832172,0.07646125,-0.00299114,25.67568,0.07929901,0,15,0,0,0,0,0,0
Held-Cluster4-Empty,326,6.54,1,-2.60986781,-1.551196,25.239584,-0.00170661509,-0.000322848558,25.4225731,0.112607859,0,9,0,0,0,0,0,0
Held-Cluster4-Empty,326,6.54,2,-3.196451,-1.26952362,19.145689,0.00142207,-0.5662885,26.1955414,0.09270339,0,9,0,0,0,0,0,0
Held-Cluster4-Empty,326,6.54,3,-2.77557254,-1.22662127,27.9781933,-0.09198354,-0.375691831,25.6173935,0.0394670554,0,11,0,0,0,0,0,0
Held-Cluster4-Empty,327,6.56,0,-3.014355,-1.562185,26.56678,0.09149321,-0.00357916951,29.1781578,0.09472476,0,15,0,0,0,0,0,0
Held-Cluster4-Empty,327,6.56,1,-2.61154819,-1.55259538,25.05003,-0.0562722981,-0.010646075,29.17378,0.1093386,0,10,0,0,0,0,0,0
Held-Cluster4-Empty,327,6.56,2,-3.19644618,-1.27138972,19.5822029,0.00144320726,-0.5747049,29.3918552,0.09330542,0,9,0,0,0,0,0,0
Held-Cluster4-Empty,327,6.56,3,-2.77601337,-1.22623074,28.3190975,-0.08923555,-0.377589166,29.17499,0.0294469763,0,12,0,0,0,0,0,0
Held-Cluster4-Empty,328,6.58,0,-3.0126338,-1.56225228,27.119421,0.08304139,-0.00324854255,27.6320248,0.0861228257,0,15,0,0,0,0,0,0
Held-Cluster4-Empty,328,6.58,1,-2.60986757,-1.55117166,24.0687275,9.933487E-06,0.00094609597,27.56967,0.110129781,0,10,0,0,0,0,0,0
Held-Cluster4-Empty,328,6.58,2,-3.19644141,-1.2732619,19.9695835,0.00146186352,-0.582132,28.13774,0.0936094,0,9,0,0,0,0,0,0
Held-Cluster4-Empty,328,6.58,3,-2.776357,-1.22559536,28.6037941,-0.099108614,-0.376946419,27.7526512,0.0361161,0,12,0,0,0,0,0,0
Held-Cluster4-Empty,329,6.6,0,-3.01062417,-1.562331,27.7321911,0.0971405655,-0.00380006433,30.6384163,0.10055849,0,15,0,0,0,0,0,0
Held-Cluster4-Empty,329,6.6,1,-2.611517,-1.55258942,23.8176842,-0.0550993,-0.0104241669,30.6384125,0.1087484,0,10,0,0,0,0,0,0
Held-Cluster4-Empty,329,6.6,2,-3.196437,-1.27516925,20.4222965,0.00148044527,-0.589532137,30.9217052,0.0953677,0,9,0,0,0,0,0,0
Held-Cluster4-Empty,329,6.6,3,-2.77689648,-1.22504354,28.94439,-0.09597097,-0.376602322,30.6389561,0.0385878831,0,12,0,0,0,0,0,0
Held-Cluster4-Empty,330,6.62,0,-3.00881,-1.56240189,28.31985,0.08751804,-0.003423661,29.3830261,0.09077565,0,15,0,0,0,0,0,0
Held-Cluster4-Empty,330,6.62,1,-2.60986757,-1.5511806,22.9359818,2.025254E-05,0.00192896137,29.1466846,0.108457536,0,10,0,0,0,0,0,0
Held-Cluster4-Empty,330,6.62,2,-3.196432,-1.2770294,20.8093243,0.00149332732,-0.5946632,29.9103374,0.09300739,0,9,0,0,0,0,0,0
Held-Cluster4-Empty,330,6.62,3,-2.777359,-1.2245996,29.2589626,-0.104724407,-0.377666563,29.3396034,0.0320552066,0,12,0,0,0,0,0,0
Held-Cluster4-Empty,331,6.64,0,-3.00671244,-1.562484,28.95402,0.101422444,-0.003967583,31.7083473,0.10496071,0,15,0,0,0,0,0,0
Held-Cluster4-Empty,331,6.64,1,-2.611352,-1.5525583,22.8579521,-0.0540383458,-0.0102234483,31.7083473,0.101260655,0,10,0,0,0,0,0,0
Held-Cluster4-Empty,331,6.64,2,-3.196427,-1.2789731,21.2576561,0.00151144713,-0.601877749,32.0863228,0.09718569,0,9,0,0,0,0,0,0
Held-Cluster4-Empty,331,6.64,3,-2.77782679,-1.22389948,29.65633,-0.1023509,-0.375490129,31.852478,0.0421004221,0,12,0,0,0,0,0,0
Held-Cluster4-Empty,332,6.66,0,-3.008583,-1.56241083,30.36675,-0.0335921459,0.00131409056,4.130884,0.09360319,0,10,0,0,0,0,0,0
Held-Cluster4-Empty,332,6.66,1,-2.60987568,-1.55194342,23.303936,0.000101774931,0.009693599,0.0490031652,0.07996101,0,10,0,0,0,0,0,0
Held-Cluster4-Empty,332,6.66,2,-3.196444,-1.27222276,22.4995975,0.000165015459,-0.06571849,50.54797,0.337518334,0,3,0,0,0,0,0,0
Held-Cluster4-Empty,332,6.66,3,-2.7813592,-1.2235328,28.9045181,0.0340331271,-0.0612220131,-25.6464958,0.177569553,0,11,0,0,0,0,0,0
Held-Cluster4-Empty,333,6.68,0,-3.01002717,-1.56235433,28.7826939,0.0126637686,-0.0004954189,4.82284975,0.07226032,0,13,0,0,0,0,0,0
Held-Cluster4-Empty,333,6.68,1,-2.60987639,-1.552021,23.5196533,-0.0302499421,-0.00572294,4.11614,0.00388042722,0,9,0,0,0,0,0,0
Held-Cluster4-Empty,333,6.68,2,-3.19645786,-1.26672649,21.6349182,0.000585734844,-0.233249381,17.1330547,0.274814039,0,8,0,0,0,0,0,0
Held-Cluster4-Empty,333,6.68,3,-2.78269744,-1.22412634,28.0889244,0.0357685462,-0.2090103,-13.8683119,0.07319817,0,10,0,0,0,0,0,0
Held-Cluster4-Empty,334,6.7,0,-3.00772142,-1.56244457,29.3944645,0.0286595374,-0.00112116337,9.338483,0.115375571,0,13,0,0,0,0,0,0
Held-Cluster4-Empty,334,6.7,1,-2.60987425,-1.55180871,23.2712135,-0.02854659,-0.00540068746,5.05870676,0.0106161293,0,9,0,0,0,0,0,0
Held-Cluster4-Empty,334,6.7,2,-3.19645834,-1.266564,21.4592648,0.000867318362,-0.345376581,9.33853,0.00812414847,0,11,0,0,0,0,0,0
Held-Cluster4-Empty,334,6.7,3,-2.782419,-1.22591639,28.054184,0.0105132954,-0.290092647,-0.737650037,0.09057889,0,13,0,0,0,0,0,0
Held-Cluster4-Empty,335,6.72,0,-3.01124835,-1.56230652,28.67559,0.0489062,-0.00191318989,13.2306433,0.176481336,0,12,0,0,0,0,0,0
Held-Cluster4-Empty,335,6.72,1,-2.60987616,-1.55198765,23.8676243,-0.0159270987,-0.00301322341,10.749301,0.008947166,0,9,0,0,0,0,0,0
Held-Cluster4-Empty,335,6.72,2,-3.196458,-1.26664889,21.3009586,0.00103724748,-0.413043439,13.7878981,0.00424386747,0,7,0,0,0,0,0,0
Held-Cluster4-Empty,335,6.72,3,-2.78443956,-1.2282337,27.8466816,-0.0232201684,-0.338209182,11.0862322,0.153726518,0,10,0,0,0,0,0,0
Held-Cluster4-Empty,336,6.74,0,-3.00749469,-1.56245339,28.4584332,-0.015953999,0.00313604926,3.97878027,0.187826708,0,9,0,0,0,0,0,0
Held-Cluster4-Empty,336,6.74,1,-2.609877,-1.55207789,23.7598038,0.000121790916,0.0115999635,-10.3189716,0.004512324,0,9,0,0,0,0,0,0
Held-Cluster4-Empty,336,6.74,2,-3.19645286,-1.26874852,21.8520641,7.134676E-05,-0.0284191146,29.6105137,0.104981989,0,10,0,0,0,0,0,0
Held-Cluster4-Empty,336,6.74,3,-2.78245449,-1.22242415,28.07997,-0.0462836958,-0.360407621,17.9062462,0.306966335,0,12,0,0,0,0,0,0
Held-Cluster4-Empty,337,6.75999975,0,-3.00644279,-1.56249452,28.74979,-0.0216553938,0.00265354686,2.95773172,0.052635327,0,11,0,0,0,0,0,0
Held-Cluster4-Empty,337,6.75999975,1,-2.60987759,-1.55213523,23.3354378,7.62231648E-05,0.00726011861,-21.2183552,0.0028670826,0,10,0,0,0,0,0,0
Held-Cluster4-Empty,337,6.75999975,2,-3.196452,-1.26911271,22.18693,4.4606626E-05,-0.0177670345,16.7433281,0.0182092823,0,6,0,0,0,0,0,0
Held-Cluster4-Empty,337,6.75999975,3,-2.78237224,-1.22192371,27.9208565,-0.00287263026,-0.3271012,0.9748064,0.02535777,0,7,0,0,0,0,0,0
Held-Cluster4-Empty,338,6.77999973,0,-3.005189,-1.56254363,28.9818,-0.0172874,0.00228376151,2.70461869,0.062740244,0,11,0,0,0,0,0,0
Held-Cluster4-Empty,338,6.77999973,1,-2.60987759,-1.552142,22.7973785,7.484853E-05,0.007129133,-26.9029369,0.000339746475,0,10,0,0,0,0,0,0
Held-Cluster4-Empty,338,6.77999973,2,-3.19645119,-1.26938367,22.4072456,3.33115458E-05,-0.013267301,11.0157566,0.0135481823,0,5,0,0,0,0,0,0
Held-Cluster4-Empty,338,6.77999973,3,-2.78195786,-1.22177064,27.8692722,0.006008422,-0.333545625,4.25812244,0.0220869053,0,6,0,0,0,0,0,0
Held-Cluster4-Empty,339,6.79999971,0,-3.0043385,-1.56257677,29.2179928,-0.0218849629,0.0008561178,1.31032765,0.04255423,0,11,0,0,0,0,0,0
Held-Cluster4-Empty,339,6.79999971,1,-2.60987782,-1.55216169,22.3227921,6.402098E-05,0.00609776843,-23.7293243,0.0009835489,0,12,0,0,0,0,0,0
Held-Cluster4-Empty,339,6.79999971,2,-3.19645047,-1.26966786,22.577507,3.51369381E-05,-0.0139938314,8.513087,0.0142097929,0,4,0,0,0,0,0,0
Held-Cluster4-Empty,339,6.79999971,3,-2.78154278,-1.22136152,27.8016624,0.009806711,-0.338701248,3.92255378,0.0291410927,0,7,0,0,0,0,0,0
Held-Cluster4-Empty,340,6.81999969,0,-3.00340724,-1.56261325,29.35694,-0.0241749045,0.000945698,1.4423033,0.0465988554,0,12,0,0,0,0,0,0
Held-Cluster4-Empty,340,6.81999969,1,-2.60987782,-1.55216312,21.8891487,6.32219E-05,0.006021527,-21.6821575,7.15255737E-05,0,13,0,0,0,0,0,0
Held-Cluster4-Empty,340,6.81999969,2,-3.19644976,-1.26996374,22.7103863,3.67276371E-05,-0.0146279056,6.64394855,0.0147939166,0,4,0,0,0,0,0,0
Held-Cluster4-Empty,340,6.81999969,3,-2.78116965,-1.22099388,27.747057,0.00989448652,-0.343070328,4.39691925,0.02619077,0,7,0,0,0,0,0,0
Held-Cluster4-Empty,341,6.83999968,0,-3.002216,-1.56265986,29.2257862,-0.02287393,0.0008948056,4.973668,0.0596025437,0,10,0,0,0,0,0,0
Held-Cluster4-Empty,341,6.83999968,1,-2.60987759,-1.55213177,21.4534988,7.971749E-05,0.00759277772,-21.78239,0.00156764744,0,12,0,0,0,0,0,0
Held-Cluster4-Empty,341,6.83999968,2,-3.196449,-1.27029133,22.8198643,4.07956541E-05,-0.01624794,5.473919,0.0163793955,0,3,0,0,0,0,0,0
Held-Cluster4-Empty,341,6.83999968,3,-2.78083,-1.22060764,27.71822,0.007840895,-0.346539617,5.069214,0.02572001,0,7,0,0,0,0,0,0
Held-Cluster4-Empty,342,6.85999966,0,-3.00798345,-1.5624342,28.7687263,-0.026842244,0.00105002522,5.58820152,0.288587928,0,13,0,0,0,0,0,0
Held-Cluster4-Empty,342,6.85999966,1,-2.610313,-1.55236173,21.5714569,-0.0236971825,-0.004483223,5.89784861,0.0246176179,0,9,0,0,0,0,0,0
Held-Cluster4-Empty,342,6.85999966,2,-3.19645953,-1.26608491,21.8525,0.000531582162,-0.211682722,-3.81474733,0.2103216,0,8,0,0,0,0,0,0
Held-Cluster4-Empty,342,6.85999966,3,-2.78073215,-1.2276,27.8358536,0.00424454175,-0.349528641,5.881731,0.349651158,0,10,0,0,0,0,0,0
Held-Cluster4-Empty,343,6.87999964,0,-3.01114535,-1.56231058,29.0655022,-0.0101128062,0.000395596027,3.956989,0.158216149,0,13,0,0,0,0,0,0
Held-Cluster4-Empty,343,6.87999964,1,-2.609878,-1.55217111,23.0060215,-0.0262291916,-0.00496226549,14.3591394,0.0237408411,0,10,0,0,0,0,0,0
Held-Cluster4-Empty,343,6.87999964,2,-3.196463,-1.26465881,21.5634441,0.0008421168,-0.335342348,3.83002043,0.07130527,0,8,0,0,0,0,0,0
Held-Cluster4-Empty,343,6.87999964,3,-2.78251457,-1.22875547,28.03951,-0.0143547216,-0.359212846,3.11966252,0.106209487,0,11,0,0,0,0,0,0
Held-Cluster4-Empty,344,6.89999962,0,-3.0126586,-1.56225133,29.1550179,0.0159103069,-0.0006224215,10.2304049,0.07572011,0,12,0,0,0,0,0,0
Held-Cluster4-Empty,344,6.89999962,1,-2.60987639,-1.55202186,24.0323677,-0.02343592,-0.00443381071,18.3696556,0.007462968,0,10,0,0,0,0,0,0
Held-Cluster4-Empty,344,6.89999962,2,-3.1964643,-1.26418185,21.0819836,0.00103468075,-0.412023038,10.4079037,0.0238478929,0,7,0,0,0,0,0,0
Held-Cluster4-Empty,344,6.89999962,3,-2.78532767,-1.230767,27.59637,-0.0319564566,-0.366166949,4.92017031,0.172914863,0,11,0,0,0,0,0,0
Held-Cluster4-Empty,345,6.92,0,-3.01413178,-1.56219375,29.7376118,0.04344035,-0.00169935822,16.307972,0.0737156644,0,13,0,0,0,0,0,0
Held-Cluster4-Empty,345,6.92,1,-2.60987568,-1.55195892,25.04326,-0.0154956467,-0.002931565,19.13583,0.00314732874,0,10,0,0,0,0,0,0
Held-Cluster4-Empty,345,6.92,2,-3.19646454,-1.26413155,21.0247555,0.00116744637,-0.464892358,16.4983387,0.00251534418,0,9,0,0,0,0,0,0
Held-Cluster4-Empty,345,6.92,3,-2.78773713,-1.23254526,27.9076862,-0.0454751,-0.370287,11.7041225,0.149730131,0,12,0,0,0,0,0,0
Held-Cluster4-Empty,346,6.94,0,-3.016078,-1.5621177,29.9558926,0.067463696,-0.00263914466,20.7328777,0.09738482,0,12,0,0,0,0,0,0
Held-Cluster4-Empty,346,6.94,1,-2.6098752,-1.55190408,26.106123,-0.00196613744,-0.000371932983,21.3094082,0.0027419175,0,9,0,0,0,0,0,0
Held-Cluster4-Empty,346,6.94,2,-3.19646215,-1.26507032,21.50391,0.00126372278,-0.5032295,20.7325039,0.04693881,0,8,0,0,0,0,0,0
Held-Cluster4-Empty,346,6.94,3,-2.79080319,-1.23482418,27.808075,-0.0572383851,-0.373640746,19.3147526,0.191012025,0,11,0,0,0,0,0,0
Held-Cluster4-Empty,347,6.96,0,-3.02085161,-1.56193089,29.4243431,-0.059336476,0.00232118368,8.8017025,0.238863528,0,12,0,0,0,0,0,0
Held-Cluster4-Empty,347,6.96,1,-2.60987449,-1.55183673,27.3127,8.736923E-05,0.008321569,4.936896,0.00336785242,0,9,0,0,0,0,0,0
Held-Cluster4-Empty,347,6.96,2,-3.19646263,-1.26488149,21.729269,0.000118866563,-0.04734196,27.5435257,0.009441406,0,6,0,0,0,0,0,0
Held-Cluster4-Empty,347,6.96,3,-2.7930634,-1.23627985,28.2749863,0.0580238551,-0.1974827,2.74911165,0.134420067,0,11,0,0,0,0,0,0
Held-Cluster4-Empty,348,6.98,0,-3.0151,-1.56215584,29.1085663,-0.02313752,0.00433562743,5.81552267,0.287800372,0,10,0,0,0,0,0,0
Held-Cluster4-Empty,348,6.98,1,-2.60987782,-1.55216122,27.139513,5.50225377E-05,0.00524076028,-8.65940952,0.016225243,0,8,0,0,0,0,0,0
Held-Cluster4-Empty,348,6.98,2,-3.19646168,-1.26521313,21.9526672,4.08962369E-05,-0.01628909,11.1699181,0.0165820811,0,11,0,0,0,0,0,0
Held-Cluster4-Empty,348,6.98,3,-2.78363371,-1.22539949,26.90756,0.0210260134,-0.297195822,-3.885611,0.719897866,0,11,0,0,0,0,0,0
Held-Cluster4-Empty,349,7,0,-3.022071,-1.56188309,27.9429665,-0.0277184136,0.0010842979,0.270475268,0.348810822,0,13,0,0,0,0,0,0
Held-Cluster4-Empty,349,7,1,-2.61023474,-1.55234683,27.4204922,-0.0203517824,-0.003850311,14.0489244,0.0201145019,0,7,0,0,0,0,0,0
Held-Cluster4-Empty,349,7,2,-3.19647455,-1.26016629,20.6599884,0.000538229942,-0.214330167,-0.527913153,0.252343059,0,11,0,0,0,0,0,0
Held-Cluster4-Empty,349,7,3,-2.78320479,-1.2319299,26.78356,0.0221097115,-0.326626152,-6.20006943,0.327223718,0,11,0,0,0,0,0,0
Held-Cluster4-Empty,350,7.02,0,-3.02457857,-1.5617851,27.0704041,-0.016773846,0.000656157732,1.31106317,0.125480026,0,12,0,0,0,0,0,0
Held-Cluster4-Empty,350,7.02,1,-2.609876,-1.5519799,28.3943367,-0.0215347074,-0.00407412648,27.436861,0.0256606042,0,6,0,0,0,0,0,0
Held-Cluster4-Empty,350,7.02,2,-3.19648075,-1.25768638,19.6807365,0.0008299276,-0.3304886,1.36698151,0.12399593,0,9,0,0,0,0,0,0
Held-Cluster4-Empty,350,7.02,3,-2.78555822,-1.23458791,25.90592,0.004545387,-0.357980758,-10.7285013,0.177508071,0,9,0,0,0,0,0,0
Held-Cluster4-Empty,351,7.04,0,-3.026635,-1.56170464,27.12733,0.0218402632,-0.0008544028,10.923871,0.1028967,0,12,0,0,0,0,0,0
Held-Cluster4-Empty,351,7.04,1,-2.60987568,-1.55195332,29.2502785,-0.0216601267,-0.00409781933,12.5016279,0.00132923713,0,7,0,0,0,0,0,0
Held-Cluster4-Empty,351,7.04,2,-3.19648337,-1.25658727,19.40304,0.0009990633,-0.3978394,10.8936481,0.0549556427,0,9,0,0,0,0,0,0
Held-Cluster4-Empty,351,7.04,3,-2.78781915,-1.237193,25.6033745,-0.02745255,-0.3747949,12.2699718,0.17246899,0,10,0,0,0,0,0,0
Held-Cluster4-Empty,352,7.06,0,-3.02896976,-1.56161332,27.4052124,0.04685517,-0.00183293223,16.1396961,0.1168309,0,11,0,0,0,0,0,0
Held-Cluster4-Empty,352,7.06,1,-2.609876,-1.55197871,30.3782578,-0.0143907145,-0.00272253156,16.1652374,0.00126963493,0,7,0,0,0,0,0,0
Held-Cluster4-Empty,352,7.06,2,-3.19648361,-1.25650108,19.3758717,0.00113872811,-0.4534567,16.1393318,0.004309432,0,8,0,0,0,0,0,0
Held-Cluster4-Empty,352,7.06,3,-2.79031467,-1.23965466,25.3755531,-0.0426523834,-0.3760861,16.1652336,0.175267547,0,10,0,0,0,0,0,0
Held-Cluster4-Empty,353,7.08,0,-3.03155112,-1.56151223,27.6409264,0.0665077344,-0.00260174274,19.8950768,0.129166827,0,11,0,0,0,0,0,0
Held-Cluster4-Empty,353,7.08,1,-2.60987568,-1.55195081,31.6483727,-0.00167712942,-0.000317275524,19.8739,0.00139479968,0,7,0,0,0,0,0,0
Held-Cluster4-Empty,353,7.08,2,-3.1964817,-1.2572695,19.3401165,0.00123825669,-0.493089855,19.8813171,0.0384212732,0,8,0,0,0,0,0,0
Held-Cluster4-Empty,353,7.08,3,-2.79295325,-1.24221718,25.2132912,-0.0515989363,-0.376346678,19.8739,0.183906361,0,10,0,0,0,0,0,0
Held-Cluster4-Empty,354,7.1,0,-3.02765083,-1.56166482,26.6142941,-0.0333452635,0.007747504,8.418141,0.195163667,0,9,0,0,0,0,0,0
Held-Cluster4-Empty,354,7.1,1,-2.609877,-1.55209064,31.6844215,9.216368E-05,0.008778167,1.80256021,0.006991991,0,7,0,0,0,0,0,0
Held-Cluster4-Empty,354,7.1,2,-3.19648051,-1.2576915,19.7314873,5.146116E-05,-0.0204967074,19.5685425,0.02110013,0,10,0,0,0,0,0,0
Held-Cluster4-Empty,354,7.1,3,-2.78109884,-1.22883582,25.0094452,-0.05797439,-0.3743781,22.8365631,0.8938511,0,10,0,0,0,0,0,0
Held-Cluster4-Empty,355,7.12,0,-3.03430653,-1.56140447,25.4938717,-0.0455679335,0.00178256631,8.51076,0.333039165,0,13,0,0,0,0,0,0
Held-Cluster4-Empty,355,7.12,1,-2.61005282,-1.55231249,32.00145,-0.0121710747,-0.00230261683,15.851409,0.0141502945,0,7,0,0,0,0,0,0
Held-Cluster4-Empty,355,7.12,2,-3.196494,-1.25234723,18.1726513,0.0005403459,-0.215171963,-0.0304505415,0.267214447,0,8,0,0,0,0,0,0
Held-Cluster4-Empty,355,7.12,3,-2.781914,-1.23608112,25.3264732,-0.0424601063,-0.3619426,15.851408,0.36455068,0,8,0,0,0,0,0,0
Held-Cluster4-Empty,356,7.14,0,-3.03610468,-1.56133413,24.5219631,-0.0243376661,0.000952065,4.84426975,0.0899764,0,12,0,0,0,0,0,0
Held-Cluster4-Empty,356,7.14,1,-2.609876,-1.55197322,32.2371254,-0.0231533013,-0.00438034534,13.0819407,0.0191311147,0,7,0,0,0,0,0,0
Held-Cluster4-Empty,356,7.14,2,-3.19649982,-1.25007975,17.2233715,0.00086081773,-0.342792362,4.844256,0.11337436,0,9,0,0,0,0,0,0
Held-Cluster4-Empty,356,7.14,3,-2.78574538,-1.23865581,25.09912,-0.0346654765,-0.36413452,13.0817671,0.230805725,0,10,0,0,0,0,0,0
Held-Cluster4-Empty,357,7.16,0,-3.03709364,-1.56129551,24.8979053,0.0112431226,-0.000439852476,10.5759687,0.04948571,0,12,0,0,0,0,0,0
Held-Cluster4-Empty,357,7.16,1,-2.60987568,-1.551947,32.71208,-0.027402211,-0.00518417358,14.6480885,0.00131135643,0,7,0,0,0,0,0,0
Held-Cluster4-Empty,357,7.16,2,-3.196501,-1.24957335,17.1103821,0.00102942437,-0.409930974,10.5231142,0.0253201239,0,9,0,0,0,0,0,0
Held-Cluster4-Empty,357,7.16,3,-2.78897619,-1.240262,25.02872,-0.0469579026,-0.374158919,14.6480837,0.180403,0,10,0,0,0,0,0,0
Held-Cluster4-Empty,358,7.18,0,-3.03872347,-1.56123173,25.51523,0.040079128,-0.00156787038,15.9477386,0.08155384,0,11,0,0,0,0,0,0
Held-Cluster4-Empty,358,7.18,1,-2.6098752,-1.55191445,32.5920563,-0.0260454752,-0.004927486,15.950099,0.00162738143,0,7,0,0,0,0,0,0
Held-Cluster4-Empty,358,7.18,2,-3.196498,-1.25080228,17.3337784,0.001153402,-0.459302068,15.7785053,0.0614466257,0,8,0,0,0,0,0,0
Held-Cluster4-Empty,358,7.18,3,-2.79199362,-1.24245608,25.0774136,-0.0528278425,-0.3743444,15.950099,0.18653886,0,10,0,0,0,0,0,0
Held-Cluster4-Empty,359,7.2,0,-3.03956223,-1.561199,26.3270836,0.059943635,-0.002344966,19.307848,0.04196985,0,12,0,0,0,0,0,0
Held-Cluster4-Empty,359,7.2,1,-2.609875,-1.5518918,33.05508,-0.016024325,-0.00303161144,18.1148739,0.001132551,0,7,0,0,0,0,0,0
Held-Cluster4-Empty,359,7.2,2,-3.19649386,-1.25243759,17.594223,0.00124128908,-0.494298071,19.0834732,0.081765905,0,9,0,0,0,0,0,0
Held-Cluster4-Empty,359,7.2,3,-2.795298,-1.24396408,25.13196,-0.0560777225,-0.3729736,18.1156921,0.181615353,0,10,0,0,0,0,0,0
Held-Cluster4-Empty,360,7.22,0,-3.03106141,-1.56153142,24.4553375,-0.00750837475,0.000293719582,3.05299377,0.425365657,0,8,0,0,0,0,0,0
Held-Cluster4-Empty,360,7.22,1,-2.60987782,-1.55214787,33.0615425,7.82869756E-05,0.00745620951,-5.21825838,0.0128038768,0,7,0,0,0,0,0,0
Held-Cluster4-Empty,360,7.22,2,-3.196487,-1.25517046,18.1939354,7.498264E-05,-0.02986413,32.1917877,0.1366441,0,9,0,0,0,0,0,0
Held-Cluster4-Empty,360,7.22,3,-2.77822948,-1.22539735,26.3395,-0.06022508,-0.3697944,20.3799973,1.26101279,0,10,0,0,0,0,0,0
Held-Cluster4-Empty,361,7.24,0,-3.03647351,-1.56131983,23.190033,-0.028628584,0.00111988187,0.640238345,0.270811826,0,12,0,0,0,0,0,0
Held-Cluster4-Empty,361,7.24,1,-2.61020041,-1.55234039,33.2946,-0.01855766,-0.00351089239,11.65306,0.0187831838,0,6,0,0,0,0,0,0
Held-Cluster4-Empty,361,7.24,2,-3.19650269,-1.24891853,17.9587536,0.0005608164,-0.223325,12.7519588,0.312597573,0,8,0,0,0,0,0,0
Held-Cluster4-Empty,361,7.24,3,-2.778742,-1.23229647,26.5725613,-0.0268894248,-0.344744861,11.6530561,0.345906764,0,8,0,0,0,0,0,0
Held-Cluster4-Empty,362,7.25999975,0,-3.03852844,-1.56123936,23.0237217,-0.0105251623,0.000411719084,5.035253,0.102825232,0,9,0,0,0,0,0,0
Held-Cluster4-Empty,362,7.25999975,1,-2.60987639,-1.55202055,33.3600349,-0.0271888524,-0.00514382124,11.2058811,0.02276399,0,6,0,0,0,0,0,0
Held-Cluster4-Empty,362,7.25999975,2,-3.196507,-1.24715614,16.53024,0.000868659467,-0.345911324,5.03518534,0.08811977,0,9,0,0,0,0,0,0
Held-Cluster4-Empty,362,7.25999975,3,-2.78244257,-1.23495615,26.26744,-0.0298889242,-0.354467481,11.2058659,0.227857158,0,6,0,0,0,0,0,0
Held-Cluster4-Empty,363,7.27999973,0,-3.037942,-1.56126225,22.9771614,0.0200761035,-0.0007853806,10.8992338,0.029347809,0,12,0,0,0,0,0,0
Held-Cluster4-Empty,363,7.27999973,1,-2.60987568,-1.55195343,33.30383,-0.03255203,-0.00615844131,12.739481,0.00335593219,0,6,0,0,0,0,0,0
Held-Cluster4-Empty,363,7.27999973,2,-3.19650674,-1.24731207,16.076622,0.00103640184,-0.412708849,10.8163977,0.00779629732,0,9,0,0,0,0,0,0
Held-Cluster4-Empty,363,7.27999973,3,-2.785581,-1.23744977,25.9478073,-0.0425320268,-0.3656943,12.7394791,0.200428218,0,9,0,0,0,0,0,0
Held-Cluster4-Empty,364,7.29999971,0,-3.0387795,-1.56122947,23.70743,0.0429796539,-0.00168135762,15.3419075,0.04191029,0,12,0,0,0,0,0,0
Held-Cluster4-Empty,364,7.29999971,1,-2.6098752,-1.55191863,33.22838,-0.0284427367,-0.00538104773,14.947299,0.001740619,0,7,0,0,0,0,0,0
Held-Cluster4-Empty,364,7.29999971,2,-3.19650173,-1.24930394,16.2318211,0.00115499645,-0.459935129,15.1908579,0.0995937139,0,9,0,0,0,0,0,0
Held-Cluster4-Empty,364,7.29999971,3,-2.78835845,-1.23950207,25.8613071,-0.0510213748,-0.368524164,14.9472952,0.1726671,0,10,0,0,0,0,0,0
Held-Cluster4-Empty,365,7.31999969,0,-3.03233051,-1.56148183,23.293169,-0.0134253539,0.000525185838,3.09898067,0.322696,0,7,0,0,0,0,0,0
Held-Cluster4-Empty,365,7.31999969,1,-2.60977626,-1.55226028,33.3050423,0.0207922272,0.003933668,-8.958647,0.0177846272,0,7,0,0,0,0,0,0
Held-Cluster4-Empty,365,7.31999969,2,-3.19648862,-1.25450587,16.6858978,6.172806E-05,-0.02458651,26.573782,0.260097623,0,8,0,0,0,0,0,0
Held-Cluster4-Empty,365,7.31999969,3,-2.77558875,-1.2233603,26.45215,-0.056236688,-0.365419954,16.6249638,1.029104,0,10,0,0,0,0,0,0
Held-Cluster4-Empty,366,7.33999968,0,-3.025049,-1.56176662,22.59703,-0.0331812054,0.00129798055,-0.246708333,0.364355445,0,11,0,0,0,0,0,0
Held-Cluster4-Empty,366,7.33999968,1,-2.611488,-1.55258393,32.29323,-0.06039694,-0.011426419,12.6177673,0.08710864,0,6,0,0,0,0,0,0
Held-Cluster4-Empty,366,7.33999968,2,-3.19647765,-1.258865,16.890852,0.00054641813,-0.217590615,10.247714,0.217957,0,8,0,0,0,0,0,0
Held-Cluster4-Empty,366,7.33999968,3,-2.77598524,-1.230369,26.704504,-0.0211982448,-0.35020563,12.6177864,0.3509939,0,7,0,0,0,0,0,0
Held-Cluster4-Empty,367,7.35999966,0,-3.02543783,-1.56175148,22.6628227,-0.0197962523,0.000774383545,3.289553,0.0194577668,0,14,0,0,0,0,0,0
Held-Cluster4-Empty,367,7.35999966,1,-2.60986161,-1.55061209,29.756525,-0.0557414144,-0.0105456412,7.256798,0.127804846,0,6,0,0,0,0,0,0
Held-Cluster4-Empty,367,7.35999966,2,-3.1964817,-1.25726473,16.7677345,0.000863440335,-0.34383297,3.28956556,0.0800135359,0,9,0,0,0,0,0,0
Held-Cluster4-Empty,367,7.35999966,3,-2.77248216,-1.22852373,27.2984066,-0.0358700268,-0.3520029,7.256796,0.197967872,0,9,0,0,0,0,0,0
Held-Cluster4-Empty,368,7.37999964,0,-3.025221,-1.56175983,22.8572578,0.009799879,-0.000383406878,9.721708,0.0108441543,0,14,0,0,0,0,0,0
Held-Cluster4-Empty,368,7.37999964,1,-2.61160326,-1.55260575,29.0822525,-0.06441139,-0.0121859014,9.020978,0.132363155,0,7,0,0,0,0,0,0
Held-Cluster4-Empty,368,7.37999964,2,-3.196481,-1.25751758,16.8367443,0.00103421509,-0.4118374,9.7217,0.0126421964,0,9,0,0,0,0,0,0
Held-Cluster4-Empty,368,7.37999964,3,-2.773364,-1.22812855,26.9720383,-0.0495828651,-0.3597158,9.020981,0.04832008,0,10,0,0,0,0,0,0
Held-Cluster4-Empty,369,7.39999962,0,-3.0246315,-1.561783,23.1400452,0.0279682241,-0.00109413266,14.1393538,0.0295031276,0,14,0,0,0,0,0,0
Held-Cluster4-Empty,369,7.39999962,1,-2.60987,-1.55140269,28.1218433,-0.052387137,-0.00991106,10.5046711,0.105495185,0,6,0,0,0,0,0,0
Held-Cluster4-Empty,369,7.39999962,2,-3.19647813,-1.25870371,17.01253,0.0011523515,-0.458879054,14.7021666,0.0593067966,0,9,0,0,0,0,0,0
Held-Cluster4-Empty,369,7.39999962,3,-2.773675,-1.22822046,26.8953667,-0.0581160821,-0.361789227,11.38321,0.0162099488,0,9,0,0,0,0,0,0
Held-Cluster4-Empty,370,7.4199996,0,-3.02370453,-1.56181931,23.5055561,0.0443762839,-0.00173598528,18.2755871,0.04638421,0,14,0,0,0,0,0,0
Held-Cluster4-Empty,370,7.4199996,1,-2.61172557,-1.55262887,27.9085083,-0.0619000457,-0.0117107928,14.0939865,0.111207344,0,6,0,0,0,0,0,0
Held-Cluster4-Empty,370,7.4199996,2,-3.19647384,-1.26035237,17.2864685,0.00123643875,-0.492365569,18.8532829,0.08243351,0,9,0,0,0,0,0,0
Held-Cluster4-Empty,370,7.4199996,3,-2.773957,-1.22803545,26.9166565,-0.06055796,-0.363032073,14.1874676,0.0168657564,0,9,0,0,0,0,0,0
Held-Cluster4-Empty,371,7.44,0,-3.022585,-1.56186306,23.9196224,0.0537528843,-0.00210279226,20.7033653,0.0560234077,0,14,0,0,0,0,0,0
Held-Cluster4-Empty,371,7.44,1,-2.60987043,-1.55145609,27.21055,-0.028491931,-0.005390346,16.1436939,0.109737657,0,6,0,0,0,0,0,0
Held-Cluster4-Empty,371,7.44,2,-3.19646955,-1.26208556,17.5865517,0.00128857791,-0.5131289,21.4759865,0.08665946,0,9,0,0,0,0,0,0
Held-Cluster4-Empty,371,7.44,3,-2.77425432,-1.22804618,27.0195217,-0.06929852,-0.36811024,17.3758736,0.0148750739,0,9,0,0,0,0,0,0
Held-Cluster4-Empty,372,7.46,0,-3.02114463,-1.56191945,24.39103,0.06946377,-0.00271740556,23.5703316,0.0720694959,0,14,0,0,0,0,0,0
Held-Cluster4-Empty,372,7.46,1,-2.61169124,-1.55262244,27.11766,-0.05953906,-0.0112641156,21.1572838,0.108116612,0,7,0,0,0,0,0,0
Held-Cluster4-Empty,372,7.46,2,-3.196465,-1.26386726,17.9677868,0.00133290887,-0.530780554,23.9209213,0.08908539,0,9,0,0,0,0,0,0
Held-Cluster4-Empty,372,7.46,3,-2.77456737,-1.22789156,27.2318459,-0.07333768,-0.37186408,21.4338017,0.0174572282,0,10,0,0,0,0,0,0
Held-Cluster4-Empty,373,7.48,0,-3.019725,-1.56197488,24.8701229,0.06838831,-0.00267532468,23.95468,0.0710313,0,14,0,0,0,0,0,0
Held-Cluster4-Empty,373,7.48,1,-2.60986876,-1.55130088,26.2923584,-0.0125329681,-0.00237107277,21.346035,0.112560079,0,7,0,0,0,0,0,0
Held-Cluster4-Empty,373,7.48,2,-3.19646049,-1.26568842,18.3265247,0.00136891752,-0.5451191,24.4536152,0.0910583,0,9,0,0,0,0,0,0
Held-Cluster4-Empty,373,7.48,3,-2.77477264,-1.22760439,27.46237,-0.08191761,-0.372543454,21.9186153,0.0176499858,0,10,0,0,0,0,0,0
Held-Cluster4-Empty,374,7.5,0,-3.018011,-1.562042,25.4101,0.08277305,-0.00323802233,26.9989033,0.0857652351,0,14,0,0,0,0,0,0
Held-Cluster4-Empty,374,7.5,1,-2.61162043,-1.55260909,26.1800652,-0.05771358,-0.0109187663,26.1406174,0.109312765,0,8,0,0,0,0,0,0
Held-Cluster4-Empty,374,7.5,2,-3.196456,-1.267525,18.7359619,0.00139644742,-0.556082368,27.1323643,0.0918272,0,9,0,0,0,0,0,0
Held-Cluster4-Empty,374,7.5,3,-2.775197,-1.22733939,27.7625084,-0.08188756,-0.376121163,26.20893,0.02501644,0,11,0,0,0,0,0,0
Held-Cluster4-Empty,375,7.52,0,-3.01642823,-1.562104,25.922945,0.07635495,-0.00298696756,25.6422081,0.07920372,0,15,0,0,0,0,0,0
Held-Cluster4-Empty,375,7.52,1,-2.60986781,-1.55119371,25.3100815,-0.001813557,-0.000343084335,25.382822,0.1126381,0,9,0,0,0,0,0,0
Held-Cluster4-Empty,375,7.52,2,-3.19645119,-1.26937342,19.102644,0.00142134726,-0.565999,26.1612988,0.0924232751,0,9,0,0,0,0,0,0
Held-Cluster4-Empty,375,7.52,3,-2.77557588,-1.22666788,28.00034,-0.0918234661,-0.375690132,25.5780144,0.0385501422,0,11,0,0,0,0,0,0
Held-Cluster4-Empty,376,7.54,0,-3.01453733,-1.56217778,26.5056477,0.09137869,-0.00357466936,29.1350842,0.09461685,0,15,0,0,0,0,0,0
Held-Cluster4-Empty,376,7.54,1,-2.61154771,-1.55259526,25.1202984,-0.0562952943,-0.0106504261,29.130867,0.109388985,0,10,0,0,0,0,0,0
Held-Cluster4-Empty,376,7.54,2,-3.19644666,-1.27123368,19.5387383,0.00144243985,-0.5743995,29.3453865,0.0930133238,0,9,0,0,0,0,0,0
Held-Cluster4-Empty,376,7.54,3,-2.77601528,-1.22627532,28.3379326,-0.08908313,-0.377575845,29.1320248,0.0294608865,0,12,0,0,0,0,0,0
Held-Cluster4-Empty,377,7.56,0,-3.012819,-1.562245,27.057663,0.08292418,-0.003243953,27.6007614,0.08597988,0,15,0,0,0,0,0,0
Held-Cluster4-Empty,377,7.56,1,-2.60986757,-1.55116773,24.1381874,9.73139E-06,0.0009268791,27.5181313,0.110235,0,10,0,0,0,0,0,0
Held-Cluster4-Empty,377,7.56,2,-3.196442,-1.27310288,19.9274673,0.00146108866,-0.5818232,28.1084785,0.09346039,0,9,0,0,0,0,0,0
Held-Cluster4-Empty,377,7.56,3,-2.77635145,-1.22563815,28.6198921,-0.09887311,-0.376932949,27.7026749,0.0360208526,0,12,0,0,0,0,0,0
Held-Cluster4-Empty,378,7.58,0,-3.01081133,-1.56232357,27.66967,0.0970534161,-0.00379666686,30.6003742,0.100462966,0,15,0,0,0,0,0,0
Held-Cluster4-Empty,378,7.58,1,-2.611516,-1.5525893,23.88664,-0.05512636,-0.0104292929,30.6003647,0.10883671,0,10,0,0,0,0,0,0
Held-Cluster4-Empty,378,7.58,2,-3.19643712,-1.27500677,20.3809071,0.00147957355,-0.5891853,30.8797264,0.0951948762,0,9,0,0,0,0,0,0
Held-Cluster4-Empty,378,7.58,3,-2.7768898,-1.22508514,28.9555836,-0.09575739,-0.3766217,30.6009216,0.0385889225,0,12,0,0,0,0,0,0
Held-Cluster4-Empty,379,7.6,0,-3.008999,-1.5623945,28.2565517,0.08741415,-0.00341960788,29.3440018,0.09068036,0,15,0,0,0,0,0,0
Held-Cluster4-Empty,379,7.6,1,-2.60986757,-1.551191,22.99527,2.00299546E-05,0.001907794,29.096138,0.108081236,0,10,0,0,0,0,0,0
Held-Cluster4-Empty,379,7.6,2,-3.19643259,-1.276863,20.768137,0.00149250776,-0.5943368,29.866621,0.09281067,0,9,0,0,0,0,0,0
Held-Cluster4-Empty,379,7.6,3,-2.777345,-1.22464228,29.2654858,-0.104475014,-0.377625376,29.2813931,0.0317521878,0,12,0,0,0,0,0,0
Held-Cluster4-Empty,380,7.62,0,-3.006903,-1.56247652,28.8895111,0.101353221,-0.003964871,31.6480541,0.104889005,0,15,0,0,0,0,0,0
Held-Cluster4-Empty,380,7.62,1,-2.611361,-1.55256,22.905098,-0.05406121,-0.01022777,31.64805,0.101298623,0,10,0,0,0,0,0,0
Held-Cluster4-Empty,380,7.62,2,-3.19642758,-1.278803,21.21569,0.00151058286,-0.601532936,32.0283165,0.09700092,0,9,0,0,0,0,0,0
Held-Cluster4-Empty,380,7.62,3,-2.77781224,-1.22393417,29.6575432,-0.102155708,-0.3754143,31.7861366,0.0424199179,0,12,0,0,0,0,0,0
Held-Cluster4-Empty,381,7.64,0,-3.00877261,-1.56240332,30.3965073,-0.0337235443,0.00131923053,4.13184929,0.09355553,0,10,0,0,0,0,0,0
Held-Cluster4-Empty,381,7.64,1,-2.60987544,-1.55194247,23.3464451,0.000101774931,0.009693819,0.0217641052,0.0804406255,0,10,0,0,0,0,0,0
Held-Cluster4-Empty,381,7.64,2,-3.19644451,-1.2720561,22.4585743,0.000164181,-0.06538727,50.3312759,0.337345481,0,3,0,0,0,0,0,0
Held-Cluster4-Empty,381,7.64,3,-2.78134537,-1.223564,28.90146,0.03408175,-0.06136672,-25.7129,0.177623063,0,11,0,0,0,0,0,0
Held-Cluster4-Empty,382,7.66,0,-3.0101738,-1.5623486,28.7654381,0.0124304891,-0.0004862845,4.800978,0.0701127,0,13,0,0,0,0,0,0
Held-Cluster4-Empty,382,7.66,1,-2.60987639,-1.552018,23.554987,-0.0303397868,-0.005739942,4.10939169,0.00377923553,0,9,0,0,0,0,0,0
Held-Cluster4-Empty,382,7.66,2,-3.19645834,-1.26657259,21.60452,0.0005852878,-0.233069688,17.0049553,0.27417627,0,8,0,0,0,0,0,0
Held-Cluster4-Empty,382,7.66,3,-2.78268385,-1.22415519,28.0831928,0.0358452424,-0.209070116,-13.9086838,0.07316083,0,10,0,0,0,0,0,0
Held-Cluster4-Empty,383,7.68,0,-3.00785875,-1.5624392,29.370657,0.0284790955,-0.00111410022,9.290183,0.11584083,0,13,0,0,0,0,0,0
Held-Cluster4-Empty,383,7.68,1,-2.60987425,-1.55181193,23.3092937,-0.0286992751,-0.005429566,5.075795,0.0103062019,0,9,0,0,0,0,0,0
Held-Cluster4-Empty,383,7.68,2,-3.19645858,-1.26642323,21.43107,0.000866755843,-0.345152527,9.290125,0.007468472,0,11,0,0,0,0,0,0
Held-Cluster4-Empty,383,7.68,3,-2.78242469,-1.22595382,28.0426,0.0105376551,-0.290144235,-0.8150644,0.09086025,0,13,0,0,0,0,0,0
Held-Cluster4-Empty,384,7.7,0,-3.011383,-1.56230128,28.6498032,0.0487313867,-0.00190636516,13.1849136,0.176350072,0,12,0,0,0,0,0,0
Held-Cluster4-Empty,384,7.7,1,-2.609876,-1.55198622,23.89921,-0.0161361136,-0.00305274129,10.7170677,0.008714599,0,9,0,0,0,0,0,0
Held-Cluster4-Empty,384,7.7,2,-3.19645834,-1.266523,21.2764187,0.00103668869,-0.412821263,13.7411518,0.004988923,0,7,0,0,0,0,0,0
Held-Cluster4-Empty,384,7.7,3,-2.78444386,-1.22827208,27.8339443,-0.0232208334,-0.338213354,11.053237,0.153715476,0,10,0,0,0,0,0,0
Held-Cluster4-Empty,385,7.72,0,-3.00761366,-1.56244874,28.4418316,-0.0159162953,0.00313298265,3.96933341,0.188614056,0,9,0,0,0,0,0,0
Held-Cluster4-Empty,385,7.72,1,-2.609877,-1.55207932,23.7913513,0.000121656805,0.0115875239,-10.4939337,0.0046555046,0,9,0,0,0,0,0,0
Held-Cluster4-Empty,385,7.72,2,-3.196453,-1.268666,21.8253536,7.110834E-05,-0.02832226,29.5626736,0.1071516,0,10,0,0,0,0,0,0
Held-Cluster4-Empty,385,7.72,3,-2.78243852,-1.22245026,28.0664864,-0.0462693349,-0.360390067,17.8661785,0.307875872,0,12,0,0,0,0,0,0
Held-Cluster4-Empty,386,7.74,0,-3.00655818,-1.56249,28.7320576,-0.0216090661,0.00264937524,2.948015,0.052814234,0,11,0,0,0,0,0,0
Held-Cluster4-Empty,386,7.74,1,-2.60987759,-1.55213547,23.36369,7.612258E-05,0.00725030573,-21.3830032,0.00280748,0,10,0,0,0,0,0,0
Held-Cluster4-Empty,386,7.74,2,-3.19645214,-1.26902878,22.1596165,4.44427133E-05,-0.01770362,16.7131615,0.0181377567,0,6,0,0,0,0,0,0
Held-Cluster4-Empty,386,7.74,3,-2.78236127,-1.221957,27.9064331,-0.00279058772,-0.327097565,0.9782568,0.02496499,0,7,0,0,0,0,0,0
Held-Cluster4-Empty,387,7.75999975,0,-3.005299,-1.56253922,28.96434,-0.0172389355,0.002279108,2.694584,0.0630025342,0,11,0,0,0,0,0,0
Held-Cluster4-Empty,387,7.75999975,1,-2.60987759,-1.55214226,22.8235321,7.485226E-05,0.00712951133,-27.0079651,0.000339746475,0,10,0,0,0,0,0,0
Held-Cluster4-Empty,387,7.75999975,2,-3.19645143,-1.26929891,22.3794975,3.3184886E-05,-0.0132175265,10.9940472,0.0135064609,0,5,0,0,0,0,0,0
Held-Cluster4-Empty,387,7.75999975,3,-2.78195572,-1.22180557,27.85237,0.006103318,-0.333558053,4.23184347,0.0216443688,0,6,0,0,0,0,0,0
Held-Cluster4-Empty,388,7.77999973,0,-3.00443745,-1.562573,29.1983871,-0.0218340922,0.0008541276,1.30412281,0.043115247,0,11,0,0,0,0,0,0
Held-Cluster4-Empty,388,7.77999973,1,-2.60987782,-1.55216157,22.34709,6.407313E-05,0.00610267371,-23.8220577,0.0009656688,0,12,0,0,0,0,0,0
Held-Cluster4-Empty,388,7.77999973,2,-3.19645071,-1.26958227,22.5494232,3.502518E-05,-0.013950306,8.496335,0.01416807,0,4,0,0,0,0,0,0
Held-Cluster4-Empty,388,7.77999973,3,-2.78154325,-1.22139633,27.78301,0.009903658,-0.3387157,3.900559,0.0290520471,0,7,0,0,0,0,0,0
Held-Cluster4-Empty,389,7.79999971,0,-3.00351071,-1.5626092,29.338768,-0.0241169,0.000943428837,1.44095552,0.0463720672,0,12,0,0,0,0,0,0
Held-Cluster4-Empty,389,7.79999971,1,-2.60987782,-1.552163,21.9117985,6.33224845E-05,0.006031181,-21.76461,7.15255737E-05,0,13,0,0,0,0,0,0
Held-Cluster4-Empty,389,7.79999971,2,-3.19645,-1.26987731,22.6819324,3.66196036E-05,-0.0145863537,6.625479,0.0147521934,0,4,0,0,0,0,0,0
Held-Cluster4-Empty,389,7.79999971,3,-2.78116846,-1.22102618,27.72755,0.009976589,-0.343093723,4.379582,0.02633808,0,7,0,0,0,0,0,0
Held-Cluster4-Empty,390,7.81999969,0,-3.00231481,-1.562656,29.2371483,-0.0228896216,0.0008954194,4.941519,0.05984125,0,10,0,0,0,0,0,0
Held-Cluster4-Empty,390,7.81999969,1,-2.60987759,-1.55213225,21.4743156,7.94269145E-05,0.007565099,-21.8740749,0.001537846,0,12,0,0,0,0,0,0
Held-Cluster4-Empty,390,7.81999969,2,-3.19644928,-1.27020431,22.7910843,4.07136977E-05,-0.0162151828,5.45755339,0.0163495932,0,3,0,0,0,0,0,0
Held-Cluster4-Empty,390,7.81999969,3,-2.780829,-1.22063863,27.69779,0.007904999,-0.346570253,5.05589867,0.02576142,0,7,0,0,0,0,0,0
Held-Cluster4-Empty,391,7.83999968,0,-3.008042,-1.56243193,28.7694225,-0.02685976,0.00105069578,5.573339,0.286583722,0,13,0,0,0,0,0,0
Held-Cluster4-Empty,391,7.83999968,1,-2.61031437,-1.552362,21.5919266,-0.023750294,-0.00449326634,5.880496,0.0246753339,0,9,0,0,0,0,0,0
Held-Cluster4-Empty,391,7.83999968,2,-3.19645977,-1.26601219,21.8349648,0.000531453639,-0.211631477,-3.81122756,0.209606349,0,8,0,0,0,0,0,0
Held-Cluster4-Empty,391,7.83999968,3,-2.78073,-1.22763193,27.8150826,0.00430944469,-0.349577,5.864691,0.349699676,0,10,0,0,0,0,0,0
Held-Cluster4-Empty,392,7.85999966,0,-3.01120567,-1.56230819,29.058794,-0.0101573113,0.00039729476,3.94093585,0.158299759,0,13,0,0,0,0,0,0
Held-Cluster4-Empty,392,7.85999966,1,-2.609878,-1.55217469,23.0317516,-0.0262625515,-0.004968554,14.3592968,0.0237400457,0,10,0,0,0,0,0,0
Held-Cluster4-Empty,392,7.85999966,2,-3.19646335,-1.26459324,21.55297,0.0008419566,-0.3352779,3.81534576,0.07094764,0,8,0,0,0,0,0,0
Held-Cluster4-Empty,392,7.85999966,3,-2.782509,-1.22878683,28.0194759,-0.0143148741,-0.359288841,3.11611438,0.106053255,0,11,0,0,0,0,0,0
Held-Cluster4-Empty,393,7.87999964,0,-3.01272964,-1.56224859,29.1435738,0.0158232022,-0.000618994236,10.2084341,0.07625684,0,12,0,0,0,0,0,0
Held-Cluster4-Empty,393,7.87999964,1,-2.60987639,-1.55202246,24.06028,-0.0234433487,-0.00443521142,18.38026,0.007611971,0,10,0,0,0,0,0,0
Held-Cluster4-Empty,393,7.87999964,2,-3.19646454,-1.26412463,21.0715237,0.00103449449,-0.411949068,10.3879375,0.0234306622,0,7,0,0,0,0,0,0
Held-Cluster4-Empty,393,7.87999964,3,-2.78531861,-1.23080039,27.5760136,-0.0319257081,-0.366211474,4.897534,0.172828451,0,11,0,0,0,0,0,0
Held-Cluster4-Empty,394,7.89999962,0,-3.01420546,-1.56219077,29.725441,0.043311663,-0.00169435143,16.278698,0.07384715,0,13,0,0,0,0,0,0
Held-Cluster4-Empty,394,7.89999962,1,-2.60987568,-1.55195737,25.0637074,-0.0154844224,-0.002929449,19.1663952,0.00325461,0,10,0,0,0,0,0,0
Held-Cluster4-Empty,394,7.89999962,2,-3.19646454,-1.26407635,21.0145969,0.00116720051,-0.4647921,16.4728279,0.002413988,0,9,0,0,0,0,0,0
Held-Cluster4-Empty,394,7.89999962,3,-2.78772855,-1.23257685,27.885458,-0.04543633,-0.370323181,11.65799,0.149696246,0,12,0,0,0,0,0,0
Held-Cluster4-Empty,395,7.9199996,0,-3.01614976,-1.56211472,29.9435425,0.06738589,-0.00263610482,20.7247734,0.097289525,0,12,0,0,0,0,0,0
Held-Cluster4-Empty,395,7.9199996,1,-2.609875,-1.55189407,26.1955547,-0.00195174664,-0.000369220972,21.2895355,0.0031652085,0,9,0,0,0,0,0,0
Held-Cluster4-Empty,395,7.9199996,2,-3.19646215,-1.26500821,21.4923553,0.00126342475,-0.503111362,20.7244034,0.0465931036,0,8,0,0,0,0,0,0
Held-Cluster4-Empty,395,7.9199996,3,-2.790436,-1.23456287,28.3024712,-0.05723286,-0.373620838,19.2640114,0.167889535,0,11,0,0,0,0,0,0
Held-Cluster4-Empty,396,7.94,0,-3.02068615,-1.56193733,29.4474926,-0.0616522431,0.00241177436,8.42537,0.22699286,0,10,0,0,0,0,0,0
Held-Cluster4-Empty,396,7.94,1,-2.609874,-1.55179918,27.2759876,8.428097E-05,0.0080274865,5.51954842,0.00474476954,0,8,0,0,0,0,0,0
Held-Cluster4-Empty,396,7.94,2,-3.196461,-1.26555479,21.6270466,0.000120282173,-0.04790504,25.6034946,0.0273287948,0,5,0,0,0,0,0,0
Held-Cluster4-Empty,396,7.94,3,-2.79339671,-1.23634934,28.2150669,0.05625957,-0.196267039,2.200572,0.1728953,0,11,0,0,0,0,0,0
Held-Cluster4-Empty,397,7.96,0,-3.01469827,-1.56217158,29.0950584,-0.0211139582,0.00579400361,8.358927,0.299623162,0,9,0,0,0,0,0,0
Held-Cluster4-Empty,397,7.96,1,-2.60987782,-1.55215442,27.0994072,5.788356E-05,0.0055131414,-8.829079,0.0177632086,0,8,0,0,0,0,0,0
Held-Cluster4-Empty,397,7.96,2,-3.19645977,-1.26598334,21.8290157,5.313754E-05,-0.0211632159,10.0984011,0.0214279536,0,10,0,0,0,0,0,0
Held-Cluster4-Empty,397,7.96,3,-2.78320718,-1.22504508,26.9760475,0.0203682613,-0.296935,-4.676566,0.7609416,0,11,0,0,0,0,0,0
Held-Cluster4-Empty,398,7.98,0,-3.021723,-1.56189668,27.94654,-0.0257841609,0.0010086298,1.555303,0.3515071,0,13,0,0,0,0,0,0
Held-Cluster4-Empty,398,7.98,1,-2.61022878,-1.55234575,27.36554,-0.0200362913,-0.003790617,13.3065777,0.01998593,0,7,0,0,0,0,0,0
Held-Cluster4-Empty,398,7.98,2,-3.196473,-1.26079178,20.59375,0.0005512852,-0.219529077,-1.56159127,0.259579062,0,9,0,0,0,0,0,0
Held-Cluster4-Empty,398,7.98,3,-2.782794,-1.23156834,26.8693,0.0212286171,-0.3262529,-5.33739328,0.326816171,0,9,0,0,0,0,0,0
Held-Cluster4-Empty,399,8,0,-3.024224,-1.56179881,27.043438,-0.01395554,0.000545918941,1.887785,0.12514627,0,12,0,0,0,0,0,0
Held-Cluster4-Empty,399,8,1,-2.609876,-1.55197942,28.3160744,-0.0212848634,-0.00402683,26.59372,0.0254316553,0,6,0,0,0,0,0,0
Held-Cluster4-Empty,399,8,2,-3.19647932,-1.25818014,19.6490822,0.00083751604,-0.3335096,1.87591934,0.130582258,0,8,0,0,0,0,0,0
Held-Cluster4-Empty,399,8,3,-2.78517437,-1.23423016,26.01698,0.0029376098,-0.3575325,-9.33726,0.178546041,0,8,0,0,0,0,0,0
Held-Cluster4-F,300,6.02,0,-2.98873782,-1.56318712,24.7873688,0.004545818,-0.000177827955,-1.16079915,0.210648969,0,10,87,0.320604682,0.739427269,41,61,0
Held-Cluster4-F,300,6.02,1,-2.60987735,-1.55211377,17.3760872,9.213388E-05,0.00877529,-1.81555676,0.009027759,0,7,87,0.320604682,0.739427269,41,61,0
Held-Cluster4-F,300,6.02,2,-3.19642758,-1.27880323,22.9192352,-3.27527523E-05,0.01303917,20.2272167,0.0125229871,0,3,87,0.320604682,0.739427269,41,61,0
Held-Cluster4-F,300,6.02,3,-2.76346946,-1.19805408,27.8534622,0.0850863,-0.05657708,-23.3229885,0.3940778,0,2,87,0.320604682,0.739427269,41,61,0
Held-Cluster4-F,301,6.04,0,-2.97441673,-1.56374729,19.49333,0.0469282158,-0.00183578674,-15.2110071,0.716602,0,5,87,0.364896536,1.15449977,41,61,0
Held-Cluster4-F,301,6.04,1,-2.60988021,-1.55238235,16.1186,-0.00177878886,-0.169427142,-14.9151611,0.0134296892,0,4,87,0.364896536,1.15449977,41,61,0
Held-Cluster4-F,301,6.04,2,-3.196737,-1.28124654,23.4823856,-0.0270009674,-0.0650034,41.7838173,0.123141706,0,2,87,0.364896536,1.15449977,41,61,0
Held-Cluster4-F,301,6.04,3,-2.76192331,-1.20216632,27.4513,0.07948642,-0.20592913,-20.10817,0.21966514,0,3,87,0.364896536,1.15449977,41,61,0
Held-Cluster4-F,302,6.06,0,-2.99038839,-1.56312251,20.843544,0.03024891,-0.001183331,-12.90846,0.7991938,0,18,87,0.32326138,0.803710341,41,61,0
Held-Cluster4-F,302,6.06,1,-2.61077714,-1.55244958,15.8600645,-0.0427133329,-0.00808087,-12.9268436,0.0449723564,0,14,87,0.32326138,0.803710341,41,61,0
Held-Cluster4-F,302,6.06,2,-3.196431,-1.27750456,21.3903618,0.000578824431,-0.230496153,25.6306019,0.187724054,0,8,87,0.32326138,0.803710341,41,61,0
Held-Cluster4-F,302,6.06,3,-2.75979066,-1.20886779,27.1713448,0.108148627,-0.335299879,-13.9976759,0.351631582,0,10,87,0.32326138,0.803710341,41,61,0
Held-Cluster4-F,303,6.08,0,-2.9905324,-1.56311691,25.840168,0.029788401,-0.00116530061,7.756822,0.007205689,0,18,87,0.35996297,1.12842977,41,61,0
Held-Cluster4-F,303,6.08,1,-2.609868,-1.55122459,14.86422,-0.0238837115,-0.004518509,-1.14269078,0.07627347,0,13,87,0.35996297,1.12842977,41,61,0
Held-Cluster4-F,303,6.08,2,-3.1964488,-1.270363,20.1336632,0.000863937661,-0.344030142,7.87614059,0.357080638,0,9,87,0.35996297,1.12842977,41,61,0
Held-Cluster4-F,303,6.08,3,-2.75091648,-1.20508516,27.0951462,0.0621975474,-0.344854772,-5.424744,0.4823363,0,12,87,0.35996297,1.12842977,41,61,0
Held-Cluster4-F,304,6.1,0,-2.989516,-1.5631566,26.1484737,0.0491384864,-0.0019222796,15.4153032,0.05085767,0,15,86,0.279830277,0.8577844,41,61,0
Held-Cluster4-F,304,6.1,1,-2.61143541,-1.552574,14.6394043,-0.06656089,-0.0125925839,6.11075068,0.103412315,0,14,86,0.279830277,0.8577844,41,61,0
Held-Cluster4-F,304,6.1,2,-3.19644117,-1.2733773,20.4862347,0.00103884563,-0.4136813,15.4503422,0.150716782,0,9,86,0.279830277,0.8577844,41,61,0
Held-Cluster4-F,304,6.1,3,-2.75264668,-1.20659626,26.3493423,0.0217715278,-0.3597266,5.03847551,0.114858814,0,8,86,0.279830277,0.8577844,41,61,0
Held-Cluster4-F,305,6.12,0,-2.988475,-1.56319737,26.4905834,0.0501858741,-0.00196325779,17.1054745,0.0520866849,0,18,86,0.29490912,0.9634304,41,61,0
Held-Cluster4-F,305,6.12,1,-2.60985351,-1.54983926,14.2908335,-0.019879926,-0.003761053,10.1723957,0.1579672,0,14,86,0.29490912,0.9634304,41,61,0
Held-Cluster4-F,305,6.12,2,-3.196433,-1.27665162,20.8528023,0.00116756558,-0.4649401,17.3618755,0.163716584,0,9,86,0.29490912,0.9634304,41,61,0
Held-Cluster4-F,305,6.12,3,-2.75451064,-1.20728827,26.2586365,-0.0197574943,-0.364659369,10.3770752,0.0994134247,0,11,86,0.29490912,0.9634304,41,61,0
Held-Cluster4-F,306,6.14,0,-2.98491168,-1.56333673,28.0564747,0.06981347,-0.002731055,21.8711948,0.1783064,0,12,85,0.2905743,0.5971824,41,61,0
Held-Cluster4-F,306,6.14,1,-2.6112504,-1.552539,15.2258959,-0.0619894266,-0.0117276907,21.935461,0.151985779,0,9,85,0.2905743,0.5971824,41,61,0
Held-Cluster4-F,306,6.14,2,-3.196429,-1.27825749,21.52889,0.00126194954,-0.502524,21.8712349,0.08029368,0,10,85,0.2905743,0.5971824,41,61,0
Held-Cluster4-F,306,6.14,3,-2.75686526,-1.20702755,26.57093,-0.0460560545,-0.370119482,14.5474987,0.118450567,0,9,85,0.2905743,0.5971824,41,61,0
Held-Cluster4-F,307,6.16,0,-2.98351288,-1.56339145,28.4948864,0.06755033,-0.00264254212,21.9206123,0.06999358,0,18,85,0.307177573,0.8229509,41,61,0
Held-Cluster4-F,307,6.16,1,-2.60983682,-1.54826355,15.9041882,-0.007259328,-0.00137338042,20.7433987,0.225153387,0,14,85,0.307177573,0.8229509,41,61,0
Held-Cluster4-F,307,6.16,2,-3.19641852,-1.28240573,21.9982643,0.001341816,-0.5343303,22.8133831,0.2074129,0,9,85,0.307177573,0.8229509,41,61,0
Held-Cluster4-F,307,6.16,3,-2.75866,-1.20709515,26.8204,-0.076665014,-0.3704436,21.09451,0.08980437,0,11,85,0.307177573,0.8229509,41,61,0
Held-Cluster4-F,308,6.18,0,-2.97877383,-1.56357682,29.7546711,0.08732876,-0.00341624022,27.2322426,0.237133518,0,12,85,0.275564879,0.555770934,41,61,0
Held-Cluster4-F,308,6.18,1,-2.61044168,-1.552386,16.2869339,-0.0574579723,-0.0108703971,27.37655,0.208331689,0,9,85,0.275564879,0.555770934,41,61,0
Held-Cluster4-F,308,6.18,2,-3.196412,-1.28502452,22.7255917,0.001414001,-0.5630748,27.2438927,0.130939886,0,9,85,0.275564879,0.555770934,41,61,0
Held-Cluster4-F,308,6.18,3,-2.76014113,-1.20529461,27.966011,-0.08543564,-0.368170828,24.136734,0.116570376,0,10,85,0.275564879,0.555770934,41,61,0
Held-Cluster4-F,309,6.2,0,-2.97077966,-1.5638895,23.3725739,0.000432918372,-1.69356354E-05,2.55116963,0.40001443,0,16,85,0.368977219,1.14316261,41,61,0
Held-Cluster4-F,309,6.2,1,-2.61074281,-1.552443,17.5399914,-0.0452358834,-0.008558109,7.79500961,0.0153233325,0,10,85,0.368977219,1.14316261,41,61,0
Held-Cluster4-F,309,6.2,2,-3.19641185,-1.28504992,24.0848961,-9.23872E-07,0.0003511659,67.96521,0.00126963493,0,7,85,0.368977219,1.14316261,41,61,0
Held-Cluster4-F,309,6.2,3,-2.75586438,-1.20369768,28.8217735,0.0479717739,-0.06572429,3.22485137,0.22825858,0,7,85,0.368977219,1.14316261,41,61,0
Held-Cluster4-F,310,6.22,0,-2.993592,-1.56299722,23.7902184,0.030658016,-0.00119931158,-11.3154173,1.14149058,0,8,86,0.466527373,1.18265271,41,61,0
Held-Cluster4-F,310,6.22,1,-2.61010981,-1.55232322,17.1014576,0.0337071,0.00637702644,-21.9266872,0.0322119556,0,11,86,0.466527373,1.18265271,41,61,0
Held-Cluster4-F,310,6.22,2,-3.196434,-1.27628291,20.6972389,0.000155001879,-0.0617287643,50.9225159,0.43835184,0,2,86,0.466527373,1.18265271,41,61,0
Held-Cluster4-F,310,6.22,3,-2.75517058,-1.20816457,28.764246,0.03501176,-0.223384157,-2.87643075,0.226022542,0,7,86,0.466527373,1.18265271,41,61,0
Held-Cluster4-F,311,6.24,0,-2.99086285,-1.56310391,25.8562946,0.04833969,-0.001891017,-2.03626776,0.136563122,0,16,87,0.36202985,1.19273758,41,61,0
Held-Cluster4-F,311,6.24,1,-2.60986352,-1.550785,16.0573235,-0.01060117,-0.002005607,-1.29577684,0.07789339,0,11,87,0.36202985,1.19273758,41,61,0
Held-Cluster4-F,311,6.24,2,-3.19644833,-1.27057374,21.202961,0.0005804021,-0.2311228,30.8636436,0.285459459,0,9,87,0.36202985,1.19273758,41,61,0
Held-Cluster4-F,311,6.24,3,-2.75661922,-1.20873177,27.8249722,0.0503585525,-0.2785162,-1.30496013,0.0777857,0,10,87,0.36202985,1.19273758,41,61,0
Held-Cluster4-F,312,6.25999975,0,-2.98986578,-1.563143,26.1101513,0.04848008,-0.00189650059,12.6928482,0.0498916432,0,18,87,0.2296041,0.502256751,41,61,0
Held-Cluster4-F,312,6.25999975,1,-2.61130548,-1.55254948,15.5256176,-0.0592677072,-0.011212796,5.92371,0.113938831,0,14,87,0.2296041,0.502256751,41,61,0
Held-Cluster4-F,312,6.25999975,2,-3.19644141,-1.27327263,21.27685,0.0008931402,-0.3556588,12.6741934,0.134945363,0,9,87,0.2296041,0.502256751,41,61,0
Held-Cluster4-F,312,6.25999975,3,-2.75837731,-1.20861411,27.2247486,0.0226080865,-0.323371083,5.92490768,0.0881015658,0,11,87,0.2296041,0.502256751,41,61,0
Held-Cluster4-F,313,6.27999973,0,-2.988908,-1.56318045,26.3998547,0.04631167,-0.00181168318,14.4851236,0.04792293,0,18,86,0.2616587,1.18743753,41,61,0
Held-Cluster4-F,313,6.27999973,1,-2.60985279,-1.54977059,15.2349453,-0.0195345469,-0.00369569659,9.634078,0.156784162,0,14,86,0.2616587,1.18743753,41,61,0
Held-Cluster4-F,313,6.27999973,2,-3.196435,-1.27586615,21.3582211,0.00107559189,-0.428313732,14.6034241,0.129676268,0,9,86,0.2616587,1.18743753,41,61,0
Held-Cluster4-F,313,6.27999973,3,-2.7589128,-1.20855129,26.5686054,-0.0178313013,-0.348161131,9.728703,0.0269580372,0,11,86,0.2616587,1.18743753,41,61,0
Held-Cluster4-F,314,6.29999971,0,-2.98543,-1.56331658,27.8581486,0.06451787,-0.002523899,20.3528748,0.174035683,0,14,86,0.230881467,0.739761353,41,61,0
Held-Cluster4-F,314,6.29999971,1,-2.61114979,-1.55251992,15.3032455,-0.06088855,-0.0115194321,17.539854,0.151994929,0,9,86,0.230881467,0.739761353,41,61,0
Held-Cluster4-F,314,6.29999971,2,-3.1964314,-1.27732253,21.6235962,0.00120510161,-0.4798862,20.2615318,0.07281922,0,10,86,0.230881467,0.739761353,41,61,0
Held-Cluster4-F,314,6.29999971,3,-2.759428,-1.20704818,27.05755,-0.0407401063,-0.361909032,15.1341934,0.079448,0,11,86,0.230881467,0.739761353,41,61,0
Held-Cluster4-F,315,6.31999969,0,-2.98411083,-1.56336808,28.2692814,0.063726604,-0.00249296427,20.55668,0.06600874,0,18,85,0.2556541,0.8547125,41,61,0
Held-Cluster4-F,315,6.31999969,1,-2.60983872,-1.5484333,15.8680868,-0.0107729062,-0.00203809142,20.0221577,0.214588553,0,14,85,0.2556541,0.8547125,41,61,0
Held-Cluster4-F,315,6.31999969,2,-3.19642115,-1.28135586,22.0002937,0.001300633,-0.5179283,21.22665,0.201667011,0,9,85,0.2556541,0.8547125,41,61,0
Held-Cluster4-F,315,6.31999969,3,-2.76006317,-1.206824,27.1730919,-0.072177574,-0.366943955,19.161581,0.0336783379,0,11,85,0.2556541,0.8547125,41,61,0
Held-Cluster4-F,316,6.33999968,0,-2.979657,-1.56354237,29.5176945,0.08297533,-0.00324594975,25.8350124,0.222865313,0,12,85,0.227972984,0.5447993,41,61,0
Held-Cluster4-F,316,6.33999968,1,-2.610381,-1.55237448,16.1191826,-0.05771587,-0.0109191835,25.99312,0.198914737,0,9,85,0.227972984,0.5447993,41,61,0
Held-Cluster4-F,316,6.33999968,2,-3.19641471,-1.28395164,22.5763,0.00138485432,-0.5514654,25.8110466,0.129789516,0,9,85,0.227972984,0.5447993,41,61,0
Held-Cluster4-F,316,6.33999968,3,-2.76097369,-1.20533085,28.0810051,-0.08138569,-0.366190135,22.5986671,0.08744118,0,10,85,0.227972984,0.5447993,41,61,0
Held-Cluster4-F,317,6.35999966,0,-2.97273779,-1.563813,23.8034611,0.01784892,-0.000698232558,-3.482459,0.346221745,0,17,86,0.340704471,1.222985,41,61,0
Held-Cluster4-F,317,6.35999966,1,-2.61080027,-1.55245388,17.38406,-0.04491657,-0.008497715,4.16945553,0.0213413611,0,10,86,0.340704471,1.222985,41,61,0
Held-Cluster4-F,317,6.35999966,2,-3.19641542,-1.283657,23.8540516,-4.091859E-05,0.0162831862,63.88761,0.014734312,0,7,86,0.340704471,1.222985,41,61,0
Held-Cluster4-F,317,6.35999966,3,-2.75847578,-1.200926,27.3517323,0.0425105,-0.0315097421,-4.151632,0.253193259,0,8,86,0.340704471,1.222985,41,61,0
Held-Cluster4-F,318,6.37999964,0,-2.994051,-1.56297922,27.9152966,0.021425128,-0.0008381456,1.46986687,1.06647468,0,21,86,0.390435,1.18512535,41,61,0
Held-Cluster4-F,318,6.37999964,1,-2.61135912,-1.55255961,17.40823,-0.0280424543,-0.00530532,1.20855176,0.028438421,0,12,86,0.390435,1.18512535,41,61,0
Held-Cluster4-F,318,6.37999964,2,-3.19640756,-1.28677487,24.6644516,0.0003892444,-0.155004114,40.5199776,0.155896455,0,10,86,0.390435,1.18512535,41,61,0
Held-Cluster4-F,318,6.37999964,3,-2.75409055,-1.201318,27.7336769,0.03284904,-0.21052444,-7.30221939,0.2201363,0,9,86,0.390435,1.18512535,41,61,0
Held-Cluster4-F,319,6.39999962,0,-2.97999239,-1.56352925,21.2386169,4.902987E-05,-1.9185245E-06,-1.13482714,0.7034673,0,16,87,0.402509451,1.26849985,41,61,0
Held-Cluster4-F,319,6.39999962,1,-2.60985017,-1.549519,16.245203,7.73035E-05,0.00736276433,-10.672636,0.1697249,0,11,87,0.402509451,1.26849985,41,61,0
Held-Cluster4-F,319,6.39999962,2,-3.19642854,-1.278394,22.6266136,-6.571412E-06,0.00260971487,25.4528656,0.4190458,0,7,87,0.402509451,1.26849985,41,61,0
Held-Cluster4-F,319,6.39999962,3,-2.75210834,-1.20325136,27.51854,0.100280687,-0.09684096,-10.7568693,0.138446331,0,8,87,0.402509451,1.26849985,41,61,0
Held-Cluster4-F,320,6.42,0,-2.97848129,-1.56358838,23.0069656,0.0261844657,-0.00102432072,-3.85199881,0.0756126642,0,18,87,0.359359831,0.690243363,41,61,0
Held-Cluster4-F,320,6.42,1,-2.61039543,-1.55237734,13.7462072,-0.0483547,-0.009148166,-6.90129757,0.145497113,0,12,87,0.359359831,0.690243363,41,61,0
Held-Cluster4-F,320,6.42,2,-3.19644022,-1.27373838,21.9914532,0.0004699342,-0.187133074,12.7436218,0.23278071,0,10,87,0.359359831,0.690243363,41,61,0
Held-Cluster4-F,320,6.42,3,-2.745507,-1.19686067,27.0248451,0.07814198,-0.227568388,-10.49447,0.459397823,0,12,87,0.359359831,0.690243363,41,61,0
Held-Cluster4-F,321,6.44,0,-2.993742,-1.56299126,23.3693848,0.0210401826,-0.00082308054,5.804289,0.7636187,0,20,87,0.360493422,0.947534859,41,61,0
Held-Cluster4-F,321,6.44,1,-2.61107349,-1.55250561,13.7000971,-0.03368018,-0.00637191534,-2.30551243,0.0345044062,0,14,87,0.360493422,0.947534859,41,61,0
Held-Cluster4-F,321,6.44,2,-3.19644427,-1.27217937,22.1332664,0.0007899944,-0.314584643,5.80430031,0.0779512152,0,10,87,0.360493422,0.947534859,41,61,0
Held-Cluster4-F,321,6.44,3,-2.74459743,-1.20276606,26.91903,0.04605261,-0.2953597,-5.290817,0.298751324,0,10,87,0.360493422,0.947534859,41,61,0
Held-Cluster4-F,322,6.46,0,-2.991409,-1.5630827,25.0174046,0.037814036,-0.00147926807,12.3490877,0.116735853,0,10,86,0.222614691,0.5639023,41,61,0
Held-Cluster4-F,322,6.46,1,-2.60986924,-1.5513401,13.8969173,-0.024611149,-0.004656136,3.509937,0.08379492,0,9,86,0.222614691,0.5639023,41,61,0
Held-Cluster4-F,322,6.46,2,-3.196447,-1.27116132,21.8243961,0.0009838529,-0.3917824,12.2623987,0.050902538,0,9,86,0.222614691,0.5639023,41,61,0
Held-Cluster4-F,322,6.46,3,-2.74644256,-1.20473588,26.1593857,0.0143353073,-0.334349155,3.553685,0.134950384,0,8,86,0.222614691,0.5639023,41,61,0
Held-Cluster4-F,323,6.48,0,-2.988493,-1.56319666,26.356184,0.05678505,-0.00222140551,18.0142441,0.1459162,0,10,87,0.221455276,0.61714226,41,61,0
Held-Cluster4-F,323,6.48,1,-2.61157322,-1.55260015,14.2346706,-0.06332668,-0.0119807124,11.90366,0.1059628,0,9,87,0.221455276,0.61714226,41,61,0
Held-Cluster4-F,323,6.48,2,-3.19644284,-1.27273846,21.707077,0.00112014636,-0.446055651,17.93106,0.0788572058,0,9,87,0.221455276,0.61714226,41,61,0
Held-Cluster4-F,323,6.48,3,-2.74911165,-1.2060895,25.5103378,-0.0175346546,-0.3583856,12.2583952,0.149635926,0,8,87,0.221455276,0.61714226,41,61,0
Held-Cluster4-F,324,6.5,0,-2.987328,-1.5632422,26.7378,0.056180805,-0.00219777226,19.080801,0.05829015,0,16,86,0.281901151,0.718053937,41,61,0
Held-Cluster4-F,324,6.5,1,-2.60985065,-1.54957736,14.0635786,-0.014033217,-0.00265491,16.2586021,0.173957765,0,14,86,0.281901151,0.718053937,41,61,0
Held-Cluster4-F,324,6.5,2,-3.196432,-1.27701974,21.8457813,0.001225628,-0.48806107,19.3218269,0.2140648,0,9,86,0.281901151,0.718053937,41,61,0
Held-Cluster4-F,324,6.5,3,-2.75138474,-1.20622921,25.7727432,-0.0526496619,-0.367608845,16.4527874,0.113868624,0,9,86,0.281901151,0.718053937,41,61,0
Held-Cluster4-F,325,6.52,0,-2.983635,-1.56338668,28.2373753,0.07450316,-0.00291451812,23.798193,0.184796453,0,11,85,0.278588235,0.6998376,41,61,0
Held-Cluster4-F,325,6.52,1,-2.611106,-1.55251169,15.1003838,-0.0597960763,-0.011312753,23.8357811,0.1595779,0,9,85,0.278588235,0.6998376,41,61,0
Held-Cluster4-F,325,6.52,2,-3.196426,-1.27948236,22.0665035,0.00132060051,-0.5258788,23.7981815,0.12313167,0,10,85,0.278588235,0.6998376,41,61,0
Held-Cluster4-F,325,6.52,3,-2.75407672,-1.20588219,26.2039814,-0.06453008,-0.3675534,18.8129539,0.135712937,0,8,85,0.278588235,0.6998376,41,61,0
Held-Cluster4-F,326,6.54,0,-2.98444176,-1.56335521,28.1345215,0.07289187,-0.002851516,25.1255417,0.0403711,0,19,85,0.2798952,0.7646884,41,61,0
Held-Cluster4-F,326,6.54,1,-2.60986686,-1.55110633,15.581625,-0.00437901169,-0.000828444958,24.2131939,0.09367905,0,15,85,0.2798952,0.7646884,41,61,0
Held-Cluster4-F,326,6.54,2,-3.196415,-1.28388953,22.46593,0.0013858676,-0.551870346,24.9076843,0.220359057,0,9,85,0.2798952,0.7646884,41,61,0
Held-Cluster4-F,326,6.54,3,-2.75665832,-1.21022856,26.4235554,-0.08922312,-0.3698002,23.022644,0.252762616,0,11,85,0.2798952,0.7646884,41,61,0
Held-Cluster4-F,327,6.56,0,-2.97957683,-1.56354547,29.6327858,0.09041579,-0.003537029,29.98841,0.243432492,0,12,85,0.266995,0.647481859,41,61,0
Held-Cluster4-F,327,6.56,1,-2.61107516,-1.55250585,15.8518171,-0.05681666,-0.0107490718,30.1244411,0.09244796,0,9,85,0.266995,0.647481859,41,61,0
Held-Cluster4-F,327,6.56,2,-3.19640946,-1.28601348,22.88984,0.00144718587,-0.5762883,29.9136581,0.106197946,0,9,85,0.266995,0.647481859,41,61,0
Held-Cluster4-F,327,6.56,3,-2.75746655,-1.20813191,27.6609535,-0.09106808,-0.369782329,25.6235218,0.11235217,0,10,85,0.266995,0.647481859,41,61,0
Held-Cluster4-F,328,6.58,0,-2.97466,-1.56373775,30.7377167,0.0869647339,-0.00340199471,28.366785,0.246033236,0,14,85,0.275625229,0.693794847,41,61,0
Held-Cluster4-F,328,6.58,1,-2.609821,-1.546761,16.2352753,1.9306317E-05,0.00183885021,28.4388027,0.2940052,0,10,85,0.275625229,0.693794847,41,61,0
Held-Cluster4-F,328,6.58,2,-3.19640136,-1.289261,23.6376324,0.00149090588,-0.5936999,28.858284,0.16237548,0,8,85,0.275625229,0.693794847,41,61,0
Held-Cluster4-F,328,6.58,3,-2.759211,-1.20934784,28.4890251,-0.110868365,-0.371086419,28.9447823,0.106322721,0,12,85,0.275625229,0.693794847,41,61,0
Held-Cluster4-F,329,6.6,0,-2.97253036,-1.56382108,31.425869,0.102715619,-0.00401818752,34.40767,0.106559217,0,19,85,0.284116566,0.654488,41,61,0
Held-Cluster4-F,329,6.6,1,-2.60988379,-1.552736,16.33107,-0.00297573954,-0.2834337,34.407383,0.298766881,0,15,85,0.284116566,0.654488,41,61,0
Held-Cluster4-F,329,6.6,2,-3.19638968,-1.29390585,24.3034821,0.00153521448,-0.6113439,35.3267136,0.232244283,0,9,85,0.284116566,0.654488,41,61,0
Held-Cluster4-F,329,6.6,3,-2.75960612,-1.20415413,30.0026169,-0.1134181,-0.375830561,34.25021,0.2604357,0,11,85,0.284116566,0.654488,41,61,0
Held-Cluster4-F,330,6.62,0,-2.98648572,-1.56327522,20.4270554,0.0295906663,-0.00115755945,-4.908512,0.6983013,0,8,85,0.4888307,1.51019955,41,61,0
Held-Cluster4-F,330,6.62,1,-2.60987687,-1.55206919,16.5791149,0.000133678317,0.01273234,10.2941322,0.03334463,0,9,85,0.4888307,1.51019955,41,61,0
Held-Cluster4-F,330,6.62,2,-3.19642067,-1.28160536,24.0999165,0.0002464801,-0.09816113,47.519455,0.615026534,0,4,85,0.4888307,1.51019955,41,61,0
Held-Cluster4-F,330,6.62,3,-2.76103473,-1.21381581,30.5502281,-0.07441391,-0.482788742,27.3805161,0.488336116,0,7,85,0.4888307,1.51019955,41,61,0
Held-Cluster4-F,331,6.64,0,-2.9871552,-1.563249,25.8772068,-0.000108334236,4.23193E-06,1.10717869,0.0334996432,0,19,86,0.4767197,1.01943862,41,61,0
Held-Cluster4-F,331,6.64,1,-2.6118598,-1.55265427,15.0121431,-0.06382423,-0.0120748281,22.6160774,0.103372127,0,13,86,0.4767197,1.01943862,41,61,0
Held-Cluster4-F,331,6.64,2,-3.19644737,-1.2709589,21.9623184,0.0007439144,-0.296237022,16.6831341,0.5323248,0,10,86,0.4767197,1.01943862,41,61,0
Held-Cluster4-F,331,6.64,3,-2.75150466,-1.20367837,30.8099041,-0.0255584866,-0.35825035,1.18344891,0.6956828,0,12,86,0.4767197,1.01943862,41,61,0
Held-Cluster4-F,332,6.66,0,-2.984957,-1.56333506,26.5228634,0.0149896843,-0.0005864203,11.0933189,0.109995179,0,10,87,0.343189448,0.7717998,41,61,0
Held-Cluster4-F,332,6.66,1,-2.60984874,-1.54939187,14.7183475,-0.0405959561,-0.007680297,11.3415451,0.191622168,0,8,87,0.343189448,0.7717998,41,61,0
Held-Cluster4-F,332,6.66,2,-3.196443,-1.27269232,21.97959,0.000975333154,-0.388391554,10.99545,0.08667138,0,9,87,0.343189448,0.7717998,41,61,0
Held-Cluster4-F,332,6.66,3,-2.75493073,-1.20221281,30.2022877,-0.05729829,-0.370836675,13.5493174,0.186318636,0,7,87,0.343189448,0.7717998,41,61,0
Held-Cluster4-F,333,6.68,0,-2.982367,-1.56343639,27.3017578,0.0346187167,-0.00135427713,15.0507813,0.129596129,0,11,86,0.281156123,0.655008852,41,61,0
Held-Cluster4-F,333,6.68,1,-2.61099577,-1.55249083,14.4560184,-0.0624043643,-0.01180622,14.252305,0.165221557,0,8,86,0.281156123,0.655008852,41,61,0
Held-Cluster4-F,333,6.68,2,-3.19643474,-1.275951,22.11472,0.00115711242,-0.460778624,16.1625557,0.1629358,0,9,86,0.281156123,0.655008852,41,61,0
Held-Cluster4-F,333,6.68,3,-2.75886631,-1.20218611,29.0783558,-0.0619907044,-0.36048314,14.2595921,0.196783319,0,8,86,0.281156123,0.655008852,41,61,0
Held-Cluster4-F,334,6.7,0,-2.97938466,-1.563553,28.23528,0.0470262952,-0.00183966756,18.80184,0.1492328,0,13,85,0.264953017,0.7845659,41,61,0
Held-Cluster4-F,334,6.7,1,-2.60983634,-1.54821062,14.9338455,-0.0285756271,-0.005406171,17.7142181,0.221723214,0,8,85,0.264953017,0.7845659,41,61,0
Held-Cluster4-F,334,6.7,2,-3.1964252,-1.27973306,22.31251,0.00126438588,-0.503493667,18.89656,0.1891023,0,9,85,0.264953017,0.7845659,41,61,0
Held-Cluster4-F,334,6.7,3,-2.7609973,-1.20401716,28.5313931,-0.08061224,-0.364881366,17.9542923,0.140480071,0,10,85,0.264953017,0.7845659,41,61,0
Held-Cluster4-F,335,6.72,0,-2.97799587,-1.56360734,28.7229462,0.06677588,-0.00261223316,24.3834743,0.069492586,0,19,84,0.294258147,0.8072042,41,61,0
Held-Cluster4-F,335,6.72,1,-2.610006,-1.55230355,15.7970867,-0.0587010048,-0.0111055672,23.2033081,0.204822525,0,15,84,0.294258147,0.8072042,41,61,0
Held-Cluster4-F,335,6.72,2,-3.196413,-1.28464472,22.7261162,0.00135432184,-0.5393081,24.90969,0.2455838,0,9,84,0.294258147,0.8072042,41,61,0
Held-Cluster4-F,335,6.72,3,-2.76105142,-1.20253277,28.326437,-0.08947428,-0.3681914,23.4010315,0.07426902,0,11,84,0.294258147,0.8072042,41,61,0
Held-Cluster4-F,336,6.74,0,-2.97109437,-1.56387734,23.1387463,-0.000114383642,4.47430648E-06,2.54164624,0.345339119,0,16,85,0.329703331,0.8914182,41,61,0
Held-Cluster4-F,336,6.74,1,-2.61056948,-1.55241024,16.8429661,-0.04583691,-0.00867182,5.92698145,0.0286698341,0,7,85,0.329703331,0.8914182,41,61,0
Held-Cluster4-F,336,6.74,2,-3.1964128,-1.28468192,24.0500526,6.70552254E-07,-0.000274229038,66.19684,0.0018597031,0,7,85,0.329703331,0.8914182,41,61,0
Held-Cluster4-F,336,6.74,3,-2.75696325,-1.20098364,29.1788826,0.04585366,-0.063394,3.17059565,0.218591332,0,4,85,0.329703331,0.8914182,41,61,0
Held-Cluster4-F,337,6.75999975,0,-2.978099,-1.56360328,23.3410721,0.02554732,-0.000999406,-2.60278773,0.350504875,0,20,86,0.362409085,1.02496231,41,61,0
Held-Cluster4-F,337,6.75999975,1,-2.611026,-1.55249667,16.79105,-0.0225854814,-0.004272908,-2.59583855,0.0232339837,0,13,86,0.362409085,1.02496231,41,61,0
Held-Cluster4-F,337,6.75999975,2,-3.19640326,-1.28849113,24.562397,0.000476852059,-0.189893827,25.6172,0.190461278,0,9,86,0.362409085,1.02496231,41,61,0
Held-Cluster4-F,337,6.75999975,3,-2.75334072,-1.19943082,29.2412529,0.0349942222,-0.222313508,-2.2968204,0.1970659,0,10,86,0.362409085,1.02496231,41,61,0
Held-Cluster4-F,338,6.77999973,0,-2.98768115,-1.56322849,20.1455917,0.0242287144,-0.0009478051,-6.871389,0.4794685,0,6,86,0.370604932,1.41278458,41,61,0
Held-Cluster4-F,338,6.77999973,1,-2.61021924,-1.552344,16.5122032,0.04165168,0.007880077,-13.9424219,0.0410566479,0,6,86,0.370604932,1.41278458,41,61,0
Held-Cluster4-F,338,6.77999973,2,-3.19643426,-1.27611625,24.02854,0.000118881464,-0.0473450571,21.11115,0.618745863,0,3,86,0.370604932,1.41278458,41,61,0
Held-Cluster4-F,338,6.77999973,3,-2.75313377,-1.20537055,29.3333988,0.009851156,-0.296930671,4.607315,0.297166318,0,5,86,0.370604932,1.41278458,41,61,0
Held-Cluster4-F,339,6.79999971,0,-2.98747778,-1.56323636,23.174654,0.007846592,-0.000306963921,0.8397487,0.0101761594,0,18,87,0.287476778,0.648149967,41,61,0
Held-Cluster4-F,339,6.79999971,1,-2.6098628,-1.55073643,14.5491533,-0.00192799792,-0.000364750624,4.75822353,0.08232895,0,12,87,0.287476778,0.648149967,41,61,0
Held-Cluster4-F,339,6.79999971,2,-3.19645333,-1.26859188,24.1415462,0.0005986523,-0.238389537,16.8614311,0.376219779,0,9,87,0.287476778,0.648149967,41,61,0
Held-Cluster4-F,339,6.79999971,3,-2.74950838,-1.20259178,29.0441818,0.0312325153,-0.310526,2.71043682,0.22839126,0,11,87,0.287476778,0.648149967,41,61,0
Held-Cluster4-F,340,6.81999969,0,-2.98507929,-1.56333017,23.9049358,0.0315420926,-0.00123390555,12.5429907,0.120016262,0,13,86,0.227602243,0.767206967,41,61,0
Held-Cluster4-F,340,6.81999969,1,-2.611395,-1.55256641,14.350584,-0.0617111,-0.01167503,10.120388,0.11933247,0,8,86,0.227602243,0.767206967,41,61,0
Held-Cluster4-F,340,6.81999969,2,-3.19645071,-1.2695998,24.4775238,0.00090072304,-0.3586798,9.747747,0.0503959,0,9,86,0.227602243,0.767206967,41,61,0
Held-Cluster4-F,340,6.81999969,3,-2.75189042,-1.20318937,27.90559,0.009408939,-0.334278375,2.28087187,0.12279287,0,10,86,0.227602243,0.767206967,41,61,0
Held-Cluster4-F,341,6.83999968,0,-2.9825542,-1.563429,24.6174641,0.03662483,-0.00143277645,15.4518385,0.126351222,0,13,86,0.231568441,0.9356259,41,61,0
Held-Cluster4-F,341,6.83999968,1,-2.60985017,-1.54952943,14.06946,-0.02585439,-0.00489136577,10.80207,0.170362577,0,9,86,0.231568441,0.9356259,41,61,0
Held-Cluster4-F,341,6.83999968,2,-3.1964438,-1.27237535,24.8046837,0.00107163191,-0.426738024,11.578618,0.138777927,0,9,86,0.231568441,0.9356259,41,61,0
Held-Cluster4-F,341,6.83999968,3,-2.753732,-1.20417333,26.9805317,-0.0303580351,-0.356421173,10.80334,0.104396515,0,11,86,0.231568441,0.9356259,41,61,0
Held-Cluster4-F,342,6.85999966,0,-2.9797802,-1.56353748,25.4726067,0.05499976,-0.00215157866,22.5445175,0.13880603,0,13,86,0.180170745,0.5008636,41,61,0
Held-Cluster4-F,342,6.85999966,1,-2.61101627,-1.55249476,13.886508,-0.061914023,-0.0117134452,18.1931343,0.15931879,0,9,86,0.180170745,0.5008636,41,61,0
Held-Cluster4-F,342,6.85999966,2,-3.196435,-1.27591276,25.2386131,0.001201272,-0.478362322,16.9104881,0.176871374,0,9,86,0.180170745,0.5008636,41,61,0
Held-Cluster4-F,342,6.85999966,3,-2.75404739,-1.2023468,27.0973167,-0.0530491769,-0.367202371,17.3285675,0.09267803,0,11,86,0.180170745,0.5008636,41,61,0
Held-Cluster4-F,343,6.87999964,0,-2.97666812,-1.56365931,26.370718,0.0595951229,-0.00233134627,21.3569889,0.15572308,0,14,86,0.282376051,0.868420362,41,61,0
Held-Cluster4-F,343,6.87999964,1,-2.60983658,-1.54822946,13.690937,-0.01502518,-0.00284257531,19.496973,0.2212721,0,9,86,0.282376051,0.868420362,41,61,0
Held-Cluster4-F,343,6.87999964,2,-3.196425,-1.279876,25.741539,0.00130229443,-0.5185902,21.357,0.198162228,0,10,86,0.282376051,0.868420362,41,61,0
Held-Cluster4-F,343,6.87999964,3,-2.754251,-1.20154536,26.8739166,-0.0784049556,-0.368090153,20.0851154,0.0413451754,0,11,86,0.282376051,0.868420362,41,61,0
Held-Cluster4-F,344,6.89999962,0,-2.97316,-1.56379652,27.6552715,0.09023574,-0.00352996588,14.4922752,0.175538659,0,12,86,0.28478083,0.8100394,41,61,0
Held-Cluster4-F,344,6.89999962,1,-2.610261,-1.55235183,14.9969625,-0.0613872744,-0.0116137862,20.1353683,0.207208171,0,9,86,0.28478083,0.8100394,41,61,0
Held-Cluster4-F,344,6.89999962,2,-3.19641781,-1.282675,25.40569,0.0136092911,-0.475945681,7.81477833,0.139952168,0,10,86,0.28478083,0.8100394,41,61,0
Held-Cluster4-F,344,6.89999962,3,-2.75358558,-1.20000088,26.9726715,-0.0495975874,-0.368193328,21.0933056,0.08408622,0,10,86,0.28478083,0.8100394,41,61,0
Held-Cluster4-F,345,6.92,0,-2.97807813,-1.563604,27.3205242,0.077709116,-0.00303992629,13.8666115,0.246093258,0,20,86,0.2537399,0.581861734,41,61,0
Held-Cluster4-F,345,6.92,1,-2.60985756,-1.55021763,14.74087,-0.00229088217,-0.000433385372,14.3690071,0.108599745,0,14,86,0.2537399,0.581861734,41,61,0
Held-Cluster4-F,345,6.92,2,-3.19640875,-1.2862829,25.104826,0.0122312382,-0.464145273,10.6154327,0.180394039,0,11,86,0.2537399,0.581861734,41,61,0
Held-Cluster4-F,345,6.92,3,-2.7543838,-1.2060945,27.0371838,-0.0273854639,-0.3702472,14.368988,0.307284027,0,10,86,0.2537399,0.581861734,41,61,0
Held-Cluster4-F,346,6.94,0,-2.97399354,-1.56376386,29.1610184,0.086508505,-0.003384143,22.4095078,0.2043857,0,12,86,0.219385684,0.601226866,41,61,0
Held-Cluster4-F,346,6.94,1,-2.61070967,-1.55243671,14.7834406,-0.06040053,-0.0114271045,18.2856846,0.118852936,0,9,86,0.219385684,0.601226866,41,61,0
Held-Cluster4-F,346,6.94,2,-3.19640541,-1.28759944,24.8869247,0.00129264593,-0.514747262,22.409502,0.06582758,0,9,86,0.219385684,0.601226866,41,61,0
Held-Cluster4-F,346,6.94,3,-2.75368047,-1.20333171,27.7987251,-0.0409222767,-0.3652624,19.12724,0.142545715,0,10,86,0.219385684,0.601226866,41,61,0
Held-Cluster4-F,347,6.96,0,-2.98541737,-1.563317,19.2754,0.03409087,-0.00133360364,-6.58275938,0.5716283,0,6,86,0.3652825,1.23723817,41,61,0
Held-Cluster4-F,347,6.96,1,-2.609991,-1.55230081,15.1015673,0.042904105,0.00811702,13.9449167,0.0365665555,0,9,86,0.3652825,1.23723817,41,61,0
Held-Cluster4-F,347,6.96,2,-3.19642568,-1.27955139,24.4644966,0.000177308917,-0.07061495,48.28621,0.40240413,0,3,86,0.3652825,1.23723817,41,61,0
Held-Cluster4-F,347,6.96,3,-2.75514,-1.21074021,28.260994,-0.07548783,-0.3700769,23.1134911,0.377545685,0,8,86,0.3652825,1.23723817,41,61,0
Held-Cluster4-F,348,6.98,0,-2.98640966,-1.5632782,25.2791481,0.0134269306,-0.000525265932,1.02175415,0.0496527068,0,18,87,0.428979754,0.8246352,41,61,0
Held-Cluster4-F,348,6.98,1,-2.60986114,-1.55057275,13.9835453,2.32467428E-05,0.00221417518,23.7618427,0.08664682,0,13,87,0.428979754,0.8246352,41,61,0
Held-Cluster4-F,348,6.98,2,-3.196453,-1.26868963,22.32735,0.000675264746,-0.268900067,18.9427452,0.543089449,0,9,87,0.428979754,0.8246352,41,61,0
Held-Cluster4-F,348,6.98,3,-2.74639869,-1.20189428,28.54353,-0.0164076276,-0.321677774,3.44298172,0.6218161,0,12,87,0.428979754,0.8246352,41,61,0
Held-Cluster4-F,349,7,0,-2.98399162,-1.56337285,25.8852234,0.0421349667,-0.00164830685,15.5109053,0.120994657,0,10,86,0.296590537,0.517123461,41,61,0
Held-Cluster4-F,349,7,1,-2.611292,-1.55254686,13.9178915,-0.06156545,-0.0116474926,15.8706827,0.121903025,0,8,86,0.296590537,0.517123461,41,61,0
Held-Cluster4-F,349,7,2,-3.19644737,-1.27092457,22.4638348,0.0009370595,-0.373149723,15.3736362,0.111747153,0,9,86,0.296590537,0.517123461,41,61,0
Held-Cluster4-F,349,7,3,-2.74991441,-1.2025367,27.60488,-0.0428700447,-0.361435831,16.81513,0.178696617,0,7,86,0.296590537,0.517123461,41,61,0
Held-Cluster4-F,350,7.02,0,-2.98152566,-1.56346929,26.54186,0.0393904224,-0.00154095888,15.1285858,0.123392418,0,10,86,0.2956704,0.941696346,41,61,0
Held-Cluster4-F,350,7.02,1,-2.60984421,-1.54896629,13.6860294,-0.0325129256,-0.00615105033,13.3733807,0.193107828,0,9,86,0.2956704,0.941696346,41,61,0
Held-Cluster4-F,350,7.02,2,-3.19643784,-1.27475262,22.60914,0.00114657357,-0.456580371,15.2465343,0.191403031,0,9,86,0.2956704,0.941696346,41,61,0
Held-Cluster4-F,350,7.02,3,-2.75226116,-1.20307231,26.6642628,-0.056298092,-0.35380125,13.541997,0.120354995,0,8,86,0.2956704,0.941696346,41,61,0
Held-Cluster4-F,351,7.04,0,-2.97845984,-1.5635891,27.3807869,0.05759656,-0.002253145,20.5136642,0.153408229,0,11,86,0.241428569,0.9120164,41,61,0
Held-Cluster4-F,351,7.04,1,-2.61075115,-1.55244458,14.5666351,-0.0602149926,-0.0113919973,19.7712,0.179729238,0,9,86,0.241428569,0.9120164,41,61,0
Held-Cluster4-F,351,7.04,2,-3.19642735,-1.27885783,22.8726425,0.00125874579,-0.5012471,20.6950912,0.2052612,0,9,86,0.241428569,0.9120164,41,61,0
Held-Cluster4-F,351,7.04,3,-2.75475264,-1.20260835,27.0958939,-0.07021315,-0.3620803,18.32166,0.126715288,0,9,86,0.241428569,0.9120164,41,61,0
Held-Cluster4-F,352,7.06,0,-2.97236085,-1.56382775,22.75879,0.00463896245,-0.0001814724,0.8726639,0.305182666,0,16,86,0.273301572,0.7703032,41,61,0
Held-Cluster4-F,352,7.06,1,-2.60984683,-1.54921412,16.2275524,0.000143125653,0.0136325965,0.937743664,0.16773209,0,10,86,0.273301572,0.7703032,41,61,0
Held-Cluster4-F,352,7.06,2,-3.196414,-1.28419054,23.7305679,-6.13927841E-06,0.0024301284,63.08319,0.266636252,0,7,86,0.273301572,0.7703032,41,61,0
Held-Cluster4-F,352,7.06,3,-2.75227523,-1.204614,27.9606514,0.05955285,-0.07127409,-0.972041249,0.159376636,0,7,86,0.273301572,0.7703032,41,61,0
Held-Cluster4-F,353,7.08,0,-2.97057176,-1.56389773,24.5606861,0.0435384065,-0.00170320272,-2.542388,0.0895230547,0,13,87,0.3541351,0.789306,41,61,0
Held-Cluster4-F,353,7.08,1,-2.610079,-1.55231738,13.110774,-0.04314517,-0.008162573,-1.99223983,0.155596644,0,9,87,0.3541351,0.789306,41,61,0
Held-Cluster4-F,353,7.08,2,-3.19642544,-1.279704,23.61474,0.000473093241,-0.188392624,31.5683155,0.224328771,0,9,87,0.3541351,0.789306,41,61,0
Held-Cluster4-F,353,7.08,3,-2.744103,-1.19406271,27.8493385,0.0506465137,-0.2174611,-1.83739114,0.667301834,0,11,87,0.3541351,0.789306,41,61,0
Held-Cluster4-F,354,7.1,0,-2.993413,-1.56300426,24.970377,0.03811363,-0.00149098039,7.01254272,1.1429342,0,20,87,0.3756589,1.237744,41,61,0
Held-Cluster4-F,354,7.1,1,-2.610493,-1.55239582,13.1439333,-0.0208374821,-0.0039421916,1.65800309,0.021063095,0,13,87,0.3756589,1.237744,41,61,0
Held-Cluster4-F,354,7.1,2,-3.19643164,-1.2772404,23.7158661,0.0008050129,-0.320566952,12.1918354,0.123179346,0,10,87,0.3756589,1.237744,41,61,0
Held-Cluster4-F,354,7.1,3,-2.74363756,-1.19990933,27.8843861,0.0230743252,-0.29230988,1.75238752,0.293255657,0,9,87,0.3756589,1.237744,41,61,0
Held-Cluster4-F,355,7.12,0,-2.992398,-1.563044,25.269043,0.04912723,-0.00192183256,14.9333324,0.0507861972,0,14,87,0.221373916,0.593803,41,61,0
Held-Cluster4-F,355,7.12,1,-2.60986423,-1.55085683,13.5074835,-0.009266101,-0.00175303221,8.482854,0.08312298,0,12,87,0.221373916,0.593803,41,61,0
Held-Cluster4-F,355,7.12,2,-3.19643164,-1.27722359,23.0180054,0.001008559,-0.401620746,15.1347446,0.0008404255,0,9,87,0.221373916,0.593803,41,61,0
Held-Cluster4-F,355,7.12,3,-2.74575353,-1.201788,27.1120625,-0.00502252346,-0.335995167,9.032402,0.141478956,0,7,87,0.221373916,0.593803,41,61,0
Held-Cluster4-F,356,7.14,0,-2.98900318,-1.56317675,27.3748417,0.06795174,-0.00265821815,20.5529156,0.169871941,0,9,86,0.2782899,1.09581137,41,61,0
Held-Cluster4-F,356,7.14,1,-2.61144876,-1.55257654,14.0687037,-0.0619174652,-0.011714071,17.0207233,0.116920367,0,9,86,0.2782899,1.09581137,41,61,0
Held-Cluster4-F,356,7.14,2,-3.19643259,-1.27683246,21.9794388,0.001144547,-0.455773324,20.40998,0.0195563417,0,8,86,0.2782899,1.09581137,41,61,0
Held-Cluster4-F,356,7.14,3,-2.748644,-1.20361936,26.5056362,-0.0348852351,-0.363871574,17.2709084,0.171096191,0,8,86,0.2782899,1.09581137,41,61,0
Held-Cluster4-F,357,7.16,0,-2.985129,-1.56332827,28.3799362,0.06339526,-0.00248000026,20.1871281,0.193851277,0,9,87,0.222928137,0.5574392,41,61,0
Held-Cluster4-F,357,7.16,1,-2.60984874,-1.54938328,14.8109322,-0.0057345815,-0.001084894,20.2713585,0.178584665,0,9,87,0.222928137,0.5574392,41,61,0
Held-Cluster4-F,357,7.16,2,-3.19642782,-1.27873766,21.85892,0.00124546885,-0.4959619,20.0961037,0.09526044,0,8,87,0.222928137,0.5574392,41,61,0
Held-Cluster4-F,357,7.16,3,-2.75123286,-1.20610249,25.9967155,-0.07320011,-0.374025166,21.158144,0.179356858,0,8,87,0.222928137,0.5574392,41,61,0
Held-Cluster4-F,358,7.18,0,-2.98351479,-1.56339145,28.89836,0.07787343,-0.00304636359,25.9212151,0.0807784051,0,18,86,0.294461161,0.8899689,41,61,0
Held-Cluster4-F,358,7.18,1,-2.61079884,-1.55245352,15.5961962,-0.0588942543,-0.0111421347,25.9208088,0.160694063,0,14,86,0.294461161,0.8899689,41,61,0
Held-Cluster4-F,358,7.18,2,-3.196417,-1.28296089,22.36927,0.00135282427,-0.538711548,26.62647,0.21116206,0,9,86,0.294461161,0.8899689,41,61,0
Held-Cluster4-F,358,7.18,3,-2.753899,-1.20562339,26.6744518,-0.0736112446,-0.368503749,21.81039,0.135446921,0,11,86,0.294461161,0.8899689,41,61,0
Held-Cluster4-F,359,7.2,0,-2.9856813,-1.56330669,19.1545944,0.103386514,-0.00404438,-30.6738167,0.108408347,0,5,86,0.366985232,1.17893648,41,61,0
Held-Cluster4-F,359,7.2,1,-2.61006975,-1.55231571,15.9084377,0.07175124,0.0135745853,6.62856,0.0370996632,0,9,86,0.366985232,1.17893648,41,61,0
Held-Cluster4-F,359,7.2,2,-3.19642663,-1.27920747,23.4036751,0.000453591347,-0.1806284,114.053963,0.1876718,0,2,86,0.366985232,1.17893648,41,61,0
Held-Cluster4-F,359,7.2,3,-2.75576663,-1.2130034,27.183672,-0.09613474,-0.368563652,25.4609776,0.380631745,0,8,86,0.366985232,1.17893648,41,61,0
Held-Cluster4-F,360,7.22,0,-2.985023,-1.56333244,25.56602,0.08335425,-0.0032607615,13.464366,0.0329388566,0,19,87,0.409524,0.8996552,41,61,0
Held-Cluster4-F,360,7.22,1,-2.60985923,-1.55037868,14.0717192,9.763613E-05,0.00929946452,17.427248,0.09742192,0,13,87,0.409524,0.8996552,41,61,0
Held-Cluster4-F,360,7.22,2,-3.19644761,-1.27087379,22.3486748,0.0009428561,-0.3754614,38.97776,0.416685462,0,10,87,0.409524,0.8996552,41,61,0
Held-Cluster4-F,360,7.22,3,-2.74440718,-1.20255053,27.881628,0.009281887,-0.316883951,12.0121326,0.7718478,0,12,87,0.409524,0.8996552,41,61,0
Held-Cluster4-F,361,7.24,0,-2.98146129,-1.56347167,26.4124069,0.0866077244,-0.00338804722,24.0715,0.178222775,0,10,86,0.313977838,0.7877922,41,61,0
Held-Cluster4-F,361,7.24,1,-2.61120749,-1.55253088,13.8904152,-0.0575184934,-0.0108818412,18.139719,0.1269821,0,9,86,0.313977838,0.7877922,41,61,0
Held-Cluster4-F,361,7.24,2,-3.19643855,-1.27442336,22.6672,0.00114987418,-0.457893431,23.9298973,0.177479371,0,9,86,0.313977838,0.7877922,41,61,0
Held-Cluster4-F,361,7.24,3,-2.74761486,-1.20214367,26.8903084,-0.0185371488,-0.342769,18.2216377,0.16166918,0,8,86,0.313977838,0.7877922,41,61,0
Held-Cluster4-F,362,7.25999975,0,-2.9782002,-1.56359923,27.2309589,0.07463011,-0.0029194653,21.4092216,0.163179144,0,10,86,0.262576,0.6165415,41,61,0
Held-Cluster4-F,362,7.25999975,1,-2.60983658,-1.5482198,14.2742891,1.06017105E-05,0.00100972468,19.9678612,0.226190388,0,9,86,0.262576,0.6165415,41,61,0
Held-Cluster4-F,362,7.25999975,2,-3.19642782,-1.2786895,22.9492912,0.00126918033,-0.5054043,21.41819,0.213307828,0,9,86,0.262576,0.6165415,41,61,0
Held-Cluster4-F,362,7.25999975,3,-2.749756,-1.20337772,26.36925,-0.057576105,-0.357982129,19.360157,0.1235697,0,8,86,0.262576,0.6165415,41,61,0
Held-Cluster4-F,363,7.27999973,0,-2.976362,-1.56367123,27.7699738,0.0889713,-0.003480494,26.9507465,0.0919808447,0,19,86,0.258815825,0.6229603,41,61,0
Held-Cluster4-F,363,7.27999973,1,-2.61048269,-1.55239379,14.9461,-0.05754938,-0.0108876824,26.8639736,0.211185291,0,15,86,0.258815825,0.6229603,41,61,0
Held-Cluster4-F,363,7.27999973,2,-3.19641447,-1.28406668,23.19901,0.00136749446,-0.544553,27.6158,0.2688595,0,9,86,0.258815825,0.6229603,41,61,0
Held-Cluster4-F,363,7.27999973,3,-2.75212288,-1.20206618,27.1450768,-0.0685563162,-0.362994432,22.3041744,0.135294065,0,11,86,0.258815825,0.6229603,41,61,0
Held-Cluster4-F,364,7.29999971,0,-2.97186828,-1.56384706,24.4019375,0.00717266742,-0.000280587934,0.339721441,0.224857613,0,17,86,0.278434664,0.7066899,41,61,0
Held-Cluster4-F,364,7.29999971,1,-2.61089754,-1.55247223,16.250536,-0.0471915081,-0.008928105,8.443513,0.0211099461,0,12,86,0.278434664,0.7066899,41,61,0
Held-Cluster4-F,364,7.29999971,2,-3.19640923,-1.28611672,24.9810734,-3.48687172E-06,0.00137604377,59.96338,0.10250245,0,8,86,0.278434664,0.7066899,41,61,0
Held-Cluster4-F,364,7.29999971,3,-2.75010371,-1.20434439,27.95744,0.05703272,-0.0650585443,0.44166854,0.152210966,0,9,86,0.278434664,0.7066899,41,61,0
Held-Cluster4-F,365,7.31999969,0,-2.97022223,-1.56391144,26.2648163,0.0215311535,-0.000842303038,-1.11539423,0.0823650062,0,14,87,0.3167174,0.6967294,41,61,0
Held-Cluster4-F,365,7.31999969,1,-2.61056066,-1.55240858,12.7879791,-0.04499333,-0.008512229,-1.24487615,0.0171423536,0,8,87,0.3167174,0.6967294,41,61,0
Held-Cluster4-F,365,7.31999969,2,-3.19642162,-1.28116715,25.254097,0.000434998423,-0.173222736,39.15365,0.24747926,0,10,87,0.3167174,0.6967294,41,61,0
Held-Cluster4-F,365,7.31999969,3,-2.74552941,-1.19621944,27.0842323,0.0307528526,-0.223384276,-4.59037733,0.4662054,0,10,87,0.3167174,0.6967294,41,61,0
Held-Cluster4-F,366,7.33999968,0,-2.99366951,-1.56299412,24.7997475,0.030084366,-0.00117689371,3.7986598,1.17326069,0,20,86,0.364912957,1.10612941,41,61,0
Held-Cluster4-F,366,7.33999968,1,-2.611173,-1.55252433,12.8264742,-0.0307932384,-0.005825728,1.92475653,0.0311552379,0,13,86,0.364912957,1.10612941,41,61,0
Held-Cluster4-F,366,7.33999968,2,-3.19643044,-1.27768123,25.0930939,0.0007747635,-0.3085203,13.7893457,0.174296468,0,10,86,0.364912957,1.10612941,41,61,0
Held-Cluster4-F,366,7.33999968,3,-2.74535,-1.20210516,27.1206589,0.008778717,-0.294258475,1.82129884,0.2944229,0,9,86,0.364912957,1.10612941,41,61,0
Held-Cluster4-F,367,7.35999966,0,-2.99284816,-1.56302631,25.0643215,0.0396264,-0.0015501678,13.2287178,0.04109912,0,14,86,0.27784732,0.6524438,41,61,0
Held-Cluster4-F,367,7.35999966,1,-2.60986543,-1.55098712,13.39124,-0.01925268,-0.00364238024,9.262121,0.100902423,0,13,86,0.27784732,0.6524438,41,61,0
Held-Cluster4-F,367,7.35999966,2,-3.19642925,-1.27811885,24.1466064,0.0009870827,-0.3930681,13.3148746,0.0218809471,0,9,86,0.27784732,0.6524438,41,61,0
Held-Cluster4-F,367,7.35999966,3,-2.74786615,-1.20331657,26.3080826,-0.01712873,-0.337952018,9.316137,0.139634475,0,8,86,0.27784732,0.6524438,41,61,0
Held-Cluster4-F,368,7.37999964,0,-2.99165487,-1.563073,25.4427052,0.057617195,-0.00225394964,18.9192,0.0597099848,0,14,87,0.261341155,0.63000077,41,61,0
Held-Cluster4-F,368,7.37999964,1,-2.61153054,-1.552592,14.109705,-0.06213298,-0.01175487,17.856945,0.115632616,0,13,87,0.261341155,0.63000077,41,61,0
Held-Cluster4-F,368,7.37999964,2,-3.19642735,-1.27889585,23.4478531,0.001126267,-0.448494166,19.2513485,0.0388504229,0,9,87,0.261341155,0.63000077,41,61,0
Held-Cluster4-F,368,7.37999964,3,-2.75090814,-1.20510018,25.79787,-0.0474814475,-0.3671115,17.5037365,0.176315919,0,8,87,0.261341155,0.63000077,41,61,0
Held-Cluster4-F,369,7.39999962,0,-2.99053264,-1.56311691,25.8316441,0.0540125445,-0.002112925,19.4469528,0.0561546721,0,15,87,0.2406477,0.925754845,41,61,0
Held-Cluster4-F,369,7.39999962,1,-2.609859,-1.55036008,14.64514,-0.0189515278,-0.0035853982,17.9742279,0.139424831,0,14,87,0.2406477,0.925754845,41,61,0
Held-Cluster4-F,369,7.39999962,2,-3.19642282,-1.28074455,22.9569874,0.00125268847,-0.4988351,19.6062145,0.0924351662,0,8,87,0.2406477,0.925754845,41,61,0
Held-Cluster4-F,369,7.39999962,3,-2.75325727,-1.20714021,25.3334579,-0.06952664,-0.364589185,18.1228,0.155564845,0,9,87,0.2406477,0.925754845,41,61,0
Held-Cluster4-F,370,7.4199996,0,-2.98668337,-1.56326747,28.0796852,0.0721254349,-0.002821505,24.2277985,0.192610577,0,10,87,0.254840225,0.6503285,41,61,0
Held-Cluster4-F,370,7.4199996,1,-2.61130714,-1.55254972,15.2344522,-0.0590292476,-0.0111676455,24.3521767,0.131259844,0,9,87,0.254840225,0.6503285,41,61,0
Held-Cluster4-F,370,7.4199996,2,-3.19642162,-1.28120232,22.1302147,0.00133768469,-0.5326836,24.11289,0.0228882618,0,9,87,0.254840225,0.6503285,41,61,0
Held-Cluster4-F,370,7.4199996,3,-2.75586414,-1.20747364,25.9344921,-0.0768991,-0.366710752,20.675436,0.1314053,0,8,87,0.254840225,0.6503285,41,61,0
Held-Cluster4-F,371,7.44,0,-2.98213339,-1.56344545,29.2123127,0.07261032,-0.00284048915,24.2555923,0.227672979,0,10,86,0.2578017,0.6546922,41,61,0
Held-Cluster4-F,371,7.44,1,-2.60984015,-1.54856384,16.0511322,-0.0061987415,-0.00117269158,24.2392025,0.212363556,0,9,86,0.2578017,0.6546922,41,61,0
Held-Cluster4-F,371,7.44,2,-3.196416,-1.28344357,22.3510036,0.00139924139,-0.5571953,24.4597721,0.112063058,0,9,86,0.2578017,0.6546922,41,61,0
Held-Cluster4-F,371,7.44,3,-2.757991,-1.20749009,26.3339558,-0.0957230553,-0.3680622,23.3215313,0.106349789,0,8,86,0.2578017,0.6546922,41,61,0
Held-Cluster4-F,372,7.46,0,-2.97709131,-1.56364274,30.2433739,0.091690436,-0.00358688831,28.7370129,0.252296746,0,10,86,0.27283445,0.626832843,41,61,0
Held-Cluster4-F,372,7.46,1,-2.6104393,-1.55238557,16.4931583,-0.0560093746,-0.0105963349,28.9101315,0.193420529,0,9,86,0.27283445,0.626832843,41,61,0
Held-Cluster4-F,372,7.46,2,-3.196408,-1.28662252,23.1050072,0.00146079063,-0.581705153,28.9149055,0.1589482,0,8,86,0.27283445,0.626832843,41,61,0
Held-Cluster4-F,372,7.46,3,-2.759744,-1.20527172,27.869873,-0.09842826,-0.366581678,27.3459339,0.141365141,0,9,86,0.27283445,0.626832843,41,61,0
Held-Cluster4-F,373,7.48,0,-2.969961,-1.56392169,23.3339138,0.00129528414,-5.06704673E-05,2.96188259,0.356791943,0,16,87,0.317237139,1.10466468,41,61,0
Held-Cluster4-F,373,7.48,1,-2.610549,-1.55240631,17.6513233,-0.0442587472,-0.0083732605,8.683483,0.005580841,0,11,87,0.317237139,1.10466468,41,61,0
Held-Cluster4-F,373,7.48,2,-3.19640779,-1.28668725,24.5159721,4.00841236E-06,-0.0016076389,70.54829,0.003236554,0,7,87,0.317237139,1.10466468,41,61,0
Held-Cluster4-F,373,7.48,3,-2.75492787,-1.202991,28.9474831,0.0416379943,-0.0602296256,3.40744662,0.266439646,0,8,87,0.317237139,1.10466468,41,61,0
Held-Cluster4-F,374,7.5,0,-2.97686481,-1.56365156,24.1983852,0.02802468,-0.00109630823,-2.15314674,0.345458478,0,21,87,0.251439154,0.667591035,41,61,0
Held-Cluster4-F,374,7.5,1,-2.61094713,-1.55248165,17.6110821,-0.0197217669,-0.00373113155,-2.01210952,0.0202612169,0,14,87,0.251439154,0.667591035,41,61,0
Held-Cluster4-F,374,7.5,2,-3.19639778,-1.29064107,24.9803333,0.000495202839,-0.197198316,23.2180557,0.197691351,0,10,87,0.251439154,0.667591035,41,61,0
Held-Cluster4-F,374,7.5,3,-2.75213,-1.19969463,28.62485,0.0336999632,-0.219188914,-2.12424469,0.216182858,0,11,87,0.251439154,0.667591035,41,61,0
Held-Cluster4-F,375,7.52,0,-2.9790082,-1.56356764,26.7069263,0.0340411961,-0.00133165717,10.7982922,0.107251272,0,20,87,0.249003232,0.672305346,41,61,0
Held-Cluster4-F,375,7.52,1,-2.609863,-1.55075848,15.5571337,-0.0189138986,-0.00357827544,4.37147236,0.101791032,0,13,87,0.249003232,0.672305346,41,61,0
Held-Cluster4-F,375,7.52,2,-3.19640565,-1.28753567,24.3546543,0.0008285176,-0.3299249,10.33947,0.1552706,0,9,87,0.249003232,0.672305346,41,61,0
Held-Cluster4-F,375,7.52,3,-2.75221515,-1.20362556,28.6374283,0.0106299734,-0.295939267,5.341309,0.196592391,0,10,87,0.249003232,0.672305346,41,61,0
Held-Cluster4-F,376,7.54,0,-2.97797585,-1.56360817,27.0374889,0.04982374,-0.00194907188,16.52809,0.05165739,0,19,87,0.218963981,0.6787098,41,61,0
Held-Cluster4-F,376,7.54,1,-2.61092257,-1.552477,14.0064955,-0.05954665,-0.0112655759,10.995904,0.100944579,0,14,87,0.218963981,0.6787098,41,61,0
Held-Cluster4-F,376,7.54,2,-3.19640565,-1.2875663,24.025425,0.00104232877,-0.415069133,16.5414066,0.00153183937,0,9,87,0.218963981,0.6787098,41,61,0
Held-Cluster4-F,376,7.54,3,-2.7547183,-1.202417,27.5188847,-0.0164574739,-0.336972564,11.0580387,0.13898176,0,10,87,0.218963981,0.6787098,41,61,0
Held-Cluster4-F,377,7.56,0,-2.97493649,-1.563727,29.35567,0.052781567,-0.0020647943,17.7312183,0.152084157,0,12,87,0.2583334,0.902674556,41,61,0
Held-Cluster4-F,377,7.56,1,-2.60982823,-1.5474335,14.6671209,-0.0156823359,-0.0029669106,16.8417435,0.258043319,0,9,87,0.2583334,0.902674556,41,61,0
Held-Cluster4-F,377,7.56,2,-3.19640636,-1.28724527,24.1672611,0.00118350983,-0.471287549,17.5804176,0.01605157,0,9,87,0.2583334,0.902674556,41,61,0
Held-Cluster4-F,377,7.56,3,-2.75494671,-1.20239031,27.40608,-0.05350738,-0.3572699,14.8799562,0.0114980312,0,10,87,0.2583334,0.902674556,41,61,0
Held-Cluster4-F,378,7.58,0,-2.971029,-1.56387985,30.8229675,0.07178432,-0.00280815363,23.6242065,0.195521489,0,12,86,0.24664861,0.7544941,41,61,0
Held-Cluster4-F,378,7.58,1,-2.610043,-1.55231059,15.4703732,-0.0590045527,-0.0111629963,23.6665554,0.244090945,0,10,86,0.24664861,0.7544941,41,61,0
Held-Cluster4-F,378,7.58,2,-3.1964004,-1.289625,24.5004559,0.00130517781,-0.519736946,23.62422,0.118989125,0,10,86,0.24664861,0.7544941,41,61,0
Held-Cluster4-F,378,7.58,3,-2.75652337,-1.200627,28.4947815,-0.06809691,-0.361811042,18.6599827,0.118271343,0,8,86,0.24664861,0.7544941,41,61,0
Held-Cluster4-F,379,7.6,0,-2.9771812,-1.56363916,30.9286022,0.0725881159,-0.00283962488,25.565361,0.30784297,0,20,86,0.226705015,0.565147936,41,61,0
Held-Cluster4-F,379,7.6,1,-2.61077166,-1.55244851,15.8798285,-0.05866271,-0.0110983253,24.637516,0.037077345,0,13,86,0.226705015,0.565147936,41,61,0
Held-Cluster4-F,379,7.6,2,-3.196392,-1.29298866,24.8520641,0.00138783455,-0.5526518,25.3921,0.168180987,0,9,86,0.226705015,0.565147936,41,61,0
Held-Cluster4-F,379,7.6,3,-2.75854349,-1.2072643,28.8558941,-0.09642238,-0.368246436,24.3222427,0.346897334,0,10,86,0.226705015,0.565147936,41,61,0
Held-Cluster4-F,380,7.62,0,-2.97157073,-1.56385875,31.7566071,0.0744586,-0.00291278958,26.1426754,0.280738056,0,15,86,0.217983559,0.660972,41,61,0
Held-Cluster4-F,380,7.62,1,-2.6109767,-1.55248725,16.723856,-0.05739149,-0.0108578205,27.012434,0.01043341,0,10,86,0.217983559,0.660972,41,61,0
Held-Cluster4-F,380,7.62,2,-3.19638753,-1.29474747,24.8068638,0.00144629925,-0.5759346,26.54206,0.08794098,0,9,86,0.217983559,0.660972,41,61,0
Held-Cluster4-F,380,7.62,3,-2.76122546,-1.20914185,29.25595,-0.113620915,-0.371278018,27.5669155,0.1636929,0,12,86,0.217983559,0.660972,41,61,0
Held-Cluster4-F,381,7.64,0,-2.96635985,-1.56406248,32.61434,0.07702107,-0.00301301479,28.88037,0.260742873,0,14,86,0.267874062,0.7425809,41,61,0
Held-Cluster4-F,381,7.64,1,-2.60980177,-1.54491937,16.314846,-0.000132501125,-2.503395E-05,28.97716,0.3829272,0,10,86,0.267874062,0.7425809,41,61,0
Held-Cluster4-F,381,7.64,2,-3.19638038,-1.2976017,25.488493,0.00149735808,-0.596266,28.880352,0.142711848,0,9,86,0.267874062,0.7425809,41,61,0
Held-Cluster4-F,381,7.64,3,-2.76049662,-1.20863426,30.6021881,-0.125457779,-0.372512072,29.7843819,0.0444090851,0,11,86,0.267874062,0.7425809,41,61,0
Held-Cluster4-F,382,7.66,0,-2.99196362,-1.56306088,29.0114346,0.0232588556,-0.0009098649,2.0819068,1.28116775,0,9,86,0.548351347,1.33882987,41,61,0
Held-Cluster4-F,382,7.66,1,-2.61092138,-1.55247676,17.5733166,-0.05116969,-0.009680748,15.8976774,0.3819938,0,10,86,0.548351347,1.33882987,41,61,0
Held-Cluster4-F,382,7.66,2,-3.196425,-1.27985752,24.3751945,0.000183999538,-0.07327341,12.88134,0.887212,0,6,86,0.548351347,1.33882987,41,61,0
Held-Cluster4-F,382,7.66,3,-2.764856,-1.208652,30.740448,-0.07437461,-0.37493974,30.81078,0.217976,0,8,86,0.548351347,1.33882987,41,61,0
Held-Cluster4-F,383,7.68,0,-2.99079013,-1.56310678,29.439024,-0.0203077942,0.0007944107,6.930592,0.05871967,0,18,86,0.406894118,1.03669691,41,61,0
Held-Cluster4-F,383,7.68,1,-2.60987329,-1.5517323,17.6638641,-0.05017381,-0.009492338,13.124958,0.06427893,0,13,86,0.406894118,1.03669691,41,61,0
Held-Cluster4-F,383,7.68,2,-3.19643021,-1.27774417,23.6016884,0.0006792657,-0.270492166,1.38706982,0.105667442,0,9,86,0.406894118,1.03669691,41,61,0
Held-Cluster4-F,383,7.68,3,-2.76712656,-1.21266091,30.410717,-0.05065957,-0.338640064,6.727416,0.2303594,0,10,86,0.406894118,1.03669691,41,61,0
Held-Cluster4-F,384,7.7,0,-2.98756671,-1.5632329,29.843132,-0.00628245436,0.00024574995,6.665781,0.161294281,0,12,86,0.28967455,0.7281922,41,61,0
Held-Cluster4-F,384,7.7,1,-2.61118841,-1.55252731,16.86929,-0.06101449,-0.0115432441,14.4662485,0.07683697,0,9,86,0.28967455,0.7281922,41,61,0
Held-Cluster4-F,384,7.7,2,-3.196431,-1.27744532,22.9130745,0.000965327,-0.3844049,6.902865,0.0149429273,0,8,86,0.28967455,0.7281922,41,61,0
Held-Cluster4-F,384,7.7,3,-2.76926923,-1.21134961,29.6934052,-0.04840582,-0.340214074,2.78324151,0.125603929,0,11,86,0.28967455,0.7281922,41,61,0
Held-Cluster4-F,385,7.72,0,-2.98400831,-1.56337214,30.1363182,0.0203957316,-0.0007978976,13.5315676,0.178056017,0,11,86,0.2425447,0.722984135,41,61,0
Held-Cluster4-F,385,7.72,1,-2.60983729,-1.54829729,17.3327217,-0.04946225,-0.009357691,15.0611191,0.222028211,0,9,86,0.2425447,0.722984135,41,61,0
Held-Cluster4-F,385,7.72,2,-3.19642663,-1.27916944,22.9771938,0.00112527609,-0.448099345,13.99747,0.086206466,0,7,86,0.2425447,0.722984135,41,61,0
Held-Cluster4-F,385,7.72,3,-2.768108,-1.211634,29.5539722,-0.0607857034,-0.353164136,7.481936,0.0597830638,0,11,86,0.2425447,0.722984135,41,61,0
Held-Cluster4-F,386,7.74,0,-2.98310375,-1.56340742,30.5083542,0.043202024,-0.0016900599,18.6019,0.0452624038,0,16,86,0.247584715,0.568970144,41,61,0
Held-Cluster4-F,386,7.74,1,-2.61034441,-1.55236769,17.3636227,-0.0603515543,-0.011417836,18.6018963,0.205093488,0,14,86,0.247584715,0.568970144,41,61,0
Held-Cluster4-F,386,7.74,2,-3.19641781,-1.28269887,23.3322124,0.00124177337,-0.49448958,19.4424572,0.176472023,0,7,86,0.247584715,0.568970144,41,61,0
Held-Cluster4-F,386,7.74,3,-2.76712537,-1.20952582,30.13533,-0.07584862,-0.363852382,16.37194,0.116296254,0,11,86,0.247584715,0.568970144,41,61,0
Held-Cluster4-F,387,7.75999975,0,-2.99401832,-1.56298053,23.3915672,-0.0107897343,0.00042208354,1.25221145,0.546145439,0,17,86,0.38069886,0.8845065,41,61,0
Held-Cluster4-F,387,7.75999975,1,-2.610411,-1.55238032,17.6887589,0.0480001122,0.00908111,-0.141133428,0.003385418,0,13,86,0.38069886,0.8845065,41,61,0
Held-Cluster4-F,387,7.75999975,2,-3.19642854,-1.27841318,22.8415165,-1.21146441E-05,0.004812621,36.06132,0.214285344,0,7,86,0.38069886,0.8845065,41,61,0
Held-Cluster4-F,387,7.75999975,3,-2.770124,-1.20164859,26.7166328,0.0230145343,-0.0418251678,-16.6288948,0.421433032,0,11,86,0.38069886,0.8845065,41,61,0
Held-Cluster4-F,388,7.77999973,0,-2.99131656,-1.56308615,25.2967148,0.0151103726,-0.000591114163,4.365577,0.135191143,0,18,87,0.2483189,0.750289738,41,61,0
Held-Cluster4-F,388,7.77999973,1,-2.60987377,-1.55177009,16.8633976,2.171006E-05,0.00206774729,3.58970284,0.04064853,0,8,87,0.2483189,0.750289738,41,61,0
Held-Cluster4-F,388,7.77999973,2,-3.19644117,-1.27342975,22.24509,0.000450922176,-0.179563209,23.90167,0.249172047,0,9,87,0.2483189,0.750289738,41,61,0
Held-Cluster4-F,388,7.77999973,3,-2.76920247,-1.20575118,26.4911289,0.0261361916,-0.223984808,-13.72794,0.210240141,0,7,87,0.2483189,0.750289738,41,61,0
Held-Cluster4-F,389,7.79999971,0,-2.98498178,-1.563334,19.4260254,0.0218125619,-0.000853287056,-6.32375526,0.3169814,0,6,88,0.3415431,1.0901475,41,61,0
Held-Cluster4-F,389,7.79999971,1,-2.609877,-1.55209756,16.788702,8.59759748E-05,0.008188682,-3.73476458,0.0163742453,0,8,88,0.3415431,1.0901475,41,61,0
Held-Cluster4-F,389,7.79999971,2,-3.19643879,-1.27437353,22.6581631,0.000117175281,-0.0466650277,20.65354,0.04718915,0,3,88,0.3415431,1.0901475,41,61,0
Held-Cluster4-F,389,7.79999971,3,-2.76655722,-1.20909667,26.71781,0.0142672369,-0.298160821,-0.3457568,0.213246748,0,7,88,0.3415431,1.0901475,41,61,0
Held-Cluster4-F,390,7.81999969,0,-2.98327017,-1.5634011,23.2523117,0.00165797956,-6.48796558E-05,-4.50391674,0.08564612,0,17,87,0.327829272,0.717072964,41,61,0
Held-Cluster4-F,390,7.81999969,1,-2.61024261,-1.55234838,16.9643784,-0.0207527019,-0.003926158,8.783783,0.0221639313,0,12,87,0.327829272,0.717072964,41,61,0
Held-Cluster4-F,390,7.81999969,2,-3.1967814,-1.279317,22.7802715,-0.0177774746,-0.247024566,6.105459,0.2477674,0,9,87,0.327829272,0.717072964,41,61,0
Held-Cluster4-F,390,7.81999969,3,-2.76012921,-1.20451593,27.094696,0.0285775475,-0.2991557,-6.001078,0.394659251,0,10,87,0.327829272,0.717072964,41,61,0
Held-Cluster4-F,391,7.83999968,0,-2.99458432,-1.56295848,20.15114,-0.008483492,0.000331865624,-1.79881012,0.5661404,0,17,88,0.3231841,1.07063806,41,61,0
Held-Cluster4-F,391,7.83999968,1,-2.609512,-1.55221021,16.9089279,0.03677789,0.006958008,-2.7725668,0.0371732675,0,12,88,0.3231841,1.07063806,41,61,0
Held-Cluster4-F,391,7.83999968,2,-3.19644856,-1.27042353,21.58317,-8.814037E-06,0.00350545533,24.72196,0.4449858,0,8,88,0.3231841,1.07063806,41,61,0
Held-Cluster4-F,391,7.83999968,3,-2.75598979,-1.20181727,26.80712,0.108155511,-0.107700057,-16.8416328,0.2470708,0,9,88,0.3231841,1.07063806,41,61,0
Held-Cluster4-F,392,7.85999966,0,-2.9924655,-1.56304121,22.0876427,0.0130526982,-0.0005106181,0.207410127,0.106022023,0,19,88,0.275339216,0.7123349,41,61,0
Held-Cluster4-F,392,7.85999966,1,-2.61084843,-1.55246294,16.3449516,-0.0488011576,-0.009232625,1.17836714,0.06800117,0,11,88,0.275339216,0.7123349,41,61,0
Held-Cluster4-F,392,7.85999966,2,-3.196456,-1.26749337,21.5078659,0.00045886077,-0.182723463,16.9761772,0.146508679,0,10,88,0.275339216,0.7123349,41,61,0
Held-Cluster4-F,392,7.85999966,3,-2.75451875,-1.2059834,26.4715481,0.0895815,-0.23890768,-11.9522343,0.22091046,0,10,88,0.275339216,0.7123349,41,61,0
Held-Cluster4-F,393,7.87999964,0,-2.99747276,-1.56284535,23.9928131,0.0192003846,-0.000751137733,6.23436975,0.2505548,0,19,88,0.263520122,0.639502466,41,61,0
Held-Cluster4-F,393,7.87999964,1,-2.611517,-1.55258954,16.3350163,-0.0333843566,-0.00631594658,-0.4967894,0.03402037,0,13,88,0.263520122,0.639502466,41,61,0
Held-Cluster4-F,393,7.87999964,2,-3.19645977,-1.2660315,21.5444183,0.000787841156,-0.313727766,6.234306,0.07309343,0,10,88,0.263520122,0.639502466,41,61,0
Held-Cluster4-F,393,7.87999964,3,-2.75355959,-1.2119689,26.3214149,0.0487696566,-0.299411148,-7.50667524,0.3030931,0,12,88,0.263520122,0.639502466,41,61,0
Held-Cluster4-F,394,7.89999962,0,-2.99455047,-1.56295967,24.8308926,0.0374767147,-0.00146609545,12.0703316,0.1462266,0,16,87,0.241342828,0.655491769,41,61,0
Held-Cluster4-F,394,7.89999962,1,-2.60987115,-1.551525,15.98678,-0.02382087,-0.00450664759,4.194264,0.09800398,0,12,87,0.241342828,0.655491769,41,61,0
Held-Cluster4-F,394,7.89999962,2,-3.19645739,-1.26694,20.96064,0.0009816363,-0.3908987,11.97314,0.0454248562,0,9,87,0.241342828,0.655491769,41,61,0
Held-Cluster4-F,394,7.89999962,3,-2.75598121,-1.2130847,25.6102848,0.0140031725,-0.336519063,3.56717062,0.133315787,0,11,87,0.241342828,0.655491769,41,61,0
Held-Cluster4-F,395,7.9199996,0,-2.99339128,-1.56300509,25.1799545,0.05607717,-0.00219368935,17.4531174,0.05800403,0,17,87,0.217055887,0.6103483,41,61,0
Held-Cluster4-F,395,7.9199996,1,-2.61178041,-1.55263925,16.0533218,-0.0628338754,-0.0118874907,12.5105124,0.110530645,0,13,87,0.217055887,0.6103483,41,61,0
Held-Cluster4-F,395,7.9199996,2,-3.19644547,-1.27173507,21.034605,0.00112026557,-0.4461034,17.6862659,0.239754468,0,9,87,0.217055887,0.6103483,41,61,0
Held-Cluster4-F,395,7.9199996,3,-2.75730538,-1.21276414,25.707365,-0.0191589054,-0.3596159,12.7131233,0.0681211948,0,11,87,0.217055887,0.6103483,41,61,0
Held-Cluster4-F,396,7.94,0,-2.99034452,-1.5631243,26.6412468,0.05690735,-0.00222620368,18.34854,0.152454123,0,13,87,0.242596552,0.6345751,41,61,0
Held-Cluster4-F,396,7.94,1,-2.609861,-1.55054677,15.599577,-0.0159647577,-0.00302034616,16.2173576,0.141977,0,9,87,0.242596552,0.6345751,41,61,0
Held-Cluster4-F,396,7.94,2,-3.1964407,-1.27359581,20.9122772,0.00122688338,-0.488561332,18.2293129,0.0930371955,0,9,87,0.242596552,0.6345751,41,61,0
Held-Cluster4-F,396,7.94,3,-2.75818872,-1.21172965,25.9930611,-0.05386377,-0.3667678,16.5037651,0.0680161342,0,11,87,0.242596552,0.6345751,41,61,0
Held-Cluster4-F,397,7.96,0,-2.98882341,-1.56318378,27.1069012,0.07352625,-0.00287631154,23.2826881,0.07611366,0,18,86,0.205796331,0.723507,41,61,0
Held-Cluster4-F,397,7.96,1,-2.61143517,-1.55257392,15.7048111,-0.05951905,-0.0112603605,21.9279957,0.128332615,0,14,86,0.205796331,0.723507,41,61,0
Held-Cluster4-F,397,7.96,2,-3.19642949,-1.27806163,21.35601,0.00132000446,-0.525644541,23.7560368,0.223291621,0,9,86,0.205796331,0.723507,41,61,0
Held-Cluster4-F,397,7.96,3,-2.75938821,-1.20963538,26.8086414,-0.0664393157,-0.366848618,20.7996025,0.120672315,0,11,86,0.205796331,0.723507,41,61,0
Held-Cluster4-F,398,7.98,0,-2.98473287,-1.56334376,28.4256573,0.07309647,-0.002859503,24.0924911,0.204683721,0,12,86,0.290778965,1.08077669,41,61,0
Held-Cluster4-F,398,7.98,1,-2.60984778,-1.54930007,15.1365328,-0.004745826,-0.000897824764,22.6131763,0.181919426,0,9,86,0.290778965,1.08077669,41,61,0
Held-Cluster4-F,398,7.98,2,-3.19642353,-1.28038645,21.7301445,0.00138114393,-0.5499906,23.9258938,0.116241366,0,9,86,0.290778965,1.08077669,41,61,0
Held-Cluster4-F,398,7.98,3,-2.760542,-1.20817244,27.4822578,-0.0899324045,-0.368805081,24.24022,0.09315611,0,10,86,0.290778965,1.08077669,41,61,0
Held-Cluster4-F,399,8,0,-2.982866,-1.56341684,29.0122185,0.09013596,-0.00352606177,29.3281364,0.09341236,0,19,86,0.230673,0.577391267,41,61,0
Held-Cluster4-F,399,8,1,-2.61071157,-1.55243707,15.85256,-0.05657106,-0.01070261,28.9018669,0.162687242,0,14,86,0.230673,0.577391267,41,61,0
Held-Cluster4-F,399,8,2,-3.19641232,-1.2848568,22.3648338,0.00144191086,-0.574186,30.020956,0.223518118,0,9,86,0.230673,0.577391267,41,61,0
Held-Cluster4-F,399,8,3,-2.7615397,-1.20632613,28.493288,-0.09346211,-0.3708345,27.85772,0.104933813,0,12,86,0.230673,0.577391267,41,61,0
Held-FixedSingle-F,300,6.02,0,-2.90313625,-1.51798534,0,0,0,0,0,1,0,41,0.04040182,0.108132444,9,60.5,0
Held-FixedSingle-F,301,6.04,0,-2.90313625,-1.51798534,0,0,0,0,0,1,0,41,0.0274522509,0.06857656,9,60.5,0
Held-FixedSingle-F,302,6.06,0,-2.90313625,-1.51798534,0,0,0,0,0,1,0,41,0.0381688625,0.103002332,9,60.5,0
Held-FixedSingle-F,303,6.08,0,-2.90313625,-1.51798534,0,0,0,0,0,1,0,41,0.029026866,0.0738832951,9,60.5,0
Held-FixedSingle-F,304,6.1,0,-2.90313625,-1.51798534,0,0,0,0,0,1,0,41,0.0398333333,0.09926064,9,60.5,0
Held-FixedSingle-F,305,6.12,0,-2.90313625,-1.51798534,0,0,0,0,0,1,0,41,0.0272661317,0.07094668,9,60.5,0
Held-FixedSingle-F,306,6.14,0,-2.90313625,-1.51798534,0,0,0,0,0,1,0,41,0.0399892852,0.103708304,9,60.5,0
Held-FixedSingle-F,307,6.16,0,-2.90313625,-1.51798534,0,0,0,0,0,1,0,41,0.02758893,0.06665475,9,60.5,0
Held-FixedSingle-F,308,6.18,0,-2.90313625,-1.51798534,0,0,0,0,0,1,0,41,0.0407344326,0.108438365,9,60.5,0
Held-FixedSingle-F,309,6.2,0,-2.90313625,-1.51798534,0,0,0,0,0,1,0,41,0.0273975711,0.07328769,9,60.5,0
Held-FixedSingle-F,310,6.22,0,-2.90313625,-1.51798534,0,0,0,0,0,1,0,41,0.0403507128,0.106343962,9,60.5,0
Held-FixedSingle-F,311,6.24,0,-2.90313625,-1.51798534,0,0,0,0,0,1,0,41,0.0304887276,0.0725984648,9,60.5,0
Held-FixedSingle-F,312,6.25999975,0,-2.90313625,-1.51798534,0,0,0,0,0,1,0,41,0.04055601,0.101237379,9,60.5,0
Held-FixedSingle-F,313,6.27999973,0,-2.90313625,-1.51798534,0,0,0,0,0,1,0,41,0.0288644657,0.0681088045,9,60.5,0
Held-FixedSingle-F,314,6.29999971,0,-2.90313625,-1.51798534,0,0,0,0,0,1,0,41,0.0393430665,0.115474619,9,60.5,0
Held-FixedSingle-F,315,6.31999969,0,-2.90313625,-1.51798534,0,0,0,0,0,1,0,41,0.027108971,0.0654512,9,60.5,0
Held-FixedSingle-F,316,6.33999968,0,-2.90313625,-1.51798534,0,0,0,0,0,1,0,41,0.0396114662,0.102319881,9,60.5,0
Held-FixedSingle-F,317,6.35999966,0,-2.90313625,-1.51798534,0,0,0,0,0,1,0,41,0.0302744973,0.07227089,9,60.5,0
Held-FixedSingle-F,318,6.37999964,0,-2.90313625,-1.51798534,0,0,0,0,0,1,0,41,0.03931163,0.09766042,9,60.5,0
Held-FixedSingle-F,319,6.39999962,0,-2.90313625,-1.51798534,0,0,0,0,0,1,0,41,0.02769034,0.06874181,9,60.5,0
Held-FixedSingle-F,320,6.42,0,-2.90313625,-1.51798534,0,0,0,0,0,1,0,41,0.0411177762,0.109826788,9,60.5,0
Held-FixedSingle-F,321,6.44,0,-2.90313625,-1.51798534,0,0,0,0,0,1,0,41,0.0286519229,0.07219464,9,60.5,0
Held-FixedSingle-F,322,6.46,0,-2.90313625,-1.51798534,0,0,0,0,0,1,0,41,0.0400940478,0.106108636,9,60.5,0
Held-FixedSingle-F,323,6.48,0,-2.90313625,-1.51798534,0,0,0,0,0,1,0,41,0.0292445086,0.0724318549,9,60.5,0
Held-FixedSingle-F,324,6.5,0,-2.90313625,-1.51798534,0,0,0,0,0,1,0,41,0.0383923762,0.09940184,9,60.5,0
Held-FixedSingle-F,325,6.52,0,-2.90313625,-1.51798534,0,0,0,0,0,1,0,41,0.0272604059,0.06622506,9,60.5,0
Held-FixedSingle-F,326,6.54,0,-2.90313625,-1.51798534,0,0,0,0,0,1,0,41,0.03916052,0.103002332,9,60.5,0
Held-FixedSingle-F,327,6.56,0,-2.90313625,-1.51798534,0,0,0,0,0,1,0,41,0.0289667286,0.07118966,9,60.5,0
Held-FixedSingle-F,328,6.58,0,-2.90313625,-1.51798534,0,0,0,0,0,1,0,41,0.0415148549,0.101896293,9,60.5,0
Held-FixedSingle-F,329,6.6,0,-2.90313625,-1.51798534,0,0,0,0,0,1,0,41,0.0266583,0.07422963,9,60.5,0
Held-FixedSingle-F,330,6.62,0,-2.90313625,-1.51798534,0,0,0,0,0,1,0,41,0.0386146232,0.102084555,9,60.5,0
Held-FixedSingle-F,331,6.64,0,-2.90313625,-1.51798534,0,0,0,0,0,1,0,41,0.02934927,0.07074718,9,60.5,0
Held-FixedSingle-F,332,6.66,0,-2.90313625,-1.51798534,0,0,0,0,0,1,0,41,0.0398447067,0.104367219,9,60.5,0
Held-FixedSingle-F,333,6.68,0,-2.90313625,-1.51798534,0,0,0,0,0,1,0,41,0.02620949,0.0697490051,9,60.5,0
Held-FixedSingle-F,334,6.7,0,-2.90313625,-1.51798534,0,0,0,0,0,1,0,41,0.043393936,0.107850052,9,60.5,0
Held-FixedSingle-F,335,6.72,0,-2.90313625,-1.51798534,0,0,0,0,0,1,0,41,0.02888073,0.0690834448,9,60.5,0
Held-FixedSingle-F,336,6.74,0,-2.90313625,-1.51798534,0,0,0,0,0,1,0,41,0.0395106971,0.102672875,9,60.5,0
Held-FixedSingle-F,337,6.75999975,0,-2.90313625,-1.51798534,0,0,0,0,0,1,0,41,0.026444383,0.06979788,9,60.5,0
Held-FixedSingle-F,338,6.77999973,0,-2.90313625,-1.51798534,0,0,0,0,0,1,0,41,0.0380269624,0.101049118,9,60.5,0
Held-FixedSingle-F,339,6.79999971,0,-2.90313625,-1.51798534,0,0,0,0,0,1,0,41,0.0301167,0.06636621,9,60.5,0
Held-FixedSingle-F,340,6.81999969,0,-2.90313625,-1.51798534,0,0,0,0,0,1,0,41,0.0425016619,0.108556032,9,60.5,0
Held-FixedSingle-F,341,6.83999968,0,-2.90313625,-1.51798534,0,0,0,0,0,1,0,41,0.0276929326,0.07106495,9,60.5,0
Held-FixedSingle-F,342,6.85999966,0,-2.90313625,-1.51798534,0,0,0,0,0,1,0,41,0.04115334,0.108297169,9,60.5,0
Held-FixedSingle-F,343,6.87999964,0,-2.90313625,-1.51798534,0,0,0,0,0,1,0,41,0.0289927069,0.06938874,9,60.5,0
Held-FixedSingle-F,344,6.89999962,0,-2.90313625,-1.51798534,0,0,0,0,0,1,0,41,0.0389798,0.109779723,9,60.5,0
Held-FixedSingle-F,345,6.92,0,-2.90313625,-1.51798534,0,0,0,0,0,1,0,41,0.031245932,0.06833294,9,60.5,0
Held-FixedSingle-F,346,6.94,0,-2.90313625,-1.51798534,0,0,0,0,0,1,0,40,0.03769931,0.101637438,9,60.5,0
Held-FixedSingle-F,347,6.96,0,-2.90313625,-1.51798534,0,0,0,0,0,1,0,41,0.0292241927,0.07127824,9,60.5,0
Held-FixedSingle-F,348,6.98,0,-2.90313625,-1.51798534,0,0,0,0,0,1,0,40,0.0399148129,0.0970250443,9,60.5,0
Held-FixedSingle-F,349,7,0,-2.90313625,-1.51798534,0,0,0,0,0,1,0,40,0.0273342784,0.0691470951,9,60.5,0
Held-FixedSingle-F,350,7.02,0,-2.90313625,-1.51798534,0,0,0,0,0,1,0,40,0.0391710959,0.1017551,9,60.5,0
Held-FixedSingle-F,351,7.04,0,-2.90313625,-1.51798534,0,0,0,0,0,1,0,41,0.02692927,0.07001683,9,60.5,0
Held-FixedSingle-F,352,7.06,0,-2.90313625,-1.51798534,0,0,0,0,0,1,0,40,0.03504509,0.104296625,9,60.5,0
Held-FixedSingle-F,353,7.08,0,-2.90313625,-1.51798534,0,0,0,0,0,1,0,41,0.03129345,0.07085573,9,60.5,0
Held-FixedSingle-F,354,7.1,0,-2.90313625,-1.51798534,0,0,0,0,0,1,0,41,0.0380682126,0.104767278,9,60.5,0
Held-FixedSingle-F,355,7.12,0,-2.90313625,-1.51798534,0,0,0,0,0,1,0,41,0.0293207262,0.06556701,9,60.5,0
Held-FixedSingle-F,356,7.14,0,-2.90313625,-1.51798534,0,0,0,0,0,1,0,41,0.0409601033,0.100649066,9,60.5,0
Held-FixedSingle-F,357,7.16,0,-2.90313625,-1.51798534,0,0,0,0,0,1,0,41,0.0316122957,0.07617324,9,60.5,0
Held-FixedSingle-F,358,7.18,0,-2.90313625,-1.51798534,0,0,0,0,0,1,0,41,0.0381843336,0.09848406,9,60.5,0
Held-FixedSingle-F,359,7.2,0,-2.90313625,-1.51798534,0,0,0,0,0,1,0,40,0.0280899312,0.0730572343,9,60.5,0
Held-FixedSingle-F,360,7.22,0,-2.90313625,-1.51798534,0,0,0,0,0,1,0,41,0.0375873931,0.09775455,9,60.5,0
Held-FixedSingle-F,361,7.24,0,-2.90313625,-1.51798534,0,0,0,0,0,1,0,41,0.0337661132,0.07351402,9,60.5,0
Held-FixedSingle-F,362,7.25999975,0,-2.90313625,-1.51798534,0,0,0,0,0,1,0,41,0.03962501,0.103943631,9,60.5,0
Held-FixedSingle-F,363,7.27999973,0,-2.90313625,-1.51798534,0,0,0,0,0,1,0,41,0.0374430344,0.0740934,9,60.5,0
Held-FixedSingle-F,364,7.29999971,0,-2.90313625,-1.51798534,0,0,0,0,0,1,0,40,0.04128056,0.09853113,9,60.5,0
Held-FixedSingle-F,365,7.31999969,0,-2.90313625,-1.51798534,0,0,0,0,0,1,0,40,0.03524876,0.07983777,9,60.5,0
Held-FixedSingle-F,366,7.33999968,0,-2.90313625,-1.51798534,0,0,0,0,0,1,0,40,0.0382782929,0.0972368345,9,60.5,0
Held-FixedSingle-F,367,7.35999966,0,-2.90313625,-1.51798534,0,0,0,0,0,1,0,40,0.03566455,0.08578744,9,60.5,0
Held-FixedSingle-F,368,7.37999964,0,-2.90313625,-1.51798534,0,0,0,0,0,1,0,40,0.03949202,0.103355318,9,60.5,0
Held-FixedSingle-F,369,7.39999962,0,-2.90313625,-1.51798534,0,0,0,0,0,1,0,40,0.02654521,0.07222134,9,60.5,0
Held-FixedSingle-F,370,7.4199996,0,-2.90313625,-1.51798534,0,0,0,0,0,1,0,40,0.04068378,0.1073794,9,60.5,0
Held-FixedSingle-F,371,7.44,0,-2.90313625,-1.51798534,0,0,0,0,0,1,0,40,0.02819991,0.071710296,9,60.5,0
Held-FixedSingle-F,372,7.46,0,-2.90313625,-1.51798534,0,0,0,0,0,1,0,40,0.03768996,0.104673147,9,60.5,0
Held-FixedSingle-F,373,7.48,0,-2.90313625,-1.51798534,0,0,0,0,0,1,0,40,0.0236191656,0.06354143,9,60.5,0
Held-FixedSingle-F,374,7.5,0,-2.90313625,-1.51798534,0,0,0,0,0,1,0,40,0.03804247,0.09820167,9,60.5,0
Held-FixedSingle-F,375,7.52,0,-2.90313625,-1.51798534,0,0,0,0,0,1,0,40,0.0301281288,0.07103554,9,60.5,0
Held-FixedSingle-F,376,7.54,0,-2.90313625,-1.51798534,0,0,0,0,0,1,0,40,0.0378278457,0.100978523,9,60.5,0
Held-FixedSingle-F,377,7.56,0,-2.90313625,-1.51798534,0,0,0,0,0,1,0,40,0.0270677712,0.0680519,9,60.5,0
Held-FixedSingle-F,378,7.58,0,-2.90313625,-1.51798534,0,0,0,0,0,1,0,40,0.03760531,0.0990488455,9,60.5,0
Held-FixedSingle-F,379,7.6,0,-2.90313625,-1.51798534,0,0,0,0,0,1,0,40,0.02604192,0.0683673546,9,60.5,0
Held-FixedSingle-F,380,7.62,0,-2.90313625,-1.51798534,0,0,0,0,0,1,0,40,0.0408827625,0.108956084,9,60.5,0
Held-FixedSingle-F,381,7.64,0,-2.90313625,-1.51798534,0,0,0,0,0,1,0,40,0.027081294,0.06769152,9,60.5,0
Held-FixedSingle-F,382,7.66,0,-2.90313625,-1.51798534,0,0,0,0,0,1,0,40,0.0383132026,0.098648794,9,60.5,0
Held-FixedSingle-F,383,7.68,0,-2.90313625,-1.51798534,0,0,0,0,0,1,0,40,0.0282540973,0.067474,9,60.5,0
Held-FixedSingle-F,384,7.7,0,-2.90313625,-1.51798534,0,0,0,0,0,1,0,40,0.03814273,0.110062115,9,60.5,0
Held-FixedSingle-F,385,7.72,0,-2.90313625,-1.51798534,0,0,0,0,0,1,0,40,0.0259443168,0.06908481,9,60.5,0
Held-FixedSingle-F,386,7.74,0,-2.90313625,-1.51798534,0,0,0,0,0,1,0,40,0.035598658,0.09391873,9,60.5,0
Held-FixedSingle-F,387,7.75999975,0,-2.90313625,-1.51798534,0,0,0,0,0,1,0,40,0.031354066,0.07193876,9,60.5,0
Held-FixedSingle-F,388,7.77999973,0,-2.90313625,-1.51798534,0,0,0,0,0,1,0,40,0.0373162925,0.101237379,9,60.5,0
Held-FixedSingle-F,389,7.79999971,0,-2.90313625,-1.51798534,0,0,0,0,0,1,0,40,0.0278864354,0.06729592,9,60.5,0
Held-FixedSingle-F,390,7.81999969,0,-2.90313625,-1.51798534,0,0,0,0,0,1,0,40,0.0366021022,0.105402656,9,60.5,0
Held-FixedSingle-F,391,7.83999968,0,-2.90313625,-1.51798534,0,0,0,0,0,1,0,40,0.02877049,0.0704189539,9,60.5,0
Held-FixedSingle-F,392,7.85999966,0,-2.90313625,-1.51798534,0,0,0,0,0,1,0,40,0.0374077223,0.103449449,9,60.5,0
Held-FixedSingle-F,393,7.87999964,0,-2.90313625,-1.51798534,0,0,0,0,0,1,0,40,0.0263303351,0.06952975,9,60.5,0
Held-FixedSingle-F,394,7.89999962,0,-2.90313625,-1.51798534,0,0,0,0,0,1,0,40,0.0369914956,0.09495417,9,60.5,0
Held-FixedSingle-F,395,7.9199996,0,-2.90313625,-1.51798534,0,0,0,0,0,1,0,40,0.02855926,0.07101952,9,60.5,0
Held-FixedSingle-F,396,7.94,0,-2.90313625,-1.51798534,0,0,0,0,0,1,0,40,0.0386011079,0.106838144,9,60.5,0
Held-FixedSingle-F,397,7.96,0,-2.90313625,-1.51798534,0,0,0,0,0,1,0,40,0.0260124616,0.0627150759,9,60.5,0
Held-FixedSingle-F,398,7.98,0,-2.90313625,-1.51798534,0,0,0,0,0,1,0,40,0.0395595,0.09443645,9,60.5,0
Held-FixedSingle-F,399,8,0,-2.90313625,-1.51798534,0,0,0,0,0,1,0,40,0.0300131943,0.06768338,9,60.5,0
