case,tick,time,ice_index,x,y,angle,vx,vy,angular_velocity,measured_speed,sleeping,contacts,near_liquid_count,near_liquid_mean_speed,near_liquid_p95_speed,deep_liquid_inside_ice,active_ml,retired_ml
Kinematic-Cluster4-Empty,300,6.02,0,-3.08217072,-1.60999012,-1.68025148,0,0,0,0,1,10,0,0,0,0,0,0
Kinematic-Cluster4-Empty,300,6.02,1,-2.70558667,-1.6183126,-3.72491455,0,0,0,0,1,13,0,0,0,0,0,0
Kinematic-Cluster4-Empty,300,6.02,2,-3.06076384,-1.23373485,-0.1508478,0,0,0,0,1,6,0,0,0,0,0,0
Kinematic-Cluster4-Empty,300,6.02,3,-2.68580079,-1.24747455,-11.476016,0,0,0,0,1,8,0,0,0,0,0,0
Kinematic-Cluster4-Empty,301,6.04,0,-3.08217072,-1.60999012,-1.68025148,0,0,0,0,1,10,0,0,0,0,0,0
Kinematic-Cluster4-Empty,301,6.04,1,-2.70558667,-1.6183126,-3.72491455,0,0,0,0,1,13,0,0,0,0,0,0
Kinematic-Cluster4-Empty,301,6.04,2,-3.06076384,-1.23373485,-0.1508478,0,0,0,0,1,6,0,0,0,0,0,0
Kinematic-Cluster4-Empty,301,6.04,3,-2.68580079,-1.24747455,-11.476016,0,0,0,0,1,8,0,0,0,0,0,0
Kinematic-Cluster4-Empty,302,6.06,0,-3.08217072,-1.60999012,-1.68025148,0,0,0,0,1,10,0,0,0,0,0,0
Kinematic-Cluster4-Empty,302,6.06,1,-2.70558667,-1.6183126,-3.72491455,0,0,0,0,1,13,0,0,0,0,0,0
Kinematic-Cluster4-Empty,302,6.06,2,-3.06076384,-1.23373485,-0.1508478,0,0,0,0,1,6,0,0,0,0,0,0
Kinematic-Cluster4-Empty,302,6.06,3,-2.68580079,-1.24747455,-11.476016,0,0,0,0,1,8,0,0,0,0,0,0
Kinematic-Cluster4-Empty,303,6.08,0,-3.08217072,-1.60999012,-1.68025148,0,0,0,0,1,10,0,0,0,0,0,0
Kinematic-Cluster4-Empty,303,6.08,1,-2.70558667,-1.6183126,-3.72491455,0,0,0,0,1,13,0,0,0,0,0,0
Kinematic-Cluster4-Empty,303,6.08,2,-3.06076384,-1.23373485,-0.1508478,0,0,0,0,1,6,0,0,0,0,0,0
Kinematic-Cluster4-Empty,303,6.08,3,-2.68580079,-1.24747455,-11.476016,0,0,0,0,1,8,0,0,0,0,0,0
Kinematic-Cluster4-Empty,304,6.1,0,-3.08217072,-1.60999012,-1.68025148,0,0,0,0,1,10,0,0,0,0,0,0
Kinematic-Cluster4-Empty,304,6.1,1,-2.70558667,-1.6183126,-3.72491455,0,0,0,0,1,13,0,0,0,0,0,0
Kinematic-Cluster4-Empty,304,6.1,2,-3.06076384,-1.23373485,-0.1508478,0,0,0,0,1,6,0,0,0,0,0,0
Kinematic-Cluster4-Empty,304,6.1,3,-2.68580079,-1.24747455,-11.476016,0,0,0,0,1,8,0,0,0,0,0,0
Kinematic-Cluster4-Empty,305,6.12,0,-3.08217072,-1.60999012,-1.68025148,0,0,0,0,1,10,0,0,0,0,0,0
Kinematic-Cluster4-Empty,305,6.12,1,-2.70558667,-1.6183126,-3.72491455,0,0,0,0,1,13,0,0,0,0,0,0
Kinematic-Cluster4-Empty,305,6.12,2,-3.06076384,-1.23373485,-0.1508478,0,0,0,0,1,6,0,0,0,0,0,0
Kinematic-Cluster4-Empty,305,6.12,3,-2.68580079,-1.24747455,-11.476016,0,0,0,0,1,8,0,0,0,0,0,0
Kinematic-Cluster4-Empty,306,6.14,0,-3.08217072,-1.60999012,-1.68025148,0,0,0,0,1,10,0,0,0,0,0,0
Kinematic-Cluster4-Empty,306,6.14,1,-2.70558667,-1.6183126,-3.72491455,0,0,0,0,1,13,0,0,0,0,0,0
Kinematic-Cluster4-Empty,306,6.14,2,-3.06076384,-1.23373485,-0.1508478,0,0,0,0,1,6,0,0,0,0,0,0
Kinematic-Cluster4-Empty,306,6.14,3,-2.68580079,-1.24747455,-11.476016,0,0,0,0,1,8,0,0,0,0,0,0
Kinematic-Cluster4-Empty,307,6.16,0,-3.08217072,-1.60999012,-1.68025148,0,0,0,0,1,10,0,0,0,0,0,0
Kinematic-Cluster4-Empty,307,6.16,1,-2.70558667,-1.6183126,-3.72491455,0,0,0,0,1,13,0,0,0,0,0,0
Kinematic-Cluster4-Empty,307,6.16,2,-3.06076384,-1.23373485,-0.1508478,0,0,0,0,1,6,0,0,0,0,0,0
Kinematic-Cluster4-Empty,307,6.16,3,-2.68580079,-1.24747455,-11.476016,0,0,0,0,1,8,0,0,0,0,0,0
Kinematic-Cluster4-Empty,308,6.18,0,-3.08217072,-1.60999012,-1.68025148,0,0,0,0,1,10,0,0,0,0,0,0
Kinematic-Cluster4-Empty,308,6.18,1,-2.70558667,-1.6183126,-3.72491455,0,0,0,0,1,13,0,0,0,0,0,0
Kinematic-Cluster4-Empty,308,6.18,2,-3.06076384,-1.23373485,-0.1508478,0,0,0,0,1,6,0,0,0,0,0,0
Kinematic-Cluster4-Empty,308,6.18,3,-2.68580079,-1.24747455,-11.476016,0,0,0,0,1,8,0,0,0,0,0,0
Kinematic-Cluster4-Empty,309,6.2,0,-3.08217072,-1.60999012,-1.68025148,0,0,0,0,1,10,0,0,0,0,0,0
Kinematic-Cluster4-Empty,309,6.2,1,-2.70558667,-1.6183126,-3.72491455,0,0,0,0,1,13,0,0,0,0,0,0
Kinematic-Cluster4-Empty,309,6.2,2,-3.06076384,-1.23373485,-0.1508478,0,0,0,0,1,6,0,0,0,0,0,0
Kinematic-Cluster4-Empty,309,6.2,3,-2.68580079,-1.24747455,-11.476016,0,0,0,0,1,8,0,0,0,0,0,0
Kinematic-Cluster4-Empty,310,6.22,0,-3.08217072,-1.60999012,-1.68025148,0,0,0,0,1,10,0,0,0,0,0,0
Kinematic-Cluster4-Empty,310,6.22,1,-2.70558667,-1.6183126,-3.72491455,0,0,0,0,1,13,0,0,0,0,0,0
Kinematic-Cluster4-Empty,310,6.22,2,-3.06076384,-1.23373485,-0.1508478,0,0,0,0,1,6,0,0,0,0,0,0
Kinematic-Cluster4-Empty,310,6.22,3,-2.68580079,-1.24747455,-11.476016,0,0,0,0,1,8,0,0,0,0,0,0
Kinematic-Cluster4-Empty,311,6.24,0,-3.08217072,-1.60999012,-1.68025148,0,0,0,0,1,10,0,0,0,0,0,0
Kinematic-Cluster4-Empty,311,6.24,1,-2.70558667,-1.6183126,-3.72491455,0,0,0,0,1,13,0,0,0,0,0,0
Kinematic-Cluster4-Empty,311,6.24,2,-3.06076384,-1.23373485,-0.1508478,0,0,0,0,1,6,0,0,0,0,0,0
Kinematic-Cluster4-Empty,311,6.24,3,-2.68580079,-1.24747455,-11.476016,0,0,0,0,1,8,0,0,0,0,0,0
Kinematic-Cluster4-Empty,312,6.25999975,0,-3.08217072,-1.60999012,-1.68025148,0,0,0,0,1,10,0,0,0,0,0,0
Kinematic-Cluster4-Empty,312,6.25999975,1,-2.70558667,-1.6183126,-3.72491455,0,0,0,0,1,13,0,0,0,0,0,0
Kinematic-Cluster4-Empty,312,6.25999975,2,-3.06076384,-1.23373485,-0.1508478,0,0,0,0,1,6,0,0,0,0,0,0
Kinematic-Cluster4-Empty,312,6.25999975,3,-2.68580079,-1.24747455,-11.476016,0,0,0,0,1,8,0,0,0,0,0,0
Kinematic-Cluster4-Empty,313,6.27999973,0,-3.08217072,-1.60999012,-1.68025148,0,0,0,0,1,10,0,0,0,0,0,0
Kinematic-Cluster4-Empty,313,6.27999973,1,-2.70558667,-1.6183126,-3.72491455,0,0,0,0,1,13,0,0,0,0,0,0
Kinematic-Cluster4-Empty,313,6.27999973,2,-3.06076384,-1.23373485,-0.1508478,0,0,0,0,1,6,0,0,0,0,0,0
Kinematic-Cluster4-Empty,313,6.27999973,3,-2.68580079,-1.24747455,-11.476016,0,0,0,0,1,8,0,0,0,0,0,0
Kinematic-Cluster4-Empty,314,6.29999971,0,-3.08217072,-1.60999012,-1.68025148,0,0,0,0,1,10,0,0,0,0,0,0
Kinematic-Cluster4-Empty,314,6.29999971,1,-2.70558667,-1.6183126,-3.72491455,0,0,0,0,1,13,0,0,0,0,0,0
Kinematic-Cluster4-Empty,314,6.29999971,2,-3.06076384,-1.23373485,-0.1508478,0,0,0,0,1,6,0,0,0,0,0,0
Kinematic-Cluster4-Empty,314,6.29999971,3,-2.68580079,-1.24747455,-11.476016,0,0,0,0,1,8,0,0,0,0,0,0
Kinematic-Cluster4-Empty,315,6.31999969,0,-3.08217072,-1.60999012,-1.68025148,0,0,0,0,1,10,0,0,0,0,0,0
Kinematic-Cluster4-Empty,315,6.31999969,1,-2.70558667,-1.6183126,-3.72491455,0,0,0,0,1,13,0,0,0,0,0,0
Kinematic-Cluster4-Empty,315,6.31999969,2,-3.06076384,-1.23373485,-0.1508478,0,0,0,0,1,6,0,0,0,0,0,0
Kinematic-Cluster4-Empty,315,6.31999969,3,-2.68580079,-1.24747455,-11.476016,0,0,0,0,1,8,0,0,0,0,0,0
Kinematic-Cluster4-Empty,316,6.33999968,0,-3.08217072,-1.60999012,-1.68025148,0,0,0,0,1,10,0,0,0,0,0,0
Kinematic-Cluster4-Empty,316,6.33999968,1,-2.70558667,-1.6183126,-3.72491455,0,0,0,0,1,13,0,0,0,0,0,0
Kinematic-Cluster4-Empty,316,6.33999968,2,-3.06076384,-1.23373485,-0.1508478,0,0,0,0,1,6,0,0,0,0,0,0
Kinematic-Cluster4-Empty,316,6.33999968,3,-2.68580079,-1.24747455,-11.476016,0,0,0,0,1,8,0,0,0,0,0,0
Kinematic-Cluster4-Empty,317,6.35999966,0,-3.08217072,-1.60999012,-1.68025148,0,0,0,0,1,10,0,0,0,0,0,0
Kinematic-Cluster4-Empty,317,6.35999966,1,-2.70558667,-1.6183126,-3.72491455,0,0,0,0,1,13,0,0,0,0,0,0
Kinematic-Cluster4-Empty,317,6.35999966,2,-3.06076384,-1.23373485,-0.1508478,0,0,0,0,1,6,0,0,0,0,0,0
Kinematic-Cluster4-Empty,317,6.35999966,3,-2.68580079,-1.24747455,-11.476016,0,0,0,0,1,8,0,0,0,0,0,0
Kinematic-Cluster4-Empty,318,6.37999964,0,-3.08217072,-1.60999012,-1.68025148,0,0,0,0,1,10,0,0,0,0,0,0
Kinematic-Cluster4-Empty,318,6.37999964,1,-2.70558667,-1.6183126,-3.72491455,0,0,0,0,1,13,0,0,0,0,0,0
Kinematic-Cluster4-Empty,318,6.37999964,2,-3.06076384,-1.23373485,-0.1508478,0,0,0,0,1,6,0,0,0,0,0,0
Kinematic-Cluster4-Empty,318,6.37999964,3,-2.68580079,-1.24747455,-11.476016,0,0,0,0,1,8,0,0,0,0,0,0
Kinematic-Cluster4-Empty,319,6.39999962,0,-3.08217072,-1.60999012,-1.68025148,0,0,0,0,1,10,0,0,0,0,0,0
Kinematic-Cluster4-Empty,319,6.39999962,1,-2.70558667,-1.6183126,-3.72491455,0,0,0,0,1,13,0,0,0,0,0,0
Kinematic-Cluster4-Empty,319,6.39999962,2,-3.06076384,-1.23373485,-0.1508478,0,0,0,0,1,6,0,0,0,0,0,0
Kinematic-Cluster4-Empty,319,6.39999962,3,-2.68580079,-1.24747455,-11.476016,0,0,0,0,1,8,0,0,0,0,0,0
Kinematic-Cluster4-Empty,320,6.42,0,-3.08217072,-1.60999012,-1.68025148,0,0,0,0,1,10,0,0,0,0,0,0
Kinematic-Cluster4-Empty,320,6.42,1,-2.70558667,-1.6183126,-3.72491455,0,0,0,0,1,13,0,0,0,0,0,0
Kinematic-Cluster4-Empty,320,6.42,2,-3.06076384,-1.23373485,-0.1508478,0,0,0,0,1,6,0,0,0,0,0,0
Kinematic-Cluster4-Empty,320,6.42,3,-2.68580079,-1.24747455,-11.476016,0,0,0,0,1,8,0,0,0,0,0,0
Kinematic-Cluster4-Empty,321,6.44,0,-3.08217072,-1.60999012,-1.68025148,0,0,0,0,1,10,0,0,0,0,0,0
Kinematic-Cluster4-Empty,321,6.44,1,-2.70558667,-1.6183126,-3.72491455,0,0,0,0,1,13,0,0,0,0,0,0
Kinematic-Cluster4-Empty,321,6.44,2,-3.06076384,-1.23373485,-0.1508478,0,0,0,0,1,6,0,0,0,0,0,0
Kinematic-Cluster4-Empty,321,6.44,3,-2.68580079,-1.24747455,-11.476016,0,0,0,0,1,8,0,0,0,0,0,0
Kinematic-Cluster4-Empty,322,6.46,0,-3.08217072,-1.60999012,-1.68025148,0,0,0,0,1,10,0,0,0,0,0,0
Kinematic-Cluster4-Empty,322,6.46,1,-2.70558667,-1.6183126,-3.72491455,0,0,0,0,1,13,0,0,0,0,0,0
Kinematic-Cluster4-Empty,322,6.46,2,-3.06076384,-1.23373485,-0.1508478,0,0,0,0,1,6,0,0,0,0,0,0
Kinematic-Cluster4-Empty,322,6.46,3,-2.68580079,-1.24747455,-11.476016,0,0,0,0,1,8,0,0,0,0,0,0
Kinematic-Cluster4-Empty,323,6.48,0,-3.08217072,-1.60999012,-1.68025148,0,0,0,0,1,10,0,0,0,0,0,0
Kinematic-Cluster4-Empty,323,6.48,1,-2.70558667,-1.6183126,-3.72491455,0,0,0,0,1,13,0,0,0,0,0,0
Kinematic-Cluster4-Empty,323,6.48,2,-3.06076384,-1.23373485,-0.1508478,0,0,0,0,1,6,0,0,0,0,0,0
Kinematic-Cluster4-Empty,323,6.48,3,-2.68580079,-1.24747455,-11.476016,0,0,0,0,1,8,0,0,0,0,0,0
Kinematic-Cluster4-Empty,324,6.5,0,-3.08217072,-1.60999012,-1.68025148,0,0,0,0,1,10,0,0,0,0,0,0
Kinematic-Cluster4-Empty,324,6.5,1,-2.70558667,-1.6183126,-3.72491455,0,0,0,0,1,13,0,0,0,0,0,0
Kinematic-Cluster4-Empty,324,6.5,2,-3.06076384,-1.23373485,-0.1508478,0,0,0,0,1,6,0,0,0,0,0,0
Kinematic-Cluster4-Empty,324,6.5,3,-2.68580079,-1.24747455,-11.476016,0,0,0,0,1,8,0,0,0,0,0,0
Kinematic-Cluster4-Empty,325,6.52,0,-3.08217072,-1.60999012,-1.68025148,0,0,0,0,1,10,0,0,0,0,0,0
Kinematic-Cluster4-Empty,325,6.52,1,-2.70558667,-1.6183126,-3.72491455,0,0,0,0,1,13,0,0,0,0,0,0
Kinematic-Cluster4-Empty,325,6.52,2,-3.06076384,-1.23373485,-0.1508478,0,0,0,0,1,6,0,0,0,0,0,0
Kinematic-Cluster4-Empty,325,6.52,3,-2.68580079,-1.24747455,-11.476016,0,0,0,0,1,8,0,0,0,0,0,0
Kinematic-Cluster4-Empty,326,6.54,0,-3.08217072,-1.60999012,-1.68025148,0,0,0,0,1,10,0,0,0,0,0,0
Kinematic-Cluster4-Empty,326,6.54,1,-2.70558667,-1.6183126,-3.72491455,0,0,0,0,1,13,0,0,0,0,0,0
Kinematic-Cluster4-Empty,326,6.54,2,-3.06076384,-1.23373485,-0.1508478,0,0,0,0,1,6,0,0,0,0,0,0
Kinematic-Cluster4-Empty,326,6.54,3,-2.68580079,-1.24747455,-11.476016,0,0,0,0,1,8,0,0,0,0,0,0
Kinematic-Cluster4-Empty,327,6.56,0,-3.08217072,-1.60999012,-1.68025148,0,0,0,0,1,10,0,0,0,0,0,0
Kinematic-Cluster4-Empty,327,6.56,1,-2.70558667,-1.6183126,-3.72491455,0,0,0,0,1,13,0,0,0,0,0,0
Kinematic-Cluster4-Empty,327,6.56,2,-3.06076384,-1.23373485,-0.1508478,0,0,0,0,1,6,0,0,0,0,0,0
Kinematic-Cluster4-Empty,327,6.56,3,-2.68580079,-1.24747455,-11.476016,0,0,0,0,1,8,0,0,0,0,0,0
Kinematic-Cluster4-Empty,328,6.58,0,-3.08217072,-1.60999012,-1.68025148,0,0,0,0,1,10,0,0,0,0,0,0
Kinematic-Cluster4-Empty,328,6.58,1,-2.70558667,-1.6183126,-3.72491455,0,0,0,0,1,13,0,0,0,0,0,0
Kinematic-Cluster4-Empty,328,6.58,2,-3.06076384,-1.23373485,-0.1508478,0,0,0,0,1,6,0,0,0,0,0,0
Kinematic-Cluster4-Empty,328,6.58,3,-2.68580079,-1.24747455,-11.476016,0,0,0,0,1,8,0,0,0,0,0,0
Kinematic-Cluster4-Empty,329,6.6,0,-3.08217072,-1.60999012,-1.68025148,0,0,0,0,1,10,0,0,0,0,0,0
Kinematic-Cluster4-Empty,329,6.6,1,-2.70558667,-1.6183126,-3.72491455,0,0,0,0,1,13,0,0,0,0,0,0
Kinematic-Cluster4-Empty,329,6.6,2,-3.06076384,-1.23373485,-0.1508478,0,0,0,0,1,6,0,0,0,0,0,0
Kinematic-Cluster4-Empty,329,6.6,3,-2.68580079,-1.24747455,-11.476016,0,0,0,0,1,8,0,0,0,0,0,0
Kinematic-Cluster4-Empty,330,6.62,0,-3.08217072,-1.60999012,-1.68025148,0,0,0,0,1,10,0,0,0,0,0,0
Kinematic-Cluster4-Empty,330,6.62,1,-2.70558667,-1.6183126,-3.72491455,0,0,0,0,1,13,0,0,0,0,0,0
Kinematic-Cluster4-Empty,330,6.62,2,-3.06076384,-1.23373485,-0.1508478,0,0,0,0,1,6,0,0,0,0,0,0
Kinematic-Cluster4-Empty,330,6.62,3,-2.68580079,-1.24747455,-11.476016,0,0,0,0,1,8,0,0,0,0,0,0
Kinematic-Cluster4-Empty,331,6.64,0,-3.08217072,-1.60999012,-1.68025148,0,0,0,0,1,10,0,0,0,0,0,0
Kinematic-Cluster4-Empty,331,6.64,1,-2.70558667,-1.6183126,-3.72491455,0,0,0,0,1,13,0,0,0,0,0,0
Kinematic-Cluster4-Empty,331,6.64,2,-3.06076384,-1.23373485,-0.1508478,0,0,0,0,1,6,0,0,0,0,0,0
Kinematic-Cluster4-Empty,331,6.64,3,-2.68580079,-1.24747455,-11.476016,0,0,0,0,1,8,0,0,0,0,0,0
Kinematic-Cluster4-Empty,332,6.66,0,-3.08217072,-1.60999012,-1.68025148,0,0,0,0,1,10,0,0,0,0,0,0
Kinematic-Cluster4-Empty,332,6.66,1,-2.70558667,-1.6183126,-3.72491455,0,0,0,0,1,13,0,0,0,0,0,0
Kinematic-Cluster4-Empty,332,6.66,2,-3.06076384,-1.23373485,-0.1508478,0,0,0,0,1,6,0,0,0,0,0,0
Kinematic-Cluster4-Empty,332,6.66,3,-2.68580079,-1.24747455,-11.476016,0,0,0,0,1,8,0,0,0,0,0,0
Kinematic-Cluster4-Empty,333,6.68,0,-3.08217072,-1.60999012,-1.68025148,0,0,0,0,1,10,0,0,0,0,0,0
Kinematic-Cluster4-Empty,333,6.68,1,-2.70558667,-1.6183126,-3.72491455,0,0,0,0,1,13,0,0,0,0,0,0
Kinematic-Cluster4-Empty,333,6.68,2,-3.06076384,-1.23373485,-0.1508478,0,0,0,0,1,6,0,0,0,0,0,0
Kinematic-Cluster4-Empty,333,6.68,3,-2.68580079,-1.24747455,-11.476016,0,0,0,0,1,8,0,0,0,0,0,0
Kinematic-Cluster4-Empty,334,6.7,0,-3.08217072,-1.60999012,-1.68025148,0,0,0,0,1,10,0,0,0,0,0,0
Kinematic-Cluster4-Empty,334,6.7,1,-2.70558667,-1.6183126,-3.72491455,0,0,0,0,1,13,0,0,0,0,0,0
Kinematic-Cluster4-Empty,334,6.7,2,-3.06076384,-1.23373485,-0.1508478,0,0,0,0,1,6,0,0,0,0,0,0
Kinematic-Cluster4-Empty,334,6.7,3,-2.68580079,-1.24747455,-11.476016,0,0,0,0,1,8,0,0,0,0,0,0
Kinematic-Cluster4-Empty,335,6.72,0,-3.08217072,-1.60999012,-1.68025148,0,0,0,0,1,10,0,0,0,0,0,0
Kinematic-Cluster4-Empty,335,6.72,1,-2.70558667,-1.6183126,-3.72491455,0,0,0,0,1,13,0,0,0,0,0,0
Kinematic-Cluster4-Empty,335,6.72,2,-3.06076384,-1.23373485,-0.1508478,0,0,0,0,1,6,0,0,0,0,0,0
Kinematic-Cluster4-Empty,335,6.72,3,-2.68580079,-1.24747455,-11.476016,0,0,0,0,1,8,0,0,0,0,0,0
Kinematic-Cluster4-Empty,336,6.74,0,-3.08217072,-1.60999012,-1.68025148,0,0,0,0,1,10,0,0,0,0,0,0
Kinematic-Cluster4-Empty,336,6.74,1,-2.70558667,-1.6183126,-3.72491455,0,0,0,0,1,13,0,0,0,0,0,0
Kinematic-Cluster4-Empty,336,6.74,2,-3.06076384,-1.23373485,-0.1508478,0,0,0,0,1,6,0,0,0,0,0,0
Kinematic-Cluster4-Empty,336,6.74,3,-2.68580079,-1.24747455,-11.476016,0,0,0,0,1,8,0,0,0,0,0,0
Kinematic-Cluster4-Empty,337,6.75999975,0,-3.08217072,-1.60999012,-1.68025148,0,0,0,0,1,10,0,0,0,0,0,0
Kinematic-Cluster4-Empty,337,6.75999975,1,-2.70558667,-1.6183126,-3.72491455,0,0,0,0,1,13,0,0,0,0,0,0
Kinematic-Cluster4-Empty,337,6.75999975,2,-3.06076384,-1.23373485,-0.1508478,0,0,0,0,1,6,0,0,0,0,0,0
Kinematic-Cluster4-Empty,337,6.75999975,3,-2.68580079,-1.24747455,-11.476016,0,0,0,0,1,8,0,0,0,0,0,0
Kinematic-Cluster4-Empty,338,6.77999973,0,-3.08217072,-1.60999012,-1.68025148,0,0,0,0,1,10,0,0,0,0,0,0
Kinematic-Cluster4-Empty,338,6.77999973,1,-2.70558667,-1.6183126,-3.72491455,0,0,0,0,1,13,0,0,0,0,0,0
Kinematic-Cluster4-Empty,338,6.77999973,2,-3.06076384,-1.23373485,-0.1508478,0,0,0,0,1,6,0,0,0,0,0,0
Kinematic-Cluster4-Empty,338,6.77999973,3,-2.68580079,-1.24747455,-11.476016,0,0,0,0,1,8,0,0,0,0,0,0
Kinematic-Cluster4-Empty,339,6.79999971,0,-3.08217072,-1.60999012,-1.68025148,0,0,0,0,1,10,0,0,0,0,0,0
Kinematic-Cluster4-Empty,339,6.79999971,1,-2.70558667,-1.6183126,-3.72491455,0,0,0,0,1,13,0,0,0,0,0,0
Kinematic-Cluster4-Empty,339,6.79999971,2,-3.06076384,-1.23373485,-0.1508478,0,0,0,0,1,6,0,0,0,0,0,0
Kinematic-Cluster4-Empty,339,6.79999971,3,-2.68580079,-1.24747455,-11.476016,0,0,0,0,1,8,0,0,0,0,0,0
Kinematic-Cluster4-Empty,340,6.81999969,0,-3.08217072,-1.60999012,-1.68025148,0,0,0,0,1,10,0,0,0,0,0,0
Kinematic-Cluster4-Empty,340,6.81999969,1,-2.70558667,-1.6183126,-3.72491455,0,0,0,0,1,13,0,0,0,0,0,0
Kinematic-Cluster4-Empty,340,6.81999969,2,-3.06076384,-1.23373485,-0.1508478,0,0,0,0,1,6,0,0,0,0,0,0
Kinematic-Cluster4-Empty,340,6.81999969,3,-2.68580079,-1.24747455,-11.476016,0,0,0,0,1,8,0,0,0,0,0,0
Kinematic-Cluster4-Empty,341,6.83999968,0,-3.08217072,-1.60999012,-1.68025148,0,0,0,0,1,10,0,0,0,0,0,0
Kinematic-Cluster4-Empty,341,6.83999968,1,-2.70558667,-1.6183126,-3.72491455,0,0,0,0,1,13,0,0,0,0,0,0
Kinematic-Cluster4-Empty,341,6.83999968,2,-3.06076384,-1.23373485,-0.1508478,0,0,0,0,1,6,0,0,0,0,0,0
Kinematic-Cluster4-Empty,341,6.83999968,3,-2.68580079,-1.24747455,-11.476016,0,0,0,0,1,8,0,0,0,0,0,0
Kinematic-Cluster4-Empty,342,6.85999966,0,-3.08217072,-1.60999012,-1.68025148,0,0,0,0,1,10,0,0,0,0,0,0
Kinematic-Cluster4-Empty,342,6.85999966,1,-2.70558667,-1.6183126,-3.72491455,0,0,0,0,1,13,0,0,0,0,0,0
Kinematic-Cluster4-Empty,342,6.85999966,2,-3.06076384,-1.23373485,-0.1508478,0,0,0,0,1,6,0,0,0,0,0,0
Kinematic-Cluster4-Empty,342,6.85999966,3,-2.68580079,-1.24747455,-11.476016,0,0,0,0,1,8,0,0,0,0,0,0
Kinematic-Cluster4-Empty,343,6.87999964,0,-3.08217072,-1.60999012,-1.68025148,0,0,0,0,1,10,0,0,0,0,0,0
Kinematic-Cluster4-Empty,343,6.87999964,1,-2.70558667,-1.6183126,-3.72491455,0,0,0,0,1,13,0,0,0,0,0,0
Kinematic-Cluster4-Empty,343,6.87999964,2,-3.06076384,-1.23373485,-0.1508478,0,0,0,0,1,6,0,0,0,0,0,0
Kinematic-Cluster4-Empty,343,6.87999964,3,-2.68580079,-1.24747455,-11.476016,0,0,0,0,1,8,0,0,0,0,0,0
Kinematic-Cluster4-Empty,344,6.89999962,0,-3.08217072,-1.60999012,-1.68025148,0,0,0,0,1,10,0,0,0,0,0,0
Kinematic-Cluster4-Empty,344,6.89999962,1,-2.70558667,-1.6183126,-3.72491455,0,0,0,0,1,13,0,0,0,0,0,0
Kinematic-Cluster4-Empty,344,6.89999962,2,-3.06076384,-1.23373485,-0.1508478,0,0,0,0,1,6,0,0,0,0,0,0
Kinematic-Cluster4-Empty,344,6.89999962,3,-2.68580079,-1.24747455,-11.476016,0,0,0,0,1,8,0,0,0,0,0,0
Kinematic-Cluster4-Empty,345,6.92,0,-3.08217072,-1.60999012,-1.68025148,0,0,0,0,1,10,0,0,0,0,0,0
Kinematic-Cluster4-Empty,345,6.92,1,-2.70558667,-1.6183126,-3.72491455,0,0,0,0,1,13,0,0,0,0,0,0
Kinematic-Cluster4-Empty,345,6.92,2,-3.06076384,-1.23373485,-0.1508478,0,0,0,0,1,6,0,0,0,0,0,0
Kinematic-Cluster4-Empty,345,6.92,3,-2.68580079,-1.24747455,-11.476016,0,0,0,0,1,8,0,0,0,0,0,0
Kinematic-Cluster4-Empty,346,6.94,0,-3.08217072,-1.60999012,-1.68025148,0,0,0,0,1,10,0,0,0,0,0,0
Kinematic-Cluster4-Empty,346,6.94,1,-2.70558667,-1.6183126,-3.72491455,0,0,0,0,1,13,0,0,0,0,0,0
Kinematic-Cluster4-Empty,346,6.94,2,-3.06076384,-1.23373485,-0.1508478,0,0,0,0,1,6,0,0,0,0,0,0
Kinematic-Cluster4-Empty,346,6.94,3,-2.68580079,-1.24747455,-11.476016,0,0,0,0,1,8,0,0,0,0,0,0
Kinematic-Cluster4-Empty,347,6.96,0,-3.08217072,-1.60999012,-1.68025148,0,0,0,0,1,10,0,0,0,0,0,0
Kinematic-Cluster4-Empty,347,6.96,1,-2.70558667,-1.6183126,-3.72491455,0,0,0,0,1,13,0,0,0,0,0,0
Kinematic-Cluster4-Empty,347,6.96,2,-3.06076384,-1.23373485,-0.1508478,0,0,0,0,1,6,0,0,0,0,0,0
Kinematic-Cluster4-Empty,347,6.96,3,-2.68580079,-1.24747455,-11.476016,0,0,0,0,1,8,0,0,0,0,0,0
Kinematic-Cluster4-Empty,348,6.98,0,-3.08217072,-1.60999012,-1.68025148,0,0,0,0,1,10,0,0,0,0,0,0
Kinematic-Cluster4-Empty,348,6.98,1,-2.70558667,-1.6183126,-3.72491455,0,0,0,0,1,13,0,0,0,0,0,0
Kinematic-Cluster4-Empty,348,6.98,2,-3.06076384,-1.23373485,-0.1508478,0,0,0,0,1,6,0,0,0,0,0,0
Kinematic-Cluster4-Empty,348,6.98,3,-2.68580079,-1.24747455,-11.476016,0,0,0,0,1,8,0,0,0,0,0,0
Kinematic-Cluster4-Empty,349,7,0,-3.08217072,-1.60999012,-1.68025148,0,0,0,0,1,10,0,0,0,0,0,0
Kinematic-Cluster4-Empty,349,7,1,-2.70558667,-1.6183126,-3.72491455,0,0,0,0,1,13,0,0,0,0,0,0
Kinematic-Cluster4-Empty,349,7,2,-3.06076384,-1.23373485,-0.1508478,0,0,0,0,1,6,0,0,0,0,0,0
Kinematic-Cluster4-Empty,349,7,3,-2.68580079,-1.24747455,-11.476016,0,0,0,0,1,8,0,0,0,0,0,0
Kinematic-Cluster4-Empty,350,7.02,0,-3.08217072,-1.60999012,-1.68025148,0,0,0,0,1,10,0,0,0,0,0,0
Kinematic-Cluster4-Empty,350,7.02,1,-2.70558667,-1.6183126,-3.72491455,0,0,0,0,1,13,0,0,0,0,0,0
Kinematic-Cluster4-Empty,350,7.02,2,-3.06076384,-1.23373485,-0.1508478,0,0,0,0,1,6,0,0,0,0,0,0
Kinematic-Cluster4-Empty,350,7.02,3,-2.68580079,-1.24747455,-11.476016,0,0,0,0,1,8,0,0,0,0,0,0
Kinematic-Cluster4-Empty,351,7.04,0,-3.08217072,-1.60999012,-1.68025148,0,0,0,0,1,10,0,0,0,0,0,0
Kinematic-Cluster4-Empty,351,7.04,1,-2.70558667,-1.6183126,-3.72491455,0,0,0,0,1,13,0,0,0,0,0,0
Kinematic-Cluster4-Empty,351,7.04,2,-3.06076384,-1.23373485,-0.1508478,0,0,0,0,1,6,0,0,0,0,0,0
Kinematic-Cluster4-Empty,351,7.04,3,-2.68580079,-1.24747455,-11.476016,0,0,0,0,1,8,0,0,0,0,0,0
Kinematic-Cluster4-Empty,352,7.06,0,-3.08217072,-1.60999012,-1.68025148,0,0,0,0,1,10,0,0,0,0,0,0
Kinematic-Cluster4-Empty,352,7.06,1,-2.70558667,-1.6183126,-3.72491455,0,0,0,0,1,13,0,0,0,0,0,0
Kinematic-Cluster4-Empty,352,7.06,2,-3.06076384,-1.23373485,-0.1508478,0,0,0,0,1,6,0,0,0,0,0,0
Kinematic-Cluster4-Empty,352,7.06,3,-2.68580079,-1.24747455,-11.476016,0,0,0,0,1,8,0,0,0,0,0,0
Kinematic-Cluster4-Empty,353,7.08,0,-3.08217072,-1.60999012,-1.68025148,0,0,0,0,1,10,0,0,0,0,0,0
Kinematic-Cluster4-Empty,353,7.08,1,-2.70558667,-1.6183126,-3.72491455,0,0,0,0,1,13,0,0,0,0,0,0
Kinematic-Cluster4-Empty,353,7.08,2,-3.06076384,-1.23373485,-0.1508478,0,0,0,0,1,6,0,0,0,0,0,0
Kinematic-Cluster4-Empty,353,7.08,3,-2.68580079,-1.24747455,-11.476016,0,0,0,0,1,8,0,0,0,0,0,0
Kinematic-Cluster4-Empty,354,7.1,0,-3.08217072,-1.60999012,-1.68025148,0,0,0,0,1,10,0,0,0,0,0,0
Kinematic-Cluster4-Empty,354,7.1,1,-2.70558667,-1.6183126,-3.72491455,0,0,0,0,1,13,0,0,0,0,0,0
Kinematic-Cluster4-Empty,354,7.1,2,-3.06076384,-1.23373485,-0.1508478,0,0,0,0,1,6,0,0,0,0,0,0
Kinematic-Cluster4-Empty,354,7.1,3,-2.68580079,-1.24747455,-11.476016,0,0,0,0,1,8,0,0,0,0,0,0
Kinematic-Cluster4-Empty,355,7.12,0,-3.08217072,-1.60999012,-1.68025148,0,0,0,0,1,10,0,0,0,0,0,0
Kinematic-Cluster4-Empty,355,7.12,1,-2.70558667,-1.6183126,-3.72491455,0,0,0,0,1,13,0,0,0,0,0,0
Kinematic-Cluster4-Empty,355,7.12,2,-3.06076384,-1.23373485,-0.1508478,0,0,0,0,1,6,0,0,0,0,0,0
Kinematic-Cluster4-Empty,355,7.12,3,-2.68580079,-1.24747455,-11.476016,0,0,0,0,1,8,0,0,0,0,0,0
Kinematic-Cluster4-Empty,356,7.14,0,-3.08217072,-1.60999012,-1.68025148,0,0,0,0,1,10,0,0,0,0,0,0
Kinematic-Cluster4-Empty,356,7.14,1,-2.70558667,-1.6183126,-3.72491455,0,0,0,0,1,13,0,0,0,0,0,0
Kinematic-Cluster4-Empty,356,7.14,2,-3.06076384,-1.23373485,-0.1508478,0,0,0,0,1,6,0,0,0,0,0,0
Kinematic-Cluster4-Empty,356,7.14,3,-2.68580079,-1.24747455,-11.476016,0,0,0,0,1,8,0,0,0,0,0,0
Kinematic-Cluster4-Empty,357,7.16,0,-3.08217072,-1.60999012,-1.68025148,0,0,0,0,1,10,0,0,0,0,0,0
Kinematic-Cluster4-Empty,357,7.16,1,-2.70558667,-1.6183126,-3.72491455,0,0,0,0,1,13,0,0,0,0,0,0
Kinematic-Cluster4-Empty,357,7.16,2,-3.06076384,-1.23373485,-0.1508478,0,0,0,0,1,6,0,0,0,0,0,0
Kinematic-Cluster4-Empty,357,7.16,3,-2.68580079,-1.24747455,-11.476016,0,0,0,0,1,8,0,0,0,0,0,0
Kinematic-Cluster4-Empty,358,7.18,0,-3.08217072,-1.60999012,-1.68025148,0,0,0,0,1,10,0,0,0,0,0,0
Kinematic-Cluster4-Empty,358,7.18,1,-2.70558667,-1.6183126,-3.72491455,0,0,0,0,1,13,0,0,0,0,0,0
Kinematic-Cluster4-Empty,358,7.18,2,-3.06076384,-1.23373485,-0.1508478,0,0,0,0,1,6,0,0,0,0,0,0
Kinematic-Cluster4-Empty,358,7.18,3,-2.68580079,-1.24747455,-11.476016,0,0,0,0,1,8,0,0,0,0,0,0
Kinematic-Cluster4-Empty,359,7.2,0,-3.08217072,-1.60999012,-1.68025148,0,0,0,0,1,10,0,0,0,0,0,0
Kinematic-Cluster4-Empty,359,7.2,1,-2.70558667,-1.6183126,-3.72491455,0,0,0,0,1,13,0,0,0,0,0,0
Kinematic-Cluster4-Empty,359,7.2,2,-3.06076384,-1.23373485,-0.1508478,0,0,0,0,1,6,0,0,0,0,0,0
Kinematic-Cluster4-Empty,359,7.2,3,-2.68580079,-1.24747455,-11.476016,0,0,0,0,1,8,0,0,0,0,0,0
Kinematic-Cluster4-Empty,360,7.22,0,-3.08217072,-1.60999012,-1.68025148,0,0,0,0,1,10,0,0,0,0,0,0
Kinematic-Cluster4-Empty,360,7.22,1,-2.70558667,-1.6183126,-3.72491455,0,0,0,0,1,13,0,0,0,0,0,0
Kinematic-Cluster4-Empty,360,7.22,2,-3.06076384,-1.23373485,-0.1508478,0,0,0,0,1,6,0,0,0,0,0,0
Kinematic-Cluster4-Empty,360,7.22,3,-2.68580079,-1.24747455,-11.476016,0,0,0,0,1,8,0,0,0,0,0,0
Kinematic-Cluster4-Empty,361,7.24,0,-3.08217072,-1.60999012,-1.68025148,0,0,0,0,1,10,0,0,0,0,0,0
Kinematic-Cluster4-Empty,361,7.24,1,-2.70558667,-1.6183126,-3.72491455,0,0,0,0,1,13,0,0,0,0,0,0
Kinematic-Cluster4-Empty,361,7.24,2,-3.06076384,-1.23373485,-0.1508478,0,0,0,0,1,6,0,0,0,0,0,0
Kinematic-Cluster4-Empty,361,7.24,3,-2.68580079,-1.24747455,-11.476016,0,0,0,0,1,8,0,0,0,0,0,0
Kinematic-Cluster4-Empty,362,7.25999975,0,-3.08217072,-1.60999012,-1.68025148,0,0,0,0,1,10,0,0,0,0,0,0
Kinematic-Cluster4-Empty,362,7.25999975,1,-2.70558667,-1.6183126,-3.72491455,0,0,0,0,1,13,0,0,0,0,0,0
Kinematic-Cluster4-Empty,362,7.25999975,2,-3.06076384,-1.23373485,-0.1508478,0,0,0,0,1,6,0,0,0,0,0,0
Kinematic-Cluster4-Empty,362,7.25999975,3,-2.68580079,-1.24747455,-11.476016,0,0,0,0,1,8,0,0,0,0,0,0
Kinematic-Cluster4-Empty,363,7.27999973,0,-3.08217072,-1.60999012,-1.68025148,0,0,0,0,1,10,0,0,0,0,0,0
Kinematic-Cluster4-Empty,363,7.27999973,1,-2.70558667,-1.6183126,-3.72491455,0,0,0,0,1,13,0,0,0,0,0,0
Kinematic-Cluster4-Empty,363,7.27999973,2,-3.06076384,-1.23373485,-0.1508478,0,0,0,0,1,6,0,0,0,0,0,0
Kinematic-Cluster4-Empty,363,7.27999973,3,-2.68580079,-1.24747455,-11.476016,0,0,0,0,1,8,0,0,0,0,0,0
Kinematic-Cluster4-Empty,364,7.29999971,0,-3.08217072,-1.60999012,-1.68025148,0,0,0,0,1,10,0,0,0,0,0,0
Kinematic-Cluster4-Empty,364,7.29999971,1,-2.70558667,-1.6183126,-3.72491455,0,0,0,0,1,13,0,0,0,0,0,0
Kinematic-Cluster4-Empty,364,7.29999971,2,-3.06076384,-1.23373485,-0.1508478,0,0,0,0,1,6,0,0,0,0,0,0
Kinematic-Cluster4-Empty,364,7.29999971,3,-2.68580079,-1.24747455,-11.476016,0,0,0,0,1,8,0,0,0,0,0,0
Kinematic-Cluster4-Empty,365,7.31999969,0,-3.08217072,-1.60999012,-1.68025148,0,0,0,0,1,10,0,0,0,0,0,0
Kinematic-Cluster4-Empty,365,7.31999969,1,-2.70558667,-1.6183126,-3.72491455,0,0,0,0,1,13,0,0,0,0,0,0
Kinematic-Cluster4-Empty,365,7.31999969,2,-3.06076384,-1.23373485,-0.1508478,0,0,0,0,1,6,0,0,0,0,0,0
Kinematic-Cluster4-Empty,365,7.31999969,3,-2.68580079,-1.24747455,-11.476016,0,0,0,0,1,8,0,0,0,0,0,0
Kinematic-Cluster4-Empty,366,7.33999968,0,-3.08217072,-1.60999012,-1.68025148,0,0,0,0,1,10,0,0,0,0,0,0
Kinematic-Cluster4-Empty,366,7.33999968,1,-2.70558667,-1.6183126,-3.72491455,0,0,0,0,1,13,0,0,0,0,0,0
Kinematic-Cluster4-Empty,366,7.33999968,2,-3.06076384,-1.23373485,-0.1508478,0,0,0,0,1,6,0,0,0,0,0,0
Kinematic-Cluster4-Empty,366,7.33999968,3,-2.68580079,-1.24747455,-11.476016,0,0,0,0,1,8,0,0,0,0,0,0
Kinematic-Cluster4-Empty,367,7.35999966,0,-3.08217072,-1.60999012,-1.68025148,0,0,0,0,1,10,0,0,0,0,0,0
Kinematic-Cluster4-Empty,367,7.35999966,1,-2.70558667,-1.6183126,-3.72491455,0,0,0,0,1,13,0,0,0,0,0,0
Kinematic-Cluster4-Empty,367,7.35999966,2,-3.06076384,-1.23373485,-0.1508478,0,0,0,0,1,6,0,0,0,0,0,0
Kinematic-Cluster4-Empty,367,7.35999966,3,-2.68580079,-1.24747455,-11.476016,0,0,0,0,1,8,0,0,0,0,0,0
Kinematic-Cluster4-Empty,368,7.37999964,0,-3.08217072,-1.60999012,-1.68025148,0,0,0,0,1,10,0,0,0,0,0,0
Kinematic-Cluster4-Empty,368,7.37999964,1,-2.70558667,-1.6183126,-3.72491455,0,0,0,0,1,13,0,0,0,0,0,0
Kinematic-Cluster4-Empty,368,7.37999964,2,-3.06076384,-1.23373485,-0.1508478,0,0,0,0,1,6,0,0,0,0,0,0
Kinematic-Cluster4-Empty,368,7.37999964,3,-2.68580079,-1.24747455,-11.476016,0,0,0,0,1,8,0,0,0,0,0,0
Kinematic-Cluster4-Empty,369,7.39999962,0,-3.08217072,-1.60999012,-1.68025148,0,0,0,0,1,10,0,0,0,0,0,0
Kinematic-Cluster4-Empty,369,7.39999962,1,-2.70558667,-1.6183126,-3.72491455,0,0,0,0,1,13,0,0,0,0,0,0
Kinematic-Cluster4-Empty,369,7.39999962,2,-3.06076384,-1.23373485,-0.1508478,0,0,0,0,1,6,0,0,0,0,0,0
Kinematic-Cluster4-Empty,369,7.39999962,3,-2.68580079,-1.24747455,-11.476016,0,0,0,0,1,8,0,0,0,0,0,0
Kinematic-Cluster4-Empty,370,7.4199996,0,-3.08217072,-1.60999012,-1.68025148,0,0,0,0,1,10,0,0,0,0,0,0
Kinematic-Cluster4-Empty,370,7.4199996,1,-2.70558667,-1.6183126,-3.72491455,0,0,0,0,1,13,0,0,0,0,0,0
Kinematic-Cluster4-Empty,370,7.4199996,2,-3.06076384,-1.23373485,-0.1508478,0,0,0,0,1,6,0,0,0,0,0,0
Kinematic-Cluster4-Empty,370,7.4199996,3,-2.68580079,-1.24747455,-11.476016,0,0,0,0,1,8,0,0,0,0,0,0
Kinematic-Cluster4-Empty,371,7.44,0,-3.08217072,-1.60999012,-1.68025148,0,0,0,0,1,10,0,0,0,0,0,0
Kinematic-Cluster4-Empty,371,7.44,1,-2.70558667,-1.6183126,-3.72491455,0,0,0,0,1,13,0,0,0,0,0,0
Kinematic-Cluster4-Empty,371,7.44,2,-3.06076384,-1.23373485,-0.1508478,0,0,0,0,1,6,0,0,0,0,0,0
Kinematic-Cluster4-Empty,371,7.44,3,-2.68580079,-1.24747455,-11.476016,0,0,0,0,1,8,0,0,0,0,0,0
Kinematic-Cluster4-Empty,372,7.46,0,-3.08217072,-1.60999012,-1.68025148,0,0,0,0,1,10,0,0,0,0,0,0
Kinematic-Cluster4-Empty,372,7.46,1,-2.70558667,-1.6183126,-3.72491455,0,0,0,0,1,13,0,0,0,0,0,0
Kinematic-Cluster4-Empty,372,7.46,2,-3.06076384,-1.23373485,-0.1508478,0,0,0,0,1,6,0,0,0,0,0,0
Kinematic-Cluster4-Empty,372,7.46,3,-2.68580079,-1.24747455,-11.476016,0,0,0,0,1,8,0,0,0,0,0,0
Kinematic-Cluster4-Empty,373,7.48,0,-3.08217072,-1.60999012,-1.68025148,0,0,0,0,1,10,0,0,0,0,0,0
Kinematic-Cluster4-Empty,373,7.48,1,-2.70558667,-1.6183126,-3.72491455,0,0,0,0,1,13,0,0,0,0,0,0
Kinematic-Cluster4-Empty,373,7.48,2,-3.06076384,-1.23373485,-0.1508478,0,0,0,0,1,6,0,0,0,0,0,0
Kinematic-Cluster4-Empty,373,7.48,3,-2.68580079,-1.24747455,-11.476016,0,0,0,0,1,8,0,0,0,0,0,0
Kinematic-Cluster4-Empty,374,7.5,0,-3.08217072,-1.60999012,-1.68025148,0,0,0,0,1,10,0,0,0,0,0,0
Kinematic-Cluster4-Empty,374,7.5,1,-2.70558667,-1.6183126,-3.72491455,0,0,0,0,1,13,0,0,0,0,0,0
Kinematic-Cluster4-Empty,374,7.5,2,-3.06076384,-1.23373485,-0.1508478,0,0,0,0,1,6,0,0,0,0,0,0
Kinematic-Cluster4-Empty,374,7.5,3,-2.68580079,-1.24747455,-11.476016,0,0,0,0,1,8,0,0,0,0,0,0
Kinematic-Cluster4-Empty,375,7.52,0,-3.08217072,-1.60999012,-1.68025148,0,0,0,0,1,10,0,0,0,0,0,0
Kinematic-Cluster4-Empty,375,7.52,1,-2.70558667,-1.6183126,-3.72491455,0,0,0,0,1,13,0,0,0,0,0,0
Kinematic-Cluster4-Empty,375,7.52,2,-3.06076384,-1.23373485,-0.1508478,0,0,0,0,1,6,0,0,0,0,0,0
Kinematic-Cluster4-Empty,375,7.52,3,-2.68580079,-1.24747455,-11.476016,0,0,0,0,1,8,0,0,0,0,0,0
Kinematic-Cluster4-Empty,376,7.54,0,-3.08217072,-1.60999012,-1.68025148,0,0,0,0,1,10,0,0,0,0,0,0
Kinematic-Cluster4-Empty,376,7.54,1,-2.70558667,-1.6183126,-3.72491455,0,0,0,0,1,13,0,0,0,0,0,0
Kinematic-Cluster4-Empty,376,7.54,2,-3.06076384,-1.23373485,-0.1508478,0,0,0,0,1,6,0,0,0,0,0,0
Kinematic-Cluster4-Empty,376,7.54,3,-2.68580079,-1.24747455,-11.476016,0,0,0,0,1,8,0,0,0,0,0,0
Kinematic-Cluster4-Empty,377,7.56,0,-3.08217072,-1.60999012,-1.68025148,0,0,0,0,1,10,0,0,0,0,0,0
Kinematic-Cluster4-Empty,377,7.56,1,-2.70558667,-1.6183126,-3.72491455,0,0,0,0,1,13,0,0,0,0,0,0
Kinematic-Cluster4-Empty,377,7.56,2,-3.06076384,-1.23373485,-0.1508478,0,0,0,0,1,6,0,0,0,0,0,0
Kinematic-Cluster4-Empty,377,7.56,3,-2.68580079,-1.24747455,-11.476016,0,0,0,0,1,8,0,0,0,0,0,0
Kinematic-Cluster4-Empty,378,7.58,0,-3.08217072,-1.60999012,-1.68025148,0,0,0,0,1,10,0,0,0,0,0,0
Kinematic-Cluster4-Empty,378,7.58,1,-2.70558667,-1.6183126,-3.72491455,0,0,0,0,1,13,0,0,0,0,0,0
Kinematic-Cluster4-Empty,378,7.58,2,-3.06076384,-1.23373485,-0.1508478,0,0,0,0,1,6,0,0,0,0,0,0
Kinematic-Cluster4-Empty,378,7.58,3,-2.68580079,-1.24747455,-11.476016,0,0,0,0,1,8,0,0,0,0,0,0
Kinematic-Cluster4-Empty,379,7.6,0,-3.08217072,-1.60999012,-1.68025148,0,0,0,0,1,10,0,0,0,0,0,0
Kinematic-Cluster4-Empty,379,7.6,1,-2.70558667,-1.6183126,-3.72491455,0,0,0,0,1,13,0,0,0,0,0,0
Kinematic-Cluster4-Empty,379,7.6,2,-3.06076384,-1.23373485,-0.1508478,0,0,0,0,1,6,0,0,0,0,0,0
Kinematic-Cluster4-Empty,379,7.6,3,-2.68580079,-1.24747455,-11.476016,0,0,0,0,1,8,0,0,0,0,0,0
Kinematic-Cluster4-Empty,380,7.62,0,-3.08217072,-1.60999012,-1.68025148,0,0,0,0,1,10,0,0,0,0,0,0
Kinematic-Cluster4-Empty,380,7.62,1,-2.70558667,-1.6183126,-3.72491455,0,0,0,0,1,13,0,0,0,0,0,0
Kinematic-Cluster4-Empty,380,7.62,2,-3.06076384,-1.23373485,-0.1508478,0,0,0,0,1,6,0,0,0,0,0,0
Kinematic-Cluster4-Empty,380,7.62,3,-2.68580079,-1.24747455,-11.476016,0,0,0,0,1,8,0,0,0,0,0,0
Kinematic-Cluster4-Empty,381,7.64,0,-3.08217072,-1.60999012,-1.68025148,0,0,0,0,1,10,0,0,0,0,0,0
Kinematic-Cluster4-Empty,381,7.64,1,-2.70558667,-1.6183126,-3.72491455,0,0,0,0,1,13,0,0,0,0,0,0
Kinematic-Cluster4-Empty,381,7.64,2,-3.06076384,-1.23373485,-0.1508478,0,0,0,0,1,6,0,0,0,0,0,0
Kinematic-Cluster4-Empty,381,7.64,3,-2.68580079,-1.24747455,-11.476016,0,0,0,0,1,8,0,0,0,0,0,0
Kinematic-Cluster4-Empty,382,7.66,0,-3.08217072,-1.60999012,-1.68025148,0,0,0,0,1,10,0,0,0,0,0,0
Kinematic-Cluster4-Empty,382,7.66,1,-2.70558667,-1.6183126,-3.72491455,0,0,0,0,1,13,0,0,0,0,0,0
Kinematic-Cluster4-Empty,382,7.66,2,-3.06076384,-1.23373485,-0.1508478,0,0,0,0,1,6,0,0,0,0,0,0
Kinematic-Cluster4-Empty,382,7.66,3,-2.68580079,-1.24747455,-11.476016,0,0,0,0,1,8,0,0,0,0,0,0
Kinematic-Cluster4-Empty,383,7.68,0,-3.08217072,-1.60999012,-1.68025148,0,0,0,0,1,10,0,0,0,0,0,0
Kinematic-Cluster4-Empty,383,7.68,1,-2.70558667,-1.6183126,-3.72491455,0,0,0,0,1,13,0,0,0,0,0,0
Kinematic-Cluster4-Empty,383,7.68,2,-3.06076384,-1.23373485,-0.1508478,0,0,0,0,1,6,0,0,0,0,0,0
Kinematic-Cluster4-Empty,383,7.68,3,-2.68580079,-1.24747455,-11.476016,0,0,0,0,1,8,0,0,0,0,0,0
Kinematic-Cluster4-Empty,384,7.7,0,-3.08217072,-1.60999012,-1.68025148,0,0,0,0,1,10,0,0,0,0,0,0
Kinematic-Cluster4-Empty,384,7.7,1,-2.70558667,-1.6183126,-3.72491455,0,0,0,0,1,13,0,0,0,0,0,0
Kinematic-Cluster4-Empty,384,7.7,2,-3.06076384,-1.23373485,-0.1508478,0,0,0,0,1,6,0,0,0,0,0,0
Kinematic-Cluster4-Empty,384,7.7,3,-2.68580079,-1.24747455,-11.476016,0,0,0,0,1,8,0,0,0,0,0,0
Kinematic-Cluster4-Empty,385,7.72,0,-3.08217072,-1.60999012,-1.68025148,0,0,0,0,1,10,0,0,0,0,0,0
Kinematic-Cluster4-Empty,385,7.72,1,-2.70558667,-1.6183126,-3.72491455,0,0,0,0,1,13,0,0,0,0,0,0
Kinematic-Cluster4-Empty,385,7.72,2,-3.06076384,-1.23373485,-0.1508478,0,0,0,0,1,6,0,0,0,0,0,0
Kinematic-Cluster4-Empty,385,7.72,3,-2.68580079,-1.24747455,-11.476016,0,0,0,0,1,8,0,0,0,0,0,0
Kinematic-Cluster4-Empty,386,7.74,0,-3.08217072,-1.60999012,-1.68025148,0,0,0,0,1,10,0,0,0,0,0,0
Kinematic-Cluster4-Empty,386,7.74,1,-2.70558667,-1.6183126,-3.72491455,0,0,0,0,1,13,0,0,0,0,0,0
Kinematic-Cluster4-Empty,386,7.74,2,-3.06076384,-1.23373485,-0.1508478,0,0,0,0,1,6,0,0,0,0,0,0
Kinematic-Cluster4-Empty,386,7.74,3,-2.68580079,-1.24747455,-11.476016,0,0,0,0,1,8,0,0,0,0,0,0
Kinematic-Cluster4-Empty,387,7.75999975,0,-3.08217072,-1.60999012,-1.68025148,0,0,0,0,1,10,0,0,0,0,0,0
Kinematic-Cluster4-Empty,387,7.75999975,1,-2.70558667,-1.6183126,-3.72491455,0,0,0,0,1,13,0,0,0,0,0,0
Kinematic-Cluster4-Empty,387,7.75999975,2,-3.06076384,-1.23373485,-0.1508478,0,0,0,0,1,6,0,0,0,0,0,0
Kinematic-Cluster4-Empty,387,7.75999975,3,-2.68580079,-1.24747455,-11.476016,0,0,0,0,1,8,0,0,0,0,0,0
Kinematic-Cluster4-Empty,388,7.77999973,0,-3.08217072,-1.60999012,-1.68025148,0,0,0,0,1,10,0,0,0,0,0,0
Kinematic-Cluster4-Empty,388,7.77999973,1,-2.70558667,-1.6183126,-3.72491455,0,0,0,0,1,13,0,0,0,0,0,0
Kinematic-Cluster4-Empty,388,7.77999973,2,-3.06076384,-1.23373485,-0.1508478,0,0,0,0,1,6,0,0,0,0,0,0
Kinematic-Cluster4-Empty,388,7.77999973,3,-2.68580079,-1.24747455,-11.476016,0,0,0,0,1,8,0,0,0,0,0,0
Kinematic-Cluster4-Empty,389,7.79999971,0,-3.08217072,-1.60999012,-1.68025148,0,0,0,0,1,10,0,0,0,0,0,0
Kinematic-Cluster4-Empty,389,7.79999971,1,-2.70558667,-1.6183126,-3.72491455,0,0,0,0,1,13,0,0,0,0,0,0
Kinematic-Cluster4-Empty,389,7.79999971,2,-3.06076384,-1.23373485,-0.1508478,0,0,0,0,1,6,0,0,0,0,0,0
Kinematic-Cluster4-Empty,389,7.79999971,3,-2.68580079,-1.24747455,-11.476016,0,0,0,0,1,8,0,0,0,0,0,0
Kinematic-Cluster4-Empty,390,7.81999969,0,-3.08217072,-1.60999012,-1.68025148,0,0,0,0,1,10,0,0,0,0,0,0
Kinematic-Cluster4-Empty,390,7.81999969,1,-2.70558667,-1.6183126,-3.72491455,0,0,0,0,1,13,0,0,0,0,0,0
Kinematic-Cluster4-Empty,390,7.81999969,2,-3.06076384,-1.23373485,-0.1508478,0,0,0,0,1,6,0,0,0,0,0,0
Kinematic-Cluster4-Empty,390,7.81999969,3,-2.68580079,-1.24747455,-11.476016,0,0,0,0,1,8,0,0,0,0,0,0
Kinematic-Cluster4-Empty,391,7.83999968,0,-3.08217072,-1.60999012,-1.68025148,0,0,0,0,1,10,0,0,0,0,0,0
Kinematic-Cluster4-Empty,391,7.83999968,1,-2.70558667,-1.6183126,-3.72491455,0,0,0,0,1,13,0,0,0,0,0,0
Kinematic-Cluster4-Empty,391,7.83999968,2,-3.06076384,-1.23373485,-0.1508478,0,0,0,0,1,6,0,0,0,0,0,0
Kinematic-Cluster4-Empty,391,7.83999968,3,-2.68580079,-1.24747455,-11.476016,0,0,0,0,1,8,0,0,0,0,0,0
Kinematic-Cluster4-Empty,392,7.85999966,0,-3.08217072,-1.60999012,-1.68025148,0,0,0,0,1,10,0,0,0,0,0,0
Kinematic-Cluster4-Empty,392,7.85999966,1,-2.70558667,-1.6183126,-3.72491455,0,0,0,0,1,13,0,0,0,0,0,0
Kinematic-Cluster4-Empty,392,7.85999966,2,-3.06076384,-1.23373485,-0.1508478,0,0,0,0,1,6,0,0,0,0,0,0
Kinematic-Cluster4-Empty,392,7.85999966,3,-2.68580079,-1.24747455,-11.476016,0,0,0,0,1,8,0,0,0,0,0,0
Kinematic-Cluster4-Empty,393,7.87999964,0,-3.08217072,-1.60999012,-1.68025148,0,0,0,0,1,10,0,0,0,0,0,0
Kinematic-Cluster4-Empty,393,7.87999964,1,-2.70558667,-1.6183126,-3.72491455,0,0,0,0,1,13,0,0,0,0,0,0
Kinematic-Cluster4-Empty,393,7.87999964,2,-3.06076384,-1.23373485,-0.1508478,0,0,0,0,1,6,0,0,0,0,0,0
Kinematic-Cluster4-Empty,393,7.87999964,3,-2.68580079,-1.24747455,-11.476016,0,0,0,0,1,8,0,0,0,0,0,0
Kinematic-Cluster4-Empty,394,7.89999962,0,-3.08217072,-1.60999012,-1.68025148,0,0,0,0,1,10,0,0,0,0,0,0
Kinematic-Cluster4-Empty,394,7.89999962,1,-2.70558667,-1.6183126,-3.72491455,0,0,0,0,1,13,0,0,0,0,0,0
Kinematic-Cluster4-Empty,394,7.89999962,2,-3.06076384,-1.23373485,-0.1508478,0,0,0,0,1,6,0,0,0,0,0,0
Kinematic-Cluster4-Empty,394,7.89999962,3,-2.68580079,-1.24747455,-11.476016,0,0,0,0,1,8,0,0,0,0,0,0
Kinematic-Cluster4-Empty,395,7.9199996,0,-3.08217072,-1.60999012,-1.68025148,0,0,0,0,1,10,0,0,0,0,0,0
Kinematic-Cluster4-Empty,395,7.9199996,1,-2.70558667,-1.6183126,-3.72491455,0,0,0,0,1,13,0,0,0,0,0,0
Kinematic-Cluster4-Empty,395,7.9199996,2,-3.06076384,-1.23373485,-0.1508478,0,0,0,0,1,6,0,0,0,0,0,0
Kinematic-Cluster4-Empty,395,7.9199996,3,-2.68580079,-1.24747455,-11.476016,0,0,0,0,1,8,0,0,0,0,0,0
Kinematic-Cluster4-Empty,396,7.94,0,-3.08217072,-1.60999012,-1.68025148,0,0,0,0,1,10,0,0,0,0,0,0
Kinematic-Cluster4-Empty,396,7.94,1,-2.70558667,-1.6183126,-3.72491455,0,0,0,0,1,13,0,0,0,0,0,0
Kinematic-Cluster4-Empty,396,7.94,2,-3.06076384,-1.23373485,-0.1508478,0,0,0,0,1,6,0,0,0,0,0,0
Kinematic-Cluster4-Empty,396,7.94,3,-2.68580079,-1.24747455,-11.476016,0,0,0,0,1,8,0,0,0,0,0,0
Kinematic-Cluster4-Empty,397,7.96,0,-3.08217072,-1.60999012,-1.68025148,0,0,0,0,1,10,0,0,0,0,0,0
Kinematic-Cluster4-Empty,397,7.96,1,-2.70558667,-1.6183126,-3.72491455,0,0,0,0,1,13,0,0,0,0,0,0
Kinematic-Cluster4-Empty,397,7.96,2,-3.06076384,-1.23373485,-0.1508478,0,0,0,0,1,6,0,0,0,0,0,0
Kinematic-Cluster4-Empty,397,7.96,3,-2.68580079,-1.24747455,-11.476016,0,0,0,0,1,8,0,0,0,0,0,0
Kinematic-Cluster4-Empty,398,7.98,0,-3.08217072,-1.60999012,-1.68025148,0,0,0,0,1,10,0,0,0,0,0,0
Kinematic-Cluster4-Empty,398,7.98,1,-2.70558667,-1.6183126,-3.72491455,0,0,0,0,1,13,0,0,0,0,0,0
Kinematic-Cluster4-Empty,398,7.98,2,-3.06076384,-1.23373485,-0.1508478,0,0,0,0,1,6,0,0,0,0,0,0
Kinematic-Cluster4-Empty,398,7.98,3,-2.68580079,-1.24747455,-11.476016,0,0,0,0,1,8,0,0,0,0,0,0
Kinematic-Cluster4-Empty,399,8,0,-3.08217072,-1.60999012,-1.68025148,0,0,0,0,1,10,0,0,0,0,0,0
Kinematic-Cluster4-Empty,399,8,1,-2.70558667,-1.6183126,-3.72491455,0,0,0,0,1,13,0,0,0,0,0,0
Kinematic-Cluster4-Empty,399,8,2,-3.06076384,-1.23373485,-0.1508478,0,0,0,0,1,6,0,0,0,0,0,0
Kinematic-Cluster4-Empty,399,8,3,-2.68580079,-1.24747455,-11.476016,0,0,0,0,1,8,0,0,0,0,0,0
Kinematic-Cluster4-F,300,6.02,0,-3.08215284,-1.61084,-2.17342019,0,0,0,0,1,9,36,0.0009542726,0.00605130848,0,41,0
Kinematic-Cluster4-F,300,6.02,1,-2.70257664,-1.6164223,-4.246286,0,0,0,0,1,9,36,0.0009542726,0.00605130848,0,41,0
Kinematic-Cluster4-F,300,6.02,2,-3.062876,-1.23281837,0.566622555,0,0,0,0,1,6,36,0.0009542726,0.00605130848,0,41,0
Kinematic-Cluster4-F,300,6.02,3,-2.68543077,-1.24656689,-11.0740337,0,0,0,0,1,7,36,0.0009542726,0.00605130848,0,41,0
Kinematic-Cluster4-F,301,6.04,0,-3.08215284,-1.61084,-2.17342019,0,0,0,0,1,9,36,0.0007975844,0.00366243348,0,41,0
Kinematic-Cluster4-F,301,6.04,1,-2.70257664,-1.6164223,-4.246286,0,0,0,0,1,9,36,0.0007975844,0.00366243348,0,41,0
Kinematic-Cluster4-F,301,6.04,2,-3.062876,-1.23281837,0.566622555,0,0,0,0,1,6,36,0.0007975844,0.00366243348,0,41,0
Kinematic-Cluster4-F,301,6.04,3,-2.68543077,-1.24656689,-11.0740337,0,0,0,0,1,7,36,0.0007975844,0.00366243348,0,41,0
Kinematic-Cluster4-F,302,6.06,0,-3.08215284,-1.61084,-2.17342019,0,0,0,0,1,9,36,0.000571466866,0.002730192,0,41,0
Kinematic-Cluster4-F,302,6.06,1,-2.70257664,-1.6164223,-4.246286,0,0,0,0,1,9,36,0.000571466866,0.002730192,0,41,0
Kinematic-Cluster4-F,302,6.06,2,-3.062876,-1.23281837,0.566622555,0,0,0,0,1,6,36,0.000571466866,0.002730192,0,41,0
Kinematic-Cluster4-F,302,6.06,3,-2.68543077,-1.24656689,-11.0740337,0,0,0,0,1,7,36,0.000571466866,0.002730192,0,41,0
Kinematic-Cluster4-F,303,6.08,0,-3.08215284,-1.61084,-2.17342019,0,0,0,0,1,9,36,0.0007011207,0.00371816568,0,41,0
Kinematic-Cluster4-F,303,6.08,1,-2.70257664,-1.6164223,-4.246286,0,0,0,0,1,9,36,0.0007011207,0.00371816568,0,41,0
Kinematic-Cluster4-F,303,6.08,2,-3.062876,-1.23281837,0.566622555,0,0,0,0,1,6,36,0.0007011207,0.00371816568,0,41,0
Kinematic-Cluster4-F,303,6.08,3,-2.68543077,-1.24656689,-11.0740337,0,0,0,0,1,7,36,0.0007011207,0.00371816568,0,41,0
Kinematic-Cluster4-F,304,6.1,0,-3.08215284,-1.61084,-2.17342019,0,0,0,0,1,9,36,0.00103547378,0.00672660442,0,41,0
Kinematic-Cluster4-F,304,6.1,1,-2.70257664,-1.6164223,-4.246286,0,0,0,0,1,9,36,0.00103547378,0.00672660442,0,41,0
Kinematic-Cluster4-F,304,6.1,2,-3.062876,-1.23281837,0.566622555,0,0,0,0,1,6,36,0.00103547378,0.00672660442,0,41,0
Kinematic-Cluster4-F,304,6.1,3,-2.68543077,-1.24656689,-11.0740337,0,0,0,0,1,7,36,0.00103547378,0.00672660442,0,41,0
Kinematic-Cluster4-F,305,6.12,0,-3.08215284,-1.61084,-2.17342019,0,0,0,0,1,9,36,0.0007087386,0.00363965868,0,41,0
Kinematic-Cluster4-F,305,6.12,1,-2.70257664,-1.6164223,-4.246286,0,0,0,0,1,9,36,0.0007087386,0.00363965868,0,41,0
Kinematic-Cluster4-F,305,6.12,2,-3.062876,-1.23281837,0.566622555,0,0,0,0,1,6,36,0.0007087386,0.00363965868,0,41,0
Kinematic-Cluster4-F,305,6.12,3,-2.68543077,-1.24656689,-11.0740337,0,0,0,0,1,7,36,0.0007087386,0.00363965868,0,41,0
Kinematic-Cluster4-F,306,6.14,0,-3.08215284,-1.61084,-2.17342019,0,0,0,0,1,9,36,0.00138311135,0.007697962,0,41,0
Kinematic-Cluster4-F,306,6.14,1,-2.70257664,-1.6164223,-4.246286,0,0,0,0,1,9,36,0.00138311135,0.007697962,0,41,0
Kinematic-Cluster4-F,306,6.14,2,-3.062876,-1.23281837,0.566622555,0,0,0,0,1,6,36,0.00138311135,0.007697962,0,41,0
Kinematic-Cluster4-F,306,6.14,3,-2.68543077,-1.24656689,-11.0740337,0,0,0,0,1,7,36,0.00138311135,0.007697962,0,41,0
Kinematic-Cluster4-F,307,6.16,0,-3.08215284,-1.61084,-2.17342019,0,0,0,0,1,9,36,0.00140755193,0.007923747,0,41,0
Kinematic-Cluster4-F,307,6.16,1,-2.70257664,-1.6164223,-4.246286,0,0,0,0,1,9,36,0.00140755193,0.007923747,0,41,0
Kinematic-Cluster4-F,307,6.16,2,-3.062876,-1.23281837,0.566622555,0,0,0,0,1,6,36,0.00140755193,0.007923747,0,41,0
Kinematic-Cluster4-F,307,6.16,3,-2.68543077,-1.24656689,-11.0740337,0,0,0,0,1,7,36,0.00140755193,0.007923747,0,41,0
Kinematic-Cluster4-F,308,6.18,0,-3.08215284,-1.61084,-2.17342019,0,0,0,0,1,9,36,0.0008531872,0.00365814241,0,41,0
Kinematic-Cluster4-F,308,6.18,1,-2.70257664,-1.6164223,-4.246286,0,0,0,0,1,9,36,0.0008531872,0.00365814241,0,41,0
Kinematic-Cluster4-F,308,6.18,2,-3.062876,-1.23281837,0.566622555,0,0,0,0,1,6,36,0.0008531872,0.00365814241,0,41,0
Kinematic-Cluster4-F,308,6.18,3,-2.68543077,-1.24656689,-11.0740337,0,0,0,0,1,7,36,0.0008531872,0.00365814241,0,41,0
Kinematic-Cluster4-F,309,6.2,0,-3.08215284,-1.61084,-2.17342019,0,0,0,0,1,9,36,0.00139220932,0.00467146467,0,41,0
Kinematic-Cluster4-F,309,6.2,1,-2.70257664,-1.6164223,-4.246286,0,0,0,0,1,9,36,0.00139220932,0.00467146467,0,41,0
Kinematic-Cluster4-F,309,6.2,2,-3.062876,-1.23281837,0.566622555,0,0,0,0,1,6,36,0.00139220932,0.00467146467,0,41,0
Kinematic-Cluster4-F,309,6.2,3,-2.68543077,-1.24656689,-11.0740337,0,0,0,0,1,7,36,0.00139220932,0.00467146467,0,41,0
Kinematic-Cluster4-F,310,6.22,0,-3.08215284,-1.61084,-2.17342019,0,0,0,0,1,9,36,0.00104834838,0.00388720678,0,41,0
Kinematic-Cluster4-F,310,6.22,1,-2.70257664,-1.6164223,-4.246286,0,0,0,0,1,9,36,0.00104834838,0.00388720678,0,41,0
Kinematic-Cluster4-F,310,6.22,2,-3.062876,-1.23281837,0.566622555,0,0,0,0,1,6,36,0.00104834838,0.00388720678,0,41,0
Kinematic-Cluster4-F,310,6.22,3,-2.68543077,-1.24656689,-11.0740337,0,0,0,0,1,7,36,0.00104834838,0.00388720678,0,41,0
Kinematic-Cluster4-F,311,6.24,0,-3.08215284,-1.61084,-2.17342019,0,0,0,0,1,9,36,0.00196064683,0.0091146,0,41,0
Kinematic-Cluster4-F,311,6.24,1,-2.70257664,-1.6164223,-4.246286,0,0,0,0,1,9,36,0.00196064683,0.0091146,0,41,0
Kinematic-Cluster4-F,311,6.24,2,-3.062876,-1.23281837,0.566622555,0,0,0,0,1,6,36,0.00196064683,0.0091146,0,41,0
Kinematic-Cluster4-F,311,6.24,3,-2.68543077,-1.24656689,-11.0740337,0,0,0,0,1,7,36,0.00196064683,0.0091146,0,41,0
Kinematic-Cluster4-F,312,6.25999975,0,-3.08215284,-1.61084,-2.17342019,0,0,0,0,1,9,36,0.00101482926,0.00368209719,0,41,0
Kinematic-Cluster4-F,312,6.25999975,1,-2.70257664,-1.6164223,-4.246286,0,0,0,0,1,9,36,0.00101482926,0.00368209719,0,41,0
Kinematic-Cluster4-F,312,6.25999975,2,-3.062876,-1.23281837,0.566622555,0,0,0,0,1,6,36,0.00101482926,0.00368209719,0,41,0
Kinematic-Cluster4-F,312,6.25999975,3,-2.68543077,-1.24656689,-11.0740337,0,0,0,0,1,7,36,0.00101482926,0.00368209719,0,41,0
Kinematic-Cluster4-F,313,6.27999973,0,-3.08215284,-1.61084,-2.17342019,0,0,0,0,1,9,36,0.0009927354,0.00441988558,0,41,0
Kinematic-Cluster4-F,313,6.27999973,1,-2.70257664,-1.6164223,-4.246286,0,0,0,0,1,9,36,0.0009927354,0.00441988558,0,41,0
Kinematic-Cluster4-F,313,6.27999973,2,-3.062876,-1.23281837,0.566622555,0,0,0,0,1,6,36,0.0009927354,0.00441988558,0,41,0
Kinematic-Cluster4-F,313,6.27999973,3,-2.68543077,-1.24656689,-11.0740337,0,0,0,0,1,7,36,0.0009927354,0.00441988558,0,41,0
Kinematic-Cluster4-F,314,6.29999971,0,-3.08215284,-1.61084,-2.17342019,0,0,0,0,1,9,36,0.0009353628,0.0060034846,0,41,0
Kinematic-Cluster4-F,314,6.29999971,1,-2.70257664,-1.6164223,-4.246286,0,0,0,0,1,9,36,0.0009353628,0.0060034846,0,41,0
Kinematic-Cluster4-F,314,6.29999971,2,-3.062876,-1.23281837,0.566622555,0,0,0,0,1,6,36,0.0009353628,0.0060034846,0,41,0
Kinematic-Cluster4-F,314,6.29999971,3,-2.68543077,-1.24656689,-11.0740337,0,0,0,0,1,7,36,0.0009353628,0.0060034846,0,41,0
Kinematic-Cluster4-F,315,6.31999969,0,-3.08215284,-1.61084,-2.17342019,0,0,0,0,1,9,36,0.00079159654,0.003400791,0,41,0
Kinematic-Cluster4-F,315,6.31999969,1,-2.70257664,-1.6164223,-4.246286,0,0,0,0,1,9,36,0.00079159654,0.003400791,0,41,0
Kinematic-Cluster4-F,315,6.31999969,2,-3.062876,-1.23281837,0.566622555,0,0,0,0,1,6,36,0.00079159654,0.003400791,0,41,0
Kinematic-Cluster4-F,315,6.31999969,3,-2.68543077,-1.24656689,-11.0740337,0,0,0,0,1,7,36,0.00079159654,0.003400791,0,41,0
Kinematic-Cluster4-F,316,6.33999968,0,-3.08215284,-1.61084,-2.17342019,0,0,0,0,1,9,36,0.0007293394,0.00374172931,0,41,0
Kinematic-Cluster4-F,316,6.33999968,1,-2.70257664,-1.6164223,-4.246286,0,0,0,0,1,9,36,0.0007293394,0.00374172931,0,41,0
Kinematic-Cluster4-F,316,6.33999968,2,-3.062876,-1.23281837,0.566622555,0,0,0,0,1,6,36,0.0007293394,0.00374172931,0,41,0
Kinematic-Cluster4-F,316,6.33999968,3,-2.68543077,-1.24656689,-11.0740337,0,0,0,0,1,7,36,0.0007293394,0.00374172931,0,41,0
Kinematic-Cluster4-F,317,6.35999966,0,-3.08215284,-1.61084,-2.17342019,0,0,0,0,1,9,36,0.0008967918,0.00479749963,0,41,0
Kinematic-Cluster4-F,317,6.35999966,1,-2.70257664,-1.6164223,-4.246286,0,0,0,0,1,9,36,0.0008967918,0.00479749963,0,41,0
Kinematic-Cluster4-F,317,6.35999966,2,-3.062876,-1.23281837,0.566622555,0,0,0,0,1,6,36,0.0008967918,0.00479749963,0,41,0
Kinematic-Cluster4-F,317,6.35999966,3,-2.68543077,-1.24656689,-11.0740337,0,0,0,0,1,7,36,0.0008967918,0.00479749963,0,41,0
Kinematic-Cluster4-F,318,6.37999964,0,-3.08215284,-1.61084,-2.17342019,0,0,0,0,1,9,36,0.000870162447,0.00653924141,0,41,0
Kinematic-Cluster4-F,318,6.37999964,1,-2.70257664,-1.6164223,-4.246286,0,0,0,0,1,9,36,0.000870162447,0.00653924141,0,41,0
Kinematic-Cluster4-F,318,6.37999964,2,-3.062876,-1.23281837,0.566622555,0,0,0,0,1,6,36,0.000870162447,0.00653924141,0,41,0
Kinematic-Cluster4-F,318,6.37999964,3,-2.68543077,-1.24656689,-11.0740337,0,0,0,0,1,7,36,0.000870162447,0.00653924141,0,41,0
Kinematic-Cluster4-F,319,6.39999962,0,-3.08215284,-1.61084,-2.17342019,0,0,0,0,1,9,36,0.00107480783,0.00647930242,0,41,0
Kinematic-Cluster4-F,319,6.39999962,1,-2.70257664,-1.6164223,-4.246286,0,0,0,0,1,9,36,0.00107480783,0.00647930242,0,41,0
Kinematic-Cluster4-F,319,6.39999962,2,-3.062876,-1.23281837,0.566622555,0,0,0,0,1,6,36,0.00107480783,0.00647930242,0,41,0
Kinematic-Cluster4-F,319,6.39999962,3,-2.68543077,-1.24656689,-11.0740337,0,0,0,0,1,7,36,0.00107480783,0.00647930242,0,41,0
Kinematic-Cluster4-F,320,6.42,0,-3.08215284,-1.61084,-2.17342019,0,0,0,0,1,9,36,0.0005856866,0.00243527628,0,41,0
Kinematic-Cluster4-F,320,6.42,1,-2.70257664,-1.6164223,-4.246286,0,0,0,0,1,9,36,0.0005856866,0.00243527628,0,41,0
Kinematic-Cluster4-F,320,6.42,2,-3.062876,-1.23281837,0.566622555,0,0,0,0,1,6,36,0.0005856866,0.00243527628,0,41,0
Kinematic-Cluster4-F,320,6.42,3,-2.68543077,-1.24656689,-11.0740337,0,0,0,0,1,7,36,0.0005856866,0.00243527628,0,41,0
Kinematic-Cluster4-F,321,6.44,0,-3.08215284,-1.61084,-2.17342019,0,0,0,0,1,9,36,0.0009231175,0.00510063,0,41,0
Kinematic-Cluster4-F,321,6.44,1,-2.70257664,-1.6164223,-4.246286,0,0,0,0,1,9,36,0.0009231175,0.00510063,0,41,0
Kinematic-Cluster4-F,321,6.44,2,-3.062876,-1.23281837,0.566622555,0,0,0,0,1,6,36,0.0009231175,0.00510063,0,41,0
Kinematic-Cluster4-F,321,6.44,3,-2.68543077,-1.24656689,-11.0740337,0,0,0,0,1,7,36,0.0009231175,0.00510063,0,41,0
Kinematic-Cluster4-F,322,6.46,0,-3.08215284,-1.61084,-2.17342019,0,0,0,0,1,9,36,0.00078615587,0.00274398178,0,41,0
Kinematic-Cluster4-F,322,6.46,1,-2.70257664,-1.6164223,-4.246286,0,0,0,0,1,9,36,0.00078615587,0.00274398178,0,41,0
Kinematic-Cluster4-F,322,6.46,2,-3.062876,-1.23281837,0.566622555,0,0,0,0,1,6,36,0.00078615587,0.00274398178,0,41,0
Kinematic-Cluster4-F,322,6.46,3,-2.68543077,-1.24656689,-11.0740337,0,0,0,0,1,7,36,0.00078615587,0.00274398178,0,41,0
Kinematic-Cluster4-F,323,6.48,0,-3.08215284,-1.61084,-2.17342019,0,0,0,0,1,9,36,0.000942889659,0.005376281,0,41,0
Kinematic-Cluster4-F,323,6.48,1,-2.70257664,-1.6164223,-4.246286,0,0,0,0,1,9,36,0.000942889659,0.005376281,0,41,0
Kinematic-Cluster4-F,323,6.48,2,-3.062876,-1.23281837,0.566622555,0,0,0,0,1,6,36,0.000942889659,0.005376281,0,41,0
Kinematic-Cluster4-F,323,6.48,3,-2.68543077,-1.24656689,-11.0740337,0,0,0,0,1,7,36,0.000942889659,0.005376281,0,41,0
Kinematic-Cluster4-F,324,6.5,0,-3.08215284,-1.61084,-2.17342019,0,0,0,0,1,9,36,0.000889117247,0.00371938152,0,41,0
Kinematic-Cluster4-F,324,6.5,1,-2.70257664,-1.6164223,-4.246286,0,0,0,0,1,9,36,0.000889117247,0.00371938152,0,41,0
Kinematic-Cluster4-F,324,6.5,2,-3.062876,-1.23281837,0.566622555,0,0,0,0,1,6,36,0.000889117247,0.00371938152,0,41,0
Kinematic-Cluster4-F,324,6.5,3,-2.68543077,-1.24656689,-11.0740337,0,0,0,0,1,7,36,0.000889117247,0.00371938152,0,41,0
Kinematic-Cluster4-F,325,6.52,0,-3.08215284,-1.61084,-2.17342019,0,0,0,0,1,9,36,0.001166816,0.006697967,0,41,0
Kinematic-Cluster4-F,325,6.52,1,-2.70257664,-1.6164223,-4.246286,0,0,0,0,1,9,36,0.001166816,0.006697967,0,41,0
Kinematic-Cluster4-F,325,6.52,2,-3.062876,-1.23281837,0.566622555,0,0,0,0,1,6,36,0.001166816,0.006697967,0,41,0
Kinematic-Cluster4-F,325,6.52,3,-2.68543077,-1.24656689,-11.0740337,0,0,0,0,1,7,36,0.001166816,0.006697967,0,41,0
Kinematic-Cluster4-F,326,6.54,0,-3.08215284,-1.61084,-2.17342019,0,0,0,0,1,9,36,0.0008140682,0.00309038279,0,41,0
Kinematic-Cluster4-F,326,6.54,1,-2.70257664,-1.6164223,-4.246286,0,0,0,0,1,9,36,0.0008140682,0.00309038279,0,41,0
Kinematic-Cluster4-F,326,6.54,2,-3.062876,-1.23281837,0.566622555,0,0,0,0,1,6,36,0.0008140682,0.00309038279,0,41,0
Kinematic-Cluster4-F,326,6.54,3,-2.68543077,-1.24656689,-11.0740337,0,0,0,0,1,7,36,0.0008140682,0.00309038279,0,41,0
Kinematic-Cluster4-F,327,6.56,0,-3.08215284,-1.61084,-2.17342019,0,0,0,0,1,9,36,0.00109072134,0.00581019931,0,41,0
Kinematic-Cluster4-F,327,6.56,1,-2.70257664,-1.6164223,-4.246286,0,0,0,0,1,9,36,0.00109072134,0.00581019931,0,41,0
Kinematic-Cluster4-F,327,6.56,2,-3.062876,-1.23281837,0.566622555,0,0,0,0,1,6,36,0.00109072134,0.00581019931,0,41,0
Kinematic-Cluster4-F,327,6.56,3,-2.68543077,-1.24656689,-11.0740337,0,0,0,0,1,7,36,0.00109072134,0.00581019931,0,41,0
Kinematic-Cluster4-F,328,6.58,0,-3.08215284,-1.61084,-2.17342019,0,0,0,0,1,9,36,0.000889420451,0.00608952,0,41,0
Kinematic-Cluster4-F,328,6.58,1,-2.70257664,-1.6164223,-4.246286,0,0,0,0,1,9,36,0.000889420451,0.00608952,0,41,0
Kinematic-Cluster4-F,328,6.58,2,-3.062876,-1.23281837,0.566622555,0,0,0,0,1,6,36,0.000889420451,0.00608952,0,41,0
Kinematic-Cluster4-F,328,6.58,3,-2.68543077,-1.24656689,-11.0740337,0,0,0,0,1,7,36,0.000889420451,0.00608952,0,41,0
Kinematic-Cluster4-F,329,6.6,0,-3.08215284,-1.61084,-2.17342019,0,0,0,0,1,9,36,0.000853025645,0.00347132771,0,41,0
Kinematic-Cluster4-F,329,6.6,1,-2.70257664,-1.6164223,-4.246286,0,0,0,0,1,9,36,0.000853025645,0.00347132771,0,41,0
Kinematic-Cluster4-F,329,6.6,2,-3.062876,-1.23281837,0.566622555,0,0,0,0,1,6,36,0.000853025645,0.00347132771,0,41,0
Kinematic-Cluster4-F,329,6.6,3,-2.68543077,-1.24656689,-11.0740337,0,0,0,0,1,7,36,0.000853025645,0.00347132771,0,41,0
Kinematic-Cluster4-F,330,6.62,0,-3.08215284,-1.61084,-2.17342019,0,0,0,0,1,9,36,0.0009908355,0.005561758,0,41,0
Kinematic-Cluster4-F,330,6.62,1,-2.70257664,-1.6164223,-4.246286,0,0,0,0,1,9,36,0.0009908355,0.005561758,0,41,0
Kinematic-Cluster4-F,330,6.62,2,-3.062876,-1.23281837,0.566622555,0,0,0,0,1,6,36,0.0009908355,0.005561758,0,41,0
Kinematic-Cluster4-F,330,6.62,3,-2.68543077,-1.24656689,-11.0740337,0,0,0,0,1,7,36,0.0009908355,0.005561758,0,41,0
Kinematic-Cluster4-F,331,6.64,0,-3.08215284,-1.61084,-2.17342019,0,0,0,0,1,9,36,0.000890514348,0.00625045132,0,41,0
Kinematic-Cluster4-F,331,6.64,1,-2.70257664,-1.6164223,-4.246286,0,0,0,0,1,9,36,0.000890514348,0.00625045132,0,41,0
Kinematic-Cluster4-F,331,6.64,2,-3.062876,-1.23281837,0.566622555,0,0,0,0,1,6,36,0.000890514348,0.00625045132,0,41,0
Kinematic-Cluster4-F,331,6.64,3,-2.68543077,-1.24656689,-11.0740337,0,0,0,0,1,7,36,0.000890514348,0.00625045132,0,41,0
Kinematic-Cluster4-F,332,6.66,0,-3.08215284,-1.61084,-2.17342019,0,0,0,0,1,9,36,0.00116768933,0.005634389,0,41,0
Kinematic-Cluster4-F,332,6.66,1,-2.70257664,-1.6164223,-4.246286,0,0,0,0,1,9,36,0.00116768933,0.005634389,0,41,0
Kinematic-Cluster4-F,332,6.66,2,-3.062876,-1.23281837,0.566622555,0,0,0,0,1,6,36,0.00116768933,0.005634389,0,41,0
Kinematic-Cluster4-F,332,6.66,3,-2.68543077,-1.24656689,-11.0740337,0,0,0,0,1,7,36,0.00116768933,0.005634389,0,41,0
Kinematic-Cluster4-F,333,6.68,0,-3.08215284,-1.61084,-2.17342019,0,0,0,0,1,9,36,0.0007421797,0.00388316973,0,41,0
Kinematic-Cluster4-F,333,6.68,1,-2.70257664,-1.6164223,-4.246286,0,0,0,0,1,9,36,0.0007421797,0.00388316973,0,41,0
Kinematic-Cluster4-F,333,6.68,2,-3.062876,-1.23281837,0.566622555,0,0,0,0,1,6,36,0.0007421797,0.00388316973,0,41,0
Kinematic-Cluster4-F,333,6.68,3,-2.68543077,-1.24656689,-11.0740337,0,0,0,0,1,7,36,0.0007421797,0.00388316973,0,41,0
Kinematic-Cluster4-F,334,6.7,0,-3.08215284,-1.61084,-2.17342019,0,0,0,0,1,9,36,0.001057045,0.005794069,0,41,0
Kinematic-Cluster4-F,334,6.7,1,-2.70257664,-1.6164223,-4.246286,0,0,0,0,1,9,36,0.001057045,0.005794069,0,41,0
Kinematic-Cluster4-F,334,6.7,2,-3.062876,-1.23281837,0.566622555,0,0,0,0,1,6,36,0.001057045,0.005794069,0,41,0
Kinematic-Cluster4-F,334,6.7,3,-2.68543077,-1.24656689,-11.0740337,0,0,0,0,1,7,36,0.001057045,0.005794069,0,41,0
Kinematic-Cluster4-F,335,6.72,0,-3.08215284,-1.61084,-2.17342019,0,0,0,0,1,9,36,0.0009462596,0.00408278964,0,41,0
Kinematic-Cluster4-F,335,6.72,1,-2.70257664,-1.6164223,-4.246286,0,0,0,0,1,9,36,0.0009462596,0.00408278964,0,41,0
Kinematic-Cluster4-F,335,6.72,2,-3.062876,-1.23281837,0.566622555,0,0,0,0,1,6,36,0.0009462596,0.00408278964,0,41,0
Kinematic-Cluster4-F,335,6.72,3,-2.68543077,-1.24656689,-11.0740337,0,0,0,0,1,7,36,0.0009462596,0.00408278964,0,41,0
Kinematic-Cluster4-F,336,6.74,0,-3.08215284,-1.61084,-2.17342019,0,0,0,0,1,9,36,0.00104708644,0.006034326,0,41,0
Kinematic-Cluster4-F,336,6.74,1,-2.70257664,-1.6164223,-4.246286,0,0,0,0,1,9,36,0.00104708644,0.006034326,0,41,0
Kinematic-Cluster4-F,336,6.74,2,-3.062876,-1.23281837,0.566622555,0,0,0,0,1,6,36,0.00104708644,0.006034326,0,41,0
Kinematic-Cluster4-F,336,6.74,3,-2.68543077,-1.24656689,-11.0740337,0,0,0,0,1,7,36,0.00104708644,0.006034326,0,41,0
Kinematic-Cluster4-F,337,6.75999975,0,-3.08215284,-1.61084,-2.17342019,0,0,0,0,1,9,36,0.00073088624,0.00464482466,0,41,0
Kinematic-Cluster4-F,337,6.75999975,1,-2.70257664,-1.6164223,-4.246286,0,0,0,0,1,9,36,0.00073088624,0.00464482466,0,41,0
Kinematic-Cluster4-F,337,6.75999975,2,-3.062876,-1.23281837,0.566622555,0,0,0,0,1,6,36,0.00073088624,0.00464482466,0,41,0
Kinematic-Cluster4-F,337,6.75999975,3,-2.68543077,-1.24656689,-11.0740337,0,0,0,0,1,7,36,0.00073088624,0.00464482466,0,41,0
Kinematic-Cluster4-F,338,6.77999973,0,-3.08215284,-1.61084,-2.17342019,0,0,0,0,1,9,36,0.00170674012,0.0113275694,0,41,0
Kinematic-Cluster4-F,338,6.77999973,1,-2.70257664,-1.6164223,-4.246286,0,0,0,0,1,9,36,0.00170674012,0.0113275694,0,41,0
Kinematic-Cluster4-F,338,6.77999973,2,-3.062876,-1.23281837,0.566622555,0,0,0,0,1,6,36,0.00170674012,0.0113275694,0,41,0
Kinematic-Cluster4-F,338,6.77999973,3,-2.68543077,-1.24656689,-11.0740337,0,0,0,0,1,7,36,0.00170674012,0.0113275694,0,41,0
Kinematic-Cluster4-F,339,6.79999971,0,-3.08215284,-1.61084,-2.17342019,0,0,0,0,1,9,36,0.00115218968,0.00421989243,0,41,0
Kinematic-Cluster4-F,339,6.79999971,1,-2.70257664,-1.6164223,-4.246286,0,0,0,0,1,9,36,0.00115218968,0.00421989243,0,41,0
Kinematic-Cluster4-F,339,6.79999971,2,-3.062876,-1.23281837,0.566622555,0,0,0,0,1,6,36,0.00115218968,0.00421989243,0,41,0
Kinematic-Cluster4-F,339,6.79999971,3,-2.68543077,-1.24656689,-11.0740337,0,0,0,0,1,7,36,0.00115218968,0.00421989243,0,41,0
Kinematic-Cluster4-F,340,6.81999969,0,-3.08215284,-1.61084,-2.17342019,0,0,0,0,1,9,36,0.0007159153,0.00296671223,0,41,0
Kinematic-Cluster4-F,340,6.81999969,1,-2.70257664,-1.6164223,-4.246286,0,0,0,0,1,9,36,0.0007159153,0.00296671223,0,41,0
Kinematic-Cluster4-F,340,6.81999969,2,-3.062876,-1.23281837,0.566622555,0,0,0,0,1,6,36,0.0007159153,0.00296671223,0,41,0
Kinematic-Cluster4-F,340,6.81999969,3,-2.68543077,-1.24656689,-11.0740337,0,0,0,0,1,7,36,0.0007159153,0.00296671223,0,41,0
Kinematic-Cluster4-F,341,6.83999968,0,-3.08215284,-1.61084,-2.17342019,0,0,0,0,1,9,36,0.0009404206,0.00462000072,0,41,0
Kinematic-Cluster4-F,341,6.83999968,1,-2.70257664,-1.6164223,-4.246286,0,0,0,0,1,9,36,0.0009404206,0.00462000072,0,41,0
Kinematic-Cluster4-F,341,6.83999968,2,-3.062876,-1.23281837,0.566622555,0,0,0,0,1,6,36,0.0009404206,0.00462000072,0,41,0
Kinematic-Cluster4-F,341,6.83999968,3,-2.68543077,-1.24656689,-11.0740337,0,0,0,0,1,7,36,0.0009404206,0.00462000072,0,41,0
Kinematic-Cluster4-F,342,6.85999966,0,-3.08215284,-1.61084,-2.17342019,0,0,0,0,1,9,36,0.00110797561,0.00489528431,0,41,0
Kinematic-Cluster4-F,342,6.85999966,1,-2.70257664,-1.6164223,-4.246286,0,0,0,0,1,9,36,0.00110797561,0.00489528431,0,41,0
Kinematic-Cluster4-F,342,6.85999966,2,-3.062876,-1.23281837,0.566622555,0,0,0,0,1,6,36,0.00110797561,0.00489528431,0,41,0
Kinematic-Cluster4-F,342,6.85999966,3,-2.68543077,-1.24656689,-11.0740337,0,0,0,0,1,7,36,0.00110797561,0.00489528431,0,41,0
Kinematic-Cluster4-F,343,6.87999964,0,-3.08215284,-1.61084,-2.17342019,0,0,0,0,1,9,36,0.001138501,0.00512067275,0,41,0
Kinematic-Cluster4-F,343,6.87999964,1,-2.70257664,-1.6164223,-4.246286,0,0,0,0,1,9,36,0.001138501,0.00512067275,0,41,0
Kinematic-Cluster4-F,343,6.87999964,2,-3.062876,-1.23281837,0.566622555,0,0,0,0,1,6,36,0.001138501,0.00512067275,0,41,0
Kinematic-Cluster4-F,343,6.87999964,3,-2.68543077,-1.24656689,-11.0740337,0,0,0,0,1,7,36,0.001138501,0.00512067275,0,41,0
Kinematic-Cluster4-F,344,6.89999962,0,-3.08215284,-1.61084,-2.17342019,0,0,0,0,1,9,36,0.00133837177,0.005071766,0,41,0
Kinematic-Cluster4-F,344,6.89999962,1,-2.70257664,-1.6164223,-4.246286,0,0,0,0,1,9,36,0.00133837177,0.005071766,0,41,0
Kinematic-Cluster4-F,344,6.89999962,2,-3.062876,-1.23281837,0.566622555,0,0,0,0,1,6,36,0.00133837177,0.005071766,0,41,0
Kinematic-Cluster4-F,344,6.89999962,3,-2.68543077,-1.24656689,-11.0740337,0,0,0,0,1,7,36,0.00133837177,0.005071766,0,41,0
Kinematic-Cluster4-F,345,6.92,0,-3.08215284,-1.61084,-2.17342019,0,0,0,0,1,9,36,0.00111844589,0.00495427055,0,41,0
Kinematic-Cluster4-F,345,6.92,1,-2.70257664,-1.6164223,-4.246286,0,0,0,0,1,9,36,0.00111844589,0.00495427055,0,41,0
Kinematic-Cluster4-F,345,6.92,2,-3.062876,-1.23281837,0.566622555,0,0,0,0,1,6,36,0.00111844589,0.00495427055,0,41,0
Kinematic-Cluster4-F,345,6.92,3,-2.68543077,-1.24656689,-11.0740337,0,0,0,0,1,7,36,0.00111844589,0.00495427055,0,41,0
Kinematic-Cluster4-F,346,6.94,0,-3.08215284,-1.61084,-2.17342019,0,0,0,0,1,9,36,0.00114687055,0.00470676227,0,41,0
Kinematic-Cluster4-F,346,6.94,1,-2.70257664,-1.6164223,-4.246286,0,0,0,0,1,9,36,0.00114687055,0.00470676227,0,41,0
Kinematic-Cluster4-F,346,6.94,2,-3.062876,-1.23281837,0.566622555,0,0,0,0,1,6,36,0.00114687055,0.00470676227,0,41,0
Kinematic-Cluster4-F,346,6.94,3,-2.68543077,-1.24656689,-11.0740337,0,0,0,0,1,7,36,0.00114687055,0.00470676227,0,41,0
Kinematic-Cluster4-F,347,6.96,0,-3.08215284,-1.61084,-2.17342019,0,0,0,0,1,9,36,0.00113081024,0.004365557,0,41,0
Kinematic-Cluster4-F,347,6.96,1,-2.70257664,-1.6164223,-4.246286,0,0,0,0,1,9,36,0.00113081024,0.004365557,0,41,0
Kinematic-Cluster4-F,347,6.96,2,-3.062876,-1.23281837,0.566622555,0,0,0,0,1,6,36,0.00113081024,0.004365557,0,41,0
Kinematic-Cluster4-F,347,6.96,3,-2.68543077,-1.24656689,-11.0740337,0,0,0,0,1,7,36,0.00113081024,0.004365557,0,41,0
Kinematic-Cluster4-F,348,6.98,0,-3.08215284,-1.61084,-2.17342019,0,0,0,0,1,9,36,0.00156394008,0.007082577,0,41,0
Kinematic-Cluster4-F,348,6.98,1,-2.70257664,-1.6164223,-4.246286,0,0,0,0,1,9,36,0.00156394008,0.007082577,0,41,0
Kinematic-Cluster4-F,348,6.98,2,-3.062876,-1.23281837,0.566622555,0,0,0,0,1,6,36,0.00156394008,0.007082577,0,41,0
Kinematic-Cluster4-F,348,6.98,3,-2.68543077,-1.24656689,-11.0740337,0,0,0,0,1,7,36,0.00156394008,0.007082577,0,41,0
Kinematic-Cluster4-F,349,7,0,-3.08215284,-1.61084,-2.17342019,0,0,0,0,1,9,36,0.00122369535,0.00422356976,0,41,0
Kinematic-Cluster4-F,349,7,1,-2.70257664,-1.6164223,-4.246286,0,0,0,0,1,9,36,0.00122369535,0.00422356976,0,41,0
Kinematic-Cluster4-F,349,7,2,-3.062876,-1.23281837,0.566622555,0,0,0,0,1,6,36,0.00122369535,0.00422356976,0,41,0
Kinematic-Cluster4-F,349,7,3,-2.68543077,-1.24656689,-11.0740337,0,0,0,0,1,7,36,0.00122369535,0.00422356976,0,41,0
Kinematic-Cluster4-F,350,7.02,0,-3.08215284,-1.61084,-2.17342019,0,0,0,0,1,9,36,0.0009560151,0.003600799,0,41,0
Kinematic-Cluster4-F,350,7.02,1,-2.70257664,-1.6164223,-4.246286,0,0,0,0,1,9,36,0.0009560151,0.003600799,0,41,0
Kinematic-Cluster4-F,350,7.02,2,-3.062876,-1.23281837,0.566622555,0,0,0,0,1,6,36,0.0009560151,0.003600799,0,41,0
Kinematic-Cluster4-F,350,7.02,3,-2.68543077,-1.24656689,-11.0740337,0,0,0,0,1,7,36,0.0009560151,0.003600799,0,41,0
Kinematic-Cluster4-F,351,7.04,0,-3.08215284,-1.61084,-2.17342019,0,0,0,0,1,9,36,0.00117984519,0.00461263629,0,41,0
Kinematic-Cluster4-F,351,7.04,1,-2.70257664,-1.6164223,-4.246286,0,0,0,0,1,9,36,0.00117984519,0.00461263629,0,41,0
Kinematic-Cluster4-F,351,7.04,2,-3.062876,-1.23281837,0.566622555,0,0,0,0,1,6,36,0.00117984519,0.00461263629,0,41,0
Kinematic-Cluster4-F,351,7.04,3,-2.68543077,-1.24656689,-11.0740337,0,0,0,0,1,7,36,0.00117984519,0.00461263629,0,41,0
Kinematic-Cluster4-F,352,7.06,0,-3.08215284,-1.61084,-2.17342019,0,0,0,0,1,9,36,0.00114897464,0.00532083446,0,41,0
Kinematic-Cluster4-F,352,7.06,1,-2.70257664,-1.6164223,-4.246286,0,0,0,0,1,9,36,0.00114897464,0.00532083446,0,41,0
Kinematic-Cluster4-F,352,7.06,2,-3.062876,-1.23281837,0.566622555,0,0,0,0,1,6,36,0.00114897464,0.00532083446,0,41,0
Kinematic-Cluster4-F,352,7.06,3,-2.68543077,-1.24656689,-11.0740337,0,0,0,0,1,7,36,0.00114897464,0.00532083446,0,41,0
Kinematic-Cluster4-F,353,7.08,0,-3.08215284,-1.61084,-2.17342019,0,0,0,0,1,9,36,0.00143105409,0.00538943335,0,41,0
Kinematic-Cluster4-F,353,7.08,1,-2.70257664,-1.6164223,-4.246286,0,0,0,0,1,9,36,0.00143105409,0.00538943335,0,41,0
Kinematic-Cluster4-F,353,7.08,2,-3.062876,-1.23281837,0.566622555,0,0,0,0,1,6,36,0.00143105409,0.00538943335,0,41,0
Kinematic-Cluster4-F,353,7.08,3,-2.68543077,-1.24656689,-11.0740337,0,0,0,0,1,7,36,0.00143105409,0.00538943335,0,41,0
Kinematic-Cluster4-F,354,7.1,0,-3.08215284,-1.61084,-2.17342019,0,0,0,0,1,9,36,0.00106746587,0.00515385624,0,41,0
Kinematic-Cluster4-F,354,7.1,1,-2.70257664,-1.6164223,-4.246286,0,0,0,0,1,9,36,0.00106746587,0.00515385624,0,41,0
Kinematic-Cluster4-F,354,7.1,2,-3.062876,-1.23281837,0.566622555,0,0,0,0,1,6,36,0.00106746587,0.00515385624,0,41,0
Kinematic-Cluster4-F,354,7.1,3,-2.68543077,-1.24656689,-11.0740337,0,0,0,0,1,7,36,0.00106746587,0.00515385624,0,41,0
Kinematic-Cluster4-F,355,7.12,0,-3.08215284,-1.61084,-2.17342019,0,0,0,0,1,9,36,0.000834182,0.004560689,0,41,0
Kinematic-Cluster4-F,355,7.12,1,-2.70257664,-1.6164223,-4.246286,0,0,0,0,1,9,36,0.000834182,0.004560689,0,41,0
Kinematic-Cluster4-F,355,7.12,2,-3.062876,-1.23281837,0.566622555,0,0,0,0,1,6,36,0.000834182,0.004560689,0,41,0
Kinematic-Cluster4-F,355,7.12,3,-2.68543077,-1.24656689,-11.0740337,0,0,0,0,1,7,36,0.000834182,0.004560689,0,41,0
Kinematic-Cluster4-F,356,7.14,0,-3.08215284,-1.61084,-2.17342019,0,0,0,0,1,9,36,0.000954373565,0.00520740449,0,41,0
Kinematic-Cluster4-F,356,7.14,1,-2.70257664,-1.6164223,-4.246286,0,0,0,0,1,9,36,0.000954373565,0.00520740449,0,41,0
Kinematic-Cluster4-F,356,7.14,2,-3.062876,-1.23281837,0.566622555,0,0,0,0,1,6,36,0.000954373565,0.00520740449,0,41,0
Kinematic-Cluster4-F,356,7.14,3,-2.68543077,-1.24656689,-11.0740337,0,0,0,0,1,7,36,0.000954373565,0.00520740449,0,41,0
Kinematic-Cluster4-F,357,7.16,0,-3.08215284,-1.61084,-2.17342019,0,0,0,0,1,9,36,0.000816029846,0.003817561,0,41,0
Kinematic-Cluster4-F,357,7.16,1,-2.70257664,-1.6164223,-4.246286,0,0,0,0,1,9,36,0.000816029846,0.003817561,0,41,0
Kinematic-Cluster4-F,357,7.16,2,-3.062876,-1.23281837,0.566622555,0,0,0,0,1,6,36,0.000816029846,0.003817561,0,41,0
Kinematic-Cluster4-F,357,7.16,3,-2.68543077,-1.24656689,-11.0740337,0,0,0,0,1,7,36,0.000816029846,0.003817561,0,41,0
Kinematic-Cluster4-F,358,7.18,0,-3.08215284,-1.61084,-2.17342019,0,0,0,0,1,9,36,0.000968932232,0.004461149,0,41,0
Kinematic-Cluster4-F,358,7.18,1,-2.70257664,-1.6164223,-4.246286,0,0,0,0,1,9,36,0.000968932232,0.004461149,0,41,0
Kinematic-Cluster4-F,358,7.18,2,-3.062876,-1.23281837,0.566622555,0,0,0,0,1,6,36,0.000968932232,0.004461149,0,41,0
Kinematic-Cluster4-F,358,7.18,3,-2.68543077,-1.24656689,-11.0740337,0,0,0,0,1,7,36,0.000968932232,0.004461149,0,41,0
Kinematic-Cluster4-F,359,7.2,0,-3.08215284,-1.61084,-2.17342019,0,0,0,0,1,9,36,0.0006614243,0.00357356481,0,41,0
Kinematic-Cluster4-F,359,7.2,1,-2.70257664,-1.6164223,-4.246286,0,0,0,0,1,9,36,0.0006614243,0.00357356481,0,41,0
Kinematic-Cluster4-F,359,7.2,2,-3.062876,-1.23281837,0.566622555,0,0,0,0,1,6,36,0.0006614243,0.00357356481,0,41,0
Kinematic-Cluster4-F,359,7.2,3,-2.68543077,-1.24656689,-11.0740337,0,0,0,0,1,7,36,0.0006614243,0.00357356481,0,41,0
Kinematic-Cluster4-F,360,7.22,0,-3.08215284,-1.61084,-2.17342019,0,0,0,0,1,9,36,0.001022207,0.00523858145,0,41,0
Kinematic-Cluster4-F,360,7.22,1,-2.70257664,-1.6164223,-4.246286,0,0,0,0,1,9,36,0.001022207,0.00523858145,0,41,0
Kinematic-Cluster4-F,360,7.22,2,-3.062876,-1.23281837,0.566622555,0,0,0,0,1,6,36,0.001022207,0.00523858145,0,41,0
Kinematic-Cluster4-F,360,7.22,3,-2.68543077,-1.24656689,-11.0740337,0,0,0,0,1,7,36,0.001022207,0.00523858145,0,41,0
Kinematic-Cluster4-F,361,7.24,0,-3.08215284,-1.61084,-2.17342019,0,0,0,0,1,9,36,0.0009164205,0.003276337,0,41,0
Kinematic-Cluster4-F,361,7.24,1,-2.70257664,-1.6164223,-4.246286,0,0,0,0,1,9,36,0.0009164205,0.003276337,0,41,0
Kinematic-Cluster4-F,361,7.24,2,-3.062876,-1.23281837,0.566622555,0,0,0,0,1,6,36,0.0009164205,0.003276337,0,41,0
Kinematic-Cluster4-F,361,7.24,3,-2.68543077,-1.24656689,-11.0740337,0,0,0,0,1,7,36,0.0009164205,0.003276337,0,41,0
Kinematic-Cluster4-F,362,7.25999975,0,-3.08215284,-1.61084,-2.17342019,0,0,0,0,1,9,36,0.000733091554,0.005162105,0,41,0
Kinematic-Cluster4-F,362,7.25999975,1,-2.70257664,-1.6164223,-4.246286,0,0,0,0,1,9,36,0.000733091554,0.005162105,0,41,0
Kinematic-Cluster4-F,362,7.25999975,2,-3.062876,-1.23281837,0.566622555,0,0,0,0,1,6,36,0.000733091554,0.005162105,0,41,0
Kinematic-Cluster4-F,362,7.25999975,3,-2.68543077,-1.24656689,-11.0740337,0,0,0,0,1,7,36,0.000733091554,0.005162105,0,41,0
Kinematic-Cluster4-F,363,7.27999973,0,-3.08215284,-1.61084,-2.17342019,0,0,0,0,1,9,36,0.000927326269,0.00526110642,0,41,0
Kinematic-Cluster4-F,363,7.27999973,1,-2.70257664,-1.6164223,-4.246286,0,0,0,0,1,9,36,0.000927326269,0.00526110642,0,41,0
Kinematic-Cluster4-F,363,7.27999973,2,-3.062876,-1.23281837,0.566622555,0,0,0,0,1,6,36,0.000927326269,0.00526110642,0,41,0
Kinematic-Cluster4-F,363,7.27999973,3,-2.68543077,-1.24656689,-11.0740337,0,0,0,0,1,7,36,0.000927326269,0.00526110642,0,41,0
Kinematic-Cluster4-F,364,7.29999971,0,-3.08215284,-1.61084,-2.17342019,0,0,0,0,1,9,36,0.00122037169,0.007304463,0,41,0
Kinematic-Cluster4-F,364,7.29999971,1,-2.70257664,-1.6164223,-4.246286,0,0,0,0,1,9,36,0.00122037169,0.007304463,0,41,0
Kinematic-Cluster4-F,364,7.29999971,2,-3.062876,-1.23281837,0.566622555,0,0,0,0,1,6,36,0.00122037169,0.007304463,0,41,0
Kinematic-Cluster4-F,364,7.29999971,3,-2.68543077,-1.24656689,-11.0740337,0,0,0,0,1,7,36,0.00122037169,0.007304463,0,41,0
Kinematic-Cluster4-F,365,7.31999969,0,-3.08215284,-1.61084,-2.17342019,0,0,0,0,1,9,36,0.00156319852,0.006114854,0,41,0
Kinematic-Cluster4-F,365,7.31999969,1,-2.70257664,-1.6164223,-4.246286,0,0,0,0,1,9,36,0.00156319852,0.006114854,0,41,0
Kinematic-Cluster4-F,365,7.31999969,2,-3.062876,-1.23281837,0.566622555,0,0,0,0,1,6,36,0.00156319852,0.006114854,0,41,0
Kinematic-Cluster4-F,365,7.31999969,3,-2.68543077,-1.24656689,-11.0740337,0,0,0,0,1,7,36,0.00156319852,0.006114854,0,41,0
Kinematic-Cluster4-F,366,7.33999968,0,-3.08215284,-1.61084,-2.17342019,0,0,0,0,1,9,36,0.0008936541,0.00349887065,0,41,0
Kinematic-Cluster4-F,366,7.33999968,1,-2.70257664,-1.6164223,-4.246286,0,0,0,0,1,9,36,0.0008936541,0.00349887065,0,41,0
Kinematic-Cluster4-F,366,7.33999968,2,-3.062876,-1.23281837,0.566622555,0,0,0,0,1,6,36,0.0008936541,0.00349887065,0,41,0
Kinematic-Cluster4-F,366,7.33999968,3,-2.68543077,-1.24656689,-11.0740337,0,0,0,0,1,7,36,0.0008936541,0.00349887065,0,41,0
Kinematic-Cluster4-F,367,7.35999966,0,-3.08215284,-1.61084,-2.17342019,0,0,0,0,1,9,36,0.0007846406,0.005357224,0,41,0
Kinematic-Cluster4-F,367,7.35999966,1,-2.70257664,-1.6164223,-4.246286,0,0,0,0,1,9,36,0.0007846406,0.005357224,0,41,0
Kinematic-Cluster4-F,367,7.35999966,2,-3.062876,-1.23281837,0.566622555,0,0,0,0,1,6,36,0.0007846406,0.005357224,0,41,0
Kinematic-Cluster4-F,367,7.35999966,3,-2.68543077,-1.24656689,-11.0740337,0,0,0,0,1,7,36,0.0007846406,0.005357224,0,41,0
Kinematic-Cluster4-F,368,7.37999964,0,-3.08215284,-1.61084,-2.17342019,0,0,0,0,1,9,36,0.000372068549,0.00188145426,0,41,0
Kinematic-Cluster4-F,368,7.37999964,1,-2.70257664,-1.6164223,-4.246286,0,0,0,0,1,9,36,0.000372068549,0.00188145426,0,41,0
Kinematic-Cluster4-F,368,7.37999964,2,-3.062876,-1.23281837,0.566622555,0,0,0,0,1,6,36,0.000372068549,0.00188145426,0,41,0
Kinematic-Cluster4-F,368,7.37999964,3,-2.68543077,-1.24656689,-11.0740337,0,0,0,0,1,7,36,0.000372068549,0.00188145426,0,41,0
Kinematic-Cluster4-F,369,7.39999962,0,-3.08215284,-1.61084,-2.17342019,0,0,0,0,1,9,36,0.0006452071,0.00285928883,0,41,0
Kinematic-Cluster4-F,369,7.39999962,1,-2.70257664,-1.6164223,-4.246286,0,0,0,0,1,9,36,0.0006452071,0.00285928883,0,41,0
Kinematic-Cluster4-F,369,7.39999962,2,-3.062876,-1.23281837,0.566622555,0,0,0,0,1,6,36,0.0006452071,0.00285928883,0,41,0
Kinematic-Cluster4-F,369,7.39999962,3,-2.68543077,-1.24656689,-11.0740337,0,0,0,0,1,7,36,0.0006452071,0.00285928883,0,41,0
Kinematic-Cluster4-F,370,7.4199996,0,-3.08215284,-1.61084,-2.17342019,0,0,0,0,1,9,36,0.0008869081,0.00378904585,0,41,0
Kinematic-Cluster4-F,370,7.4199996,1,-2.70257664,-1.6164223,-4.246286,0,0,0,0,1,9,36,0.0008869081,0.00378904585,0,41,0
Kinematic-Cluster4-F,370,7.4199996,2,-3.062876,-1.23281837,0.566622555,0,0,0,0,1,6,36,0.0008869081,0.00378904585,0,41,0
Kinematic-Cluster4-F,370,7.4199996,3,-2.68543077,-1.24656689,-11.0740337,0,0,0,0,1,7,36,0.0008869081,0.00378904585,0,41,0
Kinematic-Cluster4-F,371,7.44,0,-3.08215284,-1.61084,-2.17342019,0,0,0,0,1,9,36,0.0006065276,0.00244749826,0,41,0
Kinematic-Cluster4-F,371,7.44,1,-2.70257664,-1.6164223,-4.246286,0,0,0,0,1,9,36,0.0006065276,0.00244749826,0,41,0
Kinematic-Cluster4-F,371,7.44,2,-3.062876,-1.23281837,0.566622555,0,0,0,0,1,6,36,0.0006065276,0.00244749826,0,41,0
Kinematic-Cluster4-F,371,7.44,3,-2.68543077,-1.24656689,-11.0740337,0,0,0,0,1,7,36,0.0006065276,0.00244749826,0,41,0
Kinematic-Cluster4-F,372,7.46,0,-3.08215284,-1.61084,-2.17342019,0,0,0,0,1,9,36,0.000810797967,0.00343608647,0,41,0
Kinematic-Cluster4-F,372,7.46,1,-2.70257664,-1.6164223,-4.246286,0,0,0,0,1,9,36,0.000810797967,0.00343608647,0,41,0
Kinematic-Cluster4-F,372,7.46,2,-3.062876,-1.23281837,0.566622555,0,0,0,0,1,6,36,0.000810797967,0.00343608647,0,41,0
Kinematic-Cluster4-F,372,7.46,3,-2.68543077,-1.24656689,-11.0740337,0,0,0,0,1,7,36,0.000810797967,0.00343608647,0,41,0
Kinematic-Cluster4-F,373,7.48,0,-3.08215284,-1.61084,-2.17342019,0,0,0,0,1,9,36,0.000655096432,0.00297297235,0,41,0
Kinematic-Cluster4-F,373,7.48,1,-2.70257664,-1.6164223,-4.246286,0,0,0,0,1,9,36,0.000655096432,0.00297297235,0,41,0
Kinematic-Cluster4-F,373,7.48,2,-3.062876,-1.23281837,0.566622555,0,0,0,0,1,6,36,0.000655096432,0.00297297235,0,41,0
Kinematic-Cluster4-F,373,7.48,3,-2.68543077,-1.24656689,-11.0740337,0,0,0,0,1,7,36,0.000655096432,0.00297297235,0,41,0
Kinematic-Cluster4-F,374,7.5,0,-3.08215284,-1.61084,-2.17342019,0,0,0,0,1,9,36,0.0008239632,0.004118478,0,41,0
Kinematic-Cluster4-F,374,7.5,1,-2.70257664,-1.6164223,-4.246286,0,0,0,0,1,9,36,0.0008239632,0.004118478,0,41,0
Kinematic-Cluster4-F,374,7.5,2,-3.062876,-1.23281837,0.566622555,0,0,0,0,1,6,36,0.0008239632,0.004118478,0,41,0
Kinematic-Cluster4-F,374,7.5,3,-2.68543077,-1.24656689,-11.0740337,0,0,0,0,1,7,36,0.0008239632,0.004118478,0,41,0
Kinematic-Cluster4-F,375,7.52,0,-3.08215284,-1.61084,-2.17342019,0,0,0,0,1,9,36,0.0006853437,0.00242198538,0,41,0
Kinematic-Cluster4-F,375,7.52,1,-2.70257664,-1.6164223,-4.246286,0,0,0,0,1,9,36,0.0006853437,0.00242198538,0,41,0
Kinematic-Cluster4-F,375,7.52,2,-3.062876,-1.23281837,0.566622555,0,0,0,0,1,6,36,0.0006853437,0.00242198538,0,41,0
Kinematic-Cluster4-F,375,7.52,3,-2.68543077,-1.24656689,-11.0740337,0,0,0,0,1,7,36,0.0006853437,0.00242198538,0,41,0
Kinematic-Cluster4-F,376,7.54,0,-3.08215284,-1.61084,-2.17342019,0,0,0,0,1,9,36,0.000808518,0.00368315773,0,41,0
Kinematic-Cluster4-F,376,7.54,1,-2.70257664,-1.6164223,-4.246286,0,0,0,0,1,9,36,0.000808518,0.00368315773,0,41,0
Kinematic-Cluster4-F,376,7.54,2,-3.062876,-1.23281837,0.566622555,0,0,0,0,1,6,36,0.000808518,0.00368315773,0,41,0
Kinematic-Cluster4-F,376,7.54,3,-2.68543077,-1.24656689,-11.0740337,0,0,0,0,1,7,36,0.000808518,0.00368315773,0,41,0
Kinematic-Cluster4-F,377,7.56,0,-3.08215284,-1.61084,-2.17342019,0,0,0,0,1,9,36,0.000573612459,0.00225491473,0,41,0
Kinematic-Cluster4-F,377,7.56,1,-2.70257664,-1.6164223,-4.246286,0,0,0,0,1,9,36,0.000573612459,0.00225491473,0,41,0
Kinematic-Cluster4-F,377,7.56,2,-3.062876,-1.23281837,0.566622555,0,0,0,0,1,6,36,0.000573612459,0.00225491473,0,41,0
Kinematic-Cluster4-F,377,7.56,3,-2.68543077,-1.24656689,-11.0740337,0,0,0,0,1,7,36,0.000573612459,0.00225491473,0,41,0
Kinematic-Cluster4-F,378,7.58,0,-3.08215284,-1.61084,-2.17342019,0,0,0,0,1,9,36,0.0006746305,0.00327836373,0,41,0
Kinematic-Cluster4-F,378,7.58,1,-2.70257664,-1.6164223,-4.246286,0,0,0,0,1,9,36,0.0006746305,0.00327836373,0,41,0
Kinematic-Cluster4-F,378,7.58,2,-3.062876,-1.23281837,0.566622555,0,0,0,0,1,6,36,0.0006746305,0.00327836373,0,41,0
Kinematic-Cluster4-F,378,7.58,3,-2.68543077,-1.24656689,-11.0740337,0,0,0,0,1,7,36,0.0006746305,0.00327836373,0,41,0
Kinematic-Cluster4-F,379,7.6,0,-3.08215284,-1.61084,-2.17342019,0,0,0,0,1,9,36,0.000698225456,0.00230941246,0,41,0
Kinematic-Cluster4-F,379,7.6,1,-2.70257664,-1.6164223,-4.246286,0,0,0,0,1,9,36,0.000698225456,0.00230941246,0,41,0
Kinematic-Cluster4-F,379,7.6,2,-3.062876,-1.23281837,0.566622555,0,0,0,0,1,6,36,0.000698225456,0.00230941246,0,41,0
Kinematic-Cluster4-F,379,7.6,3,-2.68543077,-1.24656689,-11.0740337,0,0,0,0,1,7,36,0.000698225456,0.00230941246,0,41,0
Kinematic-Cluster4-F,380,7.62,0,-3.08215284,-1.61084,-2.17342019,0,0,0,0,1,9,36,0.0007453205,0.00355373928,0,41,0
Kinematic-Cluster4-F,380,7.62,1,-2.70257664,-1.6164223,-4.246286,0,0,0,0,1,9,36,0.0007453205,0.00355373928,0,41,0
Kinematic-Cluster4-F,380,7.62,2,-3.062876,-1.23281837,0.566622555,0,0,0,0,1,6,36,0.0007453205,0.00355373928,0,41,0
Kinematic-Cluster4-F,380,7.62,3,-2.68543077,-1.24656689,-11.0740337,0,0,0,0,1,7,36,0.0007453205,0.00355373928,0,41,0
Kinematic-Cluster4-F,381,7.64,0,-3.08215284,-1.61084,-2.17342019,0,0,0,0,1,9,36,0.000601820531,0.00229071151,0,41,0
Kinematic-Cluster4-F,381,7.64,1,-2.70257664,-1.6164223,-4.246286,0,0,0,0,1,9,36,0.000601820531,0.00229071151,0,41,0
Kinematic-Cluster4-F,381,7.64,2,-3.062876,-1.23281837,0.566622555,0,0,0,0,1,6,36,0.000601820531,0.00229071151,0,41,0
Kinematic-Cluster4-F,381,7.64,3,-2.68543077,-1.24656689,-11.0740337,0,0,0,0,1,7,36,0.000601820531,0.00229071151,0,41,0
Kinematic-Cluster4-F,382,7.66,0,-3.08215284,-1.61084,-2.17342019,0,0,0,0,1,9,36,0.000644001,0.003048672,0,41,0
Kinematic-Cluster4-F,382,7.66,1,-2.70257664,-1.6164223,-4.246286,0,0,0,0,1,9,36,0.000644001,0.003048672,0,41,0
Kinematic-Cluster4-F,382,7.66,2,-3.062876,-1.23281837,0.566622555,0,0,0,0,1,6,36,0.000644001,0.003048672,0,41,0
Kinematic-Cluster4-F,382,7.66,3,-2.68543077,-1.24656689,-11.0740337,0,0,0,0,1,7,36,0.000644001,0.003048672,0,41,0
Kinematic-Cluster4-F,383,7.68,0,-3.08215284,-1.61084,-2.17342019,0,0,0,0,1,9,36,0.0007290059,0.00316965557,0,41,0
Kinematic-Cluster4-F,383,7.68,1,-2.70257664,-1.6164223,-4.246286,0,0,0,0,1,9,36,0.0007290059,0.00316965557,0,41,0
Kinematic-Cluster4-F,383,7.68,2,-3.062876,-1.23281837,0.566622555,0,0,0,0,1,6,36,0.0007290059,0.00316965557,0,41,0
Kinematic-Cluster4-F,383,7.68,3,-2.68543077,-1.24656689,-11.0740337,0,0,0,0,1,7,36,0.0007290059,0.00316965557,0,41,0
Kinematic-Cluster4-F,384,7.7,0,-3.08215284,-1.61084,-2.17342019,0,0,0,0,1,9,36,0.0006060325,0.003141659,0,41,0
Kinematic-Cluster4-F,384,7.7,1,-2.70257664,-1.6164223,-4.246286,0,0,0,0,1,9,36,0.0006060325,0.003141659,0,41,0
Kinematic-Cluster4-F,384,7.7,2,-3.062876,-1.23281837,0.566622555,0,0,0,0,1,6,36,0.0006060325,0.003141659,0,41,0
Kinematic-Cluster4-F,384,7.7,3,-2.68543077,-1.24656689,-11.0740337,0,0,0,0,1,7,36,0.0006060325,0.003141659,0,41,0
Kinematic-Cluster4-F,385,7.72,0,-3.08215284,-1.61084,-2.17342019,0,0,0,0,1,9,36,0.000551769743,0.0026692322,0,41,0
Kinematic-Cluster4-F,385,7.72,1,-2.70257664,-1.6164223,-4.246286,0,0,0,0,1,9,36,0.000551769743,0.0026692322,0,41,0
Kinematic-Cluster4-F,385,7.72,2,-3.062876,-1.23281837,0.566622555,0,0,0,0,1,6,36,0.000551769743,0.0026692322,0,41,0
Kinematic-Cluster4-F,385,7.72,3,-2.68543077,-1.24656689,-11.0740337,0,0,0,0,1,7,36,0.000551769743,0.0026692322,0,41,0
Kinematic-Cluster4-F,386,7.74,0,-3.08215284,-1.61084,-2.17342019,0,0,0,0,1,9,36,0.0006652576,0.00288058957,0,41,0
Kinematic-Cluster4-F,386,7.74,1,-2.70257664,-1.6164223,-4.246286,0,0,0,0,1,9,36,0.0006652576,0.00288058957,0,41,0
Kinematic-Cluster4-F,386,7.74,2,-3.062876,-1.23281837,0.566622555,0,0,0,0,1,6,36,0.0006652576,0.00288058957,0,41,0
Kinematic-Cluster4-F,386,7.74,3,-2.68543077,-1.24656689,-11.0740337,0,0,0,0,1,7,36,0.0006652576,0.00288058957,0,41,0
Kinematic-Cluster4-F,387,7.75999975,0,-3.08215284,-1.61084,-2.17342019,0,0,0,0,1,9,36,0.0006801486,0.00317835,0,41,0
Kinematic-Cluster4-F,387,7.75999975,1,-2.70257664,-1.6164223,-4.246286,0,0,0,0,1,9,36,0.0006801486,0.00317835,0,41,0
Kinematic-Cluster4-F,387,7.75999975,2,-3.062876,-1.23281837,0.566622555,0,0,0,0,1,6,36,0.0006801486,0.00317835,0,41,0
Kinematic-Cluster4-F,387,7.75999975,3,-2.68543077,-1.24656689,-11.0740337,0,0,0,0,1,7,36,0.0006801486,0.00317835,0,41,0
Kinematic-Cluster4-F,388,7.77999973,0,-3.08215284,-1.61084,-2.17342019,0,0,0,0,1,9,36,0.000664481544,0.00360080041,0,41,0
Kinematic-Cluster4-F,388,7.77999973,1,-2.70257664,-1.6164223,-4.246286,0,0,0,0,1,9,36,0.000664481544,0.00360080041,0,41,0
Kinematic-Cluster4-F,388,7.77999973,2,-3.062876,-1.23281837,0.566622555,0,0,0,0,1,6,36,0.000664481544,0.00360080041,0,41,0
Kinematic-Cluster4-F,388,7.77999973,3,-2.68543077,-1.24656689,-11.0740337,0,0,0,0,1,7,36,0.000664481544,0.00360080041,0,41,0
Kinematic-Cluster4-F,389,7.79999971,0,-3.08215284,-1.61084,-2.17342019,0,0,0,0,1,9,36,0.0008342377,0.004154963,0,41,0
Kinematic-Cluster4-F,389,7.79999971,1,-2.70257664,-1.6164223,-4.246286,0,0,0,0,1,9,36,0.0008342377,0.004154963,0,41,0
Kinematic-Cluster4-F,389,7.79999971,2,-3.062876,-1.23281837,0.566622555,0,0,0,0,1,6,36,0.0008342377,0.004154963,0,41,0
Kinematic-Cluster4-F,389,7.79999971,3,-2.68543077,-1.24656689,-11.0740337,0,0,0,0,1,7,36,0.0008342377,0.004154963,0,41,0
Kinematic-Cluster4-F,390,7.81999969,0,-3.08215284,-1.61084,-2.17342019,0,0,0,0,1,9,36,0.000604555651,0.00272470457,0,41,0
Kinematic-Cluster4-F,390,7.81999969,1,-2.70257664,-1.6164223,-4.246286,0,0,0,0,1,9,36,0.000604555651,0.00272470457,0,41,0
Kinematic-Cluster4-F,390,7.81999969,2,-3.062876,-1.23281837,0.566622555,0,0,0,0,1,6,36,0.000604555651,0.00272470457,0,41,0
Kinematic-Cluster4-F,390,7.81999969,3,-2.68543077,-1.24656689,-11.0740337,0,0,0,0,1,7,36,0.000604555651,0.00272470457,0,41,0
Kinematic-Cluster4-F,391,7.83999968,0,-3.08215284,-1.61084,-2.17342019,0,0,0,0,1,9,36,0.0005785256,0.00228586467,0,41,0
Kinematic-Cluster4-F,391,7.83999968,1,-2.70257664,-1.6164223,-4.246286,0,0,0,0,1,9,36,0.0005785256,0.00228586467,0,41,0
Kinematic-Cluster4-F,391,7.83999968,2,-3.062876,-1.23281837,0.566622555,0,0,0,0,1,6,36,0.0005785256,0.00228586467,0,41,0
Kinematic-Cluster4-F,391,7.83999968,3,-2.68543077,-1.24656689,-11.0740337,0,0,0,0,1,7,36,0.0005785256,0.00228586467,0,41,0
Kinematic-Cluster4-F,392,7.85999966,0,-3.08215284,-1.61084,-2.17342019,0,0,0,0,1,9,36,0.0006013729,0.00272021652,0,41,0
Kinematic-Cluster4-F,392,7.85999966,1,-2.70257664,-1.6164223,-4.246286,0,0,0,0,1,9,36,0.0006013729,0.00272021652,0,41,0
Kinematic-Cluster4-F,392,7.85999966,2,-3.062876,-1.23281837,0.566622555,0,0,0,0,1,6,36,0.0006013729,0.00272021652,0,41,0
Kinematic-Cluster4-F,392,7.85999966,3,-2.68543077,-1.24656689,-11.0740337,0,0,0,0,1,7,36,0.0006013729,0.00272021652,0,41,0
Kinematic-Cluster4-F,393,7.87999964,0,-3.08215284,-1.61084,-2.17342019,0,0,0,0,1,9,36,0.00073410006,0.00422436744,0,41,0
Kinematic-Cluster4-F,393,7.87999964,1,-2.70257664,-1.6164223,-4.246286,0,0,0,0,1,9,36,0.00073410006,0.00422436744,0,41,0
Kinematic-Cluster4-F,393,7.87999964,2,-3.062876,-1.23281837,0.566622555,0,0,0,0,1,6,36,0.00073410006,0.00422436744,0,41,0
Kinematic-Cluster4-F,393,7.87999964,3,-2.68543077,-1.24656689,-11.0740337,0,0,0,0,1,7,36,0.00073410006,0.00422436744,0,41,0
Kinematic-Cluster4-F,394,7.89999962,0,-3.08215284,-1.61084,-2.17342019,0,0,0,0,1,9,36,0.0006539927,0.00208367966,0,41,0
Kinematic-Cluster4-F,394,7.89999962,1,-2.70257664,-1.6164223,-4.246286,0,0,0,0,1,9,36,0.0006539927,0.00208367966,0,41,0
Kinematic-Cluster4-F,394,7.89999962,2,-3.062876,-1.23281837,0.566622555,0,0,0,0,1,6,36,0.0006539927,0.00208367966,0,41,0
Kinematic-Cluster4-F,394,7.89999962,3,-2.68543077,-1.24656689,-11.0740337,0,0,0,0,1,7,36,0.0006539927,0.00208367966,0,41,0
Kinematic-Cluster4-F,395,7.9199996,0,-3.08215284,-1.61084,-2.17342019,0,0,0,0,1,9,36,0.00067740347,0.003494913,0,41,0
Kinematic-Cluster4-F,395,7.9199996,1,-2.70257664,-1.6164223,-4.246286,0,0,0,0,1,9,36,0.00067740347,0.003494913,0,41,0
Kinematic-Cluster4-F,395,7.9199996,2,-3.062876,-1.23281837,0.566622555,0,0,0,0,1,6,36,0.00067740347,0.003494913,0,41,0
Kinematic-Cluster4-F,395,7.9199996,3,-2.68543077,-1.24656689,-11.0740337,0,0,0,0,1,7,36,0.00067740347,0.003494913,0,41,0
Kinematic-Cluster4-F,396,7.94,0,-3.08215284,-1.61084,-2.17342019,0,0,0,0,1,9,36,0.000522136746,0.00190628844,0,41,0
Kinematic-Cluster4-F,396,7.94,1,-2.70257664,-1.6164223,-4.246286,0,0,0,0,1,9,36,0.000522136746,0.00190628844,0,41,0
Kinematic-Cluster4-F,396,7.94,2,-3.062876,-1.23281837,0.566622555,0,0,0,0,1,6,36,0.000522136746,0.00190628844,0,41,0
Kinematic-Cluster4-F,396,7.94,3,-2.68543077,-1.24656689,-11.0740337,0,0,0,0,1,7,36,0.000522136746,0.00190628844,0,41,0
Kinematic-Cluster4-F,397,7.96,0,-3.08215284,-1.61084,-2.17342019,0,0,0,0,1,9,36,0.0005192114,0.002539106,0,41,0
Kinematic-Cluster4-F,397,7.96,1,-2.70257664,-1.6164223,-4.246286,0,0,0,0,1,9,36,0.0005192114,0.002539106,0,41,0
Kinematic-Cluster4-F,397,7.96,2,-3.062876,-1.23281837,0.566622555,0,0,0,0,1,6,36,0.0005192114,0.002539106,0,41,0
Kinematic-Cluster4-F,397,7.96,3,-2.68543077,-1.24656689,-11.0740337,0,0,0,0,1,7,36,0.0005192114,0.002539106,0,41,0
Kinematic-Cluster4-F,398,7.98,0,-3.08215284,-1.61084,-2.17342019,0,0,0,0,1,9,36,0.000643005071,0.00291138142,0,41,0
Kinematic-Cluster4-F,398,7.98,1,-2.70257664,-1.6164223,-4.246286,0,0,0,0,1,9,36,0.000643005071,0.00291138142,0,41,0
Kinematic-Cluster4-F,398,7.98,2,-3.062876,-1.23281837,0.566622555,0,0,0,0,1,6,36,0.000643005071,0.00291138142,0,41,0
Kinematic-Cluster4-F,398,7.98,3,-2.68543077,-1.24656689,-11.0740337,0,0,0,0,1,7,36,0.000643005071,0.00291138142,0,41,0
Kinematic-Cluster4-F,399,8,0,-3.08215284,-1.61084,-2.17342019,0,0,0,0,1,9,36,0.0006738323,0.00286914851,0,41,0
Kinematic-Cluster4-F,399,8,1,-2.70257664,-1.6164223,-4.246286,0,0,0,0,1,9,36,0.0006738323,0.00286914851,0,41,0
Kinematic-Cluster4-F,399,8,2,-3.062876,-1.23281837,0.566622555,0,0,0,0,1,6,36,0.0006738323,0.00286914851,0,41,0
Kinematic-Cluster4-F,399,8,3,-2.68543077,-1.24656689,-11.0740337,0,0,0,0,1,7,36,0.0006738323,0.00286914851,0,41,0
Kinematic-FixedSingle-F,300,6.02,0,-2.903136,-1.52094746,0,0,0,0,0,1,0,29,0.00131768489,0.005543415,0,40.5,0
Kinematic-FixedSingle-F,301,6.04,0,-2.903136,-1.52094746,0,0,0,0,0,1,0,29,0.00124917773,0.005326339,0,40.5,0
Kinematic-FixedSingle-F,302,6.06,0,-2.903136,-1.52094746,0,0,0,0,0,1,0,29,0.00116862427,0.005006575,0,40.5,0
Kinematic-FixedSingle-F,303,6.08,0,-2.903136,-1.52094746,0,0,0,0,0,1,0,29,0.00109819393,0.00475237425,0,40.5,0
Kinematic-FixedSingle-F,304,6.1,0,-2.903136,-1.52094746,0,0,0,0,0,1,0,29,0.00102215214,0.004356226,0,40.5,0
Kinematic-FixedSingle-F,305,6.12,0,-2.903136,-1.52094746,0,0,0,0,0,1,0,29,0.000953684,0.00401547365,0,40.5,0
Kinematic-FixedSingle-F,306,6.14,0,-2.903136,-1.52094746,0,0,0,0,0,1,0,29,0.000891324249,0.003739279,0,40.5,0
Kinematic-FixedSingle-F,307,6.16,0,-2.903136,-1.52094746,0,0,0,0,0,1,0,29,0.000830870762,0.00341567048,0,40.5,0
Kinematic-FixedSingle-F,308,6.18,0,-2.903136,-1.52094746,0,0,0,0,0,1,0,29,0.000769394,0.00332038873,0,40.5,0
Kinematic-FixedSingle-F,309,6.2,0,-2.903136,-1.52094746,0,0,0,0,0,1,0,29,0.0007236752,0.00320472242,0,40.5,0
Kinematic-FixedSingle-F,310,6.22,0,-2.903136,-1.52094746,0,0,0,0,0,1,0,29,0.0006693218,0.00288336561,0,40.5,0
Kinematic-FixedSingle-F,311,6.24,0,-2.903136,-1.52094746,0,0,0,0,0,1,0,29,0.000624117441,0.00264552562,0,40.5,0
Kinematic-FixedSingle-F,312,6.25999975,0,-2.903136,-1.52094746,0,0,0,0,0,1,0,29,0.0005747213,0.002382914,0,40.5,0
Kinematic-FixedSingle-F,313,6.27999973,0,-2.903136,-1.52094746,0,0,0,0,0,1,0,29,0.000562656147,0.00224573514,0,40.5,0
Kinematic-FixedSingle-F,314,6.29999971,0,-2.903136,-1.52094746,0,0,0,0,0,1,0,29,0.0004928038,0.002018373,0,40.5,0
Kinematic-FixedSingle-F,315,6.31999969,0,-2.903136,-1.52094746,0,0,0,0,0,1,0,29,0.000483051175,0.00176751392,0,40.5,0
Kinematic-FixedSingle-F,316,6.33999968,0,-2.903136,-1.52094746,0,0,0,0,0,1,0,29,0.000427488674,0.00158855715,0,40.5,0
Kinematic-FixedSingle-F,317,6.35999966,0,-2.903136,-1.52094746,0,0,0,0,0,1,0,29,0.000421195844,0.00136205147,0,40.5,0
Kinematic-FixedSingle-F,318,6.37999964,0,-2.903136,-1.52094746,0,0,0,0,0,1,0,29,0.000362881779,0.00125065888,0,40.5,0
Kinematic-FixedSingle-F,319,6.39999962,0,-2.903136,-1.52094746,0,0,0,0,0,1,0,29,0.000366377062,0.0010335854,0,40.5,0
Kinematic-FixedSingle-F,320,6.42,0,-2.903136,-1.52094746,0,0,0,0,0,1,0,29,0.0003279772,0.0009877717,0,40.5,0
Kinematic-FixedSingle-F,321,6.44,0,-2.903136,-1.52094746,0,0,0,0,0,1,0,29,0.00032248738,0.0009649151,0,40.5,0
Kinematic-FixedSingle-F,322,6.46,0,-2.903136,-1.52094746,0,0,0,0,0,1,0,29,0.0003134705,0.000839362445,0,40.5,0
Kinematic-FixedSingle-F,323,6.48,0,-2.903136,-1.52094746,0,0,0,0,0,1,0,29,0.000299807172,0.000785094162,0,40.5,0
Kinematic-FixedSingle-F,324,6.5,0,-2.903136,-1.52094746,0,0,0,0,0,1,0,29,0.00028152272,0.0007374022,0,40.5,0
Kinematic-FixedSingle-F,325,6.52,0,-2.903136,-1.52094746,0,0,0,0,0,1,0,29,0.0002822293,0.0007472638,0,40.5,0
Kinematic-FixedSingle-F,326,6.54,0,-2.903136,-1.52094746,0,0,0,0,0,1,0,29,0.000278993131,0.0007282362,0,40.5,0
Kinematic-FixedSingle-F,327,6.56,0,-2.903136,-1.52094746,0,0,0,0,0,1,0,29,0.000267821742,0.0007455563,0,40.5,0
Kinematic-FixedSingle-F,328,6.58,0,-2.903136,-1.52094746,0,0,0,0,0,1,0,29,0.0002630025,0.000708731648,0,40.5,0
Kinematic-FixedSingle-F,329,6.6,0,-2.903136,-1.52094746,0,0,0,0,0,1,0,29,0.000261597044,0.0006974007,0,40.5,0
Kinematic-FixedSingle-F,330,6.62,0,-2.903136,-1.52094746,0,0,0,0,0,1,0,29,0.000260239583,0.0006930183,0,40.5,0
Kinematic-FixedSingle-F,331,6.64,0,-2.903136,-1.52094746,0,0,0,0,0,1,0,29,0.000254523,0.0007312034,0,40.5,0
Kinematic-FixedSingle-F,332,6.66,0,-2.903136,-1.52094746,0,0,0,0,0,1,0,29,0.0002554418,0.000707641651,0,40.5,0
Kinematic-FixedSingle-F,333,6.68,0,-2.903136,-1.52094746,0,0,0,0,0,1,0,29,0.00025065933,0.000707641651,0,40.5,0
Kinematic-FixedSingle-F,334,6.7,0,-2.903136,-1.52094746,0,0,0,0,0,1,0,29,0.000253138161,0.0007388904,0,40.5,0
Kinematic-FixedSingle-F,335,6.72,0,-2.903136,-1.52094746,0,0,0,0,0,1,0,29,0.000249077217,0.000755433051,0,40.5,0
Kinematic-FixedSingle-F,336,6.74,0,-2.903136,-1.52094746,0,0,0,0,0,1,0,29,0.0002436128,0.0007265522,0,40.5,0
Kinematic-FixedSingle-F,337,6.75999975,0,-2.903136,-1.52094746,0,0,0,0,0,1,0,29,0.000245264237,0.000720696,0,40.5,0
Kinematic-FixedSingle-F,338,6.77999973,0,-2.903136,-1.52094746,0,0,0,0,0,1,0,29,0.000238435881,0.0007322651,0,40.5,0
Kinematic-FixedSingle-F,339,6.79999971,0,-2.903136,-1.52094746,0,0,0,0,0,1,0,29,0.000231733909,0.0007150881,0,40.5,0
Kinematic-FixedSingle-F,340,6.81999969,0,-2.903136,-1.52094746,0,0,0,0,0,1,0,29,0.000227378259,0.000703848258,0,40.5,0
Kinematic-FixedSingle-F,341,6.83999968,0,-2.903136,-1.52094746,0,0,0,0,0,1,0,29,0.000222178613,0.000669378671,0,40.5,0
Kinematic-FixedSingle-F,342,6.85999966,0,-2.903136,-1.52094746,0,0,0,0,0,1,0,29,0.000217314751,0.0006903475,0,40.5,0
Kinematic-FixedSingle-F,343,6.87999964,0,-2.903136,-1.52094746,0,0,0,0,0,1,0,29,0.00021220537,0.0006923604,0,40.5,0
Kinematic-FixedSingle-F,344,6.89999962,0,-2.903136,-1.52094746,0,0,0,0,0,1,0,29,0.000213372085,0.00067821116,0,40.5,0
Kinematic-FixedSingle-F,345,6.92,0,-2.903136,-1.52094746,0,0,0,0,0,1,0,29,0.000212056824,0.0006771239,0,40.5,0
Kinematic-FixedSingle-F,346,6.94,0,-2.903136,-1.52094746,0,0,0,0,0,1,0,29,0.000209203514,0.0006615351,0,40.5,0
Kinematic-FixedSingle-F,347,6.96,0,-2.903136,-1.52094746,0,0,0,0,0,1,0,29,0.0002062098,0.0006735073,0,40.5,0
Kinematic-FixedSingle-F,348,6.98,0,-2.903136,-1.52094746,0,0,0,0,0,1,0,29,0.000205631484,0.000659307931,0,40.5,0
Kinematic-FixedSingle-F,349,7,0,-2.903136,-1.52094746,0,0,0,0,0,1,0,29,0.0001993378,0.00065726036,0,40.5,0
Kinematic-FixedSingle-F,350,7.02,0,-2.903136,-1.52094746,0,0,0,0,0,1,0,29,0.000193875327,0.000667923,0,40.5,0
Kinematic-FixedSingle-F,351,7.04,0,-2.903136,-1.52094746,0,0,0,0,0,1,0,29,0.000195019369,0.0006658771,0,40.5,0
Kinematic-FixedSingle-F,352,7.06,0,-2.903136,-1.52094746,0,0,0,0,0,1,0,29,0.0001895826,0.000666106353,0,40.5,0
Kinematic-FixedSingle-F,353,7.08,0,-2.903136,-1.52094746,0,0,0,0,0,1,0,29,0.000180325922,0.0006868496,0,40.5,0
Kinematic-FixedSingle-F,354,7.1,0,-2.903136,-1.52094746,0,0,0,0,0,1,0,29,0.0001775709,0.0006958443,0,40.5,0
Kinematic-FixedSingle-F,355,7.12,0,-2.903136,-1.52094746,0,0,0,0,0,1,0,29,0.000168600818,0.000706151535,0,40.5,0
Kinematic-FixedSingle-F,356,7.14,0,-2.903136,-1.52094746,0,0,0,0,0,1,0,29,0.0001674937,0.000696552,0,40.5,0
Kinematic-FixedSingle-F,357,7.16,0,-2.903136,-1.52094746,0,0,0,0,0,1,0,29,0.000166933169,0.0006714385,0,40.5,0
Kinematic-FixedSingle-F,358,7.18,0,-2.903136,-1.52094746,0,0,0,0,0,1,0,29,0.000174128814,0.0006751012,0,40.5,0
Kinematic-FixedSingle-F,359,7.2,0,-2.903136,-1.52094746,0,0,0,0,0,1,0,29,0.0001522342,0.00065836095,0,40.5,0
Kinematic-FixedSingle-F,360,7.22,0,-2.903136,-1.52094746,0,0,0,0,0,1,0,29,0.000162067692,0.0007004482,0,40.5,0
Kinematic-FixedSingle-F,361,7.24,0,-2.903136,-1.52094746,0,0,0,0,0,1,0,29,0.000156868482,0.000677184667,0,40.5,0
Kinematic-FixedSingle-F,362,7.25999975,0,-2.903136,-1.52094746,0,0,0,0,0,1,0,29,0.000165439225,0.0006901238,0,40.5,0
Kinematic-FixedSingle-F,363,7.27999973,0,-2.903136,-1.52094746,0,0,0,0,0,1,0,29,0.000149430271,0.0006655449,0,40.5,0
Kinematic-FixedSingle-F,364,7.29999971,0,-2.903136,-1.52094746,0,0,0,0,0,1,0,29,0.000151207234,0.0007099072,0,40.5,0
Kinematic-FixedSingle-F,365,7.31999969,0,-2.903136,-1.52094746,0,0,0,0,0,1,0,29,0.000152023335,0.000661779137,0,40.5,0
Kinematic-FixedSingle-F,366,7.33999968,0,-2.903136,-1.52094746,0,0,0,0,0,1,0,29,0.000144890277,0.000639354344,0,40.5,0
Kinematic-FixedSingle-F,367,7.35999966,0,-2.903136,-1.52094746,0,0,0,0,0,1,0,29,0.000160830838,0.0006958201,0,40.5,0
Kinematic-FixedSingle-F,368,7.37999964,0,-2.903136,-1.52094746,0,0,0,0,0,1,0,29,0.000136605173,0.0006516961,0,40.5,0
Kinematic-FixedSingle-F,369,7.39999962,0,-2.903136,-1.52094746,0,0,0,0,0,1,0,29,0.000150226158,0.000682512065,0,40.5,0
Kinematic-FixedSingle-F,370,7.4199996,0,-2.903136,-1.52094746,0,0,0,0,0,1,0,29,0.000139765776,0.000639704056,0,40.5,0
Kinematic-FixedSingle-F,371,7.44,0,-2.903136,-1.52094746,0,0,0,0,0,1,0,29,0.000129862223,0.000683105667,0,40.5,0
Kinematic-FixedSingle-F,372,7.46,0,-2.903136,-1.52094746,0,0,0,0,0,1,0,29,0.000139018579,0.0006895886,0,40.5,0
Kinematic-FixedSingle-F,373,7.48,0,-2.903136,-1.52094746,0,0,0,0,0,1,0,29,0.0001347841,0.00064367085,0,40.5,0
Kinematic-FixedSingle-F,374,7.5,0,-2.903136,-1.52094746,0,0,0,0,0,1,0,29,0.000123053556,0.0006268936,0,40.5,0
Kinematic-FixedSingle-F,375,7.52,0,-2.903136,-1.52094746,0,0,0,0,0,1,0,29,0.000136572024,0.000684020342,0,40.5,0
Kinematic-FixedSingle-F,376,7.54,0,-2.903136,-1.52094746,0,0,0,0,0,1,0,29,0.000127613617,0.000687014,0,40.5,0
Kinematic-FixedSingle-F,377,7.56,0,-2.903136,-1.52094746,0,0,0,0,0,1,0,29,0.0001235029,0.0006761032,0,40.5,0
Kinematic-FixedSingle-F,378,7.58,0,-2.903136,-1.52094746,0,0,0,0,0,1,0,29,0.000122354788,0.0006837785,0,40.5,0
Kinematic-FixedSingle-F,379,7.6,0,-2.903136,-1.52094746,0,0,0,0,0,1,0,29,0.000114533563,0.0006723896,0,40.5,0
Kinematic-FixedSingle-F,380,7.62,0,-2.903136,-1.52094746,0,0,0,0,0,1,0,29,0.00011474554,0.000682700251,0,40.5,0
Kinematic-FixedSingle-F,381,7.64,0,-2.903136,-1.52094746,0,0,0,0,0,1,0,29,0.0001152008,0.000669874833,0,40.5,0
Kinematic-FixedSingle-F,382,7.66,0,-2.903136,-1.52094746,0,0,0,0,0,1,0,29,0.00011553763,0.0006710729,0,40.5,0
Kinematic-FixedSingle-F,383,7.68,0,-2.903136,-1.52094746,0,0,0,0,0,1,0,29,0.000113583628,0.0006832679,0,40.5,0
Kinematic-FixedSingle-F,384,7.7,0,-2.903136,-1.52094746,0,0,0,0,0,1,0,29,0.000114029448,0.0006811974,0,40.5,0
Kinematic-FixedSingle-F,385,7.72,0,-2.903136,-1.52094746,0,0,0,0,0,1,0,29,0.000108594344,0.0006497829,0,40.5,0
Kinematic-FixedSingle-F,386,7.74,0,-2.903136,-1.52094746,0,0,0,0,0,1,0,29,0.000111557383,0.0006348282,0,40.5,0
Kinematic-FixedSingle-F,387,7.75999975,0,-2.903136,-1.52094746,0,0,0,0,0,1,0,29,0.000109543063,0.000646622968,0,40.5,0
Kinematic-FixedSingle-F,388,7.77999973,0,-2.903136,-1.52094746,0,0,0,0,0,1,0,29,0.000102019127,0.0006397047,0,40.5,0
Kinematic-FixedSingle-F,389,7.79999971,0,-2.903136,-1.52094746,0,0,0,0,0,1,0,29,9.791952E-05,0.00060660945,0,40.5,0
Kinematic-FixedSingle-F,390,7.81999969,0,-2.903136,-1.52094746,0,0,0,0,0,1,0,29,9.527663E-05,0.0006014646,0,40.5,0
Kinematic-FixedSingle-F,391,7.83999968,0,-2.903136,-1.52094746,0,0,0,0,0,1,0,29,9.703055E-05,0.000568130868,0,40.5,0
Kinematic-FixedSingle-F,392,7.85999966,0,-2.903136,-1.52094746,0,0,0,0,0,1,0,29,9.693953E-05,0.000542047,0,40.5,0
Kinematic-FixedSingle-F,393,7.87999964,0,-2.903136,-1.52094746,0,0,0,0,0,1,0,29,9.531231E-05,0.000542047,0,40.5,0
Kinematic-FixedSingle-F,394,7.89999962,0,-2.903136,-1.52094746,0,0,0,0,0,1,0,29,9.864246E-05,0.000549423858,0,40.5,0
Kinematic-FixedSingle-F,395,7.9199996,0,-2.903136,-1.52094746,0,0,0,0,0,1,0,29,9.024954E-05,0.000538910739,0,40.5,0
Kinematic-FixedSingle-F,396,7.94,0,-2.903136,-1.52094746,0,0,0,0,0,1,0,29,9.124655E-05,0.0005127179,0,40.5,0
Kinematic-FixedSingle-F,397,7.96,0,-2.903136,-1.52094746,0,0,0,0,0,1,0,29,8.589602E-05,0.000487726444,0,40.5,0
Kinematic-FixedSingle-F,398,7.98,0,-2.903136,-1.52094746,0,0,0,0,0,1,0,29,9.068648E-05,0.000497618166,0,40.5,0
Kinematic-FixedSingle-F,399,8,0,-2.903136,-1.52094746,0,0,0,0,0,1,0,29,8.669625E-05,0.000464130571,0,40.5,0
Held-Cluster4-Empty,300,6.02,0,-3.08179164,-1.61051643,-1.95681,0,0,0,0,1,10,0,0,0,0,0,0
Held-Cluster4-Empty,300,6.02,1,-2.70493531,-1.61724007,-3.73608875,0,0,0,0,1,12,0,0,0,0,0,0
Held-Cluster4-Empty,300,6.02,2,-3.06529737,-1.232404,0.8848476,0,0,0,0,1,6,0,0,0,0,0,0
Held-Cluster4-Empty,300,6.02,3,-2.68749142,-1.2472,-11.1061373,0,0,0,0,1,7,0,0,0,0,0,0
Held-Cluster4-Empty,301,6.04,0,-3.08179164,-1.61051643,-1.95681,0,0,0,0,1,10,0,0,0,0,0,0
Held-Cluster4-Empty,301,6.04,1,-2.70493531,-1.61724007,-3.73608875,0,0,0,0,1,12,0,0,0,0,0,0
Held-Cluster4-Empty,301,6.04,2,-3.06529737,-1.232404,0.8848476,0,0,0,0,1,6,0,0,0,0,0,0
Held-Cluster4-Empty,301,6.04,3,-2.68749142,-1.2472,-11.1061373,0,0,0,0,1,7,0,0,0,0,0,0
Held-Cluster4-Empty,302,6.06,0,-3.08179164,-1.61051643,-1.95681,0,0,0,0,1,10,0,0,0,0,0,0
Held-Cluster4-Empty,302,6.06,1,-2.70493531,-1.61724007,-3.73608875,0,0,0,0,1,12,0,0,0,0,0,0
Held-Cluster4-Empty,302,6.06,2,-3.06529737,-1.232404,0.8848476,0,0,0,0,1,6,0,0,0,0,0,0
Held-Cluster4-Empty,302,6.06,3,-2.68749142,-1.2472,-11.1061373,0,0,0,0,1,7,0,0,0,0,0,0
Held-Cluster4-Empty,303,6.08,0,-3.08179164,-1.61051643,-1.95681,0,0,0,0,1,10,0,0,0,0,0,0
Held-Cluster4-Empty,303,6.08,1,-2.70493531,-1.61724007,-3.73608875,0,0,0,0,1,12,0,0,0,0,0,0
Held-Cluster4-Empty,303,6.08,2,-3.06529737,-1.232404,0.8848476,0,0,0,0,1,6,0,0,0,0,0,0
Held-Cluster4-Empty,303,6.08,3,-2.68749142,-1.2472,-11.1061373,0,0,0,0,1,7,0,0,0,0,0,0
Held-Cluster4-Empty,304,6.1,0,-3.08179164,-1.61051643,-1.95681,0,0,0,0,1,10,0,0,0,0,0,0
Held-Cluster4-Empty,304,6.1,1,-2.70493531,-1.61724007,-3.73608875,0,0,0,0,1,12,0,0,0,0,0,0
Held-Cluster4-Empty,304,6.1,2,-3.06529737,-1.232404,0.8848476,0,0,0,0,1,6,0,0,0,0,0,0
Held-Cluster4-Empty,304,6.1,3,-2.68749142,-1.2472,-11.1061373,0,0,0,0,1,7,0,0,0,0,0,0
Held-Cluster4-Empty,305,6.12,0,-3.08179164,-1.61051643,-1.95681,0,0,0,0,1,10,0,0,0,0,0,0
Held-Cluster4-Empty,305,6.12,1,-2.70493531,-1.61724007,-3.73608875,0,0,0,0,1,12,0,0,0,0,0,0
Held-Cluster4-Empty,305,6.12,2,-3.06529737,-1.232404,0.8848476,0,0,0,0,1,6,0,0,0,0,0,0
Held-Cluster4-Empty,305,6.12,3,-2.68749142,-1.2472,-11.1061373,0,0,0,0,1,7,0,0,0,0,0,0
Held-Cluster4-Empty,306,6.14,0,-3.08179164,-1.61051643,-1.95681,0,0,0,0,1,10,0,0,0,0,0,0
Held-Cluster4-Empty,306,6.14,1,-2.70493531,-1.61724007,-3.73608875,0,0,0,0,1,12,0,0,0,0,0,0
Held-Cluster4-Empty,306,6.14,2,-3.06529737,-1.232404,0.8848476,0,0,0,0,1,6,0,0,0,0,0,0
Held-Cluster4-Empty,306,6.14,3,-2.68749142,-1.2472,-11.1061373,0,0,0,0,1,7,0,0,0,0,0,0
Held-Cluster4-Empty,307,6.16,0,-3.08179164,-1.61051643,-1.95681,0,0,0,0,1,10,0,0,0,0,0,0
Held-Cluster4-Empty,307,6.16,1,-2.70493531,-1.61724007,-3.73608875,0,0,0,0,1,12,0,0,0,0,0,0
Held-Cluster4-Empty,307,6.16,2,-3.06529737,-1.232404,0.8848476,0,0,0,0,1,6,0,0,0,0,0,0
Held-Cluster4-Empty,307,6.16,3,-2.68749142,-1.2472,-11.1061373,0,0,0,0,1,7,0,0,0,0,0,0
Held-Cluster4-Empty,308,6.18,0,-3.08179164,-1.61051643,-1.95681,0,0,0,0,1,10,0,0,0,0,0,0
Held-Cluster4-Empty,308,6.18,1,-2.70493531,-1.61724007,-3.73608875,0,0,0,0,1,12,0,0,0,0,0,0
Held-Cluster4-Empty,308,6.18,2,-3.06529737,-1.232404,0.8848476,0,0,0,0,1,6,0,0,0,0,0,0
Held-Cluster4-Empty,308,6.18,3,-2.68749142,-1.2472,-11.1061373,0,0,0,0,1,7,0,0,0,0,0,0
Held-Cluster4-Empty,309,6.2,0,-3.08179164,-1.61051643,-1.95681,0,0,0,0,1,10,0,0,0,0,0,0
Held-Cluster4-Empty,309,6.2,1,-2.70493531,-1.61724007,-3.73608875,0,0,0,0,1,12,0,0,0,0,0,0
Held-Cluster4-Empty,309,6.2,2,-3.06529737,-1.232404,0.8848476,0,0,0,0,1,6,0,0,0,0,0,0
Held-Cluster4-Empty,309,6.2,3,-2.68749142,-1.2472,-11.1061373,0,0,0,0,1,7,0,0,0,0,0,0
Held-Cluster4-Empty,310,6.22,0,-3.08179164,-1.61051643,-1.95681,0,0,0,0,1,10,0,0,0,0,0,0
Held-Cluster4-Empty,310,6.22,1,-2.70493531,-1.61724007,-3.73608875,0,0,0,0,1,12,0,0,0,0,0,0
Held-Cluster4-Empty,310,6.22,2,-3.06529737,-1.232404,0.8848476,0,0,0,0,1,6,0,0,0,0,0,0
Held-Cluster4-Empty,310,6.22,3,-2.68749142,-1.2472,-11.1061373,0,0,0,0,1,7,0,0,0,0,0,0
Held-Cluster4-Empty,311,6.24,0,-3.08179164,-1.61051643,-1.95681,0,0,0,0,1,10,0,0,0,0,0,0
Held-Cluster4-Empty,311,6.24,1,-2.70493531,-1.61724007,-3.73608875,0,0,0,0,1,12,0,0,0,0,0,0
Held-Cluster4-Empty,311,6.24,2,-3.06529737,-1.232404,0.8848476,0,0,0,0,1,6,0,0,0,0,0,0
Held-Cluster4-Empty,311,6.24,3,-2.68749142,-1.2472,-11.1061373,0,0,0,0,1,7,0,0,0,0,0,0
Held-Cluster4-Empty,312,6.25999975,0,-3.08179164,-1.61051643,-1.95681,0,0,0,0,1,10,0,0,0,0,0,0
Held-Cluster4-Empty,312,6.25999975,1,-2.70493531,-1.61724007,-3.73608875,0,0,0,0,1,12,0,0,0,0,0,0
Held-Cluster4-Empty,312,6.25999975,2,-3.06529737,-1.232404,0.8848476,0,0,0,0,1,6,0,0,0,0,0,0
Held-Cluster4-Empty,312,6.25999975,3,-2.68749142,-1.2472,-11.1061373,0,0,0,0,1,7,0,0,0,0,0,0
Held-Cluster4-Empty,313,6.27999973,0,-3.08179164,-1.61051643,-1.95681,0,0,0,0,1,10,0,0,0,0,0,0
Held-Cluster4-Empty,313,6.27999973,1,-2.70493531,-1.61724007,-3.73608875,0,0,0,0,1,12,0,0,0,0,0,0
Held-Cluster4-Empty,313,6.27999973,2,-3.06529737,-1.232404,0.8848476,0,0,0,0,1,6,0,0,0,0,0,0
Held-Cluster4-Empty,313,6.27999973,3,-2.68749142,-1.2472,-11.1061373,0,0,0,0,1,7,0,0,0,0,0,0
Held-Cluster4-Empty,314,6.29999971,0,-3.08179164,-1.61051643,-1.95681,0,0,0,0,1,10,0,0,0,0,0,0
Held-Cluster4-Empty,314,6.29999971,1,-2.70493531,-1.61724007,-3.73608875,0,0,0,0,1,12,0,0,0,0,0,0
Held-Cluster4-Empty,314,6.29999971,2,-3.06529737,-1.232404,0.8848476,0,0,0,0,1,6,0,0,0,0,0,0
Held-Cluster4-Empty,314,6.29999971,3,-2.68749142,-1.2472,-11.1061373,0,0,0,0,1,7,0,0,0,0,0,0
Held-Cluster4-Empty,315,6.31999969,0,-3.08179164,-1.61051643,-1.95681,0,0,0,0,1,10,0,0,0,0,0,0
Held-Cluster4-Empty,315,6.31999969,1,-2.70493531,-1.61724007,-3.73608875,0,0,0,0,1,12,0,0,0,0,0,0
Held-Cluster4-Empty,315,6.31999969,2,-3.06529737,-1.232404,0.8848476,0,0,0,0,1,6,0,0,0,0,0,0
Held-Cluster4-Empty,315,6.31999969,3,-2.68749142,-1.2472,-11.1061373,0,0,0,0,1,7,0,0,0,0,0,0
Held-Cluster4-Empty,316,6.33999968,0,-3.08179164,-1.61051643,-1.95681,0,0,0,0,1,10,0,0,0,0,0,0
Held-Cluster4-Empty,316,6.33999968,1,-2.70493531,-1.61724007,-3.73608875,0,0,0,0,1,12,0,0,0,0,0,0
Held-Cluster4-Empty,316,6.33999968,2,-3.06529737,-1.232404,0.8848476,0,0,0,0,1,6,0,0,0,0,0,0
Held-Cluster4-Empty,316,6.33999968,3,-2.68749142,-1.2472,-11.1061373,0,0,0,0,1,7,0,0,0,0,0,0
Held-Cluster4-Empty,317,6.35999966,0,-3.08179164,-1.61051643,-1.95681,0,0,0,0,1,10,0,0,0,0,0,0
Held-Cluster4-Empty,317,6.35999966,1,-2.70493531,-1.61724007,-3.73608875,0,0,0,0,1,12,0,0,0,0,0,0
Held-Cluster4-Empty,317,6.35999966,2,-3.06529737,-1.232404,0.8848476,0,0,0,0,1,6,0,0,0,0,0,0
Held-Cluster4-Empty,317,6.35999966,3,-2.68749142,-1.2472,-11.1061373,0,0,0,0,1,7,0,0,0,0,0,0
Held-Cluster4-Empty,318,6.37999964,0,-3.08179164,-1.61051643,-1.95681,0,0,0,0,1,10,0,0,0,0,0,0
Held-Cluster4-Empty,318,6.37999964,1,-2.70493531,-1.61724007,-3.73608875,0,0,0,0,1,12,0,0,0,0,0,0
Held-Cluster4-Empty,318,6.37999964,2,-3.06529737,-1.232404,0.8848476,0,0,0,0,1,6,0,0,0,0,0,0
Held-Cluster4-Empty,318,6.37999964,3,-2.68749142,-1.2472,-11.1061373,0,0,0,0,1,7,0,0,0,0,0,0
Held-Cluster4-Empty,319,6.39999962,0,-3.08179164,-1.61051643,-1.95681,0,0,0,0,1,10,0,0,0,0,0,0
Held-Cluster4-Empty,319,6.39999962,1,-2.70493531,-1.61724007,-3.73608875,0,0,0,0,1,12,0,0,0,0,0,0
Held-Cluster4-Empty,319,6.39999962,2,-3.06529737,-1.232404,0.8848476,0,0,0,0,1,6,0,0,0,0,0,0
Held-Cluster4-Empty,319,6.39999962,3,-2.68749142,-1.2472,-11.1061373,0,0,0,0,1,7,0,0,0,0,0,0
Held-Cluster4-Empty,320,6.42,0,-3.08179164,-1.61051643,-1.95681,0,0,0,0,1,10,0,0,0,0,0,0
Held-Cluster4-Empty,320,6.42,1,-2.70493531,-1.61724007,-3.73608875,0,0,0,0,1,12,0,0,0,0,0,0
Held-Cluster4-Empty,320,6.42,2,-3.06529737,-1.232404,0.8848476,0,0,0,0,1,6,0,0,0,0,0,0
Held-Cluster4-Empty,320,6.42,3,-2.68749142,-1.2472,-11.1061373,0,0,0,0,1,7,0,0,0,0,0,0
Held-Cluster4-Empty,321,6.44,0,-3.08179164,-1.61051643,-1.95681,0,0,0,0,1,10,0,0,0,0,0,0
Held-Cluster4-Empty,321,6.44,1,-2.70493531,-1.61724007,-3.73608875,0,0,0,0,1,12,0,0,0,0,0,0
Held-Cluster4-Empty,321,6.44,2,-3.06529737,-1.232404,0.8848476,0,0,0,0,1,6,0,0,0,0,0,0
Held-Cluster4-Empty,321,6.44,3,-2.68749142,-1.2472,-11.1061373,0,0,0,0,1,7,0,0,0,0,0,0
Held-Cluster4-Empty,322,6.46,0,-3.08179164,-1.61051643,-1.95681,0,0,0,0,1,10,0,0,0,0,0,0
Held-Cluster4-Empty,322,6.46,1,-2.70493531,-1.61724007,-3.73608875,0,0,0,0,1,12,0,0,0,0,0,0
Held-Cluster4-Empty,322,6.46,2,-3.06529737,-1.232404,0.8848476,0,0,0,0,1,6,0,0,0,0,0,0
Held-Cluster4-Empty,322,6.46,3,-2.68749142,-1.2472,-11.1061373,0,0,0,0,1,7,0,0,0,0,0,0
Held-Cluster4-Empty,323,6.48,0,-3.08179164,-1.61051643,-1.95681,0,0,0,0,1,10,0,0,0,0,0,0
Held-Cluster4-Empty,323,6.48,1,-2.70493531,-1.61724007,-3.73608875,0,0,0,0,1,12,0,0,0,0,0,0
Held-Cluster4-Empty,323,6.48,2,-3.06529737,-1.232404,0.8848476,0,0,0,0,1,6,0,0,0,0,0,0
Held-Cluster4-Empty,323,6.48,3,-2.68749142,-1.2472,-11.1061373,0,0,0,0,1,7,0,0,0,0,0,0
Held-Cluster4-Empty,324,6.5,0,-3.08179164,-1.61051643,-1.95681,0,0,0,0,1,10,0,0,0,0,0,0
Held-Cluster4-Empty,324,6.5,1,-2.70493531,-1.61724007,-3.73608875,0,0,0,0,1,12,0,0,0,0,0,0
Held-Cluster4-Empty,324,6.5,2,-3.06529737,-1.232404,0.8848476,0,0,0,0,1,6,0,0,0,0,0,0
Held-Cluster4-Empty,324,6.5,3,-2.68749142,-1.2472,-11.1061373,0,0,0,0,1,7,0,0,0,0,0,0
Held-Cluster4-Empty,325,6.52,0,-3.08179164,-1.61051643,-1.95681,0,0,0,0,1,10,0,0,0,0,0,0
Held-Cluster4-Empty,325,6.52,1,-2.70493531,-1.61724007,-3.73608875,0,0,0,0,1,12,0,0,0,0,0,0
Held-Cluster4-Empty,325,6.52,2,-3.06529737,-1.232404,0.8848476,0,0,0,0,1,6,0,0,0,0,0,0
Held-Cluster4-Empty,325,6.52,3,-2.68749142,-1.2472,-11.1061373,0,0,0,0,1,7,0,0,0,0,0,0
Held-Cluster4-Empty,326,6.54,0,-3.08179164,-1.61051643,-1.95681,0,0,0,0,1,10,0,0,0,0,0,0
Held-Cluster4-Empty,326,6.54,1,-2.70493531,-1.61724007,-3.73608875,0,0,0,0,1,12,0,0,0,0,0,0
Held-Cluster4-Empty,326,6.54,2,-3.06529737,-1.232404,0.8848476,0,0,0,0,1,6,0,0,0,0,0,0
Held-Cluster4-Empty,326,6.54,3,-2.68749142,-1.2472,-11.1061373,0,0,0,0,1,7,0,0,0,0,0,0
Held-Cluster4-Empty,327,6.56,0,-3.08179164,-1.61051643,-1.95681,0,0,0,0,1,10,0,0,0,0,0,0
Held-Cluster4-Empty,327,6.56,1,-2.70493531,-1.61724007,-3.73608875,0,0,0,0,1,12,0,0,0,0,0,0
Held-Cluster4-Empty,327,6.56,2,-3.06529737,-1.232404,0.8848476,0,0,0,0,1,6,0,0,0,0,0,0
Held-Cluster4-Empty,327,6.56,3,-2.68749142,-1.2472,-11.1061373,0,0,0,0,1,7,0,0,0,0,0,0
Held-Cluster4-Empty,328,6.58,0,-3.08179164,-1.61051643,-1.95681,0,0,0,0,1,10,0,0,0,0,0,0
Held-Cluster4-Empty,328,6.58,1,-2.70493531,-1.61724007,-3.73608875,0,0,0,0,1,12,0,0,0,0,0,0
Held-Cluster4-Empty,328,6.58,2,-3.06529737,-1.232404,0.8848476,0,0,0,0,1,6,0,0,0,0,0,0
Held-Cluster4-Empty,328,6.58,3,-2.68749142,-1.2472,-11.1061373,0,0,0,0,1,7,0,0,0,0,0,0
Held-Cluster4-Empty,329,6.6,0,-3.08179164,-1.61051643,-1.95681,0,0,0,0,1,10,0,0,0,0,0,0
Held-Cluster4-Empty,329,6.6,1,-2.70493531,-1.61724007,-3.73608875,0,0,0,0,1,12,0,0,0,0,0,0
Held-Cluster4-Empty,329,6.6,2,-3.06529737,-1.232404,0.8848476,0,0,0,0,1,6,0,0,0,0,0,0
Held-Cluster4-Empty,329,6.6,3,-2.68749142,-1.2472,-11.1061373,0,0,0,0,1,7,0,0,0,0,0,0
Held-Cluster4-Empty,330,6.62,0,-3.08179164,-1.61051643,-1.95681,0,0,0,0,1,10,0,0,0,0,0,0
Held-Cluster4-Empty,330,6.62,1,-2.70493531,-1.61724007,-3.73608875,0,0,0,0,1,12,0,0,0,0,0,0
Held-Cluster4-Empty,330,6.62,2,-3.06529737,-1.232404,0.8848476,0,0,0,0,1,6,0,0,0,0,0,0
Held-Cluster4-Empty,330,6.62,3,-2.68749142,-1.2472,-11.1061373,0,0,0,0,1,7,0,0,0,0,0,0
Held-Cluster4-Empty,331,6.64,0,-3.08179164,-1.61051643,-1.95681,0,0,0,0,1,10,0,0,0,0,0,0
Held-Cluster4-Empty,331,6.64,1,-2.70493531,-1.61724007,-3.73608875,0,0,0,0,1,12,0,0,0,0,0,0
Held-Cluster4-Empty,331,6.64,2,-3.06529737,-1.232404,0.8848476,0,0,0,0,1,6,0,0,0,0,0,0
Held-Cluster4-Empty,331,6.64,3,-2.68749142,-1.2472,-11.1061373,0,0,0,0,1,7,0,0,0,0,0,0
Held-Cluster4-Empty,332,6.66,0,-3.08179164,-1.61051643,-1.95681,0,0,0,0,1,10,0,0,0,0,0,0
Held-Cluster4-Empty,332,6.66,1,-2.70493531,-1.61724007,-3.73608875,0,0,0,0,1,12,0,0,0,0,0,0
Held-Cluster4-Empty,332,6.66,2,-3.06529737,-1.232404,0.8848476,0,0,0,0,1,6,0,0,0,0,0,0
Held-Cluster4-Empty,332,6.66,3,-2.68749142,-1.2472,-11.1061373,0,0,0,0,1,7,0,0,0,0,0,0
Held-Cluster4-Empty,333,6.68,0,-3.08179164,-1.61051643,-1.95681,0,0,0,0,1,10,0,0,0,0,0,0
Held-Cluster4-Empty,333,6.68,1,-2.70493531,-1.61724007,-3.73608875,0,0,0,0,1,12,0,0,0,0,0,0
Held-Cluster4-Empty,333,6.68,2,-3.06529737,-1.232404,0.8848476,0,0,0,0,1,6,0,0,0,0,0,0
Held-Cluster4-Empty,333,6.68,3,-2.68749142,-1.2472,-11.1061373,0,0,0,0,1,7,0,0,0,0,0,0
Held-Cluster4-Empty,334,6.7,0,-3.08179164,-1.61051643,-1.95681,0,0,0,0,1,10,0,0,0,0,0,0
Held-Cluster4-Empty,334,6.7,1,-2.70493531,-1.61724007,-3.73608875,0,0,0,0,1,12,0,0,0,0,0,0
Held-Cluster4-Empty,334,6.7,2,-3.06529737,-1.232404,0.8848476,0,0,0,0,1,6,0,0,0,0,0,0
Held-Cluster4-Empty,334,6.7,3,-2.68749142,-1.2472,-11.1061373,0,0,0,0,1,7,0,0,0,0,0,0
Held-Cluster4-Empty,335,6.72,0,-3.08179164,-1.61051643,-1.95681,0,0,0,0,1,10,0,0,0,0,0,0
Held-Cluster4-Empty,335,6.72,1,-2.70493531,-1.61724007,-3.73608875,0,0,0,0,1,12,0,0,0,0,0,0
Held-Cluster4-Empty,335,6.72,2,-3.06529737,-1.232404,0.8848476,0,0,0,0,1,6,0,0,0,0,0,0
Held-Cluster4-Empty,335,6.72,3,-2.68749142,-1.2472,-11.1061373,0,0,0,0,1,7,0,0,0,0,0,0
Held-Cluster4-Empty,336,6.74,0,-3.08179164,-1.61051643,-1.95681,0,0,0,0,1,10,0,0,0,0,0,0
Held-Cluster4-Empty,336,6.74,1,-2.70493531,-1.61724007,-3.73608875,0,0,0,0,1,12,0,0,0,0,0,0
Held-Cluster4-Empty,336,6.74,2,-3.06529737,-1.232404,0.8848476,0,0,0,0,1,6,0,0,0,0,0,0
Held-Cluster4-Empty,336,6.74,3,-2.68749142,-1.2472,-11.1061373,0,0,0,0,1,7,0,0,0,0,0,0
Held-Cluster4-Empty,337,6.75999975,0,-3.08179164,-1.61051643,-1.95681,0,0,0,0,1,10,0,0,0,0,0,0
Held-Cluster4-Empty,337,6.75999975,1,-2.70493531,-1.61724007,-3.73608875,0,0,0,0,1,12,0,0,0,0,0,0
Held-Cluster4-Empty,337,6.75999975,2,-3.06529737,-1.232404,0.8848476,0,0,0,0,1,6,0,0,0,0,0,0
Held-Cluster4-Empty,337,6.75999975,3,-2.68749142,-1.2472,-11.1061373,0,0,0,0,1,7,0,0,0,0,0,0
Held-Cluster4-Empty,338,6.77999973,0,-3.08179164,-1.61051643,-1.95681,0,0,0,0,1,10,0,0,0,0,0,0
Held-Cluster4-Empty,338,6.77999973,1,-2.70493531,-1.61724007,-3.73608875,0,0,0,0,1,12,0,0,0,0,0,0
Held-Cluster4-Empty,338,6.77999973,2,-3.06529737,-1.232404,0.8848476,0,0,0,0,1,6,0,0,0,0,0,0
Held-Cluster4-Empty,338,6.77999973,3,-2.68749142,-1.2472,-11.1061373,0,0,0,0,1,7,0,0,0,0,0,0
Held-Cluster4-Empty,339,6.79999971,0,-3.08179164,-1.61051643,-1.95681,0,0,0,0,1,10,0,0,0,0,0,0
Held-Cluster4-Empty,339,6.79999971,1,-2.70493531,-1.61724007,-3.73608875,0,0,0,0,1,12,0,0,0,0,0,0
Held-Cluster4-Empty,339,6.79999971,2,-3.06529737,-1.232404,0.8848476,0,0,0,0,1,6,0,0,0,0,0,0
Held-Cluster4-Empty,339,6.79999971,3,-2.68749142,-1.2472,-11.1061373,0,0,0,0,1,7,0,0,0,0,0,0
Held-Cluster4-Empty,340,6.81999969,0,-3.08179164,-1.61051643,-1.95681,0,0,0,0,1,10,0,0,0,0,0,0
Held-Cluster4-Empty,340,6.81999969,1,-2.70493531,-1.61724007,-3.73608875,0,0,0,0,1,12,0,0,0,0,0,0
Held-Cluster4-Empty,340,6.81999969,2,-3.06529737,-1.232404,0.8848476,0,0,0,0,1,6,0,0,0,0,0,0
Held-Cluster4-Empty,340,6.81999969,3,-2.68749142,-1.2472,-11.1061373,0,0,0,0,1,7,0,0,0,0,0,0
Held-Cluster4-Empty,341,6.83999968,0,-3.08179164,-1.61051643,-1.95681,0,0,0,0,1,10,0,0,0,0,0,0
Held-Cluster4-Empty,341,6.83999968,1,-2.70493531,-1.61724007,-3.73608875,0,0,0,0,1,12,0,0,0,0,0,0
Held-Cluster4-Empty,341,6.83999968,2,-3.06529737,-1.232404,0.8848476,0,0,0,0,1,6,0,0,0,0,0,0
Held-Cluster4-Empty,341,6.83999968,3,-2.68749142,-1.2472,-11.1061373,0,0,0,0,1,7,0,0,0,0,0,0
Held-Cluster4-Empty,342,6.85999966,0,-3.08179164,-1.61051643,-1.95681,0,0,0,0,1,10,0,0,0,0,0,0
Held-Cluster4-Empty,342,6.85999966,1,-2.70493531,-1.61724007,-3.73608875,0,0,0,0,1,12,0,0,0,0,0,0
Held-Cluster4-Empty,342,6.85999966,2,-3.06529737,-1.232404,0.8848476,0,0,0,0,1,6,0,0,0,0,0,0
Held-Cluster4-Empty,342,6.85999966,3,-2.68749142,-1.2472,-11.1061373,0,0,0,0,1,7,0,0,0,0,0,0
Held-Cluster4-Empty,343,6.87999964,0,-3.08179164,-1.61051643,-1.95681,0,0,0,0,1,10,0,0,0,0,0,0
Held-Cluster4-Empty,343,6.87999964,1,-2.70493531,-1.61724007,-3.73608875,0,0,0,0,1,12,0,0,0,0,0,0
Held-Cluster4-Empty,343,6.87999964,2,-3.06529737,-1.232404,0.8848476,0,0,0,0,1,6,0,0,0,0,0,0
Held-Cluster4-Empty,343,6.87999964,3,-2.68749142,-1.2472,-11.1061373,0,0,0,0,1,7,0,0,0,0,0,0
Held-Cluster4-Empty,344,6.89999962,0,-3.08179164,-1.61051643,-1.95681,0,0,0,0,1,10,0,0,0,0,0,0
Held-Cluster4-Empty,344,6.89999962,1,-2.70493531,-1.61724007,-3.73608875,0,0,0,0,1,12,0,0,0,0,0,0
Held-Cluster4-Empty,344,6.89999962,2,-3.06529737,-1.232404,0.8848476,0,0,0,0,1,6,0,0,0,0,0,0
Held-Cluster4-Empty,344,6.89999962,3,-2.68749142,-1.2472,-11.1061373,0,0,0,0,1,7,0,0,0,0,0,0
Held-Cluster4-Empty,345,6.92,0,-3.08179164,-1.61051643,-1.95681,0,0,0,0,1,10,0,0,0,0,0,0
Held-Cluster4-Empty,345,6.92,1,-2.70493531,-1.61724007,-3.73608875,0,0,0,0,1,12,0,0,0,0,0,0
Held-Cluster4-Empty,345,6.92,2,-3.06529737,-1.232404,0.8848476,0,0,0,0,1,6,0,0,0,0,0,0
Held-Cluster4-Empty,345,6.92,3,-2.68749142,-1.2472,-11.1061373,0,0,0,0,1,7,0,0,0,0,0,0
Held-Cluster4-Empty,346,6.94,0,-3.08179164,-1.61051643,-1.95681,0,0,0,0,1,10,0,0,0,0,0,0
Held-Cluster4-Empty,346,6.94,1,-2.70493531,-1.61724007,-3.73608875,0,0,0,0,1,12,0,0,0,0,0,0
Held-Cluster4-Empty,346,6.94,2,-3.06529737,-1.232404,0.8848476,0,0,0,0,1,6,0,0,0,0,0,0
Held-Cluster4-Empty,346,6.94,3,-2.68749142,-1.2472,-11.1061373,0,0,0,0,1,7,0,0,0,0,0,0
Held-Cluster4-Empty,347,6.96,0,-3.08179164,-1.61051643,-1.95681,0,0,0,0,1,10,0,0,0,0,0,0
Held-Cluster4-Empty,347,6.96,1,-2.70493531,-1.61724007,-3.73608875,0,0,0,0,1,12,0,0,0,0,0,0
Held-Cluster4-Empty,347,6.96,2,-3.06529737,-1.232404,0.8848476,0,0,0,0,1,6,0,0,0,0,0,0
Held-Cluster4-Empty,347,6.96,3,-2.68749142,-1.2472,-11.1061373,0,0,0,0,1,7,0,0,0,0,0,0
Held-Cluster4-Empty,348,6.98,0,-3.08179164,-1.61051643,-1.95681,0,0,0,0,1,10,0,0,0,0,0,0
Held-Cluster4-Empty,348,6.98,1,-2.70493531,-1.61724007,-3.73608875,0,0,0,0,1,12,0,0,0,0,0,0
Held-Cluster4-Empty,348,6.98,2,-3.06529737,-1.232404,0.8848476,0,0,0,0,1,6,0,0,0,0,0,0
Held-Cluster4-Empty,348,6.98,3,-2.68749142,-1.2472,-11.1061373,0,0,0,0,1,7,0,0,0,0,0,0
Held-Cluster4-Empty,349,7,0,-3.08179164,-1.61051643,-1.95681,0,0,0,0,1,10,0,0,0,0,0,0
Held-Cluster4-Empty,349,7,1,-2.70493531,-1.61724007,-3.73608875,0,0,0,0,1,12,0,0,0,0,0,0
Held-Cluster4-Empty,349,7,2,-3.06529737,-1.232404,0.8848476,0,0,0,0,1,6,0,0,0,0,0,0
Held-Cluster4-Empty,349,7,3,-2.68749142,-1.2472,-11.1061373,0,0,0,0,1,7,0,0,0,0,0,0
Held-Cluster4-Empty,350,7.02,0,-3.08179164,-1.61051643,-1.95681,0,0,0,0,1,10,0,0,0,0,0,0
Held-Cluster4-Empty,350,7.02,1,-2.70493531,-1.61724007,-3.73608875,0,0,0,0,1,12,0,0,0,0,0,0
Held-Cluster4-Empty,350,7.02,2,-3.06529737,-1.232404,0.8848476,0,0,0,0,1,6,0,0,0,0,0,0
Held-Cluster4-Empty,350,7.02,3,-2.68749142,-1.2472,-11.1061373,0,0,0,0,1,7,0,0,0,0,0,0
Held-Cluster4-Empty,351,7.04,0,-3.08179164,-1.61051643,-1.95681,0,0,0,0,1,10,0,0,0,0,0,0
Held-Cluster4-Empty,351,7.04,1,-2.70493531,-1.61724007,-3.73608875,0,0,0,0,1,12,0,0,0,0,0,0
Held-Cluster4-Empty,351,7.04,2,-3.06529737,-1.232404,0.8848476,0,0,0,0,1,6,0,0,0,0,0,0
Held-Cluster4-Empty,351,7.04,3,-2.68749142,-1.2472,-11.1061373,0,0,0,0,1,7,0,0,0,0,0,0
Held-Cluster4-Empty,352,7.06,0,-3.08179164,-1.61051643,-1.95681,0,0,0,0,1,10,0,0,0,0,0,0
Held-Cluster4-Empty,352,7.06,1,-2.70493531,-1.61724007,-3.73608875,0,0,0,0,1,12,0,0,0,0,0,0
Held-Cluster4-Empty,352,7.06,2,-3.06529737,-1.232404,0.8848476,0,0,0,0,1,6,0,0,0,0,0,0
Held-Cluster4-Empty,352,7.06,3,-2.68749142,-1.2472,-11.1061373,0,0,0,0,1,7,0,0,0,0,0,0
Held-Cluster4-Empty,353,7.08,0,-3.08179164,-1.61051643,-1.95681,0,0,0,0,1,10,0,0,0,0,0,0
Held-Cluster4-Empty,353,7.08,1,-2.70493531,-1.61724007,-3.73608875,0,0,0,0,1,12,0,0,0,0,0,0
Held-Cluster4-Empty,353,7.08,2,-3.06529737,-1.232404,0.8848476,0,0,0,0,1,6,0,0,0,0,0,0
Held-Cluster4-Empty,353,7.08,3,-2.68749142,-1.2472,-11.1061373,0,0,0,0,1,7,0,0,0,0,0,0
Held-Cluster4-Empty,354,7.1,0,-3.08179164,-1.61051643,-1.95681,0,0,0,0,1,10,0,0,0,0,0,0
Held-Cluster4-Empty,354,7.1,1,-2.70493531,-1.61724007,-3.73608875,0,0,0,0,1,12,0,0,0,0,0,0
Held-Cluster4-Empty,354,7.1,2,-3.06529737,-1.232404,0.8848476,0,0,0,0,1,6,0,0,0,0,0,0
Held-Cluster4-Empty,354,7.1,3,-2.68749142,-1.2472,-11.1061373,0,0,0,0,1,7,0,0,0,0,0,0
Held-Cluster4-Empty,355,7.12,0,-3.08179164,-1.61051643,-1.95681,0,0,0,0,1,10,0,0,0,0,0,0
Held-Cluster4-Empty,355,7.12,1,-2.70493531,-1.61724007,-3.73608875,0,0,0,0,1,12,0,0,0,0,0,0
Held-Cluster4-Empty,355,7.12,2,-3.06529737,-1.232404,0.8848476,0,0,0,0,1,6,0,0,0,0,0,0
Held-Cluster4-Empty,355,7.12,3,-2.68749142,-1.2472,-11.1061373,0,0,0,0,1,7,0,0,0,0,0,0
Held-Cluster4-Empty,356,7.14,0,-3.08179164,-1.61051643,-1.95681,0,0,0,0,1,10,0,0,0,0,0,0
Held-Cluster4-Empty,356,7.14,1,-2.70493531,-1.61724007,-3.73608875,0,0,0,0,1,12,0,0,0,0,0,0
Held-Cluster4-Empty,356,7.14,2,-3.06529737,-1.232404,0.8848476,0,0,0,0,1,6,0,0,0,0,0,0
Held-Cluster4-Empty,356,7.14,3,-2.68749142,-1.2472,-11.1061373,0,0,0,0,1,7,0,0,0,0,0,0
Held-Cluster4-Empty,357,7.16,0,-3.08179164,-1.61051643,-1.95681,0,0,0,0,1,10,0,0,0,0,0,0
Held-Cluster4-Empty,357,7.16,1,-2.70493531,-1.61724007,-3.73608875,0,0,0,0,1,12,0,0,0,0,0,0
Held-Cluster4-Empty,357,7.16,2,-3.06529737,-1.232404,0.8848476,0,0,0,0,1,6,0,0,0,0,0,0
Held-Cluster4-Empty,357,7.16,3,-2.68749142,-1.2472,-11.1061373,0,0,0,0,1,7,0,0,0,0,0,0
Held-Cluster4-Empty,358,7.18,0,-3.08179164,-1.61051643,-1.95681,0,0,0,0,1,10,0,0,0,0,0,0
Held-Cluster4-Empty,358,7.18,1,-2.70493531,-1.61724007,-3.73608875,0,0,0,0,1,12,0,0,0,0,0,0
Held-Cluster4-Empty,358,7.18,2,-3.06529737,-1.232404,0.8848476,0,0,0,0,1,6,0,0,0,0,0,0
Held-Cluster4-Empty,358,7.18,3,-2.68749142,-1.2472,-11.1061373,0,0,0,0,1,7,0,0,0,0,0,0
Held-Cluster4-Empty,359,7.2,0,-3.08179164,-1.61051643,-1.95681,0,0,0,0,1,10,0,0,0,0,0,0
Held-Cluster4-Empty,359,7.2,1,-2.70493531,-1.61724007,-3.73608875,0,0,0,0,1,12,0,0,0,0,0,0
Held-Cluster4-Empty,359,7.2,2,-3.06529737,-1.232404,0.8848476,0,0,0,0,1,6,0,0,0,0,0,0
Held-Cluster4-Empty,359,7.2,3,-2.68749142,-1.2472,-11.1061373,0,0,0,0,1,7,0,0,0,0,0,0
Held-Cluster4-Empty,360,7.22,0,-3.08179164,-1.61051643,-1.95681,0,0,0,0,1,10,0,0,0,0,0,0
Held-Cluster4-Empty,360,7.22,1,-2.70493531,-1.61724007,-3.73608875,0,0,0,0,1,12,0,0,0,0,0,0
Held-Cluster4-Empty,360,7.22,2,-3.06529737,-1.232404,0.8848476,0,0,0,0,1,6,0,0,0,0,0,0
Held-Cluster4-Empty,360,7.22,3,-2.68749142,-1.2472,-11.1061373,0,0,0,0,1,7,0,0,0,0,0,0
Held-Cluster4-Empty,361,7.24,0,-3.08179164,-1.61051643,-1.95681,0,0,0,0,1,10,0,0,0,0,0,0
Held-Cluster4-Empty,361,7.24,1,-2.70493531,-1.61724007,-3.73608875,0,0,0,0,1,12,0,0,0,0,0,0
Held-Cluster4-Empty,361,7.24,2,-3.06529737,-1.232404,0.8848476,0,0,0,0,1,6,0,0,0,0,0,0
Held-Cluster4-Empty,361,7.24,3,-2.68749142,-1.2472,-11.1061373,0,0,0,0,1,7,0,0,0,0,0,0
Held-Cluster4-Empty,362,7.25999975,0,-3.08179164,-1.61051643,-1.95681,0,0,0,0,1,10,0,0,0,0,0,0
Held-Cluster4-Empty,362,7.25999975,1,-2.70493531,-1.61724007,-3.73608875,0,0,0,0,1,12,0,0,0,0,0,0
Held-Cluster4-Empty,362,7.25999975,2,-3.06529737,-1.232404,0.8848476,0,0,0,0,1,6,0,0,0,0,0,0
Held-Cluster4-Empty,362,7.25999975,3,-2.68749142,-1.2472,-11.1061373,0,0,0,0,1,7,0,0,0,0,0,0
Held-Cluster4-Empty,363,7.27999973,0,-3.08179164,-1.61051643,-1.95681,0,0,0,0,1,10,0,0,0,0,0,0
Held-Cluster4-Empty,363,7.27999973,1,-2.70493531,-1.61724007,-3.73608875,0,0,0,0,1,12,0,0,0,0,0,0
Held-Cluster4-Empty,363,7.27999973,2,-3.06529737,-1.232404,0.8848476,0,0,0,0,1,6,0,0,0,0,0,0
Held-Cluster4-Empty,363,7.27999973,3,-2.68749142,-1.2472,-11.1061373,0,0,0,0,1,7,0,0,0,0,0,0
Held-Cluster4-Empty,364,7.29999971,0,-3.08179164,-1.61051643,-1.95681,0,0,0,0,1,10,0,0,0,0,0,0
Held-Cluster4-Empty,364,7.29999971,1,-2.70493531,-1.61724007,-3.73608875,0,0,0,0,1,12,0,0,0,0,0,0
Held-Cluster4-Empty,364,7.29999971,2,-3.06529737,-1.232404,0.8848476,0,0,0,0,1,6,0,0,0,0,0,0
Held-Cluster4-Empty,364,7.29999971,3,-2.68749142,-1.2472,-11.1061373,0,0,0,0,1,7,0,0,0,0,0,0
Held-Cluster4-Empty,365,7.31999969,0,-3.08179164,-1.61051643,-1.95681,0,0,0,0,1,10,0,0,0,0,0,0
Held-Cluster4-Empty,365,7.31999969,1,-2.70493531,-1.61724007,-3.73608875,0,0,0,0,1,12,0,0,0,0,0,0
Held-Cluster4-Empty,365,7.31999969,2,-3.06529737,-1.232404,0.8848476,0,0,0,0,1,6,0,0,0,0,0,0
Held-Cluster4-Empty,365,7.31999969,3,-2.68749142,-1.2472,-11.1061373,0,0,0,0,1,7,0,0,0,0,0,0
Held-Cluster4-Empty,366,7.33999968,0,-3.08179164,-1.61051643,-1.95681,0,0,0,0,1,10,0,0,0,0,0,0
Held-Cluster4-Empty,366,7.33999968,1,-2.70493531,-1.61724007,-3.73608875,0,0,0,0,1,12,0,0,0,0,0,0
Held-Cluster4-Empty,366,7.33999968,2,-3.06529737,-1.232404,0.8848476,0,0,0,0,1,6,0,0,0,0,0,0
Held-Cluster4-Empty,366,7.33999968,3,-2.68749142,-1.2472,-11.1061373,0,0,0,0,1,7,0,0,0,0,0,0
Held-Cluster4-Empty,367,7.35999966,0,-3.08179164,-1.61051643,-1.95681,0,0,0,0,1,10,0,0,0,0,0,0
Held-Cluster4-Empty,367,7.35999966,1,-2.70493531,-1.61724007,-3.73608875,0,0,0,0,1,12,0,0,0,0,0,0
Held-Cluster4-Empty,367,7.35999966,2,-3.06529737,-1.232404,0.8848476,0,0,0,0,1,6,0,0,0,0,0,0
Held-Cluster4-Empty,367,7.35999966,3,-2.68749142,-1.2472,-11.1061373,0,0,0,0,1,7,0,0,0,0,0,0
Held-Cluster4-Empty,368,7.37999964,0,-3.08179164,-1.61051643,-1.95681,0,0,0,0,1,10,0,0,0,0,0,0
Held-Cluster4-Empty,368,7.37999964,1,-2.70493531,-1.61724007,-3.73608875,0,0,0,0,1,12,0,0,0,0,0,0
Held-Cluster4-Empty,368,7.37999964,2,-3.06529737,-1.232404,0.8848476,0,0,0,0,1,6,0,0,0,0,0,0
Held-Cluster4-Empty,368,7.37999964,3,-2.68749142,-1.2472,-11.1061373,0,0,0,0,1,7,0,0,0,0,0,0
Held-Cluster4-Empty,369,7.39999962,0,-3.08179164,-1.61051643,-1.95681,0,0,0,0,1,10,0,0,0,0,0,0
Held-Cluster4-Empty,369,7.39999962,1,-2.70493531,-1.61724007,-3.73608875,0,0,0,0,1,12,0,0,0,0,0,0
Held-Cluster4-Empty,369,7.39999962,2,-3.06529737,-1.232404,0.8848476,0,0,0,0,1,6,0,0,0,0,0,0
Held-Cluster4-Empty,369,7.39999962,3,-2.68749142,-1.2472,-11.1061373,0,0,0,0,1,7,0,0,0,0,0,0
Held-Cluster4-Empty,370,7.4199996,0,-3.08179164,-1.61051643,-1.95681,0,0,0,0,1,10,0,0,0,0,0,0
Held-Cluster4-Empty,370,7.4199996,1,-2.70493531,-1.61724007,-3.73608875,0,0,0,0,1,12,0,0,0,0,0,0
Held-Cluster4-Empty,370,7.4199996,2,-3.06529737,-1.232404,0.8848476,0,0,0,0,1,6,0,0,0,0,0,0
Held-Cluster4-Empty,370,7.4199996,3,-2.68749142,-1.2472,-11.1061373,0,0,0,0,1,7,0,0,0,0,0,0
Held-Cluster4-Empty,371,7.44,0,-3.08179164,-1.61051643,-1.95681,0,0,0,0,1,10,0,0,0,0,0,0
Held-Cluster4-Empty,371,7.44,1,-2.70493531,-1.61724007,-3.73608875,0,0,0,0,1,12,0,0,0,0,0,0
Held-Cluster4-Empty,371,7.44,2,-3.06529737,-1.232404,0.8848476,0,0,0,0,1,6,0,0,0,0,0,0
Held-Cluster4-Empty,371,7.44,3,-2.68749142,-1.2472,-11.1061373,0,0,0,0,1,7,0,0,0,0,0,0
Held-Cluster4-Empty,372,7.46,0,-3.08179164,-1.61051643,-1.95681,0,0,0,0,1,10,0,0,0,0,0,0
Held-Cluster4-Empty,372,7.46,1,-2.70493531,-1.61724007,-3.73608875,0,0,0,0,1,12,0,0,0,0,0,0
Held-Cluster4-Empty,372,7.46,2,-3.06529737,-1.232404,0.8848476,0,0,0,0,1,6,0,0,0,0,0,0
Held-Cluster4-Empty,372,7.46,3,-2.68749142,-1.2472,-11.1061373,0,0,0,0,1,7,0,0,0,0,0,0
Held-Cluster4-Empty,373,7.48,0,-3.08179164,-1.61051643,-1.95681,0,0,0,0,1,10,0,0,0,0,0,0
Held-Cluster4-Empty,373,7.48,1,-2.70493531,-1.61724007,-3.73608875,0,0,0,0,1,12,0,0,0,0,0,0
Held-Cluster4-Empty,373,7.48,2,-3.06529737,-1.232404,0.8848476,0,0,0,0,1,6,0,0,0,0,0,0
Held-Cluster4-Empty,373,7.48,3,-2.68749142,-1.2472,-11.1061373,0,0,0,0,1,7,0,0,0,0,0,0
Held-Cluster4-Empty,374,7.5,0,-3.08179164,-1.61051643,-1.95681,0,0,0,0,1,10,0,0,0,0,0,0
Held-Cluster4-Empty,374,7.5,1,-2.70493531,-1.61724007,-3.73608875,0,0,0,0,1,12,0,0,0,0,0,0
Held-Cluster4-Empty,374,7.5,2,-3.06529737,-1.232404,0.8848476,0,0,0,0,1,6,0,0,0,0,0,0
Held-Cluster4-Empty,374,7.5,3,-2.68749142,-1.2472,-11.1061373,0,0,0,0,1,7,0,0,0,0,0,0
Held-Cluster4-Empty,375,7.52,0,-3.08179164,-1.61051643,-1.95681,0,0,0,0,1,10,0,0,0,0,0,0
Held-Cluster4-Empty,375,7.52,1,-2.70493531,-1.61724007,-3.73608875,0,0,0,0,1,12,0,0,0,0,0,0
Held-Cluster4-Empty,375,7.52,2,-3.06529737,-1.232404,0.8848476,0,0,0,0,1,6,0,0,0,0,0,0
Held-Cluster4-Empty,375,7.52,3,-2.68749142,-1.2472,-11.1061373,0,0,0,0,1,7,0,0,0,0,0,0
Held-Cluster4-Empty,376,7.54,0,-3.08179164,-1.61051643,-1.95681,0,0,0,0,1,10,0,0,0,0,0,0
Held-Cluster4-Empty,376,7.54,1,-2.70493531,-1.61724007,-3.73608875,0,0,0,0,1,12,0,0,0,0,0,0
Held-Cluster4-Empty,376,7.54,2,-3.06529737,-1.232404,0.8848476,0,0,0,0,1,6,0,0,0,0,0,0
Held-Cluster4-Empty,376,7.54,3,-2.68749142,-1.2472,-11.1061373,0,0,0,0,1,7,0,0,0,0,0,0
Held-Cluster4-Empty,377,7.56,0,-3.08179164,-1.61051643,-1.95681,0,0,0,0,1,10,0,0,0,0,0,0
Held-Cluster4-Empty,377,7.56,1,-2.70493531,-1.61724007,-3.73608875,0,0,0,0,1,12,0,0,0,0,0,0
Held-Cluster4-Empty,377,7.56,2,-3.06529737,-1.232404,0.8848476,0,0,0,0,1,6,0,0,0,0,0,0
Held-Cluster4-Empty,377,7.56,3,-2.68749142,-1.2472,-11.1061373,0,0,0,0,1,7,0,0,0,0,0,0
Held-Cluster4-Empty,378,7.58,0,-3.08179164,-1.61051643,-1.95681,0,0,0,0,1,10,0,0,0,0,0,0
Held-Cluster4-Empty,378,7.58,1,-2.70493531,-1.61724007,-3.73608875,0,0,0,0,1,12,0,0,0,0,0,0
Held-Cluster4-Empty,378,7.58,2,-3.06529737,-1.232404,0.8848476,0,0,0,0,1,6,0,0,0,0,0,0
Held-Cluster4-Empty,378,7.58,3,-2.68749142,-1.2472,-11.1061373,0,0,0,0,1,7,0,0,0,0,0,0
Held-Cluster4-Empty,379,7.6,0,-3.08179164,-1.61051643,-1.95681,0,0,0,0,1,10,0,0,0,0,0,0
Held-Cluster4-Empty,379,7.6,1,-2.70493531,-1.61724007,-3.73608875,0,0,0,0,1,12,0,0,0,0,0,0
Held-Cluster4-Empty,379,7.6,2,-3.06529737,-1.232404,0.8848476,0,0,0,0,1,6,0,0,0,0,0,0
Held-Cluster4-Empty,379,7.6,3,-2.68749142,-1.2472,-11.1061373,0,0,0,0,1,7,0,0,0,0,0,0
Held-Cluster4-Empty,380,7.62,0,-3.08179164,-1.61051643,-1.95681,0,0,0,0,1,10,0,0,0,0,0,0
Held-Cluster4-Empty,380,7.62,1,-2.70493531,-1.61724007,-3.73608875,0,0,0,0,1,12,0,0,0,0,0,0
Held-Cluster4-Empty,380,7.62,2,-3.06529737,-1.232404,0.8848476,0,0,0,0,1,6,0,0,0,0,0,0
Held-Cluster4-Empty,380,7.62,3,-2.68749142,-1.2472,-11.1061373,0,0,0,0,1,7,0,0,0,0,0,0
Held-Cluster4-Empty,381,7.64,0,-3.08179164,-1.61051643,-1.95681,0,0,0,0,1,10,0,0,0,0,0,0
Held-Cluster4-Empty,381,7.64,1,-2.70493531,-1.61724007,-3.73608875,0,0,0,0,1,12,0,0,0,0,0,0
Held-Cluster4-Empty,381,7.64,2,-3.06529737,-1.232404,0.8848476,0,0,0,0,1,6,0,0,0,0,0,0
Held-Cluster4-Empty,381,7.64,3,-2.68749142,-1.2472,-11.1061373,0,0,0,0,1,7,0,0,0,0,0,0
Held-Cluster4-Empty,382,7.66,0,-3.08179164,-1.61051643,-1.95681,0,0,0,0,1,10,0,0,0,0,0,0
Held-Cluster4-Empty,382,7.66,1,-2.70493531,-1.61724007,-3.73608875,0,0,0,0,1,12,0,0,0,0,0,0
Held-Cluster4-Empty,382,7.66,2,-3.06529737,-1.232404,0.8848476,0,0,0,0,1,6,0,0,0,0,0,0
Held-Cluster4-Empty,382,7.66,3,-2.68749142,-1.2472,-11.1061373,0,0,0,0,1,7,0,0,0,0,0,0
Held-Cluster4-Empty,383,7.68,0,-3.08179164,-1.61051643,-1.95681,0,0,0,0,1,10,0,0,0,0,0,0
Held-Cluster4-Empty,383,7.68,1,-2.70493531,-1.61724007,-3.73608875,0,0,0,0,1,12,0,0,0,0,0,0
Held-Cluster4-Empty,383,7.68,2,-3.06529737,-1.232404,0.8848476,0,0,0,0,1,6,0,0,0,0,0,0
Held-Cluster4-Empty,383,7.68,3,-2.68749142,-1.2472,-11.1061373,0,0,0,0,1,7,0,0,0,0,0,0
Held-Cluster4-Empty,384,7.7,0,-3.08179164,-1.61051643,-1.95681,0,0,0,0,1,10,0,0,0,0,0,0
Held-Cluster4-Empty,384,7.7,1,-2.70493531,-1.61724007,-3.73608875,0,0,0,0,1,12,0,0,0,0,0,0
Held-Cluster4-Empty,384,7.7,2,-3.06529737,-1.232404,0.8848476,0,0,0,0,1,6,0,0,0,0,0,0
Held-Cluster4-Empty,384,7.7,3,-2.68749142,-1.2472,-11.1061373,0,0,0,0,1,7,0,0,0,0,0,0
Held-Cluster4-Empty,385,7.72,0,-3.08179164,-1.61051643,-1.95681,0,0,0,0,1,10,0,0,0,0,0,0
Held-Cluster4-Empty,385,7.72,1,-2.70493531,-1.61724007,-3.73608875,0,0,0,0,1,12,0,0,0,0,0,0
Held-Cluster4-Empty,385,7.72,2,-3.06529737,-1.232404,0.8848476,0,0,0,0,1,6,0,0,0,0,0,0
Held-Cluster4-Empty,385,7.72,3,-2.68749142,-1.2472,-11.1061373,0,0,0,0,1,7,0,0,0,0,0,0
Held-Cluster4-Empty,386,7.74,0,-3.08179164,-1.61051643,-1.95681,0,0,0,0,1,10,0,0,0,0,0,0
Held-Cluster4-Empty,386,7.74,1,-2.70493531,-1.61724007,-3.73608875,0,0,0,0,1,12,0,0,0,0,0,0
Held-Cluster4-Empty,386,7.74,2,-3.06529737,-1.232404,0.8848476,0,0,0,0,1,6,0,0,0,0,0,0
Held-Cluster4-Empty,386,7.74,3,-2.68749142,-1.2472,-11.1061373,0,0,0,0,1,7,0,0,0,0,0,0
Held-Cluster4-Empty,387,7.75999975,0,-3.08179164,-1.61051643,-1.95681,0,0,0,0,1,10,0,0,0,0,0,0
Held-Cluster4-Empty,387,7.75999975,1,-2.70493531,-1.61724007,-3.73608875,0,0,0,0,1,12,0,0,0,0,0,0
Held-Cluster4-Empty,387,7.75999975,2,-3.06529737,-1.232404,0.8848476,0,0,0,0,1,6,0,0,0,0,0,0
Held-Cluster4-Empty,387,7.75999975,3,-2.68749142,-1.2472,-11.1061373,0,0,0,0,1,7,0,0,0,0,0,0
Held-Cluster4-Empty,388,7.77999973,0,-3.08179164,-1.61051643,-1.95681,0,0,0,0,1,10,0,0,0,0,0,0
Held-Cluster4-Empty,388,7.77999973,1,-2.70493531,-1.61724007,-3.73608875,0,0,0,0,1,12,0,0,0,0,0,0
Held-Cluster4-Empty,388,7.77999973,2,-3.06529737,-1.232404,0.8848476,0,0,0,0,1,6,0,0,0,0,0,0
Held-Cluster4-Empty,388,7.77999973,3,-2.68749142,-1.2472,-11.1061373,0,0,0,0,1,7,0,0,0,0,0,0
Held-Cluster4-Empty,389,7.79999971,0,-3.08179164,-1.61051643,-1.95681,0,0,0,0,1,10,0,0,0,0,0,0
Held-Cluster4-Empty,389,7.79999971,1,-2.70493531,-1.61724007,-3.73608875,0,0,0,0,1,12,0,0,0,0,0,0
Held-Cluster4-Empty,389,7.79999971,2,-3.06529737,-1.232404,0.8848476,0,0,0,0,1,6,0,0,0,0,0,0
Held-Cluster4-Empty,389,7.79999971,3,-2.68749142,-1.2472,-11.1061373,0,0,0,0,1,7,0,0,0,0,0,0
Held-Cluster4-Empty,390,7.81999969,0,-3.08179164,-1.61051643,-1.95681,0,0,0,0,1,10,0,0,0,0,0,0
Held-Cluster4-Empty,390,7.81999969,1,-2.70493531,-1.61724007,-3.73608875,0,0,0,0,1,12,0,0,0,0,0,0
Held-Cluster4-Empty,390,7.81999969,2,-3.06529737,-1.232404,0.8848476,0,0,0,0,1,6,0,0,0,0,0,0
Held-Cluster4-Empty,390,7.81999969,3,-2.68749142,-1.2472,-11.1061373,0,0,0,0,1,7,0,0,0,0,0,0
Held-Cluster4-Empty,391,7.83999968,0,-3.08179164,-1.61051643,-1.95681,0,0,0,0,1,10,0,0,0,0,0,0
Held-Cluster4-Empty,391,7.83999968,1,-2.70493531,-1.61724007,-3.73608875,0,0,0,0,1,12,0,0,0,0,0,0
Held-Cluster4-Empty,391,7.83999968,2,-3.06529737,-1.232404,0.8848476,0,0,0,0,1,6,0,0,0,0,0,0
Held-Cluster4-Empty,391,7.83999968,3,-2.68749142,-1.2472,-11.1061373,0,0,0,0,1,7,0,0,0,0,0,0
Held-Cluster4-Empty,392,7.85999966,0,-3.08179164,-1.61051643,-1.95681,0,0,0,0,1,10,0,0,0,0,0,0
Held-Cluster4-Empty,392,7.85999966,1,-2.70493531,-1.61724007,-3.73608875,0,0,0,0,1,12,0,0,0,0,0,0
Held-Cluster4-Empty,392,7.85999966,2,-3.06529737,-1.232404,0.8848476,0,0,0,0,1,6,0,0,0,0,0,0
Held-Cluster4-Empty,392,7.85999966,3,-2.68749142,-1.2472,-11.1061373,0,0,0,0,1,7,0,0,0,0,0,0
Held-Cluster4-Empty,393,7.87999964,0,-3.08179164,-1.61051643,-1.95681,0,0,0,0,1,10,0,0,0,0,0,0
Held-Cluster4-Empty,393,7.87999964,1,-2.70493531,-1.61724007,-3.73608875,0,0,0,0,1,12,0,0,0,0,0,0
Held-Cluster4-Empty,393,7.87999964,2,-3.06529737,-1.232404,0.8848476,0,0,0,0,1,6,0,0,0,0,0,0
Held-Cluster4-Empty,393,7.87999964,3,-2.68749142,-1.2472,-11.1061373,0,0,0,0,1,7,0,0,0,0,0,0
Held-Cluster4-Empty,394,7.89999962,0,-3.08179164,-1.61051643,-1.95681,0,0,0,0,1,10,0,0,0,0,0,0
Held-Cluster4-Empty,394,7.89999962,1,-2.70493531,-1.61724007,-3.73608875,0,0,0,0,1,12,0,0,0,0,0,0
Held-Cluster4-Empty,394,7.89999962,2,-3.06529737,-1.232404,0.8848476,0,0,0,0,1,6,0,0,0,0,0,0
Held-Cluster4-Empty,394,7.89999962,3,-2.68749142,-1.2472,-11.1061373,0,0,0,0,1,7,0,0,0,0,0,0
Held-Cluster4-Empty,395,7.9199996,0,-3.08179164,-1.61051643,-1.95681,0,0,0,0,1,10,0,0,0,0,0,0
Held-Cluster4-Empty,395,7.9199996,1,-2.70493531,-1.61724007,-3.73608875,0,0,0,0,1,12,0,0,0,0,0,0
Held-Cluster4-Empty,395,7.9199996,2,-3.06529737,-1.232404,0.8848476,0,0,0,0,1,6,0,0,0,0,0,0
Held-Cluster4-Empty,395,7.9199996,3,-2.68749142,-1.2472,-11.1061373,0,0,0,0,1,7,0,0,0,0,0,0
Held-Cluster4-Empty,396,7.94,0,-3.08179164,-1.61051643,-1.95681,0,0,0,0,1,10,0,0,0,0,0,0
Held-Cluster4-Empty,396,7.94,1,-2.70493531,-1.61724007,-3.73608875,0,0,0,0,1,12,0,0,0,0,0,0
Held-Cluster4-Empty,396,7.94,2,-3.06529737,-1.232404,0.8848476,0,0,0,0,1,6,0,0,0,0,0,0
Held-Cluster4-Empty,396,7.94,3,-2.68749142,-1.2472,-11.1061373,0,0,0,0,1,7,0,0,0,0,0,0
Held-Cluster4-Empty,397,7.96,0,-3.08179164,-1.61051643,-1.95681,0,0,0,0,1,10,0,0,0,0,0,0
Held-Cluster4-Empty,397,7.96,1,-2.70493531,-1.61724007,-3.73608875,0,0,0,0,1,12,0,0,0,0,0,0
Held-Cluster4-Empty,397,7.96,2,-3.06529737,-1.232404,0.8848476,0,0,0,0,1,6,0,0,0,0,0,0
Held-Cluster4-Empty,397,7.96,3,-2.68749142,-1.2472,-11.1061373,0,0,0,0,1,7,0,0,0,0,0,0
Held-Cluster4-Empty,398,7.98,0,-3.08179164,-1.61051643,-1.95681,0,0,0,0,1,10,0,0,0,0,0,0
Held-Cluster4-Empty,398,7.98,1,-2.70493531,-1.61724007,-3.73608875,0,0,0,0,1,12,0,0,0,0,0,0
Held-Cluster4-Empty,398,7.98,2,-3.06529737,-1.232404,0.8848476,0,0,0,0,1,6,0,0,0,0,0,0
Held-Cluster4-Empty,398,7.98,3,-2.68749142,-1.2472,-11.1061373,0,0,0,0,1,7,0,0,0,0,0,0
Held-Cluster4-Empty,399,8,0,-3.08179164,-1.61051643,-1.95681,0,0,0,0,1,10,0,0,0,0,0,0
Held-Cluster4-Empty,399,8,1,-2.70493531,-1.61724007,-3.73608875,0,0,0,0,1,12,0,0,0,0,0,0
Held-Cluster4-Empty,399,8,2,-3.06529737,-1.232404,0.8848476,0,0,0,0,1,6,0,0,0,0,0,0
Held-Cluster4-Empty,399,8,3,-2.68749142,-1.2472,-11.1061373,0,0,0,0,1,7,0,0,0,0,0,0
Held-Cluster4-F,300,6.02,0,-3.08195233,-1.610217,-1.7818166,0,0,0,0,1,10,37,0.000385244843,0.00126088224,0,41,0
Held-Cluster4-F,300,6.02,1,-2.704472,-1.618134,-3.27344131,0,0,0,0,1,12,37,0.000385244843,0.00126088224,0,41,0
Held-Cluster4-F,300,6.02,2,-3.06328273,-1.23340368,0.276689351,0,0,0,0,1,6,37,0.000385244843,0.00126088224,0,41,0
Held-Cluster4-F,300,6.02,3,-2.68927956,-1.24810529,-10.5712566,0,0,0,0,1,7,37,0.000385244843,0.00126088224,0,41,0
Held-Cluster4-F,301,6.04,0,-3.08195233,-1.610217,-1.7818166,0,0,0,0,1,10,37,0.000390342815,0.00132596493,0,41,0
Held-Cluster4-F,301,6.04,1,-2.704472,-1.618134,-3.27344131,0,0,0,0,1,12,37,0.000390342815,0.00132596493,0,41,0
Held-Cluster4-F,301,6.04,2,-3.06328273,-1.23340368,0.276689351,0,0,0,0,1,6,37,0.000390342815,0.00132596493,0,41,0
Held-Cluster4-F,301,6.04,3,-2.68927956,-1.24810529,-10.5712566,0,0,0,0,1,7,37,0.000390342815,0.00132596493,0,41,0
Held-Cluster4-F,302,6.06,0,-3.08195233,-1.610217,-1.7818166,0,0,0,0,1,10,37,0.0004034983,0.00125981332,0,41,0
Held-Cluster4-F,302,6.06,1,-2.704472,-1.618134,-3.27344131,0,0,0,0,1,12,37,0.0004034983,0.00125981332,0,41,0
Held-Cluster4-F,302,6.06,2,-3.06328273,-1.23340368,0.276689351,0,0,0,0,1,6,37,0.0004034983,0.00125981332,0,41,0
Held-Cluster4-F,302,6.06,3,-2.68927956,-1.24810529,-10.5712566,0,0,0,0,1,7,37,0.0004034983,0.00125981332,0,41,0
Held-Cluster4-F,303,6.08,0,-3.08195233,-1.610217,-1.7818166,0,0,0,0,1,10,37,0.00039799753,0.00130318955,0,41,0
Held-Cluster4-F,303,6.08,1,-2.704472,-1.618134,-3.27344131,0,0,0,0,1,12,37,0.00039799753,0.00130318955,0,41,0
Held-Cluster4-F,303,6.08,2,-3.06328273,-1.23340368,0.276689351,0,0,0,0,1,6,37,0.00039799753,0.00130318955,0,41,0
Held-Cluster4-F,303,6.08,3,-2.68927956,-1.24810529,-10.5712566,0,0,0,0,1,7,37,0.00039799753,0.00130318955,0,41,0
Held-Cluster4-F,304,6.1,0,-3.08195233,-1.610217,-1.7818166,0,0,0,0,1,10,37,0.000464973127,0.002150165,0,41,0
Held-Cluster4-F,304,6.1,1,-2.704472,-1.618134,-3.27344131,0,0,0,0,1,12,37,0.000464973127,0.002150165,0,41,0
Held-Cluster4-F,304,6.1,2,-3.06328273,-1.23340368,0.276689351,0,0,0,0,1,6,37,0.000464973127,0.002150165,0,41,0
Held-Cluster4-F,304,6.1,3,-2.68927956,-1.24810529,-10.5712566,0,0,0,0,1,7,37,0.000464973127,0.002150165,0,41,0
Held-Cluster4-F,305,6.12,0,-3.08195233,-1.610217,-1.7818166,0,0,0,0,1,10,37,0.0006549923,0.0025641676,0,41,0
Held-Cluster4-F,305,6.12,1,-2.704472,-1.618134,-3.27344131,0,0,0,0,1,12,37,0.0006549923,0.0025641676,0,41,0
Held-Cluster4-F,305,6.12,2,-3.06328273,-1.23340368,0.276689351,0,0,0,0,1,6,37,0.0006549923,0.0025641676,0,41,0
Held-Cluster4-F,305,6.12,3,-2.68927956,-1.24810529,-10.5712566,0,0,0,0,1,7,37,0.0006549923,0.0025641676,0,41,0
Held-Cluster4-F,306,6.14,0,-3.08195233,-1.610217,-1.7818166,0,0,0,0,1,10,37,0.0006378745,0.00286821043,0,41,0
Held-Cluster4-F,306,6.14,1,-2.704472,-1.618134,-3.27344131,0,0,0,0,1,12,37,0.0006378745,0.00286821043,0,41,0
Held-Cluster4-F,306,6.14,2,-3.06328273,-1.23340368,0.276689351,0,0,0,0,1,6,37,0.0006378745,0.00286821043,0,41,0
Held-Cluster4-F,306,6.14,3,-2.68927956,-1.24810529,-10.5712566,0,0,0,0,1,7,37,0.0006378745,0.00286821043,0,41,0
Held-Cluster4-F,307,6.16,0,-3.08195233,-1.610217,-1.7818166,0,0,0,0,1,10,37,0.0006117649,0.002316415,0,41,0
Held-Cluster4-F,307,6.16,1,-2.704472,-1.618134,-3.27344131,0,0,0,0,1,12,37,0.0006117649,0.002316415,0,41,0
Held-Cluster4-F,307,6.16,2,-3.06328273,-1.23340368,0.276689351,0,0,0,0,1,6,37,0.0006117649,0.002316415,0,41,0
Held-Cluster4-F,307,6.16,3,-2.68927956,-1.24810529,-10.5712566,0,0,0,0,1,7,37,0.0006117649,0.002316415,0,41,0
Held-Cluster4-F,308,6.18,0,-3.08195233,-1.610217,-1.7818166,0,0,0,0,1,10,37,0.0007317604,0.00334192137,0,41,0
Held-Cluster4-F,308,6.18,1,-2.704472,-1.618134,-3.27344131,0,0,0,0,1,12,37,0.0007317604,0.00334192137,0,41,0
Held-Cluster4-F,308,6.18,2,-3.06328273,-1.23340368,0.276689351,0,0,0,0,1,6,37,0.0007317604,0.00334192137,0,41,0
Held-Cluster4-F,308,6.18,3,-2.68927956,-1.24810529,-10.5712566,0,0,0,0,1,7,37,0.0007317604,0.00334192137,0,41,0
Held-Cluster4-F,309,6.2,0,-3.08195233,-1.610217,-1.7818166,0,0,0,0,1,10,37,0.00051948434,0.00179048593,0,41,0
Held-Cluster4-F,309,6.2,1,-2.704472,-1.618134,-3.27344131,0,0,0,0,1,12,37,0.00051948434,0.00179048593,0,41,0
Held-Cluster4-F,309,6.2,2,-3.06328273,-1.23340368,0.276689351,0,0,0,0,1,6,37,0.00051948434,0.00179048593,0,41,0
Held-Cluster4-F,309,6.2,3,-2.68927956,-1.24810529,-10.5712566,0,0,0,0,1,7,37,0.00051948434,0.00179048593,0,41,0
Held-Cluster4-F,310,6.22,0,-3.08195233,-1.610217,-1.7818166,0,0,0,0,1,10,37,0.000744673365,0.00364443939,0,41,0
Held-Cluster4-F,310,6.22,1,-2.704472,-1.618134,-3.27344131,0,0,0,0,1,12,37,0.000744673365,0.00364443939,0,41,0
Held-Cluster4-F,310,6.22,2,-3.06328273,-1.23340368,0.276689351,0,0,0,0,1,6,37,0.000744673365,0.00364443939,0,41,0
Held-Cluster4-F,310,6.22,3,-2.68927956,-1.24810529,-10.5712566,0,0,0,0,1,7,37,0.000744673365,0.00364443939,0,41,0
Held-Cluster4-F,311,6.24,0,-3.08195233,-1.610217,-1.7818166,0,0,0,0,1,10,37,0.0008313094,0.00335555966,0,41,0
Held-Cluster4-F,311,6.24,1,-2.704472,-1.618134,-3.27344131,0,0,0,0,1,12,37,0.0008313094,0.00335555966,0,41,0
Held-Cluster4-F,311,6.24,2,-3.06328273,-1.23340368,0.276689351,0,0,0,0,1,6,37,0.0008313094,0.00335555966,0,41,0
Held-Cluster4-F,311,6.24,3,-2.68927956,-1.24810529,-10.5712566,0,0,0,0,1,7,37,0.0008313094,0.00335555966,0,41,0
Held-Cluster4-F,312,6.25999975,0,-3.08195233,-1.610217,-1.7818166,0,0,0,0,1,10,37,0.0008005707,0.00357138552,0,41,0
Held-Cluster4-F,312,6.25999975,1,-2.704472,-1.618134,-3.27344131,0,0,0,0,1,12,37,0.0008005707,0.00357138552,0,41,0
Held-Cluster4-F,312,6.25999975,2,-3.06328273,-1.23340368,0.276689351,0,0,0,0,1,6,37,0.0008005707,0.00357138552,0,41,0
Held-Cluster4-F,312,6.25999975,3,-2.68927956,-1.24810529,-10.5712566,0,0,0,0,1,7,37,0.0008005707,0.00357138552,0,41,0
Held-Cluster4-F,313,6.27999973,0,-3.08195233,-1.610217,-1.7818166,0,0,0,0,1,10,37,0.000489865139,0.00204159156,0,41,0
Held-Cluster4-F,313,6.27999973,1,-2.704472,-1.618134,-3.27344131,0,0,0,0,1,12,37,0.000489865139,0.00204159156,0,41,0
Held-Cluster4-F,313,6.27999973,2,-3.06328273,-1.23340368,0.276689351,0,0,0,0,1,6,37,0.000489865139,0.00204159156,0,41,0
Held-Cluster4-F,313,6.27999973,3,-2.68927956,-1.24810529,-10.5712566,0,0,0,0,1,7,37,0.000489865139,0.00204159156,0,41,0
Held-Cluster4-F,314,6.29999971,0,-3.08195233,-1.610217,-1.7818166,0,0,0,0,1,10,37,0.000620823936,0.002698988,0,41,0
Held-Cluster4-F,314,6.29999971,1,-2.704472,-1.618134,-3.27344131,0,0,0,0,1,12,37,0.000620823936,0.002698988,0,41,0
Held-Cluster4-F,314,6.29999971,2,-3.06328273,-1.23340368,0.276689351,0,0,0,0,1,6,37,0.000620823936,0.002698988,0,41,0
Held-Cluster4-F,314,6.29999971,3,-2.68927956,-1.24810529,-10.5712566,0,0,0,0,1,7,37,0.000620823936,0.002698988,0,41,0
Held-Cluster4-F,315,6.31999969,0,-3.08195233,-1.610217,-1.7818166,0,0,0,0,1,10,37,0.0006605041,0.0027651845,0,41,0
Held-Cluster4-F,315,6.31999969,1,-2.704472,-1.618134,-3.27344131,0,0,0,0,1,12,37,0.0006605041,0.0027651845,0,41,0
Held-Cluster4-F,315,6.31999969,2,-3.06328273,-1.23340368,0.276689351,0,0,0,0,1,6,37,0.0006605041,0.0027651845,0,41,0
Held-Cluster4-F,315,6.31999969,3,-2.68927956,-1.24810529,-10.5712566,0,0,0,0,1,7,37,0.0006605041,0.0027651845,0,41,0
Held-Cluster4-F,316,6.33999968,0,-3.08195233,-1.610217,-1.7818166,0,0,0,0,1,10,37,0.0005256436,0.00186965684,0,41,0
Held-Cluster4-F,316,6.33999968,1,-2.704472,-1.618134,-3.27344131,0,0,0,0,1,12,37,0.0005256436,0.00186965684,0,41,0
Held-Cluster4-F,316,6.33999968,2,-3.06328273,-1.23340368,0.276689351,0,0,0,0,1,6,37,0.0005256436,0.00186965684,0,41,0
Held-Cluster4-F,316,6.33999968,3,-2.68927956,-1.24810529,-10.5712566,0,0,0,0,1,7,37,0.0005256436,0.00186965684,0,41,0
Held-Cluster4-F,317,6.35999966,0,-3.08195233,-1.610217,-1.7818166,0,0,0,0,1,10,37,0.0006272753,0.00229455228,0,41,0
Held-Cluster4-F,317,6.35999966,1,-2.704472,-1.618134,-3.27344131,0,0,0,0,1,12,37,0.0006272753,0.00229455228,0,41,0
Held-Cluster4-F,317,6.35999966,2,-3.06328273,-1.23340368,0.276689351,0,0,0,0,1,6,37,0.0006272753,0.00229455228,0,41,0
Held-Cluster4-F,317,6.35999966,3,-2.68927956,-1.24810529,-10.5712566,0,0,0,0,1,7,37,0.0006272753,0.00229455228,0,41,0
Held-Cluster4-F,318,6.37999964,0,-3.08195233,-1.610217,-1.7818166,0,0,0,0,1,10,37,0.000619372353,0.00348810852,0,41,0
Held-Cluster4-F,318,6.37999964,1,-2.704472,-1.618134,-3.27344131,0,0,0,0,1,12,37,0.000619372353,0.00348810852,0,41,0
Held-Cluster4-F,318,6.37999964,2,-3.06328273,-1.23340368,0.276689351,0,0,0,0,1,6,37,0.000619372353,0.00348810852,0,41,0
Held-Cluster4-F,318,6.37999964,3,-2.68927956,-1.24810529,-10.5712566,0,0,0,0,1,7,37,0.000619372353,0.00348810852,0,41,0
Held-Cluster4-F,319,6.39999962,0,-3.08195233,-1.610217,-1.7818166,0,0,0,0,1,10,37,0.0006657771,0.00291875447,0,41,0
Held-Cluster4-F,319,6.39999962,1,-2.704472,-1.618134,-3.27344131,0,0,0,0,1,12,37,0.0006657771,0.00291875447,0,41,0
Held-Cluster4-F,319,6.39999962,2,-3.06328273,-1.23340368,0.276689351,0,0,0,0,1,6,37,0.0006657771,0.00291875447,0,41,0
Held-Cluster4-F,319,6.39999962,3,-2.68927956,-1.24810529,-10.5712566,0,0,0,0,1,7,37,0.0006657771,0.00291875447,0,41,0
Held-Cluster4-F,320,6.42,0,-3.08195233,-1.610217,-1.7818166,0,0,0,0,1,10,37,0.000517738,0.00197688118,0,41,0
Held-Cluster4-F,320,6.42,1,-2.704472,-1.618134,-3.27344131,0,0,0,0,1,12,37,0.000517738,0.00197688118,0,41,0
Held-Cluster4-F,320,6.42,2,-3.06328273,-1.23340368,0.276689351,0,0,0,0,1,6,37,0.000517738,0.00197688118,0,41,0
Held-Cluster4-F,320,6.42,3,-2.68927956,-1.24810529,-10.5712566,0,0,0,0,1,7,37,0.000517738,0.00197688118,0,41,0
Held-Cluster4-F,321,6.44,0,-3.08195233,-1.610217,-1.7818166,0,0,0,0,1,10,37,0.0005835449,0.00237691216,0,41,0
Held-Cluster4-F,321,6.44,1,-2.704472,-1.618134,-3.27344131,0,0,0,0,1,12,37,0.0005835449,0.00237691216,0,41,0
Held-Cluster4-F,321,6.44,2,-3.06328273,-1.23340368,0.276689351,0,0,0,0,1,6,37,0.0005835449,0.00237691216,0,41,0
Held-Cluster4-F,321,6.44,3,-2.68927956,-1.24810529,-10.5712566,0,0,0,0,1,7,37,0.0005835449,0.00237691216,0,41,0
Held-Cluster4-F,322,6.46,0,-3.08195233,-1.610217,-1.7818166,0,0,0,0,1,10,37,0.000422070356,0.00167035,0,41,0
Held-Cluster4-F,322,6.46,1,-2.704472,-1.618134,-3.27344131,0,0,0,0,1,12,37,0.000422070356,0.00167035,0,41,0
Held-Cluster4-F,322,6.46,2,-3.06328273,-1.23340368,0.276689351,0,0,0,0,1,6,37,0.000422070356,0.00167035,0,41,0
Held-Cluster4-F,322,6.46,3,-2.68927956,-1.24810529,-10.5712566,0,0,0,0,1,7,37,0.000422070356,0.00167035,0,41,0
Held-Cluster4-F,323,6.48,0,-3.08195233,-1.610217,-1.7818166,0,0,0,0,1,10,37,0.000669364352,0.00341383927,0,41,0
Held-Cluster4-F,323,6.48,1,-2.704472,-1.618134,-3.27344131,0,0,0,0,1,12,37,0.000669364352,0.00341383927,0,41,0
Held-Cluster4-F,323,6.48,2,-3.06328273,-1.23340368,0.276689351,0,0,0,0,1,6,37,0.000669364352,0.00341383927,0,41,0
Held-Cluster4-F,323,6.48,3,-2.68927956,-1.24810529,-10.5712566,0,0,0,0,1,7,37,0.000669364352,0.00341383927,0,41,0
Held-Cluster4-F,324,6.5,0,-3.08195233,-1.610217,-1.7818166,0,0,0,0,1,10,37,0.000583493267,0.00263194856,0,41,0
Held-Cluster4-F,324,6.5,1,-2.704472,-1.618134,-3.27344131,0,0,0,0,1,12,37,0.000583493267,0.00263194856,0,41,0
Held-Cluster4-F,324,6.5,2,-3.06328273,-1.23340368,0.276689351,0,0,0,0,1,6,37,0.000583493267,0.00263194856,0,41,0
Held-Cluster4-F,324,6.5,3,-2.68927956,-1.24810529,-10.5712566,0,0,0,0,1,7,37,0.000583493267,0.00263194856,0,41,0
Held-Cluster4-F,325,6.52,0,-3.08195233,-1.610217,-1.7818166,0,0,0,0,1,10,37,0.000640124432,0.00236081658,0,41,0
Held-Cluster4-F,325,6.52,1,-2.704472,-1.618134,-3.27344131,0,0,0,0,1,12,37,0.000640124432,0.00236081658,0,41,0
Held-Cluster4-F,325,6.52,2,-3.06328273,-1.23340368,0.276689351,0,0,0,0,1,6,37,0.000640124432,0.00236081658,0,41,0
Held-Cluster4-F,325,6.52,3,-2.68927956,-1.24810529,-10.5712566,0,0,0,0,1,7,37,0.000640124432,0.00236081658,0,41,0
Held-Cluster4-F,326,6.54,0,-3.08195233,-1.610217,-1.7818166,0,0,0,0,1,10,37,0.0007003574,0.00316215,0,41,0
Held-Cluster4-F,326,6.54,1,-2.704472,-1.618134,-3.27344131,0,0,0,0,1,12,37,0.0007003574,0.00316215,0,41,0
Held-Cluster4-F,326,6.54,2,-3.06328273,-1.23340368,0.276689351,0,0,0,0,1,6,37,0.0007003574,0.00316215,0,41,0
Held-Cluster4-F,326,6.54,3,-2.68927956,-1.24810529,-10.5712566,0,0,0,0,1,7,37,0.0007003574,0.00316215,0,41,0
Held-Cluster4-F,327,6.56,0,-3.08195233,-1.610217,-1.7818166,0,0,0,0,1,10,37,0.000422466168,0.0012942967,0,41,0
Held-Cluster4-F,327,6.56,1,-2.704472,-1.618134,-3.27344131,0,0,0,0,1,12,37,0.000422466168,0.0012942967,0,41,0
Held-Cluster4-F,327,6.56,2,-3.06328273,-1.23340368,0.276689351,0,0,0,0,1,6,37,0.000422466168,0.0012942967,0,41,0
Held-Cluster4-F,327,6.56,3,-2.68927956,-1.24810529,-10.5712566,0,0,0,0,1,7,37,0.000422466168,0.0012942967,0,41,0
Held-Cluster4-F,328,6.58,0,-3.08195233,-1.610217,-1.7818166,0,0,0,0,1,10,37,0.0006879103,0.00310115074,0,41,0
Held-Cluster4-F,328,6.58,1,-2.704472,-1.618134,-3.27344131,0,0,0,0,1,12,37,0.0006879103,0.00310115074,0,41,0
Held-Cluster4-F,328,6.58,2,-3.06328273,-1.23340368,0.276689351,0,0,0,0,1,6,37,0.0006879103,0.00310115074,0,41,0
Held-Cluster4-F,328,6.58,3,-2.68927956,-1.24810529,-10.5712566,0,0,0,0,1,7,37,0.0006879103,0.00310115074,0,41,0
Held-Cluster4-F,329,6.6,0,-3.08195233,-1.610217,-1.7818166,0,0,0,0,1,10,37,0.000553444959,0.002317975,0,41,0
Held-Cluster4-F,329,6.6,1,-2.704472,-1.618134,-3.27344131,0,0,0,0,1,12,37,0.000553444959,0.002317975,0,41,0
Held-Cluster4-F,329,6.6,2,-3.06328273,-1.23340368,0.276689351,0,0,0,0,1,6,37,0.000553444959,0.002317975,0,41,0
Held-Cluster4-F,329,6.6,3,-2.68927956,-1.24810529,-10.5712566,0,0,0,0,1,7,37,0.000553444959,0.002317975,0,41,0
Held-Cluster4-F,330,6.62,0,-3.08195233,-1.610217,-1.7818166,0,0,0,0,1,10,37,0.0005851682,0.0033228253,0,41,0
Held-Cluster4-F,330,6.62,1,-2.704472,-1.618134,-3.27344131,0,0,0,0,1,12,37,0.0005851682,0.0033228253,0,41,0
Held-Cluster4-F,330,6.62,2,-3.06328273,-1.23340368,0.276689351,0,0,0,0,1,6,37,0.0005851682,0.0033228253,0,41,0
Held-Cluster4-F,330,6.62,3,-2.68927956,-1.24810529,-10.5712566,0,0,0,0,1,7,37,0.0005851682,0.0033228253,0,41,0
Held-Cluster4-F,331,6.64,0,-3.08195233,-1.610217,-1.7818166,0,0,0,0,1,10,37,0.000686787535,0.00314954761,0,41,0
Held-Cluster4-F,331,6.64,1,-2.704472,-1.618134,-3.27344131,0,0,0,0,1,12,37,0.000686787535,0.00314954761,0,41,0
Held-Cluster4-F,331,6.64,2,-3.06328273,-1.23340368,0.276689351,0,0,0,0,1,6,37,0.000686787535,0.00314954761,0,41,0
Held-Cluster4-F,331,6.64,3,-2.68927956,-1.24810529,-10.5712566,0,0,0,0,1,7,37,0.000686787535,0.00314954761,0,41,0
Held-Cluster4-F,332,6.66,0,-3.08195233,-1.610217,-1.7818166,0,0,0,0,1,10,37,0.000662320759,0.00331842853,0,41,0
Held-Cluster4-F,332,6.66,1,-2.704472,-1.618134,-3.27344131,0,0,0,0,1,12,37,0.000662320759,0.00331842853,0,41,0
Held-Cluster4-F,332,6.66,2,-3.06328273,-1.23340368,0.276689351,0,0,0,0,1,6,37,0.000662320759,0.00331842853,0,41,0
Held-Cluster4-F,332,6.66,3,-2.68927956,-1.24810529,-10.5712566,0,0,0,0,1,7,37,0.000662320759,0.00331842853,0,41,0
Held-Cluster4-F,333,6.68,0,-3.08195233,-1.610217,-1.7818166,0,0,0,0,1,10,37,0.0006394303,0.00258855545,0,41,0
Held-Cluster4-F,333,6.68,1,-2.704472,-1.618134,-3.27344131,0,0,0,0,1,12,37,0.0006394303,0.00258855545,0,41,0
Held-Cluster4-F,333,6.68,2,-3.06328273,-1.23340368,0.276689351,0,0,0,0,1,6,37,0.0006394303,0.00258855545,0,41,0
Held-Cluster4-F,333,6.68,3,-2.68927956,-1.24810529,-10.5712566,0,0,0,0,1,7,37,0.0006394303,0.00258855545,0,41,0
Held-Cluster4-F,334,6.7,0,-3.08195233,-1.610217,-1.7818166,0,0,0,0,1,10,37,0.000629881048,0.002518379,0,41,0
Held-Cluster4-F,334,6.7,1,-2.704472,-1.618134,-3.27344131,0,0,0,0,1,12,37,0.000629881048,0.002518379,0,41,0
Held-Cluster4-F,334,6.7,2,-3.06328273,-1.23340368,0.276689351,0,0,0,0,1,6,37,0.000629881048,0.002518379,0,41,0
Held-Cluster4-F,334,6.7,3,-2.68927956,-1.24810529,-10.5712566,0,0,0,0,1,7,37,0.000629881048,0.002518379,0,41,0
Held-Cluster4-F,335,6.72,0,-3.08195233,-1.610217,-1.7818166,0,0,0,0,1,10,37,0.0004726754,0.001911266,0,41,0
Held-Cluster4-F,335,6.72,1,-2.704472,-1.618134,-3.27344131,0,0,0,0,1,12,37,0.0004726754,0.001911266,0,41,0
Held-Cluster4-F,335,6.72,2,-3.06328273,-1.23340368,0.276689351,0,0,0,0,1,6,37,0.0004726754,0.001911266,0,41,0
Held-Cluster4-F,335,6.72,3,-2.68927956,-1.24810529,-10.5712566,0,0,0,0,1,7,37,0.0004726754,0.001911266,0,41,0
Held-Cluster4-F,336,6.74,0,-3.08195233,-1.610217,-1.7818166,0,0,0,0,1,10,37,0.0007088676,0.00349900872,0,41,0
Held-Cluster4-F,336,6.74,1,-2.704472,-1.618134,-3.27344131,0,0,0,0,1,12,37,0.0007088676,0.00349900872,0,41,0
Held-Cluster4-F,336,6.74,2,-3.06328273,-1.23340368,0.276689351,0,0,0,0,1,6,37,0.0007088676,0.00349900872,0,41,0
Held-Cluster4-F,336,6.74,3,-2.68927956,-1.24810529,-10.5712566,0,0,0,0,1,7,37,0.0007088676,0.00349900872,0,41,0
Held-Cluster4-F,337,6.75999975,0,-3.08195233,-1.610217,-1.7818166,0,0,0,0,1,10,37,0.000593904755,0.0023564063,0,41,0
Held-Cluster4-F,337,6.75999975,1,-2.704472,-1.618134,-3.27344131,0,0,0,0,1,12,37,0.000593904755,0.0023564063,0,41,0
Held-Cluster4-F,337,6.75999975,2,-3.06328273,-1.23340368,0.276689351,0,0,0,0,1,6,37,0.000593904755,0.0023564063,0,41,0
Held-Cluster4-F,337,6.75999975,3,-2.68927956,-1.24810529,-10.5712566,0,0,0,0,1,7,37,0.000593904755,0.0023564063,0,41,0
Held-Cluster4-F,338,6.77999973,0,-3.08195233,-1.610217,-1.7818166,0,0,0,0,1,10,37,0.0007969383,0.00334066921,0,41,0
Held-Cluster4-F,338,6.77999973,1,-2.704472,-1.618134,-3.27344131,0,0,0,0,1,12,37,0.0007969383,0.00334066921,0,41,0
Held-Cluster4-F,338,6.77999973,2,-3.06328273,-1.23340368,0.276689351,0,0,0,0,1,6,37,0.0007969383,0.00334066921,0,41,0
Held-Cluster4-F,338,6.77999973,3,-2.68927956,-1.24810529,-10.5712566,0,0,0,0,1,7,37,0.0007969383,0.00334066921,0,41,0
Held-Cluster4-F,339,6.79999971,0,-3.08195233,-1.610217,-1.7818166,0,0,0,0,1,10,37,0.000361368584,0.0022121924,0,41,0
Held-Cluster4-F,339,6.79999971,1,-2.704472,-1.618134,-3.27344131,0,0,0,0,1,12,37,0.000361368584,0.0022121924,0,41,0
Held-Cluster4-F,339,6.79999971,2,-3.06328273,-1.23340368,0.276689351,0,0,0,0,1,6,37,0.000361368584,0.0022121924,0,41,0
Held-Cluster4-F,339,6.79999971,3,-2.68927956,-1.24810529,-10.5712566,0,0,0,0,1,7,37,0.000361368584,0.0022121924,0,41,0
Held-Cluster4-F,340,6.81999969,0,-3.08195233,-1.610217,-1.7818166,0,0,0,0,1,10,37,0.000393393275,0.00126174709,0,41,0
Held-Cluster4-F,340,6.81999969,1,-2.704472,-1.618134,-3.27344131,0,0,0,0,1,12,37,0.000393393275,0.00126174709,0,41,0
Held-Cluster4-F,340,6.81999969,2,-3.06328273,-1.23340368,0.276689351,0,0,0,0,1,6,37,0.000393393275,0.00126174709,0,41,0
Held-Cluster4-F,340,6.81999969,3,-2.68927956,-1.24810529,-10.5712566,0,0,0,0,1,7,37,0.000393393275,0.00126174709,0,41,0
Held-Cluster4-F,341,6.83999968,0,-3.08195233,-1.610217,-1.7818166,0,0,0,0,1,10,37,0.000500779657,0.002842206,0,41,0
Held-Cluster4-F,341,6.83999968,1,-2.704472,-1.618134,-3.27344131,0,0,0,0,1,12,37,0.000500779657,0.002842206,0,41,0
Held-Cluster4-F,341,6.83999968,2,-3.06328273,-1.23340368,0.276689351,0,0,0,0,1,6,37,0.000500779657,0.002842206,0,41,0
Held-Cluster4-F,341,6.83999968,3,-2.68927956,-1.24810529,-10.5712566,0,0,0,0,1,7,37,0.000500779657,0.002842206,0,41,0
Held-Cluster4-F,342,6.85999966,0,-3.08195233,-1.610217,-1.7818166,0,0,0,0,1,10,37,0.0005756568,0.003163531,0,41,0
Held-Cluster4-F,342,6.85999966,1,-2.704472,-1.618134,-3.27344131,0,0,0,0,1,12,37,0.0005756568,0.003163531,0,41,0
Held-Cluster4-F,342,6.85999966,2,-3.06328273,-1.23340368,0.276689351,0,0,0,0,1,6,37,0.0005756568,0.003163531,0,41,0
Held-Cluster4-F,342,6.85999966,3,-2.68927956,-1.24810529,-10.5712566,0,0,0,0,1,7,37,0.0005756568,0.003163531,0,41,0
Held-Cluster4-F,343,6.87999964,0,-3.08195233,-1.610217,-1.7818166,0,0,0,0,1,10,37,0.0004992149,0.00197621342,0,41,0
Held-Cluster4-F,343,6.87999964,1,-2.704472,-1.618134,-3.27344131,0,0,0,0,1,12,37,0.0004992149,0.00197621342,0,41,0
Held-Cluster4-F,343,6.87999964,2,-3.06328273,-1.23340368,0.276689351,0,0,0,0,1,6,37,0.0004992149,0.00197621342,0,41,0
Held-Cluster4-F,343,6.87999964,3,-2.68927956,-1.24810529,-10.5712566,0,0,0,0,1,7,37,0.0004992149,0.00197621342,0,41,0
Held-Cluster4-F,344,6.89999962,0,-3.08195233,-1.610217,-1.7818166,0,0,0,0,1,10,37,0.000592392345,0.00283800648,0,41,0
Held-Cluster4-F,344,6.89999962,1,-2.704472,-1.618134,-3.27344131,0,0,0,0,1,12,37,0.000592392345,0.00283800648,0,41,0
Held-Cluster4-F,344,6.89999962,2,-3.06328273,-1.23340368,0.276689351,0,0,0,0,1,6,37,0.000592392345,0.00283800648,0,41,0
Held-Cluster4-F,344,6.89999962,3,-2.68927956,-1.24810529,-10.5712566,0,0,0,0,1,7,37,0.000592392345,0.00283800648,0,41,0
Held-Cluster4-F,345,6.92,0,-3.08195233,-1.610217,-1.7818166,0,0,0,0,1,10,37,0.0005734008,0.00244778628,0,41,0
Held-Cluster4-F,345,6.92,1,-2.704472,-1.618134,-3.27344131,0,0,0,0,1,12,37,0.0005734008,0.00244778628,0,41,0
Held-Cluster4-F,345,6.92,2,-3.06328273,-1.23340368,0.276689351,0,0,0,0,1,6,37,0.0005734008,0.00244778628,0,41,0
Held-Cluster4-F,345,6.92,3,-2.68927956,-1.24810529,-10.5712566,0,0,0,0,1,7,37,0.0005734008,0.00244778628,0,41,0
Held-Cluster4-F,346,6.94,0,-3.08195233,-1.610217,-1.7818166,0,0,0,0,1,10,37,0.0005457388,0.003206619,0,41,0
Held-Cluster4-F,346,6.94,1,-2.704472,-1.618134,-3.27344131,0,0,0,0,1,12,37,0.0005457388,0.003206619,0,41,0
Held-Cluster4-F,346,6.94,2,-3.06328273,-1.23340368,0.276689351,0,0,0,0,1,6,37,0.0005457388,0.003206619,0,41,0
Held-Cluster4-F,346,6.94,3,-2.68927956,-1.24810529,-10.5712566,0,0,0,0,1,7,37,0.0005457388,0.003206619,0,41,0
Held-Cluster4-F,347,6.96,0,-3.08195233,-1.610217,-1.7818166,0,0,0,0,1,10,37,0.000700156263,0.00325225969,0,41,0
Held-Cluster4-F,347,6.96,1,-2.704472,-1.618134,-3.27344131,0,0,0,0,1,12,37,0.000700156263,0.00325225969,0,41,0
Held-Cluster4-F,347,6.96,2,-3.06328273,-1.23340368,0.276689351,0,0,0,0,1,6,37,0.000700156263,0.00325225969,0,41,0
Held-Cluster4-F,347,6.96,3,-2.68927956,-1.24810529,-10.5712566,0,0,0,0,1,7,37,0.000700156263,0.00325225969,0,41,0
Held-Cluster4-F,348,6.98,0,-3.08195233,-1.610217,-1.7818166,0,0,0,0,1,10,37,0.000548205047,0.00229483563,0,41,0
Held-Cluster4-F,348,6.98,1,-2.704472,-1.618134,-3.27344131,0,0,0,0,1,12,37,0.000548205047,0.00229483563,0,41,0
Held-Cluster4-F,348,6.98,2,-3.06328273,-1.23340368,0.276689351,0,0,0,0,1,6,37,0.000548205047,0.00229483563,0,41,0
Held-Cluster4-F,348,6.98,3,-2.68927956,-1.24810529,-10.5712566,0,0,0,0,1,7,37,0.000548205047,0.00229483563,0,41,0
Held-Cluster4-F,349,7,0,-3.08195233,-1.610217,-1.7818166,0,0,0,0,1,10,37,0.000593614066,0.00285245012,0,41,0
Held-Cluster4-F,349,7,1,-2.704472,-1.618134,-3.27344131,0,0,0,0,1,12,37,0.000593614066,0.00285245012,0,41,0
Held-Cluster4-F,349,7,2,-3.06328273,-1.23340368,0.276689351,0,0,0,0,1,6,37,0.000593614066,0.00285245012,0,41,0
Held-Cluster4-F,349,7,3,-2.68927956,-1.24810529,-10.5712566,0,0,0,0,1,7,37,0.000593614066,0.00285245012,0,41,0
Held-Cluster4-F,350,7.02,0,-3.08195233,-1.610217,-1.7818166,0,0,0,0,1,10,37,0.0006756217,0.00330537418,0,41,0
Held-Cluster4-F,350,7.02,1,-2.704472,-1.618134,-3.27344131,0,0,0,0,1,12,37,0.0006756217,0.00330537418,0,41,0
Held-Cluster4-F,350,7.02,2,-3.06328273,-1.23340368,0.276689351,0,0,0,0,1,6,37,0.0006756217,0.00330537418,0,41,0
Held-Cluster4-F,350,7.02,3,-2.68927956,-1.24810529,-10.5712566,0,0,0,0,1,7,37,0.0006756217,0.00330537418,0,41,0
Held-Cluster4-F,351,7.04,0,-3.08195233,-1.610217,-1.7818166,0,0,0,0,1,10,37,0.0006252933,0.002406627,0,41,0
Held-Cluster4-F,351,7.04,1,-2.704472,-1.618134,-3.27344131,0,0,0,0,1,12,37,0.0006252933,0.002406627,0,41,0
Held-Cluster4-F,351,7.04,2,-3.06328273,-1.23340368,0.276689351,0,0,0,0,1,6,37,0.0006252933,0.002406627,0,41,0
Held-Cluster4-F,351,7.04,3,-2.68927956,-1.24810529,-10.5712566,0,0,0,0,1,7,37,0.0006252933,0.002406627,0,41,0
Held-Cluster4-F,352,7.06,0,-3.08195233,-1.610217,-1.7818166,0,0,0,0,1,10,37,0.0008799381,0.00362943229,0,41,0
Held-Cluster4-F,352,7.06,1,-2.704472,-1.618134,-3.27344131,0,0,0,0,1,12,37,0.0008799381,0.00362943229,0,41,0
Held-Cluster4-F,352,7.06,2,-3.06328273,-1.23340368,0.276689351,0,0,0,0,1,6,37,0.0008799381,0.00362943229,0,41,0
Held-Cluster4-F,352,7.06,3,-2.68927956,-1.24810529,-10.5712566,0,0,0,0,1,7,37,0.0008799381,0.00362943229,0,41,0
Held-Cluster4-F,353,7.08,0,-3.08195233,-1.610217,-1.7818166,0,0,0,0,1,10,37,0.000413347472,0.00186510955,0,41,0
Held-Cluster4-F,353,7.08,1,-2.704472,-1.618134,-3.27344131,0,0,0,0,1,12,37,0.000413347472,0.00186510955,0,41,0
Held-Cluster4-F,353,7.08,2,-3.06328273,-1.23340368,0.276689351,0,0,0,0,1,6,37,0.000413347472,0.00186510955,0,41,0
Held-Cluster4-F,353,7.08,3,-2.68927956,-1.24810529,-10.5712566,0,0,0,0,1,7,37,0.000413347472,0.00186510955,0,41,0
Held-Cluster4-F,354,7.1,0,-3.08195233,-1.610217,-1.7818166,0,0,0,0,1,10,37,0.000426821061,0.00136489479,0,41,0
Held-Cluster4-F,354,7.1,1,-2.704472,-1.618134,-3.27344131,0,0,0,0,1,12,37,0.000426821061,0.00136489479,0,41,0
Held-Cluster4-F,354,7.1,2,-3.06328273,-1.23340368,0.276689351,0,0,0,0,1,6,37,0.000426821061,0.00136489479,0,41,0
Held-Cluster4-F,354,7.1,3,-2.68927956,-1.24810529,-10.5712566,0,0,0,0,1,7,37,0.000426821061,0.00136489479,0,41,0
Held-Cluster4-F,355,7.12,0,-3.08195233,-1.610217,-1.7818166,0,0,0,0,1,10,37,0.000575665559,0.00244778628,0,41,0
Held-Cluster4-F,355,7.12,1,-2.704472,-1.618134,-3.27344131,0,0,0,0,1,12,37,0.000575665559,0.00244778628,0,41,0
Held-Cluster4-F,355,7.12,2,-3.06328273,-1.23340368,0.276689351,0,0,0,0,1,6,37,0.000575665559,0.00244778628,0,41,0
Held-Cluster4-F,355,7.12,3,-2.68927956,-1.24810529,-10.5712566,0,0,0,0,1,7,37,0.000575665559,0.00244778628,0,41,0
Held-Cluster4-F,356,7.14,0,-3.08195233,-1.610217,-1.7818166,0,0,0,0,1,10,37,0.000355497934,0.00123718847,0,41,0
Held-Cluster4-F,356,7.14,1,-2.704472,-1.618134,-3.27344131,0,0,0,0,1,12,37,0.000355497934,0.00123718847,0,41,0
Held-Cluster4-F,356,7.14,2,-3.06328273,-1.23340368,0.276689351,0,0,0,0,1,6,37,0.000355497934,0.00123718847,0,41,0
Held-Cluster4-F,356,7.14,3,-2.68927956,-1.24810529,-10.5712566,0,0,0,0,1,7,37,0.000355497934,0.00123718847,0,41,0
Held-Cluster4-F,357,7.16,0,-3.08195233,-1.610217,-1.7818166,0,0,0,0,1,10,37,0.000619186,0.00367373135,0,41,0
Held-Cluster4-F,357,7.16,1,-2.704472,-1.618134,-3.27344131,0,0,0,0,1,12,37,0.000619186,0.00367373135,0,41,0
Held-Cluster4-F,357,7.16,2,-3.06328273,-1.23340368,0.276689351,0,0,0,0,1,6,37,0.000619186,0.00367373135,0,41,0
Held-Cluster4-F,357,7.16,3,-2.68927956,-1.24810529,-10.5712566,0,0,0,0,1,7,37,0.000619186,0.00367373135,0,41,0
Held-Cluster4-F,358,7.18,0,-3.08195233,-1.610217,-1.7818166,0,0,0,0,1,10,37,0.000516245665,0.00285112718,0,41,0
Held-Cluster4-F,358,7.18,1,-2.704472,-1.618134,-3.27344131,0,0,0,0,1,12,37,0.000516245665,0.00285112718,0,41,0
Held-Cluster4-F,358,7.18,2,-3.06328273,-1.23340368,0.276689351,0,0,0,0,1,6,37,0.000516245665,0.00285112718,0,41,0
Held-Cluster4-F,358,7.18,3,-2.68927956,-1.24810529,-10.5712566,0,0,0,0,1,7,37,0.000516245665,0.00285112718,0,41,0
Held-Cluster4-F,359,7.2,0,-3.08195233,-1.610217,-1.7818166,0,0,0,0,1,10,37,0.000593111268,0.00245434162,0,41,0
Held-Cluster4-F,359,7.2,1,-2.704472,-1.618134,-3.27344131,0,0,0,0,1,12,37,0.000593111268,0.00245434162,0,41,0
Held-Cluster4-F,359,7.2,2,-3.06328273,-1.23340368,0.276689351,0,0,0,0,1,6,37,0.000593111268,0.00245434162,0,41,0
Held-Cluster4-F,359,7.2,3,-2.68927956,-1.24810529,-10.5712566,0,0,0,0,1,7,37,0.000593111268,0.00245434162,0,41,0
Held-Cluster4-F,360,7.22,0,-3.08195233,-1.610217,-1.7818166,0,0,0,0,1,10,37,0.000579042069,0.00285210065,0,41,0
Held-Cluster4-F,360,7.22,1,-2.704472,-1.618134,-3.27344131,0,0,0,0,1,12,37,0.000579042069,0.00285210065,0,41,0
Held-Cluster4-F,360,7.22,2,-3.06328273,-1.23340368,0.276689351,0,0,0,0,1,6,37,0.000579042069,0.00285210065,0,41,0
Held-Cluster4-F,360,7.22,3,-2.68927956,-1.24810529,-10.5712566,0,0,0,0,1,7,37,0.000579042069,0.00285210065,0,41,0
Held-Cluster4-F,361,7.24,0,-3.08195233,-1.610217,-1.7818166,0,0,0,0,1,10,37,0.000714953232,0.00313580781,0,41,0
Held-Cluster4-F,361,7.24,1,-2.704472,-1.618134,-3.27344131,0,0,0,0,1,12,37,0.000714953232,0.00313580781,0,41,0
Held-Cluster4-F,361,7.24,2,-3.06328273,-1.23340368,0.276689351,0,0,0,0,1,6,37,0.000714953232,0.00313580781,0,41,0
Held-Cluster4-F,361,7.24,3,-2.68927956,-1.24810529,-10.5712566,0,0,0,0,1,7,37,0.000714953232,0.00313580781,0,41,0
Held-Cluster4-F,362,7.25999975,0,-3.08195233,-1.610217,-1.7818166,0,0,0,0,1,10,37,0.000929592,0.00364064216,0,41,0
Held-Cluster4-F,362,7.25999975,1,-2.704472,-1.618134,-3.27344131,0,0,0,0,1,12,37,0.000929592,0.00364064216,0,41,0
Held-Cluster4-F,362,7.25999975,2,-3.06328273,-1.23340368,0.276689351,0,0,0,0,1,6,37,0.000929592,0.00364064216,0,41,0
Held-Cluster4-F,362,7.25999975,3,-2.68927956,-1.24810529,-10.5712566,0,0,0,0,1,7,37,0.000929592,0.00364064216,0,41,0
Held-Cluster4-F,363,7.27999973,0,-3.08195233,-1.610217,-1.7818166,0,0,0,0,1,10,37,0.000314702367,0.00189310336,0,41,0
Held-Cluster4-F,363,7.27999973,1,-2.704472,-1.618134,-3.27344131,0,0,0,0,1,12,37,0.000314702367,0.00189310336,0,41,0
Held-Cluster4-F,363,7.27999973,2,-3.06328273,-1.23340368,0.276689351,0,0,0,0,1,6,37,0.000314702367,0.00189310336,0,41,0
Held-Cluster4-F,363,7.27999973,3,-2.68927956,-1.24810529,-10.5712566,0,0,0,0,1,7,37,0.000314702367,0.00189310336,0,41,0
Held-Cluster4-F,364,7.29999971,0,-3.08195233,-1.610217,-1.7818166,0,0,0,0,1,10,37,0.000506201759,0.00193580589,0,41,0
Held-Cluster4-F,364,7.29999971,1,-2.704472,-1.618134,-3.27344131,0,0,0,0,1,12,37,0.000506201759,0.00193580589,0,41,0
Held-Cluster4-F,364,7.29999971,2,-3.06328273,-1.23340368,0.276689351,0,0,0,0,1,6,37,0.000506201759,0.00193580589,0,41,0
Held-Cluster4-F,364,7.29999971,3,-2.68927956,-1.24810529,-10.5712566,0,0,0,0,1,7,37,0.000506201759,0.00193580589,0,41,0
Held-Cluster4-F,365,7.31999969,0,-3.08195233,-1.610217,-1.7818166,0,0,0,0,1,10,37,0.000631394563,0.002562897,0,41,0
Held-Cluster4-F,365,7.31999969,1,-2.704472,-1.618134,-3.27344131,0,0,0,0,1,12,37,0.000631394563,0.002562897,0,41,0
Held-Cluster4-F,365,7.31999969,2,-3.06328273,-1.23340368,0.276689351,0,0,0,0,1,6,37,0.000631394563,0.002562897,0,41,0
Held-Cluster4-F,365,7.31999969,3,-2.68927956,-1.24810529,-10.5712566,0,0,0,0,1,7,37,0.000631394563,0.002562897,0,41,0
Held-Cluster4-F,366,7.33999968,0,-3.08195233,-1.610217,-1.7818166,0,0,0,0,1,10,37,0.000430086744,0.00141281483,0,41,0
Held-Cluster4-F,366,7.33999968,1,-2.704472,-1.618134,-3.27344131,0,0,0,0,1,12,37,0.000430086744,0.00141281483,0,41,0
Held-Cluster4-F,366,7.33999968,2,-3.06328273,-1.23340368,0.276689351,0,0,0,0,1,6,37,0.000430086744,0.00141281483,0,41,0
Held-Cluster4-F,366,7.33999968,3,-2.68927956,-1.24810529,-10.5712566,0,0,0,0,1,7,37,0.000430086744,0.00141281483,0,41,0
Held-Cluster4-F,367,7.35999966,0,-3.08195233,-1.610217,-1.7818166,0,0,0,0,1,10,37,0.000611023454,0.0032821435,0,41,0
Held-Cluster4-F,367,7.35999966,1,-2.704472,-1.618134,-3.27344131,0,0,0,0,1,12,37,0.000611023454,0.0032821435,0,41,0
Held-Cluster4-F,367,7.35999966,2,-3.06328273,-1.23340368,0.276689351,0,0,0,0,1,6,37,0.000611023454,0.0032821435,0,41,0
Held-Cluster4-F,367,7.35999966,3,-2.68927956,-1.24810529,-10.5712566,0,0,0,0,1,7,37,0.000611023454,0.0032821435,0,41,0
Held-Cluster4-F,368,7.37999964,0,-3.08195233,-1.610217,-1.7818166,0,0,0,0,1,10,37,0.000681531441,0.00330566172,0,41,0
Held-Cluster4-F,368,7.37999964,1,-2.704472,-1.618134,-3.27344131,0,0,0,0,1,12,37,0.000681531441,0.00330566172,0,41,0
Held-Cluster4-F,368,7.37999964,2,-3.06328273,-1.23340368,0.276689351,0,0,0,0,1,6,37,0.000681531441,0.00330566172,0,41,0
Held-Cluster4-F,368,7.37999964,3,-2.68927956,-1.24810529,-10.5712566,0,0,0,0,1,7,37,0.000681531441,0.00330566172,0,41,0
Held-Cluster4-F,369,7.39999962,0,-3.08195233,-1.610217,-1.7818166,0,0,0,0,1,10,37,0.000632690149,0.002958383,0,41,0
Held-Cluster4-F,369,7.39999962,1,-2.704472,-1.618134,-3.27344131,0,0,0,0,1,12,37,0.000632690149,0.002958383,0,41,0
Held-Cluster4-F,369,7.39999962,2,-3.06328273,-1.23340368,0.276689351,0,0,0,0,1,6,37,0.000632690149,0.002958383,0,41,0
Held-Cluster4-F,369,7.39999962,3,-2.68927956,-1.24810529,-10.5712566,0,0,0,0,1,7,37,0.000632690149,0.002958383,0,41,0
Held-Cluster4-F,370,7.4199996,0,-3.08195233,-1.610217,-1.7818166,0,0,0,0,1,10,37,0.000493012369,0.00257347967,0,41,0
Held-Cluster4-F,370,7.4199996,1,-2.704472,-1.618134,-3.27344131,0,0,0,0,1,12,37,0.000493012369,0.00257347967,0,41,0
Held-Cluster4-F,370,7.4199996,2,-3.06328273,-1.23340368,0.276689351,0,0,0,0,1,6,37,0.000493012369,0.00257347967,0,41,0
Held-Cluster4-F,370,7.4199996,3,-2.68927956,-1.24810529,-10.5712566,0,0,0,0,1,7,37,0.000493012369,0.00257347967,0,41,0
Held-Cluster4-F,371,7.44,0,-3.08195233,-1.610217,-1.7818166,0,0,0,0,1,10,37,0.000510673,0.00176639308,0,41,0
Held-Cluster4-F,371,7.44,1,-2.704472,-1.618134,-3.27344131,0,0,0,0,1,12,37,0.000510673,0.00176639308,0,41,0
Held-Cluster4-F,371,7.44,2,-3.06328273,-1.23340368,0.276689351,0,0,0,0,1,6,37,0.000510673,0.00176639308,0,41,0
Held-Cluster4-F,371,7.44,3,-2.68927956,-1.24810529,-10.5712566,0,0,0,0,1,7,37,0.000510673,0.00176639308,0,41,0
Held-Cluster4-F,372,7.46,0,-3.08195233,-1.610217,-1.7818166,0,0,0,0,1,10,37,0.000374772149,0.0016360305,0,41,0
Held-Cluster4-F,372,7.46,1,-2.704472,-1.618134,-3.27344131,0,0,0,0,1,12,37,0.000374772149,0.0016360305,0,41,0
Held-Cluster4-F,372,7.46,2,-3.06328273,-1.23340368,0.276689351,0,0,0,0,1,6,37,0.000374772149,0.0016360305,0,41,0
Held-Cluster4-F,372,7.46,3,-2.68927956,-1.24810529,-10.5712566,0,0,0,0,1,7,37,0.000374772149,0.0016360305,0,41,0
Held-Cluster4-F,373,7.48,0,-3.08195233,-1.610217,-1.7818166,0,0,0,0,1,10,37,0.0006870986,0.004034666,0,41,0
Held-Cluster4-F,373,7.48,1,-2.704472,-1.618134,-3.27344131,0,0,0,0,1,12,37,0.0006870986,0.004034666,0,41,0
Held-Cluster4-F,373,7.48,2,-3.06328273,-1.23340368,0.276689351,0,0,0,0,1,6,37,0.0006870986,0.004034666,0,41,0
Held-Cluster4-F,373,7.48,3,-2.68927956,-1.24810529,-10.5712566,0,0,0,0,1,7,37,0.0006870986,0.004034666,0,41,0
Held-Cluster4-F,374,7.5,0,-3.08195233,-1.610217,-1.7818166,0,0,0,0,1,10,37,0.000700819364,0.00334195932,0,41,0
Held-Cluster4-F,374,7.5,1,-2.704472,-1.618134,-3.27344131,0,0,0,0,1,12,37,0.000700819364,0.00334195932,0,41,0
Held-Cluster4-F,374,7.5,2,-3.06328273,-1.23340368,0.276689351,0,0,0,0,1,6,37,0.000700819364,0.00334195932,0,41,0
Held-Cluster4-F,374,7.5,3,-2.68927956,-1.24810529,-10.5712566,0,0,0,0,1,7,37,0.000700819364,0.00334195932,0,41,0
Held-Cluster4-F,375,7.52,0,-3.08195233,-1.610217,-1.7818166,0,0,0,0,1,10,37,0.000366810156,0.0016065411,0,41,0
Held-Cluster4-F,375,7.52,1,-2.704472,-1.618134,-3.27344131,0,0,0,0,1,12,37,0.000366810156,0.0016065411,0,41,0
Held-Cluster4-F,375,7.52,2,-3.06328273,-1.23340368,0.276689351,0,0,0,0,1,6,37,0.000366810156,0.0016065411,0,41,0
Held-Cluster4-F,375,7.52,3,-2.68927956,-1.24810529,-10.5712566,0,0,0,0,1,7,37,0.000366810156,0.0016065411,0,41,0
Held-Cluster4-F,376,7.54,0,-3.08195233,-1.610217,-1.7818166,0,0,0,0,1,10,37,0.0006748703,0.00325855659,0,41,0
Held-Cluster4-F,376,7.54,1,-2.704472,-1.618134,-3.27344131,0,0,0,0,1,12,37,0.0006748703,0.00325855659,0,41,0
Held-Cluster4-F,376,7.54,2,-3.06328273,-1.23340368,0.276689351,0,0,0,0,1,6,37,0.0006748703,0.00325855659,0,41,0
Held-Cluster4-F,376,7.54,3,-2.68927956,-1.24810529,-10.5712566,0,0,0,0,1,7,37,0.0006748703,0.00325855659,0,41,0
Held-Cluster4-F,377,7.56,0,-3.08195233,-1.610217,-1.7818166,0,0,0,0,1,10,37,0.000600610452,0.00277721835,0,41,0
Held-Cluster4-F,377,7.56,1,-2.704472,-1.618134,-3.27344131,0,0,0,0,1,12,37,0.000600610452,0.00277721835,0,41,0
Held-Cluster4-F,377,7.56,2,-3.06328273,-1.23340368,0.276689351,0,0,0,0,1,6,37,0.000600610452,0.00277721835,0,41,0
Held-Cluster4-F,377,7.56,3,-2.68927956,-1.24810529,-10.5712566,0,0,0,0,1,7,37,0.000600610452,0.00277721835,0,41,0
Held-Cluster4-F,378,7.58,0,-3.08195233,-1.610217,-1.7818166,0,0,0,0,1,10,37,0.0004954836,0.00196576118,0,41,0
Held-Cluster4-F,378,7.58,1,-2.704472,-1.618134,-3.27344131,0,0,0,0,1,12,37,0.0004954836,0.00196576118,0,41,0
Held-Cluster4-F,378,7.58,2,-3.06328273,-1.23340368,0.276689351,0,0,0,0,1,6,37,0.0004954836,0.00196576118,0,41,0
Held-Cluster4-F,378,7.58,3,-2.68927956,-1.24810529,-10.5712566,0,0,0,0,1,7,37,0.0004954836,0.00196576118,0,41,0
Held-Cluster4-F,379,7.6,0,-3.08195233,-1.610217,-1.7818166,0,0,0,0,1,10,37,0.0006726224,0.00370999263,0,41,0
Held-Cluster4-F,379,7.6,1,-2.704472,-1.618134,-3.27344131,0,0,0,0,1,12,37,0.0006726224,0.00370999263,0,41,0
Held-Cluster4-F,379,7.6,2,-3.06328273,-1.23340368,0.276689351,0,0,0,0,1,6,37,0.0006726224,0.00370999263,0,41,0
Held-Cluster4-F,379,7.6,3,-2.68927956,-1.24810529,-10.5712566,0,0,0,0,1,7,37,0.0006726224,0.00370999263,0,41,0
Held-Cluster4-F,380,7.62,0,-3.08195233,-1.610217,-1.7818166,0,0,0,0,1,10,37,0.0005853846,0.00307238661,0,41,0
Held-Cluster4-F,380,7.62,1,-2.704472,-1.618134,-3.27344131,0,0,0,0,1,12,37,0.0005853846,0.00307238661,0,41,0
Held-Cluster4-F,380,7.62,2,-3.06328273,-1.23340368,0.276689351,0,0,0,0,1,6,37,0.0005853846,0.00307238661,0,41,0
Held-Cluster4-F,380,7.62,3,-2.68927956,-1.24810529,-10.5712566,0,0,0,0,1,7,37,0.0005853846,0.00307238661,0,41,0
Held-Cluster4-F,381,7.64,0,-3.08195233,-1.610217,-1.7818166,0,0,0,0,1,10,37,0.0005605218,0.00218866137,0,41,0
Held-Cluster4-F,381,7.64,1,-2.704472,-1.618134,-3.27344131,0,0,0,0,1,12,37,0.0005605218,0.00218866137,0,41,0
Held-Cluster4-F,381,7.64,2,-3.06328273,-1.23340368,0.276689351,0,0,0,0,1,6,37,0.0005605218,0.00218866137,0,41,0
Held-Cluster4-F,381,7.64,3,-2.68927956,-1.24810529,-10.5712566,0,0,0,0,1,7,37,0.0005605218,0.00218866137,0,41,0
Held-Cluster4-F,382,7.66,0,-3.08195233,-1.610217,-1.7818166,0,0,0,0,1,10,37,0.0007114803,0.00345962681,0,41,0
Held-Cluster4-F,382,7.66,1,-2.704472,-1.618134,-3.27344131,0,0,0,0,1,12,37,0.0007114803,0.00345962681,0,41,0
Held-Cluster4-F,382,7.66,2,-3.06328273,-1.23340368,0.276689351,0,0,0,0,1,6,37,0.0007114803,0.00345962681,0,41,0
Held-Cluster4-F,382,7.66,3,-2.68927956,-1.24810529,-10.5712566,0,0,0,0,1,7,37,0.0007114803,0.00345962681,0,41,0
Held-Cluster4-F,383,7.68,0,-3.08195233,-1.610217,-1.7818166,0,0,0,0,1,10,37,0.0006955963,0.00294538634,0,41,0
Held-Cluster4-F,383,7.68,1,-2.704472,-1.618134,-3.27344131,0,0,0,0,1,12,37,0.0006955963,0.00294538634,0,41,0
Held-Cluster4-F,383,7.68,2,-3.06328273,-1.23340368,0.276689351,0,0,0,0,1,6,37,0.0006955963,0.00294538634,0,41,0
Held-Cluster4-F,383,7.68,3,-2.68927956,-1.24810529,-10.5712566,0,0,0,0,1,7,37,0.0006955963,0.00294538634,0,41,0
Held-Cluster4-F,384,7.7,0,-3.08195233,-1.610217,-1.7818166,0,0,0,0,1,10,37,0.000698787044,0.00278871646,0,41,0
Held-Cluster4-F,384,7.7,1,-2.704472,-1.618134,-3.27344131,0,0,0,0,1,12,37,0.000698787044,0.00278871646,0,41,0
Held-Cluster4-F,384,7.7,2,-3.06328273,-1.23340368,0.276689351,0,0,0,0,1,6,37,0.000698787044,0.00278871646,0,41,0
Held-Cluster4-F,384,7.7,3,-2.68927956,-1.24810529,-10.5712566,0,0,0,0,1,7,37,0.000698787044,0.00278871646,0,41,0
Held-Cluster4-F,385,7.72,0,-3.08195233,-1.610217,-1.7818166,0,0,0,0,1,10,37,0.000691478839,0.00307656429,0,41,0
Held-Cluster4-F,385,7.72,1,-2.704472,-1.618134,-3.27344131,0,0,0,0,1,12,37,0.000691478839,0.00307656429,0,41,0
Held-Cluster4-F,385,7.72,2,-3.06328273,-1.23340368,0.276689351,0,0,0,0,1,6,37,0.000691478839,0.00307656429,0,41,0
Held-Cluster4-F,385,7.72,3,-2.68927956,-1.24810529,-10.5712566,0,0,0,0,1,7,37,0.000691478839,0.00307656429,0,41,0
Held-Cluster4-F,386,7.74,0,-3.08195233,-1.610217,-1.7818166,0,0,0,0,1,10,37,0.000342752755,0.00124723138,0,41,0
Held-Cluster4-F,386,7.74,1,-2.704472,-1.618134,-3.27344131,0,0,0,0,1,12,37,0.000342752755,0.00124723138,0,41,0
Held-Cluster4-F,386,7.74,2,-3.06328273,-1.23340368,0.276689351,0,0,0,0,1,6,37,0.000342752755,0.00124723138,0,41,0
Held-Cluster4-F,386,7.74,3,-2.68927956,-1.24810529,-10.5712566,0,0,0,0,1,7,37,0.000342752755,0.00124723138,0,41,0
Held-Cluster4-F,387,7.75999975,0,-3.08195233,-1.610217,-1.7818166,0,0,0,0,1,10,37,0.000382341,0.00145902543,0,41,0
Held-Cluster4-F,387,7.75999975,1,-2.704472,-1.618134,-3.27344131,0,0,0,0,1,12,37,0.000382341,0.00145902543,0,41,0
Held-Cluster4-F,387,7.75999975,2,-3.06328273,-1.23340368,0.276689351,0,0,0,0,1,6,37,0.000382341,0.00145902543,0,41,0
Held-Cluster4-F,387,7.75999975,3,-2.68927956,-1.24810529,-10.5712566,0,0,0,0,1,7,37,0.000382341,0.00145902543,0,41,0
Held-Cluster4-F,388,7.77999973,0,-3.08195233,-1.610217,-1.7818166,0,0,0,0,1,10,37,0.000434723741,0.001877599,0,41,0
Held-Cluster4-F,388,7.77999973,1,-2.704472,-1.618134,-3.27344131,0,0,0,0,1,12,37,0.000434723741,0.001877599,0,41,0
Held-Cluster4-F,388,7.77999973,2,-3.06328273,-1.23340368,0.276689351,0,0,0,0,1,6,37,0.000434723741,0.001877599,0,41,0
Held-Cluster4-F,388,7.77999973,3,-2.68927956,-1.24810529,-10.5712566,0,0,0,0,1,7,37,0.000434723741,0.001877599,0,41,0
Held-Cluster4-F,389,7.79999971,0,-3.08195233,-1.610217,-1.7818166,0,0,0,0,1,10,37,0.000596979749,0.00333832763,0,41,0
Held-Cluster4-F,389,7.79999971,1,-2.704472,-1.618134,-3.27344131,0,0,0,0,1,12,37,0.000596979749,0.00333832763,0,41,0
Held-Cluster4-F,389,7.79999971,2,-3.06328273,-1.23340368,0.276689351,0,0,0,0,1,6,37,0.000596979749,0.00333832763,0,41,0
Held-Cluster4-F,389,7.79999971,3,-2.68927956,-1.24810529,-10.5712566,0,0,0,0,1,7,37,0.000596979749,0.00333832763,0,41,0
Held-Cluster4-F,390,7.81999969,0,-3.08195233,-1.610217,-1.7818166,0,0,0,0,1,10,37,0.000512932,0.00256566564,0,41,0
Held-Cluster4-F,390,7.81999969,1,-2.704472,-1.618134,-3.27344131,0,0,0,0,1,12,37,0.000512932,0.00256566564,0,41,0
Held-Cluster4-F,390,7.81999969,2,-3.06328273,-1.23340368,0.276689351,0,0,0,0,1,6,37,0.000512932,0.00256566564,0,41,0
Held-Cluster4-F,390,7.81999969,3,-2.68927956,-1.24810529,-10.5712566,0,0,0,0,1,7,37,0.000512932,0.00256566564,0,41,0
Held-Cluster4-F,391,7.83999968,0,-3.08195233,-1.610217,-1.7818166,0,0,0,0,1,10,37,0.000610279,0.00341385673,0,41,0
Held-Cluster4-F,391,7.83999968,1,-2.704472,-1.618134,-3.27344131,0,0,0,0,1,12,37,0.000610279,0.00341385673,0,41,0
Held-Cluster4-F,391,7.83999968,2,-3.06328273,-1.23340368,0.276689351,0,0,0,0,1,6,37,0.000610279,0.00341385673,0,41,0
Held-Cluster4-F,391,7.83999968,3,-2.68927956,-1.24810529,-10.5712566,0,0,0,0,1,7,37,0.000610279,0.00341385673,0,41,0
Held-Cluster4-F,392,7.85999966,0,-3.08195233,-1.610217,-1.7818166,0,0,0,0,1,10,37,0.0005618203,0.00259920559,0,41,0
Held-Cluster4-F,392,7.85999966,1,-2.704472,-1.618134,-3.27344131,0,0,0,0,1,12,37,0.0005618203,0.00259920559,0,41,0
Held-Cluster4-F,392,7.85999966,2,-3.06328273,-1.23340368,0.276689351,0,0,0,0,1,6,37,0.0005618203,0.00259920559,0,41,0
Held-Cluster4-F,392,7.85999966,3,-2.68927956,-1.24810529,-10.5712566,0,0,0,0,1,7,37,0.0005618203,0.00259920559,0,41,0
Held-Cluster4-F,393,7.87999964,0,-3.08195233,-1.610217,-1.7818166,0,0,0,0,1,10,37,0.000608387461,0.003293304,0,41,0
Held-Cluster4-F,393,7.87999964,1,-2.704472,-1.618134,-3.27344131,0,0,0,0,1,12,37,0.000608387461,0.003293304,0,41,0
Held-Cluster4-F,393,7.87999964,2,-3.06328273,-1.23340368,0.276689351,0,0,0,0,1,6,37,0.000608387461,0.003293304,0,41,0
Held-Cluster4-F,393,7.87999964,3,-2.68927956,-1.24810529,-10.5712566,0,0,0,0,1,7,37,0.000608387461,0.003293304,0,41,0
Held-Cluster4-F,394,7.89999962,0,-3.08195233,-1.610217,-1.7818166,0,0,0,0,1,10,37,0.000843073649,0.003949647,0,41,0
Held-Cluster4-F,394,7.89999962,1,-2.704472,-1.618134,-3.27344131,0,0,0,0,1,12,37,0.000843073649,0.003949647,0,41,0
Held-Cluster4-F,394,7.89999962,2,-3.06328273,-1.23340368,0.276689351,0,0,0,0,1,6,37,0.000843073649,0.003949647,0,41,0
Held-Cluster4-F,394,7.89999962,3,-2.68927956,-1.24810529,-10.5712566,0,0,0,0,1,7,37,0.000843073649,0.003949647,0,41,0
Held-Cluster4-F,395,7.9199996,0,-3.08195233,-1.610217,-1.7818166,0,0,0,0,1,10,37,0.0009880267,0.00363609521,0,41,0
Held-Cluster4-F,395,7.9199996,1,-2.704472,-1.618134,-3.27344131,0,0,0,0,1,12,37,0.0009880267,0.00363609521,0,41,0
Held-Cluster4-F,395,7.9199996,2,-3.06328273,-1.23340368,0.276689351,0,0,0,0,1,6,37,0.0009880267,0.00363609521,0,41,0
Held-Cluster4-F,395,7.9199996,3,-2.68927956,-1.24810529,-10.5712566,0,0,0,0,1,7,37,0.0009880267,0.00363609521,0,41,0
Held-Cluster4-F,396,7.94,0,-3.08195233,-1.610217,-1.7818166,0,0,0,0,1,10,37,0.000385427964,0.00163887488,0,41,0
Held-Cluster4-F,396,7.94,1,-2.704472,-1.618134,-3.27344131,0,0,0,0,1,12,37,0.000385427964,0.00163887488,0,41,0
Held-Cluster4-F,396,7.94,2,-3.06328273,-1.23340368,0.276689351,0,0,0,0,1,6,37,0.000385427964,0.00163887488,0,41,0
Held-Cluster4-F,396,7.94,3,-2.68927956,-1.24810529,-10.5712566,0,0,0,0,1,7,37,0.000385427964,0.00163887488,0,41,0
Held-Cluster4-F,397,7.96,0,-3.08195233,-1.610217,-1.7818166,0,0,0,0,1,10,37,0.0006732898,0.00311190425,0,41,0
Held-Cluster4-F,397,7.96,1,-2.704472,-1.618134,-3.27344131,0,0,0,0,1,12,37,0.0006732898,0.00311190425,0,41,0
Held-Cluster4-F,397,7.96,2,-3.06328273,-1.23340368,0.276689351,0,0,0,0,1,6,37,0.0006732898,0.00311190425,0,41,0
Held-Cluster4-F,397,7.96,3,-2.68927956,-1.24810529,-10.5712566,0,0,0,0,1,7,37,0.0006732898,0.00311190425,0,41,0
Held-Cluster4-F,398,7.98,0,-3.08195233,-1.610217,-1.7818166,0,0,0,0,1,10,37,0.0006645987,0.00322840922,0,41,0
Held-Cluster4-F,398,7.98,1,-2.704472,-1.618134,-3.27344131,0,0,0,0,1,12,37,0.0006645987,0.00322840922,0,41,0
Held-Cluster4-F,398,7.98,2,-3.06328273,-1.23340368,0.276689351,0,0,0,0,1,6,37,0.0006645987,0.00322840922,0,41,0
Held-Cluster4-F,398,7.98,3,-2.68927956,-1.24810529,-10.5712566,0,0,0,0,1,7,37,0.0006645987,0.00322840922,0,41,0
Held-Cluster4-F,399,8,0,-3.08195233,-1.610217,-1.7818166,0,0,0,0,1,10,37,0.000476355461,0.00241384539,0,41,0
Held-Cluster4-F,399,8,1,-2.704472,-1.618134,-3.27344131,0,0,0,0,1,12,37,0.000476355461,0.00241384539,0,41,0
Held-Cluster4-F,399,8,2,-3.06328273,-1.23340368,0.276689351,0,0,0,0,1,6,37,0.000476355461,0.00241384539,0,41,0
Held-Cluster4-F,399,8,3,-2.68927956,-1.24810529,-10.5712566,0,0,0,0,1,7,37,0.000476355461,0.00241384539,0,41,0
Held-FixedSingle-F,300,6.02,0,-2.903136,-1.52094746,0,0,0,0,0,1,0,29,0.00162258069,0.006438367,0,40.5,0
Held-FixedSingle-F,301,6.04,0,-2.903136,-1.52094746,0,0,0,0,0,1,0,29,0.00156163867,0.00617275247,0,40.5,0
Held-FixedSingle-F,302,6.06,0,-2.903136,-1.52094746,0,0,0,0,0,1,0,29,0.00150311226,0.006051804,0,40.5,0
Held-FixedSingle-F,303,6.08,0,-2.903136,-1.52094746,0,0,0,0,0,1,0,29,0.00144324033,0.00591756729,0,40.5,0
Held-FixedSingle-F,304,6.1,0,-2.903136,-1.52094746,0,0,0,0,0,1,0,29,0.00137316773,0.00573787326,0,40.5,0
Held-FixedSingle-F,305,6.12,0,-2.903136,-1.52094746,0,0,0,0,0,1,0,29,0.00130336126,0.00549212238,0,40.5,0
Held-FixedSingle-F,306,6.14,0,-2.903136,-1.52094746,0,0,0,0,0,1,0,29,0.001234044,0.00520364847,0,40.5,0
Held-FixedSingle-F,307,6.16,0,-2.903136,-1.52094746,0,0,0,0,0,1,0,29,0.00116039522,0.004926477,0,40.5,0
Held-FixedSingle-F,308,6.18,0,-2.903136,-1.52094746,0,0,0,0,0,1,0,29,0.00109111564,0.00462098652,0,40.5,0
Held-FixedSingle-F,309,6.2,0,-2.903136,-1.52094746,0,0,0,0,0,1,0,29,0.001015842,0.00428109849,0,40.5,0
Held-FixedSingle-F,310,6.22,0,-2.903136,-1.52094746,0,0,0,0,0,1,0,29,0.0009426286,0.00395847624,0,40.5,0
Held-FixedSingle-F,311,6.24,0,-2.903136,-1.52094746,0,0,0,0,0,1,0,29,0.0008829721,0.00363559672,0,40.5,0
Held-FixedSingle-F,312,6.25999975,0,-2.903136,-1.52094746,0,0,0,0,0,1,0,29,0.000820678542,0.00344688259,0,40.5,0
Held-FixedSingle-F,313,6.27999973,0,-2.903136,-1.52094746,0,0,0,0,0,1,0,29,0.0007644931,0.00338783558,0,40.5,0
Held-FixedSingle-F,314,6.29999971,0,-2.903136,-1.52094746,0,0,0,0,0,1,0,29,0.0007154298,0.003122477,0,40.5,0
Held-FixedSingle-F,315,6.31999969,0,-2.903136,-1.52094746,0,0,0,0,0,1,0,29,0.0006614806,0.00283890986,0,40.5,0
Held-FixedSingle-F,316,6.33999968,0,-2.903136,-1.52094746,0,0,0,0,0,1,0,29,0.00063602865,0.00265600369,0,40.5,0
Held-FixedSingle-F,317,6.35999966,0,-2.903136,-1.52094746,0,0,0,0,0,1,0,29,0.0005677293,0.00232758163,0,40.5,0
Held-FixedSingle-F,318,6.37999964,0,-2.903136,-1.52094746,0,0,0,0,0,1,0,29,0.000548355456,0.00222450844,0,40.5,0
Held-FixedSingle-F,319,6.39999962,0,-2.903136,-1.52094746,0,0,0,0,0,1,0,29,0.0005198272,0.0020758498,0,40.5,0
Held-FixedSingle-F,320,6.42,0,-2.903136,-1.52094746,0,0,0,0,0,1,0,29,0.000486522884,0.0018719841,0,40.5,0
Held-FixedSingle-F,321,6.44,0,-2.903136,-1.52094746,0,0,0,0,0,1,0,29,0.000466161262,0.00161985564,0,40.5,0
Held-FixedSingle-F,322,6.46,0,-2.903136,-1.52094746,0,0,0,0,0,1,0,29,0.000397806172,0.00148201268,0,40.5,0
Held-FixedSingle-F,323,6.48,0,-2.903136,-1.52094746,0,0,0,0,0,1,0,29,0.000379178,0.00134479965,0,40.5,0
Held-FixedSingle-F,324,6.5,0,-2.903136,-1.52094746,0,0,0,0,0,1,0,29,0.0003603794,0.00124009058,0,40.5,0
Held-FixedSingle-F,325,6.52,0,-2.903136,-1.52094746,0,0,0,0,0,1,0,29,0.000340810046,0.00109059573,0,40.5,0
Held-FixedSingle-F,326,6.54,0,-2.903136,-1.52094746,0,0,0,0,0,1,0,29,0.000320687453,0.0009593238,0,40.5,0
Held-FixedSingle-F,327,6.56,0,-2.903136,-1.52094746,0,0,0,0,0,1,0,29,0.000307488779,0.000836512947,0,40.5,0
Held-FixedSingle-F,328,6.58,0,-2.903136,-1.52094746,0,0,0,0,0,1,0,29,0.000302832428,0.00078510103,0,40.5,0
Held-FixedSingle-F,329,6.6,0,-2.903136,-1.52094746,0,0,0,0,0,1,0,29,0.000293428457,0.000755726243,0,40.5,0
Held-FixedSingle-F,330,6.62,0,-2.903136,-1.52094746,0,0,0,0,0,1,0,29,0.000288231,0.000771249935,0,40.5,0
Held-FixedSingle-F,331,6.64,0,-2.903136,-1.52094746,0,0,0,0,0,1,0,29,0.000269858749,0.000773721549,0,40.5,0
Held-FixedSingle-F,332,6.66,0,-2.903136,-1.52094746,0,0,0,0,0,1,0,29,0.00027052447,0.000729886466,0,40.5,0
Held-FixedSingle-F,333,6.68,0,-2.903136,-1.52094746,0,0,0,0,0,1,0,29,0.000264661066,0.00071868574,0,40.5,0
Held-FixedSingle-F,334,6.7,0,-2.903136,-1.52094746,0,0,0,0,0,1,0,29,0.0002579289,0.00070874,0,40.5,0
Held-FixedSingle-F,335,6.72,0,-2.903136,-1.52094746,0,0,0,0,0,1,0,29,0.000255564839,0.000734672532,0,40.5,0
Held-FixedSingle-F,336,6.74,0,-2.903136,-1.52094746,0,0,0,0,0,1,0,29,0.000263801659,0.0007312034,0,40.5,0
Held-FixedSingle-F,337,6.75999975,0,-2.903136,-1.52094746,0,0,0,0,0,1,0,29,0.0002625187,0.00072455284,0,40.5,0
Held-FixedSingle-F,338,6.77999973,0,-2.903136,-1.52094746,0,0,0,0,0,1,0,29,0.0002568174,0.000746403646,0,40.5,0
Held-FixedSingle-F,339,6.79999971,0,-2.903136,-1.52094746,0,0,0,0,0,1,0,29,0.000257600477,0.000707641651,0,40.5,0
Held-FixedSingle-F,340,6.81999969,0,-2.903136,-1.52094746,0,0,0,0,0,1,0,29,0.0002537499,0.000720521261,0,40.5,0
Held-FixedSingle-F,341,6.83999968,0,-2.903136,-1.52094746,0,0,0,0,0,1,0,29,0.000241185873,0.0006878011,0,40.5,0
Held-FixedSingle-F,342,6.85999966,0,-2.903136,-1.52094746,0,0,0,0,0,1,0,29,0.0002406255,0.0006720848,0,40.5,0
Held-FixedSingle-F,343,6.87999964,0,-2.903136,-1.52094746,0,0,0,0,0,1,0,29,0.000230836333,0.0006809739,0,40.5,0
Held-FixedSingle-F,344,6.89999962,0,-2.903136,-1.52094746,0,0,0,0,0,1,0,29,0.000237217057,0.000669062,0,40.5,0
Held-FixedSingle-F,345,6.92,0,-2.903136,-1.52094746,0,0,0,0,0,1,0,29,0.00022866948,0.000680391269,0,40.5,0
Held-FixedSingle-F,346,6.94,0,-2.903136,-1.52094746,0,0,0,0,0,1,0,29,0.000224557953,0.0006775094,0,40.5,0
Held-FixedSingle-F,347,6.96,0,-2.903136,-1.52094746,0,0,0,0,0,1,0,29,0.000220826623,0.0006759387,0,40.5,0
Held-FixedSingle-F,348,6.98,0,-2.903136,-1.52094746,0,0,0,0,0,1,0,29,0.00021732258,0.0006761571,0,40.5,0
Held-FixedSingle-F,349,7,0,-2.903136,-1.52094746,0,0,0,0,0,1,0,29,0.0002094094,0.0006850226,0,40.5,0
Held-FixedSingle-F,350,7.02,0,-2.903136,-1.52094746,0,0,0,0,0,1,0,29,0.0002046689,0.0006839325,0,40.5,0
Held-FixedSingle-F,351,7.04,0,-2.903136,-1.52094746,0,0,0,0,0,1,0,29,0.00019755929,0.000693281239,0,40.5,0
Held-FixedSingle-F,352,7.06,0,-2.903136,-1.52094746,0,0,0,0,0,1,0,29,0.000196858586,0.000693928567,0,40.5,0
Held-FixedSingle-F,353,7.08,0,-2.903136,-1.52094746,0,0,0,0,0,1,0,29,0.0001962001,0.000682051352,0,40.5,0
Held-FixedSingle-F,354,7.1,0,-2.903136,-1.52094746,0,0,0,0,0,1,0,29,0.00018781572,0.0006659837,0,40.5,0
Held-FixedSingle-F,355,7.12,0,-2.903136,-1.52094746,0,0,0,0,0,1,0,29,0.000190812963,0.0007115347,0,40.5,0
Held-FixedSingle-F,356,7.14,0,-2.903136,-1.52094746,0,0,0,0,0,1,0,29,0.0001818923,0.000697388,0,40.5,0
Held-FixedSingle-F,357,7.16,0,-2.903136,-1.52094746,0,0,0,0,0,1,0,29,0.000171644686,0.000718132,0,40.5,0
Held-FixedSingle-F,358,7.18,0,-2.903136,-1.52094746,0,0,0,0,0,1,0,29,0.000163716832,0.0006940282,0,40.5,0
Held-FixedSingle-F,359,7.2,0,-2.903136,-1.52094746,0,0,0,0,0,1,0,29,0.000175204492,0.0007038552,0,40.5,0
Held-FixedSingle-F,360,7.22,0,-2.903136,-1.52094746,0,0,0,0,0,1,0,29,0.000173411754,0.00071411056,0,40.5,0
Held-FixedSingle-F,361,7.24,0,-2.903136,-1.52094746,0,0,0,0,0,1,0,29,0.000173917535,0.0006890462,0,40.5,0
Held-FixedSingle-F,362,7.25999975,0,-2.903136,-1.52094746,0,0,0,0,0,1,0,29,0.000169731225,0.00067573163,0,40.5,0
Held-FixedSingle-F,363,7.27999973,0,-2.903136,-1.52094746,0,0,0,0,0,1,0,29,0.000163717166,0.0006867459,0,40.5,0
Held-FixedSingle-F,364,7.29999971,0,-2.903136,-1.52094746,0,0,0,0,0,1,0,29,0.00015979787,0.0006851816,0,40.5,0
Held-FixedSingle-F,365,7.31999969,0,-2.903136,-1.52094746,0,0,0,0,0,1,0,29,0.000159166768,0.0006863681,0,40.5,0
Held-FixedSingle-F,366,7.33999968,0,-2.903136,-1.52094746,0,0,0,0,0,1,0,29,0.000158757743,0.0007356341,0,40.5,0
Held-FixedSingle-F,367,7.35999966,0,-2.903136,-1.52094746,0,0,0,0,0,1,0,29,0.000155440925,0.0007025374,0,40.5,0
Held-FixedSingle-F,368,7.37999964,0,-2.903136,-1.52094746,0,0,0,0,0,1,0,29,0.0001520664,0.00069930515,0,40.5,0
Held-FixedSingle-F,369,7.39999962,0,-2.903136,-1.52094746,0,0,0,0,0,1,0,29,0.00014872734,0.0006746719,0,40.5,0
Held-FixedSingle-F,370,7.4199996,0,-2.903136,-1.52094746,0,0,0,0,0,1,0,29,0.000147649043,0.000685815234,0,40.5,0
Held-FixedSingle-F,371,7.44,0,-2.903136,-1.52094746,0,0,0,0,0,1,0,29,0.000144123653,0.0006742976,0,40.5,0
Held-FixedSingle-F,372,7.46,0,-2.903136,-1.52094746,0,0,0,0,0,1,0,29,0.000146679231,0.0006832935,0,40.5,0
Held-FixedSingle-F,373,7.48,0,-2.903136,-1.52094746,0,0,0,0,0,1,0,29,0.000137758238,0.0006949186,0,40.5,0
Held-FixedSingle-F,374,7.5,0,-2.903136,-1.52094746,0,0,0,0,0,1,0,29,0.000139909447,0.0006812527,0,40.5,0
Held-FixedSingle-F,375,7.52,0,-2.903136,-1.52094746,0,0,0,0,0,1,0,29,0.000142914185,0.0006928782,0,40.5,0
Held-FixedSingle-F,376,7.54,0,-2.903136,-1.52094746,0,0,0,0,0,1,0,29,0.000140505319,0.000680526136,0,40.5,0
Held-FixedSingle-F,377,7.56,0,-2.903136,-1.52094746,0,0,0,0,0,1,0,29,0.000141037526,0.000688685162,0,40.5,0
Held-FixedSingle-F,378,7.58,0,-2.903136,-1.52094746,0,0,0,0,0,1,0,29,0.000133215013,0.0006639308,0,40.5,0
Held-FixedSingle-F,379,7.6,0,-2.903136,-1.52094746,0,0,0,0,0,1,0,29,0.0001375851,0.0006982149,0,40.5,0
Held-FixedSingle-F,380,7.62,0,-2.903136,-1.52094746,0,0,0,0,0,1,0,29,0.000127966545,0.0006753127,0,40.5,0
Held-FixedSingle-F,381,7.64,0,-2.903136,-1.52094746,0,0,0,0,0,1,0,29,0.000127246487,0.000708883163,0,40.5,0
Held-FixedSingle-F,382,7.66,0,-2.903136,-1.52094746,0,0,0,0,0,1,0,29,0.000119163073,0.0006991669,0,40.5,0
Held-FixedSingle-F,383,7.68,0,-2.903136,-1.52094746,0,0,0,0,0,1,0,29,0.000124609651,0.000698329241,0,40.5,0
Held-FixedSingle-F,384,7.7,0,-2.903136,-1.52094746,0,0,0,0,0,1,0,29,0.0001179658,0.0006361138,0,40.5,0
Held-FixedSingle-F,385,7.72,0,-2.903136,-1.52094746,0,0,0,0,0,1,0,29,0.000127551481,0.0006703998,0,40.5,0
Held-FixedSingle-F,386,7.74,0,-2.903136,-1.52094746,0,0,0,0,0,1,0,29,0.000111566987,0.000670157955,0,40.5,0
Held-FixedSingle-F,387,7.75999975,0,-2.903136,-1.52094746,0,0,0,0,0,1,0,29,0.000124654733,0.0007176292,0,40.5,0
Held-FixedSingle-F,388,7.77999973,0,-2.903136,-1.52094746,0,0,0,0,0,1,0,29,0.000114793445,0.000661400962,0,40.5,0
Held-FixedSingle-F,389,7.79999971,0,-2.903136,-1.52094746,0,0,0,0,0,1,0,29,0.000107099528,0.000646622968,0,40.5,0
Held-FixedSingle-F,390,7.81999969,0,-2.903136,-1.52094746,0,0,0,0,0,1,0,29,0.0001211196,0.00066088367,0,40.5,0
Held-FixedSingle-F,391,7.83999968,0,-2.903136,-1.52094746,0,0,0,0,0,1,0,29,0.000107258544,0.0006348282,0,40.5,0
Held-FixedSingle-F,392,7.85999966,0,-2.903136,-1.52094746,0,0,0,0,0,1,0,29,9.986702E-05,0.0005942583,0,40.5,0
Held-FixedSingle-F,393,7.87999964,0,-2.903136,-1.52094746,0,0,0,0,0,1,0,29,0.000113876835,0.0006536842,0,40.5,0
Held-FixedSingle-F,394,7.89999962,0,-2.903136,-1.52094746,0,0,0,0,0,1,0,29,0.000102875456,0.0005999361,0,40.5,0
Held-FixedSingle-F,395,7.9199996,0,-2.903136,-1.52094746,0,0,0,0,0,1,0,29,0.000105820975,0.0005999361,0,40.5,0
Held-FixedSingle-F,396,7.94,0,-2.903136,-1.52094746,0,0,0,0,0,1,0,29,8.86537746E-05,0.000561,0,40.5,0
Held-FixedSingle-F,397,7.96,0,-2.903136,-1.52094746,0,0,0,0,0,1,0,29,0.000106383312,0.0005754188,0,40.5,0
Held-FixedSingle-F,398,7.98,0,-2.903136,-1.52094746,0,0,0,0,0,1,0,29,9.517634E-05,0.000549423858,0,40.5,0
Held-FixedSingle-F,399,8,0,-2.903136,-1.52094746,0,0,0,0,0,1,0,29,0.000104079678,0.0005348325,0,40.5,0
